{
"type": "FeatureCollection",
"name": "0609",
"crs": { "type": "name", "properties": { "name": "urn:ogc:def:crs:OGC:1.3:CRS84" } },
"features": [
{ "type": "Feature", "properties": { "fid": 1.0, "cat": 2, "VULNERABIL": 2.0, "CLAVE_ACUI": "0609", "NOM_ACUIF": "SANTIAGO-SALAGUA" }, "geometry": { "type": "MultiPolygon", "coordinates": [ [ [ [ -104.250572755312476, 19.22326910511222 ], [ -104.251120404281423, 19.223654281656003 ], [ -104.251406255616331, 19.223820947393612 ], [ -104.251818548120951, 19.223894352029571 ], [ -104.252268245140414, 19.223852133549151 ], [ -104.253668681827307, 19.223415038512741 ], [ -104.254107950191425, 19.223311774145653 ], [ -104.254757436655836, 19.223266974061875 ], [ -104.255246006771543, 19.223306238120202 ], [ -104.256876517395099, 19.223534263157752 ], [ -104.257348784310082, 19.223629371124847 ], [ -104.257922183847398, 19.223845190928824 ], [ -104.258269059402622, 19.224058397450712 ], [ -104.258271726119943, 19.224060385064007 ], [ -104.25931441754895, 19.224837539016146 ], [ -104.259575404408835, 19.225111394698182 ], [ -104.259747979508404, 19.225610249683729 ], [ -104.259733527670505, 19.226049044258641 ], [ -104.25949350700715, 19.227597896943415 ], [ -104.25946309132182, 19.228016293880653 ], [ -104.25956117544159, 19.228419960643294 ], [ -104.259731711740088, 19.22857823040658 ], [ -104.260787551486317, 19.229772772655181 ], [ -104.258799006422095, 19.232337994454344 ], [ -104.247742673498479, 19.225875490354294 ], [ -104.244079075051175, 19.223734091379587 ], [ -104.24449498484114, 19.22358842697837 ], [ -104.24470568231699, 19.223500615519253 ], [ -104.244977695975663, 19.223365503471683 ], [ -104.245256867888514, 19.223217864479313 ], [ -104.245499296625042, 19.22306956417459 ], [ -104.24567066372876, 19.222936350473621 ], [ -104.245875240710006, 19.222767045385698 ], [ -104.246117965386176, 19.222556316940906 ], [ -104.246514931059906, 19.222120414636009 ], [ -104.247078578401002, 19.22153212664908 ], [ -104.247498864787516, 19.221288164029261 ], [ -104.248172776452236, 19.221362096155637 ], [ -104.248715224028516, 19.221711675649427 ], [ -104.250572755312476, 19.22326910511222 ] ] ] ] } },
{ "type": "Feature", "properties": { "fid": 2.0, "cat": 1, "VULNERABIL": 1.0, "CLAVE_ACUI": "0609", "NOM_ACUIF": "SANTIAGO-SALAGUA" }, "geometry": { "type": "MultiPolygon", "coordinates": [ [ [ [ -104.148729235241518, 19.143620687161132 ], [ -104.148842835668589, 19.143023092812747 ], [ -104.148896280308321, 19.142335417044013 ], [ -104.148859030252041, 19.141950617541969 ], [ -104.148817113643403, 19.141746259657776 ], [ -104.148809737957833, 19.141480477852156 ], [ -104.148691086570395, 19.141131831543618 ], [ -104.148631754015682, 19.140842562172292 ], [ -104.148556649434155, 19.140538918116874 ], [ -104.148433436232068, 19.1402299680285 ], [ -104.14833252187924, 19.140092254796969 ], [ -104.147984802017376, 19.139758542810029 ], [ -104.147798054584996, 19.139671263287784 ], [ -104.147274285900735, 19.139597670315897 ], [ -104.146712792348552, 19.139579815722829 ], [ -104.144616258241896, 19.139570073644844 ], [ -104.144043859231388, 19.139592825558534 ], [ -104.143469196739929, 19.139708756634235 ], [ -104.143220649046569, 19.139851621761498 ], [ -104.142635420388444, 19.140402394480827 ], [ -104.142504140469427, 19.140622052965384 ], [ -104.142476731731293, 19.141096354395891 ], [ -104.142568856999915, 19.141554269437496 ], [ -104.143026188943907, 19.143216904234038 ], [ -104.142873891355322, 19.143861031051628 ], [ -104.142873890739679, 19.14386103175962 ], [ -104.142781109034246, 19.144253438413543 ], [ -104.135538972794564, 19.140592597664043 ], [ -104.14437675597334, 19.127540538160098 ], [ -104.156668500556876, 19.109387503799951 ], [ -104.168141158436129, 19.114744388825734 ], [ -104.189112293920019, 19.124551451386498 ], [ -104.192638793695963, 19.11608785372794 ], [ -104.215752735056768, 19.114767319234776 ], [ -104.233515758267245, 19.141324510087998 ], [ -104.274632452120073, 19.136249139715279 ], [ -104.297944647131459, 19.107720697476768 ], [ -104.298200324687869, 19.10740781049223 ], [ -104.298331522246571, 19.107247256671648 ], [ -104.298495161177058, 19.107047002522521 ], [ -104.298581416142085, 19.107065678266252 ], [ -104.298680222026675, 19.107087071508701 ], [ -104.29874467545784, 19.107109835777166 ], [ -104.298808777454809, 19.10713827540987 ], [ -104.298862718644415, 19.107166240003888 ], [ -104.298927195590693, 19.107213946797781 ], [ -104.298996694485567, 19.107271358928323 ], [ -104.299051263359956, 19.107320401047478 ], [ -104.299125186817037, 19.107397544353436 ], [ -104.299144054800522, 19.107421174749028 ], [ -104.299171889174445, 19.107456034724649 ], [ -104.299188713233178, 19.107477105285117 ], [ -104.299206664489859, 19.107503724272259 ], [ -104.299573764659343, 19.108064257329918 ], [ -104.300647354635714, 19.109711739629244 ], [ -104.300914245189233, 19.110069701500283 ], [ -104.301235564835125, 19.110430809174723 ], [ -104.30163617990857, 19.110800654839764 ], [ -104.302026783716116, 19.111131654496351 ], [ -104.302511272164708, 19.111590180459338 ], [ -104.302917297164512, 19.111970652017046 ], [ -104.303301167402054, 19.112285142131153 ], [ -104.303752474964128, 19.112613228182038 ], [ -104.304185929018686, 19.11289028496784 ], [ -104.305277657105336, 19.113588091311485 ], [ -104.305611890981126, 19.113801723134674 ], [ -104.306219999231587, 19.114170016696001 ], [ -104.306967093931078, 19.114552387243187 ], [ -104.307426262361446, 19.114730338018362 ], [ -104.308821956303674, 19.115178399911692 ], [ -104.30926504317209, 19.115366452484643 ], [ -104.309921105369881, 19.115780664182751 ], [ -104.310454060047391, 19.116221523597964 ], [ -104.312194584309253, 19.117777891402014 ], [ -104.31259565007656, 19.11822800904238 ], [ -104.312769042967659, 19.118500730577598 ], [ -104.312818304898499, 19.118629830810104 ], [ -104.312837558953149, 19.118774934253647 ], [ -104.312807263431239, 19.118955978765889 ], [ -104.312734584203255, 19.119104967057069 ], [ -104.312535821017946, 19.119391485064462 ], [ -104.312290924970512, 19.119744502081854 ], [ -104.311978402552128, 19.120203358594253 ], [ -104.311848353590165, 19.120458907655777 ], [ -104.31169576438073, 19.121146282550043 ], [ -104.311661102112325, 19.121768014983303 ], [ -104.311651934123844, 19.123982057916987 ], [ -104.311595731246499, 19.124639292912903 ], [ -104.31134261824694, 19.125492346644098 ], [ -104.31103722978412, 19.126053759386902 ], [ -104.309865182916568, 19.127820626884862 ], [ -104.309640281744265, 19.128316255492923 ], [ -104.309762805631223, 19.128862326658513 ], [ -104.310162743278923, 19.129146799297555 ], [ -104.311906604858237, 19.12992825740163 ], [ -104.312429494577984, 19.13022843517416 ], [ -104.313125777953232, 19.130847814915072 ], [ -104.313597579933358, 19.131432465593523 ], [ -104.315103058876929, 19.133541450162468 ], [ -104.3154356509026, 19.134166244562753 ], [ -104.315482245366439, 19.134972974205201 ], [ -104.315216213310606, 19.135500650806296 ], [ -104.313928119977859, 19.137156405866886 ], [ -104.313443276054045, 19.137566346313964 ], [ -104.312468778425128, 19.137823649619698 ], [ -104.311561485430417, 19.137781282695748 ], [ -104.308301962851488, 19.137326235517779 ], [ -104.307459237036156, 19.13719259139431 ], [ -104.306786027984472, 19.137023999280473 ], [ -104.306667025449954, 19.136916800713152 ], [ -104.306784888164017, 19.136585134256393 ], [ -104.306788878052544, 19.136483482716805 ], [ -104.306689635218632, 19.136340775353638 ], [ -104.306543870013101, 19.136238559138334 ], [ -104.305962876563768, 19.135904256450168 ], [ -104.305757918825435, 19.13588823280341 ], [ -104.305397501708853, 19.136137349075902 ], [ -104.305111855978069, 19.136477153061527 ], [ -104.304057539139691, 19.137912312051522 ], [ -104.303745695419124, 19.138300853126008 ], [ -104.303542837193348, 19.138492121595711 ], [ -104.303344751651522, 19.138678889396775 ], [ -104.303141892502452, 19.138870157387068 ], [ -104.30290601894049, 19.138998040823171 ], [ -104.302206220381464, 19.139216793319797 ], [ -104.301863888623842, 19.139222271560403 ], [ -104.300966141406164, 19.139029083218677 ], [ -104.300025979977036, 19.138747618167343 ], [ -104.296536335676919, 19.137627266173421 ], [ -104.295596449097815, 19.137284780082517 ], [ -104.294699929381125, 19.136806900466329 ], [ -104.294359071274442, 19.136466704870791 ], [ -104.293664922158086, 19.13535700611871 ], [ -104.29346290983699, 19.135068175378915 ], [ -104.293415561183167, 19.135022808406092 ], [ -104.293237600261378, 19.13494756921185 ], [ -104.292655696766531, 19.13483462854057 ], [ -104.292461669761181, 19.134764410130355 ], [ -104.292138113893444, 19.134549665658351 ], [ -104.291869918736808, 19.134313106104688 ], [ -104.290941902723176, 19.133423903624205 ], [ -104.290673146808047, 19.133319506475893 ], [ -104.290346961553652, 19.133721524572319 ], [ -104.290149736789246, 19.134400233346401 ], [ -104.289555527808304, 19.137165521201371 ], [ -104.289443522180065, 19.137925891019218 ], [ -104.28951505152942, 19.138708997657734 ], [ -104.289729243687731, 19.139067351549791 ], [ -104.290657283446208, 19.139956560416632 ], [ -104.290887937563255, 19.140218393584814 ], [ -104.291036278000817, 19.140551075469411 ], [ -104.291017538130802, 19.140764502361623 ], [ -104.29078174342294, 19.141427812459696 ], [ -104.290757676244837, 19.141636135429479 ], [ -104.290881158917784, 19.141944999392027 ], [ -104.291081630448346, 19.142177910487359 ], [ -104.291893685935818, 19.14295596294836 ], [ -104.292244007709471, 19.143169116725723 ], [ -104.293066783923294, 19.143385781764309 ], [ -104.293891856888621, 19.143482146895092 ], [ -104.296919426028893, 19.143715157882767 ], [ -104.29774991660301, 19.143796276567858 ], [ -104.298597964902271, 19.143941847210947 ], [ -104.298978971612897, 19.144068689098479 ], [ -104.299908956757065, 19.144515046838798 ], [ -104.300177536848139, 19.144666874674254 ], [ -104.30050092297472, 19.144929049275827 ], [ -104.300694323077522, 19.145151756744397 ], [ -104.301273473393991, 19.145928882950031 ], [ -104.301434612295424, 19.146192133590411 ], [ -104.301607440813342, 19.146643511322399 ], [ -104.301693199678638, 19.147025086089357 ], [ -104.301920580641109, 19.148354390480641 ], [ -104.302022451486792, 19.148720776311396 ], [ -104.302270466492672, 19.149101272489283 ], [ -104.302522902901217, 19.149278452392018 ], [ -104.30345292690123, 19.149724793176443 ], [ -104.303710778361761, 19.149886742063366 ], [ -104.303984058680982, 19.150196165292463 ], [ -104.304116607611775, 19.150476249809945 ], [ -104.304461890761317, 19.151473887516389 ], [ -104.304594526653702, 19.1517336387551 ], [ -104.304868209027362, 19.151948173638583 ], [ -104.305126547744848, 19.151994900576248 ], [ -104.306058445744611, 19.151998422103361 ], [ -104.306311754734921, 19.151968878588463 ], [ -104.3065619649783, 19.151827489977592 ], [ -104.306666099071776, 19.151655050003328 ], [ -104.306901846991551, 19.150991718702144 ], [ -104.307016720368281, 19.150809152349979 ], [ -104.307317048991777, 19.150620507276109 ], [ -104.3076312164592, 19.15053358027043 ], [ -104.308797001391454, 19.150316561746198 ], [ -104.309116199053491, 19.150305900933365 ], [ -104.30944000531656, 19.150473173213378 ], [ -104.309583388407731, 19.150722794809315 ], [ -104.30992870523994, 19.151720423265942 ], [ -104.310055895438737, 19.152005566964029 ], [ -104.31030413105735, 19.152338609286815 ], [ -104.310531563257157, 19.152529240177504 ], [ -104.311344680654472, 19.153085806768456 ], [ -104.311588309555376, 19.153240913829826 ], [ -104.311912124085737, 19.153408181957502 ], [ -104.312131087173213, 19.153492029412373 ], [ -104.312829101173136, 19.153716048165776 ], [ -104.313032291814991, 19.153733752357265 ], [ -104.313282499362614, 19.153592354525539 ], [ -104.313436747679177, 19.153372653496149 ], [ -104.313906362752178, 19.152488779199075 ], [ -104.314071180970672, 19.152299616984163 ], [ -104.314370720707501, 19.152300734856453 ], [ -104.314633817238899, 19.152491493863121 ], [ -104.315562067340196, 19.153380582273758 ], [ -104.315899801037759, 19.153632617457752 ], [ -104.316547636885431, 19.153919694600503 ], [ -104.317135383093628, 19.15407776855595 ], [ -104.319230368865945, 19.154528356918973 ], [ -104.319780989577552, 19.154610035019445 ], [ -104.320255559530537, 19.154540624676859 ], [ -104.320382895147986, 19.154359790247891 ], [ -104.320502557541161, 19.153585307233101 ], [ -104.32049123528661, 19.153302293252089 ], [ -104.320365977386729, 19.152905640201698 ], [ -104.320203461032889, 19.1526048124393 ], [ -104.319509072048831, 19.151495205675456 ], [ -104.319317984778237, 19.151135275875372 ], [ -104.319120628414709, 19.150565211614094 ], [ -104.319065215882105, 19.150288030813932 ], [ -104.318918574432871, 19.149981574181695 ], [ -104.318721220692254, 19.149411509505281 ], [ -104.318679709737964, 19.14909957791663 ], [ -104.318683344783281, 19.148213961918398 ], [ -104.318780944310518, 19.147892379281259 ], [ -104.319232771790027, 19.147277275596231 ], [ -104.31978063729575, 19.146720137233515 ], [ -104.321885487013702, 19.144735246817902 ], [ -104.322449360476142, 19.14418324226768 ], [ -104.322975948512124, 19.143592126274424 ], [ -104.323164346289317, 19.143299680812731 ], [ -104.323516948113735, 19.142526051815722 ], [ -104.3237262412635, 19.142355682736738 ], [ -104.324350342806113, 19.142334255253498 ], [ -104.325032624697883, 19.142474011734219 ], [ -104.327592518659614, 19.1431476161295 ], [ -104.328274807007062, 19.143287360749735 ], [ -104.328898911991644, 19.143265917914647 ], [ -104.329108200784717, 19.143095542581175 ], [ -104.329460774834089, 19.142321901305664 ], [ -104.329542146648038, 19.142039225215868 ], [ -104.329569309640249, 19.141493711890956 ], [ -104.329526742523299, 19.140997083251584 ], [ -104.329300935674965, 19.139224995999648 ], [ -104.329258287599231, 19.138748700305531 ], [ -104.329285067436444, 19.138298074584867 ], [ -104.329365972110949, 19.138130619235291 ], [ -104.329716746686302, 19.137799786236961 ], [ -104.32982945433946, 19.137703613451002 ], [ -104.330004649511054, 19.137585640447316 ], [ -104.330142220685161, 19.137513280342731 ], [ -104.330609023743989, 19.137293572219725 ], [ -104.330783726409095, 19.137297597016946 ], [ -104.331132203799854, 19.137536087886247 ], [ -104.331455327076981, 19.137872764012524 ], [ -104.332614768927129, 19.139205424572861 ], [ -104.332959251732603, 19.13955234239074 ], [ -104.333407386029435, 19.13983863522008 ], [ -104.333703094056233, 19.139900707282074 ], [ -104.334634929719854, 19.139904081848638 ], [ -104.33492038914531, 19.139854281165626 ], [ -104.334935385701073, 19.139845448435789 ], [ -104.335320696668944, 19.139618505724897 ], [ -104.335607104424824, 19.139331484318873 ], [ -104.336543359500254, 19.138227823882687 ], [ -104.336829762727973, 19.13794080039289 ], [ -104.337230062976602, 19.13770502052537 ], [ -104.33751551795639, 19.137655215663813 ], [ -104.33752891616345, 19.137655263935155 ], [ -104.338447341744342, 19.137658570531041 ], [ -104.338705790850867, 19.137674750259624 ], [ -104.338980062927391, 19.137746903414573 ], [ -104.339113431140078, 19.137833799849808 ], [ -104.339461544752083, 19.138167163255066 ], [ -104.339551963855897, 19.138294571931624 ], [ -104.339625805346728, 19.138555782714057 ], [ -104.339640873998235, 19.138801532328415 ], [ -104.339637352629737, 19.139687153045784 ], [ -104.339571647242906, 19.140069863073283 ], [ -104.339268541506982, 19.140970222119964 ], [ -104.33890123546557, 19.141873738542486 ], [ -104.337490213087733, 19.145189781559633 ], [ -104.337122319075462, 19.146235625167058 ], [ -104.336816534284353, 19.147800193402698 ], [ -104.336747595906388, 19.148989447942615 ], [ -104.336731669654029, 19.152974733745321 ], [ -104.336716623739036, 19.154062515185021 ], [ -104.33666233754424, 19.155153543722747 ], [ -104.336599831783289, 19.155624374547006 ], [ -104.336362422940084, 19.15673055629896 ], [ -104.336268390346632, 19.157058939423052 ], [ -104.336066981839537, 19.157485212409672 ], [ -104.33587328776315, 19.157765790557775 ], [ -104.335170786644824, 19.158648880608155 ], [ -104.334987828734583, 19.158919329884618 ], [ -104.33483653041894, 19.159298338179195 ], [ -104.334803348288105, 19.159569329485841 ], [ -104.334799796975787, 19.160454947334514 ], [ -104.334857367755149, 19.160772017284355 ], [ -104.335129583972318, 19.161366059021411 ], [ -104.335460895106493, 19.161897619663936 ], [ -104.336734813706983, 19.163784189422881 ], [ -104.337014490067162, 19.16416188766155 ], [ -104.337098393220828, 19.164275197054565 ], [ -104.337521162929434, 19.164680000748422 ], [ -104.33776153855554, 19.164767284425256 ], [ -104.338460520582544, 19.164769803505738 ], [ -104.338690360322303, 19.164816381310956 ], [ -104.339063964278353, 19.1650312264895 ], [ -104.339367845172021, 19.165291570199987 ], [ -104.340412359103297, 19.166291659340303 ], [ -104.340705222240942, 19.166633294797741 ], [ -104.341027396674647, 19.167227507578271 ], [ -104.341194782540057, 19.167734747771348 ], [ -104.341653746376224, 19.169507655491518 ], [ -104.341783062236132, 19.169917749432077 ], [ -104.341963808525549, 19.170160564068254 ], [ -104.343007490876829, 19.171382043857257 ], [ -104.343450250399229, 19.171700489193682 ], [ -104.344472771962998, 19.171965087659927 ], [ -104.345490756851888, 19.172024636226453 ], [ -104.349218831219162, 19.172037888520506 ], [ -104.350231608990882, 19.172061808976814 ], [ -104.351229829852528, 19.17216022815775 ], [ -104.351264589355296, 19.172170042595244 ], [ -104.351272586905765, 19.172170545933124 ], [ -104.351643081997892, 19.172276910495757 ], [ -104.352573373431696, 19.172723009381098 ], [ -104.352933131725749, 19.172839500218391 ], [ -104.35368170981522, 19.172937026188229 ], [ -104.354391348586518, 19.172959856426026 ], [ -104.356954418374997, 19.17296885168258 ], [ -104.357637526632629, 19.172935659600327 ], [ -104.358262293797566, 19.172771788366973 ], [ -104.358471709792667, 19.172570880635465 ], [ -104.358824215927896, 19.171797183261273 ], [ -104.358884195195245, 19.171504252723029 ], [ -104.358811594637444, 19.170910941395672 ], [ -104.358647901365657, 19.170356284227903 ], [ -104.357956609397291, 19.168361193922614 ], [ -104.357787709598497, 19.167770934294147 ], [ -104.357690793295163, 19.16701148116093 ], [ -104.357721240068457, 19.166516807844975 ], [ -104.357960237853618, 19.16496778513168 ], [ -104.358129766717596, 19.164473597759056 ], [ -104.358681903522751, 19.163716412024129 ], [ -104.35930113868902, 19.163128903755286 ], [ -104.361638735241456, 19.161144366061734 ], [ -104.362290163063747, 19.160526458744641 ], [ -104.362992592196193, 19.159627446446297 ], [ -104.363344636229584, 19.158961051914456 ], [ -104.364285068220823, 19.156750221198529 ], [ -104.364503042178313, 19.156169777221884 ], [ -104.364579837376624, 19.155671873018981 ], [ -104.364471572333841, 19.155541025513731 ], [ -104.363889541091822, 19.155428306962797 ], [ -104.363684837476612, 19.155337792022948 ], [ -104.363682957987294, 19.155336232632077 ], [ -104.363663480163851, 19.155327551326355 ], [ -104.3631905611402, 19.154970077301957 ], [ -104.362741025114104, 19.154560155095496 ], [ -104.361116126596031, 19.15300465118635 ], [ -104.360738688556594, 19.152684683103079 ], [ -104.360492255124129, 19.152647775178632 ], [ -104.359094387176569, 19.152642905012371 ], [ -104.35869335092282, 19.152605922302172 ], [ -104.358219716697036, 19.152438212216598 ], [ -104.358211531033746, 19.152432194319609 ], [ -104.357944133029093, 19.152235609491523 ], [ -104.35713171415847, 19.151457838833824 ], [ -104.356856763803478, 19.151092569163865 ], [ -104.356386079508923, 19.150165749418889 ], [ -104.355988626485427, 19.14920699051261 ], [ -104.354788158696138, 19.146130169857528 ], [ -104.354604561523146, 19.14565959662016 ], [ -104.354244629231758, 19.144685715662483 ], [ -104.353948977587777, 19.143688337563091 ], [ -104.353886547191536, 19.143237393217174 ], [ -104.353890854758106, 19.142130364578215 ], [ -104.353935041479176, 19.1417712954261 ], [ -104.354136937917787, 19.141202667922848 ], [ -104.354381173705534, 19.140749411768031 ], [ -104.355319034353855, 19.139202840690054 ], [ -104.355574039807209, 19.1387292869832 ], [ -104.35582621413478, 19.138065943860031 ], [ -104.355931458438093, 19.137591864804431 ], [ -104.356170422476708, 19.136042838851054 ], [ -104.356168577510275, 19.135598884759727 ], [ -104.355921007532729, 19.135076125185925 ], [ -104.355569182220734, 19.134773279355297 ], [ -104.354174909012556, 19.133882752374245 ], [ -104.353812432264732, 19.133569699148342 ], [ -104.353515139336224, 19.132999317002504 ], [ -104.353452911014017, 19.132497539142076 ], [ -104.353455218828401, 19.131904487461163 ], [ -104.35343485422176, 19.131640080639283 ], [ -104.353335942526215, 19.13140250897408 ], [ -104.353295629925569, 19.13137751520598 ], [ -104.353366453947359, 19.131350088087771 ], [ -104.353441976199974, 19.131184296824809 ], [ -104.35345880566193, 19.130982715629333 ], [ -104.35345980343314, 19.130726291340974 ], [ -104.353483108441267, 19.130234980764754 ], [ -104.35358497276944, 19.1297134460217 ], [ -104.35370718806162, 19.129459706908822 ], [ -104.354175659886081, 19.128797125035447 ], [ -104.354265626335703, 19.128583939240997 ], [ -104.354217000344931, 19.128251654881815 ], [ -104.354057568815747, 19.127990148670698 ], [ -104.353362185369264, 19.127102069207698 ], [ -104.353181363667375, 19.126840487080688 ], [ -104.353032908384435, 19.126507851396667 ], [ -104.353001650694154, 19.1262942398258 ], [ -104.353004236340695, 19.125630021552539 ], [ -104.353021052359267, 19.125431829144325 ], [ -104.353096941379064, 19.125171149514195 ], [ -104.353188538119483, 19.124996942410341 ], [ -104.353208640929026, 19.124965361890755 ], [ -104.353540099265459, 19.124444655113969 ], [ -104.353717185095149, 19.124291081564234 ], [ -104.354192025379973, 19.12412669200214 ], [ -104.354693282711651, 19.124045422301826 ], [ -104.356557641297428, 19.123830542465537 ], [ -104.35708542077019, 19.123805276089488 ], [ -104.357684036079078, 19.123902256559422 ], [ -104.358011421988238, 19.124066067273301 ], [ -104.358940611698031, 19.12473353522596 ], [ -104.359276443484788, 19.124933630524275 ], [ -104.359835649728851, 19.125167044389531 ], [ -104.360319200287122, 19.125403140502549 ], [ -104.360879861941342, 19.125605001752241 ], [ -104.361504277329956, 19.125829814078969 ], [ -104.362046208589732, 19.126024927517928 ], [ -104.362475861038774, 19.126136127832002 ], [ -104.3627294683874, 19.126179134798793 ], [ -104.362800336057589, 19.126181856087168 ], [ -104.362922638833894, 19.126178342560713 ], [ -104.363026819855691, 19.126165060029368 ], [ -104.363253544671664, 19.126131767614801 ], [ -104.363386236315222, 19.126143080788957 ], [ -104.363457016047533, 19.126164343863113 ], [ -104.363553355942258, 19.126208469005736 ], [ -104.363660494078857, 19.126264248860974 ], [ -104.36374926567774, 19.126318668231949 ], [ -104.363935157546038, 19.126452108462708 ], [ -104.364778665477189, 19.127780090980771 ], [ -104.366399561093957, 19.130331890225357 ], [ -104.36693324024823, 19.131103012782308 ], [ -104.367802824211125, 19.132149791321758 ], [ -104.368511408945096, 19.132874065710141 ], [ -104.370948588690823, 19.135207217918037 ], [ -104.371574893579876, 19.135826410735277 ], [ -104.371986468859419, 19.136233308705844 ], [ -104.372674741695278, 19.137068410672164 ], [ -104.365476826767193, 19.147001185622468 ], [ -104.400687340993585, 19.154791121217631 ], [ -104.41221644672531, 19.180497911311367 ], [ -104.427203174655602, 19.189830034198447 ], [ -104.434300821222038, 19.194249685390837 ], [ -104.383760650670652, 19.211698206534031 ], [ -104.346709142792321, 19.245454745586436 ], [ -104.304568093180521, 19.22759363903295 ], [ -104.286706984310911, 19.196336700235243 ], [ -104.260787551486317, 19.229772772655181 ], [ -104.259731711740088, 19.22857823040658 ], [ -104.25956117544159, 19.228419960643294 ], [ -104.25946309132182, 19.228016293880653 ], [ -104.25949350700715, 19.227597896943415 ], [ -104.259733527670505, 19.226049044258641 ], [ -104.259747979508404, 19.225610249683729 ], [ -104.259575404408835, 19.225111394698182 ], [ -104.25931441754895, 19.224837539016146 ], [ -104.258271726119943, 19.224060385064007 ], [ -104.258269059402622, 19.224058397450712 ], [ -104.257922183847398, 19.223845190928824 ], [ -104.257348784310082, 19.223629371124847 ], [ -104.256876517395099, 19.223534263157752 ], [ -104.255246006771543, 19.223306238120202 ], [ -104.254757436655836, 19.223266974061875 ], [ -104.254107950191425, 19.223311774145653 ], [ -104.253668681827307, 19.223415038512741 ], [ -104.252268245140414, 19.223852133549151 ], [ -104.251818548120951, 19.223894352029571 ], [ -104.251406255616331, 19.223820947393612 ], [ -104.251120404281423, 19.223654281656003 ], [ -104.250572755312476, 19.22326910511222 ], [ -104.248715224028516, 19.221711675649427 ], [ -104.248172776452236, 19.221362096155637 ], [ -104.247498864787516, 19.221288164029261 ], [ -104.247078578401002, 19.22153212664908 ], [ -104.246514931059906, 19.222120414636009 ], [ -104.246117965386176, 19.222556316940906 ], [ -104.245875240710006, 19.222767045385698 ], [ -104.24567066372876, 19.222936350473621 ], [ -104.245499296625042, 19.22306956417459 ], [ -104.245256867888514, 19.223217864479313 ], [ -104.244977695975663, 19.223365503471683 ], [ -104.24470568231699, 19.223500615519253 ], [ -104.24449498484114, 19.22358842697837 ], [ -104.244079075051175, 19.223734091379587 ], [ -104.219169672438525, 19.209174370934665 ], [ -104.207169241364383, 19.176801113687386 ], [ -104.168271074077424, 19.157138407660874 ], [ -104.148076247291783, 19.146930087576973 ], [ -104.148177067287691, 19.146184002842055 ], [ -104.148220841193194, 19.145788448617864 ], [ -104.148252536912295, 19.145721783746978 ], [ -104.148729235241518, 19.143620687161132 ] ], [ [ -104.204850634885474, 19.119945773841071 ], [ -104.20431948048666, 19.120304388295271 ], [ -104.204185178187601, 19.120430888630207 ], [ -104.204067121784917, 19.120515098762585 ], [ -104.204059829190797, 19.120548955512803 ], [ -104.20401607355808, 19.120752096003223 ], [ -104.20417926089192, 19.120922243303735 ], [ -104.204991853454601, 19.121479264734734 ], [ -104.205246076692305, 19.121624388214613 ], [ -104.205619856235245, 19.121744611319269 ], [ -104.205899603478656, 19.121771235059757 ], [ -104.206831310868949, 19.121775253663841 ], [ -104.207090152078507, 19.121700120554735 ], [ -104.207366369467167, 19.121345483352684 ], [ -104.207405587543334, 19.121220830333566 ], [ -104.207502124081159, 19.120913992080911 ], [ -104.207859424234329, 19.119255002876837 ], [ -104.207893163646148, 19.119071868756805 ], [ -104.207941771128944, 19.118808031443294 ], [ -104.207968761087173, 19.118381154697076 ], [ -104.207924971759425, 19.118218302261933 ], [ -104.207693632269397, 19.11788520083126 ], [ -104.20759580935939, 19.117839030417265 ], [ -104.207370641193592, 19.117956669904313 ], [ -104.207146794757335, 19.118170896517789 ], [ -104.206402597417082, 19.118971971544156 ], [ -104.204850634885474, 19.119945773841071 ] ] ] ] } },
{ "type": "Feature", "properties": { "fid": 3.0, "cat": 4, "VULNERABIL": 2.0, "CLAVE_ACUI": "0609", "NOM_ACUIF": "SANTIAGO-SALAGUA" }, "geometry": { "type": "MultiPolygon", "coordinates": [ [ [ [ -104.148896280308321, 19.142335417044013 ], [ -104.148842835668589, 19.143023092812747 ], [ -104.148729235241518, 19.143620687161132 ], [ -104.148252536912295, 19.145721783746978 ], [ -104.148220841193194, 19.145788448617864 ], [ -104.148076247291783, 19.146930087576973 ], [ -104.142781109034246, 19.144253438413543 ], [ -104.142873890739679, 19.14386103175962 ], [ -104.142873891355322, 19.143861031051628 ], [ -104.143026188943907, 19.143216904234038 ], [ -104.142568856999915, 19.141554269437496 ], [ -104.142476731731293, 19.141096354395891 ], [ -104.142504140469427, 19.140622052965384 ], [ -104.142635420388444, 19.140402394480827 ], [ -104.143220649046569, 19.139851621761498 ], [ -104.143469196739929, 19.139708756634235 ], [ -104.144043859231388, 19.139592825558534 ], [ -104.144616258241896, 19.139570073644844 ], [ -104.146712792348552, 19.139579815722829 ], [ -104.147274285900735, 19.139597670315897 ], [ -104.147798054584996, 19.139671263287784 ], [ -104.147984802017376, 19.139758542810029 ], [ -104.14833252187924, 19.140092254796969 ], [ -104.148433436232068, 19.1402299680285 ], [ -104.148556649434155, 19.140538918116874 ], [ -104.148631754015682, 19.140842562172292 ], [ -104.148691086570395, 19.141131831543618 ], [ -104.148809737957833, 19.141480477852156 ], [ -104.148817113643403, 19.141746259657776 ], [ -104.148859030252041, 19.141950617541969 ], [ -104.148896280308321, 19.142335417044013 ] ] ] ] } },
{ "type": "Feature", "properties": { "fid": 4.0, "cat": 5, "VULNERABIL": 1.0, "CLAVE_ACUI": "0609", "NOM_ACUIF": "SANTIAGO-SALAGUA" }, "geometry": { "type": "MultiPolygon", "coordinates": [ ] } },
{ "type": "Feature", "properties": { "fid": 5.0, "cat": 6, "VULNERABIL": 2.0, "CLAVE_ACUI": "0609", "NOM_ACUIF": "SANTIAGO-SALAGUA" }, "geometry": { "type": "MultiPolygon", "coordinates": [ [ [ [ -104.371986468859419, 19.136233308705844 ], [ -104.371574893579876, 19.135826410735277 ], [ -104.370948588690823, 19.135207217918037 ], [ -104.368511408945096, 19.132874065710141 ], [ -104.367802824211125, 19.132149791321758 ], [ -104.36693324024823, 19.131103012782308 ], [ -104.366399561093957, 19.130331890225357 ], [ -104.364778665477189, 19.127780090980771 ], [ -104.363935157546038, 19.126452108462708 ], [ -104.36427864240305, 19.126378331313166 ], [ -104.36441961772384, 19.126370180359888 ], [ -104.364571595874395, 19.126361393119566 ], [ -104.365084766777485, 19.126396683649627 ], [ -104.365389853295397, 19.12645713225319 ], [ -104.367829569118541, 19.126859882308757 ], [ -104.36820706071282, 19.126889754011181 ], [ -104.368527327214181, 19.126900085188641 ], [ -104.368753321721215, 19.126881359929492 ], [ -104.368930243135253, 19.126838098123862 ], [ -104.369049051676114, 19.126785150839364 ], [ -104.369147197861992, 19.126693461639384 ], [ -104.369168505915468, 19.126582724330941 ], [ -104.369169797312651, 19.126462301543636 ], [ -104.369146841516113, 19.126360122358768 ], [ -104.369736596896672, 19.126425848404676 ], [ -104.369693805742997, 19.126474051451037 ], [ -104.369671827967579, 19.126505240499956 ], [ -104.369655379280815, 19.126540647241114 ], [ -104.369639044997228, 19.126589072922727 ], [ -104.369623723422549, 19.126677964873178 ], [ -104.369623032723254, 19.126747034801497 ], [ -104.369631016945434, 19.126799299871639 ], [ -104.369648905667589, 19.126852303492878 ], [ -104.369682159145071, 19.126919456146393 ], [ -104.369745760456325, 19.126998877073131 ], [ -104.370531898491436, 19.127603896653337 ], [ -104.370940342207703, 19.127918619500203 ], [ -104.371842639846236, 19.128516002118854 ], [ -104.372423635363887, 19.128820990120261 ], [ -104.373262731685998, 19.12922689797162 ], [ -104.374436579578457, 19.129637558347021 ], [ -104.374931700496177, 19.129768020665864 ], [ -104.375935615495052, 19.130055986950165 ], [ -104.376496678472805, 19.13018293410245 ], [ -104.37745876388702, 19.130466691109969 ], [ -104.372674741695278, 19.137068410672164 ], [ -104.371986468859419, 19.136233308705844 ] ] ] ] } },
{ "type": "Feature", "properties": { "fid": 6.0, "cat": 8, "VULNERABIL": 3.0, "CLAVE_ACUI": "0609", "NOM_ACUIF": "SANTIAGO-SALAGUA" }, "geometry": { "type": "MultiPolygon", "coordinates": [ [ [ [ -104.370531898491436, 19.127603896653337 ], [ -104.369745760456325, 19.126998877073131 ], [ -104.369682159145071, 19.126919456146393 ], [ -104.369648905667589, 19.126852303492878 ], [ -104.369631016945434, 19.126799299871639 ], [ -104.369623032723254, 19.126747034801497 ], [ -104.369623723422549, 19.126677964873178 ], [ -104.369639044997228, 19.126589072922727 ], [ -104.369655379280815, 19.126540647241114 ], [ -104.369671827967579, 19.126505240499956 ], [ -104.369693805742997, 19.126474051451037 ], [ -104.369736596896672, 19.126425848404676 ], [ -104.369804841877439, 19.126369966645051 ], [ -104.369913588036326, 19.126305359889468 ], [ -104.370382350493188, 19.126151926335442 ], [ -104.37126116701522, 19.125861756176146 ], [ -104.372299912873387, 19.125470939345522 ], [ -104.372920947174691, 19.125300221951775 ], [ -104.374069545883373, 19.12516179837958 ], [ -104.375093380506911, 19.125121122576335 ], [ -104.375705166522295, 19.125142516252865 ], [ -104.377129992568229, 19.125272670457907 ], [ -104.37771723241724, 19.125300045549103 ], [ -104.378920814591737, 19.125300044078998 ], [ -104.379294781499283, 19.125267486807939 ], [ -104.380583256203224, 19.12515530725593 ], [ -104.380576696805662, 19.125456542357792 ], [ -104.380576498030948, 19.125483734348606 ], [ -104.380581134274067, 19.125519096730706 ], [ -104.38059027794101, 19.125547212650616 ], [ -104.380608247299634, 19.125570500465351 ], [ -104.380632579635787, 19.125590792390081 ], [ -104.380673886267601, 19.125612400772621 ], [ -104.380716220091131, 19.1256281344664 ], [ -104.380752135054081, 19.12563733263983 ], [ -104.380934548892043, 19.125670275679219 ], [ -104.379227133986276, 19.128026425783119 ], [ -104.37745876388702, 19.130466691109969 ], [ -104.376496678472805, 19.13018293410245 ], [ -104.375935615495052, 19.130055986950165 ], [ -104.374931700496177, 19.129768020665864 ], [ -104.374436579578457, 19.129637558347021 ], [ -104.373262731685998, 19.12922689797162 ], [ -104.372423635363887, 19.128820990120261 ], [ -104.371842639846236, 19.128516002118854 ], [ -104.370940342207703, 19.127918619500203 ], [ -104.370531898491436, 19.127603896653337 ] ] ] ] } },
{ "type": "Feature", "properties": { "fid": 7.0, "cat": 11, "VULNERABIL": 4.0, "CLAVE_ACUI": "0609", "NOM_ACUIF": "SANTIAGO-SALAGUA" }, "geometry": { "type": "MultiPolygon", "coordinates": [ [ [ [ -104.379491678851295, 19.118618797596699 ], [ -104.379543805030906, 19.118934723528529 ], [ -104.379588506725824, 19.119405935862485 ], [ -104.379594635174854, 19.119822747537938 ], [ -104.379567638816084, 19.120293085090456 ], [ -104.379569971022732, 19.120569325868317 ], [ -104.379573377230344, 19.120972777871547 ], [ -104.379609452139562, 19.121429726721765 ], [ -104.379754088624054, 19.122400857403335 ], [ -104.379802479363036, 19.122763787945676 ], [ -104.379904618165554, 19.123529828964582 ], [ -104.379971111022257, 19.124028525389825 ], [ -104.379991740715099, 19.124104793598317 ], [ -104.380029477349353, 19.124192424326409 ], [ -104.380107591316545, 19.124333577635554 ], [ -104.3801379720434, 19.124369477634406 ], [ -104.380200709010026, 19.124427542514855 ], [ -104.380237863980739, 19.12445376101191 ], [ -104.380256821912766, 19.124467138717552 ], [ -104.380322389598518, 19.124506452488383 ], [ -104.380386039634985, 19.124539688749671 ], [ -104.380468005289359, 19.124582488915358 ], [ -104.380506435520715, 19.124602556104268 ], [ -104.380599556096215, 19.124651181056901 ], [ -104.38060283594109, 19.124750714929615 ], [ -104.380604715923582, 19.124857611368775 ], [ -104.380591396242721, 19.125010264978744 ], [ -104.380587594265606, 19.125078010033203 ], [ -104.380583256203224, 19.12515530725593 ], [ -104.379294781499283, 19.125267486807939 ], [ -104.378920814591737, 19.125300044078998 ], [ -104.37771723241724, 19.125300045549103 ], [ -104.377129992568229, 19.125272670457907 ], [ -104.375705166522295, 19.125142516252865 ], [ -104.375093380506911, 19.125121122576335 ], [ -104.374069545883373, 19.12516179837958 ], [ -104.372920947174691, 19.125300221951775 ], [ -104.372299912873387, 19.125470939345522 ], [ -104.37126116701522, 19.125861756176146 ], [ -104.370382350493188, 19.126151926335442 ], [ -104.369913588036326, 19.126305359889468 ], [ -104.369804841877439, 19.126369966645051 ], [ -104.369736596896672, 19.126425848404676 ], [ -104.369146841516113, 19.126360122358768 ], [ -104.369114953371039, 19.126263137532497 ], [ -104.369080815864535, 19.12618987757795 ], [ -104.369017579509404, 19.126078221207937 ], [ -104.368465824104391, 19.125103987232428 ], [ -104.367405797296868, 19.123266061575322 ], [ -104.367094380623755, 19.122651595460297 ], [ -104.366797782587525, 19.121891456107541 ], [ -104.366685486377563, 19.121420009224771 ], [ -104.366458036001404, 19.119980063167706 ], [ -104.36643265982633, 19.11946365521769 ], [ -104.366469970491536, 19.119010047370885 ], [ -104.366601184873829, 19.118411257612522 ], [ -104.366813325327996, 19.117764829686664 ], [ -104.368316649493636, 19.117887497063577 ], [ -104.369026183103159, 19.118522645109728 ], [ -104.371870532320116, 19.118694462121255 ], [ -104.375228881066008, 19.118741988323919 ], [ -104.377761841164784, 19.118877411285624 ], [ -104.379491678851295, 19.118618797596699 ] ], [ [ -104.372197794151916, 19.121588474792766 ], [ -104.372463012373501, 19.121851470150744 ], [ -104.372938622253699, 19.121789828408421 ], [ -104.373149046314467, 19.121456153905992 ], [ -104.373456859206598, 19.120508253315432 ], [ -104.369026607668744, 19.120447926850076 ], [ -104.368816588524936, 19.120673146645107 ], [ -104.368966751007378, 19.121188805078184 ], [ -104.369174301745758, 19.121614284116699 ], [ -104.36967586430967, 19.122230560058803 ], [ -104.370445624912719, 19.122323571562958 ], [ -104.370951024287763, 19.121927645556177 ], [ -104.371161144804574, 19.121675310851494 ], [ -104.372197794151916, 19.121588474792766 ] ] ] ] } },
{ "type": "Feature", "properties": { "fid": 8.0, "cat": 10, "VULNERABIL": 3.0, "CLAVE_ACUI": "0609", "NOM_ACUIF": "SANTIAGO-SALAGUA" }, "geometry": { "type": "MultiPolygon", "coordinates": [ [ [ [ -104.30973515116591, 19.103796853851755 ], [ -104.310078493238763, 19.103890926469482 ], [ -104.310224690853559, 19.103927661302972 ], [ -104.310450767490508, 19.10397821645936 ], [ -104.310669175800115, 19.104006140567513 ], [ -104.310849776266068, 19.10401538407228 ], [ -104.311070816832867, 19.104032837452323 ], [ -104.311744977579394, 19.103940469118545 ], [ -104.312164526861096, 19.103779369439952 ], [ -104.313448257121777, 19.103119935131499 ], [ -104.313520456995832, 19.103062378096684 ], [ -104.313807626126305, 19.102999274053936 ], [ -104.314256411458757, 19.103095834987073 ], [ -104.314351602461457, 19.10335374600114 ], [ -104.314347041279021, 19.104460770373748 ], [ -104.314474401254316, 19.104698467677192 ], [ -104.315073309230073, 19.104700696286233 ], [ -104.315801530105304, 19.104466180272894 ], [ -104.318600964498415, 19.10336951816781 ], [ -104.319372161669804, 19.10308431313528 ], [ -104.320171667774602, 19.102850042882338 ], [ -104.32054262418248, 19.102800578306173 ], [ -104.321474249403735, 19.102804013162835 ], [ -104.321748663291118, 19.102825357454641 ], [ -104.322097636347308, 19.102921531759424 ], [ -104.322321755596946, 19.103037579452476 ], [ -104.323018674409937, 19.103482959898702 ], [ -104.323200140190266, 19.103568349583117 ], [ -104.323350059341493, 19.103521455799548 ], [ -104.323382763560176, 19.103369075134925 ], [ -104.323385464077234, 19.102704859196777 ], [ -104.323300692100389, 19.102511379991906 ], [ -104.32290238979715, 19.102272692497873 ], [ -104.322418159084293, 19.102125188538043 ], [ -104.320556723829071, 19.101675513476497 ], [ -104.320035086817057, 19.10152278198187 ], [ -104.319462210670963, 19.101259720264068 ], [ -104.31916545301722, 19.101036650147481 ], [ -104.318353463592132, 19.100258716970036 ], [ -104.318131612324095, 19.100025755742934 ], [ -104.317908291721565, 19.099716538442351 ], [ -104.317721381404553, 19.099463174684672 ], [ -104.317559561911381, 19.09915014681259 ], [ -104.317298230629291, 19.098552879913314 ], [ -104.317564819932613, 19.098291233916758 ], [ -104.317710647477185, 19.098157780403834 ], [ -104.31783113103144, 19.097994177857288 ], [ -104.318030862064532, 19.097643135435469 ], [ -104.318184225104119, 19.097310188893879 ], [ -104.318248905994736, 19.0971401868984 ], [ -104.318331131656208, 19.096905946853145 ], [ -104.318382361339843, 19.096705908993908 ], [ -104.318430828962718, 19.096398656425453 ], [ -104.318483300013852, 19.095828766958668 ], [ -104.31854619560815, 19.094521121421632 ], [ -104.3185903256649, 19.093766741500037 ], [ -104.318649160947402, 19.093002891844222 ], [ -104.320518492863116, 19.094472885172426 ], [ -104.323844908538561, 19.096546173748308 ], [ -104.324958885652535, 19.097124583726199 ], [ -104.325630188220075, 19.097473143942 ], [ -104.328872680491116, 19.099447250760054 ], [ -104.330616901930227, 19.100193534936945 ], [ -104.332882788536779, 19.101152043810302 ], [ -104.332849881078928, 19.101689741340394 ], [ -104.332656082240476, 19.10271213987712 ], [ -104.332259148192861, 19.104525774586325 ], [ -104.33193227548351, 19.106146436828684 ], [ -104.331840014395098, 19.106927246011981 ], [ -104.331886399686397, 19.107805142160789 ], [ -104.332044927048429, 19.108278470337229 ], [ -104.332738342482969, 19.109609437563424 ], [ -104.332966718576898, 19.110001684269321 ], [ -104.333339053016985, 19.110501202735303 ], [ -104.333642583362277, 19.110822553660459 ], [ -104.334686730146132, 19.111822669847285 ], [ -104.335043863967641, 19.112113712079051 ], [ -104.335666335716667, 19.112471795167149 ], [ -104.336198447418028, 19.112692299492956 ], [ -104.338059171395656, 19.11336322665446 ], [ -104.338607312212204, 19.113588865163671 ], [ -104.339304571251404, 19.113970927332456 ], [ -104.339752514954185, 19.114291092383699 ], [ -104.341145669255567, 19.115403129198388 ], [ -104.341561654517491, 19.115692675375076 ], [ -104.342109754379706, 19.115931859229828 ], [ -104.342476767893103, 19.115984004427716 ], [ -104.34364139696028, 19.115988161322345 ], [ -104.343992668597124, 19.115963996810088 ], [ -104.344467306602908, 19.115847075908952 ], [ -104.344794088863637, 19.115704210625676 ], [ -104.345844430990525, 19.115154423842831 ], [ -104.346150339351212, 19.114879314182449 ], [ -104.346527571636045, 19.114145259103349 ], [ -104.346760565463498, 19.113371718755133 ], [ -104.347470623931088, 19.110495916793273 ], [ -104.347586000631367, 19.109711791182914 ], [ -104.347414383521127, 19.108928342835284 ], [ -104.347053841781815, 19.108593256091925 ], [ -104.345542938644343, 19.107812959099636 ], [ -104.345091255268528, 19.107538545170776 ], [ -104.34449429606056, 19.107038250013748 ], [ -104.344093181079316, 19.106597956779783 ], [ -104.343495940260439, 19.105798001452364 ], [ -104.342779943784677, 19.10488425668343 ], [ -104.342544662956712, 19.104583991808742 ], [ -104.341970960514288, 19.103851828320135 ], [ -104.341839206567613, 19.103274785807823 ], [ -104.342247007691313, 19.103445053320605 ], [ -104.342674255063528, 19.103437424596681 ], [ -104.34374999967595, 19.10324287397917 ], [ -104.344390868627585, 19.10304641705212 ], [ -104.345100401921599, 19.102714538954217 ], [ -104.346618650940158, 19.100812913348612 ], [ -104.346679685740838, 19.100242614117303 ], [ -104.346405028479069, 19.099863053310717 ], [ -104.346015929499458, 19.099580764650401 ], [ -104.346225107356702, 19.09907085727524 ], [ -104.346225107456249, 19.099070857336454 ], [ -104.346230874962686, 19.099074403761779 ], [ -104.346851753511743, 19.099456178516839 ], [ -104.347087141983934, 19.099671439295964 ], [ -104.347324802494299, 19.099917274582747 ], [ -104.347621616295342, 19.100210629549665 ], [ -104.34815060771021, 19.100875779256892 ], [ -104.349514897051222, 19.102676439793264 ], [ -104.349800110082626, 19.103019714904995 ], [ -104.35011291417004, 19.104015350966002 ], [ -104.350098242767146, 19.104282545905431 ], [ -104.35013294645195, 19.104825588992998 ], [ -104.350137738450471, 19.104856200016986 ], [ -104.350136638240386, 19.104856513370429 ], [ -104.35031919333413, 19.10601531630601 ], [ -104.350458448594821, 19.106779800311436 ], [ -104.350527924789702, 19.107387918083827 ], [ -104.350517776819572, 19.108020354515649 ], [ -104.350490923125705, 19.108506569840241 ], [ -104.350460256825713, 19.108626075958814 ], [ -104.350328672458943, 19.108973103527504 ], [ -104.349621700290669, 19.111073996625723 ], [ -104.349384025068318, 19.111681467672522 ], [ -104.34898185531334, 19.11241544108503 ], [ -104.348645002309198, 19.112856503236227 ], [ -104.347475182207148, 19.114180815531043 ], [ -104.347181323031933, 19.114566110016533 ], [ -104.346979810970282, 19.115039843449349 ], [ -104.346985796944523, 19.115331311450081 ], [ -104.347215245668878, 19.116217762009079 ], [ -104.347333675652109, 19.116474045140574 ], [ -104.347656899516664, 19.116783582380311 ], [ -104.348000218274606, 19.116969494838965 ], [ -104.349279153235173, 19.117527544140057 ], [ -104.349638777424772, 19.117647427396424 ], [ -104.35003808335189, 19.117648838028188 ], [ -104.350248895493408, 19.117530970331647 ], [ -104.35083337718541, 19.116979509758732 ], [ -104.35100714994482, 19.116759842977885 ], [ -104.351233609345456, 19.11628619291637 ], [ -104.351383349678215, 19.115829216764254 ], [ -104.351855673276134, 19.114170310571282 ], [ -104.352013564895657, 19.113615747059065 ], [ -104.352091689498508, 19.113379481921022 ], [ -104.352290712258181, 19.112777592097331 ], [ -104.352510238180926, 19.112155386479316 ], [ -104.352590083940029, 19.111929077156574 ], [ -104.353431702033234, 19.113092423039102 ], [ -104.355346679424756, 19.114299774999132 ], [ -104.361442564760353, 19.116580962673726 ], [ -104.362838744725181, 19.117362976573734 ], [ -104.364326476514123, 19.117494582768323 ], [ -104.366813325327996, 19.117764829686664 ], [ -104.366601184873829, 19.118411257612522 ], [ -104.366469970491536, 19.119010047370885 ], [ -104.36643265982633, 19.11946365521769 ], [ -104.366458036001404, 19.119980063167706 ], [ -104.366685486377563, 19.121420009224771 ], [ -104.366797782587525, 19.121891456107541 ], [ -104.367094380623755, 19.122651595460297 ], [ -104.367405797296868, 19.123266061575322 ], [ -104.368465824104391, 19.125103987232428 ], [ -104.369017579509404, 19.126078221207937 ], [ -104.369080815864535, 19.12618987757795 ], [ -104.369114953371039, 19.126263137532497 ], [ -104.369146841516113, 19.126360122358768 ], [ -104.369169797312651, 19.126462301543636 ], [ -104.369168558537012, 19.12657781737952 ], [ -104.369168505915468, 19.126582724330941 ], [ -104.369147197861992, 19.126693461639384 ], [ -104.369049051676114, 19.126785150839364 ], [ -104.368930243135253, 19.126838098123862 ], [ -104.368753321721215, 19.126881359929492 ], [ -104.368527327214181, 19.126900085188641 ], [ -104.36820706071282, 19.126889754011181 ], [ -104.367829569118541, 19.126859882308757 ], [ -104.365389853295397, 19.12645713225319 ], [ -104.365084766777485, 19.126396683649627 ], [ -104.364571595874395, 19.126361393119566 ], [ -104.36441961772384, 19.126370180359888 ], [ -104.36427864240305, 19.126378331313166 ], [ -104.363935157546038, 19.126452108462708 ], [ -104.36374926567774, 19.126318668231949 ], [ -104.363660494078857, 19.126264248860974 ], [ -104.363553355942258, 19.126208469005736 ], [ -104.363457016047533, 19.126164343863113 ], [ -104.363257106086579, 19.125839112543403 ], [ -104.363106204236345, 19.125671483298007 ], [ -104.362648673138807, 19.125086797180131 ], [ -104.36203179221539, 19.124109362908069 ], [ -104.361072602941718, 19.122589522216483 ], [ -104.360643919631357, 19.121896158273856 ], [ -104.360194194157998, 19.121096504302258 ], [ -104.360186111851831, 19.121072387478137 ], [ -104.360054266562514, 19.120861617380687 ], [ -104.359482628268722, 19.120242844979874 ], [ -104.359135521572895, 19.120109468579685 ], [ -104.358087326191225, 19.12010581518323 ], [ -104.357798616249511, 19.120084474341656 ], [ -104.357499498642767, 19.119988540478857 ], [ -104.357360897806984, 19.119872833243072 ], [ -104.357013212412554, 19.119428799916417 ], [ -104.356671155849554, 19.119373381742946 ], [ -104.355422574637885, 19.119558792110052 ], [ -104.353980939117974, 19.11987907302348 ], [ -104.348501840062809, 19.121188211405126 ], [ -104.347060038994996, 19.121544020325491 ], [ -104.34581077937041, 19.1218954190388 ], [ -104.345467928285245, 19.122041617490797 ], [ -104.345117218383649, 19.122372483035154 ], [ -104.34504190585919, 19.122484049076533 ], [ -104.345041158155453, 19.122673825494513 ], [ -104.345115402736567, 19.122833368627386 ], [ -104.345462626540751, 19.123388126455769 ], [ -104.345494147614502, 19.123532267348185 ], [ -104.345294020601528, 19.123650167255686 ], [ -104.344976603688195, 19.123674454339763 ], [ -104.343695452163459, 19.123669888880855 ], [ -104.34350378331925, 19.123653029578513 ], [ -104.343936462124475, 19.123130781890456 ], [ -104.344338026323754, 19.122562876128995 ], [ -104.344399398781775, 19.122369926837386 ], [ -104.344284241341711, 19.122037403131589 ], [ -104.344104613772956, 19.12193001220297 ], [ -104.343381509901889, 19.121761376583869 ], [ -104.342528133013786, 19.121627856298247 ], [ -104.339268822419555, 19.121173364208229 ], [ -104.338260625129223, 19.120973184583072 ], [ -104.336815008341702, 19.120493533073002 ], [ -104.335758041953923, 19.120008495868184 ], [ -104.332271190050321, 19.118224608230427 ], [ -104.331257320848465, 19.117668535115023 ], [ -104.33001274422088, 19.116857448896113 ], [ -104.329248645676984, 19.116254829427575 ], [ -104.326927455662769, 19.114253679387954 ], [ -104.326222098425376, 19.113744422900453 ], [ -104.326163174430818, 19.113701880471847 ], [ -104.324917690023199, 19.113127980922361 ], [ -104.323902706396339, 19.112859921253925 ], [ -104.32041161376462, 19.11218284096233 ], [ -104.319449912284085, 19.111965787287563 ], [ -104.318460960240316, 19.111632652021608 ], [ -104.318453048640578, 19.111629986918505 ], [ -104.317990658193295, 19.111367329034312 ], [ -104.31682970480324, 19.110477391556696 ], [ -104.316484883234025, 19.110235499665354 ], [ -104.316036662502384, 19.109996611937483 ], [ -104.315741168191877, 19.109897235779261 ], [ -104.314810416297249, 19.109672365931267 ], [ -104.314493365588561, 19.109613574375615 ], [ -104.313944546121519, 19.109564085455975 ], [ -104.31347756890581, 19.1095521780084 ], [ -104.311847161509746, 19.109546091061954 ], [ -104.311337025552589, 19.10962551712062 ], [ -104.310586796088899, 19.110002265842017 ], [ -104.310440039510468, 19.110144049920805 ], [ -104.307267042804497, 19.112726902167939 ], [ -104.306799126962588, 19.113213417096382 ], [ -104.306592049196681, 19.113403544486559 ], [ -104.306200838952591, 19.11359318713226 ], [ -104.305611890981126, 19.113801723134674 ], [ -104.305277657105336, 19.113588091311485 ], [ -104.305097521305797, 19.113184133036967 ], [ -104.304751380381987, 19.112407899023339 ], [ -104.304693739332933, 19.112124708694701 ], [ -104.304708420647955, 19.111787070844596 ], [ -104.304770886451536, 19.111579388165119 ], [ -104.30493873662688, 19.111083549003663 ], [ -104.30564488121172, 19.109314951357735 ], [ -104.305780683622743, 19.108808823618418 ], [ -104.305708293350435, 19.108215493921044 ], [ -104.305469077833095, 19.107874007689283 ], [ -104.304425136375144, 19.106873731583793 ], [ -104.304057257224102, 19.106620421985632 ], [ -104.303323758607164, 19.106396816789232 ], [ -104.303096216187825, 19.106380037621584 ], [ -104.302870042437036, 19.106414623736889 ], [ -104.302719549361754, 19.106445080668795 ], [ -104.302575505989708, 19.106489870274533 ], [ -104.302516102835554, 19.106511338813394 ], [ -104.302441259733456, 19.106538387357329 ], [ -104.302365629000704, 19.106561641379759 ], [ -104.302251229244177, 19.106582943075264 ], [ -104.30212474339757, 19.10659879859568 ], [ -104.301895420616233, 19.106605964932612 ], [ -104.301649704839107, 19.106585988768437 ], [ -104.301576716059969, 19.106577949230939 ], [ -104.301401660002597, 19.106558667108949 ], [ -104.300999628501515, 19.106498469878844 ], [ -104.300501209768839, 19.106414265420067 ], [ -104.300217629688106, 19.106357974806009 ], [ -104.300127146014773, 19.106323887031522 ], [ -104.300061102101921, 19.106299006410264 ], [ -104.299937577370272, 19.106217549471658 ], [ -104.299772751621134, 19.106075656000677 ], [ -104.299669512089721, 19.105960569309893 ], [ -104.299605447876999, 19.105875033900634 ], [ -104.299537015368074, 19.105772027038892 ], [ -104.303675977053544, 19.100706947182033 ], [ -104.304356153607543, 19.10104325700058 ], [ -104.304413866737264, 19.101090923643991 ], [ -104.304536126677988, 19.101191900882647 ], [ -104.304710357757585, 19.10136163957608 ], [ -104.304947959744723, 19.101621304604873 ], [ -104.305111672624989, 19.101800219395457 ], [ -104.305561718583434, 19.102213000401925 ], [ -104.305715515436887, 19.10235964399353 ], [ -104.305895723660981, 19.102510500230757 ], [ -104.306075541443676, 19.102645817833039 ], [ -104.306331304930595, 19.102793280345647 ], [ -104.30648588065668, 19.102871366906683 ], [ -104.306679667142618, 19.102961165976161 ], [ -104.307029133982439, 19.103152192170075 ], [ -104.307279763690147, 19.103260946132899 ], [ -104.307419389931056, 19.103306964177666 ], [ -104.307700624347476, 19.103357365911801 ], [ -104.308101278509682, 19.103394618997658 ], [ -104.308258635158325, 19.103422402573226 ], [ -104.308591980758521, 19.103496199543184 ], [ -104.308835473510157, 19.103555598576733 ], [ -104.309206789161109, 19.10365208673009 ], [ -104.309342427608044, 19.103689251154488 ], [ -104.30973515116591, 19.103796853851755 ] ] ] ] } },
{ "type": "Feature", "properties": { "fid": 9.0, "cat": 12, "VULNERABIL": 2.0, "CLAVE_ACUI": "0609", "NOM_ACUIF": "SANTIAGO-SALAGUA" }, "geometry": { "type": "MultiPolygon", "coordinates": [ ] } },
{ "type": "Feature", "properties": { "fid": 10.0, "cat": 13, "VULNERABIL": 2.0, "CLAVE_ACUI": "0609", "NOM_ACUIF": "SANTIAGO-SALAGUA" }, "geometry": { "type": "MultiPolygon", "coordinates": [ ] } },
{ "type": "Feature", "properties": { "fid": 11.0, "cat": 7, "VULNERABIL": 3.0, "CLAVE_ACUI": "0609", "NOM_ACUIF": "SANTIAGO-SALAGUA" }, "geometry": { "type": "MultiPolygon", "coordinates": [ [ [ [ -104.353366453947359, 19.131350088087771 ], [ -104.353295629925569, 19.13137751520598 ], [ -104.353215004761168, 19.131327527644142 ], [ -104.35294856066426, 19.131263220336958 ], [ -104.352946995134644, 19.131262842489086 ], [ -104.35264834584595, 19.131165442562857 ], [ -104.352628998320853, 19.131144600084586 ], [ -104.352609650800588, 19.131123757604392 ], [ -104.352443081600612, 19.130863919402227 ], [ -104.351864600162642, 19.129865541481287 ], [ -104.351703698890972, 19.129524388693149 ], [ -104.351531304298845, 19.128930721215927 ], [ -104.351445927436686, 19.128423777677611 ], [ -104.351219898520895, 19.126651708453778 ], [ -104.351214666015096, 19.126165380837808 ], [ -104.351514885808612, 19.125592483163434 ], [ -104.351528523351604, 19.125582050497428 ], [ -104.351560114109233, 19.125557883684706 ], [ -104.351560114109233, 19.125557883684706 ], [ -104.352918550148672, 19.125049086038313 ], [ -104.353208640929026, 19.124965361890755 ], [ -104.353188538119483, 19.124996942410341 ], [ -104.353096941379064, 19.125171149514195 ], [ -104.353021052359267, 19.125431829144325 ], [ -104.353004236340695, 19.125630021552539 ], [ -104.353001650694154, 19.1262942398258 ], [ -104.353032908384435, 19.126507851396667 ], [ -104.353181363667375, 19.126840487080688 ], [ -104.353362185369264, 19.127102069207698 ], [ -104.354057568815747, 19.127990148670698 ], [ -104.354217000344931, 19.128251654881815 ], [ -104.354265626335703, 19.128583939240997 ], [ -104.354175659886081, 19.128797125035447 ], [ -104.35370718806162, 19.129459706908822 ], [ -104.35358497276944, 19.1297134460217 ], [ -104.353483108441267, 19.130234980764754 ], [ -104.35345980343314, 19.130726291340974 ], [ -104.35345880566193, 19.130982715629333 ], [ -104.353441976199974, 19.131184296824809 ], [ -104.353366453947359, 19.131350088087771 ] ] ] ] } },
{ "type": "Feature", "properties": { "fid": 12.0, "cat": 3, "VULNERABIL": 2.0, "CLAVE_ACUI": "0609", "NOM_ACUIF": "SANTIAGO-SALAGUA" }, "geometry": { "type": "MultiPolygon", "coordinates": [ [ [ [ -104.327245998815599, 19.123052438476982 ], [ -104.329339734164051, 19.123724307053703 ], [ -104.329970267889209, 19.123858771557458 ], [ -104.330819012353246, 19.123814415795113 ], [ -104.33140096866201, 19.12361658612453 ], [ -104.333268008805405, 19.122737727225008 ], [ -104.333791151158309, 19.122534593308377 ], [ -104.334365453436575, 19.122465504750284 ], [ -104.33466274429064, 19.122569941628154 ], [ -104.335475802925586, 19.123126401278668 ], [ -104.335697735999659, 19.123352564991698 ], [ -104.335920362489958, 19.123851537948546 ], [ -104.336016467186283, 19.124338192912099 ], [ -104.336242331038733, 19.126110276321466 ], [ -104.336317085884602, 19.126586687320117 ], [ -104.336440075815034, 19.127037855472505 ], [ -104.336541020713724, 19.127205970397029 ], [ -104.33688910744263, 19.127539338228488 ], [ -104.337054595976909, 19.127616185068302 ], [ -104.33747878832483, 19.127641435612635 ], [ -104.337919288571555, 19.12760066019986 ], [ -104.339550761661087, 19.127385116121786 ], [ -104.340066619410038, 19.127222605383864 ], [ -104.340842481718241, 19.126679772785433 ], [ -104.340976099672986, 19.126541543535705 ], [ -104.341401136755991, 19.126213539382547 ], [ -104.341757102911444, 19.125909811546553 ], [ -104.342133160333674, 19.125484154079803 ], [ -104.342314419594317, 19.125179800270306 ], [ -104.342459005946225, 19.12487369440824 ], [ -104.343496490193488, 19.123661832416964 ], [ -104.34350378331925, 19.123653029578513 ], [ -104.343695452163459, 19.123669888880855 ], [ -104.344976603688195, 19.123674454339763 ], [ -104.345294020601528, 19.123650167255686 ], [ -104.345494147614502, 19.123532267348185 ], [ -104.345462626540751, 19.123388126455769 ], [ -104.345115402736567, 19.122833368627386 ], [ -104.345041158155453, 19.122673825494513 ], [ -104.34504190585919, 19.122484049076533 ], [ -104.345117218383649, 19.122372483035154 ], [ -104.345467928285245, 19.122041617490797 ], [ -104.34581077937041, 19.1218954190388 ], [ -104.347060038994996, 19.121544020325491 ], [ -104.348501840062809, 19.121188211405126 ], [ -104.353980939117974, 19.11987907302348 ], [ -104.355422574637885, 19.119558792110052 ], [ -104.356671155849554, 19.119373381742946 ], [ -104.357013212412554, 19.119428799916417 ], [ -104.357360897806984, 19.119872833243072 ], [ -104.357499498642767, 19.119988540478857 ], [ -104.357798616249511, 19.120084474341656 ], [ -104.358087326191225, 19.12010581518323 ], [ -104.359135521572895, 19.120109468579685 ], [ -104.359482628268722, 19.120242844979874 ], [ -104.360054266562514, 19.120861617380687 ], [ -104.360186111851831, 19.121072387478137 ], [ -104.360194194157998, 19.121096504302258 ], [ -104.360643919631357, 19.121896158273856 ], [ -104.361072602941718, 19.122589522216483 ], [ -104.36203179221539, 19.124109362908069 ], [ -104.362648673138807, 19.125086797180131 ], [ -104.363106204236345, 19.125671483298007 ], [ -104.363257106086579, 19.125839112543403 ], [ -104.363457016047533, 19.126164343863113 ], [ -104.363386236315222, 19.126143080788957 ], [ -104.363253544671664, 19.126131767614801 ], [ -104.363026819855691, 19.126165060029368 ], [ -104.362922638833894, 19.126178342560713 ], [ -104.362800336057589, 19.126181856087168 ], [ -104.3627294683874, 19.126179134798793 ], [ -104.362475861038774, 19.126136127832002 ], [ -104.362266224012146, 19.126081870857988 ], [ -104.362046208589732, 19.126024927517928 ], [ -104.361504277329956, 19.125829814078969 ], [ -104.360879861941342, 19.125605001752241 ], [ -104.360319200287122, 19.125403140502549 ], [ -104.359835649728851, 19.125167044389531 ], [ -104.359276443484788, 19.124933630524275 ], [ -104.358940611698031, 19.12473353522596 ], [ -104.358011421988238, 19.124066067273301 ], [ -104.357684036079078, 19.123902256559422 ], [ -104.35708542077019, 19.123805276089488 ], [ -104.356557641297428, 19.123830542465537 ], [ -104.354693282711651, 19.124045422301826 ], [ -104.354192025379973, 19.12412669200214 ], [ -104.353717185095149, 19.124291081564234 ], [ -104.353540099265459, 19.124444655113969 ], [ -104.353208640929026, 19.124965361890755 ], [ -104.352918550148672, 19.125049086038313 ], [ -104.351560114109233, 19.125557883684706 ], [ -104.351528523351604, 19.125582050497428 ], [ -104.351514885808612, 19.125592483163434 ], [ -104.351214666015096, 19.126165380837808 ], [ -104.351219898520895, 19.126651708453778 ], [ -104.351445927436686, 19.128423777677611 ], [ -104.351531304298845, 19.128930721215927 ], [ -104.351703698890972, 19.129524388693149 ], [ -104.351864600162642, 19.129865541481287 ], [ -104.352443081600612, 19.130863919402227 ], [ -104.352609650800588, 19.131123757604392 ], [ -104.352628998320853, 19.131144600084586 ], [ -104.35264834584595, 19.131165442562857 ], [ -104.352946995134644, 19.131262842489086 ], [ -104.35294856066426, 19.131263220336958 ], [ -104.353215004761168, 19.131327527644142 ], [ -104.353295629925569, 19.13137751520598 ], [ -104.353335942526215, 19.13140250897408 ], [ -104.35343485422176, 19.131640080639283 ], [ -104.353455218828401, 19.131904487461163 ], [ -104.353452911014017, 19.132497539142076 ], [ -104.353515139336224, 19.132999317002504 ], [ -104.353812432264732, 19.133569699148342 ], [ -104.354174909012556, 19.133882752374245 ], [ -104.355569182220734, 19.134773279355297 ], [ -104.355921007532729, 19.135076125185925 ], [ -104.356168577510275, 19.135598884759727 ], [ -104.356170422476708, 19.136042838851054 ], [ -104.355931458438093, 19.137591864804431 ], [ -104.35582621413478, 19.138065943860031 ], [ -104.355574039807209, 19.1387292869832 ], [ -104.355319034353855, 19.139202840690054 ], [ -104.354381173705534, 19.140749411768031 ], [ -104.354136937917787, 19.141202667922848 ], [ -104.353935041479176, 19.1417712954261 ], [ -104.353890854758106, 19.142130364578215 ], [ -104.353886547191536, 19.143237393217174 ], [ -104.353948977587777, 19.143688337563091 ], [ -104.354244629231758, 19.144685715662483 ], [ -104.354604561523146, 19.14565959662016 ], [ -104.354788158696138, 19.146130169857528 ], [ -104.355988626485427, 19.14920699051261 ], [ -104.356386079508923, 19.150165749418889 ], [ -104.356856763803478, 19.151092569163865 ], [ -104.35713171415847, 19.151457838833824 ], [ -104.357944133029093, 19.152235609491523 ], [ -104.358211531033746, 19.152432194319609 ], [ -104.358219716697036, 19.152438212216598 ], [ -104.35869335092282, 19.152605922302172 ], [ -104.359094387176569, 19.152642905012371 ], [ -104.360492255124129, 19.152647775178632 ], [ -104.360738688556594, 19.152684683103079 ], [ -104.361116126596031, 19.15300465118635 ], [ -104.362741025114104, 19.154560155095496 ], [ -104.3631905611402, 19.154970077301957 ], [ -104.363663480163851, 19.155327551326355 ], [ -104.363682957987294, 19.155336232632077 ], [ -104.363684837476612, 19.155337792022948 ], [ -104.363889541091822, 19.155428306962797 ], [ -104.364471572333841, 19.155541025513731 ], [ -104.364579837376624, 19.155671873018981 ], [ -104.364503042178313, 19.156169777221884 ], [ -104.364285068220823, 19.156750221198529 ], [ -104.363344636229584, 19.158961051914456 ], [ -104.362992592196193, 19.159627446446297 ], [ -104.362290163063747, 19.160526458744641 ], [ -104.361638735241456, 19.161144366061734 ], [ -104.35930113868902, 19.163128903755286 ], [ -104.358681903522751, 19.163716412024129 ], [ -104.358129766717596, 19.164473597759056 ], [ -104.357960237853618, 19.16496778513168 ], [ -104.357721240068457, 19.166516807844975 ], [ -104.357690793295163, 19.16701148116093 ], [ -104.357787709598497, 19.167770934294147 ], [ -104.357956609397291, 19.168361193922614 ], [ -104.358647901365657, 19.170356284227903 ], [ -104.358811594637444, 19.170910941395672 ], [ -104.358884195195245, 19.171504252723029 ], [ -104.358824215927896, 19.171797183261273 ], [ -104.358471709792667, 19.172570880635465 ], [ -104.358262293797566, 19.172771788366973 ], [ -104.357637526632629, 19.172935659600327 ], [ -104.356954418374997, 19.17296885168258 ], [ -104.354391348586518, 19.172959856426026 ], [ -104.35368170981522, 19.172937026188229 ], [ -104.352933131725749, 19.172839500218391 ], [ -104.352573373431696, 19.172723009381098 ], [ -104.351643081997892, 19.172276910495757 ], [ -104.351272586905765, 19.172170545933124 ], [ -104.351264589355296, 19.172170042595244 ], [ -104.351229829852528, 19.17216022815775 ], [ -104.350231608990882, 19.172061808976814 ], [ -104.349218831219162, 19.172037888520506 ], [ -104.345490756851888, 19.172024636226453 ], [ -104.344472771962998, 19.171965087659927 ], [ -104.343450250399229, 19.171700489193682 ], [ -104.343007490876829, 19.171382043857257 ], [ -104.341963808525549, 19.170160564068254 ], [ -104.341783062236132, 19.169917749432077 ], [ -104.341653746376224, 19.169507655491518 ], [ -104.341194782540057, 19.167734747771348 ], [ -104.341027396674647, 19.167227507578271 ], [ -104.340705222240942, 19.166633294797741 ], [ -104.340412359103297, 19.166291659340303 ], [ -104.339367845172021, 19.165291570199987 ], [ -104.339063964278353, 19.1650312264895 ], [ -104.338690360322303, 19.164816381310956 ], [ -104.338460520582544, 19.164769803505738 ], [ -104.33776153855554, 19.164767284425256 ], [ -104.337521162929434, 19.164680000748422 ], [ -104.337098393220828, 19.164275197054565 ], [ -104.337014490067162, 19.16416188766155 ], [ -104.336734813706983, 19.163784189422881 ], [ -104.335460895106493, 19.161897619663936 ], [ -104.335129583972318, 19.161366059021411 ], [ -104.334857367755149, 19.160772017284355 ], [ -104.334799796975787, 19.160454947334514 ], [ -104.334803348288105, 19.159569329485841 ], [ -104.33483653041894, 19.159298338179195 ], [ -104.334987828734583, 19.158919329884618 ], [ -104.335170786644824, 19.158648880608155 ], [ -104.33587328776315, 19.157765790557775 ], [ -104.336066981839537, 19.157485212409672 ], [ -104.336268390346632, 19.157058939423052 ], [ -104.336362422940084, 19.15673055629896 ], [ -104.336599831783289, 19.155624374547006 ], [ -104.33666233754424, 19.155153543722747 ], [ -104.336716623739036, 19.154062515185021 ], [ -104.336731669654029, 19.152974733745321 ], [ -104.336747595906388, 19.148989447942615 ], [ -104.336816534284353, 19.147800193402698 ], [ -104.337122319075462, 19.146235625167058 ], [ -104.337490213087733, 19.145189781559633 ], [ -104.33890123546557, 19.141873738542486 ], [ -104.339268541506982, 19.140970222119964 ], [ -104.339571647242906, 19.140069863073283 ], [ -104.339637352629737, 19.139687153045784 ], [ -104.339640873998235, 19.138801532328415 ], [ -104.339625805346728, 19.138555782714057 ], [ -104.339551963855897, 19.138294571931624 ], [ -104.339461544752083, 19.138167163255066 ], [ -104.339113431140078, 19.137833799849808 ], [ -104.338980062927391, 19.137746903414573 ], [ -104.338705790850867, 19.137674750259624 ], [ -104.338447341744342, 19.137658570531041 ], [ -104.33752891616345, 19.137655263935155 ], [ -104.33751551795639, 19.137655215663813 ], [ -104.337230062976602, 19.13770502052537 ], [ -104.336829762727973, 19.13794080039289 ], [ -104.336543359500254, 19.138227823882687 ], [ -104.335607104424824, 19.139331484318873 ], [ -104.335320696668944, 19.139618505724897 ], [ -104.334935385701073, 19.139845448435789 ], [ -104.33492038914531, 19.139854281165626 ], [ -104.334634929719854, 19.139904081848638 ], [ -104.333703094056233, 19.139900707282074 ], [ -104.333407386029435, 19.13983863522008 ], [ -104.332959251732603, 19.13955234239074 ], [ -104.332614768927129, 19.139205424572861 ], [ -104.331455327076981, 19.137872764012524 ], [ -104.331132203799854, 19.137536087886247 ], [ -104.330783726409095, 19.137297597016946 ], [ -104.330609023743989, 19.137293572219725 ], [ -104.330142220685161, 19.137513280342731 ], [ -104.330004649511054, 19.137585640447316 ], [ -104.32982945433946, 19.137703613451002 ], [ -104.329716746686302, 19.137799786236961 ], [ -104.329365972110949, 19.138130619235291 ], [ -104.329285067436444, 19.138298074584867 ], [ -104.329258287599231, 19.138748700305531 ], [ -104.329300935674965, 19.139224995999648 ], [ -104.329526742523299, 19.140997083251584 ], [ -104.329569309640249, 19.141493711890956 ], [ -104.329542146648038, 19.142039225215868 ], [ -104.329460774834089, 19.142321901305664 ], [ -104.329108200784717, 19.143095542581175 ], [ -104.328898911991644, 19.143265917914647 ], [ -104.328274807007062, 19.143287360749735 ], [ -104.327592518659614, 19.1431476161295 ], [ -104.325032624697883, 19.142474011734219 ], [ -104.324350342806113, 19.142334255253498 ], [ -104.3237262412635, 19.142355682736738 ], [ -104.323516948113735, 19.142526051815722 ], [ -104.323164346289317, 19.143299680812731 ], [ -104.322975948512124, 19.143592126274424 ], [ -104.322449360476142, 19.14418324226768 ], [ -104.321885487013702, 19.144735246817902 ], [ -104.31978063729575, 19.146720137233515 ], [ -104.319232771790027, 19.147277275596231 ], [ -104.318780944310518, 19.147892379281259 ], [ -104.318683344783281, 19.148213961918398 ], [ -104.318679709737964, 19.14909957791663 ], [ -104.318721220692254, 19.149411509505281 ], [ -104.318918574432871, 19.149981574181695 ], [ -104.319065215882105, 19.150288030813932 ], [ -104.319120628414709, 19.150565211614094 ], [ -104.319317984778237, 19.151135275875372 ], [ -104.319509072048831, 19.151495205675456 ], [ -104.320203461032889, 19.1526048124393 ], [ -104.320365977386729, 19.152905640201698 ], [ -104.32049123528661, 19.153302293252089 ], [ -104.320502557541161, 19.153585307233101 ], [ -104.320382895147986, 19.154359790247891 ], [ -104.320255559530537, 19.154540624676859 ], [ -104.319780989577552, 19.154610035019445 ], [ -104.319230368865945, 19.154528356918973 ], [ -104.317135383093628, 19.15407776855595 ], [ -104.316547636885431, 19.153919694600503 ], [ -104.315899801037759, 19.153632617457752 ], [ -104.315562067340196, 19.153380582273758 ], [ -104.314633817238899, 19.152491493863121 ], [ -104.314370720707501, 19.152300734856453 ], [ -104.314071180970672, 19.152299616984163 ], [ -104.313906362752178, 19.152488779199075 ], [ -104.313436747679177, 19.153372653496149 ], [ -104.313282499362614, 19.153592354525539 ], [ -104.313032291814991, 19.153733752357265 ], [ -104.312829101173136, 19.153716048165776 ], [ -104.312131087173213, 19.153492029412373 ], [ -104.311912124085737, 19.153408181957502 ], [ -104.311588309555376, 19.153240913829826 ], [ -104.311344680654472, 19.153085806768456 ], [ -104.310531563257157, 19.152529240177504 ], [ -104.31030413105735, 19.152338609286815 ], [ -104.310055895438737, 19.152005566964029 ], [ -104.30992870523994, 19.151720423265942 ], [ -104.309583388407731, 19.150722794809315 ], [ -104.30944000531656, 19.150473173213378 ], [ -104.309116199053491, 19.150305900933365 ], [ -104.308797001391454, 19.150316561746198 ], [ -104.3076312164592, 19.15053358027043 ], [ -104.307317048991777, 19.150620507276109 ], [ -104.307016720368281, 19.150809152349979 ], [ -104.306901846991551, 19.150991718702144 ], [ -104.306666099071776, 19.151655050003328 ], [ -104.3065619649783, 19.151827489977592 ], [ -104.306311754734921, 19.151968878588463 ], [ -104.306058445744611, 19.151998422103361 ], [ -104.305126547744848, 19.151994900576248 ], [ -104.304868209027362, 19.151948173638583 ], [ -104.304594526653702, 19.1517336387551 ], [ -104.304461890761317, 19.151473887516389 ], [ -104.304116607611775, 19.150476249809945 ], [ -104.303984058680982, 19.150196165292463 ], [ -104.303710778361761, 19.149886742063366 ], [ -104.30345292690123, 19.149724793176443 ], [ -104.302522902901217, 19.149278452392018 ], [ -104.302270466492672, 19.149101272489283 ], [ -104.302022451486792, 19.148720776311396 ], [ -104.301920580641109, 19.148354390480641 ], [ -104.301693199678638, 19.147025086089357 ], [ -104.301607440813342, 19.146643511322399 ], [ -104.301434612295424, 19.146192133590411 ], [ -104.301273473393991, 19.145928882950031 ], [ -104.300694323077522, 19.145151756744397 ], [ -104.30050092297472, 19.144929049275827 ], [ -104.300177536848139, 19.144666874674254 ], [ -104.299908956757065, 19.144515046838798 ], [ -104.298978971612897, 19.144068689098479 ], [ -104.298597964902271, 19.143941847210947 ], [ -104.29774991660301, 19.143796276567858 ], [ -104.296919426028893, 19.143715157882767 ], [ -104.293891856888621, 19.143482146895092 ], [ -104.293066783923294, 19.143385781764309 ], [ -104.292244007709471, 19.143169116725723 ], [ -104.291893685935818, 19.14295596294836 ], [ -104.291081630448346, 19.142177910487359 ], [ -104.290881158917784, 19.141944999392027 ], [ -104.290757676244837, 19.141636135429479 ], [ -104.29078174342294, 19.141427812459696 ], [ -104.291017538130802, 19.140764502361623 ], [ -104.291036278000817, 19.140551075469411 ], [ -104.290887937563255, 19.140218393584814 ], [ -104.290657283446208, 19.139956560416632 ], [ -104.289729243687731, 19.139067351549791 ], [ -104.28951505152942, 19.138708997657734 ], [ -104.289443522180065, 19.137925891019218 ], [ -104.289555527808304, 19.137165521201371 ], [ -104.290149736789246, 19.134400233346401 ], [ -104.290346961553652, 19.133721524572319 ], [ -104.290673146808047, 19.133319506475893 ], [ -104.290941902723176, 19.133423903624205 ], [ -104.291869918736808, 19.134313106104688 ], [ -104.292138113893444, 19.134549665658351 ], [ -104.292461669761181, 19.134764410130355 ], [ -104.292655696766531, 19.13483462854057 ], [ -104.293237600261378, 19.13494756921185 ], [ -104.293415561183167, 19.135022808406092 ], [ -104.29346290983699, 19.135068175378915 ], [ -104.293664922158086, 19.13535700611871 ], [ -104.294359071274442, 19.136466704870791 ], [ -104.294699929381125, 19.136806900466329 ], [ -104.295596449097815, 19.137284780082517 ], [ -104.296536335676919, 19.137627266173421 ], [ -104.300025979977036, 19.138747618167343 ], [ -104.300966141406164, 19.139029083218677 ], [ -104.301863888623842, 19.139222271560403 ], [ -104.302206220381464, 19.139216793319797 ], [ -104.30290601894049, 19.138998040823171 ], [ -104.303141892502452, 19.138870157387068 ], [ -104.303344751651522, 19.138678889396775 ], [ -104.303542837193348, 19.138492121595711 ], [ -104.303745695419124, 19.138300853126008 ], [ -104.304057539139691, 19.137912312051522 ], [ -104.305111855978069, 19.136477153061527 ], [ -104.305397501708853, 19.136137349075902 ], [ -104.305757918825435, 19.13588823280341 ], [ -104.305962876563768, 19.135904256450168 ], [ -104.306543870013101, 19.136238559138334 ], [ -104.306689635218632, 19.136340775353638 ], [ -104.306788878052544, 19.136483482716805 ], [ -104.306784888164017, 19.136585134256393 ], [ -104.306667025449954, 19.136916800713152 ], [ -104.306786027984472, 19.137023999280473 ], [ -104.307459237036156, 19.13719259139431 ], [ -104.308301962851488, 19.137326235517779 ], [ -104.311561485430417, 19.137781282695748 ], [ -104.312468778425128, 19.137823649619698 ], [ -104.313443276054045, 19.137566346313964 ], [ -104.313928119977859, 19.137156405866886 ], [ -104.315216213310606, 19.135500650806296 ], [ -104.315482245366439, 19.134972974205201 ], [ -104.3154356509026, 19.134166244562753 ], [ -104.315103058876929, 19.133541450162468 ], [ -104.313597579933358, 19.131432465593523 ], [ -104.313125777953232, 19.130847814915072 ], [ -104.312429494577984, 19.13022843517416 ], [ -104.311906604858237, 19.12992825740163 ], [ -104.310162743278923, 19.129146799297555 ], [ -104.309762805631223, 19.128862326658513 ], [ -104.309640281744265, 19.128316255492923 ], [ -104.309865182916568, 19.127820626884862 ], [ -104.31103722978412, 19.126053759386902 ], [ -104.31134261824694, 19.125492346644098 ], [ -104.311595731246499, 19.124639292912903 ], [ -104.311651934123844, 19.123982057916987 ], [ -104.311661102112325, 19.121768014983303 ], [ -104.31169576438073, 19.121146282550043 ], [ -104.311848353590165, 19.120458907655777 ], [ -104.311978402552128, 19.120203358594253 ], [ -104.312290924970512, 19.119744502081854 ], [ -104.312535821017946, 19.119391485064462 ], [ -104.312734584203255, 19.119104967057069 ], [ -104.312943760676433, 19.11911991116801 ], [ -104.313172921744453, 19.119153682421494 ], [ -104.313478659920008, 19.119237021062148 ], [ -104.313695506849044, 19.119323744073391 ], [ -104.313877338907304, 19.119428760357021 ], [ -104.31444674944342, 19.119879606416728 ], [ -104.316106173918584, 19.120709379569892 ], [ -104.318868915832539, 19.122090800933933 ], [ -104.320014864679024, 19.122603374143392 ], [ -104.321410919435053, 19.122988084793203 ], [ -104.322259328791318, 19.123025100815848 ], [ -104.324822510337071, 19.122813116119286 ], [ -104.325585599759748, 19.122788803470982 ], [ -104.326583506252803, 19.122887347682905 ], [ -104.327245998815599, 19.123052438476982 ] ] ] ] } },
{ "type": "Feature", "properties": { "fid": 13.0, "cat": 14, "VULNERABIL": 3.0, "CLAVE_ACUI": "0609", "NOM_ACUIF": "SANTIAGO-SALAGUA" }, "geometry": { "type": "MultiPolygon", "coordinates": [ [ [ [ -104.382175298958515, 19.122465911904708 ], [ -104.382127399678964, 19.122476314689898 ], [ -104.382088714033046, 19.122494240346011 ], [ -104.382025151817302, 19.122532801874875 ], [ -104.381958644862394, 19.122602537322702 ], [ -104.381915624387673, 19.122712006550753 ], [ -104.381904463863592, 19.122782120520775 ], [ -104.381906274520475, 19.122869605158733 ], [ -104.381943488141758, 19.123039271805354 ], [ -104.3819770537377, 19.12319230614894 ], [ -104.381973396139202, 19.123294835555566 ], [ -104.38195961341026, 19.123329486319889 ], [ -104.381932528083226, 19.123357462561582 ], [ -104.381870484380926, 19.123375627557682 ], [ -104.38175980946977, 19.123395136500346 ], [ -104.381627986648866, 19.123428688492492 ], [ -104.381588998213346, 19.123440756343559 ], [ -104.381573985013702, 19.123447367736794 ], [ -104.381561923611727, 19.123456292107278 ], [ -104.381555345557331, 19.123468721805168 ], [ -104.381550502817888, 19.123489384160088 ], [ -104.381546271742707, 19.123514065440983 ], [ -104.381541405932111, 19.123538268114103 ], [ -104.381536324192169, 19.123562349125326 ], [ -104.381522977585661, 19.123609125603299 ], [ -104.381511760902399, 19.123641769027675 ], [ -104.381475843918281, 19.123709083105823 ], [ -104.381429111482689, 19.123765743157236 ], [ -104.381388432471454, 19.123801498716738 ], [ -104.381356298251788, 19.123822571350956 ], [ -104.381325084991531, 19.123833914799508 ], [ -104.381290044148599, 19.12384193559102 ], [ -104.381250879561705, 19.123843864649931 ], [ -104.381219665263146, 19.123842152827031 ], [ -104.381183014070956, 19.123835740501537 ], [ -104.381143067006676, 19.123825147427645 ], [ -104.381120306131351, 19.123820385400538 ], [ -104.381102710844729, 19.123820950386801 ], [ -104.381089474023611, 19.123825389564619 ], [ -104.381077447887336, 19.123832411536803 ], [ -104.381070142020107, 19.123842199401913 ], [ -104.381067669644409, 19.123852940260576 ], [ -104.381063868360542, 19.123880659109581 ], [ -104.381061230660066, 19.123920205542117 ], [ -104.381062790603508, 19.123958515654436 ], [ -104.381069999059989, 19.12401299664117 ], [ -104.381075713482687, 19.124056185829801 ], [ -104.381078508247001, 19.124099858549158 ], [ -104.381077123613665, 19.124129046561965 ], [ -104.381075046548546, 19.124145792602164 ], [ -104.381067762408449, 19.124168094092035 ], [ -104.381057108381654, 19.124190612830397 ], [ -104.381045808656353, 19.124209499514208 ], [ -104.381016913644388, 19.124235327457868 ], [ -104.380997685944706, 19.124246582696692 ], [ -104.380972898670777, 19.124255917469 ], [ -104.380953840237609, 19.124261694065062 ], [ -104.380931926496615, 19.124266807271788 ], [ -104.38090657620684, 19.124270631083636 ], [ -104.380879197336043, 19.124273824708425 ], [ -104.38083271059952, 19.124276358340762 ], [ -104.380787206370414, 19.124276934660841 ], [ -104.380743326549819, 19.124275617311753 ], [ -104.380707126837962, 19.124272383894152 ], [ -104.380671500213836, 19.124265920627106 ], [ -104.380640234920634, 19.124259338461979 ], [ -104.380610270826523, 19.124253030225141 ], [ -104.380598339532412, 19.124254254497817 ], [ -104.380587362656343, 19.12425901652492 ], [ -104.380583649889459, 19.124268459866826 ], [ -104.38058297009502, 19.124277205573435 ], [ -104.380593205399634, 19.124423896694694 ], [ -104.380595627745862, 19.124482339016744 ], [ -104.380598662381686, 19.124555553603049 ], [ -104.380598325627432, 19.124598295025475 ], [ -104.380599556096215, 19.124651181056901 ], [ -104.380506435520715, 19.124602556104268 ], [ -104.380468005289359, 19.124582488915358 ], [ -104.380386039634985, 19.124539688749671 ], [ -104.380322389598518, 19.124506452488383 ], [ -104.380256821912766, 19.124467138717552 ], [ -104.380200709010026, 19.124427542514855 ], [ -104.3801379720434, 19.124369477634406 ], [ -104.380107591316545, 19.124333577635554 ], [ -104.380029477349353, 19.124192424326409 ], [ -104.379991740715099, 19.124104793598317 ], [ -104.379971111022257, 19.124028525389825 ], [ -104.379904618165554, 19.123529828964582 ], [ -104.379802479363036, 19.122763787945676 ], [ -104.379754088624054, 19.122400857403335 ], [ -104.379609452139562, 19.121429726721765 ], [ -104.379573377230344, 19.120972777871547 ], [ -104.379569971022732, 19.120569325868317 ], [ -104.379567638816084, 19.120293085090456 ], [ -104.379594635174854, 19.119822747537938 ], [ -104.379588506725824, 19.119405935862485 ], [ -104.379543805030906, 19.118934723528529 ], [ -104.379491678851295, 19.118618797596699 ], [ -104.380058288517347, 19.118534088483784 ], [ -104.381002099016385, 19.118313866627997 ], [ -104.381774902090072, 19.118133546397168 ], [ -104.384521484971913, 19.117662430133851 ], [ -104.386947631181911, 19.117372512543682 ], [ -104.385487370661664, 19.119387601532836 ], [ -104.38400675422892, 19.121430780698066 ], [ -104.383172652675242, 19.122581800985756 ], [ -104.383094029980285, 19.122531753508369 ], [ -104.383059279686918, 19.122509633086896 ], [ -104.383026672046256, 19.122493207809601 ], [ -104.382984865030735, 19.122476144772985 ], [ -104.382962938028143, 19.122469544213036 ], [ -104.38292251774817, 19.122459313547587 ], [ -104.382891038776719, 19.122453827396036 ], [ -104.382846492784282, 19.122450202779444 ], [ -104.382544853479544, 19.12244440357448 ], [ -104.382316684731222, 19.12244982960592 ], [ -104.382228289060251, 19.122459884405394 ], [ -104.382175298958515, 19.122465911904708 ] ] ] ] } },
{ "type": "Feature", "properties": { "fid": 14.0, "cat": 15, "VULNERABIL": 2.0, "CLAVE_ACUI": "0609", "NOM_ACUIF": "SANTIAGO-SALAGUA" }, "geometry": { "type": "MultiPolygon", "coordinates": [ ] } },
{ "type": "Feature", "properties": { "fid": 15.0, "cat": 9, "VULNERABIL": 4.0, "CLAVE_ACUI": "0609", "NOM_ACUIF": "SANTIAGO-SALAGUA" }, "geometry": { "type": "MultiPolygon", "coordinates": [ [ [ [ -104.33688910744263, 19.127539338228488 ], [ -104.336541020713724, 19.127205970397029 ], [ -104.336440075815034, 19.127037855472505 ], [ -104.336317085884602, 19.126586687320117 ], [ -104.336242331038733, 19.126110276321466 ], [ -104.336016467186283, 19.124338192912099 ], [ -104.335920362489958, 19.123851537948546 ], [ -104.335697735999659, 19.123352564991698 ], [ -104.335475802925586, 19.123126401278668 ], [ -104.33466274429064, 19.122569941628154 ], [ -104.334365453436575, 19.122465504750284 ], [ -104.333791151158309, 19.122534593308377 ], [ -104.333268008805405, 19.122737727225008 ], [ -104.33140096866201, 19.12361658612453 ], [ -104.330819012353246, 19.123814415795113 ], [ -104.329970267889209, 19.123858771557458 ], [ -104.329339734164051, 19.123724307053703 ], [ -104.327245998815599, 19.123052438476982 ], [ -104.326583506252803, 19.122887347682905 ], [ -104.325585599759748, 19.122788803470982 ], [ -104.324822510337071, 19.122813116119286 ], [ -104.322259328791318, 19.123025100815848 ], [ -104.321410919435053, 19.122988084793203 ], [ -104.320014864679024, 19.122603374143392 ], [ -104.318868915832539, 19.122090800933933 ], [ -104.316106173918584, 19.120709379569892 ], [ -104.31444674944342, 19.119879606416728 ], [ -104.313877338907304, 19.119428760357021 ], [ -104.313695506849044, 19.119323744073391 ], [ -104.313478659920008, 19.119237021062148 ], [ -104.313172921744453, 19.119153682421494 ], [ -104.312943760676433, 19.11911991116801 ], [ -104.312734584203255, 19.119104967057069 ], [ -104.312807263431239, 19.118955978765889 ], [ -104.312837558953149, 19.118774934253647 ], [ -104.312818304898499, 19.118629830810104 ], [ -104.312769042967659, 19.118500730577598 ], [ -104.31320335393545, 19.118257798640581 ], [ -104.313749670488804, 19.1176699032264 ], [ -104.314169065335179, 19.117076980526225 ], [ -104.31435237831684, 19.116716745967633 ], [ -104.314590515413158, 19.115795638369661 ], [ -104.314541899125018, 19.114850189541173 ], [ -104.314573898191782, 19.114315165144962 ], [ -104.314546062003174, 19.113840162272492 ], [ -104.314548726753543, 19.113193588010102 ], [ -104.314471116695742, 19.112561269344276 ], [ -104.314099814016899, 19.11182449514056 ], [ -104.313646993190787, 19.111404278376106 ], [ -104.311905145794626, 19.110180031821699 ], [ -104.311339215767489, 19.109957637345396 ], [ -104.310440039510468, 19.110144049920805 ], [ -104.310586796088899, 19.110002265842017 ], [ -104.311337025552589, 19.10962551712062 ], [ -104.311847161509746, 19.109546091061954 ], [ -104.31347756890581, 19.1095521780084 ], [ -104.313944546121519, 19.109564085455975 ], [ -104.314493365588561, 19.109613574375615 ], [ -104.314810416297249, 19.109672365931267 ], [ -104.315741168191877, 19.109897235779261 ], [ -104.316036662502384, 19.109996611937483 ], [ -104.316484883234025, 19.110235499665354 ], [ -104.31682970480324, 19.110477391556696 ], [ -104.317990658193295, 19.111367329034312 ], [ -104.318453048640578, 19.111629986918505 ], [ -104.318460960240316, 19.111632652021608 ], [ -104.319449912284085, 19.111965787287563 ], [ -104.32041161376462, 19.11218284096233 ], [ -104.323902706396339, 19.112859921253925 ], [ -104.324917690023199, 19.113127980922361 ], [ -104.326163174430818, 19.113701880471847 ], [ -104.326222098425376, 19.113744422900453 ], [ -104.326927455662769, 19.114253679387954 ], [ -104.329248645676984, 19.116254829427575 ], [ -104.33001274422088, 19.116857448896113 ], [ -104.331257320848465, 19.117668535115023 ], [ -104.332271190050321, 19.118224608230427 ], [ -104.335758041953923, 19.120008495868184 ], [ -104.336815008341702, 19.120493533073002 ], [ -104.338260625129223, 19.120973184583072 ], [ -104.339268822419555, 19.121173364208229 ], [ -104.342528133013786, 19.121627856298247 ], [ -104.343381509901889, 19.121761376583869 ], [ -104.344104613772956, 19.12193001220297 ], [ -104.344284241341711, 19.122037403131589 ], [ -104.344399398781775, 19.122369926837386 ], [ -104.344338026323754, 19.122562876128995 ], [ -104.343936462124475, 19.123130781890456 ], [ -104.34350378331925, 19.123653029578513 ], [ -104.343496490193488, 19.123661832416964 ], [ -104.342459005946225, 19.12487369440824 ], [ -104.342314419594317, 19.125179800270306 ], [ -104.342133160333674, 19.125484154079803 ], [ -104.341757102911444, 19.125909811546553 ], [ -104.341401136755991, 19.126213539382547 ], [ -104.340976099672986, 19.126541543535705 ], [ -104.340842481718241, 19.126679772785433 ], [ -104.340066619410038, 19.127222605383864 ], [ -104.339550761661087, 19.127385116121786 ], [ -104.337919288571555, 19.12760066019986 ], [ -104.33747878832483, 19.127641435612635 ], [ -104.337054595976909, 19.127616185068302 ], [ -104.33688910744263, 19.127539338228488 ] ] ] ] } },
{ "type": "Feature", "properties": { "fid": 16.0, "cat": 16, "VULNERABIL": 2.0, "CLAVE_ACUI": "0609", "NOM_ACUIF": "SANTIAGO-SALAGUA" }, "geometry": { "type": "MultiPolygon", "coordinates": [ [ [ [ -104.207146794757335, 19.118170896517789 ], [ -104.207370641193592, 19.117956669904313 ], [ -104.20759580935939, 19.117839030417265 ], [ -104.207693632269397, 19.11788520083126 ], [ -104.207924971759425, 19.118218302261933 ], [ -104.207968761087173, 19.118381154697076 ], [ -104.207941771128944, 19.118808031443294 ], [ -104.207859424234329, 19.119255002876837 ], [ -104.207502124081159, 19.120913992080911 ], [ -104.207366369467167, 19.121345483352684 ], [ -104.207090152078507, 19.121700120554735 ], [ -104.206831310868949, 19.121775253663841 ], [ -104.205899603478656, 19.121771235059757 ], [ -104.205619856235245, 19.121744611319269 ], [ -104.205246076692305, 19.121624388214613 ], [ -104.204991853454601, 19.121479264734734 ], [ -104.20417926089192, 19.120922243303735 ], [ -104.20401607355808, 19.120752096003223 ], [ -104.204067121784917, 19.120515098762585 ], [ -104.204185178187601, 19.120430888630207 ], [ -104.20431948048666, 19.120304388295271 ], [ -104.204850634885474, 19.119945773841071 ], [ -104.206402597417082, 19.118971971544156 ], [ -104.207146794757335, 19.118170896517789 ] ] ] ] } },
{ "type": "Feature", "properties": { "fid": 17.0, "cat": 17, "VULNERABIL": 2.0, "CLAVE_ACUI": "0609", "NOM_ACUIF": "SANTIAGO-SALAGUA" }, "geometry": { "type": "MultiPolygon", "coordinates": [ [ [ [ -104.310454060047391, 19.116221523597964 ], [ -104.309921105369881, 19.115780664182751 ], [ -104.30926504317209, 19.115366452484643 ], [ -104.308821956303674, 19.115178399911692 ], [ -104.308092242603948, 19.114944140345067 ], [ -104.307426262361446, 19.114730338018362 ], [ -104.306967093931078, 19.114552387243187 ], [ -104.306219999231587, 19.114170016696001 ], [ -104.305611890981126, 19.113801723134674 ], [ -104.306200838952591, 19.11359318713226 ], [ -104.306592049196681, 19.113403544486559 ], [ -104.306799126962588, 19.113213417096382 ], [ -104.307267042804497, 19.112726902167939 ], [ -104.310440039510468, 19.110144049920805 ], [ -104.311339215767489, 19.109957637345396 ], [ -104.311905145794626, 19.110180031821699 ], [ -104.313646993190787, 19.111404278376106 ], [ -104.314099814016899, 19.11182449514056 ], [ -104.314471116695742, 19.112561269344276 ], [ -104.314548726753543, 19.113193588010102 ], [ -104.314541899125018, 19.114850189541173 ], [ -104.314590515413158, 19.115795638369661 ], [ -104.31435237831684, 19.116716745967633 ], [ -104.314169065335179, 19.117076980526225 ], [ -104.313749670488804, 19.1176699032264 ], [ -104.31320335393545, 19.118257798640581 ], [ -104.312769042967659, 19.118500730577598 ], [ -104.31259565007656, 19.11822800904238 ], [ -104.312194584309253, 19.117777891402014 ], [ -104.310454060047391, 19.116221523597964 ] ] ] ] } },
{ "type": "Feature", "properties": { "fid": 19.0, "cat": 20, "VULNERABIL": 2.0, "CLAVE_ACUI": "0609", "NOM_ACUIF": "SANTIAGO-SALAGUA" }, "geometry": { "type": "MultiPolygon", "coordinates": [ [ [ [ -104.298996694485567, 19.107271358928323 ], [ -104.298927195590693, 19.107213946797781 ], [ -104.298862718644415, 19.107166240003888 ], [ -104.298808777454809, 19.10713827540987 ], [ -104.29874467545784, 19.107109835777166 ], [ -104.298680222026675, 19.107087071508701 ], [ -104.298581416142085, 19.107065678266252 ], [ -104.298495161177058, 19.107047002522521 ], [ -104.298643993558287, 19.106864867979255 ], [ -104.29894496201409, 19.106496555977621 ], [ -104.299124545150107, 19.106276790008771 ], [ -104.299537015368074, 19.105772027038892 ], [ -104.299605447876999, 19.105875033900634 ], [ -104.299669512089721, 19.105960569309893 ], [ -104.299772751621134, 19.106075656000677 ], [ -104.299937577370272, 19.106217549471658 ], [ -104.300061102101921, 19.106299006410264 ], [ -104.300127146014773, 19.106323887031522 ], [ -104.300217629688106, 19.106357974806009 ], [ -104.300501209768839, 19.106414265420067 ], [ -104.300999628501515, 19.106498469878844 ], [ -104.301401660002597, 19.106558667108949 ], [ -104.301649704839107, 19.106585988768437 ], [ -104.301895420616233, 19.106605964932612 ], [ -104.30212474339757, 19.10659879859568 ], [ -104.302251229244177, 19.106582943075264 ], [ -104.302365629000704, 19.106561641379759 ], [ -104.302441259733456, 19.106538387357329 ], [ -104.302516102835554, 19.106511338813394 ], [ -104.302575505989708, 19.106489870274533 ], [ -104.302719549361754, 19.106445080668795 ], [ -104.302870042437036, 19.106414623736889 ], [ -104.303096216187825, 19.106380037621584 ], [ -104.303323758607164, 19.106396816789232 ], [ -104.304057257224102, 19.106620421985632 ], [ -104.304425136375144, 19.106873731583793 ], [ -104.305469077833095, 19.107874007689283 ], [ -104.305708293350435, 19.108215493921044 ], [ -104.305780683622743, 19.108808823618418 ], [ -104.30564488121172, 19.109314951357735 ], [ -104.30493873662688, 19.111083549003663 ], [ -104.304765581341343, 19.111569201447995 ], [ -104.304708420647955, 19.111787070844596 ], [ -104.304693739332933, 19.112124708694701 ], [ -104.304751380381987, 19.112407899023339 ], [ -104.305097521305797, 19.113184133036967 ], [ -104.305183610122626, 19.113377189255697 ], [ -104.305277657105336, 19.113588091311485 ], [ -104.304185929018686, 19.11289028496784 ], [ -104.303752474964128, 19.112613228182038 ], [ -104.303301167402054, 19.112285142131153 ], [ -104.302917297164512, 19.111970652017046 ], [ -104.302511272164708, 19.111590180459338 ], [ -104.302026783716116, 19.111131654496351 ], [ -104.30163617990857, 19.110800654839764 ], [ -104.301235564835125, 19.110430809174723 ], [ -104.300914245189233, 19.110069701500283 ], [ -104.300647354635714, 19.109711739629244 ], [ -104.299573764659343, 19.108064257329918 ], [ -104.299206664489859, 19.107503724272259 ], [ -104.299188713233178, 19.107477105285117 ], [ -104.299171889174445, 19.107456034724649 ], [ -104.299144054800522, 19.107421174749028 ], [ -104.299125186817037, 19.107397544353436 ], [ -104.299051263359956, 19.107320401047478 ], [ -104.298996694485567, 19.107271358928323 ] ] ] ] } },
{ "type": "Feature", "properties": { "fid": 21.0, "cat": 22, "VULNERABIL": 2.0, "CLAVE_ACUI": "0609", "NOM_ACUIF": "SANTIAGO-SALAGUA" }, "geometry": { "type": "MultiPolygon", "coordinates": [ ] } },
{ "type": "Feature", "properties": { "fid": 22.0, "cat": 19, "VULNERABIL": 4.0, "CLAVE_ACUI": "0609", "NOM_ACUIF": "SANTIAGO-SALAGUA" }, "geometry": { "type": "MultiPolygon", "coordinates": [ [ [ [ -104.336486757809681, 19.102392232993001 ], [ -104.337654113449119, 19.102697372911727 ], [ -104.339767455961194, 19.103326798205501 ], [ -104.340621948057418, 19.103384018041464 ], [ -104.340644835946222, 19.10278892629524 ], [ -104.341468810293122, 19.102529525872278 ], [ -104.341506957397939, 19.103136063189233 ], [ -104.341839206567613, 19.103274785807823 ], [ -104.341970960514288, 19.103851828320135 ], [ -104.342544662956712, 19.104583991808742 ], [ -104.342779943784677, 19.10488425668343 ], [ -104.343495940260439, 19.105798001452364 ], [ -104.344093181079316, 19.106597956779783 ], [ -104.34449429606056, 19.107038250013748 ], [ -104.345091255268528, 19.107538545170776 ], [ -104.345542938644343, 19.107812959099636 ], [ -104.347053841781815, 19.108593256091925 ], [ -104.347414383521127, 19.108928342835284 ], [ -104.347586000631367, 19.109711791182914 ], [ -104.347470623931088, 19.110495916793273 ], [ -104.346760565463498, 19.113371718755133 ], [ -104.346527571636045, 19.114145259103349 ], [ -104.346150339351212, 19.114879314182449 ], [ -104.345844430990525, 19.115154423842831 ], [ -104.344794088863637, 19.115704210625676 ], [ -104.344467306602908, 19.115847075908952 ], [ -104.343992668597124, 19.115963996810088 ], [ -104.34364139696028, 19.115988161322345 ], [ -104.342476767893103, 19.115984004427716 ], [ -104.342109754379706, 19.115931859229828 ], [ -104.341561654517491, 19.115692675375076 ], [ -104.341145669255567, 19.115403129198388 ], [ -104.339752514954185, 19.114291092383699 ], [ -104.339304571251404, 19.113970927332456 ], [ -104.338607312212204, 19.113588865163671 ], [ -104.338059171395656, 19.11336322665446 ], [ -104.336198447418028, 19.112692299492956 ], [ -104.335666335716667, 19.112471795167149 ], [ -104.335043863967641, 19.112113712079051 ], [ -104.334686730146132, 19.111822669847285 ], [ -104.333642583362277, 19.110822553660459 ], [ -104.333339053016985, 19.110501202735303 ], [ -104.332966718576898, 19.110001684269321 ], [ -104.332738342482969, 19.109609437563424 ], [ -104.332044927048429, 19.108278470337229 ], [ -104.331886399686397, 19.107805142160789 ], [ -104.331840014395098, 19.106927246011981 ], [ -104.33193227548351, 19.106146436828684 ], [ -104.332259148192861, 19.104525774586325 ], [ -104.332656082240476, 19.10271213987712 ], [ -104.332849881078928, 19.101689741340394 ], [ -104.332882788536779, 19.101152043810302 ], [ -104.334808349273473, 19.101953506843898 ], [ -104.336486757809681, 19.102392232993001 ] ] ] ] } },
{ "type": "Feature", "properties": { "fid": 23.0, "cat": 23, "VULNERABIL": 4.0, "CLAVE_ACUI": "0609", "NOM_ACUIF": "SANTIAGO-SALAGUA" }, "geometry": { "type": "MultiPolygon", "coordinates": [ [ [ [ -104.311070816832867, 19.104032837452323 ], [ -104.310849776266068, 19.10401538407228 ], [ -104.310669175800115, 19.104006140567513 ], [ -104.310450767490508, 19.10397821645936 ], [ -104.310224690853559, 19.103927661302972 ], [ -104.310078493238763, 19.103890926469482 ], [ -104.30973515116591, 19.103796853851755 ], [ -104.309342427608044, 19.103689251154488 ], [ -104.309206789161109, 19.10365208673009 ], [ -104.308835473510157, 19.103555598576733 ], [ -104.308591980758521, 19.103496199543184 ], [ -104.308473710499797, 19.103470016622609 ], [ -104.308258635158325, 19.103422402573226 ], [ -104.308101278509682, 19.103394618997658 ], [ -104.307700624347476, 19.103357365911801 ], [ -104.307419389931056, 19.103306964177666 ], [ -104.307279763690147, 19.103260946132899 ], [ -104.307029133982439, 19.103152192170075 ], [ -104.306679667142618, 19.102961165976161 ], [ -104.30648588065668, 19.102871366906683 ], [ -104.306331304930595, 19.102793280345647 ], [ -104.306075541443676, 19.102645817833039 ], [ -104.305895723660981, 19.102510500230757 ], [ -104.305715515436887, 19.10235964399353 ], [ -104.305561718583434, 19.102213000401925 ], [ -104.305111672624989, 19.101800219395457 ], [ -104.304947959744723, 19.101621304604873 ], [ -104.304710357757585, 19.10136163957608 ], [ -104.304536126677988, 19.101191900882647 ], [ -104.304413866737264, 19.101090923643991 ], [ -104.304413839718379, 19.101090141518046 ], [ -104.304411361507505, 19.101088854516203 ], [ -104.304356153607543, 19.10104325700058 ], [ -104.303675977053544, 19.100706947182033 ], [ -104.307909269229526, 19.09552642980637 ], [ -104.30815777570875, 19.095863957661379 ], [ -104.308907797483485, 19.09609271162676 ], [ -104.309886111559351, 19.096286167863706 ], [ -104.310417727677546, 19.09645987212965 ], [ -104.31033007853263, 19.096965646377537 ], [ -104.310353654497334, 19.098158690196275 ], [ -104.310520344853714, 19.099225744115952 ], [ -104.310278013796434, 19.100354529240818 ], [ -104.310606833774685, 19.101295664478421 ], [ -104.311289891715759, 19.101632609162532 ], [ -104.311907679577999, 19.101662031140972 ], [ -104.31232721993446, 19.101356321849881 ], [ -104.312861317236624, 19.100933550963987 ], [ -104.313547024812621, 19.100628831670658 ], [ -104.313901812405973, 19.100982947129442 ], [ -104.313999147696578, 19.101796927207843 ], [ -104.313998785970512, 19.102317122406795 ], [ -104.313771949003851, 19.102861890577774 ], [ -104.313448257121777, 19.103119935131499 ], [ -104.312164526861096, 19.103779369439952 ], [ -104.311744977579394, 19.103940469118545 ], [ -104.311070816832867, 19.104032837452323 ] ] ] ] } },
{ "type": "Feature", "properties": { "fid": 24.0, "cat": 24, "VULNERABIL": 2.0, "CLAVE_ACUI": "0609", "NOM_ACUIF": "SANTIAGO-SALAGUA" }, "geometry": { "type": "MultiPolygon", "coordinates": [ [ [ [ -104.350555419058921, 19.100158692366271 ], [ -104.350463866736561, 19.101413726654933 ], [ -104.349853515399246, 19.102115631158131 ], [ -104.349800110082626, 19.103019714904995 ], [ -104.349514897051222, 19.102676439793264 ], [ -104.34815060771021, 19.100875779256892 ], [ -104.347621616295342, 19.100210629549665 ], [ -104.347087141983934, 19.099671439295964 ], [ -104.346853883427713, 19.099457488183386 ], [ -104.346225107456249, 19.099070857336454 ], [ -104.346389771173051, 19.098741532654611 ], [ -104.345726013215824, 19.098333358924645 ], [ -104.344276427268071, 19.09872436675268 ], [ -104.344329833604036, 19.097894668993323 ], [ -104.344970702208158, 19.097517015300664 ], [ -104.346054076755365, 19.097204207975508 ], [ -104.347023010319731, 19.097179413277622 ], [ -104.348014830419899, 19.096750259990451 ], [ -104.348556518237416, 19.095975876495345 ], [ -104.348731993765966, 19.094682694727378 ], [ -104.348754882663172, 19.09419632018669 ], [ -104.348861694364047, 19.093301773413117 ], [ -104.349182128003093, 19.092271804996368 ], [ -104.34955596785997, 19.091712951483746 ], [ -104.350036619897196, 19.091072082520874 ], [ -104.350257872716384, 19.09008979939637 ], [ -104.350723265708538, 19.090036393178583 ], [ -104.351219774832359, 19.090237049766351 ], [ -104.351737976452554, 19.090446473045596 ], [ -104.35237884555778, 19.090421678154655 ], [ -104.352958678920302, 19.090505601083461 ], [ -104.35357665907776, 19.090425491345581 ], [ -104.354187010914259, 19.090734482775154 ], [ -104.354621886295931, 19.091125489565016 ], [ -104.35489654412072, 19.091606140844217 ], [ -104.354194640195274, 19.093482970889568 ], [ -104.354171751845328, 19.09391593990766 ], [ -104.354385375525524, 19.094224929346467 ], [ -104.354843140209212, 19.094469071107131 ], [ -104.35501861543041, 19.094903945782733 ], [ -104.355255126042053, 19.09534835823856 ], [ -104.355613708261984, 19.095602035551074 ], [ -104.356010436864366, 19.095930100087031 ], [ -104.356201172141212, 19.096282958797794 ], [ -104.355270384036189, 19.096876144306169 ], [ -104.354667662270955, 19.097162246696172 ], [ -104.353904723654821, 19.097936631741948 ], [ -104.353538512900585, 19.098333359237664 ], [ -104.353225707720952, 19.098712921719816 ], [ -104.352058410056443, 19.099439621415883 ], [ -104.351557413057265, 19.099679311732675 ], [ -104.350555419058921, 19.100158692366271 ] ] ] ] } },
{ "type": "Feature", "properties": { "fid": 25.0, "cat": 25, "VULNERABIL": 3.0, "CLAVE_ACUI": "0609", "NOM_ACUIF": "SANTIAGO-SALAGUA" }, "geometry": { "type": "MultiPolygon", "coordinates": [ ] } },
{ "type": "Feature", "properties": { "fid": 26.0, "cat": 26, "VULNERABIL": 3.0, "CLAVE_ACUI": "0609", "NOM_ACUIF": "SANTIAGO-SALAGUA" }, "geometry": { "type": "MultiPolygon", "coordinates": [ ] } },
{ "type": "Feature", "properties": { "fid": 27.0, "cat": 27, "VULNERABIL": 4.0, "CLAVE_ACUI": "0609", "NOM_ACUIF": "SANTIAGO-SALAGUA" }, "geometry": { "type": "MultiPolygon", "coordinates": [ ] } },
{ "type": "Feature", "properties": { "fid": 28.0, "cat": 28, "VULNERABIL": 3.0, "CLAVE_ACUI": "0609", "NOM_ACUIF": "SANTIAGO-SALAGUA" }, "geometry": { "type": "MultiPolygon", "coordinates": [ ] } },
{ "type": "Feature", "properties": { "fid": 29.0, "cat": 29, "VULNERABIL": 4.0, "CLAVE_ACUI": "0609", "NOM_ACUIF": "SANTIAGO-SALAGUA" }, "geometry": { "type": "MultiPolygon", "coordinates": [ [ [ [ -104.31854619560815, 19.094521121421632 ], [ -104.318483300013852, 19.095828766958668 ], [ -104.318430828962718, 19.096398656425453 ], [ -104.318382361339843, 19.096705908993908 ], [ -104.318331131656208, 19.096905946853145 ], [ -104.318248905994736, 19.0971401868984 ], [ -104.318184225104119, 19.097310188893879 ], [ -104.318030862064532, 19.097643135435469 ], [ -104.31783113103144, 19.097994177857288 ], [ -104.317710647477185, 19.098157780403834 ], [ -104.317564819932613, 19.098291233916758 ], [ -104.317298230629291, 19.098552879913314 ], [ -104.317092119333708, 19.098491074465937 ], [ -104.317454495415902, 19.098212253604888 ], [ -104.317723218180447, 19.097589658090616 ], [ -104.31677666740589, 19.096601056283117 ], [ -104.315232450742343, 19.09532102738623 ], [ -104.313995553891019, 19.094227363499773 ], [ -104.312893021547055, 19.093251754910835 ], [ -104.311721042005402, 19.09203102331751 ], [ -104.311204886993153, 19.091493397268508 ], [ -104.31381225612003, 19.088302613239186 ], [ -104.31568885856764, 19.090272836511435 ], [ -104.317214964656074, 19.091875077697441 ], [ -104.31739906199364, 19.092019846989448 ], [ -104.318075975372707, 19.092552153821977 ], [ -104.318649160947402, 19.093002891844222 ], [ -104.3185903256649, 19.093766741500037 ], [ -104.31854619560815, 19.094521121421632 ] ] ] ] } },
{ "type": "Feature", "properties": { "fid": 18.0, "cat": 18, "VULNERABIL": 2.0, "CLAVE_ACUI": "0609", "NOM_ACUIF": "SANTIAGO-SALAGUA" }, "geometry": { "type": "MultiPolygon", "coordinates": [ [ [ [ -104.351855673276134, 19.114170310571282 ], [ -104.351383349678215, 19.115829216764254 ], [ -104.351233609345456, 19.11628619291637 ], [ -104.35100714994482, 19.116759842977885 ], [ -104.35083337718541, 19.116979509758732 ], [ -104.350248895493408, 19.117530970331647 ], [ -104.35003808335189, 19.117648838028188 ], [ -104.349638777424772, 19.117647427396424 ], [ -104.349279153235173, 19.117527544140057 ], [ -104.348000218274606, 19.116969494838965 ], [ -104.347656899516664, 19.116783582380311 ], [ -104.347333675652109, 19.116474045140574 ], [ -104.347215245668878, 19.116217762009079 ], [ -104.346985796944523, 19.115331311450081 ], [ -104.346979810970282, 19.115039843449349 ], [ -104.347181323031933, 19.114566110016533 ], [ -104.347475182207148, 19.114180815531043 ], [ -104.348645002309198, 19.112856503236227 ], [ -104.34898185531334, 19.11241544108503 ], [ -104.349384025068318, 19.111681467672522 ], [ -104.349621700290669, 19.111073996625723 ], [ -104.350328672458943, 19.108973103527504 ], [ -104.350508122297299, 19.108499839904415 ], [ -104.350490923125705, 19.108506569840241 ], [ -104.350517776819572, 19.108020354515649 ], [ -104.350529419924001, 19.107294738289259 ], [ -104.350458448594821, 19.106779800311436 ], [ -104.35031919333413, 19.10601531630601 ], [ -104.350136638240386, 19.104856513370429 ], [ -104.350137738450471, 19.104856200016986 ], [ -104.350135780681157, 19.104843693895209 ], [ -104.350098242767146, 19.104282545905431 ], [ -104.35011291417004, 19.104015350966002 ], [ -104.350585936245736, 19.104423522632292 ], [ -104.351119994554196, 19.104669571847349 ], [ -104.351615905185426, 19.104608536808566 ], [ -104.351959228181897, 19.10448265178206 ], [ -104.352310180759147, 19.103996276966342 ], [ -104.352737426470895, 19.103481293666576 ], [ -104.353584289733604, 19.103250503581581 ], [ -104.354057311422011, 19.103305817735691 ], [ -104.354362488712596, 19.103406906979703 ], [ -104.35447692753867, 19.104129791956851 ], [ -104.355102539398686, 19.104946137190201 ], [ -104.354812622741832, 19.105314254459412 ], [ -104.353866576214273, 19.105310441063736 ], [ -104.353065489607744, 19.105453491173151 ], [ -104.352676391086305, 19.105688095066597 ], [ -104.352409362920454, 19.106138230467867 ], [ -104.351509094127749, 19.106315613833655 ], [ -104.351051330572275, 19.106927872335365 ], [ -104.351028442027683, 19.107561112106286 ], [ -104.351387022914082, 19.107913971188481 ], [ -104.352111816392906, 19.107971191774734 ], [ -104.352142332574246, 19.108423233714198 ], [ -104.351234434864168, 19.108520508873475 ], [ -104.35101318307089, 19.109413147310882 ], [ -104.351257323990183, 19.110174179476907 ], [ -104.351989744638246, 19.111099244408805 ], [ -104.352590083940029, 19.111929077156574 ], [ -104.352290712258181, 19.112777592097331 ], [ -104.352013564895657, 19.113615747059065 ], [ -104.351855673276134, 19.114170310571282 ] ] ] ] } },
{ "type": "Feature", "properties": { "fid": 10.0, "cat": 13, "VULNERABIL": 2.0, "CLAVE_ACUI": "0609", "NOM_ACUIF": "SANTIAGO-SALAGUA" }, "geometry": { "type": "MultiPolygon", "coordinates": [ [ [ [ -104.380934548892043, 19.125670275679219 ], [ -104.380752135054081, 19.12563733263983 ], [ -104.380716220091131, 19.1256281344664 ], [ -104.380673886267601, 19.125612400772621 ], [ -104.380632579635787, 19.125590792390081 ], [ -104.380608247299634, 19.125570500465351 ], [ -104.38059027794101, 19.125547212650616 ], [ -104.380581134274067, 19.125519096730706 ], [ -104.380576498030948, 19.125483734348606 ], [ -104.380576696805662, 19.125456542357792 ], [ -104.380583256203224, 19.12515530725593 ], [ -104.380591396242721, 19.125010264978744 ], [ -104.380604715923582, 19.124857611368775 ], [ -104.38060283594109, 19.124750714929615 ], [ -104.380599556096215, 19.124651181056901 ], [ -104.380598662381686, 19.124555553603049 ], [ -104.380593205399634, 19.124423896694694 ], [ -104.38058297009502, 19.124277205573435 ], [ -104.380583649889459, 19.124268459866826 ], [ -104.380587362656343, 19.12425901652492 ], [ -104.380598339532412, 19.124254254497817 ], [ -104.380610270826523, 19.124253030225141 ], [ -104.380640234920634, 19.124259338461979 ], [ -104.380671500213836, 19.124265920627106 ], [ -104.380707126837962, 19.124272383894152 ], [ -104.380743326549819, 19.124275617311753 ], [ -104.380787206370414, 19.124276934660841 ], [ -104.38083271059952, 19.124276358340762 ], [ -104.380879197336043, 19.124273824708425 ], [ -104.38090657620684, 19.124270631083636 ], [ -104.380931926496615, 19.124266807271788 ], [ -104.380953840237609, 19.124261694065062 ], [ -104.380972898670777, 19.124255917469 ], [ -104.380997685944706, 19.124246582696692 ], [ -104.381016913644388, 19.124235327457868 ], [ -104.381045808656353, 19.124209499514208 ], [ -104.381057108381654, 19.124190612830397 ], [ -104.381067762408449, 19.124168094092035 ], [ -104.381075046548546, 19.124145792602164 ], [ -104.381077123613665, 19.124129046561965 ], [ -104.381078508247001, 19.124099858549158 ], [ -104.381075713482687, 19.124056185829801 ], [ -104.381069999059989, 19.12401299664117 ], [ -104.381062790603508, 19.123958515654436 ], [ -104.381061230660066, 19.123920205542117 ], [ -104.381063868360542, 19.123880659109581 ], [ -104.381067669644409, 19.123852940260576 ], [ -104.381070142020107, 19.123842199401913 ], [ -104.381077447887336, 19.123832411536803 ], [ -104.381089474023611, 19.123825389564619 ], [ -104.381102710844729, 19.123820950386801 ], [ -104.381120306131351, 19.123820385400538 ], [ -104.381143067006676, 19.123825147427645 ], [ -104.381183014070956, 19.123835740501537 ], [ -104.381219665263146, 19.123842152827031 ], [ -104.381250879561705, 19.123843864649931 ], [ -104.381290044148599, 19.12384193559102 ], [ -104.381325084991531, 19.123833914799508 ], [ -104.381356298251788, 19.123822571350956 ], [ -104.381388432471454, 19.123801498716738 ], [ -104.381429111482689, 19.123765743157236 ], [ -104.381475843918281, 19.123709083105823 ], [ -104.381511760902399, 19.123641769027675 ], [ -104.381522977585661, 19.123609125603299 ], [ -104.381537137992908, 19.123559496958773 ], [ -104.381546271742707, 19.123514065440983 ], [ -104.381550502817888, 19.123489384160088 ], [ -104.381555345557331, 19.123468721805168 ], [ -104.381561923611727, 19.123456292107278 ], [ -104.381573985013702, 19.123447367736794 ], [ -104.381588998213346, 19.123440756343559 ], [ -104.381627986648866, 19.123428688492492 ], [ -104.38175980946977, 19.123395136500346 ], [ -104.381870484380926, 19.123375627557682 ], [ -104.381932528083226, 19.123357462561582 ], [ -104.38195961341026, 19.123329486319889 ], [ -104.381973396139202, 19.123294835555566 ], [ -104.3819770537377, 19.12319230614894 ], [ -104.381943488141758, 19.123039271805354 ], [ -104.381906274520475, 19.122869605158733 ], [ -104.381904463863592, 19.122782120520775 ], [ -104.381915624387673, 19.122712006550753 ], [ -104.381958644862394, 19.122602537322702 ], [ -104.382025151817302, 19.122532801874875 ], [ -104.382088714033046, 19.122494240346011 ], [ -104.382127399678964, 19.122476314689898 ], [ -104.382175298958515, 19.122465911904708 ], [ -104.382316684731222, 19.12244982960592 ], [ -104.38254485347953, 19.12244440357448 ], [ -104.382846492784282, 19.122450202779444 ], [ -104.382891038776719, 19.122453827396036 ], [ -104.38292251774817, 19.122459313547587 ], [ -104.382962938028143, 19.122469544213036 ], [ -104.382984865030735, 19.122476144772985 ], [ -104.383026672046256, 19.122493207809601 ], [ -104.383059279686918, 19.122509633086896 ], [ -104.383094029980285, 19.122531753508369 ], [ -104.383172652675242, 19.122581800985756 ], [ -104.382572786756, 19.123409586551823 ], [ -104.382145521434296, 19.123999192059383 ], [ -104.381744838214033, 19.124552115550827 ], [ -104.380934548892043, 19.125670275679219 ] ] ] ] } }
]
}
