{
"type": "FeatureCollection",
"name": "2305",
"crs": { "type": "name", "properties": { "name": "urn:ogc:def:crs:OGC:1.3:CRS84" } },
"features": [
{ "type": "Feature", "properties": { "cat": 2, "CLAVE_ACUI": "2305", "NOM_ACUIF": "ISLA DE COZUMEL", "fid": 1.0, "VULNERABIL": 4.0 }, "geometry": { "type": "Polygon", "coordinates": [ [ [ -86.759764178457189, 20.571029101533547 ], [ -86.760021790801943, 20.571017069719176 ], [ -86.760258706649921, 20.571013858189183 ], [ -86.760474926042306, 20.57101946702895 ], [ -86.760670449013162, 20.571033896316354 ], [ -86.760845275589602, 20.571057146121728 ], [ -86.760999405791551, 20.5710892165079 ], [ -86.761132839631969, 20.57113010753017 ], [ -86.761245577116682, 20.571179819236331 ], [ -86.761337618244468, 20.571238351666665 ], [ -86.761408963007071, 20.571305704853906 ], [ -86.761459611389114, 20.571381878823285 ], [ -86.761489563368187, 20.571466873592527 ], [ -86.76151200813355, 20.571543008692174 ], [ -86.761526945670283, 20.571610284125246 ], [ -86.761534375966008, 20.571668699893763 ], [ -86.761534299011004, 20.571718255998778 ], [ -86.761526714798109, 20.571758952440359 ], [ -86.761511623322733, 20.571790789217598 ], [ -86.761489024582929, 20.57181376632861 ], [ -86.761458918579294, 20.571827883770528 ], [ -86.761421305315054, 20.571833141539511 ], [ -86.761376184795992, 20.571829539630741 ], [ -86.761323557030522, 20.571817078038421 ], [ -86.761263422029643, 20.571795756755783 ], [ -86.761195779806911, 20.571765575775057 ], [ -86.761120630378514, 20.571726535087514 ], [ -86.761037973763209, 20.571678634683455 ], [ -86.760947809982383, 20.571621874552172 ], [ -86.760859493442098, 20.571586355301154 ], [ -86.76077302410458, 20.571572076933098 ], [ -86.760688401933479, 20.571579039450523 ], [ -86.76060562689382, 20.571607242855748 ], [ -86.760524698952167, 20.571656687150881 ], [ -86.760445618076446, 20.57172737233784 ], [ -86.760368384236017, 20.571819298418312 ], [ -86.76029299740172, 20.57193246539385 ], [ -86.760219457545801, 20.572066873265744 ], [ -86.760147764641928, 20.572222522035094 ], [ -86.760077918665232, 20.572399411702833 ], [ -86.760009919592264, 20.572597542269662 ], [ -86.759943767400998, 20.572816913736087 ], [ -86.759879462070884, 20.573057526102435 ], [ -86.759817003582739, 20.573319379368797 ], [ -86.75975639191887, 20.573602473535111 ], [ -86.759682645796502, 20.573867850797068 ], [ -86.759595765174254, 20.574115511139109 ], [ -86.759495750019809, 20.574345454542648 ], [ -86.75938260030992, 20.574557680986079 ], [ -86.759256316030417, 20.574752190444787 ], [ -86.759116897176156, 20.574928982891173 ], [ -86.75896434375106, 20.575088058294597 ], [ -86.758798655768132, 20.575229416621454 ], [ -86.758619833249398, 20.57535305783507 ], [ -86.758427876225994, 20.575458981895828 ], [ -86.758222784738081, 20.575547188761053 ], [ -86.758004558834884, 20.575617678385086 ], [ -86.757773198574711, 20.575670450719269 ], [ -86.752711723192846, 20.576654417777849 ], [ -86.752531176476992, 20.576677167984371 ], [ -86.752350649694705, 20.576687528991346 ], [ -86.752170142889739, 20.576685500799325 ], [ -86.751989656105792, 20.576671083408812 ], [ -86.751809189386492, 20.576644276820247 ], [ -86.751628742775466, 20.576605081034025 ], [ -86.751448316316257, 20.576553496050494 ], [ -86.751267910052405, 20.576489521869949 ], [ -86.751087524027383, 20.576413158492617 ], [ -86.750907158284605, 20.576324405918694 ], [ -86.750726812867427, 20.576223264148293 ], [ -86.750546487819236, 20.576109733181521 ], [ -86.750401900253038, 20.575989174108063 ], [ -86.750293050103238, 20.575861587016519 ], [ -86.75021993729473, 20.575726971973229 ], [ -86.75018256174279, 20.575585329022275 ], [ -86.750180923353156, 20.575436658185502 ], [ -86.750215022022005, 20.575280959462496 ], [ -86.75028485763589, 20.57511823283059 ], [ -86.75039043007186, 20.574948478244867 ], [ -86.750531739197342, 20.57477169563818 ], [ -86.750708784870255, 20.574587884921112 ], [ -86.750921566938914, 20.574397045982 ], [ -86.751170085242066, 20.574199178686968 ], [ -86.751454339608884, 20.573994282879855 ], [ -86.751774329859018, 20.573782358382296 ], [ -86.752130055802468, 20.57356340499366 ], [ -86.752521517239728, 20.573337422491093 ], [ -86.752911080177853, 20.573122055559111 ], [ -86.753298744705987, 20.572917304212243 ], [ -86.753684510912478, 20.572723168464904 ], [ -86.754068378884853, 20.572539648331414 ], [ -86.754450348709824, 20.572366743825956 ], [ -86.754830420473255, 20.572204454962627 ], [ -86.755208594260282, 20.572052781755385 ], [ -86.755584870155118, 20.571911724218097 ], [ -86.75554724259635, 20.571925830009057 ], [ -86.755547242596393, 20.571925830009043 ], [ -86.755848262874849, 20.571812983449938 ], [ -86.756156792468232, 20.571707226394604 ], [ -86.756472831404366, 20.571608558803462 ], [ -86.756796379713165, 20.57151698063592 ], [ -86.757127437426618, 20.571432491850441 ], [ -86.757466004578802, 20.571355092404485 ], [ -86.757812081205856, 20.571284782254562 ], [ -86.758165667346006, 20.571221561356182 ], [ -86.758526763039569, 20.57116542966391 ], [ -86.758867161924499, 20.571118117716274 ], [ -86.759186864077307, 20.571079625636283 ], [ -86.759485869567413, 20.571049953539386 ], [ -86.759764178457189, 20.571029101533547 ] ] ] } },
{ "type": "Feature", "properties": { "cat": 1, "CLAVE_ACUI": "2305", "NOM_ACUIF": "ISLA DE COZUMEL", "fid": 2.0, "VULNERABIL": 5.0 }, "geometry": { "type": "Polygon", "coordinates": [ [ [ -86.748705412078522, 20.578563639194222 ], [ -86.74850411222846, 20.578627061865198 ], [ -86.748308464820937, 20.578683413071598 ], [ -86.748118469889079, 20.578732692833068 ], [ -86.747934127464447, 20.578774901168675 ], [ -86.747755437577027, 20.578810038096886 ], [ -86.747582400255268, 20.578838103635604 ], [ -86.747415015526016, 20.578859097802116 ], [ -86.747253283414565, 20.578873020613145 ], [ -86.747097203944648, 20.578879872084819 ], [ -86.746946777138433, 20.578879652232668 ], [ -86.746805860021624, 20.578813961276165 ], [ -86.746674452761084, 20.578682799238806 ], [ -86.746552555498312, 20.578486166140774 ], [ -86.746440168349537, 20.578224061998966 ], [ -86.746337291405695, 20.577896486826948 ], [ -86.74624392473234, 20.577503440635013 ], [ -86.74616006836979, 20.577044923430133 ], [ -86.746085722333021, 20.576520935215981 ], [ -86.74602088661166, 20.57593147599291 ], [ -86.745965561170081, 20.575276545757994 ], [ -86.745919745947333, 20.574556144504974 ], [ -86.745883440857156, 20.573770272224319 ], [ -86.745856645787995, 20.572918928903146 ], [ -86.745839360603014, 20.572002114525326 ], [ -86.745831585140081, 20.571019829071375 ], [ -86.745833319211769, 20.569972072518524 ], [ -86.745889702339397, 20.568850061769744 ], [ -86.746005808550052, 20.567089372826654 ], [ -86.746018617886648, 20.565664854082542 ], [ -86.74593816750162, 20.564337874850292 ], [ -86.745717085289712, 20.562783061482577 ], [ -86.746102311546807, 20.561797090365562 ], [ -86.74664766684414, 20.560401275408079 ], [ -86.747197855287681, 20.558993090207181 ], [ -86.747804192863725, 20.557441193559146 ], [ -86.74841621083425, 20.555874758169786 ], [ -86.749182403052586, 20.553913719991755 ], [ -86.749789152225517, 20.552360769878007 ], [ -86.751489339045875, 20.548009210067406 ], [ -86.754925162143877, 20.539215358985494 ], [ -86.756028552508909, 20.536391275708084 ], [ -86.757076210804485, 20.533654584485895 ], [ -86.757714013139946, 20.532108608501176 ], [ -86.758432461795621, 20.530238566538038 ], [ -86.759069714135151, 20.528607544795769 ], [ -86.759490264677822, 20.527531162590062 ], [ -86.760022803005825, 20.52616815215028 ], [ -86.760763486457222, 20.524272402635621 ], [ -86.761391049511204, 20.522666180230154 ], [ -86.76145345971176, 20.52250644383102 ], [ -86.761861241740931, 20.522292340835598 ], [ -86.762031239561708, 20.522183056522227 ], [ -86.762148067956531, 20.522103633861352 ], [ -86.762270589266635, 20.52199942412966 ], [ -86.76238456798832, 20.52189490796685 ], [ -86.762498199089393, 20.521760651809199 ], [ -86.762621218385974, 20.521592197902478 ], [ -86.762721982210891, 20.521418151295801 ], [ -86.762886655551668, 20.521127551282667 ], [ -86.762964400637955, 20.520965550631637 ], [ -86.763051168130005, 20.520770028405906 ], [ -86.763141654426747, 20.520608261467135 ], [ -86.763238646909954, 20.520469604078549 ], [ -86.763328153297707, 20.52035731775581 ], [ -86.763388426295919, 20.520275985700287 ], [ -86.76344871826241, 20.520182264520905 ], [ -86.763509029182359, 20.520076154217087 ], [ -86.763569359040886, 20.519957654788229 ], [ -86.763629707823085, 20.519826766233656 ], [ -86.763690075513978, 20.519683488552644 ], [ -86.763750462098585, 20.519527821744422 ], [ -86.76381086756183, 20.519359765808158 ], [ -86.763871291888648, 20.519179320742978 ], [ -86.76393173506392, 20.518986486547934 ], [ -86.76399219707244, 20.518781263222063 ], [ -86.764052677899016, 20.518563650764296 ], [ -86.764113177528401, 20.51833364917356 ], [ -86.764173695945303, 20.518091258448699 ], [ -86.764234233134374, 20.517836478588517 ], [ -86.76431108969021, 20.517585111036855 ], [ -86.764380945856914, 20.517440824247505 ], [ -86.764469559650834, 20.517312857152096 ], [ -86.764544444601455, 20.517194986588741 ], [ -86.764636392829061, 20.516993219192006 ], [ -86.764702917662476, 20.516778617957012 ], [ -86.764729914103057, 20.516635713360721 ], [ -86.764770800221186, 20.51647384964965 ], [ -86.764815367556224, 20.516314948890859 ], [ -86.764892145999283, 20.51608714101264 ], [ -86.765005082352047, 20.51581074065982 ], [ -86.765069500016352, 20.515616145884604 ], [ -86.765212313211649, 20.515176064030179 ], [ -86.765341882730951, 20.514775637718341 ], [ -86.765493649082373, 20.514263303024002 ], [ -86.765553974011922, 20.513964055645982 ], [ -86.765576069993742, 20.513784812742223 ], [ -86.765584474397755, 20.513559253827935 ], [ -86.765556703652152, 20.513340039936153 ], [ -86.765524656526026, 20.513176449183948 ], [ -86.766984013508903, 20.511331802301022 ], [ -86.82309153173658, 20.440411143530472 ], [ -86.823471591843557, 20.440391702153331 ], [ -86.82433960392882, 20.440348055752509 ], [ -86.825032884115259, 20.440332051916606 ], [ -86.825732000349248, 20.440331369061226 ], [ -86.826032585092037, 20.440331669752709 ], [ -86.826327539839255, 20.440326654616978 ], [ -86.826616864560805, 20.440316323682431 ], [ -86.826900559227724, 20.440300676976918 ], [ -86.827178623812216, 20.440279714527737 ], [ -86.827451058287679, 20.440253436361647 ], [ -86.827717862628617, 20.440221842504858 ], [ -86.827979036810746, 20.440184932983033 ], [ -86.828234580810928, 20.440142707821298 ], [ -86.828484494607181, 20.440095167044191 ], [ -86.8287287781787, 20.440042310675761 ], [ -86.828967431505802, 20.439984138739465 ], [ -86.829200454570028, 20.439920651258237 ], [ -86.829427847354026, 20.439851848254445 ], [ -86.829649609841638, 20.43977772974992 ], [ -86.829865742017859, 20.439698295765947 ], [ -86.830076243868831, 20.439613546323276 ], [ -86.830303676604061, 20.439507574363073 ], [ -86.83054804009528, 20.439380379817315 ], [ -86.830809334200268, 20.439231962612748 ], [ -86.831087558762832, 20.439062322670967 ], [ -86.831382713612783, 20.438871459908338 ], [ -86.831694798566019, 20.438659374236082 ], [ -86.832023813424442, 20.438426065560204 ], [ -86.832369757975968, 20.438171533781535 ], [ -86.832732631994588, 20.437895778795721 ], [ -86.833112435240324, 20.437598800493234 ], [ -86.833509167459226, 20.43728059875934 ], [ -86.833922828383365, 20.436941173474153 ], [ -86.834353417730895, 20.436580524512625 ], [ -86.834800935206019, 20.436198651744476 ], [ -86.835265380498939, 20.435795555034307 ], [ -86.83574675328596, 20.435371234241526 ], [ -86.836222498906054, 20.434936287395942 ], [ -86.836692617307662, 20.434490714541834 ], [ -86.837157108441545, 20.434034515722889 ], [ -86.837615972260778, 20.433567690982233 ], [ -86.838069208720711, 20.433090240362439 ], [ -86.838516817779094, 20.432602163905489 ], [ -86.838958799395911, 20.432103461652808 ], [ -86.839395153533502, 20.431594133645248 ], [ -86.839825880156511, 20.431074179923101 ], [ -86.840250979231897, 20.430543600526086 ], [ -86.84067045072895, 20.430002395493343 ], [ -86.841084294619236, 20.429450564863455 ], [ -86.841492510876677, 20.428888108674418 ], [ -86.841895099477483, 20.428315026963674 ], [ -86.842292060400212, 20.427731319768093 ], [ -86.842683393625649, 20.427136987123966 ], [ -86.843067208084747, 20.42654441666863 ], [ -86.843443503876813, 20.425953608452865 ], [ -86.843812281100739, 20.425364562526472 ], [ -86.844173539854893, 20.424777278938258 ], [ -86.844527280237074, 20.424191757736068 ], [ -86.844873502344626, 20.423607998966737 ], [ -86.845212206274368, 20.423026002676142 ], [ -86.845543392122593, 20.422445768909164 ], [ -86.845867059985068, 20.421867297709689 ], [ -86.846183209957076, 20.421290589120648 ], [ -86.846491842133403, 20.420715643183964 ], [ -86.846792956608269, 20.420142459940596 ], [ -86.847086553475421, 20.419571039430505 ], [ -86.847372632828083, 20.419001381692684 ], [ -86.847651194758953, 20.418433486765139 ], [ -86.84792223936023, 20.417867354684891 ], [ -86.848140609291079, 20.417380821863475 ], [ -86.848306305388846, 20.416973888517596 ], [ -86.848419328327822, 20.416646554812928 ], [ -86.848479678619242, 20.41639882086416 ], [ -86.848487356611358, 20.416230686735009 ], [ -86.848450774735468, 20.41615870510428 ], [ -86.848649307669135, 20.415809590514087 ], [ -86.849138505273629, 20.414964000938685 ], [ -86.849608867717095, 20.414166181023596 ], [ -86.85049309000884, 20.412713850848533 ], [ -86.850906951213076, 20.41205934090776 ], [ -86.851301979968213, 20.411452601265736 ], [ -86.851678176864226, 20.410893632064209 ], [ -86.85203554245598, 20.410382433437782 ], [ -86.852374077263107, 20.409919005513959 ], [ -86.852693781770142, 20.409503348413093 ], [ -86.852994656426461, 20.409135462248429 ], [ -86.853284254977609, 20.408772875763976 ], [ -86.853562577532415, 20.408415589017295 ], [ -86.85382962419736, 20.408063602063717 ], [ -86.854085395076652, 20.407716914956399 ], [ -86.85432989027214, 20.407375527746222 ], [ -86.854563109883443, 20.407039440481892 ], [ -86.854785054007792, 20.4067086532099 ], [ -86.854995722740185, 20.4063831659745 ], [ -86.855195116173277, 20.40606297881774 ], [ -86.855383234397394, 20.405748091779476 ], [ -86.855560077500613, 20.405438504897294 ], [ -86.85572564556864, 20.405134218206626 ], [ -86.855879938684922, 20.404835231740666 ], [ -86.856022956930587, 20.404541545530385 ], [ -86.856154700384451, 20.404253159604551 ], [ -86.856275169123023, 20.403970073989704 ], [ -86.856397500868141, 20.403702918971319 ], [ -86.856521695648468, 20.403451694547108 ], [ -86.856647753493817, 20.403216400714623 ], [ -86.856775674435113, 20.402997037471316 ], [ -86.856905458504343, 20.402793604814466 ], [ -86.85703710573469, 20.402606102741224 ], [ -86.857170616160417, 20.402434531248609 ], [ -86.857305989816879, 20.402278890333474 ], [ -86.857443226740585, 20.40213917999256 ], [ -86.857582326969123, 20.402015400222453 ], [ -86.85772329054123, 20.401907551019608 ], [ -86.857866117496741, 20.401815632380313 ], [ -86.85801080787661, 20.401739644300736 ], [ -86.858157361722903, 20.401679586776929 ], [ -86.85830577907879, 20.401635459804748 ], [ -86.858456059988612, 20.40160726337994 ], [ -86.858613866512826, 20.401564913674321 ], [ -86.858779198602065, 20.401508410666946 ], [ -86.858952056202853, 20.401437754335802 ], [ -86.85913243925755, 20.401352944657841 ], [ -86.859320347704369, 20.401253981608921 ], [ -86.859515781477384, 20.401140865163825 ], [ -86.859718740506551, 20.401013595296309 ], [ -86.859929224717646, 20.400872171979032 ], [ -86.860147234032311, 20.400716595183599 ], [ -86.86037276836808, 20.400546864880539 ], [ -86.860605827638324, 20.400362981039329 ], [ -86.860846411752249, 20.400164943628372 ], [ -86.861094520614955, 20.399952752615008 ], [ -86.861350154127408, 20.399726407965531 ], [ -86.861613312186392, 20.399485909645119 ], [ -86.861883994684604, 20.399231257617959 ], [ -86.862156560746072, 20.398969527017673 ], [ -86.862431010323732, 20.398700717834554 ], [ -86.862707343370033, 20.398424830058776 ], [ -86.862985559836886, 20.398141863680465 ], [ -86.863265659675648, 20.397851818689656 ], [ -86.863547642837219, 20.397554695076302 ], [ -86.863831509271947, 20.397250492830274 ], [ -86.864117258929639, 20.396939211941362 ], [ -86.864404891759619, 20.396620852399291 ], [ -86.864694407710687, 20.396295414193688 ], [ -86.864985806731099, 20.395962897314103 ], [ -86.865279088768631, 20.395623301750035 ], [ -86.865574253770504, 20.395276627490865 ], [ -86.865871301683441, 20.394922874525921 ], [ -86.866170232453626, 20.394562042844424 ], [ -86.86647104602676, 20.394194132435544 ], [ -86.866771868817111, 20.393813832130427 ], [ -86.867072700751962, 20.393421141927035 ], [ -86.867373541758539, 20.39301606182325 ], [ -86.867674391764098, 20.392598591816956 ], [ -86.867975250695864, 20.392168731905929 ], [ -86.868276118481006, 20.39172648208794 ], [ -86.868576995046737, 20.391271842360688 ], [ -86.868877880320213, 20.390804812721811 ], [ -86.869178774228601, 20.390325393168922 ], [ -86.869479676699029, 20.389833583699581 ], [ -86.869780587658639, 20.389329384311271 ], [ -86.870081507034513, 20.388812795001456 ], [ -86.870382434753779, 20.388283815767505 ], [ -86.870683370743478, 20.387742446606808 ], [ -86.870984314930709, 20.387188687516623 ], [ -86.871285267242541, 20.386622538494233 ], [ -86.871576799500161, 20.386090010273797 ], [ -86.871858911992149, 20.385591102910293 ], [ -86.87213160499455, 20.385125816456679 ], [ -86.872394878771104, 20.384694150963913 ], [ -86.872648733573143, 20.38429610648101 ], [ -86.872893169639596, 20.383931683054943 ], [ -86.873128187196997, 20.383600880730732 ], [ -86.873353786459532, 20.383303699551416 ], [ -86.873569967628939, 20.383040139558023 ], [ -86.873776730894662, 20.382810200789617 ], [ -86.873974076433697, 20.382613883283295 ], [ -86.874162004410721, 20.382451187074128 ], [ -86.874340514977987, 20.382322112195244 ], [ -86.874509608275403, 20.382226658677776 ], [ -86.874669284430524, 20.382164826550877 ], [ -86.874819543558516, 20.382136615841713 ], [ -86.8749735699502, 20.382094248409235 ], [ -86.8751313635603, 20.382037724243013 ], [ -86.87529292434148, 20.381967043332313 ], [ -86.875458252244286, 20.381882205666049 ], [ -86.875627347217218, 20.381783211232854 ], [ -86.875800209206687, 20.381670060021008 ], [ -86.875976838156973, 20.381542752018483 ], [ -86.876157234010336, 20.38140128721292 ], [ -86.876341396706934, 20.381245665591642 ], [ -86.876529326184809, 20.381075887141645 ], [ -86.876721022379968, 20.380891951849613 ], [ -86.876916485226317, 20.380693859701896 ], [ -86.877115714655673, 20.380481610684523 ], [ -86.877318710597777, 20.380255204783218 ], [ -86.877525472980309, 20.380014641983358 ], [ -86.877736001728849, 20.379759922270033 ], [ -86.878006709558079, 20.379395509811634 ], [ -86.878337595466988, 20.378921404309274 ], [ -86.878728658198327, 20.3783376053964 ], [ -86.879179896238711, 20.377644112638826 ], [ -86.879691307818689, 20.376840925534779 ], [ -86.880262890912846, 20.375928043514939 ], [ -86.880894643239813, 20.374905465942462 ], [ -86.881586562262441, 20.373773192113067 ], [ -86.882338645187872, 20.372531221255045 ], [ -86.883150888967648, 20.371179552529377 ], [ -86.884023290297918, 20.369718185029747 ], [ -86.884955845619487, 20.368147117782648 ], [ -86.885948551118034, 20.366466349747455 ], [ -86.88700140272428, 20.364675879816502 ], [ -86.888114396114105, 20.362775706815167 ], [ -86.889287526708827, 20.36076582950199 ], [ -86.890398577513309, 20.358878029054097 ], [ -86.891447553431405, 20.357112306759671 ], [ -86.892434459071737, 20.355468663833555 ], [ -86.893359298747981, 20.353947101417408 ], [ -86.894222076478925, 20.352547620579738 ], [ -86.895022795988808, 20.351270222316057 ], [ -86.895761460707448, 20.350114907548917 ], [ -86.896438073770383, 20.349081677128019 ], [ -86.89705263801909, 20.348170531830295 ], [ -86.897605156001021, 20.347381472359931 ], [ -86.898095629969788, 20.346714499348469 ], [ -86.898524061885311, 20.346169613354839 ], [ -86.898890453413799, 20.345746814865414 ], [ -86.899194805927905, 20.345446104294052 ], [ -86.899437120506761, 20.345267481982123 ], [ -86.899617397936055, 20.34521094819851 ], [ -86.899786403343043, 20.345165027285191 ], [ -86.89994413677222, 20.345129719275199 ], [ -86.900090598263475, 20.34510502419938 ], [ -86.900225787852065, 20.345090942086305 ], [ -86.900349705568615, 20.345087472962316 ], [ -86.900462351439202, 20.345094616851533 ], [ -86.900563725485213, 20.345112373775809 ], [ -86.900653827723445, 20.345140743754765 ], [ -86.900732658166049, 20.345179726805796 ], [ -86.900800216820627, 20.345229322944046 ], [ -86.900856503690079, 20.345289532182417 ], [ -86.900901518772756, 20.345360354531586 ], [ -86.900935262062347, 20.345441789999967 ], [ -86.900957733547955, 20.345533838593756 ], [ -86.900968933214017, 20.345636500316907 ], [ -86.900968861040425, 20.345749775171125 ], [ -86.900985692149249, 20.345854210002727 ], [ -86.901019426571807, 20.34594980480728 ], [ -86.901070064333666, 20.346036559575378 ], [ -86.901137605454622, 20.346114474292687 ], [ -86.9012220499487, 20.346183548939866 ], [ -86.901323397824243, 20.346243783492678 ], [ -86.90144164908375, 20.346295177921888 ], [ -86.901576803724055, 20.346337732193312 ], [ -86.90172886173616, 20.346371446267824 ], [ -86.901897823105358, 20.346396320101324 ], [ -86.902083687811185, 20.346412353644759 ], [ -86.902286455827422, 20.346419546844128 ], [ -86.902506127122081, 20.346417899640475 ], [ -86.902742701657417, 20.346407411969878 ], [ -86.902996179389959, 20.346388083763454 ], [ -86.903266560270453, 20.346359914947392 ], [ -86.903553859620288, 20.346298126568367 ], [ -86.903858077233039, 20.346202718541385 ], [ -86.904179212880251, 20.346073690776052 ], [ -86.904517266311416, 20.345911043176592 ], [ -86.90487223725404, 20.345714775641863 ], [ -86.90524412541356, 20.345484888065336 ], [ -86.905632930473416, 20.345221380335097 ], [ -86.90603865209502, 20.344924252333858 ], [ -86.906461289917758, 20.344593503938977 ], [ -86.906900843559029, 20.344229135022427 ], [ -86.907357312614209, 20.343831145450821 ], [ -86.90783069665666, 20.343399535085389 ], [ -86.908320995237759, 20.342934303782041 ], [ -86.908828207886884, 20.342435451391285 ], [ -86.909352334111446, 20.341902977758295 ], [ -86.909893373396869, 20.341336882722896 ], [ -86.910413750614453, 20.340781394901736 ], [ -86.910913466091998, 20.340236514482775 ], [ -86.911392520148908, 20.339702241646492 ], [ -86.911850913096032, 20.339178576566017 ], [ -86.912288645235847, 20.338665519407012 ], [ -86.912705716862348, 20.338163070327724 ], [ -86.913102128261087, 20.337671229479032 ], [ -86.913477879709149, 20.337189997004334 ], [ -86.913832971475159, 20.336719373039667 ], [ -86.914167403819363, 20.336259357713647 ], [ -86.914481176993462, 20.335809951147457 ], [ -86.914774291240775, 20.335371153454911 ], [ -86.915046746796179, 20.334942964742403 ], [ -86.915298543886038, 20.334525385108915 ], [ -86.915529682728334, 20.334118414646021 ], [ -86.91574016353259, 20.333722053437935 ], [ -86.915960030088684, 20.333325696467625 ], [ -86.916189282325092, 20.332929343699451 ], [ -86.916427920170207, 20.332532995096248 ], [ -86.916675943552505, 20.332136650619347 ], [ -86.916933352400449, 20.331740310228561 ], [ -86.917200146642486, 20.331343973882202 ], [ -86.917476326207122, 20.330947641537072 ], [ -86.917761891022835, 20.330551313148476 ], [ -86.9180568410181, 20.330154988670195 ], [ -86.918361176121465, 20.329758668054499 ], [ -86.918674896261422, 20.329362351252161 ], [ -86.918998001366518, 20.328966038212453 ], [ -86.919330491365258, 20.328569728883124 ], [ -86.919672366186191, 20.328173423210426 ], [ -86.920023625757892, 20.327777121139089 ], [ -86.920384270008896, 20.327380822612355 ], [ -86.920840690193415, 20.326913769713492 ], [ -86.921392884826702, 20.32637596167632 ], [ -86.922040852162965, 20.325767397574761 ], [ -86.922784590195448, 20.325088076322984 ], [ -86.923624096656425, 20.324337996675442 ], [ -86.92455936901726, 20.323517157226899 ], [ -86.925590404488446, 20.3226255564126 ], [ -86.926717200019667, 20.321663192508296 ], [ -86.961047714013631, 20.292431428615902 ], [ -86.961257967905993, 20.292254481988707 ], [ -86.961453201985307, 20.292095231126908 ], [ -86.961633416364094, 20.291953676081878 ], [ -86.961807997647369, 20.291820969284331 ], [ -86.961976945879258, 20.291697110751606 ], [ -86.962140261101965, 20.291582100500431 ], [ -86.962297943355779, 20.291475938546988 ], [ -86.962449992679097, 20.291378624906883 ], [ -86.965340764713062, 20.289556189770682 ], [ -86.965547244448203, 20.289432335178407 ], [ -86.965811903849755, 20.289317341375263 ], [ -86.966134742834583, 20.289211208097683 ], [ -86.966515761339409, 20.289113935024169 ], [ -86.96695495932093, 20.289025521775198 ], [ -86.967452336755727, 20.2889459679133 ], [ -86.968007893640305, 20.288875272943013 ], [ -86.96862162999102, 20.288813436310907 ], [ -86.969293545844167, 20.288760457405541 ], [ -86.970023641255835, 20.28871633555752 ], [ -86.970811916302083, 20.288681070039438 ], [ -86.971658371078689, 20.288654660065905 ], [ -86.97256300570136, 20.288637104793555 ], [ -86.973525820305596, 20.288628403321006 ], [ -86.974546815046679, 20.288628554688881 ], [ -86.975511502158966, 20.288646391576492 ], [ -86.976419881950136, 20.288681914914537 ], [ -86.97727195468967, 20.288735125579247 ], [ -86.978067720608877, 20.288806024392379 ], [ -86.978807179900812, 20.288894612121208 ], [ -86.979490332720388, 20.289000889478555 ], [ -86.980117179184219, 20.289124857122797 ], [ -86.980687719370749, 20.28926651565784 ], [ -86.981201953320095, 20.289425865633159 ], [ -86.98165988103419, 20.289602907543763 ], [ -86.982061502476611, 20.289797641830244 ], [ -86.982406817572738, 20.290010068878754 ], [ -86.982695826209635, 20.290240189020967 ], [ -86.982928528236059, 20.290488002534158 ], [ -86.983104923462477, 20.290753509641156 ], [ -86.983225011661062, 20.29103671051034 ], [ -86.98334510143026, 20.291309291689274 ], [ -86.983465192745598, 20.29157125317894 ], [ -86.983585285582606, 20.291822594980239 ], [ -86.983705379916771, 20.292063317094112 ], [ -86.98382547572362, 20.292293419521364 ], [ -86.983945572978641, 20.292512902262839 ], [ -86.984065671657319, 20.292721765319296 ], [ -86.984185771735184, 20.292920008691485 ], [ -86.984305873187694, 20.293107632380103 ], [ -86.984425975990362, 20.29328463638581 ], [ -86.984546080118648, 20.293451020709217 ], [ -86.984666185548065, 20.293606785350924 ], [ -86.984786292254057, 20.293751930311469 ], [ -86.984906400212125, 20.293886455591363 ], [ -86.985026509397755, 20.294010361191081 ], [ -86.985146619786377, 20.294123647111039 ], [ -86.985283623251263, 20.294228084704862 ], [ -86.985437519803071, 20.294323673933203 ], [ -86.985608309446718, 20.29441041475182 ], [ -86.985795992181366, 20.294488307111518 ], [ -86.986000568000421, 20.294557350958218 ], [ -86.986222036891533, 20.294617546232914 ], [ -86.986460398836584, 20.294668892871645 ], [ -86.986715653811757, 20.294711390805574 ], [ -86.986987801787421, 20.294745039960926 ], [ -86.987276842728207, 20.294769840258994 ], [ -86.987582776593001, 20.294785791616182 ], [ -86.987905603334923, 20.294792893943942 ], [ -86.988245322901335, 20.29479114714885 ], [ -86.988601935233874, 20.294780551132508 ], [ -86.988975440268362, 20.294761105791654 ], [ -86.989365837934912, 20.294732811018086 ], [ -86.989737465858497, 20.294713363937408 ], [ -86.990090324109389, 20.294702764669232 ], [ -86.990424412751437, 20.294701013327106 ], [ -86.990739731842126, 20.294708110018504 ], [ -86.991036281432528, 20.294724054844828 ], [ -86.991314061567351, 20.294748847901413 ], [ -86.991573072284893, 20.294782489277559 ], [ -86.991813313617101, 20.294824979056443 ], [ -86.992034785589468, 20.294876317315218 ], [ -86.992237488221178, 20.294936504124969 ], [ -86.992421421524938, 20.29500553955069 ], [ -86.992586585507155, 20.295083423651342 ], [ -86.992732980167773, 20.295170156479784 ], [ -86.992860605500354, 20.295265738082865 ], [ -86.992969461492123, 20.295370168501307 ], [ -86.993059548123867, 20.295483447769804 ], [ -86.993162773197454, 20.295598497436476 ], [ -86.993279136745528, 20.295715317478017 ], [ -86.993408638801625, 20.295833907868168 ], [ -86.993551279400137, 20.295954268577713 ], [ -86.993707058576391, 20.29607639957446 ], [ -86.993875976366581, 20.296200300823291 ], [ -86.994058032807814, 20.296325972286088 ], [ -86.994253227938103, 20.296453413921814 ], [ -86.994461561796356, 20.29658262568643 ], [ -86.994683034422337, 20.296713607532979 ], [ -86.994917645856745, 20.296846359411504 ], [ -86.995165396141161, 20.296980881269139 ], [ -86.995426285318089, 20.297117173049983 ], [ -86.995700313430874, 20.297255234695246 ], [ -86.995987480523794, 20.297395066143128 ], [ -86.996287786642029, 20.297536667328895 ], [ -86.9965749552088, 20.297657028557207 ], [ -86.99684898607623, 20.297756149893559 ], [ -86.997109879107214, 20.297834031400338 ], [ -86.99735763417533, 20.29789067313683 ], [ -86.99759225116496, 20.297926075159211 ], [ -86.997813729971199, 20.29794023752055 ], [ -86.9980220704999, 20.297933160270809 ], [ -86.998217272667617, 20.297904843456823 ], [ -86.998399336401732, 20.297855287122353 ], [ -86.998568261640315, 20.297784491308011 ], [ -86.998724048332178, 20.297692456051319 ], [ -86.998866696436906, 20.297579181386684 ], [ -86.998996205924811, 20.297444667345392 ], [ -86.99911257677698, 20.297288913955637 ], [ -86.999215808985198, 20.297111921242475 ], [ -86.999305902552038, 20.296913689227868 ], [ -86.999386611217176, 20.29672607672272 ], [ -86.999457935030989, 20.296549083740697 ], [ -86.999519874040047, 20.296382710293909 ], [ -86.999572428287081, 20.296226956392932 ], [ -86.999615597810944, 20.296081822046773 ], [ -86.999649382646723, 20.295947307262914 ], [ -86.99967378282561, 20.295823412047255 ], [ -86.999688798374976, 20.295710136404207 ], [ -86.999694429318353, 20.295607480336567 ], [ -86.999690675675438, 20.295515443845627 ], [ -86.999677537462091, 20.295434026931115 ], [ -86.999655014690333, 20.295363229591221 ], [ -86.99962310736835, 20.295303051822568 ], [ -86.999581815500491, 20.295253493620258 ], [ -86.999531139087267, 20.295214554977825 ], [ -86.999471078125367, 20.295186235887243 ], [ -86.999412894159335, 20.295140217457543 ], [ -86.999356587207359, 20.295076499690293 ], [ -86.999302157286294, 20.294995082586929 ], [ -86.999249604411773, 20.294895966148694 ], [ -86.999198928598091, 20.294779150376698 ], [ -86.999150129858307, 20.294644635271862 ], [ -86.999103208204176, 20.294492420834921 ], [ -86.999058163646168, 20.294322507066472 ], [ -86.999014996193495, 20.294134893966952 ], [ -86.998973705854098, 20.293929581536599 ], [ -86.998934292634601, 20.293706569775491 ], [ -86.998896756540375, 20.29346585868355 ], [ -86.998861097575499, 20.293207448260539 ], [ -86.998827315742787, 20.292931338506023 ], [ -86.998795411043744, 20.292637529419409 ], [ -86.998765383478656, 20.292326020999965 ], [ -86.998731602150443, 20.292032211868207 ], [ -86.998694067068868, 20.291756102023747 ], [ -86.99865277824108, 20.29149769146585 ], [ -86.998607735671698, 20.291256980193406 ], [ -86.998558939362766, 20.291033968205003 ], [ -86.998506389313746, 20.290828655498832 ], [ -86.998450085521625, 20.290641042072785 ], [ -86.998390027980761, 20.290471127924359 ], [ -86.998326216682969, 20.290318913050722 ], [ -86.998258651617505, 20.290184397448691 ], [ -86.998187332771082, 20.290067581114741 ], [ -86.998112260127868, 20.289968464044989 ], [ -86.998033433669434, 20.289887046235219 ], [ -86.997950853374817, 20.289823327680825 ], [ -86.997864519220528, 20.289777308376912 ], [ -86.997774431180446, 20.289748988318195 ], [ -86.997688096778163, 20.289725978063341 ], [ -86.997605516003205, 20.289708277617944 ], [ -86.99752668884588, 20.28969588698736 ], [ -86.997451615297194, 20.289688806176667 ], [ -86.997380295348989, 20.289687035190706 ], [ -86.997312728993833, 20.289690574034072 ], [ -86.997248916225104, 20.289699422711092 ], [ -86.997188857036889, 20.289713581225861 ], [ -86.997132551424102, 20.289733049582221 ], [ -86.997079999382379, 20.289757827783745 ], [ -86.997031200908125, 20.289787915833756 ], [ -86.996986155998556, 20.289823313735358 ], [ -86.996944864651624, 20.289864021491379 ], [ -86.996907326866022, 20.289910039104388 ], [ -86.996873542641254, 20.289961366576726 ], [ -86.996843511977573, 20.290018003910472 ], [ -86.996817234839867, 20.290081721040938 ], [ -86.996794711229143, 20.290152517969677 ], [ -86.996775941147476, 20.290230394697961 ], [ -86.996760924597893, 20.290315351226802 ], [ -86.996749661584502, 20.290407387556954 ], [ -86.996742152112404, 20.290506503688945 ], [ -86.996738396187766, 20.29061269962299 ], [ -86.996738393817708, 20.290725975359091 ], [ -86.99674214501043, 20.290846330896969 ], [ -86.996749649775126, 20.290973766236089 ], [ -86.996760908122013, 20.291108281375664 ], [ -86.996775920062362, 20.291249876314644 ], [ -86.996794685608435, 20.291398551051735 ], [ -86.996817204773535, 20.29155430558535 ], [ -86.996843477571943, 20.291717139913683 ], [ -86.99687350401905, 20.291887054034643 ], [ -86.996894146393004, 20.292046348382382 ], [ -86.996905404660794, 20.292195022960794 ], [ -86.99690727879333, 20.292333077772227 ], [ -86.99689976876526, 20.292460512817474 ], [ -86.996882874555112, 20.292577328095796 ], [ -86.99685659614525, 20.292683523604897 ], [ -86.996820933521875, 20.29277909934093 ], [ -86.996775886674996, 20.292864055298519 ], [ -86.996721455598504, 20.29293839147072 ], [ -86.996657640290067, 20.293002107849052 ], [ -86.996584440751263, 20.293055204423492 ], [ -86.99650185698745, 20.293097681182452 ], [ -86.996409889007836, 20.293129538112822 ], [ -86.996308536825481, 20.293150775199937 ], [ -86.996197800457253, 20.29316139242756 ], [ -86.996077679923886, 20.293161389777946 ], [ -86.995951929154245, 20.293145457519984 ], [ -86.995820548188618, 20.293113595641454 ], [ -86.995683537070747, 20.293065804129526 ], [ -86.995540895847796, 20.293002082970734 ], [ -86.995392624570442, 20.29292243215097 ], [ -86.995238723292715, 20.292826851655512 ], [ -86.995079192072211, 20.292715341469016 ], [ -86.994914030969895, 20.292587901575494 ], [ -86.994743240050198, 20.292444531958331 ], [ -86.994566819381035, 20.292285232600307 ], [ -86.994384769033729, 20.292110003483522 ], [ -86.994197089083045, 20.291918844589521 ], [ -86.994003779607269, 20.291711755899165 ], [ -86.993804840688043, 20.291488737392704 ], [ -86.993600272410518, 20.291249789049768 ], [ -86.993390074863257, 20.290994910849367 ], [ -86.993219291324991, 20.290754193386853 ], [ -86.993087921566541, 20.290527636778645 ], [ -86.992995965380246, 20.290315241114509 ], [ -86.992943422579955, 20.290117006457496 ], [ -86.992930293000981, 20.289932932844014 ], [ -86.992956576500163, 20.289763020283758 ], [ -86.993022272955798, 20.289607268759791 ], [ -86.993127382267687, 20.289465678228463 ], [ -86.993271904357158, 20.289338248619483 ], [ -86.993455839166927, 20.289224979835868 ], [ -86.993679186661325, 20.289125871753971 ], [ -86.993941946826041, 20.289040924223489 ], [ -86.994244119668352, 20.28897013706742 ], [ -86.994585705216949, 20.288913510082111 ], [ -86.994966703522024, 20.288871043037226 ], [ -86.995387114655202, 20.288842735675743 ], [ -86.995790633774675, 20.288828586369696 ], [ -86.996177260994941, 20.28882859523593 ], [ -86.996546996421273, 20.288842762386349 ], [ -86.99689984014978, 20.288871087927873 ], [ -86.997235792267347, 20.288913571962478 ], [ -86.997554852851692, 20.288970214587181 ], [ -86.997857021971299, 20.289041015894021 ], [ -86.998142299685483, 20.289125975970109 ], [ -86.998410686044323, 20.289225094897574 ], [ -86.998662181088719, 20.289338372753591 ], [ -86.998896784850373, 20.28946580961038 ], [ -86.999114497351769, 20.289607405535218 ], [ -86.999315318606207, 20.289763160590383 ], [ -86.999499248617781, 20.289933074833261 ], [ -86.999666287381359, 20.290117148316227 ], [ -86.999816434882646, 20.290315381086724 ], [ -86.999959075359016, 20.290517153589235 ], [ -87.000094208791083, 20.290722465841846 ], [ -87.000221835158356, 20.290931317861691 ], [ -87.000341954439392, 20.291143709664933 ], [ -87.000454566611666, 20.291359641266748 ], [ -87.000559671651686, 20.291579112681365 ], [ -87.000657269534884, 20.291802123922032 ], [ -87.000747360235692, 20.292028675001028 ], [ -87.000829943727538, 20.292258765929674 ], [ -87.000905019982795, 20.29249239671832 ], [ -87.000972588972829, 20.292729567376316 ], [ -87.001032650667995, 20.292970277912065 ], [ -87.001085205037583, 20.293214528333039 ], [ -87.001130252049904, 20.293462318645663 ], [ -87.001167791672216, 20.293713648855448 ], [ -87.001197823870754, 20.293968518966921 ], [ -87.00123348679989, 20.294216309295599 ], [ -87.001274780481609, 20.294457019838635 ], [ -87.001321704936387, 20.294690650592642 ], [ -87.001374260183141, 20.294917201553645 ], [ -87.001432446239278, 20.295136672717131 ], [ -87.001496263120615, 20.295349064078003 ], [ -87.001565710841533, 20.295554375630616 ], [ -87.001640789414779, 20.295752607368787 ], [ -87.001721498851623, 20.295943759285738 ], [ -87.001807839161799, 20.296127831374136 ], [ -87.001899810353478, 20.296304823626109 ], [ -87.001997412433298, 20.296474736033204 ], [ -87.002100645406387, 20.296637568586405 ], [ -87.002209509276341, 20.296793321276162 ], [ -87.002324004045164, 20.296941994092329 ], [ -87.00244412971341, 20.297083587024229 ], [ -87.002579271028878, 20.297223409718761 ], [ -87.002729428027379, 20.297361462141222 ], [ -87.002894600743687, 20.297497744253061 ], [ -87.003074789211595, 20.297632256011855 ], [ -87.003269993463803, 20.297764997371303 ], [ -87.003480213532043, 20.297895968281257 ], [ -87.003705449447025, 20.29802516868768 ], [ -87.003945701238379, 20.298152598532699 ], [ -87.004200968934754, 20.298278257754543 ], [ -87.004471252563746, 20.298402146287607 ], [ -87.004756552151989, 20.298524264062397 ], [ -87.005056867724988, 20.298644611005543 ], [ -87.005372199307303, 20.298763187039846 ], [ -87.005702546922436, 20.29887999208421 ], [ -87.006047910592841, 20.298995026053685 ], [ -87.006408290340005, 20.299108288859443 ], [ -87.006772424138873, 20.299212701118293 ], [ -87.007140311934904, 20.299308262807131 ], [ -87.007511953672307, 20.299394973902587 ], [ -87.007887349293995, 20.299472834381028 ], [ -87.008266498741605, 20.299541844218538 ], [ -87.008649401955481, 20.299602003390969 ], [ -87.009036058874699, 20.299653311873868 ], [ -87.009426469437045, 20.299695769642533 ], [ -87.009820633579039, 20.299729376672008 ], [ -87.010218551235923, 20.299754132937064 ], [ -87.010620222341615, 20.299770038412198 ], [ -87.011025646828799, 20.29977709307164 ], [ -87.011434824628864, 20.299775296889372 ], [ -87.011847755671923, 20.299764649839105 ], [ -87.012264439886806, 20.299745151894278 ], [ -87.012684877201082, 20.299716803028073 ], [ -87.013071531274804, 20.299715004650782 ], [ -87.013424402306953, 20.299739756986199 ], [ -87.013743490461948, 20.299791060238299 ], [ -87.014028795869663, 20.299868914591283 ], [ -87.014280318625438, 20.29997332020957 ], [ -87.014498058790082, 20.300104277237789 ], [ -87.014682016389855, 20.300261785800799 ], [ -87.014832191416488, 20.300445846003669 ], [ -87.014948583827149, 20.300656457931712 ], [ -87.015031193544488, 20.300893621650445 ], [ -87.01508002045658, 20.301157337205606 ], [ -87.015095064416954, 20.301447604623156 ], [ -87.015076325244607, 20.301764423909294 ], [ -87.015023802723945, 20.302107795050411 ], [ -87.014937496604844, 20.30247771801314 ], [ -87.014817406602603, 20.302874192744326 ], [ -87.014689807301963, 20.30326358828275 ], [ -87.014554698663943, 20.303645904612949 ], [ -87.01441208065161, 20.304021141718501 ], [ -87.01426195323009, 20.304389299581953 ], [ -87.014104316366499, 20.304750378184895 ], [ -87.013939170030099, 20.305104377507924 ], [ -87.013766514192127, 20.305451297530634 ], [ -87.013586348825854, 20.30579113823168 ], [ -87.013398673906664, 20.306123899588666 ], [ -87.01320348941195, 20.306449581578271 ], [ -87.013000795321148, 20.306768184176139 ], [ -87.012790591615754, 20.307079707356976 ], [ -87.012572878279329, 20.307384151094443 ], [ -87.012347655297447, 20.307681515361271 ], [ -87.012114922657744, 20.30797180012916 ], [ -87.011874680349948, 20.308255005368867 ], [ -87.011647577707322, 20.308552368833762 ], [ -87.011433614743254, 20.308863890573551 ], [ -87.011232791478307, 20.309189570634899 ], [ -87.011045107940163, 20.309529409061444 ], [ -87.010870564163767, 20.309883405893792 ], [ -87.010709160191098, 20.310251561169515 ], [ -87.010560896071439, 20.310633874923177 ], [ -87.010425771861151, 20.311030347186282 ], [ -87.010303787623798, 20.311440977987324 ], [ -87.010194943430093, 20.31186576735174 ], [ -87.010099239357956, 20.312304715301977 ], [ -87.010016675492437, 20.312757821857421 ], [ -87.009947251925823, 20.313225087034432 ], [ -87.009890968757489, 20.313706510846352 ], [ -87.009847826094045, 20.314202093303471 ], [ -87.009817824049264, 20.314711834413067 ], [ -87.009802838444557, 20.315212725005097 ], [ -87.009802869427403, 20.315704765084877 ], [ -87.009817917140154, 20.316187954653842 ], [ -87.00984798172, 20.316662293709516 ], [ -87.00989306329906, 20.317127782245542 ], [ -87.009953162004336, 20.317584420251666 ], [ -87.010028277957716, 20.318032207713738 ], [ -87.010118411275911, 20.318471144613731 ], [ -87.010223562070607, 20.318901230929701 ], [ -87.010343730448298, 20.319322466635835 ], [ -87.01047891651038, 20.319734851702382 ], [ -87.010629120353144, 20.320138386095742 ], [ -87.010794342067726, 20.320533069778399 ], [ -87.010974581740172, 20.320918902708947 ], [ -87.011169839451384, 20.321295884842076 ], [ -87.011380115277134, 20.321664016128587 ], [ -87.011579128447138, 20.322028608038394 ], [ -87.011766878868656, 20.322389660610433 ], [ -87.011943366450538, 20.322747173881442 ], [ -87.012108591103129, 20.323101147885986 ], [ -87.012262552738335, 20.323451582656471 ], [ -87.01240525126957, 20.323798478223086 ], [ -87.012536686611796, 20.324141834613869 ], [ -87.012656858681481, 20.324481651854686 ], [ -87.012765767396672, 20.324817929969189 ], [ -87.012863412676907, 20.325150668978885 ], [ -87.012949794443287, 20.325479868903081 ], [ -87.013024912618405, 20.325805529758902 ], [ -87.013088767126447, 20.326127651561311 ], [ -87.013141357893076, 20.326446234323068 ], [ -87.013182684845503, 20.326761278054764 ], [ -87.01321274791249, 20.327072782764812 ], [ -87.013250319680552, 20.327377207186 ], [ -87.013295400188582, 20.327674551314207 ], [ -87.013347989473459, 20.327964815144327 ], [ -87.013408087569999, 20.32824799867026 ], [ -87.013475694511015, 20.328524101884948 ], [ -87.013550810327175, 20.328793124780329 ], [ -87.013633435047211, 20.329055067347355 ], [ -87.013723568697685, 20.329309929575995 ], [ -87.013821211303224, 20.329557711455248 ], [ -87.013926362886309, 20.329798412973108 ], [ -87.014039023467461, 20.330032034116623 ], [ -87.014159193065055, 20.330258574871809 ], [ -87.014286871695489, 20.330478035223724 ], [ -87.014422059373075, 20.330690415156443 ], [ -87.014564756110104, 20.330895714653039 ], [ -87.014714961916752, 20.331093933695641 ], [ -87.014855810635609, 20.331598350440832 ], [ -87.014987303009548, 20.332408964857795 ], [ -87.015109439672301, 20.333525776882158 ], [ -87.015222221148548, 20.334948786415907 ], [ -87.015325647853828, 20.336677993327449 ], [ -87.015419720094712, 20.338713397451585 ], [ -87.015504438068632, 20.341054998589495 ], [ -87.015579801863964, 20.343702796508744 ], [ -87.015645811460018, 20.346656790943239 ], [ -87.015702466726907, 20.349916981593253 ], [ -87.015749767425561, 20.35348336812536 ], [ -87.015787713207601, 20.357355950172451 ], [ -87.015816303615253, 20.361534727333694 ], [ -87.015835538081305, 20.366019699174512 ], [ -87.015845415928865, 20.370810865226549 ], [ -87.015845936371321, 20.375908224987654 ], [ -87.015827647016792, 20.380706467832418 ], [ -87.015790546204869, 20.385205594248543 ], [ -87.015734632493249, 20.38940560468691 ], [ -87.015659904658051, 20.393306499561611 ], [ -87.015566361693956, 20.39690827924985 ], [ -87.015454002814565, 20.400210944091945 ], [ -87.015322827452493, 20.403214494391346 ], [ -87.01517283525952, 20.405918930414536 ], [ -87.01500402610678, 20.408324252391061 ], [ -87.014816400084811, 20.41043046051351 ], [ -87.014609957503666, 20.412237554937516 ], [ -87.014384698892869, 20.413745535781729 ], [ -87.014140625001573, 20.414954403127819 ], [ -87.013877736798392, 20.415864157020465 ], [ -87.013596035471409, 20.416474797467405 ], [ -87.010275531257975, 20.423413061101705 ], [ -87.005594755322107, 20.432850410659782 ], [ -87.005549672122015, 20.432921208285396 ], [ -87.005498952843496, 20.432983156554123 ], [ -87.005442597488425, 20.433036255461232 ], [ -87.00538060606074, 20.433080505001399 ], [ -87.005312978566181, 20.433115905168751 ], [ -87.005239715012493, 20.433142455956826 ], [ -87.005160815409369, 20.433160157358571 ], [ -87.005076279768389, 20.433169009366399 ], [ -87.004986108103097, 20.433169011972112 ], [ -87.004888422467928, 20.433179634169313 ], [ -87.004783222841183, 20.433200875945346 ], [ -87.004670509198121, 20.433232737286509 ], [ -87.004550281510873, 20.433275218178093 ], [ -87.004422539748504, 20.433328318604385 ], [ -87.004287283876963, 20.433392038548646 ], [ -87.004144513859117, 20.433466377993163 ], [ -87.003994229654694, 20.433551336919155 ], [ -87.003836431220421, 20.433646915306873 ], [ -87.003671118509828, 20.433753113135548 ], [ -87.00349829147342, 20.433869930383388 ], [ -87.003317950058573, 20.433997367027587 ], [ -87.003130094209581, 20.434135423044342 ], [ -87.002934723867611, 20.434284098408813 ], [ -87.002731838970774, 20.434443393095183 ], [ -87.002521439454085, 20.434613307076585 ], [ -87.002280982487747, 20.434820389184736 ], [ -87.002010467777708, 20.435064639292456 ], [ -87.001709894986575, 20.435346057256528 ], [ -87.001379263733625, 20.435664642917676 ], [ -87.001018573594763, 20.436020396100545 ], [ -87.00062782410258, 20.436413316613748 ], [ -87.000207014746238, 20.436843404249817 ], [ -86.999756144971585, 20.437310658785222 ], [ -86.999275214181097, 20.437815079980325 ], [ -86.998764221733836, 20.438356667579427 ], [ -86.998223166945508, 20.438935421310703 ], [ -86.997652049088387, 20.439551340886283 ], [ -86.997050867391366, 20.440204426002126 ], [ -86.996419621039905, 20.440894676338125 ], [ -86.995758309176026, 20.441622091558013 ], [ -86.995066930898346, 20.442386671309393 ], [ -86.99441499939185, 20.44312470097902 ], [ -86.993802515556951, 20.443836181016934 ], [ -86.99322948025349, 20.444521111846143 ], [ -86.992695894300724, 20.44517949386265 ], [ -86.992201758477336, 20.445811327435461 ], [ -86.991747073521438, 20.446416612906535 ], [ -86.991331840130542, 20.44699535059079 ], [ -86.990956058961544, 20.447547540776121 ], [ -86.99061973063074, 20.448073183723331 ], [ -86.990322855713842, 20.448572279666184 ], [ -86.990065434745915, 20.449044828811378 ], [ -86.98984746822147, 20.449490831338519 ], [ -86.989668956594301, 20.449910287400137 ], [ -86.989529900277631, 20.45030319712167 ], [ -86.989430299644042, 20.450669560601479 ], [ -86.989370155025497, 20.451009377910815 ], [ -86.989300616523593, 20.451343884906137 ], [ -86.989221684084512, 20.451673081576793 ], [ -86.989133357656385, 20.451996967910539 ], [ -86.989035637189247, 20.452315543893654 ], [ -86.988928522635106, 20.452628809510863 ], [ -86.988812013947921, 20.452936764745377 ], [ -86.988686111083538, 20.453239409578838 ], [ -86.988550813999737, 20.453536743991393 ], [ -86.988406122656301, 20.453828767961653 ], [ -86.988252037014874, 20.454115481466669 ], [ -86.988088557039092, 20.454396884482009 ], [ -86.987915682694492, 20.454672976981648 ], [ -86.987733413948575, 20.454943758938075 ], [ -86.987541750770745, 20.455209230322239 ], [ -86.98734069313241, 20.455469391103552 ], [ -86.987130241006824, 20.455724241249882 ], [ -86.986931061307899, 20.455979091981096 ], [ -86.986743154091386, 20.456233943335942 ], [ -86.986566519412989, 20.456488795350982 ], [ -86.986401157328487, 20.456743648060574 ], [ -86.986247067893643, 20.456998501496891 ], [ -86.986104251164164, 20.457253355689936 ], [ -86.985972707195842, 20.457508210667477 ], [ -86.985852436044411, 20.457763066455144 ], [ -86.985743437765663, 20.458017923076341 ], [ -86.985645712415334, 20.458272780552289 ], [ -86.9855592600492, 20.458527638902023 ], [ -86.985484080723054, 20.458782498142387 ], [ -86.985420174492631, 20.459037358288032 ], [ -86.985367541413751, 20.459292219351418 ], [ -86.985326181542163, 20.459547081342805 ], [ -86.985296094933673, 20.459801944270264 ], [ -86.985258492951132, 20.460053266750144 ], [ -86.985213375560434, 20.460301048777854 ], [ -86.985160742728553, 20.460545290347824 ], [ -86.985100594423471, 20.460785991453502 ], [ -86.985032930614196, 20.46102315208736 ], [ -86.98495775127077, 20.461256772240912 ], [ -86.984875056364316, 20.46148685190467 ], [ -86.984784845866912, 20.461713391068177 ], [ -86.984687119751726, 20.461936389719988 ], [ -86.984581877992937, 20.462155847847693 ], [ -86.984469120565791, 20.462371765437894 ], [ -86.984348847446512, 20.462584142476231 ], [ -86.984221058612377, 20.462792978947331 ], [ -86.984085754041729, 20.462998274834874 ], [ -86.983942933713919, 20.463200030121556 ], [ -86.983792597609352, 20.463398244789087 ], [ -86.983651656411411, 20.46359115051057 ], [ -86.983520110169835, 20.463778747309238 ], [ -86.983397958932414, 20.463961035206786 ], [ -86.983285202745037, 20.464138014223373 ], [ -86.9831818416516, 20.464309684377636 ], [ -86.983087875694082, 20.464476045686659 ], [ -86.983003304912557, 20.464637098166012 ], [ -86.982928129345112, 20.464792841829723 ], [ -86.98286234902794, 20.464943276690285 ], [ -86.982805963995276, 20.46508840275866 ], [ -86.982758974279449, 20.465228220044274 ], [ -86.982721379910785, 20.465362728555032 ], [ -86.982693180917735, 20.465491928297286 ], [ -86.982674377326802, 20.465615819275865 ], [ -86.982664969162542, 20.465734401494053 ], [ -86.982664956447564, 20.465847674953622 ], [ -86.982653671274889, 20.465948558002971 ], [ -86.98263111362516, 20.46603705064032 ], [ -86.982597283484424, 20.466113152861663 ], [ -86.982552180844209, 20.466176864660731 ], [ -86.982495805701433, 20.466228186029021 ], [ -86.98242815805844, 20.466267116955791 ], [ -86.982349237923017, 20.466293657428047 ], [ -86.982259045308354, 20.466307807430578 ], [ -86.982157580233078, 20.466309566945903 ], [ -86.982044842721251, 20.466298935954324 ], [ -86.981920832802359, 20.466275914433886 ], [ -86.981785550511304, 20.466240502360396 ], [ -86.981638995888403, 20.466192699707424 ], [ -86.981481168979442, 20.466132506446293 ], [ -86.981312069835582, 20.466059922546108 ], [ -86.981131698513465, 20.465974947973702 ], [ -86.980968236192822, 20.465905904145202 ], [ -86.980821682800354, 20.46585279110862 ], [ -86.980692038273261, 20.465815608906972 ], [ -86.980579302559178, 20.465794357578226 ], [ -86.980483475616197, 20.465789037155353 ], [ -86.980404557412925, 20.465799647666319 ], [ -86.980342547928359, 20.465826189134077 ], [ -86.98029744715204, 20.465868661576547 ], [ -86.980269255083897, 20.465927065006671 ], [ -86.980257971734403, 20.466001399432351 ], [ -86.980263597124434, 20.466091664856489 ], [ -86.980286131285368, 20.466197861276967 ], [ -86.980325574259041, 20.466319988686685 ], [ -86.980381926097735, 20.466458047073484 ], [ -86.980455186864233, 20.466612036420226 ], [ -86.980545356631765, 20.46678195670474 ], [ -86.980618614826881, 20.466958954645296 ], [ -86.980674961401462, 20.467143030262793 ], [ -86.98071439630273, 20.467334183573179 ], [ -86.980736919473287, 20.467532414587446 ], [ -86.980742530851074, 20.467737723311625 ], [ -86.980731230369358, 20.46795010974682 ], [ -86.980703017956785, 20.468169573889149 ], [ -86.980657893537355, 20.468396115729782 ], [ -86.980595857030409, 20.468629735254925 ], [ -86.980516908350637, 20.468870432445843 ], [ -86.980421047408058, 20.469118207278832 ], [ -86.980308274108083, 20.469373059725239 ], [ -86.980178588351436, 20.469634989751441 ], [ -86.98003199003422, 20.469903997318866 ], [ -86.979868479047866, 20.470180082383976 ], [ -86.979688055279155, 20.470463244898284 ], [ -86.979503873487076, 20.470741097082225 ], [ -86.979315933670335, 20.471013638924369 ], [ -86.979124235828493, 20.471280870413022 ], [ -86.978928779961819, 20.471542791536219 ], [ -86.978729566071394, 20.471799402281775 ], [ -86.978526594159064, 20.472050702637222 ], [ -86.97831986422743, 20.472296692589858 ], [ -86.978109376279932, 20.47253737212672 ], [ -86.977895130320718, 20.472772741234589 ], [ -86.977677126354749, 20.473002799900001 ], [ -86.977455364387751, 20.473227548109236 ], [ -86.977229844426219, 20.47344698584833 ], [ -86.977000566477443, 20.473661113103045 ], [ -86.976767530549481, 20.4738699298589 ], [ -86.976530736651156, 20.474073436101175 ], [ -86.976290184792092, 20.474271631814876 ], [ -86.976062785863846, 20.474469829002484 ], [ -86.975848539916996, 20.474668027715662 ], [ -86.975647447002146, 20.47486622800308 ], [ -86.975459507169916, 20.475064429910439 ], [ -86.975284720470896, 20.475262633480469 ], [ -86.975123086955719, 20.47546083875288 ], [ -86.974974606674976, 20.475659045764424 ], [ -86.974839279679301, 20.475857254548846 ], [ -86.974717106019327, 20.47605546513693 ], [ -86.974608085745672, 20.476253677556475 ], [ -86.974512218908998, 20.476451891832262 ], [ -86.974429505559925, 20.476650107986121 ], [ -86.974359945749114, 20.476848326036887 ], [ -86.974303539527213, 20.477046546000395 ], [ -86.974260286944883, 20.477244767889516 ], [ -86.974230188052815, 20.477442991714121 ], [ -86.974196332328816, 20.477632365494475 ], [ -86.974158719764944, 20.477812889228947 ], [ -86.974117350354533, 20.477984562915669 ], [ -86.974072224092197, 20.47814738655245 ], [ -86.974023340973829, 20.478301360136857 ], [ -86.973970700996645, 20.478446483666204 ], [ -86.973914304159138, 20.478582757137506 ], [ -86.973854150461065, 20.47871018054752 ], [ -86.973790239903536, 20.478828753892742 ], [ -86.973722572488896, 20.478938477169375 ], [ -86.973651148220796, 20.479039350373391 ], [ -86.973575967104196, 20.479131373500458 ], [ -86.973497029145321, 20.479214546545993 ], [ -86.97341433435173, 20.479288869505137 ], [ -86.973327882732207, 20.479354342372748 ], [ -86.973237674296897, 20.479410965143451 ], [ -86.973117388777808, 20.479529529540109 ], [ -86.972967025960671, 20.479710035497497 ], [ -86.972786585558694, 20.479952482933371 ], [ -86.9725760672126, 20.480256871748434 ], [ -86.97233547049052, 20.480623201826369 ], [ -86.97206479488807, 20.48105147303384 ], [ -86.971764039828344, 20.481541685220435 ], [ -86.971433204661807, 20.48209383821872 ], [ -86.971072288666406, 20.482707931844185 ], [ -86.970681291047441, 20.483383965895271 ], [ -86.970260210937596, 20.484121940153326 ], [ -86.96980904739695, 20.484921854382623 ], [ -86.969327799412866, 20.485783708330352 ], [ -86.968816465900034, 20.486707501726578 ], [ -86.968275045700466, 20.487693234284261 ], [ -86.967703537583361, 20.488740905699224 ], [ -86.967160223102027, 20.489730173969022 ], [ -86.966645103417036, 20.490661039379496 ], [ -86.966158179624941, 20.491533502201559 ], [ -86.965699452758301, 20.492347562691208 ], [ -86.9652689237857, 20.493103221089516 ], [ -86.964866593611646, 20.493800477622582 ], [ -86.964492463076567, 20.494439332501557 ], [ -86.96414653295686, 20.495019785922629 ], [ -86.963828803964773, 20.495541838067016 ], [ -86.963539276748477, 20.496005489100966 ], [ -86.963277951891968, 20.496410739175701 ], [ -86.963044829915106, 20.496757588427482 ], [ -86.962839911273619, 20.497046036977562 ], [ -86.96266319635906, 20.497276084932174 ], [ -86.962514685498775, 20.497447732382579 ], [ -86.962394378955949, 20.497560979404977 ], [ -86.962277829658746, 20.497679536831843 ], [ -86.962165037603796, 20.49780340467051 ], [ -86.962056002788415, 20.497932582928069 ], [ -86.961950725210784, 20.498067071611356 ], [ -86.961849204869793, 20.49820687072696 ], [ -86.961751441765131, 20.4983519802812 ], [ -86.961657435897266, 20.498502400280181 ], [ -86.961567187267477, 20.498658130729698 ], [ -86.961480695877725, 20.498819171635361 ], [ -86.961397961730839, 20.498985523002453 ], [ -86.961318984830399, 20.499157184836086 ], [ -86.961243765180726, 20.499334157141035 ], [ -86.961172302786949, 20.499516439921909 ], [ -86.961104597654995, 20.49970403318299 ], [ -86.961040649791485, 20.499896936928359 ], [ -86.96098045920391, 20.500095151161805 ], [ -86.960912750441622, 20.500295133567967 ], [ -86.960837523473046, 20.500496884137878 ], [ -86.96075477826605, 20.500700402861575 ], [ -86.960664514788036, 20.500905689728146 ], [ -86.960566733005848, 20.501112744725688 ], [ -86.960461432885836, 20.501321567841298 ], [ -86.960348614393823, 20.501532159061121 ], [ -86.960228277495133, 20.501744518370327 ], [ -86.960100422154568, 20.501958645753078 ], [ -86.959965048336372, 20.50217454119257 ], [ -86.959822156004336, 20.502392204671036 ], [ -86.959671745121682, 20.502611636169707 ], [ -86.959513815651164, 20.502832835668848 ], [ -86.959348367554981, 20.503055803147738 ], [ -86.959175400794834, 20.503280538584669 ], [ -86.958994915331886, 20.503507041956979 ], [ -86.95881819104487, 20.503722926688273 ], [ -86.958645227986167, 20.503928192790919 ], [ -86.958476026206611, 20.504122840276995 ], [ -86.958310585755484, 20.504306869158285 ], [ -86.958148906680506, 20.504480279446302 ], [ -86.957990989027849, 20.504643071152277 ], [ -86.957836832842091, 20.50479524428712 ], [ -86.957686438166292, 20.504936798861515 ], [ -86.957539805041947, 20.505067734885795 ], [ -86.957396933508974, 20.505188052370055 ], [ -86.957257823605772, 20.505297751324093 ], [ -86.957122475369133, 20.505396831757405 ], [ -86.956990888834298, 20.505485293679214 ], [ -86.956863064035005, 20.505563137098477 ], [ -86.956739001003385, 20.50563036202383 ], [ -86.95661869976999, 20.505686968463642 ], [ -86.956500276408576, 20.505748884958233 ], [ -86.956383730909153, 20.505816111511329 ], [ -86.956269063262098, 20.505888648126557 ], [ -86.956156273458205, 20.505966494807488 ], [ -86.95604536148862, 20.506049651557639 ], [ -86.955936327344901, 20.506138118380417 ], [ -86.955829171018962, 20.506231895279203 ], [ -86.955723892503158, 20.506330982257282 ], [ -86.955620491790171, 20.506435379317871 ], [ -86.955518968873108, 20.506545086464111 ], [ -86.955419323745474, 20.506660103699105 ], [ -86.955321556401103, 20.506780431025859 ], [ -86.955225666834295, 20.506906068447293 ], [ -86.955131655039651, 20.507037015966308 ], [ -86.955039521012225, 20.507173273585675 ], [ -86.954949264747455, 20.507314841308144 ], [ -86.954859010909118, 20.507447559536789 ], [ -86.954768759512859, 20.507571428272065 ], [ -86.95467851057424, 20.50768644751437 ], [ -86.954588264108878, 20.507792617264094 ], [ -86.954498020132377, 20.507889937521583 ], [ -86.954407778660297, 20.507978408287173 ], [ -86.954317539708242, 20.50805802956117 ], [ -86.954227303291788, 20.508128801343855 ], [ -86.954137069426508, 20.508190723635472 ], [ -86.954046838127979, 20.508243796436226 ], [ -86.953956609411762, 20.508288019746345 ], [ -86.953866383293445, 20.50832339356597 ], [ -86.953776159788561, 20.508349917895259 ], [ -86.953685938912685, 20.508367592734327 ], [ -86.953595720681349, 20.508376418083248 ], [ -86.95350550511013, 20.508376393942097 ], [ -86.953394607107228, 20.508402912533757 ], [ -86.953263026604702, 20.508455973818236 ], [ -86.953110763513237, 20.508535577747821 ], [ -86.952937817722116, 20.508641724267147 ], [ -86.952744189099221, 20.508774413313159 ], [ -86.952529877491074, 20.508933644815109 ], [ -86.952294882722754, 20.509119418694599 ], [ -86.952039204597995, 20.50933173486553 ], [ -86.951762842899086, 20.509570593234091 ], [ -86.95146579738693, 20.509835993698815 ], [ -86.951148067801057, 20.510127936150539 ], [ -86.950809653859565, 20.510446420472416 ], [ -86.950450555259167, 20.510791446539884 ], [ -86.950070771675144, 20.511163014220713 ], [ -86.949670302761362, 20.511561123374939 ], [ -86.949249148150301, 20.511985773854946 ], [ -86.948846786618503, 20.51241042882809 ], [ -86.948463218320981, 20.512835088425387 ], [ -86.948098443412789, 20.513259752771713 ], [ -86.947752462048982, 20.513684421985875 ], [ -86.947425274384628, 20.514109096180558 ], [ -86.947116880574853, 20.514533775462386 ], [ -86.946827280774755, 20.514958459931833 ], [ -86.946556475139502, 20.515383149683334 ], [ -86.946304463824291, 20.515807844805185 ], [ -86.946071246984275, 20.516232545379594 ], [ -86.945856824774722, 20.516657251482663 ], [ -86.945661197350859, 20.517081963184413 ], [ -86.945484364867951, 20.517506680548728 ], [ -86.945326327481339, 20.517931403633419 ], [ -86.945187085346319, 20.51835613249019 ], [ -86.945066638618243, 20.518780867164622 ], [ -86.944944317927749, 20.519187902274819 ], [ -86.944820123302478, 20.519577237819377 ], [ -86.944694054771389, 20.51994887379669 ], [ -86.944566112364711, 20.520302810205024 ], [ -86.944436296113949, 20.520639047042469 ], [ -86.944304606051901, 20.520957584306927 ], [ -86.944171042212616, 20.521258421996166 ], [ -86.944035604631466, 20.521541560107778 ], [ -86.943898293345057, 20.521806998639185 ], [ -86.943759108391291, 20.522054737587645 ], [ -86.943618049809373, 20.522284776950233 ], [ -86.94347511763975, 20.522497116723908 ], [ -86.943330311924171, 20.522691756905402 ], [ -86.94318363270564, 20.522868697491333 ], [ -86.943035080028494, 20.523027938478119 ], [ -86.942884653938265, 20.523169479862027 ], [ -86.942741745605218, 20.523312793479615 ], [ -86.942606355045342, 20.523457879349415 ], [ -86.942478482275163, 20.523604737488959 ], [ -86.942358127311692, 20.52375336791485 ], [ -86.942245290172536, 20.523903770642661 ], [ -86.942139970875729, 20.524055945687017 ], [ -86.942042169439901, 20.52420989306156 ], [ -86.941951885884151, 20.524365612778961 ], [ -86.941869120228148, 20.524523104850907 ], [ -86.941793872492056, 20.524682369288104 ], [ -86.941726142696567, 20.524843406100299 ], [ -86.941665930862882, 20.525006215296248 ], [ -86.941613237012746, 20.525170796883721 ], [ -86.941568061168425, 20.525337150869529 ], [ -86.941530403352672, 20.525505277259501 ], [ -86.941500263588807, 20.525675176058478 ], [ -86.941464488684247, 20.52583445363749 ], [ -86.941423078629001, 20.525983109993586 ], [ -86.941376033415395, 20.526121145123273 ], [ -86.941323353038129, 20.526248559022452 ], [ -86.94126503749419, 20.526365351686454 ], [ -86.941201086782868, 20.526471523110015 ], [ -86.941131500905882, 20.526567073287293 ], [ -86.941056279867155, 20.526652002211883 ], [ -86.940975423673024, 20.526726309876764 ], [ -86.940888932332143, 20.526789996274349 ], [ -86.940796805855442, 20.52684306139648 ], [ -86.940699044256249, 20.526885505234397 ], [ -86.940595647550197, 20.526917327778758 ], [ -86.940486615755205, 20.52693852901966 ], [ -86.940371948891595, 20.526949108946596 ], [ -86.940251646981963, 20.526949067548486 ], [ -86.940138861188785, 20.526956108199826 ], [ -86.940033591497539, 20.526970230915232 ], [ -86.939935837895689, 20.526991435708307 ], [ -86.939845600372806, 20.527019722591682 ], [ -86.939762878920547, 20.527055091577004 ], [ -86.939687673532617, 20.527097542674927 ], [ -86.939619984204811, 20.527147075895112 ], [ -86.939559810935009, 20.527203691246232 ], [ -86.939507153723142, 20.527267388735961 ], [ -86.939462012571227, 20.527338168371006 ], [ -86.939424387483371, 20.527416030157053 ], [ -86.939394278465741, 20.527500974098846 ], [ -86.939371685526567, 20.527593000200099 ], [ -86.939356608676178, 20.527692108463548 ], [ -86.939349047926967, 20.527798298890936 ], [ -86.939349003293401, 20.527911571483031 ], [ -86.939350843271654, 20.528012455541422 ], [ -86.939354567865081, 20.528100951066499 ], [ -86.939360177076082, 20.528177058058507 ], [ -86.939367670906151, 20.528240776517599 ], [ -86.939377049355883, 20.528292106443814 ], [ -86.939388312424896, 20.52833104783706 ], [ -86.939401460111952, 20.528357600697131 ], [ -86.939416492414864, 20.528371765023699 ], [ -86.939433409330547, 20.52837354081635 ], [ -86.939452210854981, 20.528362928074515 ], [ -86.939472896983219, 20.528339926797521 ], [ -86.93949546770942, 20.528304536984578 ], [ -86.939519923026793, 20.528256758634793 ], [ -86.939546262927678, 20.52819659174714 ], [ -86.939574487403434, 20.528124036320481 ], [ -86.939604596444553, 20.528039092353559 ], [ -86.939636582405527, 20.527961228571669 ], [ -86.939670445287945, 20.527890444973945 ], [ -86.939706185093925, 20.527826741559487 ], [ -86.939743801826111, 20.52777011832729 ], [ -86.939783295487629, 20.527720575276263 ], [ -86.939824666082146, 20.527678112405283 ], [ -86.939867913613838, 20.527642729713101 ], [ -86.939913038087397, 20.527614427198426 ], [ -86.939960039508023, 20.527593204859862 ], [ -86.940008917881457, 20.527579062695953 ], [ -86.940059673213923, 20.527572000705163 ], [ -86.940112305512159, 20.527572018885884 ], [ -86.940166814783467, 20.527579117236414 ], [ -86.940223201035593, 20.527593295754993 ], [ -86.940281464276865, 20.527614554439772 ], [ -86.940341604516092, 20.527642893288839 ], [ -86.940388575727354, 20.52769954574438 ], [ -86.940422377921905, 20.527784511816588 ], [ -86.940443011096448, 20.527897791512302 ], [ -86.940450475233078, 20.52803938483509 ], [ -86.940444770299408, 20.528209291785167 ], [ -86.940425896248371, 20.528407512359472 ], [ -86.940393853018392, 20.528634046551609 ], [ -86.94034864053333, 20.528888894351855 ], [ -86.940290258702433, 20.529172055747235 ], [ -86.940218707420399, 20.529483530721382 ], [ -86.940133986567361, 20.529823319254685 ], [ -86.940036096008839, 20.530191421324162 ], [ -86.939925035595778, 20.53058783690355 ], [ -86.939800805164609, 20.531012565963255 ], [ -86.939663404537072, 20.531465608470366 ], [ -86.939512833520396, 20.531946964388673 ], [ -86.939349105858568, 20.532421236012286 ], [ -86.93917222145285, 20.532888423304865 ], [ -86.938982180208043, 20.533348526227027 ], [ -86.938778982032687, 20.533801544736395 ], [ -86.938562626838888, 20.534247478787613 ], [ -86.938333114542445, 20.53468632833226 ], [ -86.93809044506277, 20.535118093318971 ], [ -86.937834618322881, 20.535542773693344 ], [ -86.937565634249495, 20.535960369397969 ], [ -86.931570641046704, 20.54491370860358 ], [ -86.931427677481636, 20.545111878751147 ], [ -86.927947616061743, 20.549751092882328 ], [ -86.927812173282945, 20.549928024484775 ], [ -86.927657929361018, 20.550106718008923 ], [ -86.927484884225279, 20.550287173404254 ], [ -86.927293037803707, 20.550469390614122 ], [ -86.927082390023074, 20.550653369575734 ], [ -86.926852940808828, 20.550839110220192 ], [ -86.926604690085171, 20.551026612472452 ], [ -86.926337637774992, 20.551215876251359 ], [ -86.926051783799991, 20.55140690146963 ], [ -86.925747128080502, 20.551599688033825 ], [ -86.92542367053565, 20.551794235844412 ], [ -86.925081411083283, 20.551990544795721 ], [ -86.924720349639955, 20.552188614775929 ], [ -86.924368691759767, 20.552377838706114 ], [ -86.924026437538075, 20.552558216644371 ], [ -86.923693587066978, 20.552729748647266 ], [ -86.923370140435338, 20.552892434769774 ], [ -86.923056097728761, 20.553046275065306 ], [ -86.922751459029598, 20.553191269585739 ], [ -86.922456224416976, 20.553327418381336 ], [ -86.92217039396678, 20.553454721500835 ], [ -86.9218939677516, 20.553573178991385 ], [ -86.921626945840842, 20.553682790898574 ], [ -86.921369328300628, 20.553783557266431 ], [ -86.921121115193813, 20.55387547813741 ], [ -86.920882306580083, 20.553958553552402 ], [ -86.920652902515783, 20.554032783550724 ], [ -86.920432903054063, 20.554098168170128 ], [ -86.920222308244846, 20.554154707446799 ], [ -86.920013596094321, 20.554205937700139 ], [ -86.919806766625982, 20.554251858937111 ], [ -86.919601819862976, 20.554292471164629 ], [ -86.919398755828013, 20.554327774389517 ], [ -86.919197574543418, 20.554357768618527 ], [ -86.918998276031132, 20.554382453858356 ], [ -86.9188008603127, 20.554401830115605 ], [ -86.918605327409267, 20.554415897396819 ], [ -86.918411677341595, 20.554424655708477 ], [ -86.918219910130077, 20.554428105056967 ], [ -86.918030025794664, 20.554426245448617 ], [ -86.917842024354954, 20.554419076889687 ], [ -86.917655905830117, 20.554406599386351 ], [ -86.917471670238982, 20.554388812944726 ], [ -86.917289317599938, 20.554365717570835 ], [ -86.917108847931019, 20.554337313270647 ], [ -86.916932133648487, 20.554317759975294 ], [ -86.916759174720369, 20.554307057696189 ], [ -86.916589971115954, 20.554305206444521 ], [ -86.916424522805855, 20.554312206231192 ], [ -86.916262829761934, 20.554328057066847 ], [ -86.916104891957374, 20.554352758961855 ], [ -86.915950709366641, 20.554386311926315 ], [ -86.915800281965531, 20.554428715970072 ], [ -86.915653609731052, 20.554479971102701 ], [ -86.915510692641575, 20.554540077333495 ], [ -86.915371530676737, 20.554609034671493 ], [ -86.915236123817479, 20.554686843125474 ], [ -86.915104472045982, 20.554773502703934 ], [ -86.914976575345804, 20.554869013415111 ], [ -86.914852433701753, 20.554973375266968 ], [ -86.914732047099875, 20.555086588267212 ], [ -86.914600381918234, 20.555196255866505 ], [ -86.914457438141881, 20.555302378039208 ], [ -86.914303215757513, 20.555404954757478 ], [ -86.914137714753352, 20.555503985991301 ], [ -86.913960935119221, 20.555599471708412 ], [ -86.913772876846494, 20.555691411874381 ], [ -86.913573539928095, 20.555779806452566 ], [ -86.91336292435858, 20.555864655404129 ], [ -86.913141030134, 20.555945958688017 ], [ -86.912907857252037, 20.556023716260981 ], [ -86.912663405711911, 20.556097928077573 ], [ -86.912407675514416, 20.556168594090146 ], [ -86.912140666661927, 20.556235714248835 ], [ -86.911862379158364, 20.556299288501595 ], [ -86.911572813009258, 20.556359316794165 ], [ -86.911271968221683, 20.556415799070098 ], [ -86.910950433139405, 20.556488199089028 ], [ -86.910608207633658, 20.556576516734882 ], [ -86.910245291562845, 20.556680751884038 ], [ -86.909861684772537, 20.556800904405314 ], [ -86.909457387095401, 20.556936974159957 ], [ -86.909032398351329, 20.557088961001675 ], [ -86.908586718347337, 20.557256864776623 ], [ -86.908120346877595, 20.557440685323364 ], [ -86.907633283723399, 20.557640422472939 ], [ -86.907125528653239, 20.557856076048811 ], [ -86.90659708142276, 20.55808764586687 ], [ -86.90604794177473, 20.558335131735447 ], [ -86.905478109439073, 20.558598533455282 ], [ -86.904887584132894, 20.558877850819588 ], [ -86.904276365560406, 20.55917308361396 ], [ -86.903644453413023, 20.559484231616452 ], [ -86.903050148873888, 20.559783009208353 ], [ -86.902493452304483, 20.560069416779406 ], [ -86.901974364048229, 20.560343454694745 ], [ -86.901492884430468, 20.560605123294913 ], [ -86.901049013758453, 20.560854422895829 ], [ -86.900642752321389, 20.561091353788843 ], [ -86.900274100390405, 20.561315916240691 ], [ -86.899943058218568, 20.561528110493477 ], [ -86.899649626040869, 20.561727936764697 ], [ -86.899393804074236, 20.561915395247247 ], [ -86.899175592517551, 20.562090486109383 ], [ -86.898994991551618, 20.562253209494756 ], [ -86.898852001339165, 20.562403565522381 ], [ -86.898746622024902, 20.56254155428665 ], [ -86.898678853735419, 20.562667175857346 ], [ -86.898648696579301, 20.562780430279581 ], [ -86.898614782572565, 20.562888372867899 ], [ -86.898577111710907, 20.562991003620258 ], [ -86.898535683990744, 20.563088322534384 ], [ -86.89849049940932, 20.56318032960775 ], [ -86.898441557964603, 20.563267024837575 ], [ -86.898388859655384, 20.563348408220826 ], [ -86.898332404481195, 20.563424479754225 ], [ -86.898272192442391, 20.563495239434225 ], [ -86.898208223540067, 20.563560687257066 ], [ -86.898140497776112, 20.563620823218699 ], [ -86.898069015153183, 20.563675647314838 ], [ -86.89799377567472, 20.563725159540954 ], [ -86.897914779344944, 20.563769359892245 ], [ -86.897832026168871, 20.563808248363685 ], [ -86.897745516152256, 20.563841824949982 ], [ -86.897655249301664, 20.563870089645587 ], [ -86.89751612877231, 20.563852308623591 ], [ -86.897328154706756, 20.563788481766583 ], [ -86.897091327335389, 20.563678608915446 ], [ -86.89680564697646, 20.563522689869384 ], [ -86.896471114036089, 20.563320724385918 ], [ -86.896087729008201, 20.563072712180855 ], [ -86.895655492474603, 20.56277865292838 ], [ -86.89517440510491, 20.562438546260967 ], [ -86.894644467656605, 20.562052391769484 ], [ -86.894065680974947, 20.561620189003136 ], [ -86.893438045993022, 20.561141937469518 ], [ -86.892761563731696, 20.560617636634611 ], [ -86.892036235299656, 20.560047285922845 ], [ -86.891262061893343, 20.559430884717045 ], [ -86.890439044796921, 20.558768432358509 ], [ -86.889567185382361, 20.558059928147024 ], [ -86.88874232464093, 20.557367378600997 ], [ -86.887964461677768, 20.556690784391837 ], [ -86.88723359562745, 20.55603014615264 ], [ -86.886549725654049, 20.555385464478206 ], [ -86.885912850951144, 20.554756739925065 ], [ -86.88532297074174, 20.55414397301147 ], [ -86.88478008427839, 20.553547164217409 ], [ -86.884284190843104, 20.552966313984626 ], [ -86.883835289747395, 20.552401422716645 ], [ -86.883433380332249, 20.551852490778725 ], [ -86.883078461968111, 20.55131951849793 ], [ -86.882770534054984, 20.550802506163095 ], [ -86.882509596022288, 20.550301454024872 ], [ -86.882295647328945, 20.54981636229568 ], [ -86.882128687463364, 20.549347231149788 ], [ -86.882008715943442, 20.548894060723264 ], [ -86.881884972933193, 20.548456816526297 ], [ -86.881757458427074, 20.548035498553208 ], [ -86.881626172417256, 20.547630106797946 ], [ -86.881491114893464, 20.547240641254124 ], [ -86.881352285843079, 20.546867101915016 ], [ -86.881209685251164, 20.546509488773541 ], [ -86.881063313100356, 20.546167801822275 ], [ -86.880913169370928, 20.545842041053451 ], [ -86.880759254040811, 20.545532206458958 ], [ -86.880601567085563, 20.545238298030323 ], [ -86.880440108478368, 20.544960315758757 ], [ -86.880274878190036, 20.544698259635101 ], [ -86.88010587618902, 20.544452129649855 ], [ -86.879933102441413, 20.544221925793192 ], [ -86.879756556910934, 20.544007648054905 ], [ -86.879576239558915, 20.54380929642447 ], [ -86.879390280142403, 20.543614480436304 ], [ -86.879198678670193, 20.543423200072532 ], [ -86.8790014351503, 20.543235455314733 ], [ -86.878798549589945, 20.543051246143914 ], [ -86.878590021995592, 20.542870572540515 ], [ -86.87837585237294, 20.542693434484438 ], [ -86.878156040726893, 20.542519831955016 ], [ -86.87793058706157, 20.542349764931025 ], [ -86.877699491380326, 20.542183233390666 ], [ -86.877462753685762, 20.542020237311608 ], [ -86.877220373979682, 20.541860776670955 ], [ -86.876972352263095, 20.541704851445228 ], [ -86.876718688536272, 20.541552461610426 ], [ -86.876459382798686, 20.541403607141959 ], [ -86.876194435049044, 20.541258288014692 ], [ -86.875923845285271, 20.541116504202929 ], [ -86.875662655448323, 20.540974726710953 ], [ -86.875410865511967, 20.540832955581124 ], [ -86.875168475449911, 20.540691190854272 ], [ -86.874935485235923, 20.540549432569691 ], [ -86.874711894843728, 20.540407680765171 ], [ -86.874497704247162, 20.540265935476935 ], [ -86.874292913419936, 20.540124196739708 ], [ -86.874097522335887, 20.539982464586654 ], [ -86.873911530968812, 20.539840739049449 ], [ -86.873734939292504, 20.539699020158192 ], [ -86.873567747280816, 20.539557307941486 ], [ -86.873409954907572, 20.539415602426391 ], [ -86.873261562146624, 20.539273903638435 ], [ -86.873122568971851, 20.539132211601629 ], [ -86.872992975357093, 20.538990526338452 ], [ -86.872872781276243, 20.538848847869833 ], [ -86.872739426951, 20.538708929536686 ], [ -86.872592912412898, 20.538570771308894 ], [ -86.872433237692576, 20.538434373153336 ], [ -86.872260402819819, 20.538299735033888 ], [ -86.87207440782349, 20.538166856911445 ], [ -86.871875252731598, 20.538035738743869 ], [ -86.871662937571244, 20.537906380486032 ], [ -86.871437462368675, 20.537778782089816 ], [ -86.8711988271492, 20.537652943504085 ], [ -86.870947031937291, 20.537528864674719 ], [ -86.870682076756538, 20.53740654554456 ], [ -86.870403961629592, 20.537285986053515 ], [ -86.870112686578281, 20.537167186138419 ], [ -86.86980825162351, 20.537050145733144 ], [ -86.869490656785345, 20.536934864768554 ], [ -86.869159902082899, 20.536821343172509 ], [ -86.868814083555264, 20.536737897507997 ], [ -86.868453201025019, 20.536684527684766 ], [ -86.868077254296935, 20.536661233608271 ], [ -86.86768624315809, 20.536668015179593 ], [ -86.8672801673778, 20.536704872295484 ], [ -86.866859026707601, 20.536771804848328 ], [ -86.866422820881326, 20.536868812726198 ], [ -86.865971549615026, 20.536995895812794 ], [ -86.86550521260699, 20.537153053987456 ], [ -86.86502380953776, 20.537340287125208 ], [ -86.864527340070083, 20.537557595096679 ], [ -86.864015803849014, 20.537804977768168 ], [ -86.863489200501746, 20.538082435001606 ], [ -86.862947529637779, 20.538389966654556 ], [ -86.862390790848778, 20.538727572580228 ], [ -86.861818983708687, 20.539095252627458 ], [ -86.861279133154511, 20.53946118645424 ], [ -86.860771239430804, 20.539825374360674 ], [ -86.860295302780102, 20.540187816629171 ], [ -86.859851323442825, 20.540548513524492 ], [ -86.85943930165736, 20.540907465293742 ], [ -86.859059237659991, 20.541264672166317 ], [ -86.858711131684998, 20.541620134353977 ], [ -86.858394983964573, 20.541973852050781 ], [ -86.858110794728873, 20.542325825433135 ], [ -86.857858564205969, 20.542676054659751 ], [ -86.857638292621914, 20.543024539871652 ], [ -86.857449980200684, 20.543371281192201 ], [ -86.857293627164211, 20.543716278727089 ], [ -86.857169233732407, 20.544059532564258 ], [ -86.857076800123082, 20.544401042774052 ], [ -86.857016326552028, 20.544740809409046 ], [ -86.856946481027904, 20.545050480355108 ], [ -86.856867263536358, 20.545330055604026 ], [ -86.856778674073979, 20.545579535145826 ], [ -86.856680712648199, 20.545798918968778 ], [ -86.856573379277435, 20.545988207059374 ], [ -86.856456673990905, 20.546147399402333 ], [ -86.856330596828812, 20.546276495980628 ], [ -86.8561951478422, 20.546375496775429 ], [ -86.856050327093044, 20.54644440176617 ], [ -86.855896134654202, 20.5464832109305 ], [ -86.855732570609419, 20.5464919242443 ], [ -86.855559635053396, 20.5464705416817 ], [ -86.855377328091635, 20.546419063215055 ], [ -86.855185649840635, 20.546337488814942 ], [ -86.854984600427727, 20.5462258184502 ], [ -86.854774179991139, 20.54608405208787 ], [ -86.854565644909414, 20.545936977420087 ], [ -86.854358995198567, 20.545784594453497 ], [ -86.854154230874229, 20.545626903194648 ], [ -86.853951351951693, 20.545463903650038 ], [ -86.853750358445751, 20.545295595826083 ], [ -86.853551250370899, 20.545121979729121 ], [ -86.853354027741176, 20.544943055365426 ], [ -86.853158690570268, 20.544758822741212 ], [ -86.852965238871462, 20.544569281862572 ], [ -86.852773672657605, 20.544374432735573 ], [ -86.852583991941188, 20.544174275366178 ], [ -86.852396196734318, 20.543968809760305 ], [ -86.852210287048663, 20.543758035923773 ], [ -86.852026262895549, 20.543541953862341 ], [ -86.851844124285861, 20.543320563581698 ], [ -86.85166387123013, 20.543093865087432 ], [ -86.851485484938735, 20.542881327023402 ], [ -86.851308965355045, 20.542682949396045 ], [ -86.851134312423397, 20.542498732211708 ], [ -86.850961526089165, 20.542328675476597 ], [ -86.850790606298702, 20.542172779196793 ], [ -86.850621552999399, 20.54203104337827 ], [ -86.850454366139616, 20.541903468026852 ], [ -86.850289045668745, 20.541790053148269 ], [ -86.850125591537179, 20.541690798748089 ], [ -86.849964003696314, 20.541605704831792 ], [ -86.849804282098546, 20.541534771404717 ], [ -86.849646426697277, 20.541477998472075 ], [ -86.849490437446931, 20.541435386038966 ], [ -86.849336314302903, 20.541406934110352 ], [ -86.84918405722162, 20.541392642691097 ], [ -86.849033666160494, 20.541392511785901 ], [ -86.848887029660546, 20.541397693656609 ], [ -86.848744147706867, 20.541408188312662 ], [ -86.848605020285362, 20.541423995763225 ], [ -86.848469647382686, 20.541445116017211 ], [ -86.848338028986291, 20.541471549083333 ], [ -86.848210165084382, 20.541503294970006 ], [ -86.848086055665974, 20.541540353685399 ], [ -86.847965700720806, 20.541582725237451 ], [ -86.847849100239458, 20.541630409633857 ], [ -86.847736254213217, 20.541683406882019 ], [ -86.847627162634197, 20.541741716989165 ], [ -86.847521825495264, 20.541805339962202 ], [ -86.847420242790093, 20.541874275807821 ], [ -86.847322414513059, 20.541948524532476 ], [ -86.847228340659385, 20.542028086142338 ], [ -86.847138021225064, 20.542112960643351 ], [ -86.847057099420709, 20.542199613265232 ], [ -86.846985575259325, 20.542288044021142 ], [ -86.846923448754509, 20.542378252922774 ], [ -86.846870719920545, 20.542470239980254 ], [ -86.846827388772397, 20.542564005202195 ], [ -86.846793455325653, 20.542659548595687 ], [ -86.846768919596627, 20.542756870166304 ], [ -86.846753781602203, 20.542855969918065 ], [ -86.84674804136003, 20.542956847853503 ], [ -86.84675169888834, 20.543059503973581 ], [ -86.846764754206063, 20.543163938277786 ], [ -86.846787207332781, 20.543270150764041 ], [ -86.846819058288759, 20.543378141428771 ], [ -86.8468603070949, 20.543487910266837 ], [ -86.846910953772777, 20.543599457271615 ], [ -86.846970998344617, 20.54371278243493 ], [ -86.847021646936426, 20.543822559529797 ], [ -86.847062899524573, 20.543928788564447 ], [ -86.847094756086705, 20.544031469545555 ], [ -86.847117216601831, 20.544130602478315 ], [ -86.847130281050269, 20.544226187366363 ], [ -86.847133949413589, 20.544318224211825 ], [ -86.847128221674737, 20.544406713015306 ], [ -86.84711309781791, 20.544491653775893 ], [ -86.847088577828671, 20.544573046491116 ], [ -86.847054661693875, 20.544650891157026 ], [ -86.84701134940164, 20.544725187768119 ], [ -86.846958640941466, 20.544795936317367 ], [ -86.846896536304129, 20.544863136796238 ], [ -86.846825035481686, 20.544926789194655 ], [ -86.846744138467557, 20.544986893501033 ], [ -86.846653845256441, 20.545043449702248 ], [ -86.846569190013327, 20.545101780723495 ], [ -86.846490172741611, 20.545161886573055 ], [ -86.846416793445101, 20.545223767258587 ], [ -86.846349052128033, 20.545287422787265 ], [ -86.846286948794955, 20.545352853165681 ], [ -86.846230483450867, 20.545420058399888 ], [ -86.846179656101171, 20.545489038495393 ], [ -86.846134466751607, 20.545559793457151 ], [ -86.846094915408358, 20.545632323289556 ], [ -86.846061002078002, 20.545706627996484 ], [ -86.846032726767476, 20.545782707581228 ], [ -86.846010089484125, 20.545860562046556 ], [ -86.845993090235709, 20.545940191394671 ], [ -86.845981729030356, 20.546021595627241 ], [ -86.845976005876622, 20.54610477474538 ], [ -86.845975920783403, 20.546189728749646 ], [ -86.845987113603087, 20.5462764626518 ], [ -86.846009584355173, 20.546364976449716 ], [ -86.84604333305991, 20.546455270139081 ], [ -86.846088359738332, 20.546547343713399 ], [ -86.84614466441235, 20.54664119716394 ], [ -86.846212247104603, 20.546736830479826 ], [ -86.846291107838553, 20.546834243647936 ], [ -86.846381246638458, 20.546933436652957 ], [ -86.846482663529372, 20.547034409477416 ], [ -86.846595358537172, 20.547137162101585 ], [ -86.846719331688504, 20.547241694503594 ], [ -86.84685458301081, 20.547348006659337 ], [ -86.84700111253234, 20.547456098542515 ], [ -86.847158920282169, 20.547565970124648 ], [ -86.847328006290127, 20.54767762137503 ], [ -86.84750837058688, 20.547791052260781 ], [ -86.847694378560035, 20.547900948165829 ], [ -86.847886030209054, 20.548007309072123 ], [ -86.848083325532627, 20.548110134961057 ], [ -86.848286264528639, 20.548209425813464 ], [ -86.848494847194218, 20.548305181609614 ], [ -86.848709073525711, 20.548397402329226 ], [ -86.8489289435187, 20.548486087951456 ], [ -86.84915445716797, 20.548571238454883 ], [ -86.84938561446755, 20.548652853817543 ], [ -86.849622415410636, 20.548730934016916 ], [ -86.849864859989751, 20.548805479029898 ], [ -86.850112948196525, 20.548876488832839 ], [ -86.850366680021921, 20.548943963401541 ], [ -86.850626055456004, 20.549007902711207 ], [ -86.850891074488189, 20.549068306736526 ], [ -86.851161737107006, 20.549125175451604 ], [ -86.851347804085449, 20.549178431447789 ], [ -86.85144927532059, 20.549228074997043 ], [ -86.851466150722359, 20.549274106247459 ], [ -86.851398430213422, 20.549316525223333 ], [ -86.851246113729246, 20.549355331825147 ], [ -86.851009201218062, 20.549390525829565 ], [ -86.850687692640903, 20.549422106889413 ], [ -86.850281587971622, 20.549450074533709 ], [ -86.849790887196818, 20.549474428167638 ], [ -86.849215590315993, 20.549495167072575 ], [ -86.848555697341439, 20.549512290406064 ], [ -86.847811208298324, 20.549525797201834 ], [ -86.846982123224706, 20.549535686369786 ], [ -86.846068442171585, 20.549541956696014 ], [ -86.845070165202856, 20.549544606842801 ], [ -86.843987292395454, 20.549543635348595 ], [ -86.842943892153301, 20.549549772369065 ], [ -86.841939964331445, 20.549563018616265 ], [ -86.840975508796006, 20.549583374775327 ], [ -86.840050525424189, 20.54961084150445 ], [ -86.839165014104239, 20.549645419434903 ], [ -86.838318974735557, 20.549687109171046 ], [ -86.837512407228544, 20.549735911290291 ], [ -86.836745311504785, 20.54979182634316 ], [ -86.836017687496934, 20.54985485485323 ], [ -86.835329535148759, 20.549924997317166 ], [ -86.834680854415183, 20.550002254204728 ], [ -86.834071645262185, 20.550086625958759 ], [ -86.833501907666957, 20.55017811299518 ], [ -86.832971641617775, 20.550276715703014 ], [ -86.832480847114041, 20.550382434444348 ], [ -86.832029524166359, 20.550495269554386 ], [ -86.831597012190258, 20.550597502516393 ], [ -86.831183311311861, 20.550689133472456 ], [ -86.830788421649515, 20.550770162558472 ], [ -86.830412343313739, 20.550840589904098 ], [ -86.83005507640739, 20.550900415632793 ], [ -86.829716621025511, 20.550949639861798 ], [ -86.829396977255428, 20.550988262702134 ], [ -86.829096145176663, 20.551016284258608 ], [ -86.82881412486104, 20.551033704629802 ], [ -86.828550916372592, 20.551040523908078 ], [ -86.828306519767594, 20.551036742179601 ], [ -86.828080935094604, 20.551022359524303 ], [ -86.827874162394366, 20.550997376015868 ], [ -86.827686201699919, 20.550961791721821 ], [ -86.82751705303653, 20.55091560670342 ], [ -86.82736671642175, 20.550858821015694 ], [ -86.827216371962152, 20.550809114687887 ], [ -86.827066019637059, 20.550766487719923 ], [ -86.826915659425765, 20.550730940111752 ], [ -86.826765291307495, 20.550702471863293 ], [ -86.826614915261572, 20.55068108297445 ], [ -86.82646453126722, 20.550666773445094 ], [ -86.826314139303676, 20.550659543275103 ], [ -86.826163739350179, 20.550659392464322 ], [ -86.826013331385965, 20.550666321012578 ], [ -86.825862915390246, 20.55068032891969 ], [ -86.825712491342216, 20.550701416185444 ], [ -86.825562059221056, 20.55072958280963 ], [ -86.825411619005976, 20.550764828791994 ], [ -86.825261170676129, 20.550807154132286 ], [ -86.825110714210695, 20.550856558830223 ], [ -86.824960249588813, 20.550913042885529 ], [ -86.824813536795929, 20.550976610099173 ], [ -86.824670575816285, 20.55104726048042 ], [ -86.824531366635114, 20.551124994038265 ], [ -86.824395909238717, 20.551209810781483 ], [ -86.824264203614419, 20.551301710718562 ], [ -86.824136249750552, 20.55140069385774 ], [ -86.824012047636501, 20.551506760207015 ], [ -86.823891597262687, 20.551619909774121 ], [ -86.823774898620542, 20.551740142566551 ], [ -86.823661951702533, 20.551867458591538 ], [ -86.823552756502181, 20.552001857856045 ], [ -86.823447313014, 20.552143340366804 ], [ -86.823345621233557, 20.552291906130282 ], [ -86.82324768115744, 20.552447555152707 ], [ -86.82315349278332, 20.552610287440036 ], [ -86.823063056109802, 20.552780102997975 ], [ -86.822948197229991, 20.552933964687401 ], [ -86.822808916107135, 20.553071872460311 ], [ -86.822645212719706, 20.553193826258418 ], [ -86.822457087061395, 20.553299826013102 ], [ -86.822244539141224, 20.553389871645464 ], [ -86.822007568983395, 20.553463963066299 ], [ -86.821746176627443, 20.553522100176085 ], [ -86.821460362128079, 20.553564282865008 ], [ -86.821150125555334, 20.553590511012931 ], [ -86.820815466994489, 20.553600784489454 ], [ -86.820456386546056, 20.55359510315385 ], [ -86.82007288432581, 20.553573466855109 ], [ -86.819664960464834, 20.553535875431901 ], [ -86.819232615109399, 20.553482328712612 ], [ -86.818775848421112, 20.553412826515341 ], [ -86.818294660576768, 20.553327368647892 ], [ -86.817822865038679, 20.553248998815238 ], [ -86.817360461726665, 20.553177717093714 ], [ -86.81690745056315, 20.553113523558117 ], [ -86.816463831473172, 20.553056418281727 ], [ -86.816029604384383, 20.553006401336276 ], [ -86.815604769226994, 20.552963472791969 ], [ -86.815189325933829, 20.552927632717523 ], [ -86.814783274440344, 20.55289888118007 ], [ -86.81438661468458, 20.552877218245257 ], [ -86.813999346607147, 20.552862643977171 ], [ -86.813621470151304, 20.552855158438405 ], [ -86.813252985262892, 20.552854761690003 ], [ -86.81289389189034, 20.552861453791497 ], [ -86.812544189984692, 20.552875234800887 ], [ -86.812203879499577, 20.552896104774639 ], [ -86.811872960391256, 20.552924063767687 ], [ -86.811532628018483, 20.552962631126491 ], [ -86.811182882304124, 20.553011806794817 ], [ -86.810823723167175, 20.55307159071484 ], [ -86.810455150522699, 20.55314198282715 ], [ -86.810077164281864, 20.553222983070697 ], [ -86.809689764351944, 20.55331459138284 ], [ -86.809292950636291, 20.553416807699332 ], [ -86.808886723034377, 20.553529631954309 ], [ -86.808471081441752, 20.553653064080311 ], [ -86.808046025750073, 20.553787104008265 ], [ -86.807611555847103, 20.553931751667481 ], [ -86.807167671616696, 20.554087006985664 ], [ -86.806714372938757, 20.554252869888906 ], [ -86.806251659689352, 20.554429340301702 ], [ -86.805779531740598, 20.554616418146914 ], [ -86.805297988960746, 20.554814103345809 ], [ -86.804792022279955, 20.554997600701398 ], [ -86.804261631753263, 20.555166910000995 ], [ -86.803706817449338, 20.555322031021621 ], [ -86.803127579450461, 20.555462963530019 ], [ -86.802523917852483, 20.555589707282635 ], [ -86.80189583276487, 20.55570226202563 ], [ -86.801243324310704, 20.555800627494882 ], [ -86.800566392626678, 20.555884803415992 ], [ -86.799865037863114, 20.555954789504288 ], [ -86.799139260183907, 20.556010585464776 ], [ -86.798389059766563, 20.556052190992244 ], [ -86.797614436802277, 20.55607960577116 ], [ -86.79681539149577, 20.556092829475748 ], [ -86.795991924065447, 20.556091861769964 ], [ -86.795144034743316, 20.556076702307465 ], [ -86.794271723774983, 20.556047350731653 ], [ -86.793450162945845, 20.556026904631878 ], [ -86.792679352086068, 20.556015364728793 ], [ -86.79195929104381, 20.55601273169858 ], [ -86.791289979685232, 20.556019006172932 ], [ -86.790671417894544, 20.556034188739059 ], [ -86.790103605573961, 20.556058279939695 ], [ -86.789586542643733, 20.556091280273105 ], [ -86.789120229042169, 20.556133190193052 ], [ -86.788704664725614, 20.556184010108858 ], [ -86.788339849668461, 20.556243740385373 ], [ -86.788025783863205, 20.556312381342941 ], [ -86.787762467320377, 20.556389933257471 ], [ -86.787549900068583, 20.556476396360395 ], [ -86.787388082154493, 20.556571770838659 ], [ -86.787277013642878, 20.556676056834778 ], [ -86.787216694616589, 20.556789254446759 ], [ -86.787139452406635, 20.556904201113412 ], [ -86.787045286972557, 20.557020896811679 ], [ -86.786934198272846, 20.557139341513519 ], [ -86.786806186264855, 20.557259535185942 ], [ -86.786661250904842, 20.557381477790948 ], [ -86.786499392147945, 20.557505169285605 ], [ -86.786320609948206, 20.557630609621985 ], [ -86.786124904258557, 20.557757798747197 ], [ -86.78591227503081, 20.557886736603368 ], [ -86.785682722215711, 20.558017423127676 ], [ -86.785436245762853, 20.558149858252296 ], [ -86.785172845620735, 20.558284041904457 ], [ -86.784892521736793, 20.558419974006391 ], [ -86.784595274057281, 20.558557654475372 ], [ -86.78428110252743, 20.558697083223691 ], [ -86.783950007091306, 20.558838260158673 ], [ -86.783633951823091, 20.558979455239847 ], [ -86.783332936763301, 20.559120668549898 ], [ -86.783046961952493, 20.559261900167595 ], [ -86.782776027431311, 20.559403150167778 ], [ -86.782520133240396, 20.559544418621385 ], [ -86.78227927942045, 20.559685705595435 ], [ -86.782053466012272, 20.559827011153025 ], [ -86.78184269305666, 20.55996833535335 ], [ -86.781646960594472, 20.560109678251681 ], [ -86.78146626866662, 20.560251039899367 ], [ -86.781300617314088, 20.560392420343849 ], [ -86.781150006577874, 20.560533819628631 ], [ -86.781014436499049, 20.56067523779334 ], [ -86.78089390711871, 20.560816674873656 ], [ -86.780788418478053, 20.560958130901344 ], [ -86.780697970618291, 20.561099605904275 ], [ -86.780588718826806, 20.561242826906941 ], [ -86.780460663047563, 20.561387793873184 ], [ -86.780313803223365, 20.561534506760676 ], [ -86.780148139295775, 20.561682965520976 ], [ -86.779963671205124, 20.561833170099469 ], [ -86.779760398890559, 20.561985120435452 ], [ -86.779538322289952, 20.562138816462042 ], [ -86.77929744134002, 20.562294258106213 ], [ -86.779037755976205, 20.562451445288847 ], [ -86.778759266132738, 20.562610377924617 ], [ -86.778461971742658, 20.562771055922138 ], [ -86.778145872737781, 20.562933479183801 ], [ -86.777810969048701, 20.563097647605918 ], [ -86.777457260604777, 20.563263561078635 ], [ -86.777084747334172, 20.563431219485935 ], [ -86.776693429163828, 20.563600622705714 ], [ -86.776322807293994, 20.563759432554789 ], [ -86.775972881864476, 20.563907649167888 ], [ -86.775643653006611, 20.564045272672228 ], [ -86.775335120843167, 20.564172303187451 ], [ -86.775047285488426, 20.56428874082571 ], [ -86.774780147048176, 20.564394585691591 ], [ -86.774533705619703, 20.564489837882171 ], [ -86.77430796129174, 20.564574497486966 ], [ -86.774102914144549, 20.564648564587991 ], [ -86.773918564249868, 20.564712039259678 ], [ -86.773754911670949, 20.564764921568965 ], [ -86.773611956462503, 20.564807211575225 ], [ -86.773489698670744, 20.564838909330295 ], [ -86.773388138333374, 20.564860014878491 ], [ -86.773307275479624, 20.56487052825657 ], [ -86.773247110130171, 20.56487044949376 ], [ -86.773190710341524, 20.564866835907146 ], [ -86.773138076117263, 20.564859687500398 ], [ -86.773089207460472, 20.564849004276997 ], [ -86.773044104373668, 20.564834786240144 ], [ -86.773002766858909, 20.564817033392767 ], [ -86.772965194917688, 20.564795745737577 ], [ -86.772931388550987, 20.564770923276988 ], [ -86.772901347759287, 20.564742566013184 ], [ -86.772875072542519, 20.564710673948095 ], [ -86.772852562900113, 20.56467524708339 ], [ -86.772833818830989, 20.564636285420477 ], [ -86.772818840333528, 20.564593788960522 ], [ -86.772807627405598, 20.564547757704439 ], [ -86.772800180044527, 20.564498191652859 ], [ -86.772796498247189, 20.564445090806196 ], [ -86.772796582009832, 20.564388455164586 ], [ -86.772802301018743, 20.564335366649622 ], [ -86.772813655268507, 20.564285825260765 ], [ -86.772830644754507, 20.564239830996932 ], [ -86.772853269472904, 20.564197383856474 ], [ -86.772881529420658, 20.5641584838372 ], [ -86.772915424595496, 20.564123130936398 ], [ -86.772954954995939, 20.564091325150773 ], [ -86.77300012062129, 20.564063066476503 ], [ -86.773050921471636, 20.564038354909211 ], [ -86.773107357547829, 20.564017190443977 ], [ -86.77316942885156, 20.563999573075339 ], [ -86.77323713538523, 20.563985502797273 ], [ -86.77331047715208, 20.563974979603216 ], [ -86.773389454156117, 20.563968003486075 ], [ -86.773474066402116, 20.563964574438177 ], [ -86.773564313895662, 20.563964692451325 ], [ -86.773645178863362, 20.563952409083512 ], [ -86.773716661287736, 20.563927724347675 ], [ -86.773778761155782, 20.563890638255199 ], [ -86.773831478459059, 20.563841150815939 ], [ -86.773874813193672, 20.563779262038224 ], [ -86.773908765360204, 20.563704971928839 ], [ -86.773933334963843, 20.563618280493028 ], [ -86.773948522014209, 20.563519187734499 ], [ -86.773954326525541, 20.563407693655446 ], [ -86.77395074851654, 20.563283798256503 ], [ -86.773937788010485, 20.563147501536783 ], [ -86.773915445035129, 20.562998803493844 ], [ -86.773883719622816, 20.562837704123734 ], [ -86.77384261181038, 20.562664203420947 ], [ -86.77379212163919, 20.562478301378459 ], [ -86.773732249155117, 20.56227999798768 ], [ -86.773657317507002, 20.562094063969305 ], [ -86.773567326732078, 20.561920499304915 ], [ -86.773462276860329, 20.561759303972071 ], [ -86.773342167914493, 20.561610477944246 ], [ -86.773206999910016, 20.561474021190914 ], [ -86.773056772855085, 20.561349933677455 ], [ -86.772891486750652, 20.561238215365233 ], [ -86.772711141590378, 20.561138866211543 ], [ -86.772515737360678, 20.561051886169651 ], [ -86.77230527404069, 20.560977275188758 ], [ -86.772079751602277, 20.560915033214023 ], [ -86.771839170010111, 20.560865160186541 ], [ -86.771583529221516, 20.560827656043397 ], [ -86.771312829186584, 20.560802520717584 ], [ -86.771027069848159, 20.56078975413805 ], [ -86.770726251141838, 20.560789356229726 ], [ -86.770440446935226, 20.56080667637541 ], [ -86.770169657133707, 20.560841714648429 ], [ -86.769913881652982, 20.5608944711182 ], [ -86.769673120419128, 20.560964945850216 ], [ -86.769447373368607, 20.561053138906047 ], [ -86.769236640448185, 20.56115905034336 ], [ -86.76904092161503, 20.561282680215903 ], [ -86.7688602168367, 20.561424028573523 ], [ -86.768694526091039, 20.561583095462108 ], [ -86.768543849366324, 20.561759880923692 ], [ -86.768408186661162, 20.561954384996366 ], [ -86.768287537984534, 20.562166607714307 ], [ -86.768181903355782, 20.562396549107778 ], [ -86.76809128280459, 20.562644209203135 ], [ -86.76801567637105, 20.56290958802283 ], [ -86.767955084105594, 20.563192685585381 ], [ -86.767879461112699, 20.563468683504297 ], [ -86.767788807322475, 20.563737581759902 ], [ -86.767683122669212, 20.563999380328607 ], [ -86.767562407091376, 20.564254079182941 ], [ -86.767426660531697, 20.564501678291538 ], [ -86.767275882937042, 20.564742177619156 ], [ -86.767110074258497, 20.564975577126631 ], [ -86.766929234451354, 20.565201876770928 ], [ -86.766733363475097, 20.565421076505118 ], [ -86.76652246129342, 20.565633176278364 ], [ -86.766296527874232, 20.565838176035967 ], [ -86.766055563189582, 20.566036075719289 ], [ -86.765799567215794, 20.566226875265844 ], [ -86.765528539933356, 20.566410574609229 ], [ -86.76524248132695, 20.566587173679164 ], [ -86.76494139138552, 20.566756672401461 ], [ -86.76465346212153, 20.566926188477414 ], [ -86.764378693577783, 20.567095721973079 ], [ -86.764117085797025, 20.567265272951527 ], [ -86.763868638822132, 20.567434841472814 ], [ -86.763633352695962, 20.567604427593992 ], [ -86.763411227461432, 20.56777403136913 ], [ -86.763202263161517, 20.567943652849287 ], [ -86.763006459839218, 20.568113292082543 ], [ -86.762823817537551, 20.568282949113936 ], [ -86.762654336299633, 20.568452623985547 ], [ -86.762498016168593, 20.568622316736441 ], [ -86.762354857187589, 20.568792027402676 ], [ -86.762224859399851, 20.568961756017316 ], [ -86.762108022848594, 20.569131502610453 ], [ -86.762004347577175, 20.569301267209127 ], [ -86.761913833628896, 20.569471049837404 ], [ -86.76180640844251, 20.56963372969058 ], [ -86.761682071979777, 20.569789306737174 ], [ -86.761540824207174, 20.569937780940819 ], [ -86.761382665095965, 20.570079152260199 ], [ -86.761207594622093, 20.570213420649058 ], [ -86.761015612766272, 20.57034058605624 ], [ -86.76080671951398, 20.570460648425655 ], [ -86.760580914855367, 20.570573607696261 ], [ -86.760338198785391, 20.570679463802136 ], [ -86.760078571303694, 20.570778216672398 ], [ -86.759802032414683, 20.570869866231241 ], [ -86.759508582127509, 20.570954412397924 ], [ -86.759198220456057, 20.571031855086812 ], [ -86.758870947418956, 20.571102194207306 ], [ -86.758526763039569, 20.57116542966391 ], [ -86.758165667346006, 20.571221561356182 ], [ -86.757812081205856, 20.571284782254562 ], [ -86.757466004578802, 20.571355092404485 ], [ -86.757127437426618, 20.571432491850441 ], [ -86.756796379713165, 20.57151698063592 ], [ -86.756472831404366, 20.571608558803462 ], [ -86.756156792468232, 20.571707226394604 ], [ -86.755848262874849, 20.571812983449938 ], [ -86.755547242596393, 20.571925830009043 ], [ -86.755208594260282, 20.572052781755385 ], [ -86.754830420473255, 20.572204454962627 ], [ -86.754450348709824, 20.572366743825956 ], [ -86.754068378884853, 20.572539648331414 ], [ -86.753684510912478, 20.572723168464904 ], [ -86.753298744705987, 20.572917304212243 ], [ -86.752911080177853, 20.573122055559111 ], [ -86.752521517239728, 20.573337422491093 ], [ -86.752130055802468, 20.57356340499366 ], [ -86.751774329859018, 20.573782358382296 ], [ -86.751454339608884, 20.573994282879855 ], [ -86.751170085242066, 20.574199178686968 ], [ -86.751034809713047, 20.574306883550946 ], [ -86.750921566938914, 20.574397045982 ], [ -86.750708784870255, 20.574587884921112 ], [ -86.750531739197342, 20.57477169563818 ], [ -86.75039043007186, 20.574948478244867 ], [ -86.75028485763589, 20.57511823283059 ], [ -86.750215022022005, 20.575280959462496 ], [ -86.750180923353156, 20.575436658185502 ], [ -86.75018256174279, 20.575585329022275 ], [ -86.75021993729473, 20.575726971973229 ], [ -86.750293050103238, 20.575861587016519 ], [ -86.750401900253038, 20.575989174108063 ], [ -86.750546487819236, 20.576109733181521 ], [ -86.750726812867427, 20.576223264148293 ], [ -86.750880813920674, 20.576336757047695 ], [ -86.751008490919659, 20.576450211949364 ], [ -86.751109843805267, 20.576563628910954 ], [ -86.751184872518508, 20.576677007978102 ], [ -86.751233577000647, 20.576790349184442 ], [ -86.751255957193081, 20.5769036525516 ], [ -86.751252013037387, 20.577016918089189 ], [ -86.75122174447533, 20.577130145794808 ], [ -86.751165151448845, 20.577243335654043 ], [ -86.751082233900021, 20.5773564876405 ], [ -86.750972991771164, 20.577469601715741 ], [ -86.750837425004761, 20.577582677829326 ], [ -86.750675533543429, 20.577695715918814 ], [ -86.750487317330013, 20.577808715909761 ], [ -86.750272776307497, 20.577921677715683 ], [ -86.750031910419082, 20.578034601238102 ], [ -86.749796696697388, 20.578140453141984 ], [ -86.74956713518651, 20.578239233451086 ], [ -86.749343225929024, 20.578330942188572 ], [ -86.749124968965845, 20.57841557937703 ], [ -86.748912364336405, 20.57849314503844 ], [ -86.748705412078522, 20.578563639194222 ] ], [ [ -86.892361260794374, 20.541587658628032 ], [ -86.892481405740398, 20.541828436875868 ], [ -86.892609084253678, 20.542049751022567 ], [ -86.892744296318796, 20.542251601052911 ], [ -86.892887041914534, 20.542433986950549 ], [ -86.893037321013963, 20.542596908697952 ], [ -86.893195133584356, 20.542740366276472 ], [ -86.893360479587258, 20.54286435966635 ], [ -86.893533358978459, 20.542968888846637 ], [ -86.893713771707979, 20.543053953795283 ], [ -86.893879166095275, 20.543108921405221 ], [ -86.894029542027056, 20.543133791719491 ], [ -86.894164899407656, 20.543128564777039 ], [ -86.894285238158915, 20.543093240612645 ], [ -86.894390558220323, 20.54302781925696 ], [ -86.894480859548835, 20.542932300736485 ], [ -86.8945561421191, 20.5428066850736 ], [ -86.894616405923188, 20.542650972286534 ], [ -86.89466165097086, 20.542465162389359 ], [ -86.894691877289404, 20.542249255392036 ], [ -86.894707084923624, 20.542003251300383 ], [ -86.894707273935964, 20.541727150116053 ], [ -86.894692444406374, 20.541420951836582 ], [ -86.894662596432411, 20.54108465645534 ], [ -86.89461773012917, 20.540718263961601 ], [ -86.894557845629279, 20.540321774340455 ], [ -86.894490428584618, 20.539944748783054 ], [ -86.894415479025724, 20.539587187283267 ], [ -86.894332996977354, 20.539249089833845 ], [ -86.89424298245855, 20.538930456426389 ], [ -86.894145435482599, 20.53863128705137 ], [ -86.894040356057033, 20.538351581698119 ], [ -86.893927744183642, 20.538091340354832 ], [ -86.893807599858476, 20.537850563008551 ], [ -86.893679923071787, 20.537629249645214 ], [ -86.89354471380814, 20.537427400249587 ], [ -86.893401972046334, 20.537245014805318 ], [ -86.893251697759396, 20.537082093294917 ], [ -86.893093890914614, 20.536938635699745 ], [ -86.892928551473574, 20.536814642000024 ], [ -86.892755679392039, 20.536710112174855 ], [ -86.892575274620086, 20.536625046202197 ], [ -86.89240988766484, 20.536570077340105 ], [ -86.892259518413098, 20.536545205631644 ], [ -86.892124166769221, 20.536550431115721 ], [ -86.892003832655092, 20.536585753827101 ], [ -86.891898516010158, 20.536651173796407 ], [ -86.891808216791475, 20.536746691050141 ], [ -86.891732934973604, 20.536872305610657 ], [ -86.891672670548658, 20.53702801749618 ], [ -86.891627423526344, 20.537213826720791 ], [ -86.89159719393389, 20.537429733294449 ], [ -86.891581981816131, 20.537675737222948 ], [ -86.89158178723541, 20.537951838507965 ], [ -86.891596610271648, 20.53825803714706 ], [ -86.891626451022319, 20.538594333133624 ], [ -86.891671309602515, 20.538960726456917 ], [ -86.89173118614481, 20.539357217102086 ], [ -86.891798596170815, 20.539734243726965 ], [ -86.891873539711099, 20.540091806325453 ], [ -86.891956016790488, 20.540429904890278 ], [ -86.89204602742808, 20.540748539413062 ], [ -86.892143571637163, 20.541047709884253 ], [ -86.892248649425326, 20.541327416293186 ], [ -86.892361260794374, 20.541587658628032 ] ], [ [ -86.986507646761282, 20.442159670696995 ], [ -86.986402427920808, 20.442301254719446 ], [ -86.986310359710316, 20.442442839710779 ], [ -86.986231442165916, 20.442584425691877 ], [ -86.986165675323718, 20.442726012680662 ], [ -86.986113059219832, 20.442867600692054 ], [ -86.986073593890396, 20.443009189738014 ], [ -86.986047279371505, 20.443150779827484 ], [ -86.986034115699297, 20.443292370966475 ], [ -86.986034102909869, 20.443433963157979 ], [ -86.986039726548128, 20.443572015994683 ], [ -86.986050986628769, 20.443706529476206 ], [ -86.986067883165731, 20.443837503601632 ], [ -86.986090416172175, 20.443964938369479 ], [ -86.98611858566052, 20.44408883377773 ], [ -86.986152391642392, 20.444209189823798 ], [ -86.986191834128618, 20.444326006504564 ], [ -86.986236913129289, 20.444439283816326 ], [ -86.986287628653699, 20.44454902175486 ], [ -86.986343980710402, 20.444655220315369 ], [ -86.986405969307114, 20.44475787949251 ], [ -86.986473594450814, 20.444856999280407 ], [ -86.98654685614774, 20.444952579672584 ], [ -86.986625754403306, 20.445044620662063 ], [ -86.98671028922216, 20.445133122241284 ], [ -86.986800460608208, 20.445218084402143 ], [ -86.986890632693672, 20.445295966907469 ], [ -86.986980805466189, 20.445366769757474 ], [ -86.987070978913366, 20.445430492952291 ], [ -86.987161153022811, 20.445487136492073 ], [ -86.987251327782161, 20.445536700376952 ], [ -86.987341503179024, 20.445579184607052 ], [ -86.987431679201023, 20.445614589182451 ], [ -86.987521855835752, 20.445642914103249 ], [ -86.987612033070846, 20.445664159369482 ], [ -86.987702210893914, 20.44567832498122 ], [ -86.987792389292565, 20.44568541093847 ], [ -86.987882568254406, 20.445685417241251 ], [ -86.987972747767046, 20.445678343889558 ], [ -86.98806292781812, 20.445664190883356 ], [ -86.98815310839521, 20.445642958222621 ], [ -86.988243289485936, 20.445614645907281 ], [ -86.988337228799111, 20.445575714385207 ], [ -86.98843492631255, 20.445526163650165 ], [ -86.988536382002493, 20.445465993695638 ], [ -86.988641595843632, 20.445395204514796 ], [ -86.988750567809134, 20.445313796100574 ], [ -86.988863297870623, 20.445221768445592 ], [ -86.988979785998097, 20.445119121542199 ], [ -86.98910003216011, 20.445005855382469 ], [ -86.989224036323606, 20.444881969958164 ], [ -86.989351798453981, 20.444747465260807 ], [ -86.989483318515099, 20.444602341281595 ], [ -86.989618596469271, 20.444446598011467 ], [ -86.989757632277232, 20.444280235441084 ], [ -86.989900425898242, 20.444103253560804 ], [ -86.990046977289921, 20.443915652360712 ], [ -86.990197286408389, 20.443717431830624 ], [ -86.990330686601453, 20.443522750032226 ], [ -86.99044717794213, 20.443331607004662 ], [ -86.990546760501118, 20.443144002782169 ], [ -86.990629434346786, 20.442959937394019 ], [ -86.990695199545243, 20.442779410864549 ], [ -86.990744056160167, 20.442602423213174 ], [ -86.990776004253007, 20.442428974454391 ], [ -86.990791043882865, 20.442259064597732 ], [ -86.990789175106499, 20.442092693647808 ], [ -86.990770397978395, 20.441929861604304 ], [ -86.990734712550648, 20.441770568461973 ], [ -86.990682118873082, 20.44161481421061 ], [ -86.990612616993189, 20.441462598835106 ], [ -86.990526206956162, 20.441313922315413 ], [ -86.990422888804829, 20.441168784626537 ], [ -86.990302662579737, 20.441027185738573 ], [ -86.990176799440292, 20.440903285476569 ], [ -86.990045299356836, 20.440797083829047 ], [ -86.989908162295876, 20.440708580783873 ], [ -86.989765388220022, 20.440637776328238 ], [ -86.989616977088019, 20.440584670448686 ], [ -86.989462928854707, 20.440549263131114 ], [ -86.989303243471099, 20.440531554360735 ], [ -86.989137920884303, 20.44053154412213 ], [ -86.98896696103759, 20.440549232399206 ], [ -86.988790363870308, 20.440584619175205 ], [ -86.988608129317967, 20.440637704432742 ], [ -86.9884202573122, 20.440708488153739 ], [ -86.988226747780743, 20.440796970319482 ], [ -86.988027600647484, 20.440903150910575 ], [ -86.987822815832402, 20.441027029906991 ], [ -86.987612393251638, 20.44116860728802 ], [ -86.987415121012077, 20.44131018536353 ], [ -86.98723099914983, 20.441451764178254 ], [ -86.987060027700949, 20.441593343773938 ], [ -86.986902206701572, 20.441734924189351 ], [ -86.986757536187767, 20.441876505460286 ], [ -86.986626016195643, 20.442018087619562 ], [ -86.986507646761282, 20.442159670696995 ] ], [ [ -86.951712198281882, 20.376900496024994 ], [ -86.95162197551322, 20.377169498180191 ], [ -86.951539259056005, 20.377454431602743 ], [ -86.951464048925899, 20.377755296301796 ], [ -86.951396345143138, 20.378072092285457 ], [ -86.951336147732647, 20.378404819560775 ], [ -86.951283456723857, 20.378753478133756 ], [ -86.951238272150917, 20.379118068009365 ], [ -86.951200594052523, 20.37949858919151 ], [ -86.951170422472046, 20.379895041683081 ], [ -86.951134623063567, 20.380272023512742 ], [ -86.951093195799899, 20.380629534679514 ], [ -86.951046140658036, 20.380967575181725 ], [ -86.950993457619205, 20.381286145017047 ], [ -86.95093514666884, 20.381585244182482 ], [ -86.950871207796638, 20.381864872674363 ], [ -86.950801640996474, 20.382125030488357 ], [ -86.950726446266458, 20.382365717619471 ], [ -86.950645623608963, 20.382586934062044 ], [ -86.950559173030513, 20.382788679809728 ], [ -86.950467094541935, 20.382970954855555 ], [ -86.950369388158208, 20.383133759191839 ], [ -86.950266053898588, 20.383277092810268 ], [ -86.950157091786537, 20.383400955701841 ], [ -86.950042501849722, 20.383505347856897 ], [ -86.949922284120049, 20.383590269265103 ], [ -86.949787043600622, 20.383671646437989 ], [ -86.949636780277146, 20.383749479340672 ], [ -86.949471494137413, 20.383823767934405 ], [ -86.949291185171276, 20.38389451217656 ], [ -86.949095853370679, 20.383961712020618 ], [ -86.948885498729609, 20.384025367416172 ], [ -86.948660121244117, 20.384085478308965 ], [ -86.948419720912383, 20.384142044640832 ], [ -86.948164297734579, 20.384195066349729 ], [ -86.94789385171299, 20.384244543369743 ], [ -86.947608382851968, 20.384290475631062 ], [ -86.947307891157934, 20.384332863060006 ], [ -86.946992376639372, 20.384371705579024 ], [ -86.94666183930687, 20.384407003106659 ], [ -86.946316279173018, 20.384438755557586 ], [ -86.945955696252568, 20.384466962842598 ], [ -86.945610133982143, 20.384504023634683 ], [ -86.945279592313113, 20.384549938022872 ], [ -86.944964071201994, 20.384604706092304 ], [ -86.94466357061043, 20.384668327924228 ], [ -86.944378090505211, 20.384740803595985 ], [ -86.944107630858298, 20.384822133181043 ], [ -86.943852191646769, 20.384912316748942 ], [ -86.943611772852876, 20.38501135436535 ], [ -86.943386374464026, 20.385119246092049 ], [ -86.943175996472732, 20.3852359919869 ], [ -86.942980638876691, 20.385361592103884 ], [ -86.942800301678759, 20.385496046493088 ], [ -86.942634984886922, 20.385639355200706 ], [ -86.942484688514298, 20.385791518269027 ], [ -86.942349412579205, 20.385952535736468 ], [ -86.942229157105075, 20.386122407637529 ], [ -86.942112652756791, 20.38630467009008 ], [ -86.941999899519544, 20.386499323100832 ], [ -86.941890897380276, 20.386706366676194 ], [ -86.941785646327716, 20.386925800822283 ], [ -86.941684146352387, 20.38715762554493 ], [ -86.941586397446628, 20.387401840849691 ], [ -86.941492399604527, 20.387658446741803 ], [ -86.941402152821993, 20.387927443226225 ], [ -86.941315657096723, 20.388208830307633 ], [ -86.941232912428177, 20.388502607990414 ], [ -86.941153918817648, 20.388808776278641 ], [ -86.941078676268162, 20.38912733517612 ], [ -86.941007184784596, 20.389458284686366 ], [ -86.940939444373583, 20.389801624812588 ], [ -86.940875455043553, 20.390157355557729 ], [ -86.940815216804708, 20.390525476924417 ], [ -86.940728690813089, 20.390879430023201 ], [ -86.940615876912744, 20.391219214816299 ], [ -86.940476774962136, 20.391544831253988 ], [ -86.940311384834217, 20.391856279274638 ], [ -86.940119706416326, 20.392153558804679 ], [ -86.939901739610264, 20.392436669758638 ], [ -86.939657484332244, 20.39270561203908 ], [ -86.939386940512961, 20.392960385536686 ], [ -86.939090108097503, 20.3932009901302 ], [ -86.938766987045426, 20.393427425686415 ], [ -86.938417577330711, 20.393639692060223 ], [ -86.938041878941817, 20.393837789094601 ], [ -86.937639891881645, 20.394021716620571 ], [ -86.937211616167502, 20.394191474457262 ], [ -86.936757051831179, 20.39434706241185 ], [ -86.936276198918961, 20.394488480279627 ], [ -86.93582350868904, 20.394649376210602 ], [ -86.935398981057673, 20.394829750422755 ], [ -86.93500261596229, 20.39502960312041 ], [ -86.934634413361621, 20.395248934494131 ], [ -86.934294373235574, 20.395487744720779 ], [ -86.933982495585354, 20.395746033963501 ], [ -86.933698780433346, 20.396023802371726 ], [ -86.933443227823247, 20.396321050081156 ], [ -86.933215837819986, 20.396637777213822 ], [ -86.933016610509725, 20.396973983877992 ], [ -86.932845545999882, 20.397329670168261 ], [ -86.932702644419152, 20.397704836165492 ], [ -86.932587905917472, 20.398099481936818 ], [ -86.932501330666071, 20.398513607535691 ], [ -86.932442918857376, 20.398947213001836 ], [ -86.932412670705148, 20.399400298361243 ], [ -86.932376796354362, 20.399833912495492 ], [ -86.932335295771836, 20.400248055403885 ], [ -86.932288168928594, 20.40064272708512 ], [ -86.932235415799923, 20.4010179275372 ], [ -86.932177036365275, 20.401373656757464 ], [ -86.932113030608363, 20.401709914742586 ], [ -86.932043398517095, 20.402026701488598 ], [ -86.931968140083612, 20.402324016990836 ], [ -86.931887255304275, 20.402601861244012 ], [ -86.931800744179668, 20.402860234242137 ], [ -86.931708606714579, 20.403099135978593 ], [ -86.931610842918033, 20.403318566446057 ], [ -86.931507452803302, 20.403518525636585 ], [ -86.931398436387823, 20.403699013541541 ], [ -86.931283793693282, 20.403860030151655 ], [ -86.9311635247456, 20.404001575456959 ], [ -86.931048883157828, 20.404159052087405 ], [ -86.93093986891158, 20.40433246005318 ], [ -86.930836481991889, 20.404521799363845 ], [ -86.930738722387289, 20.404727070028351 ], [ -86.930646590089751, 20.404948272055012 ], [ -86.930560085094669, 20.405185405451526 ], [ -86.93047920740095, 20.405438470224968 ], [ -86.930403957010952, 20.405707466381788 ], [ -86.93033433393046, 20.405992393927825 ], [ -86.930270338168711, 20.406293252868277 ], [ -86.930211969738437, 20.406610043207746 ], [ -86.930159228655796, 20.40694276495018 ], [ -86.930112114940428, 20.407291418098939 ], [ -86.930070628615425, 20.407656002656736 ], [ -86.930034769707305, 20.408036518625664 ], [ -86.930004538246095, 20.408432966007219 ], [ -86.929970558869272, 20.408809942866142 ], [ -86.92993283156278, 20.409167449202744 ], [ -86.929891356315309, 20.40950548501694 ], [ -86.929846133118417, 20.409824050308291 ], [ -86.929797161966405, 20.410123145076003 ], [ -86.929744442856403, 20.4104027693189 ], [ -86.929687975788383, 20.410662923035446 ], [ -86.929627760765072, 20.410903606223769 ], [ -86.929563797791999, 20.411124818881593 ], [ -86.929496086877521, 20.411326561006288 ], [ -86.929424628032805, 20.41150883259489 ], [ -86.929349421271809, 20.41167163364404 ], [ -86.929270466611271, 20.411814964150004 ], [ -86.929187764070775, 20.411938824108734 ], [ -86.929101313672703, 20.412043213515773 ], [ -86.929011115442208, 20.412128132366313 ], [ -86.928907770493481, 20.412209505990493 ], [ -86.928791278812994, 20.41228733436499 ], [ -86.928661640389038, 20.412361617463485 ], [ -86.928518855211706, 20.412432355256708 ], [ -86.928362923272928, 20.412499547712393 ], [ -86.928193844566408, 20.412563194795297 ], [ -86.928011619087698, 20.412623296467231 ], [ -86.927816246834197, 20.41267985268701 ], [ -86.927607727805039, 20.412732863410469 ], [ -86.927386062001261, 20.412782328590495 ], [ -86.927151249425634, 20.412828248176961 ], [ -86.926903290082819, 20.412870622116788 ], [ -86.926642183979226, 20.412909450353936 ], [ -86.926367931123139, 20.412944732829367 ], [ -86.926080531524647, 20.412976469481073 ], [ -86.925779985195632, 20.413004660244084 ], [ -86.925490707038321, 20.413036395121939 ], [ -86.925212697039598, 20.413071674170688 ], [ -86.924945955187852, 20.41311049744419 ], [ -86.924690481473107, 20.413152864994089 ], [ -86.924446275886851, 20.413198776869905 ], [ -86.924213338422149, 20.413248233118917 ], [ -86.923991669073686, 20.413301233786221 ], [ -86.923781267837597, 20.413357778914765 ], [ -86.923582134711651, 20.413417868545292 ], [ -86.923394269695137, 20.413481502716341 ], [ -86.92321767278888, 20.413548681464299 ], [ -86.92305234399528, 20.413619404823343 ], [ -86.922898283318318, 20.413693672825477 ], [ -86.922755490763464, 20.413771485500519 ], [ -86.92262396633781, 20.413852842876082 ], [ -86.922503710049952, 20.413937744977627 ], [ -86.922385319553698, 20.414047426526412 ], [ -86.922268794795968, 20.414181887525146 ], [ -86.922154135725464, 20.41434112797625 ], [ -86.922041342292545, 20.414525147881886 ], [ -86.921930414449434, 20.41473394724396 ], [ -86.921821352150019, 20.414967526064093 ], [ -86.92171415534996, 20.41522588434367 ], [ -86.921608824006654, 20.415509022083771 ], [ -86.921505358079244, 20.415816939285243 ], [ -86.921403757528637, 20.416149635948656 ], [ -86.921304022317457, 20.416507112074321 ], [ -86.921206152410093, 20.416889367662264 ], [ -86.921110147772666, 20.417296402712267 ], [ -86.921016008373044, 20.417728217223832 ], [ -86.920923734180846, 20.418184811196205 ], [ -86.920833325167422, 20.418666184628364 ], [ -86.920741049867516, 20.419122778451236 ], [ -86.920646908309763, 20.419554592665847 ], [ -86.920550900524489, 20.419961627272937 ], [ -86.920453026543825, 20.420343882273006 ], [ -86.920353286401607, 20.420701357666257 ], [ -86.920251680133461, 20.421034053452662 ], [ -86.920148207776748, 20.421341969631904 ], [ -86.920042869370548, 20.4216251062034 ], [ -86.919935664955773, 20.421883463166335 ], [ -86.919826594574985, 20.422117040519584 ], [ -86.919715658272594, 20.422325838261781 ], [ -86.919602856094684, 20.42250985639129 ], [ -86.919488188089119, 20.422669094906226 ], [ -86.919371654305522, 20.422803553804417 ], [ -86.919253254795237, 20.422913233083445 ], [ -86.919132989611398, 20.422998132740599 ], [ -86.91900145543589, 20.423079487262946 ], [ -86.918858652260113, 20.423157296625039 ], [ -86.918704580076991, 20.42323156079922 ], [ -86.918539238881039, 20.423302279755653 ], [ -86.918362628668305, 20.423369453462325 ], [ -86.918174749436417, 20.423433081885022 ], [ -86.917975601184537, 20.423493164987352 ], [ -86.917765183913374, 20.423549702730735 ], [ -86.917543497625246, 20.423602695074397 ], [ -86.917310542323946, 20.423652141975396 ], [ -86.917066318014918, 20.423698043388576 ], [ -86.916810824705109, 20.423740399266627 ], [ -86.916544062403034, 20.423779209560028 ], [ -86.916266031118738, 20.423814474217071 ], [ -86.915976730863889, 20.423846193183881 ], [ -86.91567616165166, 20.423874366404394 ], [ -86.915386860200229, 20.423907854294853 ], [ -86.915108826486886, 20.423946656911276 ], [ -86.914842060491253, 20.423990774307462 ], [ -86.914586562195225, 20.424040206535061 ], [ -86.914342331583114, 20.42409495364349 ], [ -86.914109368641476, 20.424155015680025 ], [ -86.913887673359227, 20.424220392689701 ], [ -86.913677245727598, 20.424291084715424 ], [ -86.913478085740181, 20.424367091797848 ], [ -86.913290193392854, 20.424448413975494 ], [ -86.913113568683855, 20.424535051284661 ], [ -86.91294821161371, 20.424627003759468 ], [ -86.912794122185304, 20.424724271431863 ], [ -86.912651300403851, 20.424826854331581 ], [ -86.912519746276871, 20.424934752486188 ], [ -86.912399459814239, 20.425047965921049 ], [ -86.912282918092004, 20.425182420011641 ], [ -86.912170121071696, 20.425338114764347 ], [ -86.912061068717875, 20.425515050185187 ], [ -86.911955760998154, 20.425713226279765 ], [ -86.911854197883173, 20.425932643053333 ], [ -86.911756379346656, 20.426173300510744 ], [ -86.91166230536534, 20.426435198656446 ], [ -86.911571975919045, 20.426718337494542 ], [ -86.911485390990592, 20.427022717028706 ], [ -86.911402550565896, 20.427348337262256 ], [ -86.911323454633887, 20.427695198198109 ], [ -86.911248103186537, 20.428063299838804 ], [ -86.9111764962189, 20.428452642186503 ], [ -86.911108633729043, 20.42886322524296 ], [ -86.911044515718103, 20.429295049009564 ], [ -86.910984142190259, 20.429748113487303 ], [ -86.910897481001612, 20.430179925627865 ], [ -86.910784531968659, 20.430590485394479 ], [ -86.910645294929594, 20.430979792738377 ], [ -86.910479769744299, 20.431347847598818 ], [ -86.910287956294269, 20.431694649903076 ], [ -86.910069854482728, 20.43202019956642 ], [ -86.909825464234558, 20.43232449649215 ], [ -86.909554785496368, 20.432607540571603 ], [ -86.909257818236384, 20.432869331684071 ], [ -86.908934562444585, 20.433109869696917 ], [ -86.90858501813257, 20.433329154465479 ], [ -86.908209185333732, 20.433527185833157 ], [ -86.907807064103054, 20.433703963631324 ], [ -86.90737865451726, 20.433859487679396 ], [ -86.906923956674788, 20.433993757784801 ], [ -86.906442970695736, 20.43410677374299 ], [ -86.905986403493671, 20.434223341361381 ], [ -86.905554255091459, 20.434343460832007 ], [ -86.905146525515406, 20.434467132336639 ], [ -86.90476321479521, 20.434594356046819 ], [ -86.904404322963927, 20.434725132123788 ], [ -86.904069850058093, 20.434859460718538 ], [ -86.903759796117598, 20.434997341971812 ], [ -86.903474161185741, 20.435138776014053 ], [ -86.903212945309235, 20.435283762965472 ], [ -86.902976148538229, 20.435432302936022 ], [ -86.902763770926214, 20.435584396025348 ], [ -86.902575812530145, 20.435740042322891 ], [ -86.902412273410377, 20.435899241907777 ], [ -86.902273153630659, 20.436061994848892 ], [ -86.902158453258167, 20.436228301204856 ], [ -86.902068172363514, 20.436398161024016 ], [ -86.901983521506622, 20.436576873471687 ], [ -86.901904500692325, 20.436764438555549 ], [ -86.901831109927315, 20.436960856282727 ], [ -86.901763349220275, 20.437166126659772 ], [ -86.901701218581792, 20.437380249692684 ], [ -86.901644718024357, 20.437603225386887 ], [ -86.901593847562438, 20.43783505374725 ], [ -86.901548607212391, 20.438075734778057 ], [ -86.901508996992533, 20.438325268483052 ], [ -86.901475016923087, 20.43858365486539 ], [ -86.901446667026221, 20.438850893927686 ], [ -86.901423947326023, 20.439126985671955 ], [ -86.901406857848542, 20.439411930099684 ], [ -86.901395398621673, 20.439705727211784 ], [ -86.901389569675345, 20.440008377008574 ], [ -86.901389371041347, 20.440319879489849 ], [ -86.901379785855042, 20.440620757235706 ], [ -86.901360814063949, 20.440911010245493 ], [ -86.901332455619368, 20.441190638516996 ], [ -86.901294710476535, 20.441459642046464 ], [ -86.901247578594521, 20.441718020828603 ], [ -86.901191059936252, 20.441965774856584 ], [ -86.901125154468545, 20.442202904122023 ], [ -86.901049862162083, 20.442429408615009 ], [ -86.900965182991385, 20.44264528832408 ], [ -86.900871116934866, 20.442850543236233 ], [ -86.900767663974776, 20.443045173336923 ], [ -86.900654824097302, 20.443229178610054 ], [ -86.900532597292397, 20.44340255903801 ], [ -86.900400983553979, 20.443565314601614 ], [ -86.900259982879774, 20.44371744528015 ], [ -86.900109595271374, 20.443858951051368 ], [ -86.899949818443673, 20.443993371690681 ], [ -86.899780652394313, 20.444120707172541 ], [ -86.899602097123591, 20.444240957469876 ], [ -86.899414152634336, 20.444354122554092 ], [ -86.899216818932004, 20.444460202395053 ], [ -86.899010096024597, 20.444559196961126 ], [ -86.898793983922729, 20.444651106219126 ], [ -86.898568482639618, 20.444735930134335 ], [ -86.898333592191008, 20.444813668670545 ], [ -86.898089312595289, 20.444884321789988 ], [ -86.897835643873407, 20.444947889453385 ], [ -86.897572586048867, 20.445004371619923 ], [ -86.897300139147845, 20.445053768247281 ], [ -86.897018303199005, 20.445096079291591 ], [ -86.896727078233653, 20.445131304707473 ], [ -86.896426464285682, 20.445159444448013 ], [ -86.896138998887565, 20.445191131316381 ], [ -86.895864682027309, 20.445226365377643 ], [ -86.895603513694695, 20.445265146693892 ], [ -86.89535549388134, 20.445307475324228 ], [ -86.895120622580677, 20.445353351324812 ], [ -86.894898899787989, 20.445402774748803 ], [ -86.894690325500349, 20.44545574564637 ], [ -86.894494899716662, 20.445512264064728 ], [ -86.894312622437667, 20.445572330048112 ], [ -86.894143493665922, 20.445635943637765 ], [ -86.89398751340579, 20.445703104871985 ], [ -86.893844681663481, 20.445773813786062 ], [ -86.893714998447024, 20.445848070412332 ], [ -86.893598463766239, 20.445925874780123 ], [ -86.893495077632835, 20.446007226915814 ], [ -86.893404840060271, 20.44609212684281 ], [ -86.893320228811163, 20.446191189367411 ], [ -86.893241243872922, 20.446304414497284 ], [ -86.893167885235954, 20.446431802239502 ], [ -86.893100152893837, 20.446573352600531 ], [ -86.893038046843174, 20.446729065586219 ], [ -86.892981567083652, 20.446898941201855 ], [ -86.892930713618014, 20.44708297945208 ], [ -86.892885486452116, 20.447281180340966 ], [ -86.892845885594852, 20.447493543871978 ], [ -86.89281191105826, 20.447720070047971 ], [ -86.892783562857346, 20.447960758871204 ], [ -86.892760841010301, 20.448215610343329 ], [ -86.892743745538297, 20.448484624465415 ], [ -86.892732276465679, 20.448767801237917 ], [ -86.892726433819774, 20.449065140660679 ], [ -86.892726217631079, 20.449376642732968 ], [ -86.892712851250621, 20.449686366787059 ], [ -86.892686334599858, 20.449994312819769 ], [ -86.892646667601227, 20.450300480824918 ], [ -86.892593850178017, 20.450604870793367 ], [ -86.892527882254484, 20.450907482712982 ], [ -86.892448763755738, 20.45120831656865 ], [ -86.89235649460791, 20.451507372342288 ], [ -86.89225107473797, 20.451804650012814 ], [ -86.892132504073828, 20.452100149556209 ], [ -86.892000782544329, 20.452393870945414 ], [ -86.891855910079215, 20.452685814150428 ], [ -86.89169788660918, 20.452975979138255 ], [ -86.891526712065811, 20.453264365872919 ], [ -86.891342386381638, 20.453550974315476 ], [ -86.89114490949008, 20.453835804423985 ], [ -86.890934281325528, 20.454118856153528 ], [ -86.890736804204536, 20.454401915876524 ], [ -86.890552478199098, 20.454684983638078 ], [ -86.890381303381247, 20.454968059480315 ], [ -86.890223279823019, 20.455251143442382 ], [ -86.890078407596476, 20.455534235560449 ], [ -86.889946686773683, 20.455817335867685 ], [ -86.889828117426759, 20.456100444394316 ], [ -86.889722699627825, 20.456383561167549 ], [ -86.889630433449028, 20.456666686211616 ], [ -86.88955131896256, 20.456949819547784 ], [ -86.88948535624057, 20.457232961194325 ], [ -86.889432545355291, 20.45751611116653 ], [ -86.889392886378971, 20.45779926947672 ], [ -86.889366379383844, 20.458082436134212 ], [ -86.889353024442201, 20.458365611145354 ], [ -86.889352821626332, 20.458648794513511 ], [ -86.889345110869613, 20.458921353715294 ], [ -86.889329892134171, 20.45918328875053 ], [ -86.889307165385262, 20.459434599618049 ], [ -86.889276930591222, 20.459675286315687 ], [ -86.889239187723447, 20.459905348840259 ], [ -86.889193936756456, 20.46012478718762 ], [ -86.889141177667867, 20.460333601352602 ], [ -86.889080910438366, 20.460531791329036 ], [ -86.889013135051741, 20.46071935710977 ], [ -86.888937851494859, 20.460896298686663 ], [ -86.888855059757717, 20.461062616050544 ], [ -86.88876475983335, 20.461218309191285 ], [ -86.888666951717951, 20.461363378097726 ], [ -86.88856163541071, 20.461497822757728 ], [ -86.888448810914014, 20.461621643158171 ], [ -86.888328478233277, 20.461734839284883 ], [ -86.888198754612674, 20.46184271960075 ], [ -86.888059640046123, 20.461945284084909 ], [ -86.887911134529418, 20.462042532715 ], [ -86.887753238060341, 20.462134465467116 ], [ -86.887585950638623, 20.462221082315867 ], [ -86.887409272265899, 20.462302383234288 ], [ -86.887223202945805, 20.462378368193939 ], [ -86.88702774268387, 20.462449037164834 ], [ -86.886822891487611, 20.462514390115462 ], [ -86.886608649366465, 20.462574427012804 ], [ -86.886385016331829, 20.462629147822302 ], [ -86.886151992397032, 20.462678552507906 ], [ -86.885909577577323, 20.462722641032013 ], [ -86.885657771889996, 20.462761413355498 ], [ -86.88539657535415, 20.462794869437744 ], [ -86.885125987990946, 20.462823009236601 ], [ -86.884862910987266, 20.462858233169698 ], [ -86.884607344311831, 20.462900541270894 ], [ -86.884359287935439, 20.462949933573057 ], [ -86.88411874183096, 20.463006410108065 ], [ -86.883885705973341, 20.46306997090684 ], [ -86.883660180339561, 20.463140615999293 ], [ -86.883442164908701, 20.463218345414383 ], [ -86.88323165966186, 20.463303159180064 ], [ -86.883028664582241, 20.463395057323325 ], [ -86.882833179655123, 20.463494039870167 ], [ -86.882645204867842, 20.463600106845615 ], [ -86.882464740209741, 20.4637132582737 ], [ -86.882291785672308, 20.463833494177496 ], [ -86.882126341249077, 20.463960814579092 ], [ -86.881968406935627, 20.464095219499576 ], [ -86.881817982729601, 20.464236708959071 ], [ -86.881675061850828, 20.464394132448621 ], [ -86.881539644277638, 20.46456748998575 ], [ -86.881411729992962, 20.464756781586956 ], [ -86.881291318984424, 20.464962007267687 ], [ -86.881178411244179, 20.46518316704238 ], [ -86.881073006769086, 20.465420260924397 ], [ -86.880975105560537, 20.465673288926119 ], [ -86.880884707624645, 20.465942251058838 ], [ -86.880801812972081, 20.466227147332852 ], [ -86.880726421618149, 20.466527977757373 ], [ -86.880658533582803, 20.466844742340644 ], [ -86.88059814889057, 20.467177441089827 ], [ -86.880545267570639, 20.467526074011051 ], [ -86.880499889656846, 20.467890641109431 ], [ -86.880462015187575, 20.468271142389018 ], [ -86.880431644205913, 20.468667577852852 ], [ -86.880399409134384, 20.469044543173105 ], [ -86.880365309972362, 20.469402038351273 ], [ -86.880329346720529, 20.469740063388638 ], [ -86.880291519380975, 20.47005861828633 ], [ -86.880251827957153, 20.470357703045288 ], [ -86.88021027245388, 20.470637317666256 ], [ -86.880166852877352, 20.4708974621498 ], [ -86.880121569235115, 20.471138136496315 ], [ -86.880074421536122, 20.471359340705988 ], [ -86.880025409790662, 20.471561074778837 ], [ -86.879974534010401, 20.471743338714703 ], [ -86.879921794208386, 20.471906132513229 ], [ -86.879867190399025, 20.472049456173881 ], [ -86.879810722598094, 20.47217330969595 ], [ -86.879752390822773, 20.472277693078521 ], [ -86.87969219509155, 20.47236260632052 ], [ -86.879613210176885, 20.472445736635599 ], [ -86.879515436051307, 20.472527083998049 ], [ -86.879398872688711, 20.472606648376093 ], [ -86.879263520064299, 20.472684429731849 ], [ -86.879109378154638, 20.47276042802136 ], [ -86.878936446937587, 20.472834643194577 ], [ -86.878744726392398, 20.472907075195348 ], [ -86.878534216499645, 20.472977723961453 ], [ -86.878304917241195, 20.473046589424591 ], [ -86.878056828600307, 20.47311367151034 ], [ -86.877789950561549, 20.473178970138211 ], [ -86.877504283110866, 20.473242485221622 ], [ -86.877199826235454, 20.473304216667923 ], [ -86.876876579923973, 20.473364164378342 ], [ -86.876534544166333, 20.473422328248031 ], [ -86.876173718953794, 20.473478708166066 ], [ -86.87582604407342, 20.473538636514512 ], [ -86.875491519516018, 20.473602113372145 ], [ -86.875170145274325, 20.473669138814778 ], [ -86.874861921342855, 20.473739712915247 ], [ -86.874566847717944, 20.473813835743389 ], [ -86.874284924397756, 20.473891507366069 ], [ -86.874016151382321, 20.473972727847176 ], [ -86.873760528673458, 20.474057497247632 ], [ -86.873518056274833, 20.474145815625356 ], [ -86.873288734191917, 20.474237683035302 ], [ -86.873072562432043, 20.474333099529442 ], [ -86.872869541004349, 20.47443206515678 ], [ -86.872679669919805, 20.474534579963311 ], [ -86.872502949191244, 20.474640643992089 ], [ -86.87233937883326, 20.474750257283169 ], [ -86.872188958862353, 20.474863419873625 ], [ -86.872047919399677, 20.474994288163685 ], [ -86.871916260420164, 20.475142862175261 ], [ -86.871793981905142, 20.475309141928658 ], [ -86.871681083842404, 20.475493127442594 ], [ -86.871577566226122, 20.475694818734205 ], [ -86.871483429056966, 20.475914215819014 ], [ -86.871398672341954, 20.476151318710972 ], [ -86.871323296094587, 20.476406127422411 ], [ -86.871257300334761, 20.476678641964114 ], [ -86.871200685088851, 20.476968862345231 ], [ -86.871153450389599, 20.477276788573331 ], [ -86.871115596276226, 20.477602420654407 ], [ -86.87108712279435, 20.477945758592838 ], [ -86.871068029996039, 20.478306802391426 ], [ -86.871058317939813, 20.47868555205137 ], [ -86.871057986690559, 20.479082007572298 ], [ -86.871065189717399, 20.479457229964858 ], [ -86.871079927073254, 20.479811219231166 ], [ -86.871102198804778, 20.480143975372119 ], [ -86.871132004952372, 20.480455498387485 ], [ -86.871169345550143, 20.480745788275829 ], [ -86.871214220625987, 20.481014845034586 ], [ -86.871266630201475, 20.481262668659991 ], [ -86.871326574291956, 20.481489259147114 ], [ -86.871394052906453, 20.481694616489857 ], [ -86.87146906604778, 20.481878740680976 ], [ -86.871551613712441, 20.482041631712026 ], [ -86.87164169589073, 20.482183289573406 ], [ -86.871739312566589, 20.48230371425435 ], [ -86.87184446371775, 20.48240290574293 ], [ -86.871957149315676, 20.482480864026019 ], [ -86.872077369325524, 20.482537589089358 ], [ -86.872263359004918, 20.482596132322342 ], [ -86.872515118436525, 20.482656493514163 ], [ -86.872832647708151, 20.482718672379352 ], [ -86.873215946912623, 20.482782668557796 ], [ -86.873665016147896, 20.482848481614692 ], [ -86.874179855516971, 20.48291611104057 ], [ -86.874760465127906, 20.482985556251315 ], [ -86.875406845093849, 20.483056816588114 ], [ -86.876118995532906, 20.483129891317489 ], [ -86.876896916568271, 20.483204779631301 ], [ -86.877740608328097, 20.483281480646706 ], [ -86.878650070945554, 20.483359993406211 ], [ -86.879625304558772, 20.483440316877608 ], [ -86.880666309310797, 20.483522449954041 ], [ -86.881773085349678, 20.483606391453936 ], [ -86.88294563282831, 20.483692140121036 ], [ -86.884058047637566, 20.483777840764887 ], [ -86.885110329669644, 20.483863494539907 ], [ -86.886102478817293, 20.483949102538073 ], [ -86.88703449497379, 20.484034665788954 ], [ -86.887906378032994, 20.484120185259712 ], [ -86.888718127889263, 20.484205661855075 ], [ -86.889469744437434, 20.484291096417365 ], [ -86.890161227572918, 20.484376489726465 ], [ -86.890792577191476, 20.484461842499858 ], [ -86.891363793189456, 20.484547155392587 ], [ -86.891874875463571, 20.484632428997276 ], [ -86.892325823911037, 20.484717663844098 ], [ -86.89271663842942, 20.484802860400848 ], [ -86.893047318916786, 20.484888019072841 ], [ -86.893317865271598, 20.484973140202982 ], [ -86.89352827739269, 20.485058224071736 ], [ -86.893721770803396, 20.485152146795578 ], [ -86.89389834550569, 20.485254908430761 ], [ -86.894058001495765, 20.485366509028534 ], [ -86.894200738764056, 20.485486948635156 ], [ -86.89432655729513, 20.485616227291889 ], [ -86.894435457067814, 20.485754345034987 ], [ -86.894527438055107, 20.485901301895755 ], [ -86.894602500224195, 20.486057097900456 ], [ -86.894660643536497, 20.48622173307038 ], [ -86.894701867947617, 20.486395207421808 ], [ -86.894726173407349, 20.486577520966051 ], [ -86.894733559859716, 20.486768673709395 ], [ -86.894724027242901, 20.486968665653169 ], [ -86.894697575489303, 20.487177496793656 ], [ -86.894654204525537, 20.487395167122184 ], [ -86.894593914272392, 20.487621676625078 ], [ -86.894546785768213, 20.487837574743626 ], [ -86.894512819078173, 20.488042861489618 ], [ -86.894492014261999, 20.4882375368718 ], [ -86.894484371373991, 20.488421600895823 ], [ -86.894489890463035, 20.488595053564339 ], [ -86.894508571572544, 20.488757894876901 ], [ -86.894540414740575, 20.488910124830024 ], [ -86.894585419999714, 20.489051743417193 ], [ -86.894643587377104, 20.489182750628775 ], [ -86.894714916894486, 20.489303146452148 ], [ -86.894799408568161, 20.489412930871602 ], [ -86.894897062409001, 20.489512103868382 ], [ -86.895007878422447, 20.489600665420671 ], [ -86.895131856608543, 20.489678615503607 ], [ -86.895268996961832, 20.489745954089265 ], [ -86.895419299471484, 20.489802681146667 ], [ -86.895563967899136, 20.489854095014636 ], [ -86.895703002224181, 20.489900195707246 ], [ -86.89583640242715, 20.489940983238025 ], [ -86.895964168489712, 20.48997645761996 ], [ -86.896086300394771, 20.490006618865458 ], [ -86.896202798126339, 20.490031466986402 ], [ -86.896313661669609, 20.490051001994104 ], [ -86.896418891010939, 20.490065223899318 ], [ -86.896518486137865, 20.490074132712273 ], [ -86.896612447039075, 20.490077728442625 ], [ -86.896700773704396, 20.490076011099472 ], [ -86.896783466124873, 20.490068980691369 ], [ -86.896860524292677, 20.490056637226321 ], [ -86.896931948201157, 20.490038980711763 ], [ -86.896997737844814, 20.490016011154609 ], [ -86.897057893219355, 20.489987728561196 ], [ -86.897114295946949, 20.489950594270166 ], [ -86.897166946020576, 20.489904608285038 ], [ -86.897215843434452, 20.489849770609062 ], [ -86.897260988184115, 20.489786081245217 ], [ -86.897302380266353, 20.489713540196231 ], [ -86.897340019679291, 20.489632147464548 ], [ -86.897373906422288, 20.489541903052356 ], [ -86.897404040496028, 20.489442806961584 ], [ -86.89743042190247, 20.489334859193882 ], [ -86.897453050644827, 20.489218059750652 ], [ -86.897471926727647, 20.489092408633024 ], [ -86.897487050156741, 20.488957905841858 ], [ -86.897498420939186, 20.488814551377764 ], [ -86.89750603908341, 20.48866234524106 ], [ -86.897509904599019, 20.488501287431838 ], [ -86.897510017497041, 20.488331377949891 ], [ -86.897502609896705, 20.488166773701177 ], [ -86.897487681821431, 20.48800747468513 ], [ -86.897465233293033, 20.487853480900206 ], [ -86.897435264331861, 20.487704792343848 ], [ -86.89739777495663, 20.487561409012525 ], [ -86.897352765184536, 20.487423330901699 ], [ -86.897300235031238, 20.487290558005839 ], [ -86.897240184510821, 20.48716309031844 ], [ -86.897172613635846, 20.48704092783197 ], [ -86.897097522417297, 20.486924070537942 ], [ -86.897014910864627, 20.486812518426852 ], [ -86.896924778985735, 20.48670627148821 ], [ -86.896827126786974, 20.486605329710528 ], [ -86.896721954273133, 20.486509693081342 ], [ -86.896609261447466, 20.486419361587178 ], [ -86.896489048311665, 20.486334335213577 ], [ -86.896398908753667, 20.486240477234762 ], [ -86.896338842733726, 20.486137787697093 ], [ -86.896308850201905, 20.486026266631232 ], [ -86.89630893109792, 20.485905914052161 ], [ -86.896339085351315, 20.485776729959166 ], [ -86.8963993128813, 20.485638714335856 ], [ -86.89648961359687, 20.485491867150124 ], [ -86.896609987396729, 20.485336188354221 ], [ -86.896760434169337, 20.485171677884672 ], [ -86.896940953792907, 20.48499833566234 ], [ -86.897151546135362, 20.484816161592388 ], [ -86.897392211054395, 20.484625155564324 ], [ -86.897662948397411, 20.484425317451944 ], [ -86.897963758001566, 20.484216647113374 ], [ -86.898294639693759, 20.483999144391071 ], [ -86.898655593290627, 20.483772809111802 ], [ -86.89899776092129, 20.483535842800705 ], [ -86.89932114260084, 20.483288245567977 ], [ -86.899625738352142, 20.483030017517731 ], [ -86.899911548205864, 20.482761158747934 ], [ -86.900178572200446, 20.482481669350509 ], [ -86.900426810382115, 20.482191549411223 ], [ -86.900656262804915, 20.481890799009783 ], [ -86.900866929530636, 20.481579418219759 ], [ -86.901058810628868, 20.481257407108636 ], [ -86.901231906176989, 20.480924765737797 ], [ -86.901386216260136, 20.480581494162518 ], [ -86.901521740971248, 20.480227592431973 ], [ -86.901638480411066, 20.479863060589235 ], [ -86.90173643468809, 20.479487898671266 ], [ -86.90181560391855, 20.47910210670895 ], [ -86.901875988226521, 20.478705684727029 ], [ -86.901936358724186, 20.478330501417606 ], [ -86.901996715437278, 20.47797655678351 ], [ -86.90205705839152, 20.477643850827491 ], [ -86.902117387612492, 20.477332383552067 ], [ -86.90217770312583, 20.477042154959658 ], [ -86.902238004957042, 20.476773165052492 ], [ -86.902298293131608, 20.476525413832665 ], [ -86.902358567674938, 20.476298901302105 ], [ -86.902418828612426, 20.476093627462582 ], [ -86.902479075969381, 20.475909592315727 ], [ -86.902539309771072, 20.475746795862996 ], [ -86.902599530042707, 20.475605238105686 ], [ -86.902659736809468, 20.47548491904497 ], [ -86.902719930096438, 20.475385838681827 ], [ -86.902780109928713, 20.475307997017104 ], [ -86.902840276331276, 20.475251394051487 ], [ -86.902921112620604, 20.475194802610428 ], [ -86.903022618774145, 20.475138222665006 ], [ -86.903144794769318, 20.475081654178897 ], [ -86.903287640583656, 20.475025097108436 ], [ -86.903451156194677, 20.474968551402572 ], [ -86.903635341579971, 20.474912017002875 ], [ -86.903840196717155, 20.47485549384356 ], [ -86.904065721583919, 20.474798981851425 ], [ -86.904311916157951, 20.474742480945963 ], [ -86.904578780416983, 20.47468599103923 ], [ -86.904866314338832, 20.474629512035939 ], [ -86.905174517901287, 20.474573043833427 ], [ -86.905503391082235, 20.474516586321666 ], [ -86.905852933859563, 20.474460139383229 ], [ -86.906223146211218, 20.474403702893362 ], [ -86.906614028115172, 20.474347276719886 ], [ -86.906988002338338, 20.474283761041907 ], [ -86.907345068849523, 20.474213155968279 ], [ -86.907685227622224, 20.474135461602952 ], [ -86.908008478634628, 20.474050678044904 ], [ -86.90831482186961, 20.473958805388214 ], [ -86.908604257314693, 20.473859843722014 ], [ -86.908876784962104, 20.473753793130484 ], [ -86.909132404808759, 20.473640653692907 ], [ -86.909371116856192, 20.473520425483603 ], [ -86.909592921110686, 20.473393108571965 ], [ -86.909797817583168, 20.473258703022449 ], [ -86.909985806289257, 20.473117208894589 ], [ -86.910156887249215, 20.472968626242974 ], [ -86.910311060488027, 20.472812955117259 ], [ -86.910448326035308, 20.472650195562156 ], [ -86.910568683925362, 20.472480347617466 ], [ -86.910683410544266, 20.472299877322424 ], [ -86.910792505887841, 20.472108784687492 ], [ -86.910895969954311, 20.471907069722587 ], [ -86.910993802744173, 20.471694732437012 ], [ -86.911086004260241, 20.471471772839525 ], [ -86.911172574507674, 20.471238190938287 ], [ -86.911253513493904, 20.470993986740876 ], [ -86.911328821228722, 20.470739160254315 ], [ -86.911398497724235, 20.47047371148501 ], [ -86.91146254299484, 20.470197640438847 ], [ -86.911520957057277, 20.46991094712109 ], [ -86.911573739930589, 20.469613631536436 ], [ -86.911620891636161, 20.469305693688998 ], [ -86.911662412197643, 20.468987133582331 ], [ -86.911698301641053, 20.468657951219388 ], [ -86.911728559994714, 20.468318146602563 ], [ -86.911768205107961, 20.467992505897382 ], [ -86.911817236932691, 20.467681029098827 ], [ -86.911875655426016, 20.467383716200338 ], [ -86.911943460550148, 20.467100567193732 ], [ -86.912020652272474, 20.466831582069329 ], [ -86.912107230565582, 20.466576760815812 ], [ -86.912203195407145, 20.466336103420343 ], [ -86.912308546780054, 20.466109609868475 ], [ -86.912423284672286, 20.465897280144219 ], [ -86.912547409077064, 20.465699114229999 ], [ -86.912680919992667, 20.465515112106676 ], [ -86.912823817422606, 20.465345273753556 ], [ -86.91297610137552, 20.465189599148339 ], [ -86.913137771865195, 20.465048088267178 ], [ -86.913308828910559, 20.464920741084665 ], [ -86.913489272535728, 20.464807557573792 ], [ -86.913669711939463, 20.464701453457611 ], [ -86.913850147146633, 20.464602428736484 ], [ -86.914030578182107, 20.464510483410749 ], [ -86.914211005070754, 20.464425617480742 ], [ -86.914391427837458, 20.464347830946778 ], [ -86.914571846507087, 20.464277123809129 ], [ -86.914752261104439, 20.464213496068087 ], [ -86.914932671654441, 20.464156947723904 ], [ -86.915113078181861, 20.464107478776828 ], [ -86.915293480711597, 20.464065089227073 ], [ -86.915473879268433, 20.464029779074842 ], [ -86.915654273877237, 20.464001548320326 ], [ -86.915834664562809, 20.463980396963692 ], [ -86.916015051349973, 20.463966325005089 ], [ -86.916195434263543, 20.463959332444652 ], [ -86.916375813328315, 20.463959419282503 ], [ -86.916554317270425, 20.463952425446102 ], [ -86.916730946065556, 20.463938350941117 ], [ -86.916905699689863, 20.46391719577316 ], [ -86.917078578120098, 20.463888959947742 ], [ -86.917249581333422, 20.463853643470308 ], [ -86.917418709307611, 20.463811246346239 ], [ -86.917585962020851, 20.463761768580827 ], [ -86.917751339451939, 20.463705210179285 ], [ -86.917914841580114, 20.463641571146759 ], [ -86.918076468385166, 20.463570851488303 ], [ -86.918236219847373, 20.463493051208928 ], [ -86.918394095947534, 20.463408170313535 ], [ -86.918550096666991, 20.46331620880698 ], [ -86.918704221987539, 20.463217166694001 ], [ -86.918856471891544, 20.46311104397931 ], [ -86.919006846361839, 20.462997840667501 ], [ -86.919149716913196, 20.462861625072101 ], [ -86.919285083501322, 20.462702397210396 ], [ -86.919412946088585, 20.462520157098503 ], [ -86.91953330464402, 20.462314904751441 ], [ -86.919646159143355, 20.462086640183085 ], [ -86.919751509568982, 20.46183536340617 ], [ -86.919849355909975, 20.461561074432321 ], [ -86.919939698162068, 20.461263773272005 ], [ -86.920022536327679, 20.460943459934573 ], [ -86.92009787041593, 20.460600134428251 ], [ -86.920165700442524, 20.460233796760114 ], [ -86.920226026429958, 20.459844446936106 ], [ -86.920278848407307, 20.45943208496108 ], [ -86.920324166410353, 20.458996710838694 ], [ -86.920361980481573, 20.458538324571517 ], [ -86.92039229067008, 20.458056926160964 ], [ -86.92042634837911, 20.457594998313304 ], [ -86.920464153588625, 20.457152541029352 ], [ -86.920505706281361, 20.456729554309572 ], [ -86.920551006442835, 20.456326038154067 ], [ -86.920600054061438, 20.455941992562597 ], [ -86.920652849128274, 20.455577417534506 ], [ -86.920709391637345, 20.455232313068841 ], [ -86.920769681585398, 20.454906679164221 ], [ -86.920833718972034, 20.454600515818957 ], [ -86.920901503799612, 20.454313823030958 ], [ -86.92097303607332, 20.454046600797788 ], [ -86.921048315801158, 20.453798849116637 ], [ -86.921127342993941, 20.453570567984343 ], [ -86.92121011766524, 20.453361757397378 ], [ -86.921296639831496, 20.453172417351844 ], [ -86.921386909511909, 20.453002547843472 ], [ -86.921471548848402, 20.452820286448176 ], [ -86.92155055784032, 20.45262563317338 ], [ -86.921623936489766, 20.452418588025946 ], [ -86.921691684801488, 20.45219915101212 ], [ -86.921753802782973, 20.45196732213758 ], [ -86.92181029044437, 20.451723101407392 ], [ -86.92186114779858, 20.451466488826046 ], [ -86.921906374861152, 20.451197484397436 ], [ -86.921945971650359, 20.45091608812486 ], [ -86.921979938187192, 20.450622300011034 ], [ -86.922008274495312, 20.45031612005808 ], [ -86.922030980601079, 20.449997548267525 ], [ -86.922048056533555, 20.449666584640312 ], [ -86.922059502324515, 20.449323229176787 ], [ -86.922065318008421, 20.448967481876718 ], [ -86.922065503622434, 20.448599342739261 ], [ -86.922075074990246, 20.448247136891723 ], [ -86.922094032051078, 20.447910864334272 ], [ -86.922122374749932, 20.447590525065525 ], [ -86.922160103037598, 20.447286119082481 ], [ -86.922207216870646, 20.446997646380574 ], [ -86.922263716211475, 20.446725106953636 ], [ -86.922329601028252, 20.446468500793916 ], [ -86.922404871294972, 20.446227827892084 ], [ -86.922489526991356, 20.446003088237212 ], [ -86.922583568102951, 20.445794281816788 ], [ -86.922686994621131, 20.445601408616721 ], [ -86.922799806542997, 20.445424468621315 ], [ -86.922922003871491, 20.445263461813305 ], [ -86.923053586615296, 20.445118388173832 ], [ -86.92319455478895, 20.444989247682454 ], [ -86.923344908412716, 20.444876040317126 ], [ -86.923500895335778, 20.444768144999117 ], [ -86.923662515562484, 20.444665561713489 ], [ -86.923829769098418, 20.444568290444753 ], [ -86.924002655950247, 20.444476331176872 ], [ -86.924181176125842, 20.444389683893238 ], [ -86.924365329634242, 20.444308348576708 ], [ -86.924555116485607, 20.444232325209594 ], [ -86.924750536691292, 20.444161613773623 ], [ -86.924951590263802, 20.444096214250006 ], [ -86.925158277216795, 20.444036126619373 ], [ -86.925370597565106, 20.443981350861808 ], [ -86.925588551324722, 20.44393188695685 ], [ -86.925812138512782, 20.443887734883479 ], [ -86.92604135914759, 20.443848894620107 ], [ -86.926276213248627, 20.44381536614463 ], [ -86.926516700836515, 20.443787149434346 ], [ -86.926749676039449, 20.443753619525818 ], [ -86.926975138838188, 20.443714776449092 ], [ -86.92719308921501, 20.443670620233249 ], [ -86.9274035271538, 20.443621150906381 ], [ -86.927606452639921, 20.443566368495617 ], [ -86.927801865660385, 20.443506273027076 ], [ -86.927989766203666, 20.443440864525947 ], [ -86.928170154259817, 20.443370143016399 ], [ -86.928343029820468, 20.443294108521638 ], [ -86.92850839287874, 20.443212761063915 ], [ -86.928666243429404, 20.443126100664454 ], [ -86.928816581468681, 20.443034127343552 ], [ -86.92895940699438, 20.442936841120492 ], [ -86.929094720005878, 20.442834242013596 ], [ -86.929222520504098, 20.442726330040191 ], [ -86.929342808491498, 20.442613105216648 ], [ -86.929457469119981, 20.442480409109628 ], [ -86.929566502360544, 20.442328241729278 ], [ -86.929669908188401, 20.442156603085074 ], [ -86.929767686582949, 20.441965493185844 ], [ -86.929859837527857, 20.441754912039752 ], [ -86.929946361011034, 20.441524859654269 ], [ -86.930027257024591, 20.441275336036238 ], [ -86.930102525564905, 20.44100634119183 ], [ -86.930172166632516, 20.440717875126538 ], [ -86.930236180232271, 20.440409937845196 ], [ -86.930294566373192, 20.440082529351987 ], [ -86.930347325068567, 20.439735649650423 ], [ -86.93039445633589, 20.439369298743326 ], [ -86.930435960196888, 20.438983476632895 ], [ -86.930471836677526, 20.438578183320637 ], [ -86.930502085807987, 20.438153418807417 ], [ -86.930537962710645, 20.437746355539577 ], [ -86.930579467353851, 20.437356993516037 ], [ -86.930626599709811, 20.436985332735063 ], [ -86.930679359754578, 20.436631373194295 ], [ -86.930737747468015, 20.43629511489069 ], [ -86.930801762833909, 20.435976557820599 ], [ -86.930871405839838, 20.435675701979726 ], [ -86.93094667647722, 20.435392547363112 ], [ -86.931027574741336, 20.435127093965178 ], [ -86.931114100631319, 20.434879341779691 ], [ -86.931206254150126, 20.434649290799797 ], [ -86.931304035304606, 20.434436941017957 ], [ -86.931407444105389, 20.434242292426024 ], [ -86.93151648056697, 20.434065345015192 ], [ -86.931631144707737, 20.433906098776028 ], [ -86.931751436549845, 20.433764553698442 ], [ -86.931882996537638, 20.433630092557763 ], [ -86.932025824659931, 20.433502715328743 ], [ -86.932179920908666, 20.433382421983936 ], [ -86.932345285278885, 20.433269212493709 ], [ -86.932521917768682, 20.43316308682622 ], [ -86.932709818379308, 20.433064044947443 ], [ -86.932908987115098, 20.432972086821145 ], [ -86.933119423983484, 20.432887212408911 ], [ -86.933341128994968, 20.432809421670125 ], [ -86.933574102163178, 20.43273871456196 ], [ -86.933818343504853, 20.432675091039407 ], [ -86.934073853039806, 20.432618551055263 ], [ -86.934340630790942, 20.432569094560112 ], [ -86.934618676784268, 20.432526721502363 ], [ -86.934907991048917, 20.432491431828211 ], [ -86.935208573617103, 20.432463225481644 ], [ -86.935497886893472, 20.432429704729881 ], [ -86.935775930855328, 20.432390869628961 ], [ -86.93604270548235, 20.432346720232765 ], [ -86.936298210756533, 20.432297256592943 ], [ -86.936542446662173, 20.432242478759001 ], [ -86.936775413185885, 20.432182386778226 ], [ -86.936997110316682, 20.432116980695707 ], [ -86.93720753804584, 20.432046260554355 ], [ -86.937406696366992, 20.431970226394892 ], [ -86.937594585276088, 20.431888878255847 ], [ -86.937771204771423, 20.431802216173537 ], [ -86.937936554853607, 20.431710240182106 ], [ -86.938090635525583, 20.431612950313514 ], [ -86.938233446792609, 20.431510346597502 ], [ -86.938364988662286, 20.431402429061642 ], [ -86.938485261144535, 20.431289197731296 ], [ -86.938596147017222, 20.431160033868711 ], [ -86.938697646269446, 20.431014937491092 ], [ -86.938789758896078, 20.430853908614036 ], [ -86.938872484897772, 20.43067694725157 ], [ -86.938945824281021, 20.430484053416102 ], [ -86.939009777058047, 20.430275227118493 ], [ -86.939064343246869, 20.430050468367973 ], [ -86.939109522871377, 20.429809777172196 ], [ -86.939145315961127, 20.429553153537221 ], [ -86.939171722551549, 20.429280597467539 ], [ -86.939188742683854, 20.428992108965996 ], [ -86.939196376404993, 20.428687688033907 ], [ -86.939194623767762, 20.42836733467097 ], [ -86.939183484830693, 20.428031048875287 ], [ -86.939162959658148, 20.42767883064338 ], [ -86.939133048320258, 20.42731067997018 ], [ -86.939114403942341, 20.426953152646181 ], [ -86.939107026442684, 20.426606248676123 ], [ -86.93911091574418, 20.426269968062492 ], [ -86.939126071774382, 20.425944310805594 ], [ -86.939152494465503, 20.425629276903503 ], [ -86.939190183754363, 20.425324866352067 ], [ -86.939239139582455, 20.425031079144954 ], [ -86.939299361895905, 20.424747915273599 ], [ -86.939370850645489, 20.424475374727209 ], [ -86.939453605786582, 20.424213457492819 ], [ -86.939547627279268, 20.42396216355521 ], [ -86.939652915088217, 20.423721492896977 ], [ -86.93976946918275, 20.423491445498485 ], [ -86.93989728953683, 20.423272021337905 ], [ -86.9400363761291, 20.423063220391171 ], [ -86.940186728942763, 20.422865042632012 ], [ -86.940327692543391, 20.422658011991757 ], [ -86.940459266944316, 20.42244212849258 ], [ -86.940581452162093, 20.422217392155169 ], [ -86.94069424821646, 20.421983802998636 ], [ -86.940797655130453, 20.421741361040571 ], [ -86.940891672930263, 20.421490066297029 ], [ -86.940976301645364, 20.421229918782501 ], [ -86.941051541308397, 20.420960918509987 ], [ -86.941117391955231, 20.420683065490913 ], [ -86.941173853624974, 20.420396359735182 ], [ -86.941220926359946, 20.420100801251159 ], [ -86.941258610205708, 20.419796390045661 ], [ -86.941286905211015, 20.419483126123968 ], [ -86.941305811427867, 20.419161009489844 ], [ -86.941315328911415, 20.418830040145483 ], [ -86.941315457720137, 20.418490218091577 ], [ -86.94131933794587, 20.418164556542937 ], [ -86.941326969566262, 20.417853055500856 ], [ -86.941338352561019, 20.417555714966312 ], [ -86.941353486911879, 20.417272534939954 ], [ -86.941372372602601, 20.417003515422163 ], [ -86.941395009619043, 20.416748656412988 ], [ -86.941421397949085, 20.416507957912177 ], [ -86.941451537582651, 20.416281419919184 ], [ -86.94148542851174, 20.416069042433126 ], [ -86.941523070730355, 20.415870825452849 ], [ -86.941564464234617, 20.415686768976872 ], [ -86.941609609022606, 20.415516873003416 ], [ -86.941658505094523, 20.415361137530383 ], [ -86.941711152452584, 20.4152195625554 ], [ -86.941767551101066, 20.415092148075747 ], [ -86.941827701046265, 20.414978894088428 ], [ -86.941908511461222, 20.41486918678337 ], [ -86.942009982307638, 20.41476302613188 ], [ -86.942132113550144, 20.414660412097902 ], [ -86.942274905156182, 20.414561344638031 ], [ -86.942438357096066, 20.414465823701534 ], [ -86.942622469342979, 20.414373849230312 ], [ -86.942827241872934, 20.414285421158922 ], [ -86.943052674664827, 20.414200539414605 ], [ -86.943298767700412, 20.414119203917203 ], [ -86.94356552096427, 20.414041414579263 ], [ -86.943852934443882, 20.413967171305941 ], [ -86.944161008129512, 20.413896473995102 ], [ -86.944489742014369, 20.413829322537207 ], [ -86.94483913609443, 20.413765716815409 ], [ -86.945209190368587, 20.413705656705503 ], [ -86.945599904838545, 20.413649142075929 ], [ -86.94597183749849, 20.41358731102293 ], [ -86.946324988332265, 20.413520163666643 ], [ -86.946659357327633, 20.413447700121122 ], [ -86.946974944476224, 20.41336992049434 ], [ -86.947271749773549, 20.413286824888207 ], [ -86.947549773219023, 20.413198413398547 ], [ -86.947809014815945, 20.413104686115126 ], [ -86.948049474571462, 20.413005643121615 ], [ -86.948271152496645, 20.412901284495618 ], [ -86.948474048606457, 20.412791610308663 ], [ -86.948658162919685, 20.412676620626193 ], [ -86.948823495459067, 20.412556315507604 ], [ -86.948970046251176, 20.41243069500619 ], [ -86.949097815326482, 20.412299759169166 ], [ -86.949206802719345, 20.412163508037697 ], [ -86.949297008467994, 20.412021941646834 ], [ -86.949385341518393, 20.411862675579599 ], [ -86.949471801845903, 20.411685709837805 ], [ -86.949556389427158, 20.411491044423094 ], [ -86.949639104240049, 20.411278679336988 ], [ -86.94971994626377, 20.411048614580817 ], [ -86.949798915478738, 20.410800850155741 ], [ -86.94987601186665, 20.410535386062755 ], [ -86.949951235410538, 20.410252222302702 ], [ -86.950024586094628, 20.40995135887626 ], [ -86.950096063904454, 20.409632795783917 ], [ -86.950165668826799, 20.409296533026023 ], [ -86.950233400849754, 20.408942570602751 ], [ -86.950299259962634, 20.408570908514104 ], [ -86.950363246156073, 20.40818154675992 ], [ -86.950425359421956, 20.407774485339903 ], [ -86.950485599753407, 20.407349724253542 ], [ -86.950553346001783, 20.406946204166797 ], [ -86.95062859813666, 20.406563925073783 ], [ -86.950711356133837, 20.406202886967524 ], [ -86.950801619975294, 20.405863089839951 ], [ -86.950899389649081, 20.405544533681837 ], [ -86.951004665149469, 20.405247218482891 ], [ -86.951117446476886, 20.40497114423167 ], [ -86.951237733637882, 20.404716310915649 ], [ -86.951365526645162, 20.404482718521162 ], [ -86.951500825517627, 20.404270367033462 ], [ -86.951643630280273, 20.40407925643666 ], [ -86.951793940964308, 20.403909386713782 ], [ -86.951951757607048, 20.403760757846722 ], [ -86.95211708025198, 20.403633369816276 ], [ -86.952289908948785, 20.403527222602108 ], [ -86.952470243753226, 20.403442316182794 ], [ -86.952652454951888, 20.403362719815746 ], [ -86.952836542560618, 20.403288433495263 ], [ -86.95302250659573, 20.403219457215584 ], [ -86.953210347073792, 20.403155790970846 ], [ -86.953400064011873, 20.403097434755139 ], [ -86.953591657427381, 20.403044388562478 ], [ -86.953785127338108, 20.402996652386811 ], [ -86.953980473762215, 20.402954226222015 ], [ -86.95417769671829, 20.402917110061889 ], [ -86.954376796225262, 20.402885303900177 ], [ -86.954577772302471, 20.402858807730532 ], [ -86.954780624969644, 20.402837621546571 ], [ -86.954985354246858, 20.402821745341797 ], [ -86.955191960154622, 20.40281117910968 ], [ -86.955400442713795, 20.402805922843598 ], [ -86.955610801945639, 20.402805976536872 ], [ -86.955817407286602, 20.402797179473474 ], [ -86.956020258701898, 20.402779531666685 ], [ -86.95621935615803, 20.402753033129468 ], [ -86.956414699622741, 20.402717683874553 ], [ -86.956606289065093, 20.402673483914405 ], [ -86.956794124455442, 20.402620433261205 ], [ -86.956978205765409, 20.402558531926893 ], [ -86.957158532967881, 20.402487779923113 ], [ -86.957335106037092, 20.402408177261254 ], [ -86.957507924948487, 20.402319723952445 ], [ -86.957676989678845, 20.402222420007543 ], [ -86.95784230020621, 20.402116265437137 ], [ -86.958003856509919, 20.402001260251545 ], [ -86.958161658570575, 20.40187740446083 ], [ -86.958315706370101, 20.401744698074776 ], [ -86.958465999891686, 20.40160314110291 ], [ -86.958605027773757, 20.401447422039244 ], [ -86.958732790012007, 20.40127754090997 ], [ -86.958849286608356, 20.401093497739026 ], [ -86.958954517570845, 20.400895292548125 ], [ -86.959048482913701, 20.400682925356723 ], [ -86.959131182657373, 20.400456396182051 ], [ -86.959202616828406, 20.400215705039063 ], [ -86.959262785459572, 20.399960851940524 ], [ -86.959311688589793, 20.399691836896896 ], [ -86.959349326264174, 20.399408659916428 ], [ -86.959375698534018, 20.399111321005144 ], [ -86.959390805456721, 20.39879982016679 ], [ -86.959394647095948, 20.398474157402884 ], [ -86.959387223521446, 20.398134332712722 ], [ -86.959368534809215, 20.397780346093313 ], [ -86.959338581041351, 20.397412197539484 ], [ -86.959316136712971, 20.397056440098101 ], [ -86.959301201767133, 20.396713073773476 ], [ -86.959293776150503, 20.396382098568921 ], [ -86.959293859813371, 20.396063514486723 ], [ -86.959301452709568, 20.395757321528141 ], [ -86.959316554796573, 20.395463519693436 ], [ -86.959339166035448, 20.395182108981832 ], [ -86.959369286390867, 20.394913089391554 ], [ -86.959406915831067, 20.394656460919798 ], [ -86.959452054327926, 20.394412223562746 ], [ -86.959504701856901, 20.394180377315585 ], [ -86.959564858397044, 20.393960922172443 ], [ -86.959632523930992, 20.393753858126459 ], [ -86.959707698445015, 20.39355918516976 ], [ -86.959790381928968, 20.393376903293444 ], [ -86.959880574376271, 20.393207012487597 ], [ -86.95996514515555, 20.392987562795529 ], [ -86.960044094209181, 20.392718554221613 ], [ -86.96011742149021, 20.392399986768798 ], [ -86.960185126962401, 20.392031860438713 ], [ -86.960247210600201, 20.391614175231584 ], [ -86.960303672388775, 20.391146931146285 ], [ -86.960354512323946, 20.390630128180305 ], [ -86.960399730412291, 20.390063766329778 ], [ -86.960439326671022, 20.389447845589451 ], [ -86.96047330112809, 20.388782365952721 ], [ -86.960501653822135, 20.388067327411608 ], [ -86.960524384802426, 20.387302729956758 ], [ -86.960541494129032, 20.386488573577456 ], [ -86.96055298187261, 20.385624858261593 ], [ -86.960558848114545, 20.384711583995738 ], [ -86.960559092946895, 20.383748750765044 ], [ -86.960549934886288, 20.382837242820255 ], [ -86.960531374091019, 20.381977060176233 ], [ -86.96050341070071, 20.381168202845377 ], [ -86.960466044836153, 20.380410670837616 ], [ -86.960419276599353, 20.379704464160451 ], [ -86.960363106073615, 20.379049582818904 ], [ -86.96029753332347, 20.378446026815546 ], [ -86.960222558394662, 20.377893796150499 ], [ -86.960138181314207, 20.377392890821433 ], [ -86.960044402090375, 20.376943310823549 ], [ -86.959941220712679, 20.376545056149595 ], [ -86.959828637151872, 20.37619812678988 ], [ -86.959706651359994, 20.375902522732229 ], [ -86.95957526327031, 20.375658243962036 ], [ -86.959434472797327, 20.375465290462227 ], [ -86.959284279836851, 20.375323662213273 ], [ -86.959126573327779, 20.375190881653246 ], [ -86.958961353262538, 20.375066948762178 ], [ -86.958788619630923, 20.374951863519076 ], [ -86.958608372420201, 20.374845625901973 ], [ -86.95842061161504, 20.374748235887878 ], [ -86.958225337197561, 20.374659693452831 ], [ -86.958022549147316, 20.374579998571804 ], [ -86.957812247441254, 20.374509151218838 ], [ -86.957594432053781, 20.37444715136693 ], [ -86.957369102956733, 20.374393998988101 ], [ -86.95713626011937, 20.374349694053347 ], [ -86.956895903508382, 20.374314236532662 ], [ -86.956648033087887, 20.37428762639507 ], [ -86.956392648819417, 20.374269863608539 ], [ -86.956129750661987, 20.374260948140083 ], [ -86.955859338571983, 20.374260879955685 ], [ -86.955596435397894, 20.374269662843268 ], [ -86.955341041095934, 20.374287296836673 ], [ -86.955093155624937, 20.374313781968716 ], [ -86.954852778946204, 20.374349118271258 ], [ -86.954619911023698, 20.37439330577514 ], [ -86.954394551823896, 20.374446344510208 ], [ -86.954176701315859, 20.374508234505356 ], [ -86.95396635947121, 20.374578975788445 ], [ -86.95376352626414, 20.374658568386351 ], [ -86.953568201671416, 20.37474701232496 ], [ -86.953380385672375, 20.3748443076292 ], [ -86.953200078248884, 20.37495045432296 ], [ -86.953027279385438, 20.375065452429165 ], [ -86.952861989069049, 20.375189301969737 ], [ -86.952704207289315, 20.375322002965611 ], [ -86.95255393403842, 20.375463555436735 ], [ -86.952411167139942, 20.375621039064381 ], [ -86.952275906572623, 20.375794453866067 ], [ -86.952148152319808, 20.375983799858279 ], [ -86.952027904369444, 20.37618907705642 ], [ -86.951915162714116, 20.376410285474869 ], [ -86.951809927350979, 20.376647425126979 ], [ -86.951712198281882, 20.376900496024994 ] ], [ [ -86.963237164457581, 20.367572304278799 ], [ -86.963177045239604, 20.3676997256701 ], [ -86.963124435797795, 20.367832458377727 ], [ -86.963079336145981, 20.36797050240823 ], [ -86.963041746299552, 20.36811385776722 ], [ -86.963011666275406, 20.368262524459304 ], [ -86.962989096092002, 20.368416502488113 ], [ -86.962974035769321, 20.368575791856326 ], [ -86.96296648532892, 20.36874039256562 ], [ -86.962966444793892, 20.368910304616705 ], [ -86.962970161545684, 20.369073137792622 ], [ -86.962977635595692, 20.36922889209356 ], [ -86.962988866954205, 20.369377567519425 ], [ -86.963003855630546, 20.369519164069864 ], [ -86.963022601632957, 20.369653681744268 ], [ -86.9630451049687, 20.369781120541759 ], [ -86.96307136564397, 20.369901480461209 ], [ -86.963101383663954, 20.370014761501213 ], [ -86.963135159032802, 20.370120963660138 ], [ -86.963172691753627, 20.370220086936044 ], [ -86.963213981828517, 20.370312131326756 ], [ -86.963259029258538, 20.370397096829837 ], [ -86.963307834043746, 20.370474983442577 ], [ -86.963360396183106, 20.370545791162023 ], [ -86.963416715674612, 20.370609519984932 ], [ -86.963476792515195, 20.370666169907832 ], [ -86.963544381507447, 20.370719281545064 ], [ -86.963619482654451, 20.370768854887988 ], [ -86.963702095958297, 20.370814889926944 ], [ -86.963792221420036, 20.37085738665132 ], [ -86.96388985903971, 20.370896345049566 ], [ -86.96399500881634, 20.370931765109091 ], [ -86.964107670747865, 20.370963646816364 ], [ -86.964227844831271, 20.370991990156874 ], [ -86.964355531062481, 20.371016795115143 ], [ -86.964490729436363, 20.371038061674692 ], [ -86.964633439946823, 20.371055789818083 ], [ -86.964783662586711, 20.371069979526904 ], [ -86.964941397347815, 20.371080630781769 ], [ -86.965106644220938, 20.371087743562303 ], [ -86.965279403195851, 20.371091317847171 ], [ -86.965459674261311, 20.371091353614045 ], [ -86.965634313031941, 20.371086078335278 ], [ -86.965803319490391, 20.371075492027746 ], [ -86.965966693620388, 20.371059594707759 ], [ -86.966124435406911, 20.371038386391088 ], [ -86.966276544836006, 20.371011867092946 ], [ -86.966423021894954, 20.370980036827991 ], [ -86.96656386657213, 20.370942895610327 ], [ -86.966699078857104, 20.370900443453515 ], [ -86.966828658740596, 20.37085268037055 ], [ -86.966952606214463, 20.370799606373865 ], [ -86.967070921271741, 20.370741221475381 ], [ -86.967183603906619, 20.370677525686421 ], [ -86.967290654114407, 20.370608519017765 ], [ -86.967392071891652, 20.370534201479654 ], [ -86.967487857235966, 20.370454573081776 ], [ -86.967578010146184, 20.370369633833253 ], [ -86.967662529884805, 20.370282923576625 ], [ -86.967741416458367, 20.370194442320063 ], [ -86.967814669873789, 20.370104190071125 ], [ -86.967882290138377, 20.370012166836883 ], [ -86.967944277259804, 20.369918372623825 ], [ -86.968000631246156, 20.369822807437924 ], [ -86.968051352105903, 20.369725471284575 ], [ -86.968096439847884, 20.369626364168639 ], [ -86.96813589448135, 20.369525486094442 ], [ -86.968169716015908, 20.369422837065756 ], [ -86.968197904461547, 20.3693184170858 ], [ -86.968220459828714, 20.369212226157259 ], [ -86.968237382128137, 20.36910426428226 ], [ -86.968248671371015, 20.368994531462398 ], [ -86.968254327568872, 20.368883027698708 ], [ -86.968254350733687, 20.368769752991689 ], [ -86.96825061794793, 20.368658247517498 ], [ -86.96824312921963, 20.368548511275975 ], [ -86.968231884556459, 20.368440544266711 ], [ -86.968216883965894, 20.368334346489064 ], [ -86.968198127455125, 20.368229917942131 ], [ -86.968175615031114, 20.368127258624778 ], [ -86.968149346700542, 20.368026368535624 ], [ -86.968119322469832, 20.36792724767303 ], [ -86.968085542345193, 20.367829896035143 ], [ -86.968048006332509, 20.367734313619842 ], [ -86.96800671443745, 20.367640500424784 ], [ -86.967961666665417, 20.367548456447349 ], [ -86.967912863021581, 20.367458181684686 ], [ -86.967860303510818, 20.367369676133737 ], [ -86.967803988137774, 20.367282939791146 ], [ -86.967743916906798, 20.367197972653347 ], [ -86.96767821167802, 20.367116544286478 ], [ -86.967606872455846, 20.367038654684304 ], [ -86.967529899243843, 20.366964303840025 ], [ -86.967447292044895, 20.366893491746247 ], [ -86.967359050861077, 20.36682621839509 ], [ -86.967265175693711, 20.366762483778086 ], [ -86.967165666543309, 20.36670228788622 ], [ -86.967060523409657, 20.366645630709947 ], [ -86.96694974629176, 20.366592512239137 ], [ -86.966833335187843, 20.36654293246314 ], [ -86.966711290095361, 20.366496891370726 ], [ -86.966583611011004, 20.366454388950146 ], [ -86.966450297930706, 20.366415425189089 ], [ -86.966311350849608, 20.366380000074674 ], [ -86.966166769762097, 20.366348113593485 ], [ -86.966016554661778, 20.366319765731571 ], [ -86.965868215825637, 20.366298497778587 ], [ -86.965721753232629, 20.366284309739342 ], [ -86.96557716686219, 20.366277201618569 ], [ -86.965434456694283, 20.366277173420915 ], [ -86.965293622709353, 20.366284225150956 ], [ -86.965154664888402, 20.366298356813186 ], [ -86.965017583212912, 20.366319568412024 ], [ -86.964882377664892, 20.366347859951802 ], [ -86.964749048226864, 20.366383231436796 ], [ -86.96461759488183, 20.366425682871199 ], [ -86.964488017613363, 20.366475214259097 ], [ -86.964360316405504, 20.36653182560455 ], [ -86.964234491242792, 20.366595516911492 ], [ -86.964110542110319, 20.366666288183819 ], [ -86.963988468993662, 20.366744139425322 ], [ -86.963868271878937, 20.366829070639731 ], [ -86.963755584485298, 20.366919313082754 ], [ -86.963650406814224, 20.36701486676878 ], [ -86.963552738868771, 20.367115731711198 ], [ -86.963462580653498, 20.367221907922449 ], [ -86.963379932174504, 20.367333395413986 ], [ -86.963304793439477, 20.367450194196259 ], [ -86.963237164457581, 20.367572304278799 ] ], [ [ -86.995236556804016, 20.302301297496747 ], [ -86.995356678896684, 20.302485373549331 ], [ -86.995495571098218, 20.30267475979257 ], [ -86.995653233491296, 20.302869456181451 ], [ -86.99582966616245, 20.303069462664912 ], [ -86.996024869202017, 20.303274779185834 ], [ -86.996238842704187, 20.303485405681041 ], [ -86.996471586767001, 20.303701342081318 ], [ -86.996723101492307, 20.303922588311405 ], [ -86.996993386985849, 20.30414914428999 ], [ -86.997252411217517, 20.304372159807727 ], [ -86.997500174121299, 20.304591634914896 ], [ -86.99773667563268, 20.304807569659552 ], [ -86.997961915688734, 20.30501996408762 ], [ -86.998175894228012, 20.305228818242796 ], [ -86.998378611190645, 20.305434132166642 ], [ -86.998570066518283, 20.305635905898534 ], [ -86.998750260154111, 20.30583413947566 ], [ -86.998919192042848, 20.306028832933052 ], [ -86.999076862130721, 20.306219986303546 ], [ -86.999223270365576, 20.306407599617796 ], [ -86.99935841669668, 20.306591672904297 ], [ -86.999482301074934, 20.306772206189372 ], [ -86.999594923452705, 20.306949199497144 ], [ -86.999696283783948, 20.307122652849568 ], [ -86.999786382024126, 20.307292566266419 ], [ -86.999882111631749, 20.307457169847513 ], [ -86.999983472614915, 20.307616463583912 ], [ -87.000090464980516, 20.307770447466091 ], [ -87.000203088734324, 20.30791912148403 ], [ -87.000321343880969, 20.308062485627111 ], [ -87.000445230423864, 20.308200539884183 ], [ -87.000574748365352, 20.308333284243535 ], [ -87.000709897706585, 20.308460718692885 ], [ -87.000850678447534, 20.30858284321944 ], [ -87.000997090587077, 20.308699657809811 ], [ -87.001149134122898, 20.308811162450088 ], [ -87.001306809051528, 20.308917357125775 ], [ -87.001470115368392, 20.30901824182185 ], [ -87.001639053067692, 20.309113816522739 ], [ -87.001813622142521, 20.309204081212286 ], [ -87.001993822584851, 20.30928903587381 ], [ -87.002162760825527, 20.309379300277275 ], [ -87.00232043686232, 20.309474874455152 ], [ -87.002466850690581, 20.309575758437692 ], [ -87.002602002303419, 20.309681952252983 ], [ -87.00272589169164, 20.30979345592694 ], [ -87.002838518843703, 20.309910269483279 ], [ -87.00293988374581, 20.310032392943533 ], [ -87.003029986381833, 20.310159826327059 ], [ -87.003108826733339, 20.310292569651011 ], [ -87.003176404779595, 20.310430622930387 ], [ -87.003232720497593, 20.310573986177982 ], [ -87.003277773861967, 20.310722659404412 ], [ -87.003311564845077, 20.310876642618112 ], [ -87.003334093416967, 20.311035935825341 ], [ -87.003345359545406, 20.311200539030139 ], [ -87.003345363195805, 20.311370452234407 ], [ -87.003352875303449, 20.311542135220815 ], [ -87.003367895893405, 20.311715587988282 ], [ -87.003390424991295, 20.311890810534777 ], [ -87.003420462623225, 20.312067802857282 ], [ -87.003458008815826, 20.312246564951828 ], [ -87.003503063596241, 20.31242709681344 ], [ -87.003555626992139, 20.312609398436241 ], [ -87.00361569903167, 20.312793469813325 ], [ -87.003683279743527, 20.312979310936846 ], [ -87.003758369156884, 20.313166921797986 ], [ -87.003840967301471, 20.313356302386953 ], [ -87.0039310742075, 20.313547452693005 ], [ -87.004028689905681, 20.313740372704405 ], [ -87.004133814427277, 20.313935062408461 ], [ -87.004246447804022, 20.314131521791527 ], [ -87.004366590068216, 20.314329750838962 ], [ -87.004484855191677, 20.314517360276142 ], [ -87.004601243143426, 20.314694350107573 ], [ -87.004715753893223, 20.314860720337649 ], [ -87.004828387411635, 20.315016470970669 ], [ -87.004939143669944, 20.315161602010814 ], [ -87.005048022640281, 20.315296113462207 ], [ -87.005155024295433, 20.315420005328829 ], [ -87.005260148609054, 20.315533277614573 ], [ -87.005363395555534, 20.315635930323268 ], [ -87.005464765110005, 20.315727963458595 ], [ -87.005564257248395, 20.315809377024166 ], [ -87.00566187194741, 20.31588017102348 ], [ -87.005757609184485, 20.315940345459939 ], [ -87.005851468937877, 20.315989900336859 ], [ -87.005943451186553, 20.316028835657448 ], [ -87.006033555910307, 20.316057151424811 ], [ -87.006121783089654, 20.316074847641953 ], [ -87.006208132705893, 20.316081924311781 ], [ -87.00629260474112, 20.316078381437109 ], [ -87.006375199178152, 20.316064219020657 ], [ -87.006455916000618, 20.316039437065022 ], [ -87.006534755192888, 20.316004035572739 ], [ -87.006611716740125, 20.315958014546204 ], [ -87.006686800628245, 20.315901373987742 ], [ -87.006760006843919, 20.315834113899559 ], [ -87.006831335374613, 20.315756234283771 ], [ -87.006900786208561, 20.315667735142412 ], [ -87.006968359334763, 20.315568616477371 ], [ -87.007034054742959, 20.315458878290496 ], [ -87.007097872423728, 20.315338520583502 ], [ -87.007159812368329, 20.315207543357982 ], [ -87.007219874568861, 20.315065946615476 ], [ -87.007272427995289, 20.314922580233933 ], [ -87.007317472666543, 20.314777444220024 ], [ -87.00735500860209, 20.314630538579451 ], [ -87.00738503582194, 20.314481863316946 ], [ -87.007407554346557, 20.314331418436296 ], [ -87.007422564196943, 20.314179203940288 ], [ -87.00743006539463, 20.314025219830761 ], [ -87.007430057961642, 20.313869466108585 ], [ -87.007422541920491, 20.313711942773644 ], [ -87.007407517294254, 20.313552649824874 ], [ -87.00738498410648, 20.313391587260245 ], [ -87.007354942381227, 20.313228755076743 ], [ -87.007317392143094, 20.313064153270403 ], [ -87.007272333417177, 20.312897781836263 ], [ -87.007219766229056, 20.312729640768438 ], [ -87.00715969060488, 20.31255973006003 ], [ -87.00712214032994, 20.312386278554211 ], [ -87.007107115331536, 20.312209286265272 ], [ -87.007114615533894, 20.312028753198845 ], [ -87.007144640858129, 20.311844679351836 ], [ -87.007197191222346, 20.311657064712445 ], [ -87.007272266541506, 20.311465909260175 ], [ -87.007369866727544, 20.311271212965821 ], [ -87.007489991689312, 20.311072975791493 ], [ -87.007632641332549, 20.310871197690577 ], [ -87.007797815559982, 20.310665878607775 ], [ -87.007985514271226, 20.310457018479081 ], [ -87.00819573736284, 20.310244617231795 ], [ -87.008428484728256, 20.310028674784526 ], [ -87.008683756257909, 20.309809191047162 ], [ -87.008961551839093, 20.309586165920916 ], [ -87.009261871356088, 20.309359599298286 ], [ -87.009545296317569, 20.309133033077064 ], [ -87.009811826797346, 20.308906467339327 ], [ -87.010061462869203, 20.308679902162261 ], [ -87.010294204606922, 20.30845333761815 ], [ -87.010510052084271, 20.308226773774372 ], [ -87.01070900537502, 20.308000210693425 ], [ -87.010891064552936, 20.30777364843291 ], [ -87.011056229691789, 20.307547087045531 ], [ -87.011204500865361, 20.307320526579073 ], [ -87.011335878147378, 20.307093967076472 ], [ -87.011450361611608, 20.306867408575741 ], [ -87.011547951331778, 20.306640851109997 ], [ -87.011628647381656, 20.306414294707466 ], [ -87.011692449834982, 20.306187739391486 ], [ -87.011739358765453, 20.3059611851805 ], [ -87.011769374246825, 20.305734632088065 ], [ -87.011767480096594, 20.305508081133151 ], [ -87.011733676454, 20.305281532314666 ], [ -87.011667963458237, 20.305054985614053 ], [ -87.011570341248515, 20.304828440995284 ], [ -87.011440809964043, 20.304601898404915 ], [ -87.01127936974396, 20.304375357772035 ], [ -87.011086020727433, 20.304148819008265 ], [ -87.010860763053628, 20.303922282007793 ], [ -87.010603596861642, 20.303695746647367 ], [ -87.010314522290628, 20.303469212786279 ], [ -87.009993539479666, 20.303242680266379 ], [ -87.009640648567867, 20.303016148912064 ], [ -87.009255849694327, 20.302789618530309 ], [ -87.008839142998156, 20.302563088910624 ], [ -87.008390528618406, 20.302336559825076 ], [ -87.007910006694175, 20.30211003102831 ], [ -87.007457642009371, 20.301904738881877 ], [ -87.007033434267711, 20.301720683605705 ], [ -87.006637383195994, 20.301557865405954 ], [ -87.006269488544035, 20.301416284475021 ], [ -87.005929750084647, 20.301295940991565 ], [ -87.00561816761369, 20.301196835120461 ], [ -87.005334740950047, 20.301118967012851 ], [ -87.005079469935637, 20.301062336806094 ], [ -87.004852354435371, 20.301026944623842 ], [ -87.004653394337225, 20.301012790575943 ], [ -87.004482589552183, 20.301019874758559 ], [ -87.004339940014248, 20.30104819725404 ], [ -87.004225445680461, 20.301097758131046 ], [ -87.004139106530872, 20.301168557444466 ], [ -87.004080922568576, 20.301260595235448 ], [ -87.004050893819695, 20.301373871531393 ], [ -87.004030250036806, 20.301490687467258 ], [ -87.004018991239604, 20.301611043046233 ], [ -87.004017117449095, 20.301734938269984 ], [ -87.004024628687532, 20.301862373138654 ], [ -87.004041524978462, 20.301993347650871 ], [ -87.004067806346683, 20.302127861803758 ], [ -87.004103472818329, 20.302265915592919 ], [ -87.004148524420785, 20.302407509012443 ], [ -87.004202961182685, 20.302552642054909 ], [ -87.004266783134, 20.302701314711371 ], [ -87.004339990305937, 20.30285352697139 ], [ -87.004422582730982, 20.303009278822991 ], [ -87.004514560442942, 20.303168570252691 ], [ -87.004615923476862, 20.303331401245497 ], [ -87.004726671869093, 20.303497771784894 ], [ -87.004846805657252, 20.303667681852851 ], [ -87.004953800398823, 20.303830512484534 ], [ -87.005047656038059, 20.303986263704438 ], [ -87.005128372522719, 20.304134935534094 ], [ -87.005195949804204, 20.304276527992052 ], [ -87.005250387837435, 20.304411041093868 ], [ -87.005291686581003, 20.304538474852158 ], [ -87.005319845996979, 20.304658829276541 ], [ -87.005334866051115, 20.304772104373651 ], [ -87.005336746712658, 20.304878300147145 ], [ -87.00532548795448, 20.304977416597719 ], [ -87.005301089753033, 20.305069453723082 ], [ -87.005263552088351, 20.305154411517972 ], [ -87.00521287494405, 20.305232289974136 ], [ -87.005149058307325, 20.305303089080343 ], [ -87.005072102168938, 20.305366808822402 ], [ -87.004982006523278, 20.305423449183145 ], [ -87.004893787343335, 20.305464160071221 ], [ -87.004807444657658, 20.305488941489706 ], [ -87.004722978493618, 20.305497793441496 ], [ -87.004640388877448, 20.305490715929352 ], [ -87.004559675834258, 20.305467708955884 ], [ -87.004480839387952, 20.305428772523566 ], [ -87.004403879561323, 20.30537390663471 ], [ -87.004328796375987, 20.305303111291487 ], [ -87.004255589852463, 20.305216386495928 ], [ -87.004184260010049, 20.305113732249918 ], [ -87.004114806866951, 20.304995148555168 ], [ -87.004047230440179, 20.304860635413284 ], [ -87.003981530745605, 20.304710192825695 ], [ -87.003917707797967, 20.304543820793693 ], [ -87.003855761610836, 20.304361519318419 ], [ -87.003795692196633, 20.304163288400876 ], [ -87.003729991979711, 20.303968597439678 ], [ -87.003658660976683, 20.303777446428725 ], [ -87.003581699203423, 20.303589835361365 ], [ -87.003499106675022, 20.303405764230398 ], [ -87.003410883405792, 20.303225233028055 ], [ -87.003317029409303, 20.303048241746058 ], [ -87.00321754469833, 20.302874790375547 ], [ -87.003112429284897, 20.302704878907154 ], [ -87.003001683180244, 20.302538507330912 ], [ -87.002885306394901, 20.302375675636362 ], [ -87.002763298938532, 20.302216383812457 ], [ -87.002635660820118, 20.302060631847606 ], [ -87.002502392047816, 20.301908419729699 ], [ -87.002363492629073, 20.301759747446049 ], [ -87.002218962570495, 20.301614614983443 ], [ -87.002068801878011, 20.301473022328093 ], [ -87.001905502672855, 20.301338509410041 ], [ -87.001729064966796, 20.301211076192825 ], [ -87.001539488768032, 20.301090722637039 ], [ -87.001336774081125, 20.300977448700277 ], [ -87.001120920907127, 20.300871254337192 ], [ -87.000891929243451, 20.300772139499415 ], [ -87.000649799083973, 20.30068010413564 ], [ -87.000394530418973, 20.300595148191562 ], [ -87.000126123235134, 20.300517271609916 ], [ -86.99984457751556, 20.300446474330464 ], [ -86.999549893239816, 20.300382756289967 ], [ -86.999242070383843, 20.300326117422248 ], [ -86.998921108920015, 20.300276557658112 ], [ -86.998587008817154, 20.300234076925424 ], [ -86.998239770040442, 20.300198675149048 ], [ -86.997879392551567, 20.300170352250881 ], [ -86.997539661667616, 20.300152648490911 ], [ -86.997220577312106, 20.300145563989389 ], [ -86.996922139416967, 20.30014909885924 ], [ -86.996644347922569, 20.300163253206062 ], [ -86.996387202777726, 20.300188027128083 ], [ -86.996150703939691, 20.300223420716186 ], [ -86.995934851374173, 20.300269434053931 ], [ -86.995739645055309, 20.300326067217508 ], [ -86.995565084965676, 20.300393320275806 ], [ -86.995411171096308, 20.300471193290317 ], [ -86.995277903446663, 20.300559686315232 ], [ -86.995165282024672, 20.300658799397386 ], [ -86.995073306846677, 20.300768532576264 ], [ -86.995001977937505, 20.300888885884017 ], [ -86.994951295330353, 20.301019859345473 ], [ -86.99492125906697, 20.301161452978082 ], [ -86.99490999238941, 20.301308356943718 ], [ -86.99491749534964, 20.30146057124578 ], [ -86.994943768003409, 20.301618095881558 ], [ -86.994988810410362, 20.301780930842341 ], [ -86.995052622633935, 20.301949076113356 ], [ -86.995135204741445, 20.302122531673781 ], [ -86.995236556804016, 20.302301297496747 ] ] ] } },
{ "type": "Feature", "properties": { "cat": 3, "CLAVE_ACUI": "2305", "NOM_ACUIF": "ISLA DE COZUMEL", "fid": 3.0, "VULNERABIL": 5.0 }, "geometry": { "type": "Polygon", "coordinates": [ ] } },
{ "type": "Feature", "properties": { "cat": 4, "CLAVE_ACUI": "2305", "NOM_ACUIF": "ISLA DE COZUMEL", "fid": 4.0, "VULNERABIL": 5.0 }, "geometry": { "type": "Polygon", "coordinates": [ ] } },
{ "type": "Feature", "properties": { "cat": 5, "CLAVE_ACUI": "2305", "NOM_ACUIF": "ISLA DE COZUMEL", "fid": 5.0, "VULNERABIL": 5.0 }, "geometry": { "type": "Polygon", "coordinates": [ [ [ -86.763947248274704, 20.570522850239094 ], [ -86.764380882902316, 20.570248985394901 ], [ -86.764840228350465, 20.569982150278943 ], [ -86.765303683784623, 20.569737001279723 ], [ -86.765536161231466, 20.569627039240618 ], [ -86.765967652187015, 20.569437639226784 ], [ -86.766099351294258, 20.569382951342558 ], [ -86.766227297948873, 20.569322948694214 ], [ -86.766351492141823, 20.569257631289904 ], [ -86.766471933864864, 20.569186999137475 ], [ -86.766588623110479, 20.569111052244583 ], [ -86.766701559871947, 20.5690297906186 ], [ -86.766810744143356, 20.568943214266671 ], [ -86.766916175919505, 20.568851323195677 ], [ -86.767017855196045, 20.568754117412265 ], [ -86.767115781969352, 20.568651596922841 ], [ -86.767209956236599, 20.568543761733562 ], [ -86.767300377995696, 20.568430611850332 ], [ -86.767370103923497, 20.56832628344543 ], [ -86.767419134074103, 20.568230776544699 ], [ -86.767447468494552, 20.568144091166477 ], [ -86.767455107224848, 20.568066227321545 ], [ -86.767442050297845, 20.567997185013215 ], [ -86.767408297739436, 20.567936964237244 ], [ -86.767353849568366, 20.567885564981914 ], [ -86.767278705796343, 20.567842987227952 ], [ -86.767182866427987, 20.56780923094859 ], [ -86.767066331460882, 20.567784296109551 ], [ -86.766929100885534, 20.567768182669024 ], [ -86.76677117468536, 20.567760890577691 ], [ -86.766592552836713, 20.567762419778724 ], [ -86.766393235308939, 20.567772770207778 ], [ -86.766173222064239, 20.567791941792972 ], [ -86.765932513057763, 20.567819934454935 ], [ -86.76570683748875, 20.567853256719644 ], [ -86.765496195342834, 20.567891908645677 ], [ -86.765300586608774, 20.567935890287735 ], [ -86.765120011278512, 20.56798520169659 ], [ -86.764954469347188, 20.568039842919148 ], [ -86.76480396081304, 20.568099813998405 ], [ -86.764668485677547, 20.568165114973464 ], [ -86.764548043945311, 20.568235745879552 ], [ -86.764442635624093, 20.568311706747977 ], [ -86.764120888186028, 20.568616818181361 ], [ -86.763840640041551, 20.568887919070065 ], [ -86.763342623846512, 20.56935399339137 ], [ -86.763025874552426, 20.569637555312319 ], [ -86.762817524585117, 20.569813752366471 ], [ -86.76273098392133, 20.569898668527845 ], [ -86.762666269453419, 20.569995621407855 ], [ -86.762629559929721, 20.570116258877878 ], [ -86.762615966349713, 20.570267151386957 ], [ -86.762630963582609, 20.570403347495422 ], [ -86.762659033057588, 20.570490109360122 ], [ -86.762696517416018, 20.570568034798029 ], [ -86.762743416665984, 20.570637123803348 ], [ -86.762799730812318, 20.570697376368688 ], [ -86.762865459856584, 20.570748792485045 ], [ -86.762940603797105, 20.570791372141855 ], [ -86.763025162628978, 20.570825115326933 ], [ -86.763119136344002, 20.570850022026505 ], [ -86.763252408832273, 20.570864294791335 ], [ -86.7633226296537, 20.570860071203519 ], [ -86.763401189537575, 20.570842949825465 ], [ -86.763494465323589, 20.570810166546114 ], [ -86.763719677204918, 20.570678236236894 ], [ -86.763947248274704, 20.570522850239094 ] ] ] } },
{ "type": "Feature", "properties": { "cat": 6, "CLAVE_ACUI": "2305", "NOM_ACUIF": "ISLA DE COZUMEL", "fid": 6.0, "VULNERABIL": 5.0 }, "geometry": { "type": "Polygon", "coordinates": [ ] } },
{ "type": "Feature", "properties": { "cat": 7, "CLAVE_ACUI": "2305", "NOM_ACUIF": "ISLA DE COZUMEL", "fid": 7.0, "VULNERABIL": 4.0 }, "geometry": { "type": "Polygon", "coordinates": [ [ [ -86.891671309602515, 20.538960726456917 ], [ -86.89173118614481, 20.539357217102086 ], [ -86.891798596170815, 20.539734243726965 ], [ -86.891873539711099, 20.540091806325453 ], [ -86.891956016790488, 20.540429904890278 ], [ -86.89204602742808, 20.540748539413062 ], [ -86.892143571637163, 20.541047709884253 ], [ -86.892248649425326, 20.541327416293186 ], [ -86.892361260794374, 20.541587658628032 ], [ -86.892481405740398, 20.541828436875868 ], [ -86.892609084253678, 20.542049751022567 ], [ -86.892744296318796, 20.542251601052911 ], [ -86.892887041914534, 20.542433986950549 ], [ -86.893037321013963, 20.542596908697952 ], [ -86.893195133584356, 20.542740366276472 ], [ -86.893360479587258, 20.54286435966635 ], [ -86.893533358978459, 20.542968888846637 ], [ -86.893713771707979, 20.543053953795283 ], [ -86.893879166095275, 20.543108921405221 ], [ -86.894029542027056, 20.543133791719491 ], [ -86.894164899407656, 20.543128564777039 ], [ -86.894285238158915, 20.543093240612645 ], [ -86.894390558220323, 20.54302781925696 ], [ -86.894480859548835, 20.542932300736485 ], [ -86.8945561421191, 20.5428066850736 ], [ -86.894616405923188, 20.542650972286534 ], [ -86.89466165097086, 20.542465162389359 ], [ -86.894691877289404, 20.542249255392036 ], [ -86.894707084923624, 20.542003251300383 ], [ -86.894707273935964, 20.541727150116053 ], [ -86.894692444406374, 20.541420951836582 ], [ -86.894662596432411, 20.54108465645534 ], [ -86.89461773012917, 20.540718263961601 ], [ -86.894557845629279, 20.540321774340455 ], [ -86.894490428584618, 20.539944748783054 ], [ -86.894415479025724, 20.539587187283267 ], [ -86.894332996977354, 20.539249089833845 ], [ -86.89424298245855, 20.538930456426389 ], [ -86.894145435482599, 20.53863128705137 ], [ -86.894040356057033, 20.538351581698119 ], [ -86.893927744183642, 20.538091340354832 ], [ -86.893807599858476, 20.537850563008551 ], [ -86.893679923071787, 20.537629249645214 ], [ -86.89354471380814, 20.537427400249587 ], [ -86.893401972046334, 20.537245014805318 ], [ -86.893251697759396, 20.537082093294917 ], [ -86.893093890914614, 20.536938635699745 ], [ -86.892928551473574, 20.536814642000024 ], [ -86.892755679392039, 20.536710112174855 ], [ -86.892575274620086, 20.536625046202197 ], [ -86.89240988766484, 20.536570077340105 ], [ -86.892259518413098, 20.536545205631644 ], [ -86.892124166769221, 20.536550431115721 ], [ -86.892003832655092, 20.536585753827101 ], [ -86.891898516010158, 20.536651173796407 ], [ -86.891808216791475, 20.536746691050141 ], [ -86.891732934973604, 20.536872305610657 ], [ -86.891672670548658, 20.53702801749618 ], [ -86.891627423526344, 20.537213826720791 ], [ -86.89159719393389, 20.537429733294449 ], [ -86.891581981816131, 20.537675737222948 ], [ -86.89158178723541, 20.537951838507965 ], [ -86.891596610271648, 20.53825803714706 ], [ -86.891626451022319, 20.538594333133624 ], [ -86.891671309602515, 20.538960726456917 ] ] ] } },
{ "type": "Feature", "properties": { "cat": 8, "CLAVE_ACUI": "2305", "NOM_ACUIF": "ISLA DE COZUMEL", "fid": 8.0, "VULNERABIL": 4.0 }, "geometry": { "type": "Polygon", "coordinates": [ ] } },
{ "type": "Feature", "properties": { "cat": 9, "CLAVE_ACUI": "2305", "NOM_ACUIF": "ISLA DE COZUMEL", "fid": 9.0, "VULNERABIL": 4.0 }, "geometry": { "type": "Polygon", "coordinates": [ ] } },
{ "type": "Feature", "properties": { "cat": 10, "CLAVE_ACUI": "2305", "NOM_ACUIF": "ISLA DE COZUMEL", "fid": 10.0, "VULNERABIL": 4.0 }, "geometry": { "type": "Polygon", "coordinates": [ [ [ -86.765493649082373, 20.514263303024002 ], [ -86.765341882730951, 20.514775637718341 ], [ -86.765212313211649, 20.515176064030179 ], [ -86.765069500016352, 20.515616145884604 ], [ -86.765005082352047, 20.51581074065982 ], [ -86.764892145999283, 20.51608714101264 ], [ -86.764815367556224, 20.516314948890859 ], [ -86.764770800221186, 20.51647384964965 ], [ -86.764729914103057, 20.516635713360721 ], [ -86.764702917662476, 20.516778617957012 ], [ -86.764636392829061, 20.516993219192006 ], [ -86.764544444601455, 20.517194986588741 ], [ -86.764469559650834, 20.517312857152096 ], [ -86.764380945856914, 20.517440824247505 ], [ -86.76431108969021, 20.517585111036855 ], [ -86.764234233134374, 20.517836478588517 ], [ -86.764173695945303, 20.518091258448699 ], [ -86.764113177528401, 20.51833364917356 ], [ -86.764052677899016, 20.518563650764296 ], [ -86.76399219707244, 20.518781263222063 ], [ -86.76393173506392, 20.518986486547934 ], [ -86.763871291888648, 20.519179320742978 ], [ -86.76381086756183, 20.519359765808158 ], [ -86.763750462098585, 20.519527821744422 ], [ -86.763690075513978, 20.519683488552644 ], [ -86.763629707823085, 20.519826766233656 ], [ -86.763569359040886, 20.519957654788229 ], [ -86.763509029182359, 20.520076154217087 ], [ -86.76344871826241, 20.520182264520905 ], [ -86.763388426295919, 20.520275985700287 ], [ -86.763328153297707, 20.52035731775581 ], [ -86.763238646909954, 20.520469604078549 ], [ -86.763141654426747, 20.520608261467135 ], [ -86.763051168130005, 20.520770028405906 ], [ -86.762964400637955, 20.520965550631637 ], [ -86.762886655551668, 20.521127551282667 ], [ -86.762721982210891, 20.521418151295801 ], [ -86.762621218385974, 20.521592197902478 ], [ -86.762498199089393, 20.521760651809199 ], [ -86.76238456798832, 20.52189490796685 ], [ -86.762270589266635, 20.52199942412966 ], [ -86.762148067956531, 20.522103633861352 ], [ -86.762031239561708, 20.522183056522227 ], [ -86.761861241740931, 20.522292340835598 ], [ -86.76145345971176, 20.52250644383102 ], [ -86.762084461228483, 20.520891420818426 ], [ -86.762305105603119, 20.520326690412588 ], [ -86.762773672228946, 20.519127412972495 ], [ -86.764354945290194, 20.515080208147399 ], [ -86.76468319370754, 20.514240069520458 ], [ -86.765524656526026, 20.513176449183948 ], [ -86.765556703652152, 20.513340039936153 ], [ -86.765584474397755, 20.513559253827935 ], [ -86.765576069993742, 20.513784812742223 ], [ -86.765553974011922, 20.513964055645982 ], [ -86.765493649082373, 20.514263303024002 ] ] ] } },
{ "type": "Feature", "properties": { "cat": 11, "CLAVE_ACUI": "2305", "NOM_ACUIF": "ISLA DE COZUMEL", "fid": 11.0, "VULNERABIL": 4.0 }, "geometry": { "type": "Polygon", "coordinates": [ ] } },
{ "type": "Feature", "properties": { "cat": 12, "CLAVE_ACUI": "2305", "NOM_ACUIF": "ISLA DE COZUMEL", "fid": 12.0, "VULNERABIL": 4.0 }, "geometry": { "type": "Polygon", "coordinates": [ ] } },
{ "type": "Feature", "properties": { "cat": 14, "CLAVE_ACUI": "2305", "NOM_ACUIF": "ISLA DE COZUMEL", "fid": 13.0, "VULNERABIL": 4.0 }, "geometry": { "type": "Polygon", "coordinates": [ [ [ -86.845667120131239, 20.418927313084438 ], [ -86.845095379192998, 20.419634766593141 ], [ -86.844536805021704, 20.420319221162092 ], [ -86.843991398042036, 20.420980676925961 ], [ -86.843459158666974, 20.421619134016201 ], [ -86.842940087297691, 20.422234592561033 ], [ -86.842434184323622, 20.422827052685477 ], [ -86.841941450122476, 20.423396514511339 ], [ -86.841461885060113, 20.423942978157175 ], [ -86.840995489490751, 20.424466443738336 ], [ -86.840542263756731, 20.424966911366941 ], [ -86.840102208188696, 20.42544438115188 ], [ -86.839675323105467, 20.425898853198813 ], [ -86.839261608814127, 20.426330327610177 ], [ -86.838861065609947, 20.426738804485154 ], [ -86.838473693776436, 20.427124283919721 ], [ -86.838099493585347, 20.427486766006595 ], [ -86.837738465296582, 20.427826250835263 ], [ -86.837399992398147, 20.428151596754144 ], [ -86.837084075124736, 20.428462803897901 ], [ -86.836790713698704, 20.428759872392291 ], [ -86.836519908330146, 20.429042802354171 ], [ -86.836271659216791, 20.42931159389147 ], [ -86.836045966544035, 20.429566247103239 ], [ -86.835842830484964, 20.429806762079583 ], [ -86.835662251200347, 20.43003313890171 ], [ -86.83550422883863, 20.43024537764191 ], [ -86.835368763535925, 20.430443478363557 ], [ -86.835255855416023, 20.430627441121104 ], [ -86.83516550459035, 20.430797265960091 ], [ -86.835097711158085, 20.430952952917135 ], [ -86.835052475205998, 20.431094502019942 ], [ -86.835029796808584, 20.431221913287285 ], [ -86.835029676027986, 20.431335186729019 ], [ -86.835014513653661, 20.431460835212249 ], [ -86.834984309645151, 20.431598858732215 ], [ -86.834939063954721, 20.431749257280174 ], [ -86.834878776527461, 20.431912030843399 ], [ -86.834803447301255, 20.432087179405141 ], [ -86.834713076206782, 20.432274702944643 ], [ -86.834607663167446, 20.432474601437168 ], [ -86.834487208099517, 20.432686874853975 ], [ -86.834351710911989, 20.4329115231623 ], [ -86.834201171506692, 20.433148546325381 ], [ -86.834035589778182, 20.43339794430247 ], [ -86.833854965613867, 20.433659717048805 ], [ -86.833659298893863, 20.433933864515634 ], [ -86.833448589491141, 20.434220386650157 ], [ -86.833222837271407, 20.434519283395613 ], [ -86.832982042093178, 20.434830554691224 ], [ -86.832752534720015, 20.435125907395822 ], [ -86.832534315287745, 20.435405341556613 ], [ -86.832327383925303, 20.435668857218459 ], [ -86.832131740754519, 20.435916454423886 ], [ -86.831947385890331, 20.436148133213113 ], [ -86.831774319440655, 20.436363893624023 ], [ -86.831612541506402, 20.436563735692157 ], [ -86.831462052181507, 20.436747659450724 ], [ -86.83132285155294, 20.436915664930634 ], [ -86.831194939700652, 20.437067752160438 ], [ -86.831078316697599, 20.437203921166361 ], [ -86.830972982609751, 20.43732417197231 ], [ -86.830878937496124, 20.437428504599833 ], [ -86.830796181408672, 20.437516919068162 ], [ -86.830724714392417, 20.437589415394218 ], [ -86.830664536485372, 20.437645993592554 ], [ -86.830589333426232, 20.437699017352074 ], [ -86.830499105204893, 20.437748486653305 ], [ -86.830393851813383, 20.437794401472885 ], [ -86.830273573245833, 20.437836761783565 ], [ -86.830138269498462, 20.437875567554215 ], [ -86.829987940569566, 20.437910818749849 ], [ -86.829822586459585, 20.437942515331578 ], [ -86.82964220717102, 20.437970657256621 ], [ -86.829446802708503, 20.437995244478358 ], [ -86.829236373078786, 20.438016276946243 ], [ -86.829010918290678, 20.43803375460589 ], [ -86.828770438355107, 20.438047677398995 ], [ -86.82851493328512, 20.438058045263396 ], [ -86.828244403095837, 20.438064858133057 ], [ -86.827958847804524, 20.438068115938034 ], [ -86.827658267430493, 20.43806781860453 ], [ -86.827368948947822, 20.438076381408081 ], [ -86.827090892308149, 20.438093804404446 ], [ -86.826824097467068, 20.438120087647249 ], [ -86.826568564384004, 20.438155231187885 ], [ -86.826324293022267, 20.438199235075583 ], [ -86.826091283349044, 20.438252099357388 ], [ -86.825696691428575, 20.438360999967227 ], [ -86.825498494855083, 20.438415095594554 ], [ -86.825114310741867, 20.438474710865407 ], [ -86.824884213450872, 20.438481940407627 ], [ -86.824617484911201, 20.438482318164198 ], [ -86.824563517125725, 20.438550534171938 ], [ -86.824468379550623, 20.438670789348297 ], [ -86.82424646055658, 20.438951297945877 ], [ -86.824062191178172, 20.439184216922165 ], [ -86.823950693352884, 20.439325151675131 ], [ -86.823856751781051, 20.439443895087265 ], [ -86.823753310018873, 20.43957464686795 ], [ -86.823637856713091, 20.439720581401549 ], [ -86.823491339972122, 20.439905780535604 ], [ -86.823373152944583, 20.440055170530318 ], [ -86.823212326244743, 20.44025845764515 ], [ -86.82309153173658, 20.440411143530472 ], [ -86.823471591843557, 20.440391702153331 ], [ -86.82433960392882, 20.440348055752509 ], [ -86.825032884115259, 20.440332051916606 ], [ -86.825732000349248, 20.440331369061226 ], [ -86.826032585092037, 20.440331669752709 ], [ -86.826327539839255, 20.440326654616978 ], [ -86.826616864560805, 20.440316323682431 ], [ -86.826900559227724, 20.440300676976918 ], [ -86.827178623812216, 20.440279714527737 ], [ -86.827451058287679, 20.440253436361647 ], [ -86.827717862628617, 20.440221842504858 ], [ -86.827979036810746, 20.440184932983033 ], [ -86.828234580810928, 20.440142707821298 ], [ -86.828484494607181, 20.440095167044191 ], [ -86.8287287781787, 20.440042310675761 ], [ -86.828967431505802, 20.439984138739465 ], [ -86.829200454570028, 20.439920651258237 ], [ -86.829427847354026, 20.439851848254445 ], [ -86.829649609841638, 20.43977772974992 ], [ -86.829865742017859, 20.439698295765947 ], [ -86.830076243868831, 20.439613546323276 ], [ -86.830303676604061, 20.439507574363073 ], [ -86.83054804009528, 20.439380379817315 ], [ -86.830809334200268, 20.439231962612748 ], [ -86.831087558762832, 20.439062322670967 ], [ -86.831382713612783, 20.438871459908338 ], [ -86.831694798566019, 20.438659374236082 ], [ -86.832023813424442, 20.438426065560204 ], [ -86.832369757975968, 20.438171533781535 ], [ -86.832732631994588, 20.437895778795721 ], [ -86.833112435240324, 20.437598800493234 ], [ -86.833509167459226, 20.43728059875934 ], [ -86.833922828383365, 20.436941173474153 ], [ -86.834353417730895, 20.436580524512625 ], [ -86.834800935206019, 20.436198651744476 ], [ -86.835265380498939, 20.435795555034307 ], [ -86.83574675328596, 20.435371234241526 ], [ -86.836222498906054, 20.434936287395942 ], [ -86.836692617307662, 20.434490714541834 ], [ -86.837157108441545, 20.434034515722889 ], [ -86.837615972260778, 20.433567690982233 ], [ -86.838069208720711, 20.433090240362439 ], [ -86.838516817779094, 20.432602163905489 ], [ -86.838958799395911, 20.432103461652808 ], [ -86.839395153533502, 20.431594133645248 ], [ -86.839825880156511, 20.431074179923101 ], [ -86.840250979231897, 20.430543600526086 ], [ -86.84067045072895, 20.430002395493343 ], [ -86.841084294619236, 20.429450564863455 ], [ -86.841492510876677, 20.428888108674418 ], [ -86.841895099477483, 20.428315026963674 ], [ -86.842292060400212, 20.427731319768093 ], [ -86.842683393625649, 20.427136987123966 ], [ -86.843067208084747, 20.42654441666863 ], [ -86.843443503876813, 20.425953608452865 ], [ -86.843812281100739, 20.425364562526472 ], [ -86.844173539854893, 20.424777278938258 ], [ -86.844527280237074, 20.424191757736068 ], [ -86.844873502344626, 20.423607998966737 ], [ -86.845212206274368, 20.423026002676142 ], [ -86.845543392122593, 20.422445768909164 ], [ -86.845867059985068, 20.421867297709689 ], [ -86.846183209957076, 20.421290589120648 ], [ -86.846491842133403, 20.420715643183964 ], [ -86.846792956608269, 20.420142459940596 ], [ -86.847086553475421, 20.419571039430505 ], [ -86.847372632828083, 20.419001381692684 ], [ -86.847651194758953, 20.418433486765139 ], [ -86.84792223936023, 20.417867354684891 ], [ -86.848140609291079, 20.417380821863475 ], [ -86.848306305388846, 20.416973888517596 ], [ -86.848419328327822, 20.416646554812928 ], [ -86.848479678619242, 20.41639882086416 ], [ -86.848487356611358, 20.416230686735009 ], [ -86.848442362489379, 20.41614215243818 ], [ -86.848344696275518, 20.416133217935435 ], [ -86.848194357828987, 20.416203883137552 ], [ -86.847991346846044, 20.4163541479043 ], [ -86.847735662859876, 20.416584012044488 ], [ -86.847427305240686, 20.416893475315927 ], [ -86.847066273195665, 20.417282537425404 ], [ -86.84665256576892, 20.417751198028675 ], [ -86.846186181841475, 20.41829945673047 ], [ -86.845667120131239, 20.418927313084438 ] ] ] } },
{ "type": "Feature", "properties": { "cat": 15, "CLAVE_ACUI": "2305", "NOM_ACUIF": "ISLA DE COZUMEL", "fid": 14.0, "VULNERABIL": 4.0 }, "geometry": { "type": "Polygon", "coordinates": [ ] } },
{ "type": "Feature", "properties": { "cat": 13, "CLAVE_ACUI": "2305", "NOM_ACUIF": "ISLA DE COZUMEL", "fid": 15.0, "VULNERABIL": 3.0 }, "geometry": { "type": "Polygon", "coordinates": [ [ [ -86.952704207289315, 20.375322002965611 ], [ -86.95255393403842, 20.375463555436735 ], [ -86.952411167139942, 20.375621039064381 ], [ -86.952275906572623, 20.375794453866067 ], [ -86.952148152319808, 20.375983799858279 ], [ -86.952027904369444, 20.37618907705642 ], [ -86.951915162714116, 20.376410285474869 ], [ -86.951809927350979, 20.376647425126979 ], [ -86.951712198281882, 20.376900496024994 ], [ -86.95162197551322, 20.377169498180191 ], [ -86.951539259056005, 20.377454431602743 ], [ -86.951464048925899, 20.377755296301796 ], [ -86.951396345143138, 20.378072092285457 ], [ -86.951336147732647, 20.378404819560775 ], [ -86.951283456723857, 20.378753478133756 ], [ -86.951238272150917, 20.379118068009365 ], [ -86.951200594052523, 20.37949858919151 ], [ -86.951170422472046, 20.379895041683081 ], [ -86.951134623063567, 20.380272023512742 ], [ -86.951093195799899, 20.380629534679514 ], [ -86.951046140658036, 20.380967575181725 ], [ -86.950993457619205, 20.381286145017047 ], [ -86.95093514666884, 20.381585244182482 ], [ -86.950871207796638, 20.381864872674363 ], [ -86.950801640996474, 20.382125030488357 ], [ -86.950726446266458, 20.382365717619471 ], [ -86.950645623608963, 20.382586934062044 ], [ -86.950559173030513, 20.382788679809728 ], [ -86.950467094541935, 20.382970954855555 ], [ -86.950369388158208, 20.383133759191839 ], [ -86.950266053898588, 20.383277092810268 ], [ -86.950157091786537, 20.383400955701841 ], [ -86.950042501849722, 20.383505347856897 ], [ -86.949922284120049, 20.383590269265103 ], [ -86.949787043600622, 20.383671646437989 ], [ -86.949636780277146, 20.383749479340672 ], [ -86.949471494137413, 20.383823767934405 ], [ -86.949291185171276, 20.38389451217656 ], [ -86.949095853370679, 20.383961712020618 ], [ -86.948885498729609, 20.384025367416172 ], [ -86.948660121244117, 20.384085478308965 ], [ -86.948419720912383, 20.384142044640832 ], [ -86.948164297734579, 20.384195066349729 ], [ -86.94789385171299, 20.384244543369743 ], [ -86.947608382851968, 20.384290475631062 ], [ -86.947307891157934, 20.384332863060006 ], [ -86.946992376639372, 20.384371705579024 ], [ -86.94666183930687, 20.384407003106659 ], [ -86.946316279173018, 20.384438755557586 ], [ -86.945955696252568, 20.384466962842598 ], [ -86.945610133982143, 20.384504023634683 ], [ -86.945279592313113, 20.384549938022872 ], [ -86.944964071201994, 20.384604706092304 ], [ -86.94466357061043, 20.384668327924228 ], [ -86.944378090505211, 20.384740803595985 ], [ -86.944107630858298, 20.384822133181043 ], [ -86.943852191646769, 20.384912316748942 ], [ -86.943611772852876, 20.38501135436535 ], [ -86.943386374464026, 20.385119246092049 ], [ -86.943175996472732, 20.3852359919869 ], [ -86.942980638876691, 20.385361592103884 ], [ -86.942800301678759, 20.385496046493088 ], [ -86.942634984886922, 20.385639355200706 ], [ -86.942484688514298, 20.385791518269027 ], [ -86.942349412579205, 20.385952535736468 ], [ -86.942229157105075, 20.386122407637529 ], [ -86.942112652756791, 20.38630467009008 ], [ -86.941999899519544, 20.386499323100832 ], [ -86.941890897380276, 20.386706366676194 ], [ -86.941785646327716, 20.386925800822283 ], [ -86.941684146352387, 20.38715762554493 ], [ -86.941586397446628, 20.387401840849691 ], [ -86.941492399604527, 20.387658446741803 ], [ -86.941402152821993, 20.387927443226225 ], [ -86.941315657096723, 20.388208830307633 ], [ -86.941232912428177, 20.388502607990414 ], [ -86.941153918817648, 20.388808776278641 ], [ -86.941078676268162, 20.38912733517612 ], [ -86.941007184784596, 20.389458284686366 ], [ -86.940939444373583, 20.389801624812588 ], [ -86.940875455043553, 20.390157355557729 ], [ -86.940815216804708, 20.390525476924417 ], [ -86.940728690813089, 20.390879430023201 ], [ -86.940615876912744, 20.391219214816299 ], [ -86.940476774962136, 20.391544831253988 ], [ -86.940311384834217, 20.391856279274638 ], [ -86.940119706416326, 20.392153558804679 ], [ -86.939901739610264, 20.392436669758638 ], [ -86.939657484332244, 20.39270561203908 ], [ -86.939386940512961, 20.392960385536686 ], [ -86.939090108097503, 20.3932009901302 ], [ -86.938766987045426, 20.393427425686415 ], [ -86.938417577330711, 20.393639692060223 ], [ -86.938041878941817, 20.393837789094601 ], [ -86.937639891881645, 20.394021716620571 ], [ -86.937211616167502, 20.394191474457262 ], [ -86.936757051831179, 20.39434706241185 ], [ -86.936276198918961, 20.394488480279627 ], [ -86.93582350868904, 20.394649376210602 ], [ -86.935398981057673, 20.394829750422755 ], [ -86.93500261596229, 20.39502960312041 ], [ -86.934634413361621, 20.395248934494131 ], [ -86.934294373235574, 20.395487744720779 ], [ -86.933982495585354, 20.395746033963501 ], [ -86.933698780433346, 20.396023802371726 ], [ -86.933443227823247, 20.396321050081156 ], [ -86.933215837819986, 20.396637777213822 ], [ -86.933016610509725, 20.396973983877992 ], [ -86.932845545999882, 20.397329670168261 ], [ -86.932702644419152, 20.397704836165492 ], [ -86.932587905917472, 20.398099481936818 ], [ -86.932501330666071, 20.398513607535691 ], [ -86.932442918857376, 20.398947213001836 ], [ -86.932412670705148, 20.399400298361243 ], [ -86.932376796354362, 20.399833912495492 ], [ -86.932335295771836, 20.400248055403885 ], [ -86.932288168928594, 20.40064272708512 ], [ -86.932235415799923, 20.4010179275372 ], [ -86.932177036365275, 20.401373656757464 ], [ -86.932113030608363, 20.401709914742586 ], [ -86.932043398517095, 20.402026701488598 ], [ -86.931968140083612, 20.402324016990836 ], [ -86.931887255304275, 20.402601861244012 ], [ -86.931800744179668, 20.402860234242137 ], [ -86.931708606714579, 20.403099135978593 ], [ -86.931610842918033, 20.403318566446057 ], [ -86.931507452803302, 20.403518525636585 ], [ -86.931398436387823, 20.403699013541541 ], [ -86.931283793693282, 20.403860030151655 ], [ -86.9311635247456, 20.404001575456959 ], [ -86.931048883157828, 20.404159052087405 ], [ -86.93093986891158, 20.40433246005318 ], [ -86.930836481991889, 20.404521799363845 ], [ -86.930738722387289, 20.404727070028351 ], [ -86.930646590089751, 20.404948272055012 ], [ -86.930560085094669, 20.405185405451526 ], [ -86.93047920740095, 20.405438470224968 ], [ -86.930403957010952, 20.405707466381788 ], [ -86.93033433393046, 20.405992393927825 ], [ -86.930270338168711, 20.406293252868277 ], [ -86.930211969738437, 20.406610043207746 ], [ -86.930159228655796, 20.40694276495018 ], [ -86.930112114940428, 20.407291418098939 ], [ -86.930070628615425, 20.407656002656736 ], [ -86.930034769707305, 20.408036518625664 ], [ -86.930004538246095, 20.408432966007219 ], [ -86.929970558869272, 20.408809942866142 ], [ -86.92993283156278, 20.409167449202744 ], [ -86.929891356315309, 20.40950548501694 ], [ -86.929846133118417, 20.409824050308291 ], [ -86.929797161966405, 20.410123145076003 ], [ -86.929744442856403, 20.4104027693189 ], [ -86.929687975788383, 20.410662923035446 ], [ -86.929627760765072, 20.410903606223769 ], [ -86.929563797791999, 20.411124818881593 ], [ -86.929496086877521, 20.411326561006288 ], [ -86.929424628032805, 20.41150883259489 ], [ -86.929349421271809, 20.41167163364404 ], [ -86.929270466611271, 20.411814964150004 ], [ -86.929187764070775, 20.411938824108734 ], [ -86.929101313672703, 20.412043213515773 ], [ -86.929011115442208, 20.412128132366313 ], [ -86.928907770493481, 20.412209505990493 ], [ -86.928791278812994, 20.41228733436499 ], [ -86.928661640389038, 20.412361617463485 ], [ -86.928518855211706, 20.412432355256708 ], [ -86.928362923272928, 20.412499547712393 ], [ -86.928193844566408, 20.412563194795297 ], [ -86.928011619087698, 20.412623296467231 ], [ -86.927816246834197, 20.41267985268701 ], [ -86.927607727805039, 20.412732863410469 ], [ -86.927386062001261, 20.412782328590495 ], [ -86.927151249425634, 20.412828248176961 ], [ -86.926903290082819, 20.412870622116788 ], [ -86.926642183979226, 20.412909450353936 ], [ -86.926367931123139, 20.412944732829367 ], [ -86.926080531524647, 20.412976469481073 ], [ -86.925779985195632, 20.413004660244084 ], [ -86.925490707038321, 20.413036395121939 ], [ -86.925212697039598, 20.413071674170688 ], [ -86.924945955187852, 20.41311049744419 ], [ -86.924690481473107, 20.413152864994089 ], [ -86.924446275886851, 20.413198776869905 ], [ -86.924213338422149, 20.413248233118917 ], [ -86.923991669073686, 20.413301233786221 ], [ -86.923781267837597, 20.413357778914765 ], [ -86.923582134711651, 20.413417868545292 ], [ -86.923394269695137, 20.413481502716341 ], [ -86.92321767278888, 20.413548681464299 ], [ -86.92305234399528, 20.413619404823343 ], [ -86.922898283318318, 20.413693672825477 ], [ -86.922755490763464, 20.413771485500519 ], [ -86.92262396633781, 20.413852842876082 ], [ -86.922503710049952, 20.413937744977627 ], [ -86.922385319553698, 20.414047426526412 ], [ -86.922268794795968, 20.414181887525146 ], [ -86.922154135725464, 20.41434112797625 ], [ -86.922041342292545, 20.414525147881886 ], [ -86.921930414449434, 20.41473394724396 ], [ -86.921821352150019, 20.414967526064093 ], [ -86.92171415534996, 20.41522588434367 ], [ -86.921608824006654, 20.415509022083771 ], [ -86.921505358079244, 20.415816939285243 ], [ -86.921403757528637, 20.416149635948656 ], [ -86.921304022317457, 20.416507112074321 ], [ -86.921206152410093, 20.416889367662264 ], [ -86.921110147772666, 20.417296402712267 ], [ -86.921016008373044, 20.417728217223832 ], [ -86.920923734180846, 20.418184811196205 ], [ -86.920833325167422, 20.418666184628364 ], [ -86.920741049867516, 20.419122778451236 ], [ -86.920646908309763, 20.419554592665847 ], [ -86.920550900524489, 20.419961627272937 ], [ -86.920453026543825, 20.420343882273006 ], [ -86.920353286401607, 20.420701357666257 ], [ -86.920251680133461, 20.421034053452662 ], [ -86.920148207776748, 20.421341969631904 ], [ -86.920042869370548, 20.4216251062034 ], [ -86.919935664955773, 20.421883463166335 ], [ -86.919826594574985, 20.422117040519584 ], [ -86.919715658272594, 20.422325838261781 ], [ -86.919602856094684, 20.42250985639129 ], [ -86.919488188089119, 20.422669094906226 ], [ -86.919371654305522, 20.422803553804417 ], [ -86.919253254795237, 20.422913233083445 ], [ -86.919132989611398, 20.422998132740599 ], [ -86.91900145543589, 20.423079487262946 ], [ -86.918858652260113, 20.423157296625039 ], [ -86.918704580076991, 20.42323156079922 ], [ -86.918539238881039, 20.423302279755653 ], [ -86.918362628668305, 20.423369453462325 ], [ -86.918174749436417, 20.423433081885022 ], [ -86.917975601184537, 20.423493164987352 ], [ -86.917765183913374, 20.423549702730735 ], [ -86.917543497625246, 20.423602695074397 ], [ -86.917310542323946, 20.423652141975396 ], [ -86.917066318014918, 20.423698043388576 ], [ -86.916810824705109, 20.423740399266627 ], [ -86.916544062403034, 20.423779209560028 ], [ -86.916266031118738, 20.423814474217071 ], [ -86.915976730863889, 20.423846193183881 ], [ -86.91567616165166, 20.423874366404394 ], [ -86.915386860200229, 20.423907854294853 ], [ -86.915108826486886, 20.423946656911276 ], [ -86.914842060491253, 20.423990774307462 ], [ -86.914586562195225, 20.424040206535061 ], [ -86.914342331583114, 20.42409495364349 ], [ -86.914109368641476, 20.424155015680025 ], [ -86.913887673359227, 20.424220392689701 ], [ -86.913677245727598, 20.424291084715424 ], [ -86.913478085740181, 20.424367091797848 ], [ -86.913290193392854, 20.424448413975494 ], [ -86.913113568683855, 20.424535051284661 ], [ -86.91294821161371, 20.424627003759468 ], [ -86.912794122185304, 20.424724271431863 ], [ -86.912651300403851, 20.424826854331581 ], [ -86.912519746276871, 20.424934752486188 ], [ -86.912399459814239, 20.425047965921049 ], [ -86.912282918092004, 20.425182420011641 ], [ -86.912170121071696, 20.425338114764347 ], [ -86.912061068717875, 20.425515050185187 ], [ -86.911955760998154, 20.425713226279765 ], [ -86.911854197883173, 20.425932643053333 ], [ -86.911756379346656, 20.426173300510744 ], [ -86.91166230536534, 20.426435198656446 ], [ -86.911571975919045, 20.426718337494542 ], [ -86.911485390990592, 20.427022717028706 ], [ -86.911402550565896, 20.427348337262256 ], [ -86.911323454633887, 20.427695198198109 ], [ -86.911248103186537, 20.428063299838804 ], [ -86.9111764962189, 20.428452642186503 ], [ -86.911108633729043, 20.42886322524296 ], [ -86.911044515718103, 20.429295049009564 ], [ -86.910984142190259, 20.429748113487303 ], [ -86.910897481001612, 20.430179925627865 ], [ -86.910784531968659, 20.430590485394479 ], [ -86.910645294929594, 20.430979792738377 ], [ -86.910479769744299, 20.431347847598818 ], [ -86.910287956294269, 20.431694649903076 ], [ -86.910069854482728, 20.43202019956642 ], [ -86.909825464234558, 20.43232449649215 ], [ -86.909554785496368, 20.432607540571603 ], [ -86.909257818236384, 20.432869331684071 ], [ -86.908934562444585, 20.433109869696917 ], [ -86.90858501813257, 20.433329154465479 ], [ -86.908209185333732, 20.433527185833157 ], [ -86.907807064103054, 20.433703963631324 ], [ -86.90737865451726, 20.433859487679396 ], [ -86.906923956674788, 20.433993757784801 ], [ -86.906442970695736, 20.43410677374299 ], [ -86.905986403493671, 20.434223341361381 ], [ -86.905554255091459, 20.434343460832007 ], [ -86.905146525515406, 20.434467132336639 ], [ -86.90476321479521, 20.434594356046819 ], [ -86.904404322963927, 20.434725132123788 ], [ -86.904069850058093, 20.434859460718538 ], [ -86.903759796117598, 20.434997341971812 ], [ -86.903474161185741, 20.435138776014053 ], [ -86.903212945309235, 20.435283762965472 ], [ -86.902976148538229, 20.435432302936022 ], [ -86.902763770926214, 20.435584396025348 ], [ -86.902575812530145, 20.435740042322891 ], [ -86.902412273410377, 20.435899241907777 ], [ -86.902273153630659, 20.436061994848892 ], [ -86.902158453258167, 20.436228301204856 ], [ -86.902068172363514, 20.436398161024016 ], [ -86.901983521506622, 20.436576873471687 ], [ -86.901904500692325, 20.436764438555549 ], [ -86.901831109927315, 20.436960856282727 ], [ -86.901763349220275, 20.437166126659772 ], [ -86.901701218581792, 20.437380249692684 ], [ -86.901644718024357, 20.437603225386887 ], [ -86.901593847562438, 20.43783505374725 ], [ -86.901548607212391, 20.438075734778057 ], [ -86.901508996992533, 20.438325268483052 ], [ -86.901475016923087, 20.43858365486539 ], [ -86.901446667026221, 20.438850893927686 ], [ -86.901423947326023, 20.439126985671955 ], [ -86.901406857848542, 20.439411930099684 ], [ -86.901395398621673, 20.439705727211784 ], [ -86.901389569675345, 20.440008377008574 ], [ -86.901389371041347, 20.440319879489849 ], [ -86.901379785855042, 20.440620757235706 ], [ -86.901360814063949, 20.440911010245493 ], [ -86.901332455619368, 20.441190638516996 ], [ -86.901294710476535, 20.441459642046464 ], [ -86.901247578594521, 20.441718020828603 ], [ -86.901191059936252, 20.441965774856584 ], [ -86.901125154468545, 20.442202904122023 ], [ -86.901049862162083, 20.442429408615009 ], [ -86.900965182991385, 20.44264528832408 ], [ -86.900871116934866, 20.442850543236233 ], [ -86.900767663974776, 20.443045173336923 ], [ -86.900654824097302, 20.443229178610054 ], [ -86.900532597292397, 20.44340255903801 ], [ -86.900400983553979, 20.443565314601614 ], [ -86.900259982879774, 20.44371744528015 ], [ -86.900109595271374, 20.443858951051368 ], [ -86.899949818443673, 20.443993371690681 ], [ -86.899780652394313, 20.444120707172541 ], [ -86.899602097123591, 20.444240957469876 ], [ -86.899414152634336, 20.444354122554092 ], [ -86.899216818932004, 20.444460202395053 ], [ -86.899010096024597, 20.444559196961126 ], [ -86.898793983922729, 20.444651106219126 ], [ -86.898568482639618, 20.444735930134335 ], [ -86.898333592191008, 20.444813668670545 ], [ -86.898089312595289, 20.444884321789988 ], [ -86.897835643873407, 20.444947889453385 ], [ -86.897572586048867, 20.445004371619923 ], [ -86.897300139147845, 20.445053768247281 ], [ -86.897018303199005, 20.445096079291591 ], [ -86.896727078233653, 20.445131304707473 ], [ -86.896426464285682, 20.445159444448013 ], [ -86.896138998887565, 20.445191131316381 ], [ -86.895864682027309, 20.445226365377643 ], [ -86.895603513694695, 20.445265146693892 ], [ -86.89535549388134, 20.445307475324228 ], [ -86.895120622580677, 20.445353351324812 ], [ -86.894898899787989, 20.445402774748803 ], [ -86.894690325500349, 20.44545574564637 ], [ -86.894494899716662, 20.445512264064728 ], [ -86.894312622437667, 20.445572330048112 ], [ -86.894143493665922, 20.445635943637765 ], [ -86.89398751340579, 20.445703104871985 ], [ -86.893844681663481, 20.445773813786062 ], [ -86.893714998447024, 20.445848070412332 ], [ -86.893598463766239, 20.445925874780123 ], [ -86.893495077632835, 20.446007226915814 ], [ -86.893404840060271, 20.44609212684281 ], [ -86.893320228811163, 20.446191189367411 ], [ -86.893241243872922, 20.446304414497284 ], [ -86.893167885235954, 20.446431802239502 ], [ -86.893100152893837, 20.446573352600531 ], [ -86.893038046843174, 20.446729065586219 ], [ -86.892981567083652, 20.446898941201855 ], [ -86.892930713618014, 20.44708297945208 ], [ -86.892885486452116, 20.447281180340966 ], [ -86.892845885594852, 20.447493543871978 ], [ -86.89281191105826, 20.447720070047971 ], [ -86.892783562857346, 20.447960758871204 ], [ -86.892760841010301, 20.448215610343329 ], [ -86.892743745538297, 20.448484624465415 ], [ -86.892732276465679, 20.448767801237917 ], [ -86.892726433819774, 20.449065140660679 ], [ -86.892726217631079, 20.449376642732968 ], [ -86.892712851250621, 20.449686366787059 ], [ -86.892686334599858, 20.449994312819769 ], [ -86.892646667601227, 20.450300480824918 ], [ -86.892593850178017, 20.450604870793367 ], [ -86.892527882254484, 20.450907482712982 ], [ -86.892448763755738, 20.45120831656865 ], [ -86.89235649460791, 20.451507372342288 ], [ -86.89225107473797, 20.451804650012814 ], [ -86.892132504073828, 20.452100149556209 ], [ -86.892000782544329, 20.452393870945414 ], [ -86.891855910079215, 20.452685814150428 ], [ -86.89169788660918, 20.452975979138255 ], [ -86.891526712065811, 20.453264365872919 ], [ -86.891342386381638, 20.453550974315476 ], [ -86.89114490949008, 20.453835804423985 ], [ -86.890934281325528, 20.454118856153528 ], [ -86.890736804204536, 20.454401915876524 ], [ -86.890552478199098, 20.454684983638078 ], [ -86.890381303381247, 20.454968059480315 ], [ -86.890223279823019, 20.455251143442382 ], [ -86.890078407596476, 20.455534235560449 ], [ -86.889946686773683, 20.455817335867685 ], [ -86.889828117426759, 20.456100444394316 ], [ -86.889722699627825, 20.456383561167549 ], [ -86.889630433449028, 20.456666686211616 ], [ -86.88955131896256, 20.456949819547784 ], [ -86.88948535624057, 20.457232961194325 ], [ -86.889432545355291, 20.45751611116653 ], [ -86.889392886378971, 20.45779926947672 ], [ -86.889366379383844, 20.458082436134212 ], [ -86.889353024442201, 20.458365611145354 ], [ -86.889352821626332, 20.458648794513511 ], [ -86.889345110869613, 20.458921353715294 ], [ -86.889329892134171, 20.45918328875053 ], [ -86.889307165385262, 20.459434599618049 ], [ -86.889276930591222, 20.459675286315687 ], [ -86.889239187723447, 20.459905348840259 ], [ -86.889193936756456, 20.46012478718762 ], [ -86.889141177667867, 20.460333601352602 ], [ -86.889080910438366, 20.460531791329036 ], [ -86.889013135051741, 20.46071935710977 ], [ -86.888937851494859, 20.460896298686663 ], [ -86.888855059757717, 20.461062616050544 ], [ -86.88876475983335, 20.461218309191285 ], [ -86.888666951717951, 20.461363378097726 ], [ -86.88856163541071, 20.461497822757728 ], [ -86.888448810914014, 20.461621643158171 ], [ -86.888328478233277, 20.461734839284883 ], [ -86.888198754612674, 20.46184271960075 ], [ -86.888059640046123, 20.461945284084909 ], [ -86.887911134529418, 20.462042532715 ], [ -86.887753238060341, 20.462134465467116 ], [ -86.887585950638623, 20.462221082315867 ], [ -86.887409272265899, 20.462302383234288 ], [ -86.887223202945805, 20.462378368193939 ], [ -86.88702774268387, 20.462449037164834 ], [ -86.886822891487611, 20.462514390115462 ], [ -86.886608649366465, 20.462574427012804 ], [ -86.886385016331829, 20.462629147822302 ], [ -86.886151992397032, 20.462678552507906 ], [ -86.885909577577323, 20.462722641032013 ], [ -86.885657771889996, 20.462761413355498 ], [ -86.88539657535415, 20.462794869437744 ], [ -86.885125987990946, 20.462823009236601 ], [ -86.884862910987266, 20.462858233169698 ], [ -86.884607344311831, 20.462900541270894 ], [ -86.884359287935439, 20.462949933573057 ], [ -86.88411874183096, 20.463006410108065 ], [ -86.883885705973341, 20.46306997090684 ], [ -86.883660180339561, 20.463140615999293 ], [ -86.883442164908701, 20.463218345414383 ], [ -86.88323165966186, 20.463303159180064 ], [ -86.883028664582241, 20.463395057323325 ], [ -86.882833179655123, 20.463494039870167 ], [ -86.882645204867842, 20.463600106845615 ], [ -86.882464740209741, 20.4637132582737 ], [ -86.882291785672308, 20.463833494177496 ], [ -86.882126341249077, 20.463960814579092 ], [ -86.881968406935627, 20.464095219499576 ], [ -86.881817982729601, 20.464236708959071 ], [ -86.881675061850828, 20.464394132448621 ], [ -86.881539644277638, 20.46456748998575 ], [ -86.881411729992962, 20.464756781586956 ], [ -86.881291318984424, 20.464962007267687 ], [ -86.881178411244179, 20.46518316704238 ], [ -86.881073006769086, 20.465420260924397 ], [ -86.880975105560537, 20.465673288926119 ], [ -86.880884707624645, 20.465942251058838 ], [ -86.880801812972081, 20.466227147332852 ], [ -86.880726421618149, 20.466527977757373 ], [ -86.880658533582803, 20.466844742340644 ], [ -86.88059814889057, 20.467177441089827 ], [ -86.880545267570639, 20.467526074011051 ], [ -86.880499889656846, 20.467890641109431 ], [ -86.880462015187575, 20.468271142389018 ], [ -86.880431644205913, 20.468667577852852 ], [ -86.880399409134384, 20.469044543173105 ], [ -86.880365309972362, 20.469402038351273 ], [ -86.880329346720529, 20.469740063388638 ], [ -86.880291519380975, 20.47005861828633 ], [ -86.880251827957153, 20.470357703045288 ], [ -86.88021027245388, 20.470637317666256 ], [ -86.880166852877352, 20.4708974621498 ], [ -86.880121569235115, 20.471138136496315 ], [ -86.880074421536122, 20.471359340705988 ], [ -86.880025409790662, 20.471561074778837 ], [ -86.879974534010401, 20.471743338714703 ], [ -86.879921794208386, 20.471906132513229 ], [ -86.879867190399025, 20.472049456173881 ], [ -86.879810722598094, 20.47217330969595 ], [ -86.879752390822773, 20.472277693078521 ], [ -86.87969219509155, 20.47236260632052 ], [ -86.879613210176885, 20.472445736635599 ], [ -86.879515436051307, 20.472527083998049 ], [ -86.879398872688711, 20.472606648376093 ], [ -86.879263520064299, 20.472684429731849 ], [ -86.879109378154638, 20.47276042802136 ], [ -86.878936446937587, 20.472834643194577 ], [ -86.878744726392398, 20.472907075195348 ], [ -86.878534216499645, 20.472977723961453 ], [ -86.878304917241195, 20.473046589424591 ], [ -86.878056828600307, 20.47311367151034 ], [ -86.877789950561549, 20.473178970138211 ], [ -86.877504283110866, 20.473242485221622 ], [ -86.877199826235454, 20.473304216667923 ], [ -86.876876579923973, 20.473364164378342 ], [ -86.876534544166333, 20.473422328248031 ], [ -86.876173718953794, 20.473478708166066 ], [ -86.87582604407342, 20.473538636514512 ], [ -86.875491519516018, 20.473602113372145 ], [ -86.875170145274325, 20.473669138814778 ], [ -86.874861921342855, 20.473739712915247 ], [ -86.874566847717944, 20.473813835743389 ], [ -86.874284924397756, 20.473891507366069 ], [ -86.874016151382321, 20.473972727847176 ], [ -86.873760528673458, 20.474057497247632 ], [ -86.873518056274833, 20.474145815625356 ], [ -86.873288734191917, 20.474237683035302 ], [ -86.873072562432043, 20.474333099529442 ], [ -86.872869541004349, 20.47443206515678 ], [ -86.872679669919805, 20.474534579963311 ], [ -86.872502949191244, 20.474640643992089 ], [ -86.87233937883326, 20.474750257283169 ], [ -86.872188958862353, 20.474863419873625 ], [ -86.872047919399677, 20.474994288163685 ], [ -86.871916260420164, 20.475142862175261 ], [ -86.871793981905142, 20.475309141928658 ], [ -86.871681083842404, 20.475493127442594 ], [ -86.871577566226122, 20.475694818734205 ], [ -86.871483429056966, 20.475914215819014 ], [ -86.871398672341954, 20.476151318710972 ], [ -86.871323296094587, 20.476406127422411 ], [ -86.871257300334761, 20.476678641964114 ], [ -86.871200685088851, 20.476968862345231 ], [ -86.871153450389599, 20.477276788573331 ], [ -86.871115596276226, 20.477602420654407 ], [ -86.87108712279435, 20.477945758592838 ], [ -86.871068029996039, 20.478306802391426 ], [ -86.871058317939813, 20.47868555205137 ], [ -86.871057986690559, 20.479082007572298 ], [ -86.871065189717399, 20.479457229964858 ], [ -86.871079927073254, 20.479811219231166 ], [ -86.871102198804778, 20.480143975372119 ], [ -86.871132004952372, 20.480455498387485 ], [ -86.871169345550143, 20.480745788275829 ], [ -86.871214220625987, 20.481014845034586 ], [ -86.871266630201475, 20.481262668659991 ], [ -86.871326574291956, 20.481489259147114 ], [ -86.871394052906453, 20.481694616489857 ], [ -86.87146906604778, 20.481878740680976 ], [ -86.871551613712441, 20.482041631712026 ], [ -86.87164169589073, 20.482183289573406 ], [ -86.871739312566589, 20.48230371425435 ], [ -86.87184446371775, 20.48240290574293 ], [ -86.871957149315676, 20.482480864026019 ], [ -86.872077369325524, 20.482537589089358 ], [ -86.872263359004918, 20.482596132322342 ], [ -86.872515118436525, 20.482656493514163 ], [ -86.872832647708151, 20.482718672379352 ], [ -86.873215946912623, 20.482782668557796 ], [ -86.873665016147896, 20.482848481614692 ], [ -86.874179855516971, 20.48291611104057 ], [ -86.874760465127906, 20.482985556251315 ], [ -86.875406845093849, 20.483056816588114 ], [ -86.876118995532906, 20.483129891317489 ], [ -86.876896916568271, 20.483204779631301 ], [ -86.877740608328097, 20.483281480646706 ], [ -86.878650070945554, 20.483359993406211 ], [ -86.879625304558772, 20.483440316877608 ], [ -86.880666309310797, 20.483522449954041 ], [ -86.881773085349678, 20.483606391453936 ], [ -86.88294563282831, 20.483692140121036 ], [ -86.884058047637566, 20.483777840764887 ], [ -86.885110329669644, 20.483863494539907 ], [ -86.886102478817293, 20.483949102538073 ], [ -86.88703449497379, 20.484034665788954 ], [ -86.887906378032994, 20.484120185259712 ], [ -86.888718127889263, 20.484205661855075 ], [ -86.889469744437434, 20.484291096417365 ], [ -86.890161227572918, 20.484376489726465 ], [ -86.890792577191476, 20.484461842499858 ], [ -86.891363793189456, 20.484547155392587 ], [ -86.891874875463571, 20.484632428997276 ], [ -86.892325823911037, 20.484717663844098 ], [ -86.89271663842942, 20.484802860400848 ], [ -86.893047318916786, 20.484888019072841 ], [ -86.893317865271598, 20.484973140202982 ], [ -86.89352827739269, 20.485058224071736 ], [ -86.893721770803396, 20.485152146795578 ], [ -86.89389834550569, 20.485254908430761 ], [ -86.894058001495765, 20.485366509028534 ], [ -86.894200738764056, 20.485486948635156 ], [ -86.89432655729513, 20.485616227291889 ], [ -86.894435457067814, 20.485754345034987 ], [ -86.894527438055107, 20.485901301895755 ], [ -86.894602500224195, 20.486057097900456 ], [ -86.894660643536497, 20.48622173307038 ], [ -86.894701867947617, 20.486395207421808 ], [ -86.894726173407349, 20.486577520966051 ], [ -86.894733559859716, 20.486768673709395 ], [ -86.894724027242901, 20.486968665653169 ], [ -86.894697575489303, 20.487177496793656 ], [ -86.894654204525537, 20.487395167122184 ], [ -86.894593914272392, 20.487621676625078 ], [ -86.894546785768213, 20.487837574743626 ], [ -86.894512819078173, 20.488042861489618 ], [ -86.894492014261999, 20.4882375368718 ], [ -86.894484371373991, 20.488421600895823 ], [ -86.894489890463035, 20.488595053564339 ], [ -86.894508571572544, 20.488757894876901 ], [ -86.894540414740575, 20.488910124830024 ], [ -86.894585419999714, 20.489051743417193 ], [ -86.894643587377104, 20.489182750628775 ], [ -86.894714916894486, 20.489303146452148 ], [ -86.894799408568161, 20.489412930871602 ], [ -86.894897062409001, 20.489512103868382 ], [ -86.895007878422447, 20.489600665420671 ], [ -86.895131856608543, 20.489678615503607 ], [ -86.895268996961832, 20.489745954089265 ], [ -86.895419299471484, 20.489802681146667 ], [ -86.895563967899136, 20.489854095014636 ], [ -86.895703002224181, 20.489900195707246 ], [ -86.89583640242715, 20.489940983238025 ], [ -86.895964168489712, 20.48997645761996 ], [ -86.896086300394771, 20.490006618865458 ], [ -86.896202798126339, 20.490031466986402 ], [ -86.896313661669609, 20.490051001994104 ], [ -86.896418891010939, 20.490065223899318 ], [ -86.896518486137865, 20.490074132712273 ], [ -86.896612447039075, 20.490077728442625 ], [ -86.896700773704396, 20.490076011099472 ], [ -86.896783466124873, 20.490068980691369 ], [ -86.896860524292677, 20.490056637226321 ], [ -86.896931948201157, 20.490038980711763 ], [ -86.896997737844814, 20.490016011154609 ], [ -86.897057893219355, 20.489987728561196 ], [ -86.897114295946949, 20.489950594270166 ], [ -86.897166946020576, 20.489904608285038 ], [ -86.897215843434452, 20.489849770609062 ], [ -86.897260988184115, 20.489786081245217 ], [ -86.897302380266353, 20.489713540196231 ], [ -86.897340019679291, 20.489632147464548 ], [ -86.897373906422288, 20.489541903052356 ], [ -86.897404040496028, 20.489442806961584 ], [ -86.89743042190247, 20.489334859193882 ], [ -86.897453050644827, 20.489218059750652 ], [ -86.897471926727647, 20.489092408633024 ], [ -86.897487050156741, 20.488957905841858 ], [ -86.897498420939186, 20.488814551377764 ], [ -86.89750603908341, 20.48866234524106 ], [ -86.897509904599019, 20.488501287431838 ], [ -86.897510017497041, 20.488331377949891 ], [ -86.897502609896705, 20.488166773701177 ], [ -86.897487681821431, 20.48800747468513 ], [ -86.897465233293033, 20.487853480900206 ], [ -86.897435264331861, 20.487704792343848 ], [ -86.89739777495663, 20.487561409012525 ], [ -86.897352765184536, 20.487423330901699 ], [ -86.897300235031238, 20.487290558005839 ], [ -86.897240184510821, 20.48716309031844 ], [ -86.897172613635846, 20.48704092783197 ], [ -86.897097522417297, 20.486924070537942 ], [ -86.897014910864627, 20.486812518426852 ], [ -86.896924778985735, 20.48670627148821 ], [ -86.896827126786974, 20.486605329710528 ], [ -86.896721954273133, 20.486509693081342 ], [ -86.896609261447466, 20.486419361587178 ], [ -86.896489048311665, 20.486334335213577 ], [ -86.896398908753667, 20.486240477234762 ], [ -86.896338842733726, 20.486137787697093 ], [ -86.896308850201905, 20.486026266631232 ], [ -86.89630893109792, 20.485905914052161 ], [ -86.896339085351315, 20.485776729959166 ], [ -86.8963993128813, 20.485638714335856 ], [ -86.89648961359687, 20.485491867150124 ], [ -86.896609987396729, 20.485336188354221 ], [ -86.896760434169337, 20.485171677884672 ], [ -86.896940953792907, 20.48499833566234 ], [ -86.897151546135362, 20.484816161592388 ], [ -86.897392211054395, 20.484625155564324 ], [ -86.897662948397411, 20.484425317451944 ], [ -86.897963758001566, 20.484216647113374 ], [ -86.898294639693759, 20.483999144391071 ], [ -86.898655593290627, 20.483772809111802 ], [ -86.89899776092129, 20.483535842800705 ], [ -86.89932114260084, 20.483288245567977 ], [ -86.899625738352142, 20.483030017517731 ], [ -86.899911548205864, 20.482761158747934 ], [ -86.900178572200446, 20.482481669350509 ], [ -86.900426810382115, 20.482191549411223 ], [ -86.900656262804915, 20.481890799009783 ], [ -86.900866929530636, 20.481579418219759 ], [ -86.901058810628868, 20.481257407108636 ], [ -86.901231906176989, 20.480924765737797 ], [ -86.901386216260136, 20.480581494162518 ], [ -86.901521740971248, 20.480227592431973 ], [ -86.901638480411066, 20.479863060589235 ], [ -86.90173643468809, 20.479487898671266 ], [ -86.90181560391855, 20.47910210670895 ], [ -86.901875988226521, 20.478705684727029 ], [ -86.901936358724186, 20.478330501417606 ], [ -86.901996715437278, 20.47797655678351 ], [ -86.90205705839152, 20.477643850827491 ], [ -86.902117387612492, 20.477332383552067 ], [ -86.90217770312583, 20.477042154959658 ], [ -86.902238004957042, 20.476773165052492 ], [ -86.902298293131608, 20.476525413832665 ], [ -86.902358567674938, 20.476298901302105 ], [ -86.902418828612426, 20.476093627462582 ], [ -86.902479075969381, 20.475909592315727 ], [ -86.902539309771072, 20.475746795862996 ], [ -86.902599530042707, 20.475605238105686 ], [ -86.902659736809468, 20.47548491904497 ], [ -86.902719930096438, 20.475385838681827 ], [ -86.902780109928713, 20.475307997017104 ], [ -86.902840276331276, 20.475251394051487 ], [ -86.902921112620604, 20.475194802610428 ], [ -86.903022618774145, 20.475138222665006 ], [ -86.903144794769318, 20.475081654178897 ], [ -86.903287640583656, 20.475025097108436 ], [ -86.903451156194677, 20.474968551402572 ], [ -86.903635341579971, 20.474912017002875 ], [ -86.903840196717155, 20.47485549384356 ], [ -86.904065721583919, 20.474798981851425 ], [ -86.904311916157951, 20.474742480945963 ], [ -86.904578780416983, 20.47468599103923 ], [ -86.904866314338832, 20.474629512035939 ], [ -86.905174517901287, 20.474573043833427 ], [ -86.905503391082235, 20.474516586321666 ], [ -86.905852933859563, 20.474460139383229 ], [ -86.906223146211218, 20.474403702893362 ], [ -86.906614028115172, 20.474347276719886 ], [ -86.906988002338338, 20.474283761041907 ], [ -86.907345068849523, 20.474213155968279 ], [ -86.907685227622224, 20.474135461602952 ], [ -86.908008478634628, 20.474050678044904 ], [ -86.90831482186961, 20.473958805388214 ], [ -86.908604257314693, 20.473859843722014 ], [ -86.908876784962104, 20.473753793130484 ], [ -86.909132404808759, 20.473640653692907 ], [ -86.909371116856192, 20.473520425483603 ], [ -86.909592921110686, 20.473393108571965 ], [ -86.909797817583168, 20.473258703022449 ], [ -86.909985806289257, 20.473117208894589 ], [ -86.910156887249215, 20.472968626242974 ], [ -86.910311060488027, 20.472812955117259 ], [ -86.910448326035308, 20.472650195562156 ], [ -86.910568683925362, 20.472480347617466 ], [ -86.910683410544266, 20.472299877322424 ], [ -86.910792505887841, 20.472108784687492 ], [ -86.910895969954311, 20.471907069722587 ], [ -86.910993802744173, 20.471694732437012 ], [ -86.911086004260241, 20.471471772839525 ], [ -86.911172574507674, 20.471238190938287 ], [ -86.911253513493904, 20.470993986740876 ], [ -86.911328821228722, 20.470739160254315 ], [ -86.911398497724235, 20.47047371148501 ], [ -86.91146254299484, 20.470197640438847 ], [ -86.911520957057277, 20.46991094712109 ], [ -86.911573739930589, 20.469613631536436 ], [ -86.911620891636161, 20.469305693688998 ], [ -86.911662412197643, 20.468987133582331 ], [ -86.911698301641053, 20.468657951219388 ], [ -86.911728559994714, 20.468318146602563 ], [ -86.911768205107961, 20.467992505897382 ], [ -86.911817236932691, 20.467681029098827 ], [ -86.911875655426016, 20.467383716200338 ], [ -86.911943460550148, 20.467100567193732 ], [ -86.912020652272474, 20.466831582069329 ], [ -86.912107230565582, 20.466576760815812 ], [ -86.912203195407145, 20.466336103420343 ], [ -86.912308546780054, 20.466109609868475 ], [ -86.912423284672286, 20.465897280144219 ], [ -86.912547409077064, 20.465699114229999 ], [ -86.912680919992667, 20.465515112106676 ], [ -86.912823817422606, 20.465345273753556 ], [ -86.91297610137552, 20.465189599148339 ], [ -86.913137771865195, 20.465048088267178 ], [ -86.913308828910559, 20.464920741084665 ], [ -86.913489272535728, 20.464807557573792 ], [ -86.913669711939463, 20.464701453457611 ], [ -86.913850147146633, 20.464602428736484 ], [ -86.914030578182107, 20.464510483410749 ], [ -86.914211005070754, 20.464425617480742 ], [ -86.914391427837458, 20.464347830946778 ], [ -86.914571846507087, 20.464277123809129 ], [ -86.914752261104439, 20.464213496068087 ], [ -86.914932671654441, 20.464156947723904 ], [ -86.915113078181861, 20.464107478776828 ], [ -86.915293480711597, 20.464065089227073 ], [ -86.915473879268433, 20.464029779074842 ], [ -86.915654273877237, 20.464001548320326 ], [ -86.915834664562809, 20.463980396963692 ], [ -86.916015051349973, 20.463966325005089 ], [ -86.916195434263543, 20.463959332444652 ], [ -86.916375813328315, 20.463959419282503 ], [ -86.916554317270425, 20.463952425446102 ], [ -86.916730946065556, 20.463938350941117 ], [ -86.916905699689863, 20.46391719577316 ], [ -86.917078578120098, 20.463888959947742 ], [ -86.917249581333422, 20.463853643470308 ], [ -86.917418709307611, 20.463811246346239 ], [ -86.917585962020851, 20.463761768580827 ], [ -86.917751339451939, 20.463705210179285 ], [ -86.917914841580114, 20.463641571146759 ], [ -86.918076468385166, 20.463570851488303 ], [ -86.918236219847373, 20.463493051208928 ], [ -86.918394095947534, 20.463408170313535 ], [ -86.918550096666991, 20.46331620880698 ], [ -86.918704221987539, 20.463217166694001 ], [ -86.918856471891544, 20.46311104397931 ], [ -86.919006846361839, 20.462997840667501 ], [ -86.919149716913196, 20.462861625072101 ], [ -86.919285083501322, 20.462702397210396 ], [ -86.919412946088585, 20.462520157098503 ], [ -86.91953330464402, 20.462314904751441 ], [ -86.919646159143355, 20.462086640183085 ], [ -86.919751509568982, 20.46183536340617 ], [ -86.919849355909975, 20.461561074432321 ], [ -86.919939698162068, 20.461263773272005 ], [ -86.920022536327679, 20.460943459934573 ], [ -86.92009787041593, 20.460600134428251 ], [ -86.920165700442524, 20.460233796760114 ], [ -86.920226026429958, 20.459844446936106 ], [ -86.920278848407307, 20.45943208496108 ], [ -86.920324166410353, 20.458996710838694 ], [ -86.920361980481573, 20.458538324571517 ], [ -86.92039229067008, 20.458056926160964 ], [ -86.92042634837911, 20.457594998313304 ], [ -86.920464153588625, 20.457152541029352 ], [ -86.920505706281361, 20.456729554309572 ], [ -86.920551006442835, 20.456326038154067 ], [ -86.920600054061438, 20.455941992562597 ], [ -86.920652849128274, 20.455577417534506 ], [ -86.920709391637345, 20.455232313068841 ], [ -86.920769681585398, 20.454906679164221 ], [ -86.920833718972034, 20.454600515818957 ], [ -86.920901503799612, 20.454313823030958 ], [ -86.92097303607332, 20.454046600797788 ], [ -86.921048315801158, 20.453798849116637 ], [ -86.921127342993941, 20.453570567984343 ], [ -86.92121011766524, 20.453361757397378 ], [ -86.921296639831496, 20.453172417351844 ], [ -86.921386909511909, 20.453002547843472 ], [ -86.921471548848402, 20.452820286448176 ], [ -86.92155055784032, 20.45262563317338 ], [ -86.921623936489766, 20.452418588025946 ], [ -86.921691684801488, 20.45219915101212 ], [ -86.921753802782973, 20.45196732213758 ], [ -86.92181029044437, 20.451723101407392 ], [ -86.92186114779858, 20.451466488826046 ], [ -86.921906374861152, 20.451197484397436 ], [ -86.921945971650359, 20.45091608812486 ], [ -86.921979938187192, 20.450622300011034 ], [ -86.922008274495312, 20.45031612005808 ], [ -86.922030980601079, 20.449997548267525 ], [ -86.922048056533555, 20.449666584640312 ], [ -86.922059502324515, 20.449323229176787 ], [ -86.922065318008421, 20.448967481876718 ], [ -86.922065503622434, 20.448599342739261 ], [ -86.922075074990246, 20.448247136891723 ], [ -86.922094032051078, 20.447910864334272 ], [ -86.922122374749932, 20.447590525065525 ], [ -86.922160103037598, 20.447286119082481 ], [ -86.922207216870646, 20.446997646380574 ], [ -86.922263716211475, 20.446725106953636 ], [ -86.922329601028252, 20.446468500793916 ], [ -86.922404871294972, 20.446227827892084 ], [ -86.922489526991356, 20.446003088237212 ], [ -86.922583568102951, 20.445794281816788 ], [ -86.922686994621131, 20.445601408616721 ], [ -86.922799806542997, 20.445424468621315 ], [ -86.922922003871491, 20.445263461813305 ], [ -86.923053586615296, 20.445118388173832 ], [ -86.92319455478895, 20.444989247682454 ], [ -86.923344908412716, 20.444876040317126 ], [ -86.923500895335778, 20.444768144999117 ], [ -86.923662515562484, 20.444665561713489 ], [ -86.923829769098418, 20.444568290444753 ], [ -86.924002655950247, 20.444476331176872 ], [ -86.924181176125842, 20.444389683893238 ], [ -86.924365329634242, 20.444308348576708 ], [ -86.924555116485607, 20.444232325209594 ], [ -86.924750536691292, 20.444161613773623 ], [ -86.924951590263802, 20.444096214250006 ], [ -86.925158277216795, 20.444036126619373 ], [ -86.925370597565106, 20.443981350861808 ], [ -86.925588551324722, 20.44393188695685 ], [ -86.925812138512782, 20.443887734883479 ], [ -86.92604135914759, 20.443848894620107 ], [ -86.926276213248627, 20.44381536614463 ], [ -86.926516700836515, 20.443787149434346 ], [ -86.926749676039449, 20.443753619525818 ], [ -86.926975138838188, 20.443714776449092 ], [ -86.92719308921501, 20.443670620233249 ], [ -86.9274035271538, 20.443621150906381 ], [ -86.927606452639921, 20.443566368495617 ], [ -86.927801865660385, 20.443506273027076 ], [ -86.927989766203666, 20.443440864525947 ], [ -86.928170154259817, 20.443370143016399 ], [ -86.928343029820468, 20.443294108521638 ], [ -86.92850839287874, 20.443212761063915 ], [ -86.928666243429404, 20.443126100664454 ], [ -86.928816581468681, 20.443034127343552 ], [ -86.92895940699438, 20.442936841120492 ], [ -86.929094720005878, 20.442834242013596 ], [ -86.929222520504098, 20.442726330040191 ], [ -86.929342808491498, 20.442613105216648 ], [ -86.929457469119981, 20.442480409109628 ], [ -86.929566502360544, 20.442328241729278 ], [ -86.929669908188401, 20.442156603085074 ], [ -86.929767686582949, 20.441965493185844 ], [ -86.929859837527857, 20.441754912039752 ], [ -86.929946361011034, 20.441524859654269 ], [ -86.930027257024591, 20.441275336036238 ], [ -86.930102525564905, 20.44100634119183 ], [ -86.930172166632516, 20.440717875126538 ], [ -86.930236180232271, 20.440409937845196 ], [ -86.930294566373192, 20.440082529351987 ], [ -86.930347325068567, 20.439735649650423 ], [ -86.93039445633589, 20.439369298743326 ], [ -86.930435960196888, 20.438983476632895 ], [ -86.930471836677526, 20.438578183320637 ], [ -86.930502085807987, 20.438153418807417 ], [ -86.930537962710645, 20.437746355539577 ], [ -86.930579467353851, 20.437356993516037 ], [ -86.930626599709811, 20.436985332735063 ], [ -86.930679359754578, 20.436631373194295 ], [ -86.930737747468015, 20.43629511489069 ], [ -86.930801762833909, 20.435976557820599 ], [ -86.930871405839838, 20.435675701979726 ], [ -86.93094667647722, 20.435392547363112 ], [ -86.931027574741336, 20.435127093965178 ], [ -86.931114100631319, 20.434879341779691 ], [ -86.931206254150126, 20.434649290799797 ], [ -86.931304035304606, 20.434436941017957 ], [ -86.931407444105389, 20.434242292426024 ], [ -86.93151648056697, 20.434065345015192 ], [ -86.931631144707737, 20.433906098776028 ], [ -86.931751436549845, 20.433764553698442 ], [ -86.931882996537638, 20.433630092557763 ], [ -86.932025824659931, 20.433502715328743 ], [ -86.932179920908666, 20.433382421983936 ], [ -86.932345285278885, 20.433269212493709 ], [ -86.932521917768682, 20.43316308682622 ], [ -86.932709818379308, 20.433064044947443 ], [ -86.932908987115098, 20.432972086821145 ], [ -86.933119423983484, 20.432887212408911 ], [ -86.933341128994968, 20.432809421670125 ], [ -86.933574102163178, 20.43273871456196 ], [ -86.933818343504853, 20.432675091039407 ], [ -86.934073853039806, 20.432618551055263 ], [ -86.934340630790942, 20.432569094560112 ], [ -86.934618676784268, 20.432526721502363 ], [ -86.934907991048917, 20.432491431828211 ], [ -86.935208573617103, 20.432463225481644 ], [ -86.935497886893472, 20.432429704729881 ], [ -86.935775930855328, 20.432390869628961 ], [ -86.93604270548235, 20.432346720232765 ], [ -86.936298210756533, 20.432297256592943 ], [ -86.936542446662173, 20.432242478759001 ], [ -86.936775413185885, 20.432182386778226 ], [ -86.936997110316682, 20.432116980695707 ], [ -86.93720753804584, 20.432046260554355 ], [ -86.937406696366992, 20.431970226394892 ], [ -86.937594585276088, 20.431888878255847 ], [ -86.937771204771423, 20.431802216173537 ], [ -86.937936554853607, 20.431710240182106 ], [ -86.938090635525583, 20.431612950313514 ], [ -86.938233446792609, 20.431510346597502 ], [ -86.938364988662286, 20.431402429061642 ], [ -86.938485261144535, 20.431289197731296 ], [ -86.938596147017222, 20.431160033868711 ], [ -86.938697646269446, 20.431014937491092 ], [ -86.938789758896078, 20.430853908614036 ], [ -86.938872484897772, 20.43067694725157 ], [ -86.938945824281021, 20.430484053416102 ], [ -86.939009777058047, 20.430275227118493 ], [ -86.939064343246869, 20.430050468367973 ], [ -86.939109522871377, 20.429809777172196 ], [ -86.939145315961127, 20.429553153537221 ], [ -86.939171722551549, 20.429280597467539 ], [ -86.939188742683854, 20.428992108965996 ], [ -86.939196376404993, 20.428687688033907 ], [ -86.939194623767762, 20.42836733467097 ], [ -86.939183484830693, 20.428031048875287 ], [ -86.939162959658148, 20.42767883064338 ], [ -86.939133048320258, 20.42731067997018 ], [ -86.939114403942341, 20.426953152646181 ], [ -86.939107026442684, 20.426606248676123 ], [ -86.93911091574418, 20.426269968062492 ], [ -86.939126071774382, 20.425944310805594 ], [ -86.939152494465503, 20.425629276903503 ], [ -86.939190183754363, 20.425324866352067 ], [ -86.939239139582455, 20.425031079144954 ], [ -86.939299361895905, 20.424747915273599 ], [ -86.939370850645489, 20.424475374727209 ], [ -86.939453605786582, 20.424213457492819 ], [ -86.939547627279268, 20.42396216355521 ], [ -86.939652915088217, 20.423721492896977 ], [ -86.93976946918275, 20.423491445498485 ], [ -86.93989728953683, 20.423272021337905 ], [ -86.9400363761291, 20.423063220391171 ], [ -86.940186728942763, 20.422865042632012 ], [ -86.940327692543391, 20.422658011991757 ], [ -86.940459266944316, 20.42244212849258 ], [ -86.940581452162093, 20.422217392155169 ], [ -86.94069424821646, 20.421983802998636 ], [ -86.940797655130453, 20.421741361040571 ], [ -86.940891672930263, 20.421490066297029 ], [ -86.940976301645364, 20.421229918782501 ], [ -86.941051541308397, 20.420960918509987 ], [ -86.941117391955231, 20.420683065490913 ], [ -86.941173853624974, 20.420396359735182 ], [ -86.941220926359946, 20.420100801251159 ], [ -86.941258610205708, 20.419796390045661 ], [ -86.941286905211015, 20.419483126123968 ], [ -86.941305811427867, 20.419161009489844 ], [ -86.941315328911415, 20.418830040145483 ], [ -86.941315457720137, 20.418490218091577 ], [ -86.94131933794587, 20.418164556542937 ], [ -86.941326969566262, 20.417853055500856 ], [ -86.941338352561019, 20.417555714966312 ], [ -86.941353486911879, 20.417272534939954 ], [ -86.941372372602601, 20.417003515422163 ], [ -86.941395009619043, 20.416748656412988 ], [ -86.941421397949085, 20.416507957912177 ], [ -86.941451537582651, 20.416281419919184 ], [ -86.94148542851174, 20.416069042433126 ], [ -86.941523070730355, 20.415870825452849 ], [ -86.941564464234617, 20.415686768976872 ], [ -86.941609609022606, 20.415516873003416 ], [ -86.941658505094523, 20.415361137530383 ], [ -86.941711152452584, 20.4152195625554 ], [ -86.941767551101066, 20.415092148075747 ], [ -86.941827701046265, 20.414978894088428 ], [ -86.941908511461222, 20.41486918678337 ], [ -86.942009982307638, 20.41476302613188 ], [ -86.942132113550144, 20.414660412097902 ], [ -86.942274905156182, 20.414561344638031 ], [ -86.942438357096066, 20.414465823701534 ], [ -86.942622469342979, 20.414373849230312 ], [ -86.942827241872934, 20.414285421158922 ], [ -86.943052674664827, 20.414200539414605 ], [ -86.943298767700412, 20.414119203917203 ], [ -86.94356552096427, 20.414041414579263 ], [ -86.943852934443882, 20.413967171305941 ], [ -86.944161008129512, 20.413896473995102 ], [ -86.944489742014369, 20.413829322537207 ], [ -86.94483913609443, 20.413765716815409 ], [ -86.945209190368587, 20.413705656705503 ], [ -86.945599904838545, 20.413649142075929 ], [ -86.94597183749849, 20.41358731102293 ], [ -86.946324988332265, 20.413520163666643 ], [ -86.946659357327633, 20.413447700121122 ], [ -86.946974944476224, 20.41336992049434 ], [ -86.947271749773549, 20.413286824888207 ], [ -86.947549773219023, 20.413198413398547 ], [ -86.947809014815945, 20.413104686115126 ], [ -86.948049474571462, 20.413005643121615 ], [ -86.948271152496645, 20.412901284495618 ], [ -86.948474048606457, 20.412791610308663 ], [ -86.948658162919685, 20.412676620626193 ], [ -86.948823495459067, 20.412556315507604 ], [ -86.948970046251176, 20.41243069500619 ], [ -86.949097815326482, 20.412299759169166 ], [ -86.949206802719345, 20.412163508037697 ], [ -86.949297008467994, 20.412021941646834 ], [ -86.949385341518393, 20.411862675579599 ], [ -86.949471801845903, 20.411685709837805 ], [ -86.949556389427158, 20.411491044423094 ], [ -86.949639104240049, 20.411278679336988 ], [ -86.94971994626377, 20.411048614580817 ], [ -86.949798915478738, 20.410800850155741 ], [ -86.94987601186665, 20.410535386062755 ], [ -86.949951235410538, 20.410252222302702 ], [ -86.950024586094628, 20.40995135887626 ], [ -86.950096063904454, 20.409632795783917 ], [ -86.950165668826799, 20.409296533026023 ], [ -86.950233400849754, 20.408942570602751 ], [ -86.950299259962634, 20.408570908514104 ], [ -86.950363246156073, 20.40818154675992 ], [ -86.950425359421956, 20.407774485339903 ], [ -86.950485599753407, 20.407349724253542 ], [ -86.950553346001783, 20.406946204166797 ], [ -86.95062859813666, 20.406563925073783 ], [ -86.950711356133837, 20.406202886967524 ], [ -86.950801619975294, 20.405863089839951 ], [ -86.950899389649081, 20.405544533681837 ], [ -86.951004665149469, 20.405247218482891 ], [ -86.951117446476886, 20.40497114423167 ], [ -86.951237733637882, 20.404716310915649 ], [ -86.951365526645162, 20.404482718521162 ], [ -86.951500825517627, 20.404270367033462 ], [ -86.951643630280273, 20.40407925643666 ], [ -86.951793940964308, 20.403909386713782 ], [ -86.951951757607048, 20.403760757846722 ], [ -86.95211708025198, 20.403633369816276 ], [ -86.952289908948785, 20.403527222602108 ], [ -86.952470243753226, 20.403442316182794 ], [ -86.952652454951888, 20.403362719815746 ], [ -86.952836542560618, 20.403288433495263 ], [ -86.95302250659573, 20.403219457215584 ], [ -86.953210347073792, 20.403155790970846 ], [ -86.953400064011873, 20.403097434755139 ], [ -86.953591657427381, 20.403044388562478 ], [ -86.953785127338108, 20.402996652386811 ], [ -86.953980473762215, 20.402954226222015 ], [ -86.95417769671829, 20.402917110061889 ], [ -86.954376796225262, 20.402885303900177 ], [ -86.954577772302471, 20.402858807730532 ], [ -86.954780624969644, 20.402837621546571 ], [ -86.954985354246858, 20.402821745341797 ], [ -86.955191960154622, 20.40281117910968 ], [ -86.955400442713795, 20.402805922843598 ], [ -86.955610801945639, 20.402805976536872 ], [ -86.955817407286602, 20.402797179473474 ], [ -86.956020258701898, 20.402779531666685 ], [ -86.95621935615803, 20.402753033129468 ], [ -86.956414699622741, 20.402717683874553 ], [ -86.956606289065093, 20.402673483914405 ], [ -86.956794124455442, 20.402620433261205 ], [ -86.956978205765409, 20.402558531926893 ], [ -86.957158532967881, 20.402487779923113 ], [ -86.957335106037092, 20.402408177261254 ], [ -86.957507924948487, 20.402319723952445 ], [ -86.957676989678845, 20.402222420007543 ], [ -86.95784230020621, 20.402116265437137 ], [ -86.958003856509919, 20.402001260251545 ], [ -86.958161658570575, 20.40187740446083 ], [ -86.958315706370101, 20.401744698074776 ], [ -86.958465999891686, 20.40160314110291 ], [ -86.958605027773757, 20.401447422039244 ], [ -86.958732790012007, 20.40127754090997 ], [ -86.958849286608356, 20.401093497739026 ], [ -86.958954517570845, 20.400895292548125 ], [ -86.959048482913701, 20.400682925356723 ], [ -86.959131182657373, 20.400456396182051 ], [ -86.959202616828406, 20.400215705039063 ], [ -86.959262785459572, 20.399960851940524 ], [ -86.959311688589793, 20.399691836896896 ], [ -86.959349326264174, 20.399408659916428 ], [ -86.959375698534018, 20.399111321005144 ], [ -86.959390805456721, 20.39879982016679 ], [ -86.959394647095948, 20.398474157402884 ], [ -86.959387223521446, 20.398134332712722 ], [ -86.959368534809215, 20.397780346093313 ], [ -86.959338581041351, 20.397412197539484 ], [ -86.959316136712971, 20.397056440098101 ], [ -86.959301201767133, 20.396713073773476 ], [ -86.959293776150503, 20.396382098568921 ], [ -86.959293859813371, 20.396063514486723 ], [ -86.959301452709568, 20.395757321528141 ], [ -86.959316554796573, 20.395463519693436 ], [ -86.959339166035448, 20.395182108981832 ], [ -86.959369286390867, 20.394913089391554 ], [ -86.959406915831067, 20.394656460919798 ], [ -86.959452054327926, 20.394412223562746 ], [ -86.959504701856901, 20.394180377315585 ], [ -86.959564858397044, 20.393960922172443 ], [ -86.959632523930992, 20.393753858126459 ], [ -86.959707698445015, 20.39355918516976 ], [ -86.959790381928968, 20.393376903293444 ], [ -86.959880574376271, 20.393207012487597 ], [ -86.95996514515555, 20.392987562795529 ], [ -86.960044094209181, 20.392718554221613 ], [ -86.96011742149021, 20.392399986768798 ], [ -86.960185126962401, 20.392031860438713 ], [ -86.960247210600201, 20.391614175231584 ], [ -86.960303672388775, 20.391146931146285 ], [ -86.960354512323946, 20.390630128180305 ], [ -86.960399730412291, 20.390063766329778 ], [ -86.960439326671022, 20.389447845589451 ], [ -86.96047330112809, 20.388782365952721 ], [ -86.960501653822135, 20.388067327411608 ], [ -86.960524384802426, 20.387302729956758 ], [ -86.960541494129032, 20.386488573577456 ], [ -86.96055298187261, 20.385624858261593 ], [ -86.960558848114545, 20.384711583995738 ], [ -86.960559092946895, 20.383748750765044 ], [ -86.960549934886288, 20.382837242820255 ], [ -86.960531374091019, 20.381977060176233 ], [ -86.96050341070071, 20.381168202845377 ], [ -86.960466044836153, 20.380410670837616 ], [ -86.960419276599353, 20.379704464160451 ], [ -86.960363106073615, 20.379049582818904 ], [ -86.96029753332347, 20.378446026815546 ], [ -86.960222558394662, 20.377893796150499 ], [ -86.960138181314207, 20.377392890821433 ], [ -86.960044402090375, 20.376943310823549 ], [ -86.959941220712679, 20.376545056149595 ], [ -86.959828637151872, 20.37619812678988 ], [ -86.959706651359994, 20.375902522732229 ], [ -86.95957526327031, 20.375658243962036 ], [ -86.959434472797327, 20.375465290462227 ], [ -86.959284279836851, 20.375323662213273 ], [ -86.959126573327779, 20.375190881653246 ], [ -86.958961353262538, 20.375066948762178 ], [ -86.958788619630923, 20.374951863519076 ], [ -86.958608372420201, 20.374845625901973 ], [ -86.95842061161504, 20.374748235887878 ], [ -86.958225337197561, 20.374659693452831 ], [ -86.958022549147316, 20.374579998571804 ], [ -86.957812247441254, 20.374509151218838 ], [ -86.957594432053781, 20.37444715136693 ], [ -86.957369102956733, 20.374393998988101 ], [ -86.95713626011937, 20.374349694053347 ], [ -86.956895903508382, 20.374314236532662 ], [ -86.956648033087887, 20.37428762639507 ], [ -86.956392648819417, 20.374269863608539 ], [ -86.956129750661987, 20.374260948140083 ], [ -86.955859338571983, 20.374260879955685 ], [ -86.955596435397894, 20.374269662843268 ], [ -86.955341041095934, 20.374287296836673 ], [ -86.955093155624937, 20.374313781968716 ], [ -86.954852778946204, 20.374349118271258 ], [ -86.954619911023698, 20.37439330577514 ], [ -86.954394551823896, 20.374446344510208 ], [ -86.954176701315859, 20.374508234505356 ], [ -86.95396635947121, 20.374578975788445 ], [ -86.95376352626414, 20.374658568386351 ], [ -86.953568201671416, 20.37474701232496 ], [ -86.953380385672375, 20.3748443076292 ], [ -86.953200078248884, 20.37495045432296 ], [ -86.953027279385438, 20.375065452429165 ], [ -86.952861989069049, 20.375189301969737 ], [ -86.952704207289315, 20.375322002965611 ] ] ] } },
{ "type": "Feature", "properties": { "cat": 16, "CLAVE_ACUI": "2305", "NOM_ACUIF": "ISLA DE COZUMEL", "fid": 16.0, "VULNERABIL": 3.0 }, "geometry": { "type": "Polygon", "coordinates": [ [ [ -86.963988468993662, 20.366744139425322 ], [ -86.963868271878937, 20.366829070639731 ], [ -86.963755584485298, 20.366919313082754 ], [ -86.963650406814224, 20.36701486676878 ], [ -86.963552738868771, 20.367115731711198 ], [ -86.963462580653498, 20.367221907922449 ], [ -86.963379932174504, 20.367333395413986 ], [ -86.963304793439477, 20.367450194196259 ], [ -86.963237164457581, 20.367572304278799 ], [ -86.963177045239604, 20.3676997256701 ], [ -86.963124435797795, 20.367832458377727 ], [ -86.963079336145981, 20.36797050240823 ], [ -86.963041746299552, 20.36811385776722 ], [ -86.963011666275406, 20.368262524459304 ], [ -86.962989096092002, 20.368416502488113 ], [ -86.962974035769321, 20.368575791856326 ], [ -86.96296648532892, 20.36874039256562 ], [ -86.962966444793892, 20.368910304616705 ], [ -86.962970161545684, 20.369073137792622 ], [ -86.962977635595692, 20.36922889209356 ], [ -86.962988866954205, 20.369377567519425 ], [ -86.963003855630546, 20.369519164069864 ], [ -86.963022601632957, 20.369653681744268 ], [ -86.9630451049687, 20.369781120541759 ], [ -86.96307136564397, 20.369901480461209 ], [ -86.963101383663954, 20.370014761501213 ], [ -86.963135159032802, 20.370120963660138 ], [ -86.963172691753627, 20.370220086936044 ], [ -86.963213981828517, 20.370312131326756 ], [ -86.963259029258538, 20.370397096829837 ], [ -86.963307834043746, 20.370474983442577 ], [ -86.963360396183106, 20.370545791162023 ], [ -86.963416715674612, 20.370609519984932 ], [ -86.963476792515195, 20.370666169907832 ], [ -86.963544381507447, 20.370719281545064 ], [ -86.963619482654451, 20.370768854887988 ], [ -86.963702095958297, 20.370814889926944 ], [ -86.963792221420036, 20.37085738665132 ], [ -86.96388985903971, 20.370896345049566 ], [ -86.96399500881634, 20.370931765109091 ], [ -86.964107670747865, 20.370963646816364 ], [ -86.964227844831271, 20.370991990156874 ], [ -86.964355531062481, 20.371016795115143 ], [ -86.964490729436363, 20.371038061674692 ], [ -86.964633439946823, 20.371055789818083 ], [ -86.964783662586711, 20.371069979526904 ], [ -86.964941397347815, 20.371080630781769 ], [ -86.965106644220938, 20.371087743562303 ], [ -86.965279403195851, 20.371091317847171 ], [ -86.965459674261311, 20.371091353614045 ], [ -86.965634313031941, 20.371086078335278 ], [ -86.965803319490391, 20.371075492027746 ], [ -86.965966693620388, 20.371059594707759 ], [ -86.966124435406911, 20.371038386391088 ], [ -86.966276544836006, 20.371011867092946 ], [ -86.966423021894954, 20.370980036827991 ], [ -86.96656386657213, 20.370942895610327 ], [ -86.966699078857104, 20.370900443453515 ], [ -86.966828658740596, 20.37085268037055 ], [ -86.966952606214463, 20.370799606373865 ], [ -86.967070921271741, 20.370741221475381 ], [ -86.967183603906619, 20.370677525686421 ], [ -86.967290654114407, 20.370608519017765 ], [ -86.967392071891652, 20.370534201479654 ], [ -86.967487857235966, 20.370454573081776 ], [ -86.967578010146184, 20.370369633833253 ], [ -86.967662529884805, 20.370282923576625 ], [ -86.967741416458367, 20.370194442320063 ], [ -86.967814669873789, 20.370104190071125 ], [ -86.967882290138377, 20.370012166836883 ], [ -86.967944277259804, 20.369918372623825 ], [ -86.968000631246156, 20.369822807437924 ], [ -86.968051352105903, 20.369725471284575 ], [ -86.968096439847884, 20.369626364168639 ], [ -86.96813589448135, 20.369525486094442 ], [ -86.968169716015908, 20.369422837065756 ], [ -86.968197904461547, 20.3693184170858 ], [ -86.968220459828714, 20.369212226157259 ], [ -86.968237382128137, 20.36910426428226 ], [ -86.968248671371015, 20.368994531462398 ], [ -86.968254327568872, 20.368883027698708 ], [ -86.968254350733687, 20.368769752991689 ], [ -86.96825061794793, 20.368658247517498 ], [ -86.96824312921963, 20.368548511275975 ], [ -86.968231884556459, 20.368440544266711 ], [ -86.968216883965894, 20.368334346489064 ], [ -86.968198127455125, 20.368229917942131 ], [ -86.968175615031114, 20.368127258624778 ], [ -86.968149346700542, 20.368026368535624 ], [ -86.968119322469832, 20.36792724767303 ], [ -86.968085542345193, 20.367829896035143 ], [ -86.968048006332509, 20.367734313619842 ], [ -86.96800671443745, 20.367640500424784 ], [ -86.967961666665417, 20.367548456447349 ], [ -86.967912863021581, 20.367458181684686 ], [ -86.967860303510818, 20.367369676133737 ], [ -86.967803988137774, 20.367282939791146 ], [ -86.967743916906798, 20.367197972653347 ], [ -86.96767821167802, 20.367116544286478 ], [ -86.967606872455846, 20.367038654684304 ], [ -86.967529899243843, 20.366964303840025 ], [ -86.967447292044895, 20.366893491746247 ], [ -86.967359050861077, 20.36682621839509 ], [ -86.967265175693711, 20.366762483778086 ], [ -86.967165666543309, 20.36670228788622 ], [ -86.967060523409657, 20.366645630709947 ], [ -86.96694974629176, 20.366592512239137 ], [ -86.966833335187843, 20.36654293246314 ], [ -86.966711290095361, 20.366496891370726 ], [ -86.966583611011004, 20.366454388950146 ], [ -86.966450297930706, 20.366415425189089 ], [ -86.966311350849608, 20.366380000074674 ], [ -86.966166769762097, 20.366348113593485 ], [ -86.966016554661778, 20.366319765731571 ], [ -86.965868215825637, 20.366298497778587 ], [ -86.965721753232629, 20.366284309739342 ], [ -86.96557716686219, 20.366277201618569 ], [ -86.965434456694283, 20.366277173420915 ], [ -86.965293622709353, 20.366284225150956 ], [ -86.965154664888402, 20.366298356813186 ], [ -86.965017583212912, 20.366319568412024 ], [ -86.964882377664892, 20.366347859951802 ], [ -86.964749048226864, 20.366383231436796 ], [ -86.96461759488183, 20.366425682871199 ], [ -86.964488017613363, 20.366475214259097 ], [ -86.964360316405504, 20.36653182560455 ], [ -86.964234491242792, 20.366595516911492 ], [ -86.964110542110319, 20.366666288183819 ], [ -86.963988468993662, 20.366744139425322 ] ] ] } }
]
}
