{
"type": "FeatureCollection",
"name": "0247",
"crs": { "type": "name", "properties": { "name": "urn:ogc:def:crs:OGC:1.3:CRS84" } },
"features": [
{ "type": "Feature", "properties": { "fid": 31.0, "cat": 29, "CLAVE_ACUI": "0247", "NOM_ACUIF": "EL SOCORRO", "VULNERABIL": 3 }, "geometry": { "type": "MultiPolygon", "coordinates": [ [ [ [ -115.737411806249327, 30.164342455838788 ], [ -115.737634906509058, 30.163947577710459 ], [ -115.738290752798065, 30.163818536868064 ], [ -115.73916073383792, 30.163998342741102 ], [ -115.741114849933751, 30.164666784474203 ], [ -115.742055233924788, 30.16502771285672 ], [ -115.742922256535167, 30.165442071521156 ], [ -115.74342690729425, 30.165771744675578 ], [ -115.744073837025454, 30.166346407156887 ], [ -115.744380986530501, 30.166692232548215 ], [ -115.74465550198363, 30.167155047902661 ], [ -115.744805877516328, 30.167580581846167 ], [ -115.744982488763782, 30.168394368508562 ], [ -115.745008494764704, 30.168800665780282 ], [ -115.744909899169372, 30.169205771021243 ], [ -115.744719566214997, 30.169474648916996 ], [ -115.744247160972606, 30.169876176221283 ], [ -115.743912370248879, 30.170071483628714 ], [ -115.743380404596991, 30.17025587829033 ], [ -115.742828586010802, 30.170367894149976 ], [ -115.741705095121333, 30.170519542063268 ], [ -115.741142316427926, 30.170676562083642 ], [ -115.740577470900789, 30.170995979013824 ], [ -115.740198839438278, 30.171371321562496 ], [ -115.73962778666656, 30.172177932080295 ], [ -115.739311909270285, 30.172517781631068 ], [ -115.738935335094709, 30.172730720908685 ], [ -115.738623590558632, 30.172745770230872 ], [ -115.738064933505271, 30.172577978122824 ], [ -115.737804993433244, 30.172602547128498 ], [ -115.737583828230598, 30.172844047531683 ], [ -115.737475159014679, 30.173221979505133 ], [ -115.737370315833388, 30.174114275126403 ], [ -115.737292451102093, 30.17451957317833 ], [ -115.737163700965766, 30.174843171773091 ], [ -115.737026982398049, 30.174977204658916 ], [ -115.73674557713214, 30.175055704420647 ], [ -115.736508470569618, 30.174918071628323 ], [ -115.736078559250913, 30.174426673019237 ], [ -115.735599151604177, 30.17374530715378 ], [ -115.734590857827186, 30.17219260424535 ], [ -115.734144121025068, 30.171394245776547 ], [ -115.733812187338216, 30.170551877558676 ], [ -115.733705696647263, 30.16994629004267 ], [ -115.733718154250099, 30.168971896135258 ], [ -115.733776645628041, 30.168458133722403 ], [ -115.733939661244094, 30.167891240288252 ], [ -115.734152861593969, 30.167460180035139 ], [ -115.734629443597626, 30.166733891572104 ], [ -115.73493458862194, 30.166421019340873 ], [ -115.735373445213611, 30.166208691431226 ], [ -115.735799729152063, 30.166167683320268 ], [ -115.736639726748521, 30.166256984358288 ], [ -115.737014554987937, 30.166179383632475 ], [ -115.737299039721321, 30.165857283518111 ], [ -115.737398352344414, 30.165398051484683 ], [ -115.737411806249327, 30.164342455838788 ] ] ] ] } },
{ "type": "Feature", "properties": { "fid": 27.0, "cat": 28, "CLAVE_ACUI": "0247", "NOM_ACUIF": "EL SOCORRO", "VULNERABIL": 3 }, "geometry": { "type": "MultiPolygon", "coordinates": [ [ [ [ -115.715947857416097, 30.10119658023066 ], [ -115.715983973441752, 30.101395521992746 ], [ -115.716112953681304, 30.101838045559273 ], [ -115.716374665835914, 30.102269962754992 ], [ -115.716685332871208, 30.10256671795576 ], [ -115.717187287608482, 30.102958492196329 ], [ -115.717755435972023, 30.103317393706103 ], [ -115.71825978461321, 30.103711306487114 ], [ -115.719037700567071, 30.104403037293583 ], [ -115.719795565694255, 30.105186432809457 ], [ -115.720407005402123, 30.10605863114241 ], [ -115.720668199640457, 30.106728902420986 ], [ -115.720840337911994, 30.107867519486305 ], [ -115.720978061009305, 30.108455377569825 ], [ -115.721219091660245, 30.109080334682542 ], [ -115.721483086995462, 30.109534071512652 ], [ -115.722034045784554, 30.11027032372867 ], [ -115.722341530791297, 30.110571085324825 ], [ -115.722713022502703, 30.110737118654381 ], [ -115.723024688765221, 30.11071307922224 ], [ -115.723588193237674, 30.110474926605512 ], [ -115.723777303229269, 30.110296297508466 ], [ -115.723781130448842, 30.109998564494816 ], [ -115.723598400614563, 30.109680971951651 ], [ -115.723046388736151, 30.109025925896621 ], [ -115.72278238739645, 30.10857219200669 ], [ -115.722542392608972, 30.107866037564666 ], [ -115.722406402180326, 30.10714284764877 ], [ -115.72230489604236, 30.106258520601862 ], [ -115.722261835034161, 30.105688692680175 ], [ -115.722267106482491, 30.105094900856244 ], [ -115.722368726479402, 30.104690136372046 ], [ -115.72256013802847, 30.104424924803752 ], [ -115.722761795216357, 30.104258341636051 ], [ -115.723203890924992, 30.104021774772935 ], [ -115.723634765418922, 30.103861329619118 ], [ -115.724187364191948, 30.103681401459685 ], [ -115.72468811868211, 30.103526642808106 ], [ -115.726143944574048, 30.103907655632444 ], [ -115.726322541875234, 30.104300977862685 ], [ -115.726458396760265, 30.104584958396522 ], [ -115.726648465261192, 30.10491917929404 ], [ -115.727105007199683, 30.10573570580987 ], [ -115.727370177898791, 30.106099209248441 ], [ -115.727709144432524, 30.106373193472887 ], [ -115.728008916895405, 30.106466330272028 ], [ -115.728569266601824, 30.106471755406826 ], [ -115.728982492768139, 30.106620128257148 ], [ -115.729661825510462, 30.107059821020201 ], [ -115.730380826348082, 30.107644267461744 ], [ -115.731858518119878, 30.108957905766037 ], [ -115.732588729067004, 30.109479285210451 ], [ -115.733301646563774, 30.109729793226236 ], [ -115.733759624546295, 30.109625928944119 ], [ -115.734285391104009, 30.109274143137753 ], [ -115.734715447685204, 30.108732804228787 ], [ -115.7349388848274, 30.108301835118748 ], [ -115.735239674246117, 30.107736827929134 ], [ -115.735559254383006, 30.107314120568276 ], [ -115.735932286325109, 30.106901087119013 ], [ -115.736991971006972, 30.107282773468221 ], [ -115.737623038859979, 30.107549224339504 ], [ -115.737824629979684, 30.107634243203048 ], [ -115.738008691436832, 30.107626354854865 ], [ -115.73810422809791, 30.107550977305763 ], [ -115.738148928737502, 30.107415998903889 ], [ -115.738142074554531, 30.106961095365349 ], [ -115.738149297821096, 30.106392692506006 ], [ -115.738183753299964, 30.106131345780668 ], [ -115.738279896319057, 30.10591570843831 ], [ -115.738405679172999, 30.105817659509352 ], [ -115.73868688472146, 30.105739149713816 ], [ -115.738956911003527, 30.105723695585027 ], [ -115.739485784866019, 30.105755841991282 ], [ -115.740097215837082, 30.105824871651567 ], [ -115.741402637992962, 30.105999807073662 ], [ -115.742106206651641, 30.106168967380043 ], [ -115.74291149077807, 30.106501518243128 ], [ -115.743550064318569, 30.106886609950823 ], [ -115.744660509455528, 30.107709331434698 ], [ -115.745206502075973, 30.108030366779047 ], [ -115.745734023508149, 30.108170755918486 ], [ -115.746067229968048, 30.10808370353028 ], [ -115.746539324328239, 30.107682157392475 ], [ -115.746660943492643, 30.107540067610497 ], [ -115.746624846257674, 30.107484459079192 ], [ -115.7462553745262, 30.107156091206946 ], [ -115.746072918296079, 30.106811461004966 ], [ -115.74589502127445, 30.106105938766568 ], [ -115.74578098280422, 30.105274698641399 ], [ -115.745616765987918, 30.103486500324866 ], [ -115.74544184061935, 30.102546397622643 ], [ -115.745081282943815, 30.101514287550952 ], [ -115.744655281676344, 30.100734205991351 ], [ -115.743737846639533, 30.099426068025544 ], [ -115.743463900969545, 30.098958889131573 ], [ -115.743402623992964, 30.098854388516951 ], [ -115.743314375690602, 30.098447491895964 ], [ -115.743502514501287, 30.098341010778437 ], [ -115.744155179640245, 30.098428461948071 ], [ -115.744568397940611, 30.098576785644859 ], [ -115.745155389708032, 30.098934306025473 ], [ -115.745720494087209, 30.099381848791612 ], [ -115.746828827255001, 30.100366952477678 ], [ -115.747374787746494, 30.100687978206523 ], [ -115.747904321300794, 30.100665956192429 ], [ -115.748000490297926, 30.100563748261184 ], [ -115.748240911918927, 30.10030822809351 ], [ -115.748721143308799, 30.099257065765478 ], [ -115.74899717376681, 30.098763407708237 ], [ -115.749345038732926, 30.098333596648011 ], [ -115.749626913555929, 30.098057788533378 ], [ -115.749955569984579, 30.097829425648818 ], [ -115.750226255543708, 30.097727146677418 ], [ -115.75044926736625, 30.097685614776275 ], [ -115.750630721959013, 30.09801361105659 ], [ -115.750807726238421, 30.098374583204127 ], [ -115.751027718545885, 30.099035383181835 ], [ -115.751381865483722, 30.100581751177494 ], [ -115.751620917678338, 30.101378082264507 ], [ -115.75198392450389, 30.102220707572037 ], [ -115.752349884301026, 30.102828751576016 ], [ -115.753084762459366, 30.103810256341198 ], [ -115.753367380960867, 30.104444576659812 ], [ -115.753480349947367, 30.105366035303184 ], [ -115.753386008690299, 30.106267479652921 ], [ -115.752990004492972, 30.108050352787906 ], [ -115.752946748106837, 30.109015445072103 ], [ -115.753212997079345, 30.110127849800215 ], [ -115.753700009500463, 30.111016764196403 ], [ -115.754894818721397, 30.112571096246469 ], [ -115.756273886566305, 30.113504548860853 ], [ -115.759216306775983, 30.114750538716731 ], [ -115.762741319087624, 30.115893672937851 ], [ -115.770374119006661, 30.118076838485347 ], [ -115.774398774606553, 30.119125083611113 ], [ -115.7788397686829, 30.120086844830141 ], [ -115.782216731208337, 30.120641563317033 ], [ -115.787906623462362, 30.121343893247129 ], [ -115.790425774297617, 30.121601731266775 ], [ -115.79152185565934, 30.121643599410241 ], [ -115.792871059787203, 30.121685929112832 ], [ -115.79303381577536, 30.122132595665704 ], [ -115.793285608474349, 30.122620866567804 ], [ -115.79320932210446, 30.122935572383088 ], [ -115.79304911176807, 30.123297961151174 ], [ -115.793155936494458, 30.123612667637545 ], [ -115.793270387634664, 30.123839637205979 ], [ -115.793674763653158, 30.124005572511731 ], [ -115.793926553226441, 30.124394662875098 ], [ -115.794071528053692, 30.124785660793496 ], [ -115.794552205533691, 30.125115624393246 ], [ -115.795017639872256, 30.125985356923504 ], [ -115.795338117962515, 30.12705344891847 ], [ -115.795673841003961, 30.127696211900531 ], [ -115.79603244039248, 30.127898385585151 ], [ -115.79643682543491, 30.128379027518108 ], [ -115.796917494922781, 30.12848392883302 ], [ -115.797787280512182, 30.128733784737893 ], [ -115.798000911689186, 30.128783374745495 ], [ -115.798245066075367, 30.129010344158218 ], [ -115.798237443149716, 30.129208704351651 ], [ -115.797993297785794, 30.129296440662642 ], [ -115.797718635348758, 30.129429952438127 ], [ -115.797566052689035, 30.129744658349313 ], [ -115.797634736276152, 30.130267261281585 ], [ -115.797817860542523, 30.130684961266397 ], [ -115.798222235665023, 30.130850896580817 ], [ -115.798817352024429, 30.131018739083469 ], [ -115.799229346103999, 30.13086043245443 ], [ -115.800152533057243, 30.130932908856678 ], [ -115.800190688748259, 30.131157971102621 ], [ -115.799999949496026, 30.131219005239664 ], [ -115.799740546915572, 30.131342980785604 ], [ -115.79951929227397, 30.131503194602502 ], [ -115.79961849329608, 30.131991465704928 ], [ -115.800205987515426, 30.132411072619718 ], [ -115.800946073535258, 30.132805884663295 ], [ -115.801205491267922, 30.133133941126452 ], [ -115.801312324356957, 30.13371376307683 ], [ -115.801640408241951, 30.134039912035206 ], [ -115.801663304735371, 30.134266881722809 ], [ -115.801449681014162, 30.13445379853675 ], [ -115.80114449777453, 30.134514832811803 ], [ -115.800808810511469, 30.135035528819561 ], [ -115.800869873703789, 30.135865207804557 ], [ -115.801091144826415, 30.136256205641054 ], [ -115.801190344707081, 30.13670823752916 ], [ -115.800854651128944, 30.137028665928 ], [ -115.800396895752371, 30.137738185156813 ], [ -115.800381695427262, 30.139607347109092 ], [ -115.800541971850564, 30.141312481359833 ], [ -115.800572529936744, 30.142567490281937 ], [ -115.800702270768127, 30.14375955776061 ], [ -115.801091426448735, 30.14518813085601 ], [ -115.801518720262152, 30.146284833183877 ], [ -115.801884978125358, 30.147415866482536 ], [ -115.802281734299427, 30.147906044660772 ], [ -115.802503004282528, 30.14826080328772 ], [ -115.802533531940611, 30.14855071429287 ], [ -115.802442401661068, 30.148689480467709 ], [ -115.802197844372927, 30.149061873181381 ], [ -115.802228385321712, 30.149773299244369 ], [ -115.802365745169084, 30.150614422675925 ], [ -115.80283117441391, 30.151322033383686 ], [ -115.80282357680808, 30.152323370534273 ], [ -115.80270914214374, 30.15264761260633 ], [ -115.802411594931542, 30.152897470834944 ], [ -115.802259015697715, 30.153320893493863 ], [ -115.801763118571941, 30.154219235827874 ], [ -115.801709773358823, 30.154560954469126 ], [ -115.801709772862992, 30.154560954968755 ], [ -115.801370971570847, 30.154590073889107 ], [ -115.801030429365511, 30.154526238753711 ], [ -115.800699510475908, 30.15441493396931 ], [ -115.800173953306839, 30.154085287063229 ], [ -115.799628946830978, 30.153647179261462 ], [ -115.798519496906906, 30.152662498162787 ], [ -115.797922814908944, 30.15220586352573 ], [ -115.797242207726256, 30.151820644390934 ], [ -115.796704541666017, 30.151635247489555 ], [ -115.795772149388867, 30.151464273830907 ], [ -115.795285848890259, 30.151324459543215 ], [ -115.794759339170142, 30.151075993333627 ], [ -115.794368124068626, 30.150801697791472 ], [ -115.793720991686058, 30.150227276717356 ], [ -115.793392951352814, 30.149881371742552 ], [ -115.793055959806821, 30.149418079375089 ], [ -115.792822347309198, 30.148991830713971 ], [ -115.79245850314706, 30.14817637700947 ], [ -115.792318878307938, 30.147705875143366 ], [ -115.792263844454325, 30.147109823840239 ], [ -115.792311744720209, 30.146586906926302 ], [ -115.792510476192462, 30.145614207160296 ], [ -115.792537831639891, 30.145073054183946 ], [ -115.792421170254073, 30.144422295303617 ], [ -115.792199381357989, 30.143878849910333 ], [ -115.791650682186017, 30.14289927126741 ], [ -115.791313941463414, 30.14241793001813 ], [ -115.79085241428669, 30.14195348531533 ], [ -115.790419942534427, 30.141660751612775 ], [ -115.789584056323378, 30.141246992793686 ], [ -115.789151371128639, 30.140972299857157 ], [ -115.788730281327503, 30.140598455010259 ], [ -115.788689199565582, 30.140561982273489 ], [ -115.788351599089737, 30.140152813014652 ], [ -115.787800972620417, 30.139335622413462 ], [ -115.787432348783625, 30.138917140962146 ], [ -115.786877101081203, 30.138478887154264 ], [ -115.786320312455601, 30.138166944548999 ], [ -115.785205198629939, 30.137669365900827 ], [ -115.784698441913946, 30.137511277473209 ], [ -115.784293277863924, 30.137534596136113 ], [ -115.784124759280004, 30.137731550342 ], [ -115.784024366831517, 30.138299095029826 ], [ -115.784041587579409, 30.138588003523939 ], [ -115.784193643709088, 30.138887184313326 ], [ -115.784429850587145, 30.139096910154471 ], [ -115.784986416998137, 30.139426905481834 ], [ -115.785436971515225, 30.139936385778412 ], [ -115.785683074114303, 30.140307333235867 ], [ -115.786232078734457, 30.141134829856206 ], [ -115.787106719764282, 30.142622753173718 ], [ -115.787682466119648, 30.143650724655174 ], [ -115.788935601382093, 30.145888066209316 ], [ -115.789720728688977, 30.147411618790571 ], [ -115.789726611160489, 30.147429341236904 ], [ -115.790024397009219, 30.148550988843368 ], [ -115.790557256893692, 30.150829797535934 ], [ -115.79066664655727, 30.152076034710674 ], [ -115.790461936009066, 30.153535938517667 ], [ -115.790011351346479, 30.154722872909545 ], [ -115.788864279176863, 30.156823764798915 ], [ -115.788353791387323, 30.157811624880253 ], [ -115.78796942883811, 30.158674320302911 ], [ -115.78783931975066, 30.159124287701879 ], [ -115.787833359557851, 30.159611495398632 ], [ -115.787746324613792, 30.159935533156666 ], [ -115.787491178360952, 30.160420438358887 ], [ -115.787152967346813, 30.160904575210942 ], [ -115.786393472254971, 30.16187207766847 ], [ -115.786033379405424, 30.162446242719479 ], [ -115.785712602581341, 30.163201238042252 ], [ -115.785538068738617, 30.163885399156463 ], [ -115.785335243467344, 30.165182887371756 ], [ -115.785275914921883, 30.165786904021846 ], [ -115.785283973624729, 30.165953816136287 ], [ -115.785300758612308, 30.166301466206061 ], [ -115.78540149439003, 30.166555053219067 ], [ -115.784547754389422, 30.166698688318625 ], [ -115.782095151424286, 30.166885336763642 ], [ -115.781443235808695, 30.166923711937283 ], [ -115.778520267288599, 30.167095732915794 ], [ -115.770481523067502, 30.167183063346076 ], [ -115.766906839788248, 30.167375097423406 ], [ -115.764221515121662, 30.167864160756075 ], [ -115.763320656503353, 30.168487305232606 ], [ -115.763303420900371, 30.169867712298714 ], [ -115.763428382579761, 30.17067196652788 ], [ -115.763820509230996, 30.1717043216143 ], [ -115.764349098175117, 30.172620657737578 ], [ -115.765542760268929, 30.174337304992992 ], [ -115.766135594898927, 30.175100842144857 ], [ -115.766720414069724, 30.175674811463733 ], [ -115.767102272050849, 30.175867890991587 ], [ -115.767663022419342, 30.175873160303922 ], [ -115.768027482075482, 30.17579537384152 ], [ -115.768560108903984, 30.175556745243753 ], [ -115.76908335838435, 30.175236816442538 ], [ -115.770120471669586, 30.174515654332037 ], [ -115.770593470347833, 30.174059898071917 ], [ -115.770975359698127, 30.173413796326507 ], [ -115.771138845015869, 30.172792717576094 ], [ -115.771247412872839, 30.171575583688888 ], [ -115.771357966868109, 30.171035218692715 ], [ -115.771581061897223, 30.170631257545104 ], [ -115.77184233344903, 30.170498353664051 ], [ -115.772403054418533, 30.170503601874497 ], [ -115.772723943657709, 30.17058781434039 ], [ -115.77312589166111, 30.170835204334534 ], [ -115.773474917149045, 30.171163308437897 ], [ -115.774120050600317, 30.171900229552342 ], [ -115.774363904088545, 30.172335628648987 ], [ -115.774450325340524, 30.17290490676438 ], [ -115.774350504695434, 30.17341830474917 ], [ -115.773964615673322, 30.174389219649228 ], [ -115.77373035491766, 30.174856243658372 ], [ -115.773413465061154, 30.175286401196669 ], [ -115.773119576690476, 30.175536306260625 ], [ -115.772554800901631, 30.175855862794911 ], [ -115.772322319658088, 30.176178527273553 ], [ -115.772189652852902, 30.176826965710877 ], [ -115.772201023953897, 30.177585032271509 ], [ -115.772367808323395, 30.179210793377042 ], [ -115.772379627884689, 30.179932770560772 ], [ -115.772248298172585, 30.180472941165757 ], [ -115.77201759511253, 30.180651248035826 ], [ -115.771456816767753, 30.180645996586719 ], [ -115.771195741413067, 30.180760854180466 ], [ -115.770973292525852, 30.181110679715488 ], [ -115.770863619315861, 30.181578864988396 ], [ -115.770757047854062, 30.182633595354549 ], [ -115.770637995053278, 30.183020482454015 ], [ -115.770387409552598, 30.183126413266351 ], [ -115.770088821660423, 30.182916077124951 ], [ -115.769443650181444, 30.18217913622685 ], [ -115.769137262331185, 30.18176118835602 ], [ -115.768863265766768, 30.181244287278258 ], [ -115.768712991661189, 30.180800733757472 ], [ -115.768536165832728, 30.179986974457179 ], [ -115.768365350071974, 30.1795251810059 ], [ -115.768029729362752, 30.178953559589996 ], [ -115.767641179102057, 30.178462649985615 ], [ -115.766811156506691, 30.177561539819617 ], [ -115.766316075831284, 30.177286184613102 ], [ -115.765660845816441, 30.177361230259535 ], [ -115.765063870400084, 30.17776166068499 ], [ -115.763928157447012, 30.178887901351544 ], [ -115.763351258936325, 30.179342652691453 ], [ -115.762756291804735, 30.17958067135141 ], [ -115.762341583083611, 30.179522618913147 ], [ -115.761692429547907, 30.179110442738885 ], [ -115.761384278197852, 30.178836833726791 ], [ -115.761108975530163, 30.178428184563472 ], [ -115.760958288686624, 30.17802071205621 ], [ -115.760781531113309, 30.177206943886873 ], [ -115.760641118711803, 30.176808591384614 ], [ -115.760396638533621, 30.176427301934343 ], [ -115.760129584133395, 30.17619017172029 ], [ -115.759572902386807, 30.175860069294785 ], [ -115.759346710086831, 30.175677463824574 ], [ -115.759224812775642, 30.175459751285825 ], [ -115.759247842144418, 30.175279502813108 ], [ -115.759438826363493, 30.174956469784767 ], [ -115.759482397383024, 30.174794462147482 ], [ -115.759422127198988, 30.174631472465684 ], [ -115.759278106250576, 30.174521830530445 ], [ -115.758906314313123, 30.174355893741851 ], [ -115.758723246114215, 30.17404736881748 ], [ -115.758545834280937, 30.173287731348704 ], [ -115.758433216668834, 30.172330193877613 ], [ -115.758272777439458, 30.170217218653566 ], [ -115.758233188962691, 30.169233301942658 ], [ -115.758274858665672, 30.168394527387814 ], [ -115.758383895530812, 30.167980486501062 ], [ -115.758669335494631, 30.167577138013687 ], [ -115.758298701276772, 30.16732097755235 ], [ -115.756901367440619, 30.166955835385831 ], [ -115.75494312237123, 30.166603403283517 ], [ -115.750465759208467, 30.165911158130012 ], [ -115.748145406487453, 30.165455919673313 ], [ -115.745661689640201, 30.164782519450139 ], [ -115.743842516275151, 30.164115436899412 ], [ -115.74086874384993, 30.162787576622431 ], [ -115.739495065010402, 30.162205918980391 ], [ -115.738834490303873, 30.161965785755541 ], [ -115.737171672478965, 30.161312102807504 ], [ -115.7371416054701, 30.161100492813574 ], [ -115.737512163745478, 30.160950711957511 ], [ -115.737901322254842, 30.160643942862297 ], [ -115.738190772493198, 30.160238702277084 ], [ -115.738410926942478, 30.159835968919193 ], [ -115.738564048540937, 30.159516261997272 ], [ -115.738661233127843, 30.159221410743655 ], [ -115.738685030086458, 30.158949746697299 ], [ -115.738569055756102, 30.15827188420327 ], [ -115.738223754599218, 30.157664003033627 ], [ -115.738217512519441, 30.157656228431712 ], [ -115.738061315435246, 30.157373695275137 ], [ -115.737600902927753, 30.156758906151204 ], [ -115.73728340164881, 30.156416664730301 ], [ -115.736875379539669, 30.155918556558863 ], [ -115.736509907759171, 30.155265360353148 ], [ -115.736498958415879, 30.15523572411934 ], [ -115.736329244393602, 30.154776362385949 ], [ -115.736152724718082, 30.15396256515044 ], [ -115.736179701165824, 30.153475566533793 ], [ -115.736437146078487, 30.152828367645366 ], [ -115.736839240858544, 30.152236700349135 ], [ -115.737788068072788, 30.151108892678401 ], [ -115.738210680863119, 30.150535464703214 ], [ -115.738529703955862, 30.149942992936388 ], [ -115.738638799513112, 30.149528969093097 ], [ -115.738647065525228, 30.14887936991051 ], [ -115.738528000708428, 30.148445106427406 ], [ -115.738162543554154, 30.147791914575993 ], [ -115.737672517434646, 30.147137523691679 ], [ -115.736567912365359, 30.145827537707476 ], [ -115.736077446136846, 30.145209230086994 ], [ -115.735710635897163, 30.144664298384942 ], [ -115.735589747435782, 30.144374387790741 ], [ -115.735593889607557, 30.14404958833498 ], [ -115.735420753075388, 30.143786244201301 ], [ -115.735307830445421, 30.143685899725721 ], [ -115.734897204625895, 30.143321009947151 ], [ -115.734197765500966, 30.14280896097954 ], [ -115.732623016170521, 30.14173803759094 ], [ -115.731911488891555, 30.141361209731762 ], [ -115.73135163402516, 30.141301660022034 ], [ -115.731130064453936, 30.141579241006504 ], [ -115.731025208638115, 30.142471535078315 ], [ -115.730873643877771, 30.142957328399142 ], [ -115.730523804155851, 30.14352241373085 ], [ -115.730092300771915, 30.143978428247209 ], [ -115.729147622863792, 30.144781382302927 ], [ -115.728725215932684, 30.145336736413654 ], [ -115.728402679327189, 30.146199848871678 ], [ -115.728287527210242, 30.147083016537014 ], [ -115.728264610010342, 30.148869407450537 ], [ -115.728212666956779, 30.149681000754839 ], [ -115.728079755102698, 30.150329389924298 ], [ -115.727910178530294, 30.150598445144993 ], [ -115.727534361149367, 30.150757221059241 ], [ -115.727366867467836, 30.150863876451133 ], [ -115.72724020430789, 30.151025067363818 ], [ -115.727196592886472, 30.151187063655801 ], [ -115.727192422015094, 30.151511861700012 ], [ -115.727282496328911, 30.151774410722314 ], [ -115.727556891855471, 30.15223725940163 ], [ -115.727924146025899, 30.152746124125422 ], [ -115.728751523026716, 30.15380986672314 ], [ -115.729325732034638, 30.154374872067553 ], [ -115.730220978030488, 30.155006144859279 ], [ -115.731138847807912, 30.155493257774431 ], [ -115.732997224736692, 30.156323310601142 ], [ -115.73393611566857, 30.156792560714795 ], [ -115.734894397827716, 30.157370270764446 ], [ -115.735552641848784, 30.157863873410211 ], [ -115.736569096555627, 30.158766970806699 ], [ -115.736958335766744, 30.159185789799565 ], [ -115.737086192944716, 30.159368659909351 ], [ -115.737109587039498, 30.159539154250915 ], [ -115.737070416248415, 30.159640369679408 ], [ -115.736972430287409, 30.159709276750693 ], [ -115.736672459113876, 30.159806656382543 ], [ -115.736288319078824, 30.159967964437353 ], [ -115.736050211831895, 30.160092598413357 ], [ -115.735889793473419, 30.16024076062288 ], [ -115.735802393258581, 30.160427425130976 ], [ -115.735802365202318, 30.160427419786526 ], [ -115.735499040704227, 30.160362879169913 ], [ -115.735045008752152, 30.160283148221225 ], [ -115.735044976043937, 30.160283141990412 ], [ -115.734413030982978, 30.159711214818323 ], [ -115.733820416805344, 30.15911185035251 ], [ -115.733002646715505, 30.158335557480623 ], [ -115.732445379449004, 30.157842859551071 ], [ -115.730928649743049, 30.15650183382111 ], [ -115.726496806499455, 30.152317209346752 ], [ -115.723546634208688, 30.149202583413597 ], [ -115.719128015354997, 30.144043331467273 ], [ -115.718663536864554, 30.143466267402498 ], [ -115.71667716039002, 30.14088831152576 ], [ -115.710062626839331, 30.132215265947526 ], [ -115.706867369580948, 30.128078237995059 ], [ -115.70507204841762, 30.125820197103465 ], [ -115.702678663337736, 30.122388392728332 ], [ -115.700359865988474, 30.119593416402378 ], [ -115.698115128442154, 30.117249356395416 ], [ -115.715947857416097, 30.10119658023066 ] ], [ [ -115.719700061644659, 30.117421138500266 ], [ -115.718946560613119, 30.117901049627001 ], [ -115.718611203018071, 30.118150430727244 ], [ -115.718358635155496, 30.118418665590863 ], [ -115.718273047371099, 30.11861634327137 ], [ -115.718268852751308, 30.118941141795762 ], [ -115.718339285789042, 30.119113272280526 ], [ -115.718554780121991, 30.119304864998206 ], [ -115.718843504816476, 30.119452055247059 ], [ -115.719494186265052, 30.119702031406796 ], [ -115.719918994029229, 30.119760313041791 ], [ -115.72054273306567, 30.119685181885075 ], [ -115.721157488180836, 30.119501680384214 ], [ -115.722378007480913, 30.119026301219538 ], [ -115.722919644196338, 30.118878173211865 ], [ -115.723324042806894, 30.118909175340857 ], [ -115.723456405425765, 30.119108975292164 ], [ -115.72344909433258, 30.119677373808795 ], [ -115.723537740424021, 30.120048191896306 ], [ -115.723810991866642, 30.12059224732554 ], [ -115.724177767469371, 30.121128187573682 ], [ -115.725004852564055, 30.122191949996438 ], [ -115.725466901236359, 30.122584438590831 ], [ -115.726025951404779, 30.122698143630895 ], [ -115.726495648587445, 30.122495163277364 ], [ -115.727345680806067, 30.121772514780485 ], [ -115.727787358695764, 30.121325628124488 ], [ -115.728262364395974, 30.120707619315375 ], [ -115.728612362504904, 30.120124491712009 ], [ -115.729187346124462, 30.118993116950442 ], [ -115.729412564263015, 30.118426825950777 ], [ -115.729513243216516, 30.117859329665873 ], [ -115.729455825785053, 30.117479793903531 ], [ -115.729182897410709, 30.11690868265697 ], [ -115.728978573574977, 30.11665405176096 ], [ -115.728638529310842, 30.116461270104214 ], [ -115.728276112296584, 30.116394597687272 ], [ -115.727528904805311, 30.116387359825737 ], [ -115.727112864029365, 30.11645551468062 ], [ -115.727079469667089, 30.116469628338155 ], [ -115.727060743188062, 30.116473056158952 ], [ -115.726403463378048, 30.116737383584891 ], [ -115.725776155707194, 30.117092231800015 ], [ -115.724551501732506, 30.117892443227408 ], [ -115.724312007016735, 30.118076445068542 ], [ -115.724185719413242, 30.118087403365326 ], [ -115.723532947056384, 30.117999849978855 ], [ -115.723348463517837, 30.117817590071915 ], [ -115.723447783744703, 30.117358365790945 ], [ -115.723797797087386, 30.116775251209443 ], [ -115.72474850082115, 30.115485126602515 ], [ -115.725027478009821, 30.114774991810968 ], [ -115.724913723678824, 30.113934717176672 ], [ -115.724445164388797, 30.113244393627987 ], [ -115.723153261039442, 30.112013689710363 ], [ -115.722776045034806, 30.111754360750108 ], [ -115.722474273661575, 30.111546896835716 ], [ -115.721729195382792, 30.111377227361025 ], [ -115.721166378873946, 30.111561238481691 ], [ -115.720222996720238, 30.112282939254342 ], [ -115.71984312696776, 30.112766496948353 ], [ -115.719646906919394, 30.113495473789872 ], [ -115.71969974671552, 30.114226878429093 ], [ -115.720054494656409, 30.115692115160961 ], [ -115.720128442728424, 30.116396655227842 ], [ -115.719995531287424, 30.11704503917996 ], [ -115.719700061644659, 30.117421138500266 ] ], [ [ -115.744024678059176, 30.12351219304643 ], [ -115.743319860299934, 30.12261213720317 ], [ -115.742436905701709, 30.121845722181977 ], [ -115.740492888033685, 30.120446516981229 ], [ -115.739597419276194, 30.119851407104992 ], [ -115.738854997810435, 30.119465298311926 ], [ -115.738513089081252, 30.119416897510085 ], [ -115.738229779522911, 30.119657806161182 ], [ -115.738091994081714, 30.119882065972408 ], [ -115.737961947433917, 30.120313937068584 ], [ -115.737882988266733, 30.120809462468316 ], [ -115.737776156416388, 30.121864167485683 ], [ -115.737499198944192, 30.122420952529779 ], [ -115.736775154187455, 30.1230365999848 ], [ -115.735845366058086, 30.123505889111748 ], [ -115.733780031086525, 30.12429808955379 ], [ -115.732644024864641, 30.124657086583962 ], [ -115.731301357685155, 30.124941890278066 ], [ -115.730199589814475, 30.125057566682163 ], [ -115.728236957297796, 30.125119781902342 ], [ -115.727466843746996, 30.125274740443114 ], [ -115.727119134605303, 30.125677419769957 ], [ -115.727309736226928, 30.126193596906159 ], [ -115.728229266122739, 30.127339445657778 ], [ -115.728594355297716, 30.12801070751139 ], [ -115.728770080799933, 30.128878648163369 ], [ -115.728697862529373, 30.129653954685431 ], [ -115.728305472145749, 30.131111932557111 ], [ -115.728232785268673, 30.131923327207378 ], [ -115.728407125277769, 30.132899534318604 ], [ -115.728770384595677, 30.133715150913009 ], [ -115.729685838199899, 30.135185789819246 ], [ -115.730091559774479, 30.135929627202831 ], [ -115.730393256140104, 30.136690503965575 ], [ -115.730490357843024, 30.137214795382146 ], [ -115.730479963347719, 30.138026793230683 ], [ -115.730516748713214, 30.138397104875374 ], [ -115.730637500052964, 30.138696041961147 ], [ -115.730801967083238, 30.138823958653916 ], [ -115.73103054487882, 30.138875981438158 ], [ -115.731174616819047, 30.138908771021526 ], [ -115.731414285916543, 30.138838900908578 ], [ -115.731760641652727, 30.138544478238529 ], [ -115.731962075964574, 30.138293372532239 ], [ -115.732098230053367, 30.138123643478149 ], [ -115.732764632059713, 30.137155559925997 ], [ -115.733237382225738, 30.13671798003767 ], [ -115.733989236141198, 30.136373323539772 ], [ -115.734769577591578, 30.136236473649255 ], [ -115.736358750511343, 30.13617057059 ], [ -115.73706780646512, 30.135924740781494 ], [ -115.737605797411462, 30.135253165629877 ], [ -115.737793392880363, 30.134379706290279 ], [ -115.737818191639846, 30.132430904678898 ], [ -115.738101145695211, 30.131404964418 ], [ -115.738925198018052, 30.13027594171119 ], [ -115.740015654484253, 30.129420170442707 ], [ -115.74246293756876, 30.127981851300799 ], [ -115.743531666443019, 30.127198028180235 ], [ -115.744290607257085, 30.126284906660576 ], [ -115.74448679068351, 30.125546867635208 ], [ -115.744316412120114, 30.124245875122089 ], [ -115.744024678059176, 30.12351219304643 ] ] ] ] } },
{ "type": "Feature", "properties": { "fid": 26.0, "cat": 25, "CLAVE_ACUI": "0247", "NOM_ACUIF": "EL SOCORRO", "VULNERABIL": 3 }, "geometry": { "type": "MultiPolygon", "coordinates": [ [ [ [ -115.732560393159474, 30.210729342554441 ], [ -115.732312127309172, 30.210645732806849 ], [ -115.732034781035892, 30.210399423295566 ], [ -115.731820803859165, 30.210072517298673 ], [ -115.73145622118021, 30.20933810856403 ], [ -115.731358132163933, 30.20888599813502 ], [ -115.73142844360774, 30.20826407612833 ], [ -115.731643715576311, 30.207679649560056 ], [ -115.732219211682022, 30.206548289878889 ], [ -115.732476602194623, 30.205919152803457 ], [ -115.732673284526456, 30.205163103010722 ], [ -115.732743699786766, 30.204532157526618 ], [ -115.732758264825804, 30.203395371042205 ], [ -115.732704265641786, 30.202745176257352 ], [ -115.732527705378573, 30.201931378354217 ], [ -115.732287439623434, 30.201225243019334 ], [ -115.73174321004096, 30.199920633685718 ], [ -115.731576007332805, 30.199188134058566 ], [ -115.731618618881015, 30.19829524580841 ], [ -115.731856835939098, 30.197539598031778 ], [ -115.732528863438233, 30.19616554021384 ], [ -115.732909239187819, 30.195663914971743 ], [ -115.733378350991586, 30.195533098759881 ], [ -115.733779833232518, 30.195816697043142 ], [ -115.734515178527957, 30.196798306682521 ], [ -115.73489405053671, 30.197226055352488 ], [ -115.73529531331927, 30.197527693508793 ], [ -115.735585210385494, 30.197602675418636 ], [ -115.736053636718879, 30.197525982642734 ], [ -115.736286517059412, 30.197185343996015 ], [ -115.736516729040019, 30.196240121520049 ], [ -115.736667533166383, 30.195005389348466 ], [ -115.736889726519593, 30.192246414508862 ], [ -115.737040748320069, 30.190993636571378 ], [ -115.737271627209452, 30.18999427838224 ], [ -115.737505405492769, 30.189581459353025 ], [ -115.737975863319392, 30.189342359739143 ], [ -115.738308661435298, 30.189309469025503 ], [ -115.738836600491879, 30.189449896282206 ], [ -115.739383703364183, 30.189716831337194 ], [ -115.740497081912039, 30.190377204572304 ], [ -115.741096237890261, 30.190635609305524 ], [ -115.741780318387129, 30.19075045398349 ], [ -115.742321293484181, 30.19068345737103 ], [ -115.74326013328114, 30.190367620600867 ], [ -115.743749520660458, 30.190273053817819 ], [ -115.744278847136542, 30.190305193426006 ], [ -115.744671672216469, 30.190453326788994 ], [ -115.745320824341547, 30.190865586630878 ], [ -115.745710451362427, 30.191266337942519 ], [ -115.746230182082641, 30.192056332814328 ], [ -115.746706777274241, 30.192972239210487 ], [ -115.747616849901931, 30.194929960894267 ], [ -115.747936420779737, 30.195943619001913 ], [ -115.74798503799687, 30.197026875444504 ], [ -115.747746487630877, 30.197818644829919 ], [ -115.746982205279991, 30.199110693138476 ], [ -115.746673106193029, 30.19973034385789 ], [ -115.746510103583816, 30.200297251019059 ], [ -115.746547535013832, 30.200622446269353 ], [ -115.746822834724171, 30.201031124702396 ], [ -115.747112751658975, 30.201106081619994 ], [ -115.747707199849913, 30.200922272456499 ], [ -115.748408025276063, 30.200540964299361 ], [ -115.749916035459137, 30.199580838623969 ], [ -115.750680074507088, 30.199127934441233 ], [ -115.75146419664992, 30.198729356515724 ], [ -115.752007031564048, 30.198517966045106 ], [ -115.752851415739713, 30.198282372113212 ], [ -115.753290607407223, 30.198051943776449 ], [ -115.753763797877681, 30.197596255163894 ], [ -115.754113255556021, 30.197067202846419 ], [ -115.754688432005267, 30.195935733691002 ], [ -115.754923516164638, 30.195414615867818 ], [ -115.755053600423921, 30.194982733484494 ], [ -115.75503532546108, 30.194784047755821 ], [ -115.75485041752313, 30.194619872914032 ], [ -115.754831688855973, 30.194457275978092 ], [ -115.754960409798926, 30.194133660066587 ], [ -115.755193671877805, 30.193756896764953 ], [ -115.755764731445737, 30.19295022098418 ], [ -115.755998214403306, 30.192555411597827 ], [ -115.756127609326882, 30.192177660999413 ], [ -115.756109786151725, 30.191942886441669 ], [ -115.755926923178563, 30.19161631332673 ], [ -115.755898147547725, 30.191426551266492 ], [ -115.755994682515265, 30.191183838296528 ], [ -115.756184349016593, 30.190969078503496 ], [ -115.75665681132692, 30.190567510933427 ], [ -115.756917475455083, 30.190488772523072 ], [ -115.757227008785307, 30.190654125614611 ], [ -115.757482235298468, 30.191008452564219 ], [ -115.75793838616184, 30.191906079809083 ], [ -115.758137725626156, 30.192575691338995 ], [ -115.758279589619008, 30.193686899501536 ], [ -115.758316688398878, 30.194869301655984 ], [ -115.758286116434604, 30.197305299499593 ], [ -115.75831316815389, 30.198460536058189 ], [ -115.758424899055896, 30.199490248387637 ], [ -115.758584066758132, 30.200051199042633 ], [ -115.758949840814537, 30.20070433817099 ], [ -115.759401883123402, 30.201105640763824 ], [ -115.7603922403176, 30.20165640523425 ], [ -115.761590800663143, 30.202173036091047 ], [ -115.764196153168498, 30.203172135363737 ], [ -115.765280606433365, 30.203678634110673 ], [ -115.765928582155837, 30.204199062685145 ], [ -115.765924079287274, 30.204559951839592 ], [ -115.765262585389578, 30.205122190367003 ], [ -115.764874761503961, 30.205398258927609 ], [ -115.764372786985703, 30.205664227140122 ], [ -115.763923987218334, 30.205831438642562 ], [ -115.763079561642058, 30.206067102568952 ], [ -115.762794473888917, 30.206434366873154 ], [ -115.762783638454565, 30.207300499488095 ], [ -115.763050673186129, 30.208376789658377 ], [ -115.763862637730099, 30.210739524447938 ], [ -115.764140644057605, 30.211770799334872 ], [ -115.764162673976713, 30.212501892342171 ], [ -115.763921379113597, 30.212689105889744 ], [ -115.763175466323801, 30.212519650789115 ], [ -115.762700323622113, 30.212298608034693 ], [ -115.762020811054981, 30.211804935411106 ], [ -115.761363437466571, 30.211203189293965 ], [ -115.760070847467546, 30.209891617782723 ], [ -115.759402771091928, 30.209316830692522 ], [ -115.7586911132301, 30.208904046480317 ], [ -115.758173087958923, 30.208790860860102 ], [ -115.757330665293651, 30.208864087059819 ], [ -115.757016312925984, 30.209077665127548 ], [ -115.756915678337847, 30.209645176659603 ], [ -115.757062309050724, 30.210377451638116 ], [ -115.757602847893267, 30.212006763730358 ], [ -115.757800406906384, 30.212820729872131 ], [ -115.757852534241948, 30.213633317558379 ], [ -115.757741850656188, 30.214173664334425 ], [ -115.757357667831613, 30.214982116106309 ], [ -115.757310670996304, 30.215414787004356 ], [ -115.757553869197878, 30.215904348580477 ], [ -115.758006199562757, 30.216287612499876 ], [ -115.759120000944051, 30.216947836885435 ], [ -115.75962462476042, 30.217304520662697 ], [ -115.76002468698286, 30.217714352916413 ], [ -115.760186831434524, 30.218040724234275 ], [ -115.760273200950579, 30.218610006651542 ], [ -115.760063389390368, 30.21877044053501 ], [ -115.759347585554551, 30.218682457235975 ], [ -115.758364396343296, 30.218375379031965 ], [ -115.756130657481663, 30.217542105553118 ], [ -115.754994729912269, 30.216989924920473 ], [ -115.753820673314081, 30.216166674536492 ], [ -115.752999840375622, 30.215346774937331 ], [ -115.751711413110797, 30.213710325326851 ], [ -115.750971670943557, 30.213053604199057 ], [ -115.750040847952832, 30.212719894034567 ], [ -115.749229209438127, 30.212820430664951 ], [ -115.747725099998405, 30.213455743107577 ], [ -115.746767104743853, 30.213627051906531 ], [ -115.745397243577045, 30.213505668290399 ], [ -115.744072147715713, 30.213132048637394 ], [ -115.741466754871084, 30.212132549144641 ], [ -115.740226636163456, 30.211615335249455 ], [ -115.739111645177786, 30.21106322057026 ], [ -115.738493438992492, 30.210660250220265 ], [ -115.737753809505236, 30.210003457328447 ], [ -115.737402700270678, 30.209837657724968 ], [ -115.737088994845507, 30.209997053922653 ], [ -115.736917259493239, 30.210428514348056 ], [ -115.736715756118059, 30.211563499526424 ], [ -115.736502464435546, 30.211994558716516 ], [ -115.73606409526414, 30.212152750524154 ], [ -115.735546774650402, 30.211985343092188 ], [ -115.734433192932215, 30.211324923927318 ], [ -115.733886333445199, 30.211030899705289 ], [ -115.733359328272144, 30.21080925089926 ], [ -115.733027843587152, 30.210733861546089 ], [ -115.732560393159474, 30.210729342554441 ] ] ] ] } },
{ "type": "Feature", "properties": { "fid": 21.0, "cat": 22, "CLAVE_ACUI": "0247", "NOM_ACUIF": "EL SOCORRO", "VULNERABIL": 3 }, "geometry": { "type": "MultiPolygon", "coordinates": [ [ [ [ -115.746978644970113, 30.256751023045055 ], [ -115.74648831878828, 30.256891910242288 ], [ -115.746209615396396, 30.257099596503171 ], [ -115.745967706052738, 30.257494013911309 ], [ -115.745585030209725, 30.258118541402741 ], [ -115.745284257408102, 30.258500894741651 ], [ -115.744746480808331, 30.259003489219815 ], [ -115.743235425378245, 30.260125917093781 ], [ -115.74260241759066, 30.260859740981292 ], [ -115.742214466536481, 30.261938796127936 ], [ -115.742200896259064, 30.263003400067941 ], [ -115.742548151217278, 30.265118157006398 ], [ -115.742670965128582, 30.266084815388847 ], [ -115.742692143159886, 30.266870034318092 ], [ -115.742604623803715, 30.267212074225604 ], [ -115.742320886712349, 30.267452974634235 ], [ -115.742112090612281, 30.267523154235008 ], [ -115.741769440489591, 30.267492792476592 ], [ -115.741407154016571, 30.267372009435171 ], [ -115.74066294797521, 30.26704001992659 ], [ -115.74023864785859, 30.266891567755668 ], [ -115.739709950992662, 30.266778202086492 ], [ -115.739253088957312, 30.26673771128204 ], [ -115.738411199084894, 30.266729602332745 ], [ -115.737853286529344, 30.266462554013433 ], [ -115.737021447396259, 30.265669518278884 ], [ -115.736192972920591, 30.264614838292111 ], [ -115.734539431818476, 30.262243824425774 ], [ -115.73380570737919, 30.26109981384139 ], [ -115.733258030709592, 30.260038807510391 ], [ -115.733078949065003, 30.259414477076266 ], [ -115.733089372895307, 30.258602493450585 ], [ -115.733200017929207, 30.258080220416087 ], [ -115.733521526078462, 30.257325384331015 ], [ -115.733946723780676, 30.256589596043813 ], [ -115.734900793054052, 30.255137062565247 ], [ -115.735181633219383, 30.254309643449009 ], [ -115.73507010481309, 30.253279924832519 ], [ -115.73460339446271, 30.252391145692389 ], [ -115.733314818660475, 30.250754519106287 ], [ -115.732828046436907, 30.249811400784328 ], [ -115.732656279853316, 30.248618680097767 ], [ -115.732856763493089, 30.247573931477 ], [ -115.733629957461261, 30.245632402516428 ], [ -115.733871988993471, 30.2445880532308 ], [ -115.73382491114117, 30.243396538200692 ], [ -115.733504425581074, 30.242455029114272 ], [ -115.73259006600108, 30.240822013071469 ], [ -115.73226959975571, 30.239880501177804 ], [ -115.732222541352101, 30.238688985352855 ], [ -115.732464567867382, 30.237644637526415 ], [ -115.7332376843068, 30.235703106006426 ], [ -115.733479922985822, 30.234640711173029 ], [ -115.733433544081251, 30.233395062045922 ], [ -115.733114016685164, 30.232381375016871 ], [ -115.732201834460994, 30.230585959277249 ], [ -115.731881633049426, 30.229626401901065 ], [ -115.73183319000573, 30.228543149325773 ], [ -115.732072644806806, 30.227697285807189 ], [ -115.732839436366874, 30.226242944301955 ], [ -115.733119970973092, 30.225433568362014 ], [ -115.733194797484714, 30.224459785529262 ], [ -115.733038979446405, 30.223646190576684 ], [ -115.732496710285162, 30.222179187299762 ], [ -115.73228698917687, 30.221518464566287 ], [ -115.73220008531105, 30.221003300997932 ], [ -115.732264964304463, 30.220805418004129 ], [ -115.732546504328511, 30.220726932226118 ], [ -115.732816151423833, 30.220765632577638 ], [ -115.733343554398886, 30.220960218443317 ], [ -115.733952914955466, 30.221245826110991 ], [ -115.735253604057746, 30.221908056308678 ], [ -115.735853625779242, 30.222112356257597 ], [ -115.736352989720203, 30.222063032947606 ], [ -115.736585238088267, 30.221776529258648 ], [ -115.736782617218594, 30.220966342455284 ], [ -115.737138144595093, 30.220789304483361 ], [ -115.73800735331038, 30.221068373937459 ], [ -115.739100519640914, 30.221710521449438 ], [ -115.741510860520407, 30.22335786998573 ], [ -115.742830342983424, 30.224182624715283 ], [ -115.744378413049844, 30.22500955690332 ], [ -115.745639041119418, 30.225563023278877 ], [ -115.747872863604059, 30.226396477241504 ], [ -115.74920500061198, 30.227049848684882 ], [ -115.750967590321267, 30.228176518624203 ], [ -115.752573120429204, 30.229400925880519 ], [ -115.755627199081076, 30.231947447735529 ], [ -115.757045824255172, 30.233170026481933 ], [ -115.758247534155089, 30.234291279064053 ], [ -115.758831736779541, 30.234937464338802 ], [ -115.759382622573838, 30.235754773104794 ], [ -115.759595952011892, 30.236144792127444 ], [ -115.759685048958005, 30.236497541829205 ], [ -115.759620212898923, 30.236695439198357 ], [ -115.759336606459058, 30.236936381203979 ], [ -115.759107558864429, 30.236970304940321 ], [ -115.758704024226532, 30.236831133775222 ], [ -115.758260516139387, 30.236565257264878 ], [ -115.757333534026159, 30.235906795522915 ], [ -115.756755752196753, 30.235576477786704 ], [ -115.755949384242285, 30.235243987286655 ], [ -115.755183219242738, 30.235020152641553 ], [ -115.75369109570606, 30.234681131274346 ], [ -115.752966274299382, 30.23447572353593 ], [ -115.752283929015618, 30.234198530532868 ], [ -115.751871507496858, 30.233941952080112 ], [ -115.751316589288933, 30.233449410542864 ], [ -115.750955326071775, 30.233256479396537 ], [ -115.750426451608334, 30.233170227575226 ], [ -115.749906255885563, 30.233219404791118 ], [ -115.748874539446476, 30.23345318415253 ], [ -115.748415311515274, 30.233611216207333 ], [ -115.748069346113482, 30.233851537878273 ], [ -115.747951965700764, 30.234094043161605 ], [ -115.747945790877964, 30.23458123796232 ], [ -115.748128243910429, 30.234943910125306 ], [ -115.748681782388232, 30.235544730370055 ], [ -115.749421900105403, 30.236183422292598 ], [ -115.751088740012122, 30.237498665806967 ], [ -115.75184921342408, 30.238173631319423 ], [ -115.752463769895442, 30.238883296014148 ], [ -115.752727551066769, 30.239391107950507 ], [ -115.752904334057462, 30.240204880701189 ], [ -115.753065121887971, 30.240639525732945 ], [ -115.753370702587063, 30.241129687805447 ], [ -115.753719216982915, 30.241511979011214 ], [ -115.754459184048955, 30.242168688352901 ], [ -115.754683694273226, 30.242495658680987 ], [ -115.75461725100601, 30.242819862928012 ], [ -115.754281999686924, 30.24303323257433 ], [ -115.75334268544853, 30.243349132693716 ], [ -115.752932753513647, 30.243715182707451 ], [ -115.752642272605385, 30.24449743666629 ], [ -115.752568070734753, 30.245435144191209 ], [ -115.752635950061233, 30.247466013002629 ], [ -115.752562656777698, 30.248331543064197 ], [ -115.752274894513562, 30.248897264303441 ], [ -115.751868584803617, 30.248974602101509 ], [ -115.750937424535977, 30.248640890464905 ], [ -115.750429936976033, 30.248500702031308 ], [ -115.749838630988023, 30.248413850912829 ], [ -115.749360607449475, 30.248409287630501 ], [ -115.748517841364659, 30.248482447023388 ], [ -115.748162689235983, 30.248623424475074 ], [ -115.74793999856, 30.248973200782657 ], [ -115.74792400017688, 30.249415184611298 ], [ -115.748098698845453, 30.250391359898892 ], [ -115.74827934918838, 30.250898385504698 ], [ -115.748646602134102, 30.251443286579772 ], [ -115.749078041419168, 30.25184442854334 ], [ -115.75000511197608, 30.252502949812826 ], [ -115.750477902185338, 30.252922528329485 ], [ -115.750969197893312, 30.253522745643803 ], [ -115.751315233833751, 30.25410352993363 ], [ -115.75186205017377, 30.255245665226788 ], [ -115.752073563584574, 30.255780049485647 ], [ -115.752161279805222, 30.256241068338717 ], [ -115.752095958075728, 30.256475049051289 ], [ -115.751812275249463, 30.256715971939364 ], [ -115.751478567622769, 30.256803022965194 ], [ -115.750761128393421, 30.256823250969887 ], [ -115.749815049511369, 30.256841292623541 ], [ -115.747851859481656, 30.256741328435375 ], [ -115.746978644970113, 30.256751023045055 ] ] ] ] } },
{ "type": "Feature", "properties": { "fid": 14.0, "cat": 10, "CLAVE_ACUI": "0247", "NOM_ACUIF": "EL SOCORRO", "VULNERABIL": 2 }, "geometry": { "type": "MultiPolygon", "coordinates": [ [ [ [ -115.698115128442154, 30.117249356395416 ], [ -115.700359865988474, 30.119593416402378 ], [ -115.702678663337736, 30.122388392728332 ], [ -115.70507204841762, 30.125820197103465 ], [ -115.706867369580948, 30.128078237995059 ], [ -115.710062626839331, 30.132215265947526 ], [ -115.71667716039002, 30.14088831152576 ], [ -115.718663536864554, 30.143466267402498 ], [ -115.719128015354997, 30.144043331467273 ], [ -115.723546634208688, 30.149202583413597 ], [ -115.726496806499455, 30.152317209346752 ], [ -115.730928649743049, 30.15650183382111 ], [ -115.732445379449004, 30.157842859551071 ], [ -115.733002646715505, 30.158335557480623 ], [ -115.733820416805344, 30.15911185035251 ], [ -115.734413030982978, 30.159711214818323 ], [ -115.735044976043937, 30.160283141990412 ], [ -115.735045008752152, 30.160283148221225 ], [ -115.734783306604712, 30.160237190863054 ], [ -115.733750527128976, 30.160079517341575 ], [ -115.732545586664571, 30.159973382338958 ], [ -115.730391614804063, 30.159794630710145 ], [ -115.728940158742148, 30.159731523924833 ], [ -115.727888379449311, 30.159685947154053 ], [ -115.727709992289348, 30.159719695819803 ], [ -115.727663999593247, 30.159836701918 ], [ -115.727656987441051, 30.159987456998561 ], [ -115.727933956109879, 30.160355579912792 ], [ -115.728298573091621, 30.160716690962026 ], [ -115.729235019393045, 30.161568876115577 ], [ -115.730217647773671, 30.162558603940276 ], [ -115.730874283010564, 30.163178540297125 ], [ -115.731331204718558, 30.163619603085856 ], [ -115.731485840270281, 30.163706585583675 ], [ -115.731726893760253, 30.163774848090778 ], [ -115.732153898036955, 30.163804494951741 ], [ -115.732402163195445, 30.163879080037795 ], [ -115.732773176761285, 30.164099222844222 ], [ -115.733143268987305, 30.164391542008225 ], [ -115.733882537517673, 30.165048354733905 ], [ -115.734263134886803, 30.165331748919282 ], [ -115.734665653001485, 30.165525120585428 ], [ -115.734955917606868, 30.165564012844477 ], [ -115.735424191796128, 30.165487317623732 ], [ -115.735633234681288, 30.165381052890787 ], [ -115.735737650396274, 30.165221920763688 ], [ -115.73585953438409, 30.164994656795702 ], [ -115.736043905094618, 30.164639370981952 ], [ -115.736187425509584, 30.164267504561341 ], [ -115.736577779664429, 30.162971910076866 ], [ -115.736803295626231, 30.162387567383263 ], [ -115.73708949476395, 30.161930134435341 ], [ -115.737207673275051, 30.161565474477602 ], [ -115.7371416054701, 30.161100492813574 ], [ -115.737171672478965, 30.161312102807504 ], [ -115.738834490303873, 30.161965785755541 ], [ -115.739495065010402, 30.162205918980391 ], [ -115.74086874384993, 30.162787576622431 ], [ -115.743842516275151, 30.164115436899412 ], [ -115.745661689640201, 30.164782519450139 ], [ -115.748145406487453, 30.165455919673313 ], [ -115.750465759208467, 30.165911158130012 ], [ -115.75494312237123, 30.166603403283517 ], [ -115.756901367440619, 30.166955835385831 ], [ -115.758298701276772, 30.16732097755235 ], [ -115.758669335494631, 30.167577138013687 ], [ -115.758383895530812, 30.167980486501062 ], [ -115.758274858665672, 30.168394527387814 ], [ -115.758233188962691, 30.169233301942658 ], [ -115.758272777439458, 30.170217218653566 ], [ -115.758433216668834, 30.172330193877613 ], [ -115.758545834280937, 30.173287731348704 ], [ -115.758723246114215, 30.17404736881748 ], [ -115.758906314313123, 30.174355893741851 ], [ -115.759278106250576, 30.174521830530445 ], [ -115.759422127198988, 30.174631472465684 ], [ -115.759482397383024, 30.174794462147482 ], [ -115.759438826363493, 30.174956469784767 ], [ -115.759247842144418, 30.175279502813108 ], [ -115.759224812775642, 30.175459751285825 ], [ -115.759346710086831, 30.175677463824574 ], [ -115.759572902386807, 30.175860069294785 ], [ -115.760129584133395, 30.17619017172029 ], [ -115.760396638533621, 30.176427301934343 ], [ -115.760641118711803, 30.176808591384614 ], [ -115.760781531113309, 30.177206943886873 ], [ -115.760958288686624, 30.17802071205621 ], [ -115.761108975530163, 30.178428184563472 ], [ -115.761384278197852, 30.178836833726791 ], [ -115.761692429547907, 30.179110442738885 ], [ -115.762341583083611, 30.179522618913147 ], [ -115.762756291804735, 30.17958067135141 ], [ -115.763351258936325, 30.179342652691453 ], [ -115.763928157447012, 30.178887901351544 ], [ -115.765063870400084, 30.17776166068499 ], [ -115.765660845816441, 30.177361230259535 ], [ -115.766316075831284, 30.177286184613102 ], [ -115.766811156506691, 30.177561539819617 ], [ -115.767641179102057, 30.178462649985615 ], [ -115.768029729362752, 30.178953559589996 ], [ -115.768365350071974, 30.1795251810059 ], [ -115.768536165832728, 30.179986974457179 ], [ -115.768712991661189, 30.180800733757472 ], [ -115.768863265766768, 30.181244287278258 ], [ -115.769137262331185, 30.18176118835602 ], [ -115.769443650181444, 30.18217913622685 ], [ -115.770088821660423, 30.182916077124951 ], [ -115.770387409552598, 30.183126413266351 ], [ -115.770637995053278, 30.183020482454015 ], [ -115.770757047854062, 30.182633595354549 ], [ -115.770863619315861, 30.181578864988396 ], [ -115.770973292525852, 30.181110679715488 ], [ -115.771195741413067, 30.180760854180466 ], [ -115.771456816767753, 30.180645996586719 ], [ -115.77201759511253, 30.180651248035826 ], [ -115.772248298172585, 30.180472941165757 ], [ -115.772379627884689, 30.179932770560772 ], [ -115.772367808323395, 30.179210793377042 ], [ -115.772201023953897, 30.177585032271509 ], [ -115.772189652852902, 30.176826965710877 ], [ -115.772322319658088, 30.176178527273553 ], [ -115.772554800901631, 30.175855862794911 ], [ -115.773119576690476, 30.175536306260625 ], [ -115.773413465061154, 30.175286401196669 ], [ -115.77373035491766, 30.174856243658372 ], [ -115.773964615673322, 30.174389219649228 ], [ -115.774350504695434, 30.17341830474917 ], [ -115.774450325340524, 30.17290490676438 ], [ -115.774363904088545, 30.172335628648987 ], [ -115.774120050600317, 30.171900229552342 ], [ -115.773474917149045, 30.171163308437897 ], [ -115.77312589166111, 30.170835204334534 ], [ -115.772723943657709, 30.17058781434039 ], [ -115.772403054418533, 30.170503601874497 ], [ -115.77184233344903, 30.170498353664051 ], [ -115.771581061897223, 30.170631257545104 ], [ -115.771357966868109, 30.171035218692715 ], [ -115.771247412872839, 30.171575583688888 ], [ -115.771138845015869, 30.172792717576094 ], [ -115.770975359698127, 30.173413796326507 ], [ -115.770593470347833, 30.174059898071917 ], [ -115.770120471669586, 30.174515654332037 ], [ -115.76908335838435, 30.175236816442538 ], [ -115.768560108903984, 30.175556745243753 ], [ -115.768027482075482, 30.17579537384152 ], [ -115.767663022419342, 30.175873160303922 ], [ -115.767102272050849, 30.175867890991587 ], [ -115.766720414069724, 30.175674811463733 ], [ -115.766135594898927, 30.175100842144857 ], [ -115.765542760268929, 30.174337304992992 ], [ -115.764349098175117, 30.172620657737578 ], [ -115.763820509230996, 30.1717043216143 ], [ -115.763428382579761, 30.17067196652788 ], [ -115.763303420900371, 30.169867712298714 ], [ -115.763320656503353, 30.168487305232606 ], [ -115.764221515121662, 30.167864160756075 ], [ -115.766906839788248, 30.167375097423406 ], [ -115.770481523067502, 30.167183063346076 ], [ -115.778520267288599, 30.167095732915794 ], [ -115.781443235808695, 30.166923711937283 ], [ -115.782095151424286, 30.166885336763642 ], [ -115.784547754389422, 30.166698688318625 ], [ -115.78540149439003, 30.166555053219067 ], [ -115.785678858844278, 30.166801251726849 ], [ -115.786057448870693, 30.166837690603678 ], [ -115.785740831896391, 30.16997019749035 ], [ -115.785592367845013, 30.173008527516771 ], [ -115.785509706696956, 30.17974821078872 ], [ -115.785387222148415, 30.182959389699704 ], [ -115.785102435158265, 30.185853246367675 ], [ -115.784750274199766, 30.187465162080997 ], [ -115.78397857045114, 30.189407050145064 ], [ -115.783583318998154, 30.190296694840399 ], [ -115.78316928524238, 30.191023743785223 ], [ -115.782874484773771, 30.191345847950519 ], [ -115.782404119788737, 30.191585111365075 ], [ -115.782112202180329, 30.191672633843741 ], [ -115.781706815732818, 30.19169593819845 ], [ -115.781323089992711, 30.191647255952827 ], [ -115.780577301115159, 30.191477902916294 ], [ -115.780213681523819, 30.191483544391783 ], [ -115.779868608976187, 30.191669824005984 ], [ -115.779657106598393, 30.191974649049044 ], [ -115.779367669909718, 30.192702844639737 ], [ -115.779277903118668, 30.193243408562736 ], [ -115.779298042435485, 30.194136905223498 ], [ -115.779421377253328, 30.195085502359525 ], [ -115.779771250633488, 30.197037796434383 ], [ -115.77990464543457, 30.198013556447716 ], [ -115.779954948594835, 30.19898854307106 ], [ -115.779905389921836, 30.199637760847736 ], [ -115.779706407480433, 30.200610427276146 ], [ -115.779680959018023, 30.200989169698538 ], [ -115.779803599173988, 30.201152730833037 ], [ -115.780033447708334, 30.201046589992224 ], [ -115.780600349207688, 30.200564604647745 ], [ -115.780831974660302, 30.200314105782443 ], [ -115.780959952720096, 30.2000445961868 ], [ -115.780941625026301, 30.199845912748383 ], [ -115.780758665150358, 30.199519371973459 ], [ -115.780729617545177, 30.199347658772329 ], [ -115.780825433569603, 30.19915906004557 ], [ -115.781014174043179, 30.199016441810045 ], [ -115.781484578199894, 30.198777184714277 ], [ -115.781724472822049, 30.198698204067611 ], [ -115.781973754041161, 30.198700520080408 ], [ -115.782149328653205, 30.198783360926349 ], [ -115.78242677217105, 30.199029567395058 ], [ -115.782569299947838, 30.19926549729588 ], [ -115.782719439726122, 30.199727080791693 ], [ -115.782827145229021, 30.200260456753679 ], [ -115.783000123415192, 30.201399001045946 ], [ -115.783138882126551, 30.201941688253168 ], [ -115.783382179290271, 30.202431205509924 ], [ -115.783648915888833, 30.202704380105725 ], [ -115.784205829471645, 30.203034385396919 ], [ -115.784473235224254, 30.203253424641037 ], [ -115.784718537457408, 30.203580538315432 ], [ -115.784859968530071, 30.203906688830408 ], [ -115.785038959921835, 30.204558026825993 ], [ -115.785013086943138, 30.204972859764879 ], [ -115.784756473015065, 30.205566020321566 ], [ -115.784354652546256, 30.206139787212631 ], [ -115.783405792614616, 30.207267922652679 ], [ -115.782982959756325, 30.207859536542607 ], [ -115.782663332822239, 30.20850624723748 ], [ -115.782553457303521, 30.208992485624442 ], [ -115.782543460281332, 30.209804490659302 ], [ -115.78249724316116, 30.210183040384369 ], [ -115.782368588510266, 30.210506684483772 ], [ -115.782200381098008, 30.210667541441122 ], [ -115.781824413310602, 30.210826467580105 ], [ -115.781655537475444, 30.211041457429644 ], [ -115.781524877631725, 30.211527501449037 ], [ -115.781475987080597, 30.212122585091116 ], [ -115.781459975486314, 30.213421791954953 ], [ -115.781534631175461, 30.214108256944289 ], [ -115.78177461286252, 30.214868444942688 ], [ -115.782099928941179, 30.21544895941598 ], [ -115.782835902767005, 30.216430312536936 ], [ -115.783161896316017, 30.216956690934495 ], [ -115.783403895405144, 30.217554475309829 ], [ -115.783481231476188, 30.218024404763256 ], [ -115.783471238454055, 30.218836408958925 ], [ -115.783352852485137, 30.219169172082633 ], [ -115.783024575878073, 30.21934634187248 ], [ -115.782883242507822, 30.219336254485174 ], [ -115.782231743673933, 30.219086573621876 ], [ -115.781869134245014, 30.219001994242802 ], [ -115.781432802593415, 30.218997938106174 ], [ -115.781068191647805, 30.219075757222473 ], [ -115.780410688362835, 30.219313269412883 ], [ -115.780117572941307, 30.219491007345887 ], [ -115.779895731104631, 30.21978671093413 ], [ -115.779819110546384, 30.22010181280795 ], [ -115.779811091431498, 30.220751415080422 ], [ -115.779993416682331, 30.221132090661616 ], [ -115.780548415408944, 30.22162451368731 ], [ -115.781291092304471, 30.222064540093289 ], [ -115.782964139614094, 30.22289218397977 ], [ -115.783643834975038, 30.22338575218345 ], [ -115.784009857859203, 30.224038826068771 ], [ -115.783989081139666, 30.224216249676996 ], [ -115.783733515790786, 30.224541565985248 ], [ -115.78356306473853, 30.224882868969484 ], [ -115.783431727012598, 30.225423047196227 ], [ -115.783409651020804, 30.225677778746565 ], [ -115.783365168963243, 30.225765314296414 ], [ -115.783129710387783, 30.226322571961763 ], [ -115.782998368107798, 30.226862749520297 ], [ -115.783014925144741, 30.227205788206657 ], [ -115.78319594070328, 30.227694726692633 ], [ -115.783233944661234, 30.227983824757299 ], [ -115.78317303086375, 30.228327784595848 ], [ -115.783017259151308, 30.228703675384381 ], [ -115.782635220402554, 30.229349803159355 ], [ -115.782483535515993, 30.229853697715672 ], [ -115.782410521976004, 30.230719254360341 ], [ -115.782440519133189, 30.231657954318468 ], [ -115.78260352854177, 30.233608497277448 ], [ -115.782840892508503, 30.234585216504858 ], [ -115.783389978720351, 30.235564830193631 ], [ -115.784067762131286, 30.236220798143172 ], [ -115.785552039042571, 30.237209078967496 ], [ -115.786158775283312, 30.237729028623324 ], [ -115.786494689655015, 30.238300606997473 ], [ -115.786447805203949, 30.238733290061031 ], [ -115.786029413250915, 30.239371069057533 ], [ -115.785971230183918, 30.239459760076858 ], [ -115.785665564539045, 30.23980883492456 ], [ -115.785225145489818, 30.240129589738636 ], [ -115.784796779872934, 30.240315105720175 ], [ -115.783952101397489, 30.240550896189752 ], [ -115.783576020763007, 30.240709823598465 ], [ -115.783344970528717, 30.240906189966559 ], [ -115.783292458983752, 30.240950818625418 ], [ -115.783195937202308, 30.241193550414057 ], [ -115.783189934461561, 30.241680751168477 ], [ -115.783228386936273, 30.241933759836179 ], [ -115.78334974762906, 30.242205585039624 ], [ -115.783513563361694, 30.242405618235914 ], [ -115.783883651076295, 30.242733892028589 ], [ -115.784108261809578, 30.243060814620925 ], [ -115.784412007244256, 30.243713308829591 ], [ -115.784693641050808, 30.244473876414894 ], [ -115.785234805756232, 30.246103083972201 ], [ -115.78570172909788, 30.247009739805282 ], [ -115.786561335615829, 30.248100497642842 ], [ -115.787527097363409, 30.249011767374764 ], [ -115.789564808908139, 30.250654802096246 ], [ -115.790427142429266, 30.251529002103617 ], [ -115.790976393206321, 30.252508586143495 ], [ -115.791029465970894, 30.253267030435282 ], [ -115.790639419187954, 30.254562779576109 ], [ -115.790486625845674, 30.25515690398046 ], [ -115.790418299305898, 30.255643529121052 ], [ -115.790457216775465, 30.255860446831445 ], [ -115.7906422966403, 30.256024574715763 ], [ -115.790588011175132, 30.256213561921147 ], [ -115.790240072593519, 30.256616395134699 ], [ -115.789714456480525, 30.257098794817512 ], [ -115.788485531304161, 30.258143153065497 ], [ -115.787711130440641, 30.258569103020086 ], [ -115.786616867112031, 30.258802596711021 ], [ -115.785567501900204, 30.258765800028833 ], [ -115.783513683133293, 30.25842190126016 ], [ -115.782620107664556, 30.258395551319325 ], [ -115.78199318754082, 30.258660419423016 ], [ -115.781841894370245, 30.259128220874047 ], [ -115.782014939519243, 30.260266758984702 ], [ -115.78174026140077, 30.260625133631766 ], [ -115.780743180585418, 30.260561714631692 ], [ -115.779356069766536, 30.260097630676032 ], [ -115.77619187533422, 30.258768753256632 ], [ -115.774681441284955, 30.258195189200773 ], [ -115.773314282869293, 30.257803414707382 ], [ -115.772546106217661, 30.257724031285928 ], [ -115.771608725342389, 30.257877660316812 ], [ -115.771284186691048, 30.258064103572924 ], [ -115.771247953160426, 30.258469808811949 ], [ -115.771512105603776, 30.258959541232159 ], [ -115.772340808460655, 30.260023030002774 ], [ -115.772583959490177, 30.260530609892367 ], [ -115.772484697297983, 30.260989863982086 ], [ -115.772076105652602, 30.261247706836748 ], [ -115.770949589003607, 30.261561974795161 ], [ -115.770447563727018, 30.261809912245674 ], [ -115.770068006895514, 30.26223946243001 ], [ -115.769937438380765, 30.262707443398863 ], [ -115.769925291494417, 30.263681836834351 ], [ -115.769824888437071, 30.264231309858779 ], [ -115.76953582381671, 30.264905335052518 ], [ -115.769154449873767, 30.265479236446932 ], [ -115.768299383151515, 30.26652691181194 ], [ -115.76783619684582, 30.266991760852637 ], [ -115.767301714413534, 30.267338635241916 ], [ -115.766874099425877, 30.267451910476382 ], [ -115.766125739554042, 30.267444860476793 ], [ -115.765721168193437, 30.267377884952818 ], [ -115.765255815057813, 30.267184010157905 ], [ -115.764884798936933, 30.266927861206106 ], [ -115.764237107485911, 30.266353288188999 ], [ -115.764052847764432, 30.266052318955985 ], [ -115.763992630410783, 30.265953959683422 ], [ -115.763906886236398, 30.265330549156914 ], [ -115.764008453630851, 30.264690860317259 ], [ -115.76439889213384, 30.263395203247022 ], [ -115.76449906079948, 30.263143498546015 ], [ -115.764696233999388, 30.262892708881516 ], [ -115.765834970789527, 30.261604103672827 ], [ -115.766299719143916, 30.26101295076942 ], [ -115.76646163457923, 30.260764172466288 ], [ -115.766555245697759, 30.260528104185145 ], [ -115.766559143327328, 30.260422344045907 ], [ -115.766529872039285, 30.260346254229649 ], [ -115.766463825787042, 30.26029043333498 ], [ -115.766408391047847, 30.260263030547641 ], [ -115.766224704557246, 30.260181127643463 ], [ -115.766144257196288, 30.260145257436189 ], [ -115.765999881736064, 30.260053664901502 ], [ -115.765952617001986, 30.259998126211393 ], [ -115.765938876960391, 30.25994481145063 ], [ -115.765948234586318, 30.259896454168409 ], [ -115.765981577513656, 30.25985498167578 ], [ -115.76609427858773, 30.259781196636908 ], [ -115.766117834071807, 30.259752491814442 ], [ -115.766136459338313, 30.25972466347509 ], [ -115.766143690324114, 30.259697273377299 ], [ -115.766137439734322, 30.259667178367295 ], [ -115.766116738467943, 30.259643698346036 ], [ -115.766082276091026, 30.259627408653614 ], [ -115.765776875209482, 30.259600402538961 ], [ -115.765256996621773, 30.259613548250954 ], [ -115.764039992349851, 30.259683276807078 ], [ -115.763417313268121, 30.259605212815732 ], [ -115.762766283894521, 30.259301297766637 ], [ -115.762303916351925, 30.258872837785411 ], [ -115.761567849990499, 30.257891372401385 ], [ -115.761188183726489, 30.257499783484111 ], [ -115.760785242746707, 30.257306483897246 ], [ -115.760493338003116, 30.257375907137778 ], [ -115.760020561114814, 30.257777476021445 ], [ -115.759847700210699, 30.258299185257862 ], [ -115.759801895891115, 30.259462745143789 ], [ -115.759898419416615, 30.260880302404988 ], [ -115.760233807003416, 30.26396941333735 ], [ -115.760443875421188, 30.265451206859048 ], [ -115.760738686414626, 30.266807477148177 ], [ -115.761019968642117, 30.267586134042478 ], [ -115.761569006458302, 30.26856583348329 ], [ -115.761905553888582, 30.269083338509361 ], [ -115.762366154799878, 30.269656154560902 ], [ -115.762797275826856, 30.270093342526007 ], [ -115.763630042782964, 30.270832088028989 ], [ -115.764186584075517, 30.271216316666322 ], [ -115.765023437457984, 30.271630256976504 ], [ -115.765762810239934, 30.271899882297131 ], [ -115.765833334659959, 30.27214104037137 ], [ -115.766479221466071, 30.272428999235405 ], [ -115.767069334746495, 30.272624044981708 ], [ -115.767723169786308, 30.272711409464609 ], [ -115.768222779292472, 30.27266197173385 ], [ -115.768316667267001, 30.272635785427465 ], [ -115.768970503718663, 30.272723143712589 ], [ -115.769283012756304, 30.272671942541887 ], [ -115.769566701643512, 30.272430982460005 ], [ -115.76969436062123, 30.272197578803961 ], [ -115.769793648923709, 30.271738328270661 ], [ -115.76983147053555, 30.271206314439144 ], [ -115.769845647196618, 30.270069523430422 ], [ -115.769925269040201, 30.269519855730557 ], [ -115.770149956837386, 30.269007643449065 ], [ -115.770444813992214, 30.268703623524953 ], [ -115.771104695746075, 30.26830377402818 ], [ -115.771522028475772, 30.268181365276906 ], [ -115.772114148762441, 30.268213989073693 ], [ -115.772683685667943, 30.268390769967837 ], [ -115.773800183454867, 30.268888484466611 ], [ -115.774525078442096, 30.26911182840108 ], [ -115.775583260600058, 30.269284146233794 ], [ -115.776622001129653, 30.269347995267207 ], [ -115.778680039217335, 30.269367208616778 ], [ -115.779678546225298, 30.269322379426018 ], [ -115.780616026049273, 30.269168695527984 ], [ -115.781179984043547, 30.268957388999773 ], [ -115.78193437514409, 30.268477154789132 ], [ -115.782289332170706, 30.268354131185291 ], [ -115.782599817479948, 30.268465297160592 ], [ -115.782762337444154, 30.268773598030673 ], [ -115.782939413337019, 30.269587334972766 ], [ -115.783080925082487, 30.269913486628855 ], [ -115.783328383190835, 30.270078204527806 ], [ -115.783599300692799, 30.270026582362796 ], [ -115.78416459212643, 30.269706996563791 ], [ -115.784686080296211, 30.269567466351354 ], [ -115.785685254625122, 30.269468458095641 ], [ -115.786829057946349, 30.26944296823692 ], [ -115.789261296569038, 30.269465481931409 ], [ -115.790393488961655, 30.269539109213323 ], [ -115.791357828434087, 30.269737502802144 ], [ -115.791832868872845, 30.269994537966038 ], [ -115.792293651495356, 30.270567253521463 ], [ -115.792497782818472, 30.270875926639313 ], [ -115.792649391336525, 30.271229231344584 ], [ -115.792697940071562, 30.271509399622619 ], [ -115.792691976963525, 30.271996599836363 ], [ -115.792605287216446, 30.272284544215047 ], [ -115.792351179863786, 30.272661176784052 ], [ -115.79201435591844, 30.273000952662912 ], [ -115.79125798618368, 30.273643644975031 ], [ -115.790909543811296, 30.274082566187683 ], [ -115.790620590267849, 30.274756640105103 ], [ -115.790487444299941, 30.275441176049451 ], [ -115.790376960145124, 30.276820710199416 ], [ -115.790255200316182, 30.277424141731728 ], [ -115.790000405990597, 30.277854902097054 ], [ -115.78988315576288, 30.277899225537109 ], [ -115.789500303339551, 30.277943089093917 ], [ -115.789043616158537, 30.277882147959133 ], [ -115.788976857078239, 30.277848213860118 ], [ -115.788756543435241, 30.277554655860339 ], [ -115.78864784998936, 30.277093465386262 ], [ -115.788567261887536, 30.276037001602482 ], [ -115.788472556471106, 30.275739849341512 ], [ -115.78845945740558, 30.275503633281811 ], [ -115.788370891787679, 30.275096768168869 ], [ -115.788248814832485, 30.274879080712427 ], [ -115.787971150060372, 30.274632883125683 ], [ -115.787744240358933, 30.274486410505965 ], [ -115.787341176176852, 30.274293189804634 ], [ -115.786896312999133, 30.274117627046046 ], [ -115.785964790907357, 30.2737841559582 ], [ -115.785426047821304, 30.273634787380242 ], [ -115.784741337466457, 30.273520154689852 ], [ -115.784138895751852, 30.273478468317467 ], [ -115.783016280209708, 30.273468037836448 ], [ -115.782329346598658, 30.273533836429916 ], [ -115.781391158432086, 30.27374166454614 ], [ -115.780514441885202, 30.274022244234395 ], [ -115.778822468825211, 30.274656144723661 ], [ -115.777904605668397, 30.274900229929422 ], [ -115.776843002122433, 30.274998594296896 ], [ -115.775991530768067, 30.274918450558438 ], [ -115.774498728681024, 30.27457964958251 ], [ -115.773731093707426, 30.274446136721153 ], [ -115.772920984445591, 30.274384406961474 ], [ -115.772338435312648, 30.274415038365483 ], [ -115.771400894588879, 30.274568661128388 ], [ -115.77095268768754, 30.274663709428101 ], [ -115.770545608798997, 30.274795235231608 ], [ -115.770315351078324, 30.274919397513699 ], [ -115.770031656578411, 30.275160358980965 ], [ -115.769904219350693, 30.275375718489492 ], [ -115.76980560251188, 30.275780835908286 ], [ -115.769768678458846, 30.276240672173646 ], [ -115.769762600964484, 30.276727867871564 ], [ -115.769472820689231, 30.277456023484724 ], [ -115.769111959960426, 30.278048162022731 ], [ -115.768608943592724, 30.278368266449942 ], [ -115.768131447756318, 30.278309634843101 ], [ -115.767201985105572, 30.277813632702841 ], [ -115.766694323541728, 30.277673503091936 ], [ -115.766100794623497, 30.277749118839559 ], [ -115.76561923806814, 30.278015274758392 ], [ -115.764768089548028, 30.278738124605727 ], [ -115.764399853269708, 30.279086553771183 ], [ -115.764146300150003, 30.279408995025133 ], [ -115.764091949806726, 30.279597968823886 ], [ -115.764182453302041, 30.279842449295419 ], [ -115.764035563702762, 30.279949340720069 ], [ -115.763504390628086, 30.280025533108873 ], [ -115.762765991905127, 30.280045625799698 ], [ -115.761081970203477, 30.280029698500851 ], [ -115.76016946234121, 30.279840595457006 ], [ -115.7591159675477, 30.279289222595526 ], [ -115.75827265776546, 30.278559371754447 ], [ -115.756796247670252, 30.276921187101099 ], [ -115.755953885682374, 30.276119145336004 ], [ -115.754903188340151, 30.27535120977258 ], [ -115.753994384326333, 30.274873358160903 ], [ -115.752318674158929, 30.274207730342095 ], [ -115.751448959022724, 30.273928743715658 ], [ -115.750515510598717, 30.273757421197462 ], [ -115.749829474455979, 30.273750871940706 ], [ -115.748704810059536, 30.273902544559149 ], [ -115.748101700299586, 30.273914825125175 ], [ -115.747417038636527, 30.273799998355425 ], [ -115.74687904749311, 30.273596340342607 ], [ -115.745949740913531, 30.273100191185616 ], [ -115.745411986304717, 30.272878483186055 ], [ -115.744728024365997, 30.272709510250063 ], [ -115.744125841091957, 30.272649596208094 ], [ -115.74300325196829, 30.272638822945659 ], [ -115.742347143190884, 30.272731776690382 ], [ -115.741501402381317, 30.273021413855581 ], [ -115.740747939355231, 30.273411187756686 ], [ -115.740539264889108, 30.273540949559877 ], [ -115.740362067350617, 30.273651137259154 ], [ -115.740077288025589, 30.273828222079892 ], [ -115.739333277643226, 30.274290865293086 ], [ -115.738785841457457, 30.274826981655625 ], [ -115.738659020853817, 30.275232952622552 ], [ -115.73855820888356, 30.275555663574007 ], [ -115.738564931044763, 30.275582797791323 ], [ -115.738511783506766, 30.275934188451725 ], [ -115.738722340850586, 30.276540768125546 ], [ -115.739456231479949, 30.277684753405993 ], [ -115.739759545240361, 30.278355386605966 ], [ -115.739935586649139, 30.279223303302651 ], [ -115.73992567174308, 30.27999919837686 ], [ -115.739719879138249, 30.281458966534025 ], [ -115.739707193906909, 30.282451390027557 ], [ -115.739874938277453, 30.283968892619143 ], [ -115.740167204553558, 30.285505639638629 ], [ -115.740876283477022, 30.288598375708315 ], [ -115.741314007748016, 30.290145542131093 ], [ -115.74191808642432, 30.291694306262777 ], [ -115.742487158941486, 30.292728412701425 ], [ -115.743590308507592, 30.294281963840518 ], [ -115.744017193110267, 30.295053027805132 ], [ -115.744194676224822, 30.295812674178833 ], [ -115.744063590482639, 30.296307688373869 ], [ -115.743492842782985, 30.297033082881232 ], [ -115.743258357362805, 30.297481987559348 ], [ -115.743125653265921, 30.298103308797188 ], [ -115.743138966971614, 30.298689939885492 ], [ -115.743311615733219, 30.299828511866515 ], [ -115.743480289439603, 30.300389565403055 ], [ -115.743491171676354, 30.300425762398213 ], [ -115.743857191560309, 30.30107894158423 ], [ -115.744287670521388, 30.301570322154795 ], [ -115.745213094643915, 30.302391281173144 ], [ -115.745603144639503, 30.302792038590034 ], [ -115.745828354982947, 30.303142960854746 ], [ -115.745847861464654, 30.303173355679593 ], [ -115.745865670370279, 30.303408127616652 ], [ -115.74567437816836, 30.303731126401889 ], [ -115.745773989546905, 30.304074959986419 ], [ -115.746264121360028, 30.304783461033466 ], [ -115.746981405472127, 30.305620459631225 ], [ -115.748643161631293, 30.307422942264314 ], [ -115.7493801355172, 30.308350347678825 ], [ -115.749929267856956, 30.309330093118188 ], [ -115.750107505468733, 30.310035599685342 ], [ -115.750093078316084, 30.311172375239362 ], [ -115.750147682880609, 30.311786469159792 ], [ -115.75032592585849, 30.312491975339345 ], [ -115.750568394623684, 30.313053724764345 ], [ -115.751117563459601, 30.314033465595148 ], [ -115.751359582648163, 30.314631301764543 ], [ -115.751536466064508, 30.315445070699571 ], [ -115.751589250790431, 30.316203516356058 ], [ -115.751570718857721, 30.317665084336486 ], [ -115.751828514653951, 30.318660087159593 ], [ -115.752620450757163, 30.320183524903054 ], [ -115.753682570775837, 30.321727578954523 ], [ -115.756077078349009, 30.324836278964661 ], [ -115.75720329646343, 30.3262545913325 ], [ -115.758187358861832, 30.327400851161485 ], [ -115.758701223190371, 30.327892977588011 ], [ -115.759258741165311, 30.328223100154599 ], [ -115.759505732103491, 30.328432974812177 ], [ -115.759689185146215, 30.328732477584708 ], [ -115.759747948687775, 30.329021774546295 ], [ -115.759744651329115, 30.329283413582836 ], [ -115.759740785405242, 30.329590162784328 ], [ -115.758785654164285, 30.329445754377065 ], [ -115.757830070463854, 30.329337427183475 ], [ -115.755681299096381, 30.328992167924717 ], [ -115.754622976694989, 30.328783585690385 ], [ -115.753596774041185, 30.328503116250864 ], [ -115.752944757676246, 30.328244253644758 ], [ -115.752014913508276, 30.327748136276206 ], [ -115.751373077765024, 30.327507409322788 ], [ -115.750377411575528, 30.327281345114706 ], [ -115.749359803562598, 30.327145294570265 ], [ -115.747302648360545, 30.326963190681859 ], [ -115.746264478477926, 30.326808873033301 ], [ -115.745207122375106, 30.326528039818143 ], [ -115.744483033025887, 30.326214305516309 ], [ -115.743368126966786, 30.325553935320894 ], [ -115.742831018458389, 30.325260034658797 ], [ -115.742334590413108, 30.325038707747996 ], [ -115.742044316611086, 30.324963731422095 ], [ -115.74166992177193, 30.324960129860354 ], [ -115.741419402348725, 30.325029904050574 ], [ -115.741042237800755, 30.325242828136581 ], [ -115.740664148170694, 30.325527926881787 ], [ -115.739907038315977, 30.326170296642101 ], [ -115.73942540401606, 30.326418301623487 ], [ -115.738737616696781, 30.326519947517642 ], [ -115.73807294165475, 30.326441351161716 ], [ -115.736766710978031, 30.326103910098109 ], [ -115.736163976964846, 30.326061994687066 ], [ -115.735661997928062, 30.326273696728702 ], [ -115.735428098182751, 30.326668450691081 ], [ -115.73522837652051, 30.327641011494404 ], [ -115.735077209007812, 30.3280726570258 ], [ -115.734823429875263, 30.328395032818666 ], [ -115.73455163282668, 30.328500680001007 ], [ -115.733990022038327, 30.328495244518372 ], [ -115.733699280850274, 30.328456337384516 ], [ -115.733388668456271, 30.328345052592773 ], [ -115.733161722664164, 30.328198485283533 ], [ -115.732791498844421, 30.327870067964678 ], [ -115.732439521323798, 30.327740334006712 ], [ -115.73175381158984, 30.327679547732714 ], [ -115.730962938566819, 30.327707968135492 ], [ -115.729276025782738, 30.327854003393234 ], [ -115.728361049311744, 30.327827063732403 ], [ -115.727303038932106, 30.327600218478977 ], [ -115.726454669148552, 30.327249083548338 ], [ -115.724967583630132, 30.326422518762403 ], [ -115.72418209995547, 30.326035890206665 ], [ -115.723312721586225, 30.325702576439653 ], [ -115.722649238192545, 30.325533683057149 ], [ -115.721528165206223, 30.325360314093473 ], [ -115.720967513089079, 30.325282647954431 ], [ -115.720406627367339, 30.325223023244888 ], [ -115.720032469333418, 30.325201315918747 ], [ -115.719470880543071, 30.325195818634405 ], [ -115.719137148012123, 30.325264735046559 ], [ -115.718697537868039, 30.325476982147979 ], [ -115.718298585339383, 30.325761810560987 ], [ -115.71754133255088, 30.326404046570509 ], [ -115.717017808896244, 30.326669603209254 ], [ -115.7162044957266, 30.326824036846372 ], [ -115.715372499922864, 30.32681586712118 ], [ -115.713689831885304, 30.32663691341099 ], [ -115.712850860226837, 30.326366990980997 ], [ -115.712016615826613, 30.325736188340635 ], [ -115.711465183213562, 30.324954775514769 ], [ -115.710645141016442, 30.323241339889588 ], [ -115.710526405950546, 30.322950775914027 ], [ -115.710405480280755, 30.322481041914784 ], [ -115.710270998917267, 30.321631550277431 ], [ -115.710105088620267, 30.320005767033219 ], [ -115.709970139551913, 30.319192362449517 ], [ -115.709731202147637, 30.318377931959294 ], [ -115.709467922878986, 30.317833952139384 ], [ -115.708917025988669, 30.317016442013756 ], [ -115.708569144034996, 30.316579901888893 ], [ -115.708076392347763, 30.316087791910029 ], [ -115.707603022010574, 30.315704148125615 ], [ -115.706675667748186, 30.315045323730988 ], [ -115.706264225524492, 30.314698379661017 ], [ -115.705957246353833, 30.314316375583513 ], [ -115.705857054752016, 30.314026647115707 ], [ -115.705863457444295, 30.313539466213463 ], [ -115.705763741122112, 30.313213650195358 ], [ -115.705458191551813, 30.312723382627535 ], [ -115.705048661326771, 30.312232085131161 ], [ -115.70412563044772, 30.311248456569487 ], [ -115.703695791489267, 30.310720861638544 ], [ -115.703329296189324, 30.31012170885451 ], [ -115.703148307329684, 30.309650716681574 ], [ -115.702971834922039, 30.3088368934126 ], [ -115.702956741813651, 30.308403637705737 ], [ -115.703087932197221, 30.307917693885628 ], [ -115.703321674435429, 30.3075410428536 ], [ -115.703891706673062, 30.30689703187176 ], [ -115.704146001449345, 30.306538628902761 ], [ -115.704338857388322, 30.306107432578852 ], [ -115.704405990250152, 30.305747175407465 ], [ -115.704414533878349, 30.305097600413529 ], [ -115.704315779197373, 30.304699608264944 ], [ -115.704010973899031, 30.304155206420095 ], [ -115.703601722502881, 30.30364586126397 ], [ -115.702678783630191, 30.302662223998805 ], [ -115.702228431422299, 30.302116374966744 ], [ -115.701800305180967, 30.301462468348561 ], [ -115.701537111954707, 30.300918473785281 ], [ -115.701175659363912, 30.29994039695848 ], [ -115.700958819271392, 30.29903593926425 ], [ -115.700669753040117, 30.297300643102822 ], [ -115.700404820466062, 30.295312940169779 ], [ -115.699899107250786, 30.291085125825894 ], [ -115.699551272990433, 30.289078550327336 ], [ -115.69901347139087, 30.287286638996921 ], [ -115.698464968055688, 30.28630669480108 ], [ -115.697357264497327, 30.285158769076634 ], [ -115.696865675555642, 30.284594445776438 ], [ -115.696498597846016, 30.284049406841362 ], [ -115.696378386782271, 30.283705333216929 ], [ -115.696384828540843, 30.283218151890239 ], [ -115.696472284816451, 30.282894192521962 ], [ -115.696728210262847, 30.282409495362646 ], [ -115.697067294179405, 30.281925625395932 ], [ -115.697828612121427, 30.280958709723929 ], [ -115.698168161936408, 30.280438748949003 ], [ -115.698425501383824, 30.27984578520072 ], [ -115.698514852824857, 30.279377473787942 ], [ -115.698525569552658, 30.278565503661138 ], [ -115.698387663943421, 30.277986655729642 ], [ -115.69796323579672, 30.277062081284473 ], [ -115.697393768643281, 30.276099970093721 ], [ -115.696109823586866, 30.274138204033648 ], [ -115.695654130310857, 30.273222334004835 ], [ -115.695570962889335, 30.272436497686652 ], [ -115.695888035188801, 30.272042640996233 ], [ -115.696922413422996, 30.271646901686275 ], [ -115.697504956777934, 30.271616606107322 ], [ -115.698218216988266, 30.271921461793699 ], [ -115.698577843657773, 30.272240845031785 ], [ -115.69940584868047, 30.273304773966014 ], [ -115.69984625978158, 30.273805418013172 ], [ -115.700339479231445, 30.274243423303258 ], [ -115.700721098440411, 30.274472788328708 ], [ -115.701372735969699, 30.274722877182999 ], [ -115.701674292109814, 30.274716845060393 ], [ -115.70192731980589, 30.274448661582841 ], [ -115.702047475583001, 30.274007721663008 ], [ -115.702154914320587, 30.272953085527071 ], [ -115.702296567521969, 30.272458219797919 ], [ -115.702614088335537, 30.272028258374608 ], [ -115.703001636325652, 30.271806520952069 ], [ -115.703846758795237, 30.271571266971851 ], [ -115.704285442979824, 30.27141319354341 ], [ -115.704756374132955, 30.271174229780321 ], [ -115.705102574952051, 30.270934030703515 ], [ -115.70567024405527, 30.270452396643698 ], [ -115.706108920507162, 30.270294316847416 ], [ -115.706857284638389, 30.27030171044024 ], [ -115.707665885206637, 30.270472110168793 ], [ -115.709343334507835, 30.270975904588173 ], [ -115.710211950380369, 30.271327342469387 ], [ -115.711140343785047, 30.271877871498521 ], [ -115.711819051403992, 30.272443983808699 ], [ -115.712926790944579, 30.27359179004743 ], [ -115.713492947625596, 30.274021440794986 ], [ -115.714083662228902, 30.274162590934758 ], [ -115.714502024631756, 30.273968191174454 ], [ -115.715166389489553, 30.273243841011848 ], [ -115.715494839766663, 30.272768839048599 ], [ -115.715815829148795, 30.272068185148441 ], [ -115.716022361290754, 30.271375430985863 ], [ -115.71632096544603, 30.269997822256233 ], [ -115.716537296153092, 30.269350278582316 ], [ -115.716887687419984, 30.268785256359244 ], [ -115.717255342800115, 30.268491095842645 ], [ -115.718007917263577, 30.268173634262503 ], [ -115.718508459003615, 30.268052210485795 ], [ -115.71925751254048, 30.268005400852111 ], [ -115.720005394950647, 30.268048806730793 ], [ -115.721499993013197, 30.268225825595628 ], [ -115.722206303380261, 30.268268813005847 ], [ -115.722830632085319, 30.268220765651044 ], [ -115.723164868305716, 30.268097701647285 ], [ -115.723543246950726, 30.26777655820111 ], [ -115.723794564336572, 30.26763463788166 ], [ -115.724170138983879, 30.267530020421386 ], [ -115.724544779748939, 30.267497577848545 ], [ -115.725293128085738, 30.267504865475075 ], [ -115.725616615670162, 30.267408759859652 ], [ -115.725838729003797, 30.267113157951336 ], [ -115.725885430443057, 30.266716594333936 ], [ -115.725803423114243, 30.26582250559024 ], [ -115.725581757162303, 30.265278959974204 ], [ -115.724998771578925, 30.264542410337 ], [ -115.724248801324677, 30.263858370249892 ], [ -115.722581900148327, 30.262542787774631 ], [ -115.721841536943302, 30.261921989980731 ], [ -115.721287322850628, 30.261375191066357 ], [ -115.721103989284046, 30.2610846603264 ], [ -115.721108198553182, 30.260759868485493 ], [ -115.721235486620955, 30.260562602495007 ], [ -115.72161314024747, 30.260295595602951 ], [ -115.722115273328512, 30.260047848615972 ], [ -115.723244013223479, 30.259571608600577 ], [ -115.723644077038188, 30.259178490103114 ], [ -115.723715534856993, 30.25847538125031 ], [ -115.723434573346452, 30.257696652276959 ], [ -115.722520251452309, 30.256063570363427 ], [ -115.722250982764521, 30.255185698325054 ], [ -115.722357477249773, 30.254185167865266 ], [ -115.722804227269222, 30.253395488103301 ], [ -115.724037961540475, 30.252026970883691 ], [ -115.724173185619705, 30.251888063474549 ], [ -115.72430067866064, 30.251803951152969 ], [ -115.725431409624278, 30.251165292264009 ], [ -115.725957064724511, 30.250701202219165 ], [ -115.725973592230361, 30.250673290932159 ], [ -115.726403304023705, 30.249947596602965 ], [ -115.726621382063499, 30.249155678669087 ], [ -115.726829376307691, 30.24753353107182 ], [ -115.726861094986887, 30.246685661804047 ], [ -115.726748263194452, 30.245764202101636 ], [ -115.726528494500769, 30.245076305021996 ], [ -115.7259820271763, 30.243934072186804 ], [ -115.725677275259514, 30.243389717836344 ], [ -115.725309481083883, 30.242898888385216 ], [ -115.725001241455601, 30.242625193625827 ], [ -115.724444316860186, 30.242294937922956 ], [ -115.724156164269573, 30.242075575823225 ], [ -115.723848629929293, 30.241747746292127 ], [ -115.723624225425155, 30.241420726037347 ], [ -115.723258548042509, 30.240767494626901 ], [ -115.723078044075024, 30.240260437949626 ], [ -115.722902208286001, 30.239392499785545 ], [ -115.722789652637189, 30.238452992909767 ], [ -115.722627822892562, 30.236502410231022 ], [ -115.722525312433817, 30.235590070302784 ], [ -115.722379608908824, 30.23480363346021 ], [ -115.722239279760515, 30.234405245324119 ], [ -115.721963995939859, 30.233996517524783 ], [ -115.721675172104995, 30.233831282763962 ], [ -115.721083983690818, 30.233744304879846 ], [ -115.720387492602484, 30.233764574021642 ], [ -115.718889204434461, 30.233912349577277 ], [ -115.718034166855531, 30.234138588671623 ], [ -115.716967337345736, 30.234669535870836 ], [ -115.71604431893563, 30.235328207796822 ], [ -115.71434206752798, 30.236773266500023 ], [ -115.713294560996388, 30.237412650121708 ], [ -115.711854317143846, 30.237885747355371 ], [ -115.710501425131, 30.238034854912005 ], [ -115.707883004054963, 30.238009056325961 ], [ -115.706616065815297, 30.237942415889119 ], [ -115.705433672957923, 30.237768320996469 ], [ -115.704729957339097, 30.237544810087019 ], [ -115.703801206623709, 30.23704837505613 ], [ -115.703366229576488, 30.236935793149449 ], [ -115.702990042034656, 30.237094485946574 ], [ -115.702798037802268, 30.237471556705923 ], [ -115.702598210567601, 30.238444076559297 ], [ -115.702313279180174, 30.238775110475014 ], [ -115.701658315019259, 30.238795690553868 ], [ -115.700851645020578, 30.238498953451924 ], [ -115.699086621387764, 30.237588148953837 ], [ -115.698263231148928, 30.236984443799191 ], [ -115.697558070417173, 30.236084145775248 ], [ -115.697206189557718, 30.235187357469172 ], [ -115.696855706905339, 30.233397292240248 ], [ -115.696773503182953, 30.232539277148788 ], [ -115.696877365759022, 30.231755297648981 ], [ -115.697132670960031, 30.231306679859493 ], [ -115.697794720228444, 30.230744803729372 ], [ -115.698150349246831, 30.230567874871696 ], [ -115.698555192253039, 30.230598966009151 ], [ -115.698874303767454, 30.23082771364189 ], [ -115.699426799935836, 30.231482864779348 ], [ -115.699775542342152, 30.231829205191517 ], [ -115.700269271126913, 30.232213075562981 ], [ -115.700743410361028, 30.232506518485838 ], [ -115.701672103040451, 30.233002973831859 ], [ -115.70209678930614, 30.233106435977458 ], [ -115.702442148240991, 30.232920370663727 ], [ -115.70259305838934, 30.232506800554766 ], [ -115.702700428934662, 30.231452155963662 ], [ -115.702811197787113, 30.230929910273986 ], [ -115.70303613400344, 30.230417817680841 ], [ -115.703300258429664, 30.230086575369477 ], [ -115.703867693419554, 30.229604939588071 ], [ -115.704142320786971, 30.229264776185364 ], [ -115.704398769657203, 30.228725923110076 ], [ -115.70455155713212, 30.228167998352596 ], [ -115.704753469192923, 30.227033077147791 ], [ -115.705000110345992, 30.226449009828844 ], [ -115.705538120641563, 30.22583172786074 ], [ -115.706188161096264, 30.225386989639183 ], [ -115.707600263285613, 30.224670047987576 ], [ -115.708301642929968, 30.224270920996492 ], [ -115.70899368862473, 30.223790489680383 ], [ -115.709445719996737, 30.223388899613692 ], [ -115.71010976632995, 30.222664560835447 ], [ -115.710405601205068, 30.222288499227989 ], [ -115.710629064787355, 30.221884655362928 ], [ -115.71070567064649, 30.221587644408615 ], [ -115.710712025788268, 30.221100455691449 ], [ -115.710913531111132, 30.220786626895769 ], [ -115.71116729547451, 30.220593894092094 ], [ -115.711602717141872, 30.220522708880132 ], [ -115.711978827673818, 30.220363988717395 ], [ -115.712638604599064, 30.219964428444833 ], [ -115.713362117318255, 30.21945721231528 ], [ -115.713697840710608, 30.219207858770911 ], [ -115.714095189665883, 30.21901324806548 ], [ -115.714911129230117, 30.218588138486208 ], [ -115.715570882736003, 30.21818856265438 ], [ -115.71585453675857, 30.217947716232953 ], [ -115.715956391261344, 30.217775681322962 ], [ -115.71698976733559, 30.217445332923621 ], [ -115.717690399645505, 30.217388207086621 ], [ -115.719207577896228, 30.217366949404308 ], [ -115.722573431786557, 30.217399798245726 ], [ -115.723823693111981, 30.217489608238036 ], [ -115.724317294410085, 30.217525061767766 ], [ -115.726183033972546, 30.217868043614427 ], [ -115.727548743287926, 30.218314423842781 ], [ -115.729780153092079, 30.219310575585251 ], [ -115.730343863557678, 30.219473073308752 ], [ -115.730607539764492, 30.219607334635025 ], [ -115.731176023641467, 30.219838419789006 ], [ -115.731580837117249, 30.219869407954491 ], [ -115.731687039865335, 30.219689971579982 ], [ -115.731635955403647, 30.219352610693779 ], [ -115.731862519318256, 30.218969812806776 ], [ -115.731973724409187, 30.21759033730735 ], [ -115.732065627171849, 30.216905462178854 ], [ -115.732175296868135, 30.216455362349315 ], [ -115.7322780974295, 30.216114424339988 ], [ -115.732412401931043, 30.215789937712135 ], [ -115.732794707840412, 30.215143962860491 ], [ -115.732925032759326, 30.21470308510111 ], [ -115.732933704820283, 30.214026427506891 ], [ -115.73283714692765, 30.213454023477809 ], [ -115.732843468047491, 30.21296081520569 ], [ -115.732665272600585, 30.212273327618799 ], [ -115.732117859172959, 30.211212316893445 ], [ -115.731678125877778, 30.210666669523931 ], [ -115.730906337841802, 30.210090736661346 ], [ -115.73005975969626, 30.209676492798501 ], [ -115.729948402773161, 30.20963449333706 ], [ -115.728291823660442, 30.209009681476463 ], [ -115.727422981772762, 30.208712506726513 ], [ -115.726584378419929, 30.208487805775885 ], [ -115.726082434291968, 30.208414413531916 ], [ -115.724069523586209, 30.207741494708579 ], [ -115.721906129273421, 30.207133911255834 ], [ -115.721607938412191, 30.207075828135771 ], [ -115.720788028545414, 30.206834262679859 ], [ -115.719139598786299, 30.206574540085963 ], [ -115.717437487099019, 30.206449619750565 ], [ -115.713979583210914, 30.206334534333319 ], [ -115.712466334170941, 30.206067031120035 ], [ -115.71138449336658, 30.205379661855055 ], [ -115.711094671228793, 30.204501562937342 ], [ -115.711307028932438, 30.202554640389231 ], [ -115.711339791699658, 30.20163459630157 ], [ -115.711225729931186, 30.200821387259172 ], [ -115.711002866490446, 30.20038608278443 ], [ -115.710448340536431, 30.199893377017261 ], [ -115.710141214043517, 30.199547474301625 ], [ -115.709774359482651, 30.199002472767166 ], [ -115.709470062695544, 30.19844003960986 ], [ -115.708924032377254, 30.197297740907413 ], [ -115.708640046768295, 30.196771598674896 ], [ -115.708334113900804, 30.196335471637646 ], [ -115.708108209780988, 30.19613473563442 ], [ -115.707736429373995, 30.195968654422984 ], [ -115.707510527315847, 30.195767917438786 ], [ -115.707204602463307, 30.195331787936766 ], [ -115.706920631383198, 30.194805642257979 ], [ -115.706374649352412, 30.193663333766501 ], [ -115.706090687201524, 30.193137186428732 ], [ -115.705784776422732, 30.192701053864059 ], [ -115.705558885659826, 30.19250031375357 ], [ -115.705187123235305, 30.192334225747747 ], [ -115.704971502182147, 30.192142609259641 ], [ -115.70469640208168, 30.19173384812537 ], [ -115.704453524161679, 30.191244195992702 ], [ -115.703999995241801, 30.190184000118609 ], [ -115.703766446241929, 30.189775647741907 ], [ -115.703519322490052, 30.189610787156084 ], [ -115.703340996684119, 30.189744371989704 ], [ -115.703053140202627, 30.190309986856043 ], [ -115.702765183964374, 30.190090581820392 ], [ -115.702189183165302, 30.188866750807971 ], [ -115.701517155891452, 30.187046435402497 ], [ -115.700077143609022, 30.182809311848807 ], [ -115.699396111676819, 30.18088964104254 ], [ -115.698792962093165, 30.179367760365789 ], [ -115.698468727774809, 30.178750965431476 ], [ -115.69809916420941, 30.178422462363145 ], [ -115.697876880608419, 30.177951049194284 ], [ -115.697579595791836, 30.176865312975018 ], [ -115.69730640842397, 30.175527165562428 ], [ -115.69678414547856, 30.172598458353406 ], [ -115.696510740955276, 30.171278353163171 ], [ -115.696212775813379, 30.170246745995161 ], [ -115.695989567869077, 30.169847506115929 ], [ -115.695617906153217, 30.16968139340041 ], [ -115.695413091687641, 30.169462799699183 ], [ -115.69517031070454, 30.16897313171529 ], [ -115.694970491305682, 30.168375612121253 ], [ -115.694613818377633, 30.167072720969362 ], [ -115.694518549049647, 30.166422101609555 ], [ -115.6945894074302, 30.165773135226146 ], [ -115.694802771655986, 30.165342143679286 ], [ -115.695372001701827, 30.164698133673721 ], [ -115.695523063510223, 30.164266521239394 ], [ -115.695407024777225, 30.163615695695469 ], [ -115.695062569714764, 30.162962598415564 ], [ -115.694145258226143, 30.161654128232009 ], [ -115.693739237152215, 30.160946275519855 ], [ -115.693438472688953, 30.160131191106874 ], [ -115.693343216003527, 30.159480570648828 ], [ -115.69335820669761, 30.158343793979519 ], [ -115.693428588957957, 30.15773091565406 ], [ -115.693624743640086, 30.157029057183692 ], [ -115.693881284274724, 30.156472170980827 ], [ -115.694454745812749, 30.155503369156257 ], [ -115.694586458512376, 30.154963285775835 ], [ -115.694408144189438, 30.154311839287242 ], [ -115.693979245917419, 30.153766177649302 ], [ -115.692870878654361, 30.152780633478372 ], [ -115.692298797199953, 30.152071122153526 ], [ -115.691722087631149, 30.150986751233742 ], [ -115.691557008979757, 30.150060571482946 ], [ -115.691438627358011, 30.149590183185449 ], [ -115.691257483369981, 30.149155261833446 ], [ -115.691073958254307, 30.148900781105347 ], [ -115.69098253324637, 30.148819480462745 ], [ -115.69053459111322, 30.147289265516921 ], [ -115.690155373113171, 30.146130507699951 ], [ -115.689732971315919, 30.14509764294073 ], [ -115.689726725343149, 30.145086822116635 ], [ -115.689672594821388, 30.14495266845627 ], [ -115.689408182493764, 30.144534959724719 ], [ -115.68885621701429, 30.143879774227862 ], [ -115.688634287718031, 30.143390302498265 ], [ -115.68852046156951, 30.142577074157654 ], [ -115.688552678240669, 30.141711165487326 ], [ -115.688763147443794, 30.139926667220593 ], [ -115.68875455563574, 30.139006211023769 ], [ -115.688518319756398, 30.138029341105025 ], [ -115.688133189515185, 30.137321680035217 ], [ -115.687214045796352, 30.136175563030591 ], [ -115.686785979350134, 30.135575747648815 ], [ -115.686420912864222, 30.134922421883669 ], [ -115.686409980669694, 30.134892781887704 ], [ -115.68624053244973, 30.134433361842049 ], [ -115.686064456328879, 30.133619507940352 ], [ -115.685944922276121, 30.133239335357345 ], [ -115.685863799014143, 30.133094151458373 ], [ -115.685762395261662, 30.132912671519712 ], [ -115.68557771742212, 30.132748404259189 ], [ -115.685206210988099, 30.132582265792177 ], [ -115.685042771869362, 30.132382117538867 ], [ -115.684923960743447, 30.131947811855309 ], [ -115.684889381002506, 30.131424117423361 ], [ -115.68490108933949, 30.130540966270107 ], [ -115.68490445168554, 30.130287339744832 ], [ -115.684908740897839, 30.129132518567406 ], [ -115.698115128442154, 30.117249356395416 ] ], [ [ -115.737026982398049, 30.174977204658916 ], [ -115.737163700965766, 30.174843171773091 ], [ -115.737292451102093, 30.17451957317833 ], [ -115.737370315833388, 30.174114275126403 ], [ -115.737475159014679, 30.173221979505133 ], [ -115.737583828230598, 30.172844047531683 ], [ -115.737804993433244, 30.172602547128498 ], [ -115.738064933505271, 30.172577978122824 ], [ -115.738623590558632, 30.172745770230872 ], [ -115.738935335094709, 30.172730720908685 ], [ -115.739311909270285, 30.172517781631068 ], [ -115.73962778666656, 30.172177932080295 ], [ -115.740198839438278, 30.171371321562496 ], [ -115.740577470900789, 30.170995979013824 ], [ -115.741142316427926, 30.170676562083642 ], [ -115.741705095121333, 30.170519542063268 ], [ -115.742828586010802, 30.170367894149976 ], [ -115.743380404596991, 30.17025587829033 ], [ -115.743912370248879, 30.170071483628714 ], [ -115.744247160972606, 30.169876176221283 ], [ -115.744719566214997, 30.169474648916996 ], [ -115.744909899169372, 30.169205771021243 ], [ -115.745008494764704, 30.168800665780282 ], [ -115.744982488763782, 30.168394368508562 ], [ -115.744805877516328, 30.167580581846167 ], [ -115.74465550198363, 30.167155047902661 ], [ -115.744380986530501, 30.166692232548215 ], [ -115.744073837025454, 30.166346407156887 ], [ -115.74342690729425, 30.165771744675578 ], [ -115.742922256535167, 30.165442071521156 ], [ -115.742055233924788, 30.16502771285672 ], [ -115.741114849933751, 30.164666784474203 ], [ -115.73916073383792, 30.163998342741102 ], [ -115.738290752798065, 30.163818536868064 ], [ -115.737634906509058, 30.163947577710459 ], [ -115.737411806249327, 30.164342455838788 ], [ -115.737398352344414, 30.165398051484683 ], [ -115.737299039721321, 30.165857283518111 ], [ -115.737014554987937, 30.166179383632475 ], [ -115.736639726748521, 30.166256984358288 ], [ -115.735799729152063, 30.166167683320268 ], [ -115.735373445213611, 30.166208691431226 ], [ -115.73493458862194, 30.166421019340873 ], [ -115.734629443597626, 30.166733891572104 ], [ -115.734152861593969, 30.167460180035139 ], [ -115.733939661244094, 30.167891240288252 ], [ -115.733776645628041, 30.168458133722403 ], [ -115.733718154250099, 30.168971896135258 ], [ -115.733705696647263, 30.16994629004267 ], [ -115.733812187338216, 30.170551877558676 ], [ -115.734144121025068, 30.171394245776547 ], [ -115.734590857827186, 30.17219260424535 ], [ -115.735599151604177, 30.17374530715378 ], [ -115.736078559250913, 30.174426673019237 ], [ -115.736508470569618, 30.174918071628323 ], [ -115.73674557713214, 30.175055704420647 ], [ -115.737026982398049, 30.174977204658916 ] ], [ [ -115.73332228861382, 30.193421117679208 ], [ -115.733326215400339, 30.193114365201875 ], [ -115.733237246457264, 30.192761599083067 ], [ -115.733085038820562, 30.192480407909944 ], [ -115.73271738685726, 30.191989599908336 ], [ -115.732534833366515, 30.191644952104696 ], [ -115.73235482370967, 30.191101817180659 ], [ -115.732237361088394, 30.19054124020813 ], [ -115.732064983951688, 30.189402644166975 ], [ -115.7321155417456, 30.188699319430576 ], [ -115.732439585482723, 30.187727940717117 ], [ -115.732929093860918, 30.186812299252235 ], [ -115.734073551787588, 30.185036746562538 ], [ -115.734480181705379, 30.184102251874599 ], [ -115.734555640149836, 30.183074328093692 ], [ -115.734274784047116, 30.182295617316786 ], [ -115.733356774512202, 30.180987404940037 ], [ -115.73294947074065, 30.180351842407095 ], [ -115.732645555434317, 30.179753370740521 ], [ -115.732546330138945, 30.179391481376939 ], [ -115.732552567081243, 30.178904285362645 ], [ -115.732661261995744, 30.178526358505437 ], [ -115.732981107025807, 30.177879773331501 ], [ -115.733405482958332, 30.177180057045639 ], [ -115.734358749584331, 30.175727488639538 ], [ -115.734627691295771, 30.174999198186331 ], [ -115.734481270128569, 30.174266900475441 ], [ -115.733968300516864, 30.173774693821972 ], [ -115.732575825728659, 30.173030362182281 ], [ -115.73179104527307, 30.172679893136745 ], [ -115.730829168636106, 30.172372822552166 ], [ -115.730010819094446, 30.172211506907018 ], [ -115.728517646954629, 30.172034623920222 ], [ -115.72756535982019, 30.171790785479303 ], [ -115.726201677042383, 30.171236155187565 ], [ -115.724881170386965, 30.170555604967159 ], [ -115.722283375491443, 30.169068560768345 ], [ -115.720973774921319, 30.168351985236097 ], [ -115.719642727455494, 30.167689327148906 ], [ -115.718733906019906, 30.167301477727662 ], [ -115.717338486797132, 30.166800586606549 ], [ -115.716778616785547, 30.166731948913338 ], [ -115.716494415111782, 30.167026936150929 ], [ -115.716580615658458, 30.167587221074474 ], [ -115.717123429795762, 30.168973087666028 ], [ -115.717416018062821, 30.169634645832794 ], [ -115.717750961667718, 30.170233454607754 ], [ -115.718016611156173, 30.170569911147307 ], [ -115.718478615939105, 30.170980471490861 ], [ -115.718849856464729, 30.171182609100349 ], [ -115.719501572498231, 30.171378460499913 ], [ -115.720216525680371, 30.171502739621939 ], [ -115.721709671387018, 30.171679716468851 ], [ -115.72246523353742, 30.171876565174102 ], [ -115.723238774677355, 30.172290142741783 ], [ -115.723772449473685, 30.172782591756615 ], [ -115.72459994003772, 30.173846360917135 ], [ -115.724799949749297, 30.174443840411051 ], [ -115.724572474264917, 30.175172512602543 ], [ -115.723993331101639, 30.175789484733649 ], [ -115.722483356751852, 30.176911716940648 ], [ -115.721832082861695, 30.177482860137928 ], [ -115.721388254659018, 30.178074068760303 ], [ -115.721299820248618, 30.178488275982112 ], [ -115.721478350269294, 30.179139690004828 ], [ -115.721714046940775, 30.179385614895622 ], [ -115.722242606138806, 30.179471974300835 ], [ -115.722887839563256, 30.179369979499182 ], [ -115.724294972880386, 30.178977626795803 ], [ -115.725075779590554, 30.178831823379795 ], [ -115.726011073096913, 30.178786771667532 ], [ -115.726789091630792, 30.1788574890037 ], [ -115.728187859332991, 30.179114687374703 ], [ -115.728808377971873, 30.179319214388091 ], [ -115.729271163208352, 30.17967560583353 ], [ -115.729421952076635, 30.180065066727945 ], [ -115.72941153093123, 30.18087705893403 ], [ -115.729291162245531, 30.181354125398276 ], [ -115.728940474617318, 30.181973331906786 ], [ -115.728476360709237, 30.182528274961594 ], [ -115.727434694869274, 30.183573892317394 ], [ -115.726793672227373, 30.184154182038231 ], [ -115.725912276656416, 30.184849435657153 ], [ -115.725084305015017, 30.185427900242498 ], [ -115.723481771653908, 30.186468030802569 ], [ -115.722768825338377, 30.1869844370203 ], [ -115.722232538301171, 30.187493537332916 ], [ -115.722051677807059, 30.187825634700612 ], [ -115.722045386949134, 30.188312828060635 ], [ -115.722114473400339, 30.188593221550438 ], [ -115.722328024709654, 30.188947208469909 ], [ -115.722614858242736, 30.189256792736764 ], [ -115.72326181154466, 30.189831556816547 ], [ -115.723696375907508, 30.189962112325642 ], [ -115.724353109141873, 30.1897790145462 ], [ -115.725013094606041, 30.189343294384486 ], [ -115.726336299281229, 30.188219224315429 ], [ -115.727007695477411, 30.187702395275331 ], [ -115.727698695493913, 30.187275985269697 ], [ -115.728178970116858, 30.187082132455771 ], [ -115.728928796428846, 30.186926983673491 ], [ -115.729333011311596, 30.186994063547758 ], [ -115.729795833343928, 30.187350453821271 ], [ -115.730162991113971, 30.187877357955394 ], [ -115.730801650390902, 30.189101679202217 ], [ -115.730959720160584, 30.189734836348212 ], [ -115.730795258353552, 30.190409988233682 ], [ -115.730363080600966, 30.190902083116534 ], [ -115.729230998619428, 30.191703209173543 ], [ -115.728727149783623, 30.192113394564451 ], [ -115.728347695181228, 30.192542830798718 ], [ -115.728219122354602, 30.192848373999929 ], [ -115.728212860590574, 30.193335568158055 ], [ -115.728407063051378, 30.193581079015306 ], [ -115.728995934330101, 30.193830415741246 ], [ -115.729783185539517, 30.194000462585873 ], [ -115.731556072681798, 30.194261252295124 ], [ -115.732355220985596, 30.194314096740161 ], [ -115.732979771144571, 30.194211854168305 ], [ -115.733221538067383, 30.193988608927167 ], [ -115.73332228861382, 30.193421117679208 ] ], [ [ -115.763079561642058, 30.206067102568952 ], [ -115.763923987218334, 30.205831438642562 ], [ -115.764372786985703, 30.205664227140122 ], [ -115.764874761503961, 30.205398258927609 ], [ -115.765262585389578, 30.205122190367003 ], [ -115.765924079287274, 30.204559951839592 ], [ -115.765928582155837, 30.204199062685145 ], [ -115.765280606433365, 30.203678634110673 ], [ -115.764196153168498, 30.203172135363737 ], [ -115.761590800663143, 30.202173036091047 ], [ -115.7603922403176, 30.20165640523425 ], [ -115.759401883123402, 30.201105640763824 ], [ -115.758949840814537, 30.20070433817099 ], [ -115.758584066758132, 30.200051199042633 ], [ -115.758424899055896, 30.199490248387637 ], [ -115.75831316815389, 30.198460536058189 ], [ -115.758286116434604, 30.197305299499593 ], [ -115.758316688398878, 30.194869301655984 ], [ -115.758279589619008, 30.193686899501536 ], [ -115.758137725626156, 30.192575691338995 ], [ -115.75793838616184, 30.191906079809083 ], [ -115.757482235298468, 30.191008452564219 ], [ -115.757227008785307, 30.190654125614611 ], [ -115.756917475455083, 30.190488772523072 ], [ -115.75665681132692, 30.190567510933427 ], [ -115.756184349016593, 30.190969078503496 ], [ -115.755994682515265, 30.191183838296528 ], [ -115.755898147547725, 30.191426551266492 ], [ -115.755926923178563, 30.19161631332673 ], [ -115.756109786151725, 30.191942886441669 ], [ -115.756127609326882, 30.192177660999413 ], [ -115.755998214403306, 30.192555411597827 ], [ -115.755764731445737, 30.19295022098418 ], [ -115.755193671877805, 30.193756896764953 ], [ -115.754960409798926, 30.194133660066587 ], [ -115.754831688855973, 30.194457275978092 ], [ -115.75485041752313, 30.194619872914032 ], [ -115.75503532546108, 30.194784047755821 ], [ -115.755053600423921, 30.194982733484494 ], [ -115.754923516164638, 30.195414615867818 ], [ -115.754688432005267, 30.195935733691002 ], [ -115.754113255556021, 30.197067202846419 ], [ -115.753763797877681, 30.197596255163894 ], [ -115.753290607407223, 30.198051943776449 ], [ -115.752851415739713, 30.198282372113212 ], [ -115.752007031564048, 30.198517966045106 ], [ -115.75146419664992, 30.198729356515724 ], [ -115.750680074507088, 30.199127934441233 ], [ -115.749916035459137, 30.199580838623969 ], [ -115.748408025276063, 30.200540964299361 ], [ -115.747707199849913, 30.200922272456499 ], [ -115.747112751658975, 30.201106081619994 ], [ -115.746822834724171, 30.201031124702396 ], [ -115.746547535013832, 30.200622446269353 ], [ -115.746510103583816, 30.200297251019059 ], [ -115.746673106193029, 30.19973034385789 ], [ -115.746982205279991, 30.199110693138476 ], [ -115.747746487630877, 30.197818644829919 ], [ -115.74798503799687, 30.197026875444504 ], [ -115.747936420779737, 30.195943619001913 ], [ -115.747616849901931, 30.194929960894267 ], [ -115.746706777274241, 30.192972239210487 ], [ -115.746230182082641, 30.192056332814328 ], [ -115.745710451362427, 30.191266337942519 ], [ -115.745320824341547, 30.190865586630878 ], [ -115.744671672216469, 30.190453326788994 ], [ -115.744278847136542, 30.190305193426006 ], [ -115.743749520660458, 30.190273053817819 ], [ -115.74326013328114, 30.190367620600867 ], [ -115.742321293484181, 30.19068345737103 ], [ -115.741780318387129, 30.19075045398349 ], [ -115.741096237890261, 30.190635609305524 ], [ -115.740497081912039, 30.190377204572304 ], [ -115.739383703364183, 30.189716831337194 ], [ -115.738836600491879, 30.189449896282206 ], [ -115.738308661435298, 30.189309469025503 ], [ -115.737975863319392, 30.189342359739143 ], [ -115.737505405492769, 30.189581459353025 ], [ -115.737271627209452, 30.18999427838224 ], [ -115.737040748320069, 30.190993636571378 ], [ -115.736889726519593, 30.192246414508862 ], [ -115.736667533166383, 30.195005389348466 ], [ -115.736516729040019, 30.196240121520049 ], [ -115.736286517059412, 30.197185343996015 ], [ -115.736053636718879, 30.197525982642734 ], [ -115.735585210385494, 30.197602675418636 ], [ -115.73529531331927, 30.197527693508793 ], [ -115.73489405053671, 30.197226055352488 ], [ -115.734515178527957, 30.196798306682521 ], [ -115.733779833232518, 30.195816697043142 ], [ -115.733378350991586, 30.195533098759881 ], [ -115.732909239187819, 30.195663914971743 ], [ -115.732528863438233, 30.19616554021384 ], [ -115.731856835939098, 30.197539598031778 ], [ -115.731618618881015, 30.19829524580841 ], [ -115.731576007332805, 30.199188134058566 ], [ -115.73174321004096, 30.199920633685718 ], [ -115.732287439623434, 30.201225243019334 ], [ -115.732527705378573, 30.201931378354217 ], [ -115.732704265641786, 30.202745176257352 ], [ -115.732758264825804, 30.203395371042205 ], [ -115.732743699786766, 30.204532157526618 ], [ -115.732673284526456, 30.205163103010722 ], [ -115.732476602194623, 30.205919152803457 ], [ -115.732219211682022, 30.206548289878889 ], [ -115.731643715576311, 30.207679649560056 ], [ -115.73142844360774, 30.20826407612833 ], [ -115.731358132163933, 30.20888599813502 ], [ -115.73145622118021, 30.20933810856403 ], [ -115.731820803859165, 30.210072517298673 ], [ -115.732034781035892, 30.210399423295566 ], [ -115.732312127309172, 30.210645732806849 ], [ -115.732560393159474, 30.210729342554441 ], [ -115.733027843587152, 30.210733861546089 ], [ -115.733359328272144, 30.21080925089926 ], [ -115.733886333445199, 30.211030899705289 ], [ -115.734433192932215, 30.211324923927318 ], [ -115.735546774650402, 30.211985343092188 ], [ -115.73606409526414, 30.212152750524154 ], [ -115.736502464435546, 30.211994558716516 ], [ -115.736715756118059, 30.211563499526424 ], [ -115.736917259493239, 30.210428514348056 ], [ -115.737088994845507, 30.209997053922653 ], [ -115.737402700270678, 30.209837657724968 ], [ -115.737753809505236, 30.210003457328447 ], [ -115.738493438992492, 30.210660250220265 ], [ -115.739111645177786, 30.21106322057026 ], [ -115.740226636163456, 30.211615335249455 ], [ -115.741466754871084, 30.212132549144641 ], [ -115.744072147715713, 30.213132048637394 ], [ -115.745397243577045, 30.213505668290399 ], [ -115.746767104743853, 30.213627051906531 ], [ -115.747725099998405, 30.213455743107577 ], [ -115.749229209438127, 30.212820430664951 ], [ -115.750040847952832, 30.212719894034567 ], [ -115.750971670943557, 30.213053604199057 ], [ -115.751711413110797, 30.213710325326851 ], [ -115.752999840375622, 30.215346774937331 ], [ -115.753820673314081, 30.216166674536492 ], [ -115.754994729912269, 30.216989924920473 ], [ -115.756130657481663, 30.217542105553118 ], [ -115.758364396343296, 30.218375379031965 ], [ -115.759347585554551, 30.218682457235975 ], [ -115.760063389390368, 30.21877044053501 ], [ -115.760273200950579, 30.218610006651542 ], [ -115.760186831434524, 30.218040724234275 ], [ -115.76002468698286, 30.217714352916413 ], [ -115.75962462476042, 30.217304520662697 ], [ -115.759120000944051, 30.216947836885435 ], [ -115.758006199562757, 30.216287612499876 ], [ -115.757553869197878, 30.215904348580477 ], [ -115.757310670996304, 30.215414787004356 ], [ -115.757357667831613, 30.214982116106309 ], [ -115.757741850656188, 30.214173664334425 ], [ -115.757852534241948, 30.213633317558379 ], [ -115.757800406906384, 30.212820729872131 ], [ -115.757602847893267, 30.212006763730358 ], [ -115.757062309050724, 30.210377451638116 ], [ -115.756915678337847, 30.209645176659603 ], [ -115.757016312925984, 30.209077665127548 ], [ -115.757330665293651, 30.208864087059819 ], [ -115.758173087958923, 30.208790860860102 ], [ -115.7586911132301, 30.208904046480317 ], [ -115.759402771091928, 30.209316830692522 ], [ -115.760070847467546, 30.209891617782723 ], [ -115.761363437466571, 30.211203189293965 ], [ -115.762020811054981, 30.211804935411106 ], [ -115.762700323622113, 30.212298608034693 ], [ -115.763175466323801, 30.212519650789115 ], [ -115.763921379113597, 30.212689105889744 ], [ -115.764162673976713, 30.212501892342171 ], [ -115.764140644057605, 30.211770799334872 ], [ -115.763862637730099, 30.210739524447938 ], [ -115.763050673186129, 30.208376789658377 ], [ -115.762783638454565, 30.207300499488095 ], [ -115.762794473888917, 30.206434366873154 ], [ -115.763079561642058, 30.206067102568952 ] ], [ [ -115.731981569636787, 30.210498164015963 ], [ -115.732044011884994, 30.210489744811969 ], [ -115.732044358955619, 30.210462678501411 ], [ -115.731982495203312, 30.21042598718941 ], [ -115.731796557089112, 30.210342979393427 ], [ -115.731713802310267, 30.210315109060105 ], [ -115.731651475876106, 30.210314506006981 ], [ -115.731630353216715, 30.210341371289509 ], [ -115.731629311668542, 30.210422570209271 ], [ -115.731649624264833, 30.210458859643179 ], [ -115.731711603628369, 30.210486529006843 ], [ -115.731794589974442, 30.210496355139735 ], [ -115.731981569636787, 30.210498164015963 ] ], [ [ -115.747951965700764, 30.234094043161605 ], [ -115.748069346113482, 30.233851537878273 ], [ -115.748415311515274, 30.233611216207333 ], [ -115.748874539446476, 30.23345318415253 ], [ -115.749906255885563, 30.233219404791118 ], [ -115.750426451608334, 30.233170227575226 ], [ -115.750955326071775, 30.233256479396537 ], [ -115.751316589288933, 30.233449410542864 ], [ -115.751871507496858, 30.233941952080112 ], [ -115.752283929015618, 30.234198530532868 ], [ -115.752966274299382, 30.23447572353593 ], [ -115.75369109570606, 30.234681131274346 ], [ -115.755183219242738, 30.235020152641553 ], [ -115.755949384242285, 30.235243987286655 ], [ -115.756755752196753, 30.235576477786704 ], [ -115.757333534026159, 30.235906795522915 ], [ -115.758260516139387, 30.236565257264878 ], [ -115.758704024226532, 30.236831133775222 ], [ -115.759107558864429, 30.236970304940321 ], [ -115.759336606459058, 30.236936381203979 ], [ -115.759620212898923, 30.236695439198357 ], [ -115.759685048958005, 30.236497541829205 ], [ -115.759595952011892, 30.236144792127444 ], [ -115.759382622573838, 30.235754773104794 ], [ -115.758831736779541, 30.234937464338802 ], [ -115.758247534155089, 30.234291279064053 ], [ -115.757045824255172, 30.233170026481933 ], [ -115.755627199081076, 30.231947447735529 ], [ -115.752573120429204, 30.229400925880519 ], [ -115.750967590321267, 30.228176518624203 ], [ -115.74920500061198, 30.227049848684882 ], [ -115.747872863604059, 30.226396477241504 ], [ -115.745639041119418, 30.225563023278877 ], [ -115.744378413049844, 30.22500955690332 ], [ -115.742830342983424, 30.224182624715283 ], [ -115.741510860520407, 30.22335786998573 ], [ -115.739100519640914, 30.221710521449438 ], [ -115.73800735331038, 30.221068373937459 ], [ -115.737138144595093, 30.220789304483361 ], [ -115.736782617218594, 30.220966342455284 ], [ -115.736585238088267, 30.221776529258648 ], [ -115.736352989720203, 30.222063032947606 ], [ -115.735853625779242, 30.222112356257597 ], [ -115.735253604057746, 30.221908056308678 ], [ -115.733952914955466, 30.221245826110991 ], [ -115.733343554398886, 30.220960218443317 ], [ -115.732816151423833, 30.220765632577638 ], [ -115.732546504328511, 30.220726932226118 ], [ -115.732264964304463, 30.220805418004129 ], [ -115.73220008531105, 30.221003300997932 ], [ -115.73228698917687, 30.221518464566287 ], [ -115.732496710285162, 30.222179187299762 ], [ -115.733038979446405, 30.223646190576684 ], [ -115.733194797484714, 30.224459785529262 ], [ -115.733119970973092, 30.225433568362014 ], [ -115.732839436366874, 30.226242944301955 ], [ -115.732072644806806, 30.227697285807189 ], [ -115.73183319000573, 30.228543149325773 ], [ -115.731881633049426, 30.229626401901065 ], [ -115.732201834460994, 30.230585959277249 ], [ -115.733114016685164, 30.232381375016871 ], [ -115.733433544081251, 30.233395062045922 ], [ -115.733479922985822, 30.234640711173029 ], [ -115.7332376843068, 30.235703106006426 ], [ -115.732464567867382, 30.237644637526415 ], [ -115.732222541352101, 30.238688985352855 ], [ -115.73226959975571, 30.239880501177804 ], [ -115.73259006600108, 30.240822013071469 ], [ -115.733504425581074, 30.242455029114272 ], [ -115.73382491114117, 30.243396538200692 ], [ -115.733871988993471, 30.2445880532308 ], [ -115.733629957461261, 30.245632402516428 ], [ -115.732856763493089, 30.247573931477 ], [ -115.732656279853316, 30.248618680097767 ], [ -115.732828046436907, 30.249811400784328 ], [ -115.733314818660475, 30.250754519106287 ], [ -115.73460339446271, 30.252391145692389 ], [ -115.73507010481309, 30.253279924832519 ], [ -115.735181633219383, 30.254309643449009 ], [ -115.734900793054052, 30.255137062565247 ], [ -115.733946723780676, 30.256589596043813 ], [ -115.733521526078462, 30.257325384331015 ], [ -115.733200017929207, 30.258080220416087 ], [ -115.733089372895307, 30.258602493450585 ], [ -115.733078949065003, 30.259414477076266 ], [ -115.733258030709592, 30.260038807510391 ], [ -115.73380570737919, 30.26109981384139 ], [ -115.734539431818476, 30.262243824425774 ], [ -115.736192972920591, 30.264614838292111 ], [ -115.737021447396259, 30.265669518278884 ], [ -115.737853286529344, 30.266462554013433 ], [ -115.738411199084894, 30.266729602332745 ], [ -115.739253088957312, 30.26673771128204 ], [ -115.739709950992662, 30.266778202086492 ], [ -115.74023864785859, 30.266891567755668 ], [ -115.74066294797521, 30.26704001992659 ], [ -115.741407154016571, 30.267372009435171 ], [ -115.741769440489591, 30.267492792476592 ], [ -115.742112090612281, 30.267523154235008 ], [ -115.742320886712349, 30.267452974634235 ], [ -115.742604623803715, 30.267212074225604 ], [ -115.742692143159886, 30.266870034318092 ], [ -115.742670965128582, 30.266084815388847 ], [ -115.742548151217278, 30.265118157006398 ], [ -115.742200896259064, 30.263003400067941 ], [ -115.742214466536481, 30.261938796127936 ], [ -115.74260241759066, 30.260859740981292 ], [ -115.743235425378245, 30.260125917093781 ], [ -115.744746480808331, 30.259003489219815 ], [ -115.745284257408102, 30.258500894741651 ], [ -115.745585030209725, 30.258118541402741 ], [ -115.745967706052738, 30.257494013911309 ], [ -115.746209615396396, 30.257099596503171 ], [ -115.74648831878828, 30.256891910242288 ], [ -115.746978644970113, 30.256751023045055 ], [ -115.747851859481656, 30.256741328435375 ], [ -115.749815049511369, 30.256841292623541 ], [ -115.750761128393421, 30.256823250969887 ], [ -115.751478567622769, 30.256803022965194 ], [ -115.751812275249463, 30.256715971939364 ], [ -115.752095958075728, 30.256475049051289 ], [ -115.752161279805222, 30.256241068338717 ], [ -115.752073563584574, 30.255780049485647 ], [ -115.75186205017377, 30.255245665226788 ], [ -115.751315233833751, 30.25410352993363 ], [ -115.750969197893312, 30.253522745643803 ], [ -115.750477902185338, 30.252922528329485 ], [ -115.75000511197608, 30.252502949812826 ], [ -115.749078041419168, 30.25184442854334 ], [ -115.748646602134102, 30.251443286579772 ], [ -115.74827934918838, 30.250898385504698 ], [ -115.748098698845453, 30.250391359898892 ], [ -115.74792400017688, 30.249415184611298 ], [ -115.74793999856, 30.248973200782657 ], [ -115.748162689235983, 30.248623424475074 ], [ -115.748517841364659, 30.248482447023388 ], [ -115.749360607449475, 30.248409287630501 ], [ -115.749838630988023, 30.248413850912829 ], [ -115.750429936976033, 30.248500702031308 ], [ -115.750937424535977, 30.248640890464905 ], [ -115.751868584803617, 30.248974602101509 ], [ -115.752274894513562, 30.248897264303441 ], [ -115.752562656777698, 30.248331543064197 ], [ -115.752635950061233, 30.247466013002629 ], [ -115.752568070734753, 30.245435144191209 ], [ -115.752642272605385, 30.24449743666629 ], [ -115.752932753513647, 30.243715182707451 ], [ -115.75334268544853, 30.243349132693716 ], [ -115.754281999686924, 30.24303323257433 ], [ -115.75461725100601, 30.242819862928012 ], [ -115.754683694273226, 30.242495658680987 ], [ -115.754459184048955, 30.242168688352901 ], [ -115.753719216982915, 30.241511979011214 ], [ -115.753370702587063, 30.241129687805447 ], [ -115.753065121887971, 30.240639525732945 ], [ -115.752904334057462, 30.240204880701189 ], [ -115.752727551066769, 30.239391107950507 ], [ -115.752463769895442, 30.238883296014148 ], [ -115.75184921342408, 30.238173631319423 ], [ -115.751088740012122, 30.237498665806967 ], [ -115.749421900105403, 30.236183422292598 ], [ -115.748681782388232, 30.235544730370055 ], [ -115.748128243910429, 30.234943910125306 ], [ -115.747945790877964, 30.23458123796232 ], [ -115.747951965700764, 30.234094043161605 ] ], [ [ -115.778620218211032, 30.246483715492442 ], [ -115.777499587535573, 30.246337912960843 ], [ -115.776654841299361, 30.246573654258462 ], [ -115.776367556082718, 30.247112365945323 ], [ -115.776350448449321, 30.248492763220561 ], [ -115.776414135034841, 30.249224241216567 ], [ -115.776622305348113, 30.250038277905844 ], [ -115.776905571460304, 30.25066352733549 ], [ -115.777547206350874, 30.25172523720429 ], [ -115.777915520351868, 30.252197883075155 ], [ -115.778378820701732, 30.252554111729442 ], [ -115.778782671989006, 30.252675180083749 ], [ -115.779530923437378, 30.252682154687925 ], [ -115.779884710547037, 30.252649357927442 ], [ -115.78019781982276, 30.252543995377735 ], [ -115.780365881277746, 30.252401188472987 ], [ -115.78055695594432, 30.252078130601742 ], [ -115.780787369933904, 30.251935903632905 ], [ -115.781287537432618, 30.251832279522922 ], [ -115.781890736249011, 30.251801797752059 ], [ -115.78320016638915, 30.251813969120324 ], [ -115.783843600259829, 30.251892131195174 ], [ -115.784464473122668, 30.252114452858269 ], [ -115.784855828314974, 30.252406828501105 ], [ -115.785409023949995, 30.253061634216209 ], [ -115.785727749335223, 30.25334431051521 ], [ -115.786130726083599, 30.253537534362149 ], [ -115.786483627405133, 30.253576897643331 ], [ -115.787139352960992, 30.2535017622338 ], [ -115.787349419655129, 30.25332324216803 ], [ -115.787323894876181, 30.25286281956792 ], [ -115.787071289814961, 30.25227396855821 ], [ -115.786339011904971, 30.250967835602921 ], [ -115.785921030196846, 30.250305263839802 ], [ -115.785399355120717, 30.249623682751704 ], [ -115.784947877413529, 30.249150285854444 ], [ -115.784115122931524, 30.248411674193967 ], [ -115.783465321461364, 30.248008617312337 ], [ -115.782348670504248, 30.247538055509906 ], [ -115.781137390522773, 30.247156836428747 ], [ -115.778620218211032, 30.246483715492442 ] ], [ [ -115.737780997806695, 30.267237848820077 ], [ -115.737534318626672, 30.26701891482185 ], [ -115.737325635809256, 30.267080064678161 ], [ -115.736961753548229, 30.267466018460535 ], [ -115.736946263730303, 30.267482447731485 ], [ -115.736806870446415, 30.267814959781592 ], [ -115.736768848315961, 30.268398090325171 ], [ -115.736768064348425, 30.268410113634552 ], [ -115.736842782250974, 30.269069524762809 ], [ -115.737105746900838, 30.270452603943887 ], [ -115.737275632414509, 30.270986608508739 ], [ -115.737522320593243, 30.271205543130748 ], [ -115.737763579995729, 30.271036429393188 ], [ -115.738240664519466, 30.270310152507587 ], [ -115.738412623602812, 30.269869674955817 ], [ -115.738451420702148, 30.26927452047909 ], [ -115.738344125601856, 30.268723074062411 ], [ -115.737983448507109, 30.26766388871355 ], [ -115.737780997806695, 30.267237848820077 ] ] ], [ [ [ -115.735802393258581, 30.160427425130976 ], [ -115.736288593297161, 30.160530876538655 ], [ -115.735802365202559, 30.160427419786576 ], [ -115.735802393258581, 30.160427425130976 ] ] ] ] } },
{ "type": "Feature", "properties": { "fid": 9.0, "cat": 8, "CLAVE_ACUI": "0247", "NOM_ACUIF": "EL SOCORRO", "VULNERABIL": 3 }, "geometry": { "type": "MultiPolygon", "coordinates": [ [ [ [ -115.798795590479713, 30.166790309574878 ], [ -115.798551471805695, 30.167724891715018 ], [ -115.798391297483306, 30.16922975782682 ], [ -115.798025149416148, 30.171581470020602 ], [ -115.797903096632609, 30.172256657032793 ], [ -115.79763607935584, 30.172868902883064 ], [ -115.797483508054299, 30.173544090827793 ], [ -115.797323324051064, 30.174770490427029 ], [ -115.797132594769536, 30.175119528158763 ], [ -115.796507145905096, 30.180852898154981 ], [ -115.79642323347872, 30.181266783612301 ], [ -115.796163832270622, 30.18146323665988 ], [ -115.796011251586933, 30.181840883874901 ], [ -115.795881592108643, 30.183229405298306 ], [ -115.79556883367087, 30.185031811385848 ], [ -115.795530797748867, 30.188577498232931 ], [ -115.795202781790877, 30.190406607338119 ], [ -115.795118888064991, 30.191442276346535 ], [ -115.795103657245548, 30.192344432944804 ], [ -115.795172337468443, 30.19276022655534 ], [ -115.794951086841266, 30.193048229508097 ], [ -115.794836651926829, 30.193336233245052 ], [ -115.794691692724712, 30.193469745736522 ], [ -115.79460014510417, 30.193692900702704 ], [ -115.794592573887371, 30.195560155196315 ], [ -115.794775875113203, 30.201591064995803 ], [ -115.794814120395088, 30.204686626275677 ], [ -115.794570119310421, 30.209323293881109 ], [ -115.794516844509474, 30.213544167601881 ], [ -115.794745813727616, 30.216092330988367 ], [ -115.795028227363716, 30.21982874799685 ], [ -115.795447938980615, 30.222415057837239 ], [ -115.79553192133821, 30.224219371817803 ], [ -115.795234460564942, 30.227211938953001 ], [ -115.79513552577383, 30.235169230020187 ], [ -115.795074573272117, 30.237850906038378 ], [ -115.795570635973547, 30.242203383250775 ], [ -115.79566996273013, 30.246679836074922 ], [ -115.795868388064946, 30.248423116051526 ], [ -115.796051511449846, 30.248812206558004 ], [ -115.796234637720957, 30.249292847918507 ], [ -115.796150731785275, 30.249941332761352 ], [ -115.796211802843018, 30.251070459619619 ], [ -115.796417837896954, 30.252228194915517 ], [ -115.796707777528937, 30.252716465723886 ], [ -115.797241905722444, 30.25452650013839 ], [ -115.797745490321546, 30.255497319568445 ], [ -115.798119356397038, 30.255987497725759 ], [ -115.798561877794214, 30.256082862989633 ], [ -115.798706851091339, 30.256443343903054 ], [ -115.798767908427308, 30.257122345369151 ], [ -115.798912893969415, 30.257862380643893 ], [ -115.79879084873302, 30.258827478388891 ], [ -115.798920592530237, 30.260183573894178 ], [ -115.799004584416792, 30.262375071419047 ], [ -115.79934037983773, 30.265472538992213 ], [ -115.799466774974718, 30.265963117752282 ], [ -115.798772607586102, 30.266088156584836 ], [ -115.797928725741784, 30.266242830944663 ], [ -115.797459131653028, 30.266391914507786 ], [ -115.796894230674411, 30.266684492819817 ], [ -115.796422321649828, 30.267023039712893 ], [ -115.795571489440775, 30.267746099810196 ], [ -115.795190913748897, 30.26826594721231 ], [ -115.79490002374871, 30.269102432695654 ], [ -115.79479578433056, 30.269976728572384 ], [ -115.794773958216282, 30.271763130974435 ], [ -115.794722237969452, 30.272592793605465 ], [ -115.794588903263971, 30.273295379257153 ], [ -115.794418398926553, 30.273636692612573 ], [ -115.794040220361296, 30.273958046417945 ], [ -115.793871478223579, 30.274155003315236 ], [ -115.793743431536456, 30.274424520881634 ], [ -115.79369876287231, 30.274676760096874 ], [ -115.793692803951188, 30.275163960254734 ], [ -115.793730631314673, 30.275471099010055 ], [ -115.793850073081259, 30.275905315070624 ], [ -115.794011316212377, 30.276321869614456 ], [ -115.794375607060459, 30.277137316624639 ], [ -115.794650648557678, 30.2776000345544 ], [ -115.795111481849986, 30.27817274094912 ], [ -115.795604497738125, 30.278664532701324 ], [ -115.796622721003473, 30.279567197555622 ], [ -115.797178783691507, 30.280005423648127 ], [ -115.797828739726313, 30.280417440026135 ], [ -115.798355935298574, 30.280665908054154 ], [ -115.799287566655124, 30.280999293512366 ], [ -115.799836768094096, 30.281148701841854 ], [ -115.800552737924605, 30.281263543108299 ], [ -115.801196818674512, 30.281305536175843 ], [ -115.802413090344231, 30.281316669164035 ], [ -115.803521891535382, 30.281390926880711 ], [ -115.805383610976605, 30.284414009203957 ], [ -115.806184762450357, 30.28577391903066 ], [ -115.807214795156227, 30.28687634207791 ], [ -115.807649702102552, 30.287492401949951 ], [ -115.808328818137213, 30.290143559723894 ], [ -115.808527228038216, 30.291463416915231 ], [ -115.809671770432601, 30.294759244086585 ], [ -115.80825311710116, 30.295160438146109 ], [ -115.806051391480665, 30.296114051790653 ], [ -115.803607158320517, 30.297438469702531 ], [ -115.800503448437979, 30.298984721127255 ], [ -115.798285788120978, 30.300065206648075 ], [ -115.796434860104782, 30.300914423726255 ], [ -115.795092266190196, 30.30159254059387 ], [ -115.794866473052934, 30.301710596072954 ], [ -115.794563436666778, 30.301610039252051 ], [ -115.794187479111628, 30.301443305208018 ], [ -115.793937347907615, 30.301289493847975 ], [ -115.793672503124455, 30.301063980503564 ], [ -115.793493520076055, 30.300796127968315 ], [ -115.793361502330654, 30.300534213986037 ], [ -115.793128438625288, 30.300035788197309 ], [ -115.792982756091689, 30.299195286115168 ], [ -115.792973013652826, 30.298292875316893 ], [ -115.793089463591443, 30.296426144641451 ], [ -115.793016453807155, 30.295595335676516 ], [ -115.792680981070575, 30.294969639418067 ], [ -115.792194870555647, 30.294757619969289 ], [ -115.791072009371049, 30.29474725199692 ], [ -115.790303970838877, 30.294631876217384 ], [ -115.789122721633831, 30.294296116296202 ], [ -115.787922018847766, 30.293851887173737 ], [ -115.785501187593667, 30.292854937634139 ], [ -115.784134619481762, 30.292373042118374 ], [ -115.784096678154526, 30.292362901740837 ], [ -115.784072462601543, 30.292354418234201 ], [ -115.782207098700496, 30.29184982123471 ], [ -115.780526881749111, 30.291509340808208 ], [ -115.777351605490068, 30.290992463147031 ], [ -115.776480906002092, 30.290807224771761 ], [ -115.775754593051602, 30.290652699212277 ], [ -115.774904183726193, 30.290388293024915 ], [ -115.774015410296485, 30.29004088859881 ], [ -115.772558710168937, 30.289366081543022 ], [ -115.771370828447317, 30.288662611308133 ], [ -115.771030673742985, 30.288508953346721 ], [ -115.77058987011749, 30.288405820911013 ], [ -115.770184934911796, 30.288379526417138 ], [ -115.769875811152801, 30.288486151285333 ], [ -115.769610141649167, 30.288945695396617 ], [ -115.769602732045982, 30.28953929687685 ], [ -115.769629078147503, 30.289927541401401 ], [ -115.769718252710774, 30.290280283791592 ], [ -115.769840531147935, 30.290479943183119 ], [ -115.770118192424462, 30.290726178635474 ], [ -115.770345336436066, 30.290854637518827 ], [ -115.770749107055849, 30.290993778278271 ], [ -115.771194914386939, 30.291097219769284 ], [ -115.772128567292782, 30.29126839991007 ], [ -115.772708520005565, 30.291454303439558 ], [ -115.773514727220856, 30.29184083506167 ], [ -115.774278457136077, 30.292299149480076 ], [ -115.775763455395676, 30.293287553537937 ], [ -115.776714347793941, 30.293747604737085 ], [ -115.778082014259112, 30.294139355716503 ], [ -115.779410563270318, 30.294332217492759 ], [ -115.782028544160951, 30.294519026445471 ], [ -115.783492377569743, 30.294704082798635 ], [ -115.78526589841556, 30.295072461851085 ], [ -115.786757939050119, 30.295501370221132 ], [ -115.789460565447129, 30.296419695692624 ], [ -115.790598924064739, 30.296863335053274 ], [ -115.791311342823832, 30.297275961555737 ], [ -115.791360340552046, 30.297520040740007 ], [ -115.790794908535403, 30.297839652579558 ], [ -115.790532653346531, 30.29802671628261 ], [ -115.790311321479635, 30.298268296982876 ], [ -115.790204690631057, 30.298483868141432 ], [ -115.790106130102359, 30.298889001111387 ], [ -115.789936892593914, 30.299122039544027 ], [ -115.789527739557769, 30.299416021046614 ], [ -115.789015053888747, 30.299672950310615 ], [ -115.787886144429919, 30.300149750790901 ], [ -115.787197915936986, 30.300305791378126 ], [ -115.786262147294622, 30.300297114915658 ], [ -115.785390765603054, 30.30012661192378 ], [ -115.783712400780772, 30.299623769802412 ], [ -115.782654101133275, 30.299433464841751 ], [ -115.781157556923617, 30.29936539477292 ], [ -115.77972161137707, 30.299442243724052 ], [ -115.776910307238168, 30.299740831427389 ], [ -115.775474130339404, 30.299835677775572 ], [ -115.773976914396599, 30.299821658296548 ], [ -115.772917735425082, 30.299703452018843 ], [ -115.771237421995949, 30.299362849894464 ], [ -115.770489494172452, 30.299301685478731 ], [ -115.769926014740733, 30.299458806887433 ], [ -115.769866785941915, 30.29955887212186 ], [ -115.769674677618482, 30.299600814711781 ], [ -115.769473861485295, 30.299860598334551 ], [ -115.769465748518627, 30.30051019017241 ], [ -115.769534586544424, 30.300826648388217 ], [ -115.769749214621953, 30.30112643102251 ], [ -115.770038090601915, 30.301309610071158 ], [ -115.770690091875338, 30.301559362690856 ], [ -115.771187821574358, 30.301672315881579 ], [ -115.772029008274671, 30.301761421367019 ], [ -115.772933256149685, 30.301796973824096 ], [ -115.774512825005488, 30.301811777108171 ], [ -115.774804813027643, 30.301814511451106 ], [ -115.775760714509218, 30.301877597561827 ], [ -115.776750017074562, 30.302048150834739 ], [ -115.77746121172801, 30.302272470167125 ], [ -115.77857811273563, 30.302770152617608 ], [ -115.779220084463518, 30.302992700059058 ], [ -115.780029092920145, 30.303162662820981 ], [ -115.780735467028805, 30.303223386079278 ], [ -115.782045579457204, 30.303235587638504 ], [ -115.78273227506196, 30.303205885100958 ], [ -115.783482247986584, 30.303104581774576 ], [ -115.784045506274722, 30.302965446350385 ], [ -115.784871390540616, 30.302687657765773 ], [ -115.784985305258786, 30.302649341678855 ], [ -115.785620897791162, 30.30254696380214 ], [ -115.786587880577002, 30.302555934702362 ], [ -115.786625581972544, 30.302560466745916 ], [ -115.787563929058777, 30.302673260803324 ], [ -115.789525101214437, 30.303016253604088 ], [ -115.790407650301049, 30.303212047779152 ], [ -115.79066922212381, 30.303302966416044 ], [ -115.790887474343236, 30.303403279884353 ], [ -115.790957612485897, 30.303445749313163 ], [ -115.791086780510739, 30.303523961803258 ], [ -115.791293461209506, 30.303662184544383 ], [ -115.790430872927374, 30.303733118992852 ], [ -115.789325523988012, 30.304025005203684 ], [ -115.787724663799395, 30.304822270281583 ], [ -115.786834730470162, 30.305310297315469 ], [ -115.78576579808437, 30.305977120803007 ], [ -115.784874175420072, 30.30660046615791 ], [ -115.783268223321272, 30.307803670863095 ], [ -115.782490949482977, 30.308428062607746 ], [ -115.78176509950994, 30.309098044230268 ], [ -115.781531064156852, 30.309364428221329 ], [ -115.781332627770425, 30.30959029121292 ], [ -115.781057116873939, 30.309979175116187 ], [ -115.780761062778964, 30.310397051547639 ], [ -115.780485004913558, 30.310854660366022 ], [ -115.780269988644989, 30.311331631680087 ], [ -115.78007678549551, 30.311906565493267 ], [ -115.779959375445259, 30.312434530345055 ], [ -115.779878543872542, 30.31279801055156 ], [ -115.779763142547509, 30.313014399487294 ], [ -115.779571837596279, 30.313210215391184 ], [ -115.779246017501237, 30.313405310962921 ], [ -115.778849959665337, 30.313555382436398 ], [ -115.77799506740655, 30.313710896796035 ], [ -115.777266404357889, 30.31376875676478 ], [ -115.775986142863573, 30.313862475265918 ], [ -115.774987407519944, 30.313889219295334 ], [ -115.773958598768218, 30.313825442257333 ], [ -115.773242654727554, 30.313692406183005 ], [ -115.772123635559907, 30.313357074115284 ], [ -115.771552942383551, 30.313252461601529 ], [ -115.770959876627387, 30.313273960584034 ], [ -115.770542124916602, 30.313414405605801 ], [ -115.769881932114458, 30.313814241149945 ], [ -115.769639716341473, 30.314055588367161 ], [ -115.769573265040648, 30.314379796769924 ], [ -115.769704730215864, 30.314678797183955 ], [ -115.770165580892623, 30.315251589047918 ], [ -115.770723744882531, 30.315527529892591 ], [ -115.771937387093303, 30.315782554180487 ], [ -115.773401961593947, 30.315931642636151 ], [ -115.776582048589717, 30.316123839789341 ], [ -115.7780071681902, 30.316101067790147 ], [ -115.779102426187265, 30.315840599737264 ], [ -115.779502733966083, 30.315429269678763 ], [ -115.779715812458491, 30.314914614911331 ], [ -115.779792942973842, 30.314304582653413 ], [ -115.779698282795891, 30.313585866487507 ], [ -115.779912144679415, 30.313662997002872 ], [ -115.780201384112033, 30.313694550395521 ], [ -115.780605681406769, 30.313707107285229 ], [ -115.781532516273742, 30.313607465237002 ], [ -115.783495207711468, 30.313536783432262 ], [ -115.784858846628694, 30.313508552672978 ], [ -115.785437083400126, 30.313476739909543 ], [ -115.78556432382328, 30.313557391451123 ], [ -115.785706962252462, 30.313851156318336 ], [ -115.786001084900946, 30.314359786843951 ], [ -115.786465345818115, 30.315033863695387 ], [ -115.786699964511953, 30.315405990244017 ], [ -115.786851281277094, 30.315786367053185 ], [ -115.786868855856127, 30.316048202159731 ], [ -115.786770261500322, 30.316453330699442 ], [ -115.786622005245619, 30.316668511801865 ], [ -115.786275830297512, 30.316908926002782 ], [ -115.785847127570619, 30.317094434225769 ], [ -115.784907191571619, 30.31741054071799 ], [ -115.784312987463835, 30.317522320986853 ], [ -115.783470314936793, 30.317541556298778 ], [ -115.782660067031543, 30.317461833085979 ], [ -115.781072001940004, 30.317203419051182 ], [ -115.78056758898461, 30.317622806503792 ], [ -115.780642410171708, 30.319139395390696 ], [ -115.781271548873292, 30.3212476553919 ], [ -115.783084255809683, 30.326055830898767 ], [ -115.783754976025676, 30.328173488620429 ], [ -115.784078945475514, 30.329660567076541 ], [ -115.784215371095669, 30.33047867382405 ], [ -115.783791796509746, 30.330307192283595 ], [ -115.783258246969751, 30.330147165051958 ], [ -115.782400958944152, 30.330001612482182 ], [ -115.781757688650742, 30.329869297627457 ], [ -115.781042734110613, 30.329646080008128 ], [ -115.780494414220215, 30.329406366205379 ], [ -115.779564413193697, 30.328910440705265 ], [ -115.778901696823041, 30.328669652740327 ], [ -115.777843545829995, 30.328443212983856 ], [ -115.776742677247029, 30.32830659662763 ], [ -115.774498225556385, 30.328123167405771 ], [ -115.773364928374562, 30.328085473386697 ], [ -115.772209481156665, 30.32815583924782 ], [ -115.771417030130209, 30.328310813641171 ], [ -115.770195118829747, 30.328705369989578 ], [ -115.769640177407041, 30.328997913668573 ], [ -115.769197267811151, 30.329480995062021 ], [ -115.769014027572069, 30.329993588727064 ], [ -115.768907217570302, 30.331048289221094 ], [ -115.768714813753135, 30.331461541616541 ], [ -115.768244412957856, 30.331646597355736 ], [ -115.767652817869262, 30.331541769360054 ], [ -115.766348443632907, 30.331042222342262 ], [ -115.765550540513601, 30.330800091738659 ], [ -115.764461199863234, 30.330573249438292 ], [ -115.763443534441961, 30.330437307080171 ], [ -115.761479880803037, 30.330256308738743 ], [ -115.760607943910301, 30.330112701366872 ], [ -115.760271910720817, 30.330023431092016 ], [ -115.75995578360876, 30.329862895009313 ], [ -115.759819645426191, 30.329757856703875 ], [ -115.759740785405242, 30.329590162784328 ], [ -115.759744651329115, 30.329283413582836 ], [ -115.759747948687775, 30.329021774546295 ], [ -115.759689185146215, 30.328732477584708 ], [ -115.759505732103491, 30.328432974812177 ], [ -115.759258741165311, 30.328223100154599 ], [ -115.758701223190371, 30.327892977588011 ], [ -115.758187358861832, 30.327400851161485 ], [ -115.75720329646343, 30.3262545913325 ], [ -115.756077078349009, 30.324836278964661 ], [ -115.753682570775837, 30.321727578954523 ], [ -115.752620450757163, 30.320183524903054 ], [ -115.751828514653951, 30.318660087159593 ], [ -115.751570718857721, 30.317665084336486 ], [ -115.751589250790431, 30.316203516356058 ], [ -115.751536466064508, 30.315445070699571 ], [ -115.751359582648163, 30.314631301764543 ], [ -115.751117563459601, 30.314033465595148 ], [ -115.750568394623684, 30.313053724764345 ], [ -115.75032592585849, 30.312491975339345 ], [ -115.750147682880609, 30.311786469159792 ], [ -115.750093078316084, 30.311172375239362 ], [ -115.750107505468733, 30.310035599685342 ], [ -115.749929267856956, 30.309330093118188 ], [ -115.7493801355172, 30.308350347678825 ], [ -115.748643161631293, 30.307422942264314 ], [ -115.746981405472127, 30.305620459631225 ], [ -115.746264121360028, 30.304783461033466 ], [ -115.745773989546905, 30.304074959986419 ], [ -115.74567437816836, 30.303731126401889 ], [ -115.745865670370279, 30.303408127616652 ], [ -115.745847861464654, 30.303173355679593 ], [ -115.745828354982947, 30.303142960854746 ], [ -115.745603144639503, 30.302792038590034 ], [ -115.745213094643915, 30.302391281173144 ], [ -115.744287670521388, 30.301570322154795 ], [ -115.743857191560309, 30.30107894158423 ], [ -115.743491171676354, 30.300425762398213 ], [ -115.743480289439603, 30.300389565403055 ], [ -115.743311615733219, 30.299828511866515 ], [ -115.743138966971614, 30.298689939885492 ], [ -115.743125653265921, 30.298103308797188 ], [ -115.743258357362805, 30.297481987559348 ], [ -115.743492842782985, 30.297033082881232 ], [ -115.744063590482639, 30.296307688373869 ], [ -115.744194676224822, 30.295812674178833 ], [ -115.744017193110267, 30.295053027805132 ], [ -115.743590308507592, 30.294281963840518 ], [ -115.742487158941486, 30.292728412701425 ], [ -115.74191808642432, 30.291694306262777 ], [ -115.741314007748016, 30.290145542131093 ], [ -115.740876283477022, 30.288598375708315 ], [ -115.740167204553558, 30.285505639638629 ], [ -115.739874938277453, 30.283968892619143 ], [ -115.739707193906909, 30.282451390027557 ], [ -115.739719879138249, 30.281458966534025 ], [ -115.73992567174308, 30.27999919837686 ], [ -115.739935586649139, 30.279223303302651 ], [ -115.739759545240361, 30.278355386605966 ], [ -115.739456231479949, 30.277684753405993 ], [ -115.738722340850586, 30.276540768125546 ], [ -115.738511783506766, 30.275934188451725 ], [ -115.738564931044763, 30.275582797791323 ], [ -115.73855820888356, 30.275555663574007 ], [ -115.738659020853817, 30.275232952622552 ], [ -115.738785841457457, 30.274826981655625 ], [ -115.739333277643226, 30.274290865293086 ], [ -115.740077288025589, 30.273828222079892 ], [ -115.740362067350617, 30.273651137259154 ], [ -115.740539264889108, 30.273540949559877 ], [ -115.740747939355231, 30.273411187756686 ], [ -115.741501402381317, 30.273021413855581 ], [ -115.742347143190884, 30.272731776690382 ], [ -115.74300325196829, 30.272638822945659 ], [ -115.744125841091957, 30.272649596208094 ], [ -115.744728024365997, 30.272709510250063 ], [ -115.745411986304717, 30.272878483186055 ], [ -115.745949740913531, 30.273100191185616 ], [ -115.74687904749311, 30.273596340342607 ], [ -115.747417038636527, 30.273799998355425 ], [ -115.748101700299586, 30.273914825125175 ], [ -115.748704810059536, 30.273902544559149 ], [ -115.749829474455979, 30.273750871940706 ], [ -115.750515510598717, 30.273757421197462 ], [ -115.751448959022724, 30.273928743715658 ], [ -115.752318674158929, 30.274207730342095 ], [ -115.753994384326333, 30.274873358160903 ], [ -115.754903188340151, 30.27535120977258 ], [ -115.755953885682374, 30.276119145336004 ], [ -115.756796247670252, 30.276921187101099 ], [ -115.75827265776546, 30.278559371754447 ], [ -115.7591159675477, 30.279289222595526 ], [ -115.76016946234121, 30.279840595457006 ], [ -115.761081970203477, 30.280029698500851 ], [ -115.762765991905127, 30.280045625799698 ], [ -115.763504390628086, 30.280025533108873 ], [ -115.764035563702762, 30.279949340720069 ], [ -115.764182453302041, 30.279842449295419 ], [ -115.764091949806726, 30.279597968823886 ], [ -115.764146300150003, 30.279408995025133 ], [ -115.764399853269708, 30.279086553771183 ], [ -115.764768089548028, 30.278738124605727 ], [ -115.76561923806814, 30.278015274758392 ], [ -115.766100794623497, 30.277749118839559 ], [ -115.766694323541728, 30.277673503091936 ], [ -115.767201985105572, 30.277813632702841 ], [ -115.768131447756318, 30.278309634843101 ], [ -115.768608943592724, 30.278368266449942 ], [ -115.769111959960426, 30.278048162022731 ], [ -115.769472820689231, 30.277456023484724 ], [ -115.769762600964484, 30.276727867871564 ], [ -115.769768678458846, 30.276240672173646 ], [ -115.76980560251188, 30.275780835908286 ], [ -115.769904219350693, 30.275375718489492 ], [ -115.770031656578411, 30.275160358980965 ], [ -115.770315351078324, 30.274919397513699 ], [ -115.770545608798997, 30.274795235231608 ], [ -115.77095268768754, 30.274663709428101 ], [ -115.771400894588879, 30.274568661128388 ], [ -115.772338435312648, 30.274415038365483 ], [ -115.772920984445591, 30.274384406961474 ], [ -115.773731093707426, 30.274446136721153 ], [ -115.774498728681024, 30.27457964958251 ], [ -115.775991530768067, 30.274918450558438 ], [ -115.776843002122433, 30.274998594296896 ], [ -115.777904605668397, 30.274900229929422 ], [ -115.778822468825211, 30.274656144723661 ], [ -115.780514441885202, 30.274022244234395 ], [ -115.781391158432086, 30.27374166454614 ], [ -115.782329346598658, 30.273533836429916 ], [ -115.783016280209708, 30.273468037836448 ], [ -115.784138895751852, 30.273478468317467 ], [ -115.784741337466457, 30.273520154689852 ], [ -115.785426047821304, 30.273634787380242 ], [ -115.785964790907357, 30.2737841559582 ], [ -115.786896312999133, 30.274117627046046 ], [ -115.787341176176852, 30.274293189804634 ], [ -115.787744240358933, 30.274486410505965 ], [ -115.787971150060372, 30.274632883125683 ], [ -115.788248814832485, 30.274879080712427 ], [ -115.788370891787679, 30.275096768168869 ], [ -115.78845945740558, 30.275503633281811 ], [ -115.788472556471106, 30.275739849341512 ], [ -115.788567261887536, 30.276037001602482 ], [ -115.78864784998936, 30.277093465386262 ], [ -115.788756543435241, 30.277554655860339 ], [ -115.788976857078239, 30.277848213860118 ], [ -115.789043616158537, 30.277882147959133 ], [ -115.789500303339551, 30.277943089093917 ], [ -115.78988315576288, 30.277899225537109 ], [ -115.790000405990597, 30.277854902097054 ], [ -115.790255200316182, 30.277424141731728 ], [ -115.790376960145124, 30.276820710199416 ], [ -115.790487444299941, 30.275441176049451 ], [ -115.790620590267849, 30.274756640105103 ], [ -115.790909543811296, 30.274082566187683 ], [ -115.79125798618368, 30.273643644975031 ], [ -115.79201435591844, 30.273000952662912 ], [ -115.792351179863786, 30.272661176784052 ], [ -115.792605287216446, 30.272284544215047 ], [ -115.792691976963525, 30.271996599836363 ], [ -115.792697940071562, 30.271509399622619 ], [ -115.792649391336525, 30.271229231344584 ], [ -115.792497782818472, 30.270875926639313 ], [ -115.792293651495356, 30.270567253521463 ], [ -115.791832868872845, 30.269994537966038 ], [ -115.791357828434087, 30.269737502802144 ], [ -115.790393488961655, 30.269539109213323 ], [ -115.789261296569038, 30.269465481931409 ], [ -115.786829057946349, 30.26944296823692 ], [ -115.785685254625122, 30.269468458095641 ], [ -115.784686080296211, 30.269567466351354 ], [ -115.78416459212643, 30.269706996563791 ], [ -115.783599300692799, 30.270026582362796 ], [ -115.783328383190835, 30.270078204527806 ], [ -115.783080925082487, 30.269913486628855 ], [ -115.782939413337019, 30.269587334972766 ], [ -115.782762337444154, 30.268773598030673 ], [ -115.782599817479948, 30.268465297160592 ], [ -115.782289332170706, 30.268354131185291 ], [ -115.78193437514409, 30.268477154789132 ], [ -115.781179984043547, 30.268957388999773 ], [ -115.780616026049273, 30.269168695527984 ], [ -115.779678546225298, 30.269322379426018 ], [ -115.778680039217335, 30.269367208616778 ], [ -115.776622001129653, 30.269347995267207 ], [ -115.775583260600058, 30.269284146233794 ], [ -115.774525078442096, 30.26911182840108 ], [ -115.773800183454867, 30.268888484466611 ], [ -115.772683685667943, 30.268390769967837 ], [ -115.772114148762441, 30.268213989073693 ], [ -115.771522028475772, 30.268181365276906 ], [ -115.771104695746075, 30.26830377402818 ], [ -115.770444813992214, 30.268703623524953 ], [ -115.770149956837386, 30.269007643449065 ], [ -115.769925269040201, 30.269519855730557 ], [ -115.769845647196618, 30.270069523430422 ], [ -115.76983147053555, 30.271206314439144 ], [ -115.769793648923709, 30.271738328270661 ], [ -115.76969436062123, 30.272197578803961 ], [ -115.769566701643512, 30.272430982460005 ], [ -115.769283012756304, 30.272671942541887 ], [ -115.768970503718663, 30.272723143712589 ], [ -115.768316667267001, 30.272635785427465 ], [ -115.768222779292472, 30.27266197173385 ], [ -115.767723169786308, 30.272711409464609 ], [ -115.767069334746495, 30.272624044981708 ], [ -115.766479221466071, 30.272428999235405 ], [ -115.765833334659959, 30.27214104037137 ], [ -115.765762810239934, 30.271899882297131 ], [ -115.765023437457984, 30.271630256976504 ], [ -115.764186584075517, 30.271216316666322 ], [ -115.763630042782964, 30.270832088028989 ], [ -115.762797275826856, 30.270093342526007 ], [ -115.762366154799878, 30.269656154560902 ], [ -115.761905553888582, 30.269083338509361 ], [ -115.761569006458302, 30.26856583348329 ], [ -115.761019968642117, 30.267586134042478 ], [ -115.760738686414626, 30.266807477148177 ], [ -115.760443875421188, 30.265451206859048 ], [ -115.760233807003416, 30.26396941333735 ], [ -115.759898419416615, 30.260880302404988 ], [ -115.759801895891115, 30.259462745143789 ], [ -115.759847700210699, 30.258299185257862 ], [ -115.760020561114814, 30.257777476021445 ], [ -115.760493338003116, 30.257375907137778 ], [ -115.760785242746707, 30.257306483897246 ], [ -115.761188183726489, 30.257499783484111 ], [ -115.761567849990499, 30.257891372401385 ], [ -115.762303916351925, 30.258872837785411 ], [ -115.762766283894521, 30.259301297766637 ], [ -115.763417313268121, 30.259605212815732 ], [ -115.764039992349851, 30.259683276807078 ], [ -115.765256996621773, 30.259613548250954 ], [ -115.765776875209482, 30.259600402538961 ], [ -115.766082276091026, 30.259627408653614 ], [ -115.766116738467943, 30.259643698346036 ], [ -115.766137439734322, 30.259667178367295 ], [ -115.766143690324114, 30.259697273377299 ], [ -115.766136459338313, 30.25972466347509 ], [ -115.766117834071807, 30.259752491814442 ], [ -115.76609427858773, 30.259781196636908 ], [ -115.765981577513656, 30.25985498167578 ], [ -115.765948234586318, 30.259896454168409 ], [ -115.765938876960391, 30.25994481145063 ], [ -115.765952617001986, 30.259998126211393 ], [ -115.765999881736064, 30.260053664901502 ], [ -115.766144257196288, 30.260145257436189 ], [ -115.766224704557246, 30.260181127643463 ], [ -115.766408391047847, 30.260263030547641 ], [ -115.766463825787042, 30.26029043333498 ], [ -115.766529872039285, 30.260346254229649 ], [ -115.766559143327328, 30.260422344045907 ], [ -115.766555245697759, 30.260528104185145 ], [ -115.76646163457923, 30.260764172466288 ], [ -115.766299719143916, 30.26101295076942 ], [ -115.765834970789527, 30.261604103672827 ], [ -115.764696233999388, 30.262892708881516 ], [ -115.76449906079948, 30.263143498546015 ], [ -115.76439889213384, 30.263395203247022 ], [ -115.764008453630851, 30.264690860317259 ], [ -115.763906886236398, 30.265330549156914 ], [ -115.763992630410783, 30.265953959683422 ], [ -115.764052847764432, 30.266052318955985 ], [ -115.764237107485911, 30.266353288188999 ], [ -115.764884798936933, 30.266927861206106 ], [ -115.765255815057813, 30.267184010157905 ], [ -115.765721168193437, 30.267377884952818 ], [ -115.766125739554042, 30.267444860476793 ], [ -115.766874099425877, 30.267451910476382 ], [ -115.767301714413534, 30.267338635241916 ], [ -115.76783619684582, 30.266991760852637 ], [ -115.768299383151515, 30.26652691181194 ], [ -115.769154449873767, 30.265479236446932 ], [ -115.76953582381671, 30.264905335052518 ], [ -115.769824888437071, 30.264231309858779 ], [ -115.769925291494417, 30.263681836834351 ], [ -115.769937438380765, 30.262707443398863 ], [ -115.770068006895514, 30.26223946243001 ], [ -115.770447563727018, 30.261809912245674 ], [ -115.770949589003607, 30.261561974795161 ], [ -115.772076105652602, 30.261247706836748 ], [ -115.772484697297983, 30.260989863982086 ], [ -115.772583959490177, 30.260530609892367 ], [ -115.772340808460655, 30.260023030002774 ], [ -115.771512105603776, 30.258959541232159 ], [ -115.771247953160426, 30.258469808811949 ], [ -115.771284186691048, 30.258064103572924 ], [ -115.771608725342389, 30.257877660316812 ], [ -115.772546106217661, 30.257724031285928 ], [ -115.773314282869293, 30.257803414707382 ], [ -115.774681441284955, 30.258195189200773 ], [ -115.77619187533422, 30.258768753256632 ], [ -115.779356069766536, 30.260097630676032 ], [ -115.780743180585418, 30.260561714631692 ], [ -115.78174026140077, 30.260625133631766 ], [ -115.782014939519243, 30.260266758984702 ], [ -115.781841894370245, 30.259128220874047 ], [ -115.78199318754082, 30.258660419423016 ], [ -115.782620107664556, 30.258395551319325 ], [ -115.783513683133293, 30.25842190126016 ], [ -115.785567501900204, 30.258765800028833 ], [ -115.786616867112031, 30.258802596711021 ], [ -115.787711130440641, 30.258569103020086 ], [ -115.788485531304161, 30.258143153065497 ], [ -115.789714456480525, 30.257098794817512 ], [ -115.790240072593519, 30.256616395134699 ], [ -115.790588011175132, 30.256213561921147 ], [ -115.7906422966403, 30.256024574715763 ], [ -115.790457216775465, 30.255860446831445 ], [ -115.790418299305898, 30.255643529121052 ], [ -115.790486625845674, 30.25515690398046 ], [ -115.790639419187954, 30.254562779576109 ], [ -115.791029465970894, 30.253267030435282 ], [ -115.790976393206321, 30.252508586143495 ], [ -115.790427142429266, 30.251529002103617 ], [ -115.789564808908139, 30.250654802096246 ], [ -115.787527097363409, 30.249011767374764 ], [ -115.786561335615829, 30.248100497642842 ], [ -115.78570172909788, 30.247009739805282 ], [ -115.785234805756232, 30.246103083972201 ], [ -115.784693641050808, 30.244473876414894 ], [ -115.784412007244256, 30.243713308829591 ], [ -115.784108261809578, 30.243060814620925 ], [ -115.783883651076295, 30.242733892028589 ], [ -115.783513563361694, 30.242405618235914 ], [ -115.78334974762906, 30.242205585039624 ], [ -115.783228386936273, 30.241933759836179 ], [ -115.783189934461561, 30.241680751168477 ], [ -115.783195937202308, 30.241193550414057 ], [ -115.783292458983752, 30.240950818625418 ], [ -115.783344970528717, 30.240906189966559 ], [ -115.783576020763007, 30.240709823598465 ], [ -115.783952101397489, 30.240550896189752 ], [ -115.784796779872934, 30.240315105720175 ], [ -115.785225145489818, 30.240129589738636 ], [ -115.785665564539045, 30.23980883492456 ], [ -115.785971230183918, 30.239459760076858 ], [ -115.786029413250915, 30.239371069057533 ], [ -115.786447805203949, 30.238733290061031 ], [ -115.786494689655015, 30.238300606997473 ], [ -115.786158775283312, 30.237729028623324 ], [ -115.785552039042571, 30.237209078967496 ], [ -115.784067762131286, 30.236220798143172 ], [ -115.783389978720351, 30.235564830193631 ], [ -115.782840892508503, 30.234585216504858 ], [ -115.78260352854177, 30.233608497277448 ], [ -115.782440519133189, 30.231657954318468 ], [ -115.782410521976004, 30.230719254360341 ], [ -115.782483535515993, 30.229853697715672 ], [ -115.782635220402554, 30.229349803159355 ], [ -115.783017259151308, 30.228703675384381 ], [ -115.78317303086375, 30.228327784595848 ], [ -115.783233944661234, 30.227983824757299 ], [ -115.78319594070328, 30.227694726692633 ], [ -115.783014925144741, 30.227205788206657 ], [ -115.782998368107798, 30.226862749520297 ], [ -115.783129710387783, 30.226322571961763 ], [ -115.783365168963243, 30.225765314296414 ], [ -115.783409651020804, 30.225677778746565 ], [ -115.783431727012598, 30.225423047196227 ], [ -115.78356306473853, 30.224882868969484 ], [ -115.783733515790786, 30.224541565985248 ], [ -115.783989081139666, 30.224216249676996 ], [ -115.784009857859203, 30.224038826068771 ], [ -115.783643834975038, 30.22338575218345 ], [ -115.782964139614094, 30.22289218397977 ], [ -115.781291092304471, 30.222064540093289 ], [ -115.780548415408944, 30.22162451368731 ], [ -115.779993416682331, 30.221132090661616 ], [ -115.779811091431498, 30.220751415080422 ], [ -115.779819110546384, 30.22010181280795 ], [ -115.779895731104631, 30.21978671093413 ], [ -115.780117572941307, 30.219491007345887 ], [ -115.780410688362835, 30.219313269412883 ], [ -115.781068191647805, 30.219075757222473 ], [ -115.781432802593415, 30.218997938106174 ], [ -115.781869134245014, 30.219001994242802 ], [ -115.782231743673933, 30.219086573621876 ], [ -115.782883242507822, 30.219336254485174 ], [ -115.783024575878073, 30.21934634187248 ], [ -115.783352852485137, 30.219169172082633 ], [ -115.783471238454055, 30.218836408958925 ], [ -115.783481231476188, 30.218024404763256 ], [ -115.783403895405144, 30.217554475309829 ], [ -115.783161896316017, 30.216956690934495 ], [ -115.782835902767005, 30.216430312536936 ], [ -115.782099928941179, 30.21544895941598 ], [ -115.78177461286252, 30.214868444942688 ], [ -115.781534631175461, 30.214108256944289 ], [ -115.781459975486314, 30.213421791954953 ], [ -115.781475987080597, 30.212122585091116 ], [ -115.781524877631725, 30.211527501449037 ], [ -115.781655537475444, 30.211041457429644 ], [ -115.781824413310602, 30.210826467580105 ], [ -115.782200381098008, 30.210667541441122 ], [ -115.782368588510266, 30.210506684483772 ], [ -115.78249724316116, 30.210183040384369 ], [ -115.782543460281332, 30.209804490659302 ], [ -115.782553457303521, 30.208992485624442 ], [ -115.782663332822239, 30.20850624723748 ], [ -115.782982959756325, 30.207859536542607 ], [ -115.783405792614616, 30.207267922652679 ], [ -115.784354652546256, 30.206139787212631 ], [ -115.784756473015065, 30.205566020321566 ], [ -115.785013086943138, 30.204972859764879 ], [ -115.785038959921835, 30.204558026825993 ], [ -115.784859968530071, 30.203906688830408 ], [ -115.784718537457408, 30.203580538315432 ], [ -115.784473235224254, 30.203253424641037 ], [ -115.784205829471645, 30.203034385396919 ], [ -115.783648915888833, 30.202704380105725 ], [ -115.783382179290271, 30.202431205509924 ], [ -115.783138882126551, 30.201941688253168 ], [ -115.783000123415192, 30.201399001045946 ], [ -115.782827145229021, 30.200260456753679 ], [ -115.782719439726122, 30.199727080791693 ], [ -115.782569299947838, 30.19926549729588 ], [ -115.78242677217105, 30.199029567395058 ], [ -115.782149328653205, 30.198783360926349 ], [ -115.781973754041161, 30.198700520080408 ], [ -115.781724472822049, 30.198698204067611 ], [ -115.781484578199894, 30.198777184714277 ], [ -115.781014174043179, 30.199016441810045 ], [ -115.780825433569603, 30.19915906004557 ], [ -115.780729617545177, 30.199347658772329 ], [ -115.780758665150358, 30.199519371973459 ], [ -115.780941625026301, 30.199845912748383 ], [ -115.780959952720096, 30.2000445961868 ], [ -115.780831974660302, 30.200314105782443 ], [ -115.780600349207688, 30.200564604647745 ], [ -115.780033447708334, 30.201046589992224 ], [ -115.779803599173988, 30.201152730833037 ], [ -115.779680959018023, 30.200989169698538 ], [ -115.779706407480433, 30.200610427276146 ], [ -115.779905389921836, 30.199637760847736 ], [ -115.779954948594835, 30.19898854307106 ], [ -115.77990464543457, 30.198013556447716 ], [ -115.779771250633488, 30.197037796434383 ], [ -115.779421377253328, 30.195085502359525 ], [ -115.779298042435485, 30.194136905223498 ], [ -115.779277903118668, 30.193243408562736 ], [ -115.779367669909718, 30.192702844639737 ], [ -115.779657106598393, 30.191974649049044 ], [ -115.779868608976187, 30.191669824005984 ], [ -115.780213681523819, 30.191483544391783 ], [ -115.780577301115159, 30.191477902916294 ], [ -115.781323089992711, 30.191647255952827 ], [ -115.781706815732818, 30.19169593819845 ], [ -115.782112202180329, 30.191672633843741 ], [ -115.782404119788737, 30.191585111365075 ], [ -115.782874484773771, 30.191345847950519 ], [ -115.78316928524238, 30.191023743785223 ], [ -115.783583318998154, 30.190296694840399 ], [ -115.78397857045114, 30.189407050145064 ], [ -115.784750274199766, 30.187465162080997 ], [ -115.785102435158265, 30.185853246367675 ], [ -115.785387222148415, 30.182959389699704 ], [ -115.785509706696956, 30.17974821078872 ], [ -115.785592367845013, 30.173008527516771 ], [ -115.785740831896391, 30.16997019749035 ], [ -115.786057448870693, 30.166837690603678 ], [ -115.78630119883951, 30.166861150681672 ], [ -115.78789085249565, 30.166794636527335 ], [ -115.78991792988414, 30.166623857777079 ], [ -115.794409486062619, 30.166177945272771 ], [ -115.795458786236651, 30.166142648024294 ], [ -115.796372927618805, 30.166114762199786 ], [ -115.797777390741231, 30.166156145261699 ], [ -115.79892253961556, 30.166380988262937 ], [ -115.798922539805588, 30.166380989039958 ], [ -115.798795590479713, 30.166790309574878 ] ], [ [ -115.769569619583422, 30.292191800777378 ], [ -115.769542372352831, 30.291875733326862 ], [ -115.76945252133342, 30.291577123602639 ], [ -115.769330017109553, 30.291395508106344 ], [ -115.769052356039495, 30.291149271008454 ], [ -115.768659998172211, 30.290929023810062 ], [ -115.767760589869127, 30.290514515687185 ], [ -115.766653941139793, 30.290043909642797 ], [ -115.76423343161531, 30.28904657458888 ], [ -115.762960366228839, 30.288583389597498 ], [ -115.761561653831322, 30.288191188941653 ], [ -115.760503525528065, 30.288000709082617 ], [ -115.758727850156646, 30.28782146399049 ], [ -115.75817572545229, 30.287906458262793 ], [ -115.758295022473362, 30.288340702046419 ], [ -115.759045984033477, 30.288979446020413 ], [ -115.761179614125211, 30.290461412012963 ], [ -115.762334935883658, 30.291194196135049 ], [ -115.763667241097565, 30.291910595993308 ], [ -115.764732422311951, 30.292371812736555 ], [ -115.766595664984521, 30.293039054578497 ], [ -115.767475877128632, 30.293327065666531 ], [ -115.768253255698951, 30.293523871329207 ], [ -115.768668670547441, 30.293563873263988 ], [ -115.769137533901187, 30.293487075297044 ], [ -115.769346818685491, 30.293380765379002 ], [ -115.769505809601398, 30.29313863457692 ], [ -115.769561509737244, 30.292841393400334 ], [ -115.769569619583422, 30.292191800777378 ] ], [ [ -115.762233118116285, 30.30095629425184 ], [ -115.763172961939276, 30.300640347583951 ], [ -115.763662883894142, 30.300545722748257 ], [ -115.764192810096347, 30.300577798107167 ], [ -115.76458610015429, 30.300725882441959 ], [ -115.765236047506463, 30.3011380594433 ], [ -115.765514178163315, 30.301348216413786 ], [ -115.765698619658068, 30.301566512229854 ], [ -115.765727890605007, 30.30172018206542 ], [ -115.765631261081126, 30.301962895856775 ], [ -115.76574348627021, 30.302135394533941 ], [ -115.766176793319843, 30.302410175916734 ], [ -115.766786749126339, 30.302695644076316 ], [ -115.768183319145095, 30.30327725842362 ], [ -115.768784580052127, 30.303427288130941 ], [ -115.769191780779337, 30.303295771707479 ], [ -115.769269185707429, 30.302926550068189 ], [ -115.769106084017793, 30.302016683904188 ], [ -115.769094202543727, 30.301950402253585 ], [ -115.768861711082863, 30.301415848202797 ], [ -115.768339222174333, 30.300788332744474 ], [ -115.767700902156946, 30.30027702563083 ], [ -115.766308443864702, 30.299370611566808 ], [ -115.76531528240379, 30.298964225145586 ], [ -115.763728246237733, 30.298651476776712 ], [ -115.762076344387552, 30.298536605183845 ], [ -115.758707671428226, 30.298504693646773 ], [ -115.756921186890494, 30.298343364638328 ], [ -115.75493041551691, 30.29789132705989 ], [ -115.753398957521028, 30.297299265521037 ], [ -115.750795389530737, 30.295975104950269 ], [ -115.749534303420148, 30.295385579642122 ], [ -115.748354572885972, 30.294941190780548 ], [ -115.747649430945756, 30.294790074417818 ], [ -115.746713728629899, 30.294781116644657 ], [ -115.746245418503094, 30.294812723397314 ], [ -115.745776189538532, 30.29491650474484 ], [ -115.745462450877724, 30.295057867628049 ], [ -115.74499046245019, 30.295378174868631 ], [ -115.744893904116921, 30.295611850283365 ], [ -115.745076220482915, 30.295992570332782 ], [ -115.74547664240167, 30.29639342748159 ], [ -115.746495602243286, 30.297215273997804 ], [ -115.747156189068249, 30.29760057174909 ], [ -115.748118982842229, 30.297934618913057 ], [ -115.74906305094234, 30.298106063625294 ], [ -115.750932462185602, 30.298286337527454 ], [ -115.751949318977594, 30.298458456321669 ], [ -115.753130478502428, 30.298794549515367 ], [ -115.754082224008286, 30.299182586901694 ], [ -115.755756314512169, 30.300010599012857 ], [ -115.756666493353237, 30.300398222675511 ], [ -115.757722925223533, 30.300733089812535 ], [ -115.758573462803682, 30.300903578607112 ], [ -115.760068642690982, 30.301080172122969 ], [ -115.760837597091637, 30.30112354906769 ], [ -115.761649276031562, 30.301077094309949 ], [ -115.762233118116285, 30.30095629425184 ] ] ] ] } },
{ "type": "Feature", "properties": { "fid": 5.0, "cat": 1, "CLAVE_ACUI": "0247", "NOM_ACUIF": "EL SOCORRO", "VULNERABIL": 1 }, "geometry": { "type": "MultiPolygon", "coordinates": [ [ [ [ -115.499885793991041, 30.368884825379286 ], [ -115.563261270832513, 30.33017858807046 ], [ -115.624756652517263, 30.254624530938933 ], [ -115.667452007810482, 30.144833569859088 ], [ -115.684908714562212, 30.129132542260049 ], [ -115.68490108933949, 30.130540966270107 ], [ -115.684889381002506, 30.131424117423361 ], [ -115.684923960743447, 30.131947811855309 ], [ -115.685042771869362, 30.132382117538867 ], [ -115.685206210988099, 30.132582265792177 ], [ -115.68557771742212, 30.132748404259189 ], [ -115.685762395261662, 30.132912671519712 ], [ -115.685863799014143, 30.133094151458373 ], [ -115.685944922276121, 30.133239335357345 ], [ -115.686064456328879, 30.133619507940352 ], [ -115.68624053244973, 30.134433361842049 ], [ -115.686409980669694, 30.134892781887704 ], [ -115.686420912864222, 30.134922421883669 ], [ -115.686785979350134, 30.135575747648815 ], [ -115.687214045796352, 30.136175563030591 ], [ -115.688133189515185, 30.137321680035217 ], [ -115.688518319756398, 30.138029341105025 ], [ -115.68875455563574, 30.139006211023769 ], [ -115.688763147443794, 30.139926667220593 ], [ -115.688552678240669, 30.141711165487326 ], [ -115.68852046156951, 30.142577074157654 ], [ -115.688634287718031, 30.143390302498265 ], [ -115.68885621701429, 30.143879774227862 ], [ -115.689408182493764, 30.144534959724719 ], [ -115.689672594821388, 30.14495266845627 ], [ -115.689726725343149, 30.145086822116635 ], [ -115.689732971315919, 30.14509764294073 ], [ -115.690155373113171, 30.146130507699951 ], [ -115.69053459111322, 30.147289265516921 ], [ -115.69098253324637, 30.148819480462745 ], [ -115.691073958254307, 30.148900781105347 ], [ -115.691257483369981, 30.149155261833446 ], [ -115.691438627358011, 30.149590183185449 ], [ -115.691557008979757, 30.150060571482946 ], [ -115.691722087631149, 30.150986751233742 ], [ -115.692298797199953, 30.152071122153526 ], [ -115.692870878654361, 30.152780633478372 ], [ -115.693979245917419, 30.153766177649302 ], [ -115.694408144189438, 30.154311839287242 ], [ -115.694586458512376, 30.154963285775835 ], [ -115.694454745812749, 30.155503369156257 ], [ -115.693881284274724, 30.156472170980827 ], [ -115.693624743640086, 30.157029057183692 ], [ -115.693428588957957, 30.15773091565406 ], [ -115.69335820669761, 30.158343793979519 ], [ -115.693343216003527, 30.159480570648828 ], [ -115.693438472688953, 30.160131191106874 ], [ -115.693739237152215, 30.160946275519855 ], [ -115.694145258226143, 30.161654128232009 ], [ -115.695062569714764, 30.162962598415564 ], [ -115.695407024777225, 30.163615695695469 ], [ -115.695523063510223, 30.164266521239394 ], [ -115.695372001701827, 30.164698133673721 ], [ -115.694802771655986, 30.165342143679286 ], [ -115.6945894074302, 30.165773135226146 ], [ -115.694518549049647, 30.166422101609555 ], [ -115.694613818377633, 30.167072720969362 ], [ -115.694970491305682, 30.168375612121253 ], [ -115.69517031070454, 30.16897313171529 ], [ -115.695413091687641, 30.169462799699183 ], [ -115.695617906153217, 30.16968139340041 ], [ -115.695989567869077, 30.169847506115929 ], [ -115.696212775813379, 30.170246745995161 ], [ -115.696510740955276, 30.171278353163171 ], [ -115.69678414547856, 30.172598458353406 ], [ -115.69730640842397, 30.175527165562428 ], [ -115.697579595791836, 30.176865312975018 ], [ -115.697876880608419, 30.177951049194284 ], [ -115.69809916420941, 30.178422462363145 ], [ -115.698468727774809, 30.178750965431476 ], [ -115.698792962093165, 30.179367760365789 ], [ -115.699396111676819, 30.18088964104254 ], [ -115.700077143609022, 30.182809311848807 ], [ -115.701517155891452, 30.187046435402497 ], [ -115.702189183165302, 30.188866750807971 ], [ -115.702765183964374, 30.190090581820392 ], [ -115.703053140202627, 30.190309986856043 ], [ -115.703340996684119, 30.189744371989704 ], [ -115.703519322490052, 30.189610787156084 ], [ -115.703766446241929, 30.189775647741907 ], [ -115.703999995241801, 30.190184000118609 ], [ -115.704453524161679, 30.191244195992702 ], [ -115.70469640208168, 30.19173384812537 ], [ -115.704971502182147, 30.192142609259641 ], [ -115.705187123235305, 30.192334225747747 ], [ -115.705558885659826, 30.19250031375357 ], [ -115.705784776422732, 30.192701053864059 ], [ -115.706090687201524, 30.193137186428732 ], [ -115.706374649352412, 30.193663333766501 ], [ -115.706920631383198, 30.194805642257979 ], [ -115.707204602463307, 30.195331787936766 ], [ -115.707510527315847, 30.195767917438786 ], [ -115.707736429373995, 30.195968654422984 ], [ -115.708108209780988, 30.19613473563442 ], [ -115.708334113900804, 30.196335471637646 ], [ -115.708640046768295, 30.196771598674896 ], [ -115.708924032377254, 30.197297740907413 ], [ -115.709470062695544, 30.19844003960986 ], [ -115.709774359482651, 30.199002472767166 ], [ -115.710141214043517, 30.199547474301625 ], [ -115.710448340536431, 30.199893377017261 ], [ -115.711002866490446, 30.20038608278443 ], [ -115.711225729931186, 30.200821387259172 ], [ -115.711339791699658, 30.20163459630157 ], [ -115.711307028932438, 30.202554640389231 ], [ -115.711094671228793, 30.204501562937342 ], [ -115.71138449336658, 30.205379661855055 ], [ -115.712466334170941, 30.206067031120035 ], [ -115.713979583210914, 30.206334534333319 ], [ -115.717437487099019, 30.206449619750565 ], [ -115.719139598786299, 30.206574540085963 ], [ -115.720788028545414, 30.206834262679859 ], [ -115.721607938412191, 30.207075828135771 ], [ -115.721906129273421, 30.207133911255834 ], [ -115.724069523586209, 30.207741494708579 ], [ -115.726082434291968, 30.208414413531916 ], [ -115.726584378419929, 30.208487805775885 ], [ -115.727422981772762, 30.208712506726513 ], [ -115.728291823660442, 30.209009681476463 ], [ -115.73005975969626, 30.209676492798501 ], [ -115.730906337841802, 30.210090736661346 ], [ -115.731678125877778, 30.210666669523931 ], [ -115.732117859172959, 30.211212316893445 ], [ -115.732665272600585, 30.212273327618799 ], [ -115.732843468047491, 30.21296081520569 ], [ -115.73283714692765, 30.213454023477809 ], [ -115.732933704820283, 30.214026427506891 ], [ -115.732925032759326, 30.21470308510111 ], [ -115.732794707840412, 30.215143962860491 ], [ -115.732412401931043, 30.215789937712135 ], [ -115.7322780974295, 30.216114424339988 ], [ -115.732175296868135, 30.216455362349315 ], [ -115.732065627171849, 30.216905462178854 ], [ -115.731973724409187, 30.21759033730735 ], [ -115.731862519318256, 30.218969812806776 ], [ -115.731635955403647, 30.219352610693779 ], [ -115.731687039865335, 30.219689971579982 ], [ -115.731580837117249, 30.219869407954491 ], [ -115.731176023641467, 30.219838419789006 ], [ -115.730607539764492, 30.219607334635025 ], [ -115.730343863557678, 30.219473073308752 ], [ -115.729780153092079, 30.219310575585251 ], [ -115.727548743287926, 30.218314423842781 ], [ -115.726183033972546, 30.217868043614427 ], [ -115.724317294410085, 30.217525061767766 ], [ -115.723823693111981, 30.217489608238036 ], [ -115.722573431786557, 30.217399798245726 ], [ -115.719207577896228, 30.217366949404308 ], [ -115.717690399645505, 30.217388207086621 ], [ -115.71698976733559, 30.217445332923621 ], [ -115.715956391261344, 30.217775681322962 ], [ -115.71585453675857, 30.217947716232953 ], [ -115.715570882736003, 30.21818856265438 ], [ -115.714911129230117, 30.218588138486208 ], [ -115.714095189665883, 30.21901324806548 ], [ -115.713697840710608, 30.219207858770911 ], [ -115.713362117318255, 30.21945721231528 ], [ -115.712638604599064, 30.219964428444833 ], [ -115.711978827673818, 30.220363988717395 ], [ -115.711602717141872, 30.220522708880132 ], [ -115.71116729547451, 30.220593894092094 ], [ -115.710913531111132, 30.220786626895769 ], [ -115.710712025788268, 30.221100455691449 ], [ -115.71070567064649, 30.221587644408615 ], [ -115.710629064787355, 30.221884655362928 ], [ -115.710405601205068, 30.222288499227989 ], [ -115.71010976632995, 30.222664560835447 ], [ -115.709445719996737, 30.223388899613692 ], [ -115.70899368862473, 30.223790489680383 ], [ -115.708301642929968, 30.224270920996492 ], [ -115.707600263285613, 30.224670047987576 ], [ -115.706188161096264, 30.225386989639183 ], [ -115.705538120641563, 30.22583172786074 ], [ -115.705000110345992, 30.226449009828844 ], [ -115.704753469192923, 30.227033077147791 ], [ -115.70455155713212, 30.228167998352596 ], [ -115.704398769657203, 30.228725923110076 ], [ -115.704142320786971, 30.229264776185364 ], [ -115.703867693419554, 30.229604939588071 ], [ -115.703300258429664, 30.230086575369477 ], [ -115.70303613400344, 30.230417817680841 ], [ -115.702811197787113, 30.230929910273986 ], [ -115.702700428934662, 30.231452155963662 ], [ -115.70259305838934, 30.232506800554766 ], [ -115.702442148240991, 30.232920370663727 ], [ -115.70209678930614, 30.233106435977458 ], [ -115.701672103040451, 30.233002973831859 ], [ -115.700743410361028, 30.232506518485838 ], [ -115.700269271126913, 30.232213075562981 ], [ -115.699775542342152, 30.231829205191517 ], [ -115.699426799935836, 30.231482864779348 ], [ -115.698874303767454, 30.23082771364189 ], [ -115.698555192253039, 30.230598966009151 ], [ -115.698150349246831, 30.230567874871696 ], [ -115.697794720228444, 30.230744803729372 ], [ -115.697132670960031, 30.231306679859493 ], [ -115.696877365759022, 30.231755297648981 ], [ -115.696773503182953, 30.232539277148788 ], [ -115.696855706905339, 30.233397292240248 ], [ -115.697206189557718, 30.235187357469172 ], [ -115.697558070417173, 30.236084145775248 ], [ -115.698263231148928, 30.236984443799191 ], [ -115.699086621387764, 30.237588148953837 ], [ -115.700851645020578, 30.238498953451924 ], [ -115.701658315019259, 30.238795690553868 ], [ -115.702313279180174, 30.238775110475014 ], [ -115.702598210567601, 30.238444076559297 ], [ -115.702798037802268, 30.237471556705923 ], [ -115.702990042034656, 30.237094485946574 ], [ -115.703366229576488, 30.236935793149449 ], [ -115.703801206623709, 30.23704837505613 ], [ -115.704729957339097, 30.237544810087019 ], [ -115.705433672957923, 30.237768320996469 ], [ -115.706616065815297, 30.237942415889119 ], [ -115.707883004054963, 30.238009056325961 ], [ -115.710501425131, 30.238034854912005 ], [ -115.711854317143846, 30.237885747355371 ], [ -115.713294560996388, 30.237412650121708 ], [ -115.71434206752798, 30.236773266500023 ], [ -115.71604431893563, 30.235328207796822 ], [ -115.716967337345736, 30.234669535870836 ], [ -115.718034166855531, 30.234138588671623 ], [ -115.718889204434461, 30.233912349577277 ], [ -115.720387492602484, 30.233764574021642 ], [ -115.721083983690818, 30.233744304879846 ], [ -115.721675172104995, 30.233831282763962 ], [ -115.721963995939859, 30.233996517524783 ], [ -115.722239279760515, 30.234405245324119 ], [ -115.722379608908824, 30.23480363346021 ], [ -115.722525312433817, 30.235590070302784 ], [ -115.722627822892562, 30.236502410231022 ], [ -115.722789652637189, 30.238452992909767 ], [ -115.722902208286001, 30.239392499785545 ], [ -115.723078044075024, 30.240260437949626 ], [ -115.723258548042509, 30.240767494626901 ], [ -115.723624225425155, 30.241420726037347 ], [ -115.723848629929293, 30.241747746292127 ], [ -115.724156164269573, 30.242075575823225 ], [ -115.724444316860186, 30.242294937922956 ], [ -115.725001241455601, 30.242625193625827 ], [ -115.725309481083883, 30.242898888385216 ], [ -115.725677275259514, 30.243389717836344 ], [ -115.7259820271763, 30.243934072186804 ], [ -115.726528494500769, 30.245076305021996 ], [ -115.726748263194452, 30.245764202101636 ], [ -115.726861094986887, 30.246685661804047 ], [ -115.726829376307691, 30.24753353107182 ], [ -115.726621382063499, 30.249155678669087 ], [ -115.726403304023705, 30.249947596602965 ], [ -115.725973592230361, 30.250673290932159 ], [ -115.725957064724511, 30.250701202219165 ], [ -115.725431409624278, 30.251165292264009 ], [ -115.72430067866064, 30.251803951152969 ], [ -115.724173185619705, 30.251888063474549 ], [ -115.724037961540475, 30.252026970883691 ], [ -115.722804227269222, 30.253395488103301 ], [ -115.722357477249773, 30.254185167865266 ], [ -115.722250982764521, 30.255185698325054 ], [ -115.722520251452309, 30.256063570363427 ], [ -115.723434573346452, 30.257696652276959 ], [ -115.723715534856993, 30.25847538125031 ], [ -115.723644077038188, 30.259178490103114 ], [ -115.723244013223479, 30.259571608600577 ], [ -115.722115273328512, 30.260047848615972 ], [ -115.72161314024747, 30.260295595602951 ], [ -115.721235486620955, 30.260562602495007 ], [ -115.721108198553182, 30.260759868485493 ], [ -115.721103989284046, 30.2610846603264 ], [ -115.721287322850628, 30.261375191066357 ], [ -115.721841536943302, 30.261921989980731 ], [ -115.722581900148327, 30.262542787774631 ], [ -115.724248801324677, 30.263858370249892 ], [ -115.724998771578925, 30.264542410337 ], [ -115.725581757162303, 30.265278959974204 ], [ -115.725803423114243, 30.26582250559024 ], [ -115.725885430443057, 30.266716594333936 ], [ -115.725838729003797, 30.267113157951336 ], [ -115.725616615670162, 30.267408759859652 ], [ -115.725293128085738, 30.267504865475075 ], [ -115.724544779748939, 30.267497577848545 ], [ -115.724170138983879, 30.267530020421386 ], [ -115.723794564336572, 30.26763463788166 ], [ -115.723543246950726, 30.26777655820111 ], [ -115.723164868305716, 30.268097701647285 ], [ -115.722830632085319, 30.268220765651044 ], [ -115.722206303380261, 30.268268813005847 ], [ -115.721499993013197, 30.268225825595628 ], [ -115.720005394950647, 30.268048806730793 ], [ -115.71925751254048, 30.268005400852111 ], [ -115.718508459003615, 30.268052210485795 ], [ -115.718007917263577, 30.268173634262503 ], [ -115.717255342800115, 30.268491095842645 ], [ -115.716887687419984, 30.268785256359244 ], [ -115.716537296153092, 30.269350278582316 ], [ -115.71632096544603, 30.269997822256233 ], [ -115.716022361290754, 30.271375430985863 ], [ -115.715815829148795, 30.272068185148441 ], [ -115.715494839766663, 30.272768839048599 ], [ -115.715166389489553, 30.273243841011848 ], [ -115.714502024631756, 30.273968191174454 ], [ -115.714083662228902, 30.274162590934758 ], [ -115.713492947625596, 30.274021440794986 ], [ -115.712926790944579, 30.27359179004743 ], [ -115.711819051403992, 30.272443983808699 ], [ -115.711140343785047, 30.271877871498521 ], [ -115.710211950380369, 30.271327342469387 ], [ -115.709343334507835, 30.270975904588173 ], [ -115.707665885206637, 30.270472110168793 ], [ -115.706857284638389, 30.27030171044024 ], [ -115.706108920507162, 30.270294316847416 ], [ -115.70567024405527, 30.270452396643698 ], [ -115.705102574952051, 30.270934030703515 ], [ -115.704756374132955, 30.271174229780321 ], [ -115.704285442979824, 30.27141319354341 ], [ -115.703846758795237, 30.271571266971851 ], [ -115.703001636325652, 30.271806520952069 ], [ -115.702614088335537, 30.272028258374608 ], [ -115.702296567521969, 30.272458219797919 ], [ -115.702154914320587, 30.272953085527071 ], [ -115.702047475583001, 30.274007721663008 ], [ -115.70192731980589, 30.274448661582841 ], [ -115.701674292109814, 30.274716845060393 ], [ -115.701372735969699, 30.274722877182999 ], [ -115.700721098440411, 30.274472788328708 ], [ -115.700339479231445, 30.274243423303258 ], [ -115.69984625978158, 30.273805418013172 ], [ -115.69940584868047, 30.273304773966014 ], [ -115.698577843657773, 30.272240845031785 ], [ -115.698218216988266, 30.271921461793699 ], [ -115.697504956777934, 30.271616606107322 ], [ -115.696922413422996, 30.271646901686275 ], [ -115.695888035188801, 30.272042640996233 ], [ -115.695570962889335, 30.272436497686652 ], [ -115.695654130310857, 30.273222334004835 ], [ -115.696109823586866, 30.274138204033648 ], [ -115.697393768643281, 30.276099970093721 ], [ -115.69796323579672, 30.277062081284473 ], [ -115.698387663943421, 30.277986655729642 ], [ -115.698525569552658, 30.278565503661138 ], [ -115.698514852824857, 30.279377473787942 ], [ -115.698425501383824, 30.27984578520072 ], [ -115.698168161936408, 30.280438748949003 ], [ -115.697828612121427, 30.280958709723929 ], [ -115.697067294179405, 30.281925625395932 ], [ -115.696728210262847, 30.282409495362646 ], [ -115.696472284816451, 30.282894192521962 ], [ -115.696384828540843, 30.283218151890239 ], [ -115.696378386782271, 30.283705333216929 ], [ -115.696498597846016, 30.284049406841362 ], [ -115.696865675555642, 30.284594445776438 ], [ -115.697357264497327, 30.285158769076634 ], [ -115.698464968055688, 30.28630669480108 ], [ -115.69901347139087, 30.287286638996921 ], [ -115.699551272990433, 30.289078550327336 ], [ -115.699899107250786, 30.291085125825894 ], [ -115.700404820466062, 30.295312940169779 ], [ -115.700669753040117, 30.297300643102822 ], [ -115.700958819271392, 30.29903593926425 ], [ -115.701175659363912, 30.29994039695848 ], [ -115.701537111954707, 30.300918473785281 ], [ -115.701800305180967, 30.301462468348561 ], [ -115.702228431422299, 30.302116374966744 ], [ -115.702678783630191, 30.302662223998805 ], [ -115.703601722502881, 30.30364586126397 ], [ -115.704010973899031, 30.304155206420095 ], [ -115.704315779197373, 30.304699608264944 ], [ -115.704414533878349, 30.305097600413529 ], [ -115.704405990250152, 30.305747175407465 ], [ -115.704338857388322, 30.306107432578852 ], [ -115.704146001449345, 30.306538628902761 ], [ -115.703891706673062, 30.30689703187176 ], [ -115.703321674435429, 30.3075410428536 ], [ -115.703087932197221, 30.307917693885628 ], [ -115.702956741813651, 30.308403637705737 ], [ -115.702971834922039, 30.3088368934126 ], [ -115.703148307329684, 30.309650716681574 ], [ -115.703329296189324, 30.31012170885451 ], [ -115.703695791489267, 30.310720861638544 ], [ -115.70412563044772, 30.311248456569487 ], [ -115.705048661326771, 30.312232085131161 ], [ -115.705458191551813, 30.312723382627535 ], [ -115.705763741122112, 30.313213650195358 ], [ -115.705863457444295, 30.313539466213463 ], [ -115.705857054752016, 30.314026647115707 ], [ -115.705957246353833, 30.314316375583513 ], [ -115.706264225524492, 30.314698379661017 ], [ -115.706675667748186, 30.315045323730988 ], [ -115.707603022010574, 30.315704148125615 ], [ -115.708076392347763, 30.316087791910029 ], [ -115.708569144034996, 30.316579901888893 ], [ -115.708917025988669, 30.317016442013756 ], [ -115.709467922878986, 30.317833952139384 ], [ -115.709731202147637, 30.318377931959294 ], [ -115.709970139551913, 30.319192362449517 ], [ -115.710105088620267, 30.320005767033219 ], [ -115.710270998917267, 30.321631550277431 ], [ -115.710405480280755, 30.322481041914784 ], [ -115.710526405950546, 30.322950775914027 ], [ -115.710645141016442, 30.323241339889588 ], [ -115.711465183213562, 30.324954775514769 ], [ -115.712016615826613, 30.325736188340635 ], [ -115.712850860226837, 30.326366990980997 ], [ -115.713689831885304, 30.32663691341099 ], [ -115.715372499922864, 30.32681586712118 ], [ -115.7162044957266, 30.326824036846372 ], [ -115.717017808896244, 30.326669603209254 ], [ -115.71754133255088, 30.326404046570509 ], [ -115.718298585339383, 30.325761810560987 ], [ -115.718697537868039, 30.325476982147979 ], [ -115.719137148012123, 30.325264735046559 ], [ -115.719470880543071, 30.325195818634405 ], [ -115.720032469333418, 30.325201315918747 ], [ -115.720406627367339, 30.325223023244888 ], [ -115.720967513089079, 30.325282647954431 ], [ -115.721528165206223, 30.325360314093473 ], [ -115.722649238192545, 30.325533683057149 ], [ -115.723312721586225, 30.325702576439653 ], [ -115.72418209995547, 30.326035890206665 ], [ -115.724967583630132, 30.326422518762403 ], [ -115.726454669148552, 30.327249083548338 ], [ -115.727303038932106, 30.327600218478977 ], [ -115.728361049311744, 30.327827063732403 ], [ -115.729276025782738, 30.327854003393234 ], [ -115.730962938566819, 30.327707968135492 ], [ -115.73175381158984, 30.327679547732714 ], [ -115.732439521323798, 30.327740334006712 ], [ -115.732791498844421, 30.327870067964678 ], [ -115.733161722664164, 30.328198485283533 ], [ -115.733388668456271, 30.328345052592773 ], [ -115.733699280850274, 30.328456337384516 ], [ -115.733990022038327, 30.328495244518372 ], [ -115.73455163282668, 30.328500680001007 ], [ -115.734823429875263, 30.328395032818666 ], [ -115.735077209007812, 30.3280726570258 ], [ -115.73522837652051, 30.327641011494404 ], [ -115.735428098182751, 30.326668450691081 ], [ -115.735661997928062, 30.326273696728702 ], [ -115.736163976964846, 30.326061994687066 ], [ -115.736766710978031, 30.326103910098109 ], [ -115.73807294165475, 30.326441351161716 ], [ -115.738737616696781, 30.326519947517642 ], [ -115.73942540401606, 30.326418301623487 ], [ -115.739907038315977, 30.326170296642101 ], [ -115.740664148170694, 30.325527926881787 ], [ -115.741042237800755, 30.325242828136581 ], [ -115.741419402348725, 30.325029904050574 ], [ -115.74166992177193, 30.324960129860354 ], [ -115.742044316611086, 30.324963731422095 ], [ -115.742334590413108, 30.325038707747996 ], [ -115.742831018458389, 30.325260034658797 ], [ -115.743368126966786, 30.325553935320894 ], [ -115.744483033025887, 30.326214305516309 ], [ -115.745207122375106, 30.326528039818143 ], [ -115.746264478477926, 30.326808873033301 ], [ -115.747302648360545, 30.326963190681859 ], [ -115.749359803562598, 30.327145294570265 ], [ -115.750377411575528, 30.327281345114706 ], [ -115.751373077765024, 30.327507409322788 ], [ -115.752014913508276, 30.327748136276206 ], [ -115.752944757676246, 30.328244253644758 ], [ -115.753596774041185, 30.328503116250864 ], [ -115.754622976694989, 30.328783585690385 ], [ -115.755681299096381, 30.328992167924717 ], [ -115.757830070463854, 30.329337427183475 ], [ -115.758785654164285, 30.329445754377065 ], [ -115.759740785405242, 30.329590162784328 ], [ -115.759819645426191, 30.329757856703875 ], [ -115.759782972748226, 30.33033030910233 ], [ -115.759754746018032, 30.330770922122614 ], [ -115.759728031228008, 30.331187934090771 ], [ -115.759764860333206, 30.331700391526002 ], [ -115.759815227138688, 30.331936877883223 ], [ -115.760119062033908, 30.332589422949702 ], [ -115.760527249828414, 30.333215887134376 ], [ -115.761447990811732, 30.334442731013215 ], [ -115.762153472196175, 30.335049046003604 ], [ -115.76250332607512, 30.335240745188106 ], [ -115.762215289584219, 30.335468153959084 ], [ -115.761848587483726, 30.335673667626224 ], [ -115.761378494997714, 30.335831631531477 ], [ -115.76100405605105, 30.33582808416315 ], [ -115.760350834234345, 30.335659477173021 ], [ -115.759636573415733, 30.335382010707082 ], [ -115.758147024920646, 30.334718209451573 ], [ -115.75731859527842, 30.334421600018359 ], [ -115.756322844361534, 30.334195578982769 ], [ -115.755491686254118, 30.334115486590822 ], [ -115.75399396033761, 30.334101223996157 ], [ -115.753100400317933, 30.334020521830784 ], [ -115.751917449366317, 30.333792682321061 ], [ -115.750839428594716, 30.333493649848965 ], [ -115.748788332617522, 30.33282437800575 ], [ -115.747668730104465, 30.332524921846112 ], [ -115.746361003622837, 30.332295837573344 ], [ -115.745301057962351, 30.332213487303914 ], [ -115.743428944214372, 30.332195511521171 ], [ -115.74253495163849, 30.332150825745909 ], [ -115.74172508792924, 30.332034758751405 ], [ -115.741269307967443, 30.33188600316544 ], [ -115.740711832921818, 30.331555805186742 ], [ -115.74031869099106, 30.331389603356751 ], [ -115.739696739204305, 30.331221195435379 ], [ -115.73905329502324, 30.331106715814421 ], [ -115.737744916204463, 30.330931678164117 ], [ -115.737111298070218, 30.330862399265399 ], [ -115.736518819392259, 30.330829607080776 ], [ -115.736164972202928, 30.330844234006761 ], [ -115.735695908535831, 30.330920907615624 ], [ -115.735475527956865, 30.331072169000986 ], [ -115.735283449322765, 30.331449280454372 ], [ -115.735183698541036, 30.331926538363227 ], [ -115.735076524026908, 30.332981200653794 ], [ -115.734924882777364, 30.333448933189857 ], [ -115.734577133706381, 30.333797468044885 ], [ -115.734149193637094, 30.333910625988967 ], [ -115.733213124434428, 30.333901561176727 ], [ -115.732694015801243, 30.333824346790738 ], [ -115.732072760756466, 30.33360177099015 ], [ -115.73155644610452, 30.333308025768197 ], [ -115.730628763594027, 30.332649363626842 ], [ -115.729946514710193, 30.332317909118629 ], [ -115.728827447537427, 30.331982205679211 ], [ -115.727644585410445, 30.331754148769068 ], [ -115.725215073483241, 30.331405657948018 ], [ -115.72409416258553, 30.331214265271512 ], [ -115.723160932242237, 30.330988603479842 ], [ -115.722726456802803, 30.330803899640888 ], [ -115.72235625946432, 30.330475453617531 ], [ -115.721868048709396, 30.330362406367605 ], [ -115.721827364533368, 30.330352985682527 ], [ -115.720610876362016, 30.330314021035797 ], [ -115.719112289014916, 30.330371535794278 ], [ -115.715833006900496, 30.330582997136684 ], [ -115.714621146298626, 30.330986150869844 ], [ -115.714284678152808, 30.331928660088195 ], [ -115.714264848863806, 30.331984204949336 ], [ -115.714882900321868, 30.333244481755251 ], [ -115.717093439504069, 30.336027235694889 ], [ -115.718074295161173, 30.337390310322991 ], [ -115.718806253248275, 30.338696801027098 ], [ -115.719045309314538, 30.33951121605185 ], [ -115.719030506237061, 30.340647972815283 ], [ -115.719125826903351, 30.34131661081339 ], [ -115.719426595908672, 30.342185767745814 ], [ -115.719832561019032, 30.342965723780939 ], [ -115.72074970187164, 30.344436431408337 ], [ -115.721155451615189, 30.345234427398719 ], [ -115.721455545653271, 30.346157711286683 ], [ -115.721549948500154, 30.346898522621405 ], [ -115.72153305871467, 30.348197672996125 ], [ -115.721585971575877, 30.348929055343479 ], [ -115.721761602609462, 30.349824052012785 ], [ -115.722001410474505, 30.350584330507882 ], [ -115.722545210887986, 30.351970168093032 ], [ -115.722967979580005, 30.352708604789029 ], [ -115.697531776194339, 30.362164715356627 ], [ -115.650008669144185, 30.379831807727584 ], [ -115.619152635653435, 30.391302783169227 ], [ -115.576181410496616, 30.369145744855118 ], [ -115.499885793991041, 30.368884825379286 ] ], [ [ -115.702531307690251, 30.257770940545182 ], [ -115.702950569209733, 30.257504400381038 ], [ -115.704008480610028, 30.257677289861601 ], [ -115.705352418969326, 30.258231969576144 ], [ -115.708326381048565, 30.259723081361933 ], [ -115.70978363315713, 30.260360042118577 ], [ -115.711181374584982, 30.260779846378764 ], [ -115.712053677161592, 30.260842567351499 ], [ -115.713272831657122, 30.260610928060331 ], [ -115.713796477485687, 30.260309286059268 ], [ -115.714148260720719, 30.259636006263758 ], [ -115.714210921766593, 30.258815516904519 ], [ -115.714047128095842, 30.257027329050736 ], [ -115.713789854053843, 30.256032258191969 ], [ -115.713181832000473, 30.254835232069425 ], [ -115.71242574417677, 30.253835256536405 ], [ -115.710765533359933, 30.252032344617305 ], [ -115.710028624335393, 30.251158868327241 ], [ -115.709478073911924, 30.250341363123713 ], [ -115.709297389938598, 30.249852333659902 ], [ -115.709305882292284, 30.249202751860075 ], [ -115.709175390111142, 30.248849563767628 ], [ -115.708775423601196, 30.24843958056789 ], [ -115.708239307122895, 30.248109461739283 ], [ -115.70703093166766, 30.247529082028993 ], [ -115.706400356872805, 30.247270208437435 ], [ -115.705717000164285, 30.247073972235324 ], [ -115.70520864501421, 30.24700578628703 ], [ -115.704366934613645, 30.24699746336859 ], [ -115.703950683154616, 30.247038461060541 ], [ -115.703543638249997, 30.247169779792479 ], [ -115.703281481021264, 30.24734764727474 ], [ -115.702902052857766, 30.247749931046641 ], [ -115.702721484482012, 30.248045905851196 ], [ -115.702559208472863, 30.248531547113643 ], [ -115.702469316890316, 30.249044974545438 ], [ -115.702361917453601, 30.250099615553172 ], [ -115.702169172001248, 30.250530815506902 ], [ -115.701698335409418, 30.250769773395504 ], [ -115.701106355004555, 30.250736834746153 ], [ -115.699801258135196, 30.250399053579951 ], [ -115.69909556535552, 30.250319861473535 ], [ -115.698283576652031, 30.250420071438828 ], [ -115.69763595139942, 30.250666280525191 ], [ -115.696505055709281, 30.251304694370962 ], [ -115.695867216467732, 30.251596107394654 ], [ -115.695084601653761, 30.251831936261148 ], [ -115.694418084819659, 30.251933571184878 ], [ -115.693201150675335, 30.25200264271318 ], [ -115.692700663730719, 30.252123971499568 ], [ -115.692416136742722, 30.252418893449878 ], [ -115.692442413084407, 30.252789102792548 ], [ -115.692805774092818, 30.253604808704331 ], [ -115.692902288382015, 30.254165203981874 ], [ -115.69282846532623, 30.255030684395464 ], [ -115.692608908455995, 30.255912756062674 ], [ -115.69202404711892, 30.257693488307254 ], [ -115.691896933867724, 30.258657689265629 ], [ -115.692100473034117, 30.25976956212395 ], [ -115.692566827031953, 30.260658481639251 ], [ -115.693762371887672, 30.26221336079233 ], [ -115.694346538326826, 30.26284177980467 ], [ -115.694903470538463, 30.263172162950216 ], [ -115.695247518133954, 30.263094383734142 ], [ -115.69572272252951, 30.262530663169663 ], [ -115.695914090471319, 30.262207737840061 ], [ -115.695928219454359, 30.262149872959235 ], [ -115.69593583042024, 30.262135769610598 ], [ -115.696099951882786, 30.261514810569864 ], [ -115.696160380410362, 30.260874772640999 ], [ -115.696177545258166, 30.259575617933226 ], [ -115.696279065698405, 30.258972081234866 ], [ -115.696566460878415, 30.25846062552052 ], [ -115.696943932002043, 30.258211735241105 ], [ -115.697788949672983, 30.257976516901902 ], [ -115.698309056352244, 30.257945595246515 ], [ -115.699024362750919, 30.258088049772802 ], [ -115.699696436608733, 30.258356394616619 ], [ -115.700997362178015, 30.259018968869025 ], [ -115.701597766967211, 30.259205385254095 ], [ -115.702098043246053, 30.259102067180997 ], [ -115.7023314289806, 30.258743455773352 ], [ -115.702531307690251, 30.257770940545182 ] ] ] ] } },
{ "type": "Feature", "properties": { "fid": 41.0, "cat": 42, "CLAVE_ACUI": "0247", "NOM_ACUIF": "EL SOCORRO", "VULNERABIL": 5 }, "geometry": { "type": "MultiPolygon", "coordinates": [ [ [ [ -115.751905867263986, 30.06880387483508 ], [ -115.752239586703951, 30.068663138774379 ], [ -115.752562423292858, 30.068512599727999 ], [ -115.752917909715052, 30.068319555483292 ], [ -115.75329003529788, 30.068125879809195 ], [ -115.753876518421876, 30.067985755263091 ], [ -115.754228293976993, 30.068061277051044 ], [ -115.75462911028032, 30.068362848716117 ], [ -115.754945363584667, 30.06878994654296 ], [ -115.755493312580484, 30.069769667722497 ], [ -115.755903496833412, 30.070152535347823 ], [ -115.756551750578254, 30.070312919072311 ], [ -115.757147600481204, 30.070218445038272 ], [ -115.758460703973427, 30.069743587583631 ], [ -115.759095604278045, 30.069578137072998 ], [ -115.759687209686774, 30.069556650221053 ], [ -115.760038320759122, 30.069686291084885 ], [ -115.76005114655355, 30.069697691388928 ], [ -115.760100334572613, 30.069704922956888 ], [ -115.760387408352415, 30.069978334142199 ], [ -115.760397444114759, 30.070005499149229 ], [ -115.760500051211039, 30.070096701282257 ], [ -115.760662648728271, 30.070368938070843 ], [ -115.760688708389338, 30.07077523924978 ], [ -115.760678560450415, 30.070809722504833 ], [ -115.760736639205504, 30.071091512061049 ], [ -115.760700459299869, 30.071497226393525 ], [ -115.760561894905166, 30.071793693860233 ], [ -115.760182379371329, 30.072277381132981 ], [ -115.760033776380041, 30.072546682916407 ], [ -115.759967485119546, 30.072870901776493 ], [ -115.760005603482057, 30.07314196490826 ], [ -115.76018625127486, 30.073630935328552 ], [ -115.760221895416862, 30.074100490942612 ], [ -115.76014817779884, 30.075020187383132 ], [ -115.75998966770976, 30.076083458832219 ], [ -115.759587842683942, 30.078353575200261 ], [ -115.759470816561219, 30.079417236825574 ], [ -115.759521577131991, 30.080338106929961 ], [ -115.75972320801894, 30.080809228855856 ], [ -115.760277343352811, 30.081301723129968 ], [ -115.760538975860115, 30.081953878652357 ], [ -115.760769738395268, 30.083417852069338 ], [ -115.760892710061242, 30.085205652259319 ], [ -115.761030861943297, 30.089105078366579 ], [ -115.761131965881603, 30.090982905167166 ], [ -115.761297125484347, 30.092716960534052 ], [ -115.761471288088558, 30.093729226180596 ], [ -115.761828619049965, 30.09503196744139 ], [ -115.762109922079134, 30.095774539029051 ], [ -115.762596500229478, 30.096699512055224 ], [ -115.763126164257045, 30.097498561037991 ], [ -115.764228593793504, 30.098970730306331 ], [ -115.764758282631249, 30.099769773147834 ], [ -115.765244904004291, 30.100694737057786 ], [ -115.765526247315648, 30.101437301872945 ], [ -115.765883655854651, 30.102740032884295 ], [ -115.7659492290218, 30.103309124467245 ], [ -115.765788533222249, 30.103713668674132 ], [ -115.765455132673978, 30.103818816789591 ], [ -115.764615628873187, 30.103729713550855 ], [ -115.764016699650455, 30.10348947067807 ], [ -115.763059422840456, 30.102857844385632 ], [ -115.76206290140432, 30.102045373137415 ], [ -115.760030654956267, 30.10023957024903 ], [ -115.758940460338067, 30.099453262012698 ], [ -115.757702083101577, 30.098900152533862 ], [ -115.756728304099994, 30.098764612843755 ], [ -115.755045332143652, 30.098911096334533 ], [ -115.754235765215299, 30.098921468787839 ], [ -115.753490040420658, 30.098806114337904 ], [ -115.753056734121969, 30.098603487355422 ], [ -115.752502542425148, 30.098110962170168 ], [ -115.752173228399315, 30.097891272973357 ], [ -115.751739475355322, 30.097724731116934 ], [ -115.75134586686687, 30.097666850252626 ], [ -115.751127970476986, 30.097664779088738 ], [ -115.750850585553067, 30.097660567682638 ], [ -115.750603873397154, 30.097656821966893 ], [ -115.75044926736625, 30.097685614776275 ], [ -115.750226255543708, 30.097727146677418 ], [ -115.749955569984579, 30.097829425648818 ], [ -115.749626913555929, 30.098057788533378 ], [ -115.749345038732926, 30.098333596648011 ], [ -115.74899717376681, 30.098763407708237 ], [ -115.748721143308799, 30.099257065765478 ], [ -115.748240911918927, 30.10030822809351 ], [ -115.748000490297926, 30.100563748261184 ], [ -115.747904321300794, 30.100665956192429 ], [ -115.747374787746494, 30.100687978206523 ], [ -115.746828827255001, 30.100366952477678 ], [ -115.745720494087209, 30.099381848791612 ], [ -115.745155389708032, 30.098934306025473 ], [ -115.744568397940611, 30.098576785644859 ], [ -115.744155179640245, 30.098428461948071 ], [ -115.743502514501287, 30.098341010778437 ], [ -115.743314375690602, 30.098447491895964 ], [ -115.743402623992964, 30.098854388516951 ], [ -115.743463900969545, 30.098958889131573 ], [ -115.743737846639533, 30.099426068025544 ], [ -115.744655281676344, 30.100734205991351 ], [ -115.745081282943815, 30.101514287550952 ], [ -115.74544184061935, 30.102546397622643 ], [ -115.745616765987918, 30.103486500324866 ], [ -115.74578098280422, 30.105274698641399 ], [ -115.74589502127445, 30.106105938766568 ], [ -115.746072918296079, 30.106811461004966 ], [ -115.7462553745262, 30.107156091206946 ], [ -115.746624846257674, 30.107484459079192 ], [ -115.746660943492643, 30.107540067610497 ], [ -115.746539324328239, 30.107682157392475 ], [ -115.746067229968048, 30.10808370353028 ], [ -115.745734023508149, 30.108170755918486 ], [ -115.745206502075973, 30.108030366779047 ], [ -115.744660509455528, 30.107709331434698 ], [ -115.743550064318569, 30.106886609950823 ], [ -115.74291149077807, 30.106501518243128 ], [ -115.742106206651641, 30.106168967380043 ], [ -115.741402637992962, 30.105999807073662 ], [ -115.740097215837082, 30.105824871651567 ], [ -115.739485784866019, 30.105755841991282 ], [ -115.738956911003527, 30.105723695585027 ], [ -115.73868688472146, 30.105739149713816 ], [ -115.738405679172999, 30.105817659509352 ], [ -115.738279896319057, 30.10591570843831 ], [ -115.738183753299964, 30.106131345780668 ], [ -115.738149297821096, 30.106392692506006 ], [ -115.738142074554531, 30.106961095365349 ], [ -115.738148928737502, 30.107415998903889 ], [ -115.73810422809791, 30.107550977305763 ], [ -115.738008691436832, 30.107626354854865 ], [ -115.737824629979684, 30.107634243203048 ], [ -115.737623038859979, 30.107549224339504 ], [ -115.736991971006972, 30.107282773468221 ], [ -115.735932286325109, 30.106901087119013 ], [ -115.734930158000594, 30.106560964851148 ], [ -115.733833901583864, 30.106242885031303 ], [ -115.732635830386684, 30.105789186193544 ], [ -115.729937874774251, 30.104951025279437 ], [ -115.728686915353407, 30.104577989784168 ], [ -115.727631965278093, 30.104297074812923 ], [ -115.726925792511636, 30.104112269887366 ], [ -115.726143944574048, 30.103907655632444 ], [ -115.72468811868211, 30.103526642808106 ], [ -115.722870165257959, 30.103000653501436 ], [ -115.720818057638169, 30.102335955705552 ], [ -115.718895400350121, 30.101757810893631 ], [ -115.717431386275365, 30.10130059858334 ], [ -115.716292407184255, 30.100886344211876 ], [ -115.751905867263986, 30.06880387483508 ] ] ] ] } },
{ "type": "Feature", "properties": { "fid": 43.0, "cat": 41, "CLAVE_ACUI": "0247", "NOM_ACUIF": "EL SOCORRO", "VULNERABIL": 4 }, "geometry": { "type": "MultiPolygon", "coordinates": [ [ [ [ -115.732635830386684, 30.105789186193544 ], [ -115.733833901583864, 30.106242885031303 ], [ -115.734930158000594, 30.106560964851148 ], [ -115.735932286325109, 30.106901087119013 ], [ -115.735559254383006, 30.107314120568276 ], [ -115.735239674246117, 30.107736827929134 ], [ -115.7349388848274, 30.108301835118748 ], [ -115.734715447685204, 30.108732804228787 ], [ -115.734285391104009, 30.109274143137753 ], [ -115.733759624546295, 30.109625928944119 ], [ -115.733301646563774, 30.109729793226236 ], [ -115.732588729067004, 30.109479285210451 ], [ -115.731858518119878, 30.108957905766037 ], [ -115.730380826348082, 30.107644267461744 ], [ -115.729661825510462, 30.107059821020201 ], [ -115.728982492768139, 30.106620128257148 ], [ -115.728569266601824, 30.106471755406826 ], [ -115.728008916895405, 30.106466330272028 ], [ -115.727709144432524, 30.106373193472887 ], [ -115.727370177898791, 30.106099209248441 ], [ -115.727105007199683, 30.10573570580987 ], [ -115.726648465261192, 30.10491917929404 ], [ -115.726458396760265, 30.104584958396522 ], [ -115.726322541875234, 30.104300977862685 ], [ -115.726143944574048, 30.103907655632444 ], [ -115.726925792511636, 30.104112269887366 ], [ -115.727631965278093, 30.104297074812923 ], [ -115.728686915353407, 30.104577989784168 ], [ -115.729937874774251, 30.104951025279437 ], [ -115.732635830386684, 30.105789186193544 ] ] ] ] } },
{ "type": "Feature", "properties": { "fid": 39.0, "cat": 40, "CLAVE_ACUI": "0247", "NOM_ACUIF": "EL SOCORRO", "VULNERABIL": 4 }, "geometry": { "type": "MultiPolygon", "coordinates": [ [ [ [ -115.716292407184255, 30.100886344211876 ], [ -115.717431386275365, 30.10130059858334 ], [ -115.718895400350121, 30.101757810893631 ], [ -115.720818057638169, 30.102335955705552 ], [ -115.722870165257959, 30.103000653501436 ], [ -115.72468811868211, 30.103526642808106 ], [ -115.724187364191948, 30.103681401459685 ], [ -115.723634765418922, 30.103861329619118 ], [ -115.723203890924992, 30.104021774772935 ], [ -115.722761795216357, 30.104258341636051 ], [ -115.72256013802847, 30.104424924803752 ], [ -115.722368726479402, 30.104690136372046 ], [ -115.722267106482491, 30.105094900856244 ], [ -115.722261835034161, 30.105688692680175 ], [ -115.72230489604236, 30.106258520601862 ], [ -115.722406402180326, 30.10714284764877 ], [ -115.722542392608972, 30.107866037564666 ], [ -115.72278238739645, 30.10857219200669 ], [ -115.723046388736151, 30.109025925896621 ], [ -115.723598400614563, 30.109680971951651 ], [ -115.723781130448842, 30.109998564494816 ], [ -115.723777303229269, 30.110296297508466 ], [ -115.723588193237674, 30.110474926605512 ], [ -115.723024688765221, 30.11071307922224 ], [ -115.722713022502703, 30.110737118654381 ], [ -115.722341530791297, 30.110571085324825 ], [ -115.722034045784554, 30.11027032372867 ], [ -115.721483086995462, 30.109534071512652 ], [ -115.721219091660245, 30.109080334682542 ], [ -115.720978061009305, 30.108455377569825 ], [ -115.720840337911994, 30.107867519486305 ], [ -115.720668199640457, 30.106728902420986 ], [ -115.720407005402123, 30.10605863114241 ], [ -115.719795565694255, 30.105186432809457 ], [ -115.719037700567071, 30.104403037293583 ], [ -115.71825978461321, 30.103711306487114 ], [ -115.717755435972023, 30.103317393706103 ], [ -115.717187287608482, 30.102958492196329 ], [ -115.716685332871208, 30.10256671795576 ], [ -115.716374665835914, 30.102269962754992 ], [ -115.716112953681304, 30.101838045559273 ], [ -115.715983973441752, 30.101395521992746 ], [ -115.715947857416097, 30.10119658023066 ], [ -115.716292407184255, 30.100886344211876 ] ] ] ] } },
{ "type": "Feature", "properties": { "fid": 38.0, "cat": 39, "CLAVE_ACUI": "0247", "NOM_ACUIF": "EL SOCORRO", "VULNERABIL": 2 }, "geometry": { "type": "MultiPolygon", "coordinates": [ [ [ [ -115.718554780121991, 30.119304864998206 ], [ -115.718339285789042, 30.119113272280526 ], [ -115.718268852751308, 30.118941141795762 ], [ -115.718273047371099, 30.11861634327137 ], [ -115.718358635155496, 30.118418665590863 ], [ -115.718611203018071, 30.118150430727244 ], [ -115.718946560613119, 30.117901049627001 ], [ -115.719700061644659, 30.117421138500266 ], [ -115.719995531287424, 30.11704503917996 ], [ -115.720128442728424, 30.116396655227842 ], [ -115.720054494656409, 30.115692115160961 ], [ -115.71969974671552, 30.114226878429093 ], [ -115.719646906919394, 30.113495473789872 ], [ -115.71984312696776, 30.112766496948353 ], [ -115.720222996720238, 30.112282939254342 ], [ -115.721166378873946, 30.111561238481691 ], [ -115.721729195382792, 30.111377227361025 ], [ -115.722474273661575, 30.111546896835716 ], [ -115.723153261039442, 30.112013689710363 ], [ -115.724445164388797, 30.113244393627987 ], [ -115.724913723678824, 30.113934717176672 ], [ -115.725027478009821, 30.114774991810968 ], [ -115.72474850082115, 30.115485126602515 ], [ -115.723797797087386, 30.116775251209443 ], [ -115.723447783744703, 30.117358365790945 ], [ -115.723348463517837, 30.117817590071915 ], [ -115.723532947056384, 30.117999849978855 ], [ -115.724185719413242, 30.118087403365326 ], [ -115.724312007016735, 30.118076445068542 ], [ -115.724006392843378, 30.118311244284815 ], [ -115.72359573065323, 30.118767443140182 ], [ -115.723456405425765, 30.119108975292164 ], [ -115.723324042806894, 30.118909175340857 ], [ -115.722919644196338, 30.118878173211865 ], [ -115.722378007480913, 30.119026301219538 ], [ -115.721157488180836, 30.119501680384214 ], [ -115.72054273306567, 30.119685181885075 ], [ -115.719918994029229, 30.119760313041791 ], [ -115.719494186265052, 30.119702031406796 ], [ -115.718843504816476, 30.119452055247059 ], [ -115.718554780121991, 30.119304864998206 ] ] ] ] } },
{ "type": "Feature", "properties": { "fid": 44.0, "cat": 38, "CLAVE_ACUI": "0247", "NOM_ACUIF": "EL SOCORRO", "VULNERABIL": 4 }, "geometry": { "type": "MultiPolygon", "coordinates": [ [ [ [ -115.756429996502135, 30.064726068201885 ], [ -115.783184912819465, 30.052466000438631 ], [ -115.78342169174114, 30.052760125432183 ], [ -115.783696758650891, 30.053168728316734 ], [ -115.783754356131581, 30.053548248779645 ], [ -115.783652079055059, 30.054278207508567 ], [ -115.78342401620516, 30.055115284469668 ], [ -115.782842091251908, 30.056896554340081 ], [ -115.782602207664354, 30.057850825508194 ], [ -115.782464494184893, 30.058932371292276 ], [ -115.782474859173604, 30.059780676909472 ], [ -115.782643672690028, 30.06124404797961 ], [ -115.782696190900424, 30.062038602619651 ], [ -115.782684928877785, 30.062958895646048 ], [ -115.782613639136031, 30.063698162670441 ], [ -115.782411028349571, 30.064995670332674 ], [ -115.782279265128807, 30.065590000801624 ], [ -115.782086588878883, 30.066075484772767 ], [ -115.781897225716804, 30.066290294196516 ], [ -115.781521813005739, 30.066449238003532 ], [ -115.781353193714253, 30.066664238868054 ], [ -115.781222748425733, 30.067150298260838 ], [ -115.781173958922352, 30.067745396509437 ], [ -115.78115803591281, 30.069044631819381 ], [ -115.781181304248207, 30.069685515457714 ], [ -115.781267033579354, 30.070308931183291 ], [ -115.781386648066572, 30.070707073715102 ], [ -115.781659763599819, 30.071278085288224 ], [ -115.781895698870613, 30.071496835662447 ], [ -115.782330387654937, 30.071582074619194 ], [ -115.782818932311059, 30.071505388024015 ], [ -115.783849872778731, 30.071190084704835 ], [ -115.784302339113324, 30.071033184218663 ], [ -115.784621382207462, 30.070913889310571 ], [ -115.784647250415603, 30.07113499418233 ], [ -115.785013478961048, 30.071337167801417 ], [ -115.785379709189641, 30.07159274653387 ], [ -115.785448386758105, 30.071953228478797 ], [ -115.784998256068604, 30.072491089672383 ], [ -115.78440315903967, 30.072935493689648 ], [ -115.784052214331851, 30.073484798376754 ], [ -115.78397592910477, 30.073835743409827 ], [ -115.784342167811204, 30.074388862859458 ], [ -115.784662650983279, 30.075619075747809 ], [ -115.784647427309025, 30.076748202932649 ], [ -115.78438041281413, 30.077448184832875 ], [ -115.783846373367339, 30.0785448883477 ], [ -115.783434395476746, 30.079244871340777 ], [ -115.783052949501254, 30.080341573745354 ], [ -115.782961424369205, 30.081306671746351 ], [ -115.782961432362953, 30.081560344457344 ], [ -115.783335288888765, 30.08172437233651 ], [ -115.783358185619534, 30.08198758032745 ], [ -115.783144560821825, 30.082111555837965 ], [ -115.782839375553266, 30.082107741405192 ], [ -115.782763090325119, 30.082458686435707 ], [ -115.782877545725754, 30.0828210748411 ], [ -115.782572365625768, 30.082981289689759 ], [ -115.782305342052453, 30.083393267977183 ], [ -115.782145161769307, 30.084709310994956 ], [ -115.782320663335298, 30.085361610345746 ], [ -115.782793708370619, 30.08561718894612 ], [ -115.782831866342249, 30.085943339138055 ], [ -115.782717428611576, 30.086141699467611 ], [ -115.78224439144941, 30.08613597783437 ], [ -115.781893435559283, 30.086359133164301 ], [ -115.781817150330497, 30.086710078193196 ], [ -115.781779023912236, 30.087385265092013 ], [ -115.781878221798493, 30.087802966052546 ], [ -115.782397045809333, 30.08809669033262 ], [ -115.782473356341185, 30.088548723118237 ], [ -115.782206323931348, 30.088680327484028 ], [ -115.781649363286903, 30.088766156809939 ], [ -115.781428115801475, 30.089124731718012 ], [ -115.7811153215453, 30.089761772343408 ], [ -115.781153491716864, 30.09047510577691 ], [ -115.78110011205051, 30.091341024082443 ], [ -115.781351904796281, 30.091831202373164 ], [ -115.781603700367043, 30.092411023193815 ], [ -115.781596088496968, 30.092960328306681 ], [ -115.781779212750038, 30.093378028258329 ], [ -115.781886037830517, 30.093704178359744 ], [ -115.782366706098472, 30.093770932992829 ], [ -115.782740552471267, 30.093612626382789 ], [ -115.783259363382683, 30.093490557897866 ], [ -115.783709510070196, 30.09346004035417 ], [ -115.783884999074502, 30.093685102406592 ], [ -115.784029975035551, 30.094112339520183 ], [ -115.783770581780999, 30.094560557007476 ], [ -115.783350957635236, 30.094718864576461 ], [ -115.783083932977348, 30.095096511962439 ], [ -115.783450173674339, 30.095712571852982 ], [ -115.784037660831686, 30.095880414308464 ], [ -115.784152118217762, 30.096305744041302 ], [ -115.783816428674498, 30.096753961627289 ], [ -115.784175043018394, 30.097459665858995 ], [ -115.784388690897671, 30.09803948673699 ], [ -115.784121674774255, 30.098687971831158 ], [ -115.783816498636654, 30.098974068414073 ], [ -115.783847037347286, 30.099614924330943 ], [ -115.784068309294852, 30.10000401470975 ], [ -115.784503217223687, 30.100623889360453 ], [ -115.784976282763125, 30.101529860148158 ], [ -115.78548750110717, 30.102597952749811 ], [ -115.785548558334398, 30.103238807730751 ], [ -115.785838487477236, 30.103341802737699 ], [ -115.786250489782631, 30.103444796687576 ], [ -115.786685406488033, 30.104314528315744 ], [ -115.7868914365542, 30.105283440779846 ], [ -115.78670071269201, 30.105804136606714 ], [ -115.786326869443329, 30.1060902332745 ], [ -115.785960651103721, 30.10621230154797 ], [ -115.785792820303854, 30.106851250302004 ], [ -115.785876755209145, 30.107150697433397 ], [ -115.786204832889368, 30.107280393601766 ], [ -115.786723650900328, 30.107383387418498 ], [ -115.787272990312317, 30.107577932947336 ], [ -115.787715523337951, 30.108068110111443 ], [ -115.787746071188366, 30.108998877065922 ], [ -115.78792156855188, 30.109489054573743 ], [ -115.788394622736973, 30.110034544236832 ], [ -115.788982110146222, 30.110238625931149 ], [ -115.789279683439261, 30.110816540192989 ], [ -115.789272077644767, 30.111558482330722 ], [ -115.789218697325325, 30.112432030337953 ], [ -115.789066117791478, 30.112845915889242 ], [ -115.788547309155263, 30.113040462783673 ], [ -115.788142938008789, 30.113000409237706 ], [ -115.787906428136637, 30.11325980361854 ], [ -115.788020876990245, 30.113414295648184 ], [ -115.788532088249951, 30.114257325086967 ], [ -115.788654010792527, 30.114586100245702 ], [ -115.788783887855573, 30.114936326470939 ], [ -115.788768663343703, 30.116038750659438 ], [ -115.788616080623115, 30.116351550046247 ], [ -115.788204081680945, 30.116383974039632 ], [ -115.788097273968759, 30.116609037359879 ], [ -115.78819647384185, 30.117061069228885 ], [ -115.788371968564334, 30.117495935104923 ], [ -115.789447760888805, 30.117974667852383 ], [ -115.790149692105061, 30.118144417620172 ], [ -115.790515917424528, 30.118272207228198 ], [ -115.79092031087464, 30.118991261587031 ], [ -115.790988995301674, 30.119569176145216 ], [ -115.791118726737977, 30.120435094238371 ], [ -115.791523103899479, 30.120665877386102 ], [ -115.792011401417824, 30.120705930834966 ], [ -115.792377616818442, 30.120519013827053 ], [ -115.79272095069318, 30.120522828240819 ], [ -115.792789622916573, 30.120713558648792 ], [ -115.792713332578714, 30.120902382715727 ], [ -115.792667561899009, 30.12112744506172 ], [ -115.792871059787203, 30.121685929112832 ], [ -115.79152185565934, 30.121643599410241 ], [ -115.790425774297617, 30.121601731266775 ], [ -115.787906623462362, 30.121343893247129 ], [ -115.782216731208337, 30.120641563317033 ], [ -115.7788397686829, 30.120086844830141 ], [ -115.774398774606553, 30.119125083611113 ], [ -115.770374119006661, 30.118076838485347 ], [ -115.762741319087624, 30.115893672937851 ], [ -115.759216306775983, 30.114750538716731 ], [ -115.756273886566305, 30.113504548860853 ], [ -115.754894818721397, 30.112571096246469 ], [ -115.753700009500463, 30.111016764196403 ], [ -115.753212997079345, 30.110127849800215 ], [ -115.752946748106837, 30.109015445072103 ], [ -115.752990004492972, 30.108050352787906 ], [ -115.753386008690299, 30.106267479652921 ], [ -115.753480349947367, 30.105366035303184 ], [ -115.753367380960867, 30.104444576659812 ], [ -115.753084762459366, 30.103810256341198 ], [ -115.752349884301026, 30.102828751576016 ], [ -115.75198392450389, 30.102220707572037 ], [ -115.751620917678338, 30.101378082264507 ], [ -115.751381865483722, 30.100581751177494 ], [ -115.751027718545885, 30.099035383181835 ], [ -115.750807726238421, 30.098374583204127 ], [ -115.750630721959013, 30.09801361105659 ], [ -115.75044926736625, 30.097685614776275 ], [ -115.750603873397154, 30.097656821966893 ], [ -115.750850585553067, 30.097660567682638 ], [ -115.751127970476986, 30.097664779088738 ], [ -115.75134586686687, 30.097666850252626 ], [ -115.751739475355322, 30.097724731116934 ], [ -115.752173228399315, 30.097891272973357 ], [ -115.752502542425148, 30.098110962170168 ], [ -115.753056734121969, 30.098603487355422 ], [ -115.753490040420658, 30.098806114337904 ], [ -115.754235765215299, 30.098921468787839 ], [ -115.755045332143652, 30.098911096334533 ], [ -115.756728304099994, 30.098764612843755 ], [ -115.757702083101577, 30.098900152533862 ], [ -115.758940460338067, 30.099453262012698 ], [ -115.760030654956267, 30.10023957024903 ], [ -115.76206290140432, 30.102045373137415 ], [ -115.763059422840456, 30.102857844385632 ], [ -115.764016699650455, 30.10348947067807 ], [ -115.764615628873187, 30.103729713550855 ], [ -115.765455132673978, 30.103818816789591 ], [ -115.765788533222249, 30.103713668674132 ], [ -115.7659492290218, 30.103309124467245 ], [ -115.765883655854651, 30.102740032884295 ], [ -115.765526247315648, 30.101437301872945 ], [ -115.765244904004291, 30.100694737057786 ], [ -115.764758282631249, 30.099769773147834 ], [ -115.764228593793504, 30.098970730306331 ], [ -115.763126164257045, 30.097498561037991 ], [ -115.762596500229478, 30.096699512055224 ], [ -115.762109922079134, 30.095774539029051 ], [ -115.761828619049965, 30.09503196744139 ], [ -115.761471288088558, 30.093729226180596 ], [ -115.761297125484347, 30.092716960534052 ], [ -115.761131965881603, 30.090982905167166 ], [ -115.761030861943297, 30.089105078366579 ], [ -115.760892710061242, 30.085205652259319 ], [ -115.760769738395268, 30.083417852069338 ], [ -115.760538975860115, 30.081953878652357 ], [ -115.760277343352811, 30.081301723129968 ], [ -115.75972320801894, 30.080809228855856 ], [ -115.759521577131991, 30.080338106929961 ], [ -115.759470816561219, 30.079417236825574 ], [ -115.759587842683942, 30.078353575200261 ], [ -115.75998966770976, 30.076083458832219 ], [ -115.76014817779884, 30.075020187383132 ], [ -115.760221895416862, 30.074100490942612 ], [ -115.76018625127486, 30.073630935328552 ], [ -115.760005603482057, 30.07314196490826 ], [ -115.759967485119546, 30.072870901776493 ], [ -115.759970533003909, 30.072855995163586 ], [ -115.760033776380041, 30.072546682916407 ], [ -115.760182379371329, 30.072277381132981 ], [ -115.760561894905166, 30.071793693860233 ], [ -115.760700459299869, 30.071497226393525 ], [ -115.760736639205504, 30.071091512061049 ], [ -115.760678560450415, 30.070809722504833 ], [ -115.760688708389338, 30.07077523924978 ], [ -115.760662648728271, 30.070368938070843 ], [ -115.760500051211039, 30.070096701282257 ], [ -115.760397444114759, 30.070005499149229 ], [ -115.760387408352415, 30.069978334142199 ], [ -115.760100334572613, 30.069704922956888 ], [ -115.76005114655355, 30.069697691388928 ], [ -115.760038320759122, 30.069686291084885 ], [ -115.759687209686774, 30.069556650221053 ], [ -115.759095604278045, 30.069578137072998 ], [ -115.758460703973427, 30.069743587583631 ], [ -115.757147600481204, 30.070218445038272 ], [ -115.756551750578254, 30.070312919072311 ], [ -115.755903496833412, 30.070152535347823 ], [ -115.755493312580484, 30.069769667722497 ], [ -115.754945363584667, 30.06878994654296 ], [ -115.75462911028032, 30.068362848716117 ], [ -115.754228293976993, 30.068061277051044 ], [ -115.753876518421876, 30.067985755263091 ], [ -115.75329003529788, 30.068125879809195 ], [ -115.752917909715052, 30.068319555483292 ], [ -115.752562423292858, 30.068512599727999 ], [ -115.752239586703951, 30.068663138774379 ], [ -115.751905867263986, 30.06880387483508 ], [ -115.756429996502135, 30.064726068201885 ] ] ] ] } },
{ "type": "Feature", "properties": { "fid": 46.0, "cat": 45, "CLAVE_ACUI": "0247", "NOM_ACUIF": "EL SOCORRO", "VULNERABIL": 5 }, "geometry": { "type": "MultiPolygon", "coordinates": [ [ [ [ -115.788156217563838, 30.050187020960724 ], [ -115.787767148679407, 30.051510693123603 ], [ -115.787606955303914, 30.052410943394033 ], [ -115.787309429699476, 30.053374134281992 ], [ -115.787042403310622, 30.053696470062945 ], [ -115.786783010909247, 30.054171389686054 ], [ -115.786622801302656, 30.054556666637971 ], [ -115.786729625298548, 30.054848484039582 ], [ -115.787065332140997, 30.054978181054807 ], [ -115.787057714323154, 30.055338662206836 ], [ -115.786798308877408, 30.055399696474105 ], [ -115.786508386841078, 30.055521764685462 ], [ -115.786271877883436, 30.055809768627157 ], [ -115.786081155174472, 30.056395312321655 ], [ -115.785966728207228, 30.056935080482436 ], [ -115.785852295529537, 30.057293655261244 ], [ -115.785875197069146, 30.057709448004715 ], [ -115.78602779685275, 30.057938324918823 ], [ -115.786142249907485, 30.058226328365855 ], [ -115.7863558846758, 30.058390356449969 ], [ -115.786539001771601, 30.058581087583239 ], [ -115.786462713721306, 30.058842388292245 ], [ -115.786279602576329, 30.058840481127387 ], [ -115.786050715643782, 30.058901515349447 ], [ -115.786050720753082, 30.059063637211029 ], [ -115.785936293004085, 30.059578610685989 ], [ -115.785936300096921, 30.059803672970915 ], [ -115.786073640623783, 30.060032549907206 ], [ -115.786111800518995, 30.06041973310111 ], [ -115.786104186667984, 30.060906096897767 ], [ -115.785806635511264, 30.061030072537474 ], [ -115.785470930592695, 30.060990018947134 ], [ -115.785287824616603, 30.061152141064312 ], [ -115.785348877874185, 30.061667114292803 ], [ -115.785493853771143, 30.062092443974795 ], [ -115.785638837359869, 30.062733298832793 ], [ -115.785776184919726, 30.063185330632958 ], [ -115.78622633471953, 30.063253993594373 ], [ -115.786409456925483, 30.063606844792883 ], [ -115.786325537654449, 30.063831908094112 ], [ -115.785959315362788, 30.063828093759835 ], [ -115.785722807485001, 30.064150428591191 ], [ -115.785532096733405, 30.065086918110424 ], [ -115.785562636586164, 30.065764012344076 ], [ -115.785402442367172, 30.066666169126577 ], [ -115.785471137905319, 30.067568326491426 ], [ -115.785204112596304, 30.067953602685016 ], [ -115.78497523058823, 30.068142426968901 ], [ -115.785082062701804, 30.068720340558219 ], [ -115.784960000843554, 30.069078915343454 ], [ -115.784876096658579, 30.069782711840741 ], [ -115.784990556985051, 30.070272890311568 ], [ -115.784868491943172, 30.070558986664555 ], [ -115.784609092443915, 30.070808843990307 ], [ -115.784621382207462, 30.070913889310571 ], [ -115.784302339113324, 30.071033184218663 ], [ -115.783849872778731, 30.071190084704835 ], [ -115.782818932311059, 30.071505388024015 ], [ -115.782330387654937, 30.071582074619194 ], [ -115.781895698870613, 30.071496835662447 ], [ -115.781659763599819, 30.071278085288224 ], [ -115.781386648066572, 30.070707073715102 ], [ -115.781267033579354, 30.070308931183291 ], [ -115.781181304248207, 30.069685515457714 ], [ -115.78115803591281, 30.069044631819381 ], [ -115.781173958922352, 30.067745396509437 ], [ -115.781222748425733, 30.067150298260838 ], [ -115.781353193714253, 30.066664238868054 ], [ -115.781521813005739, 30.066449238003532 ], [ -115.781897225716804, 30.066290294196516 ], [ -115.782086588878883, 30.066075484772767 ], [ -115.782279265128807, 30.065590000801624 ], [ -115.782411028349571, 30.064995670332674 ], [ -115.782613639136031, 30.063698162670441 ], [ -115.782684928877785, 30.062958895646048 ], [ -115.782696190900424, 30.062038602619651 ], [ -115.782643672690028, 30.06124404797961 ], [ -115.782474859173604, 30.059780676909472 ], [ -115.782464494184893, 30.058932371292276 ], [ -115.782602207664354, 30.057850825508194 ], [ -115.782842091251908, 30.056896554340081 ], [ -115.78342401620516, 30.055115284469668 ], [ -115.783652079055059, 30.054278207508567 ], [ -115.783754356131581, 30.053548248779645 ], [ -115.783696758650891, 30.053168728316734 ], [ -115.78342169174114, 30.052760125432183 ], [ -115.783184912819465, 30.052466000438631 ], [ -115.788156217563838, 30.050187020960724 ] ] ] ] } },
{ "type": "Feature", "properties": { "fid": 32.0, "cat": 32, "CLAVE_ACUI": "0247", "NOM_ACUIF": "EL SOCORRO", "VULNERABIL": 1 }, "geometry": { "type": "MultiPolygon", "coordinates": [ [ [ [ -115.735633234681288, 30.165381052890787 ], [ -115.735424191796128, 30.165487317623732 ], [ -115.734955917606868, 30.165564012844477 ], [ -115.734665653001485, 30.165525120585428 ], [ -115.734263134886803, 30.165331748919282 ], [ -115.733882537517673, 30.165048354733905 ], [ -115.733143268987305, 30.164391542008225 ], [ -115.732773176761285, 30.164099222844222 ], [ -115.732402163195445, 30.163879080037795 ], [ -115.732153898036955, 30.163804494951741 ], [ -115.731726893760253, 30.163774848090778 ], [ -115.731485840270281, 30.163706585583675 ], [ -115.731331204718558, 30.163619603085856 ], [ -115.730874283010564, 30.163178540297125 ], [ -115.730217647773671, 30.162558603940276 ], [ -115.729235019393045, 30.161568876115577 ], [ -115.728298573091621, 30.160716690962026 ], [ -115.727933956109879, 30.160355579912792 ], [ -115.727656987441051, 30.159987456998561 ], [ -115.727663999593247, 30.159836701918 ], [ -115.727709992289348, 30.159719695819803 ], [ -115.727888379449311, 30.159685947154053 ], [ -115.728940158742148, 30.159731523924833 ], [ -115.730391614804063, 30.159794630710145 ], [ -115.732545586664571, 30.159973382338958 ], [ -115.733750527128976, 30.160079517341575 ], [ -115.734783306604712, 30.160237190863054 ], [ -115.735499040704227, 30.160362879169913 ], [ -115.736288593297161, 30.160530876538655 ], [ -115.736957824077365, 30.160855094853673 ], [ -115.7371416054701, 30.161100492813574 ], [ -115.737207673275051, 30.161565474477602 ], [ -115.73708949476395, 30.161930134435341 ], [ -115.736803295626231, 30.162387567383263 ], [ -115.736577779664429, 30.162971910076866 ], [ -115.736187425509584, 30.164267504561341 ], [ -115.736043905094618, 30.164639370981952 ], [ -115.73585953438409, 30.164994656795702 ], [ -115.735737650396274, 30.165221920763688 ], [ -115.735633234681288, 30.165381052890787 ] ] ] ] } },
{ "type": "Feature", "properties": { "fid": 28.0, "cat": 27, "CLAVE_ACUI": "0247", "NOM_ACUIF": "EL SOCORRO", "VULNERABIL": 1 }, "geometry": { "type": "MultiPolygon", "coordinates": [ [ [ [ -115.716580615658458, 30.167587221074474 ], [ -115.716494415111782, 30.167026936150929 ], [ -115.716778616785547, 30.166731948913338 ], [ -115.717338486797132, 30.166800586606549 ], [ -115.718733906019906, 30.167301477727662 ], [ -115.719642727455494, 30.167689327148906 ], [ -115.720973774921319, 30.168351985236097 ], [ -115.722283375491443, 30.169068560768345 ], [ -115.724881170386965, 30.170555604967159 ], [ -115.726201677042383, 30.171236155187565 ], [ -115.72756535982019, 30.171790785479303 ], [ -115.728517646954629, 30.172034623920222 ], [ -115.730010819094446, 30.172211506907018 ], [ -115.730829168636106, 30.172372822552166 ], [ -115.73179104527307, 30.172679893136745 ], [ -115.732575825728659, 30.173030362182281 ], [ -115.733968300516864, 30.173774693821972 ], [ -115.734481270128569, 30.174266900475441 ], [ -115.734627691295771, 30.174999198186331 ], [ -115.734358749584331, 30.175727488639538 ], [ -115.733405482958332, 30.177180057045639 ], [ -115.732981107025807, 30.177879773331501 ], [ -115.732661261995744, 30.178526358505437 ], [ -115.732552567081243, 30.178904285362645 ], [ -115.732546330138945, 30.179391481376939 ], [ -115.732645555434317, 30.179753370740521 ], [ -115.73294947074065, 30.180351842407095 ], [ -115.733356774512202, 30.180987404940037 ], [ -115.734274784047116, 30.182295617316786 ], [ -115.734555640149836, 30.183074328093692 ], [ -115.734480181705379, 30.184102251874599 ], [ -115.734073551787588, 30.185036746562538 ], [ -115.732929093860918, 30.186812299252235 ], [ -115.732439585482723, 30.187727940717117 ], [ -115.7321155417456, 30.188699319430576 ], [ -115.732064983951688, 30.189402644166975 ], [ -115.732237361088394, 30.19054124020813 ], [ -115.73235482370967, 30.191101817180659 ], [ -115.732534833366515, 30.191644952104696 ], [ -115.73271738685726, 30.191989599908336 ], [ -115.733085038820562, 30.192480407909944 ], [ -115.733237246457264, 30.192761599083067 ], [ -115.733326215400339, 30.193114365201875 ], [ -115.73332228861382, 30.193421117679208 ], [ -115.733221538067383, 30.193988608927167 ], [ -115.732979771144571, 30.194211854168305 ], [ -115.732355220985596, 30.194314096740161 ], [ -115.731556072681798, 30.194261252295124 ], [ -115.729783185539517, 30.194000462585873 ], [ -115.728995934330101, 30.193830415741246 ], [ -115.728407063051378, 30.193581079015306 ], [ -115.728212860590574, 30.193335568158055 ], [ -115.728219122354602, 30.192848373999929 ], [ -115.728347695181228, 30.192542830798718 ], [ -115.728727149783623, 30.192113394564451 ], [ -115.729230998619428, 30.191703209173543 ], [ -115.730363080600966, 30.190902083116534 ], [ -115.730795258353552, 30.190409988233682 ], [ -115.730959720160584, 30.189734836348212 ], [ -115.730801650390902, 30.189101679202217 ], [ -115.730162991113971, 30.187877357955394 ], [ -115.729795833343928, 30.187350453821271 ], [ -115.729333011311596, 30.186994063547758 ], [ -115.728928796428846, 30.186926983673491 ], [ -115.728178970116858, 30.187082132455771 ], [ -115.727698695493913, 30.187275985269697 ], [ -115.727007695477411, 30.187702395275331 ], [ -115.726336299281229, 30.188219224315429 ], [ -115.725013094606041, 30.189343294384486 ], [ -115.724353109141873, 30.1897790145462 ], [ -115.723696375907508, 30.189962112325642 ], [ -115.72326181154466, 30.189831556816547 ], [ -115.722614858242736, 30.189256792736764 ], [ -115.722328024709654, 30.188947208469909 ], [ -115.722114473400339, 30.188593221550438 ], [ -115.722045386949134, 30.188312828060635 ], [ -115.722051677807059, 30.187825634700612 ], [ -115.722232538301171, 30.187493537332916 ], [ -115.722768825338377, 30.1869844370203 ], [ -115.723481771653908, 30.186468030802569 ], [ -115.725084305015017, 30.185427900242498 ], [ -115.725912276656416, 30.184849435657153 ], [ -115.726793672227373, 30.184154182038231 ], [ -115.727434694869274, 30.183573892317394 ], [ -115.728476360709237, 30.182528274961594 ], [ -115.728940474617318, 30.181973331906786 ], [ -115.729291162245531, 30.181354125398276 ], [ -115.72941153093123, 30.18087705893403 ], [ -115.729421952076635, 30.180065066727945 ], [ -115.729271163208352, 30.17967560583353 ], [ -115.728808377971873, 30.179319214388091 ], [ -115.728187859332991, 30.179114687374703 ], [ -115.726789091630792, 30.1788574890037 ], [ -115.726011073096913, 30.178786771667532 ], [ -115.725075779590554, 30.178831823379795 ], [ -115.724294972880386, 30.178977626795803 ], [ -115.722887839563256, 30.179369979499182 ], [ -115.722242606138806, 30.179471974300835 ], [ -115.721714046940775, 30.179385614895622 ], [ -115.721478350269294, 30.179139690004828 ], [ -115.721299820248618, 30.178488275982112 ], [ -115.721388254659018, 30.178074068760303 ], [ -115.721832082861695, 30.177482860137928 ], [ -115.722483356751852, 30.176911716940648 ], [ -115.723993331101639, 30.175789484733649 ], [ -115.724572474264917, 30.175172512602543 ], [ -115.724799949749297, 30.174443840411051 ], [ -115.72459994003772, 30.173846360917135 ], [ -115.723772449473685, 30.172782591756615 ], [ -115.723238774677355, 30.172290142741783 ], [ -115.72246523353742, 30.171876565174102 ], [ -115.721709671387018, 30.171679716468851 ], [ -115.720216525680371, 30.171502739621939 ], [ -115.719501572498231, 30.171378460499913 ], [ -115.718849856464729, 30.171182609100349 ], [ -115.718478615939105, 30.170980471490861 ], [ -115.718016611156173, 30.170569911147307 ], [ -115.717750961667718, 30.170233454607754 ], [ -115.717416018062821, 30.169634645832794 ], [ -115.717123429795762, 30.168973087666028 ], [ -115.716580615658458, 30.167587221074474 ] ] ] ] } },
{ "type": "Feature", "properties": { "fid": 25.0, "cat": 26, "CLAVE_ACUI": "0247", "NOM_ACUIF": "EL SOCORRO", "VULNERABIL": 2 }, "geometry": { "type": "MultiPolygon", "coordinates": [ [ [ [ -115.731794589974442, 30.210496355139735 ], [ -115.731711603628369, 30.210486529006843 ], [ -115.731649624264833, 30.210458859643179 ], [ -115.731629311668542, 30.210422570209271 ], [ -115.731630353216715, 30.210341371289509 ], [ -115.731651475876106, 30.210314506006981 ], [ -115.731713802310267, 30.210315109060105 ], [ -115.731796557089112, 30.210342979393427 ], [ -115.731982495203312, 30.21042598718941 ], [ -115.732044358955619, 30.210462678501411 ], [ -115.732044011884994, 30.210489744811969 ], [ -115.731981569636787, 30.210498164015963 ], [ -115.731794589974442, 30.210496355139735 ] ] ] ] } },
{ "type": "Feature", "properties": { "fid": 24.0, "cat": 24, "CLAVE_ACUI": "0247", "NOM_ACUIF": "EL SOCORRO", "VULNERABIL": 3 }, "geometry": { "type": "MultiPolygon", "coordinates": [ [ [ [ -115.776367556082718, 30.247112365945323 ], [ -115.776654841299361, 30.246573654258462 ], [ -115.777499587535573, 30.246337912960843 ], [ -115.778620218211032, 30.246483715492442 ], [ -115.781137390522773, 30.247156836428747 ], [ -115.782348670504248, 30.247538055509906 ], [ -115.783465321461364, 30.248008617312337 ], [ -115.784115122931524, 30.248411674193967 ], [ -115.784947877413529, 30.249150285854444 ], [ -115.785399355120717, 30.249623682751704 ], [ -115.785921030196846, 30.250305263839802 ], [ -115.786339011904971, 30.250967835602921 ], [ -115.787071289814961, 30.25227396855821 ], [ -115.787323894876181, 30.25286281956792 ], [ -115.787349419655129, 30.25332324216803 ], [ -115.787139352960992, 30.2535017622338 ], [ -115.786483627405133, 30.253576897643331 ], [ -115.786130726083599, 30.253537534362149 ], [ -115.785727749335223, 30.25334431051521 ], [ -115.785409023949995, 30.253061634216209 ], [ -115.784855828314974, 30.252406828501105 ], [ -115.784464473122668, 30.252114452858269 ], [ -115.783843600259829, 30.251892131195174 ], [ -115.78320016638915, 30.251813969120324 ], [ -115.781890736249011, 30.251801797752059 ], [ -115.781287537432618, 30.251832279522922 ], [ -115.780787369933904, 30.251935903632905 ], [ -115.78055695594432, 30.252078130601742 ], [ -115.780365881277746, 30.252401188472987 ], [ -115.78019781982276, 30.252543995377735 ], [ -115.779884710547037, 30.252649357927442 ], [ -115.779530923437378, 30.252682154687925 ], [ -115.778782671989006, 30.252675180083749 ], [ -115.778378820701732, 30.252554111729442 ], [ -115.777915520351868, 30.252197883075155 ], [ -115.777547206350874, 30.25172523720429 ], [ -115.776905571460304, 30.25066352733549 ], [ -115.776622305348113, 30.250038277905844 ], [ -115.776414135034841, 30.249224241216567 ], [ -115.776350448449321, 30.248492763220561 ], [ -115.776367556082718, 30.247112365945323 ] ] ] ] } },
{ "type": "Feature", "properties": { "fid": 23.0, "cat": 23, "CLAVE_ACUI": "0247", "NOM_ACUIF": "EL SOCORRO", "VULNERABIL": 2 }, "geometry": { "type": "MultiPolygon", "coordinates": [ [ [ [ -115.694903470538463, 30.263172162950216 ], [ -115.694346538326826, 30.26284177980467 ], [ -115.693762371887672, 30.26221336079233 ], [ -115.692566827031953, 30.260658481639251 ], [ -115.692100473034117, 30.25976956212395 ], [ -115.691896933867724, 30.258657689265629 ], [ -115.69202404711892, 30.257693488307254 ], [ -115.692608908455995, 30.255912756062674 ], [ -115.69282846532623, 30.255030684395464 ], [ -115.692902288382015, 30.254165203981874 ], [ -115.692805774092818, 30.253604808704331 ], [ -115.692442413084407, 30.252789102792548 ], [ -115.692416136742722, 30.252418893449878 ], [ -115.692700663730719, 30.252123971499568 ], [ -115.693201150675335, 30.25200264271318 ], [ -115.694418084819659, 30.251933571184878 ], [ -115.695084601653761, 30.251831936261148 ], [ -115.695867216467732, 30.251596107394654 ], [ -115.696505055709281, 30.251304694370962 ], [ -115.69763595139942, 30.250666280525191 ], [ -115.698283576652031, 30.250420071438828 ], [ -115.69909556535552, 30.250319861473535 ], [ -115.699801258135196, 30.250399053579951 ], [ -115.701106355004555, 30.250736834746153 ], [ -115.701698335409418, 30.250769773395504 ], [ -115.702169172001248, 30.250530815506902 ], [ -115.702361917453601, 30.250099615553172 ], [ -115.702469316890316, 30.249044974545438 ], [ -115.702559208472863, 30.248531547113643 ], [ -115.702721484482012, 30.248045905851196 ], [ -115.702902052857766, 30.247749931046641 ], [ -115.703281481021264, 30.24734764727474 ], [ -115.703543638249997, 30.247169779792479 ], [ -115.703950683154616, 30.247038461060541 ], [ -115.704366934613645, 30.24699746336859 ], [ -115.70520864501421, 30.24700578628703 ], [ -115.705717000164285, 30.247073972235324 ], [ -115.706400356872805, 30.247270208437435 ], [ -115.70703093166766, 30.247529082028993 ], [ -115.708239307122895, 30.248109461739283 ], [ -115.708775423601196, 30.24843958056789 ], [ -115.709175390111142, 30.248849563767628 ], [ -115.709305882292284, 30.249202751860075 ], [ -115.709297389938598, 30.249852333659902 ], [ -115.709478073911924, 30.250341363123713 ], [ -115.710028624335393, 30.251158868327241 ], [ -115.710765533359933, 30.252032344617305 ], [ -115.71242574417677, 30.253835256536405 ], [ -115.713181832000473, 30.254835232069425 ], [ -115.713789854053843, 30.256032258191969 ], [ -115.714047128095842, 30.257027329050736 ], [ -115.714210921766593, 30.258815516904519 ], [ -115.714148260720719, 30.259636006263758 ], [ -115.713796477485687, 30.260309286059268 ], [ -115.713272831657122, 30.260610928060331 ], [ -115.712053677161592, 30.260842567351499 ], [ -115.711181374584982, 30.260779846378764 ], [ -115.70978363315713, 30.260360042118577 ], [ -115.708326381048565, 30.259723081361933 ], [ -115.705352418969326, 30.258231969576144 ], [ -115.704008480610028, 30.257677289861601 ], [ -115.702950569209733, 30.257504400381038 ], [ -115.702531307690251, 30.257770940545182 ], [ -115.7023314289806, 30.258743455773352 ], [ -115.702098043246053, 30.259102067180997 ], [ -115.701597766967211, 30.259205385254095 ], [ -115.700997362178015, 30.259018968869025 ], [ -115.699696436608733, 30.258356394616619 ], [ -115.699024362750919, 30.258088049772802 ], [ -115.698309056352244, 30.257945595246515 ], [ -115.697788949672983, 30.257976516901902 ], [ -115.696943932002043, 30.258211735241105 ], [ -115.696566460878415, 30.25846062552052 ], [ -115.696279065698405, 30.258972081234866 ], [ -115.696177545258166, 30.259575617933226 ], [ -115.696160380410362, 30.260874772640999 ], [ -115.696099951882786, 30.261514810569864 ], [ -115.69593583042024, 30.262135769610598 ], [ -115.695928219454359, 30.262149872959235 ], [ -115.695914090471319, 30.262207737840061 ], [ -115.69572272252951, 30.262530663169663 ], [ -115.695247518133954, 30.263094383734142 ], [ -115.694903470538463, 30.263172162950216 ] ] ] ] } },
{ "type": "Feature", "properties": { "fid": 22.0, "cat": 17, "CLAVE_ACUI": "0247", "NOM_ACUIF": "EL SOCORRO", "VULNERABIL": 4 }, "geometry": { "type": "MultiPolygon", "coordinates": [ [ [ [ -115.7996150784018, 30.266538723418797 ], [ -115.800118679222706, 30.268051218156145 ], [ -115.801049588979083, 30.271253588002864 ], [ -115.801110653109532, 30.272159559125598 ], [ -115.801225128753671, 30.27318759797339 ], [ -115.801454064147151, 30.274742053536361 ], [ -115.801919506865232, 30.275936027848491 ], [ -115.802255232855927, 30.276679877817429 ], [ -115.802529932296991, 30.277774672683126 ], [ -115.80265968199484, 30.279327220918113 ], [ -115.802949633914224, 30.280195046123843 ], [ -115.803521891535382, 30.281390926880711 ], [ -115.802413090344231, 30.281316669164035 ], [ -115.801196818674512, 30.281305536175843 ], [ -115.800552737924605, 30.281263543108299 ], [ -115.799836768094096, 30.281148701841854 ], [ -115.799287566655124, 30.280999293512366 ], [ -115.798355935298574, 30.280665908054154 ], [ -115.797828739726313, 30.280417440026135 ], [ -115.797178783691507, 30.280005423648127 ], [ -115.796622721003473, 30.279567197555622 ], [ -115.795604497738125, 30.278664532701324 ], [ -115.795111481849986, 30.27817274094912 ], [ -115.794650648557678, 30.2776000345544 ], [ -115.794375607060459, 30.277137316624639 ], [ -115.794011316212377, 30.276321869614456 ], [ -115.793850073081259, 30.275905315070624 ], [ -115.793730631314673, 30.275471099010055 ], [ -115.793692803951188, 30.275163960254734 ], [ -115.79369876287231, 30.274676760096874 ], [ -115.793743431536456, 30.274424520881634 ], [ -115.793871478223579, 30.274155003315236 ], [ -115.794040220361296, 30.273958046417945 ], [ -115.794418398926553, 30.273636692612573 ], [ -115.794588903263971, 30.273295379257153 ], [ -115.794722237969452, 30.272592793605465 ], [ -115.794773958216282, 30.271763130974435 ], [ -115.79479578433056, 30.269976728572384 ], [ -115.79490002374871, 30.269102432695654 ], [ -115.795190913748897, 30.26826594721231 ], [ -115.795571489440775, 30.267746099810196 ], [ -115.796422321649828, 30.267023039712893 ], [ -115.796894230674411, 30.266684492819817 ], [ -115.797459131653028, 30.266391914507786 ], [ -115.797928725741784, 30.266242830944663 ], [ -115.798772607586102, 30.266088156584836 ], [ -115.799466774974718, 30.265963117752282 ], [ -115.7996150784018, 30.266538723418797 ] ] ] ] } },
{ "type": "Feature", "properties": { "fid": 20.0, "cat": 21, "CLAVE_ACUI": "0247", "NOM_ACUIF": "EL SOCORRO", "VULNERABIL": 1 }, "geometry": { "type": "MultiPolygon", "coordinates": [ [ [ [ -115.737325635809256, 30.267080064678161 ], [ -115.737534318626672, 30.26701891482185 ], [ -115.737780997806695, 30.267237848820077 ], [ -115.737983448507109, 30.26766388871355 ], [ -115.738344125601856, 30.268723074062411 ], [ -115.738451420702148, 30.26927452047909 ], [ -115.738412623602812, 30.269869674955817 ], [ -115.738240664519466, 30.270310152507587 ], [ -115.737763579995729, 30.271036429393188 ], [ -115.737522320593243, 30.271205543130748 ], [ -115.737275632414509, 30.270986608508739 ], [ -115.737105746900838, 30.270452603943887 ], [ -115.736842782250974, 30.269069524762809 ], [ -115.736768064348425, 30.268410113634552 ], [ -115.736806870446415, 30.267814959781592 ], [ -115.736946263730303, 30.267482447731485 ], [ -115.737325635809256, 30.267080064678161 ] ] ] ] } },
{ "type": "Feature", "properties": { "fid": 16.0, "cat": 16, "CLAVE_ACUI": "0247", "NOM_ACUIF": "EL SOCORRO", "VULNERABIL": 2 }, "geometry": { "type": "MultiPolygon", "coordinates": [ [ [ [ -115.759045984033477, 30.288979446020413 ], [ -115.758295022473362, 30.288340702046419 ], [ -115.75817572545229, 30.287906458262793 ], [ -115.758727850156646, 30.28782146399049 ], [ -115.760503525528065, 30.288000709082617 ], [ -115.761561653831322, 30.288191188941653 ], [ -115.762960366228839, 30.288583389597498 ], [ -115.76423343161531, 30.28904657458888 ], [ -115.766653941139793, 30.290043909642797 ], [ -115.767760589869127, 30.290514515687185 ], [ -115.768659998172211, 30.290929023810062 ], [ -115.769052356039495, 30.291149271008454 ], [ -115.769330017109553, 30.291395508106344 ], [ -115.76945252133342, 30.291577123602639 ], [ -115.769542372352831, 30.291875733326862 ], [ -115.769569619583422, 30.292191800777378 ], [ -115.769561509737244, 30.292841393400334 ], [ -115.769505809601398, 30.29313863457692 ], [ -115.769346818685491, 30.293380765379002 ], [ -115.769137533901187, 30.293487075297044 ], [ -115.768668670547441, 30.293563873263988 ], [ -115.768253255698951, 30.293523871329207 ], [ -115.767475877128632, 30.293327065666531 ], [ -115.766595664984521, 30.293039054578497 ], [ -115.764732422311951, 30.292371812736555 ], [ -115.763667241097565, 30.291910595993308 ], [ -115.762334935883658, 30.291194196135049 ], [ -115.761179614125211, 30.290461412012963 ], [ -115.759045984033477, 30.288979446020413 ] ] ] ] } },
{ "type": "Feature", "properties": { "fid": 13.0, "cat": 15, "CLAVE_ACUI": "0247", "NOM_ACUIF": "EL SOCORRO", "VULNERABIL": 2 }, "geometry": { "type": "MultiPolygon", "coordinates": [ [ [ [ -115.793089463591443, 30.296426144641451 ], [ -115.792973013652826, 30.298292875316893 ], [ -115.792982756091689, 30.299195286115168 ], [ -115.793128438625288, 30.300035788197309 ], [ -115.793361502330654, 30.300534213986037 ], [ -115.793493520076055, 30.300796127968315 ], [ -115.793672503124455, 30.301063980503564 ], [ -115.793937347907615, 30.301289493847975 ], [ -115.794187479111628, 30.301443305208018 ], [ -115.794563436666778, 30.301610039252051 ], [ -115.794866473052934, 30.301710596072954 ], [ -115.793432627204524, 30.30246026345538 ], [ -115.792137130833922, 30.303047700187246 ], [ -115.791086780510739, 30.303523961803258 ], [ -115.790957612485897, 30.303445749313163 ], [ -115.790887474343236, 30.303403279884353 ], [ -115.79066922212381, 30.303302966416044 ], [ -115.790407650301049, 30.303212047779152 ], [ -115.789525101214437, 30.303016253604088 ], [ -115.787563929058777, 30.302673260803324 ], [ -115.786587880577002, 30.302555934702362 ], [ -115.785620897791162, 30.30254696380214 ], [ -115.784985305258786, 30.302649341678855 ], [ -115.784045506274722, 30.302965446350385 ], [ -115.783482247986584, 30.303104581774576 ], [ -115.78273227506196, 30.303205885100958 ], [ -115.782045579457204, 30.303235587638504 ], [ -115.780735467028805, 30.303223386079278 ], [ -115.780029092920145, 30.303162662820981 ], [ -115.779220084463518, 30.302992700059058 ], [ -115.77857811273563, 30.302770152617608 ], [ -115.77746121172801, 30.302272470167125 ], [ -115.776694702075744, 30.302030703616907 ], [ -115.776750017074562, 30.302048150834739 ], [ -115.775760714509218, 30.301877597561827 ], [ -115.774804813027643, 30.301814511451106 ], [ -115.774512825005488, 30.301811777108171 ], [ -115.772933256149685, 30.301796973824096 ], [ -115.772029008274671, 30.301761421367019 ], [ -115.771187821574358, 30.301672315881579 ], [ -115.770690091875338, 30.301559362690856 ], [ -115.770038090601915, 30.301309610071158 ], [ -115.769749214621953, 30.30112643102251 ], [ -115.769534586544424, 30.300826648388217 ], [ -115.769465748518627, 30.30051019017241 ], [ -115.769473861485295, 30.299860598334551 ], [ -115.769674677618482, 30.299600814711781 ], [ -115.769866785941915, 30.29955887212186 ], [ -115.769734808284454, 30.299781843454383 ], [ -115.769926014740733, 30.299458806887433 ], [ -115.770489494172452, 30.299301685478731 ], [ -115.771237421995949, 30.299362849894464 ], [ -115.772917735425082, 30.299703452018843 ], [ -115.773976914396599, 30.299821658296548 ], [ -115.775474130339404, 30.299835677775572 ], [ -115.776910307238168, 30.299740831427389 ], [ -115.77972161137707, 30.299442243724052 ], [ -115.781157556923617, 30.29936539477292 ], [ -115.782654101133275, 30.299433464841751 ], [ -115.783712400780772, 30.299623769802412 ], [ -115.785390765603054, 30.30012661192378 ], [ -115.786262147294622, 30.300297114915658 ], [ -115.787197915936986, 30.300305791378126 ], [ -115.787886144429919, 30.300149750790901 ], [ -115.789015053888747, 30.299672950310615 ], [ -115.789527739557769, 30.299416021046614 ], [ -115.789936892593914, 30.299122039544027 ], [ -115.790106130102359, 30.298889001111387 ], [ -115.790204690631057, 30.298483868141432 ], [ -115.790311321479635, 30.298268296982876 ], [ -115.790532653346531, 30.29802671628261 ], [ -115.790794908535403, 30.297839652579558 ], [ -115.791360340552046, 30.297520040740007 ], [ -115.791311342823832, 30.297275961555737 ], [ -115.790598924064739, 30.296863335053274 ], [ -115.789460565447129, 30.296419695692624 ], [ -115.786757939050119, 30.295501370221132 ], [ -115.78526589841556, 30.295072461851085 ], [ -115.783492377569743, 30.294704082798635 ], [ -115.782028544160951, 30.294519026445471 ], [ -115.779410563270318, 30.294332217492759 ], [ -115.778082014259112, 30.294139355716503 ], [ -115.776714347793941, 30.293747604737085 ], [ -115.775763455395676, 30.293287553537937 ], [ -115.774278457136077, 30.292299149480076 ], [ -115.773514727220856, 30.29184083506167 ], [ -115.772708520005565, 30.291454303439558 ], [ -115.772128567292782, 30.29126839991007 ], [ -115.771194914386939, 30.291097219769284 ], [ -115.770749107055849, 30.290993778278271 ], [ -115.770345336436066, 30.290854637518827 ], [ -115.770118192424462, 30.290726178635474 ], [ -115.769840531147935, 30.290479943183119 ], [ -115.769718252710774, 30.290280283791592 ], [ -115.769629078147503, 30.289927541401401 ], [ -115.769602732045982, 30.28953929687685 ], [ -115.769610141649167, 30.288945695396617 ], [ -115.769875811152801, 30.288486151285333 ], [ -115.770184934911796, 30.288379526417138 ], [ -115.77058987011749, 30.288405820911013 ], [ -115.771030673742985, 30.288508953346721 ], [ -115.771370828447317, 30.288662611308133 ], [ -115.772558710168937, 30.289366081543022 ], [ -115.774015410296485, 30.29004088859881 ], [ -115.774904183726193, 30.290388293024915 ], [ -115.775754593051602, 30.290652699212277 ], [ -115.777351605490068, 30.290992463147031 ], [ -115.780526881749111, 30.291509340808208 ], [ -115.782207098700496, 30.29184982123471 ], [ -115.784072462601543, 30.292354418234201 ], [ -115.784096678154526, 30.292362901740837 ], [ -115.782455723569669, 30.291924320074362 ], [ -115.784134619481762, 30.292373042118374 ], [ -115.785501187593667, 30.292854937634139 ], [ -115.787922018847766, 30.293851887173737 ], [ -115.789122721633831, 30.294296116296202 ], [ -115.790303970838877, 30.294631876217384 ], [ -115.791072009371049, 30.29474725199692 ], [ -115.792194870555647, 30.294757619969289 ], [ -115.792680981070575, 30.294969639418067 ], [ -115.793016453807155, 30.295595335676516 ], [ -115.793089463591443, 30.296426144641451 ] ] ] ] } },
{ "type": "Feature", "properties": { "fid": 15.0, "cat": 14, "CLAVE_ACUI": "0247", "NOM_ACUIF": "EL SOCORRO", "VULNERABIL": 2 }, "geometry": { "type": "MultiPolygon", "coordinates": [ [ [ [ -115.74547664240167, 30.29639342748159 ], [ -115.745076220482915, 30.295992570332782 ], [ -115.744893904116921, 30.295611850283365 ], [ -115.74499046245019, 30.295378174868631 ], [ -115.745462450877724, 30.295057867628049 ], [ -115.745776189538532, 30.29491650474484 ], [ -115.746245418503094, 30.294812723397314 ], [ -115.746713728629899, 30.294781116644657 ], [ -115.747649430945756, 30.294790074417818 ], [ -115.748354572885972, 30.294941190780548 ], [ -115.749534303420148, 30.295385579642122 ], [ -115.750795389530737, 30.295975104950269 ], [ -115.753398957521028, 30.297299265521037 ], [ -115.75493041551691, 30.29789132705989 ], [ -115.756921186890494, 30.298343364638328 ], [ -115.758707671428226, 30.298504693646773 ], [ -115.762076344387552, 30.298536605183845 ], [ -115.763728246237733, 30.298651476776712 ], [ -115.76531528240379, 30.298964225145586 ], [ -115.766308443864702, 30.299370611566808 ], [ -115.767700902156946, 30.30027702563083 ], [ -115.768339222174333, 30.300788332744474 ], [ -115.768861711082863, 30.301415848202797 ], [ -115.769094202543727, 30.301950402253585 ], [ -115.769269185707429, 30.302926550068189 ], [ -115.769191780779337, 30.303295771707479 ], [ -115.768784580052127, 30.303427288130941 ], [ -115.768183319145095, 30.30327725842362 ], [ -115.766786749126339, 30.302695644076316 ], [ -115.766176793319843, 30.302410175916734 ], [ -115.76574348627021, 30.302135394533941 ], [ -115.765631261081126, 30.301962895856775 ], [ -115.765727890605007, 30.30172018206542 ], [ -115.765698619658068, 30.301566512229854 ], [ -115.765514178163315, 30.301348216413786 ], [ -115.765236047506463, 30.3011380594433 ], [ -115.76458610015429, 30.300725882441959 ], [ -115.764192810096347, 30.300577798107167 ], [ -115.763662883894142, 30.300545722748257 ], [ -115.763172961939276, 30.300640347583951 ], [ -115.762233118116285, 30.30095629425184 ], [ -115.761649276031562, 30.301077094309949 ], [ -115.760837597091637, 30.30112354906769 ], [ -115.760068642690982, 30.301080172122969 ], [ -115.758573462803682, 30.300903578607112 ], [ -115.757722925223533, 30.300733089812535 ], [ -115.756666493353237, 30.300398222675511 ], [ -115.755756314512169, 30.300010599012857 ], [ -115.754082224008286, 30.299182586901694 ], [ -115.753130478502428, 30.298794549515367 ], [ -115.751949318977594, 30.298458456321669 ], [ -115.750932462185602, 30.298286337527454 ], [ -115.74906305094234, 30.298106063625294 ], [ -115.748118982842229, 30.297934618913057 ], [ -115.747156189068249, 30.29760057174909 ], [ -115.746495602243286, 30.297215273997804 ], [ -115.74547664240167, 30.29639342748159 ] ] ] ] } },
{ "type": "Feature", "properties": { "fid": 10.0, "cat": 13, "CLAVE_ACUI": "0247", "NOM_ACUIF": "EL SOCORRO", "VULNERABIL": 4 }, "geometry": { "type": "MultiPolygon", "coordinates": [ [ [ [ -115.78172542641272, 30.30985318963522 ], [ -115.782021687114536, 30.310464197643306 ], [ -115.782439151884105, 30.311091423161184 ], [ -115.782796516339346, 30.311471716742986 ], [ -115.783321160039407, 30.31193677903201 ], [ -115.784433188877358, 30.312840410937575 ], [ -115.785437083400126, 30.313476739909543 ], [ -115.784858846628694, 30.313508552672978 ], [ -115.783495207711468, 30.313536783432262 ], [ -115.781532516273742, 30.313607465237002 ], [ -115.780605681406769, 30.313707107285229 ], [ -115.780201384112033, 30.313694550395521 ], [ -115.779912144679415, 30.313662997002872 ], [ -115.779698282795891, 30.313585866487507 ], [ -115.779605375584183, 30.31341056986167 ], [ -115.779571837596279, 30.313210215391184 ], [ -115.779763142547509, 30.313014399487294 ], [ -115.779878543872542, 30.31279801055156 ], [ -115.779959375445259, 30.312434530345055 ], [ -115.78007678549551, 30.311906565493267 ], [ -115.780269988644989, 30.311331631680087 ], [ -115.780485004913558, 30.310854660366022 ], [ -115.780761062778964, 30.310397051547639 ], [ -115.781057116873939, 30.309979175116187 ], [ -115.781332627770425, 30.30959029121292 ], [ -115.781531064156852, 30.309364428221329 ], [ -115.78172542641272, 30.30985318963522 ] ] ] ] } },
{ "type": "Feature", "properties": { "fid": 11.0, "cat": 11, "CLAVE_ACUI": "0247", "NOM_ACUIF": "EL SOCORRO", "VULNERABIL": 2 }, "geometry": { "type": "MultiPolygon", "coordinates": [ [ [ [ -115.779102426187265, 30.315840599737264 ], [ -115.7780071681902, 30.316101067790147 ], [ -115.776582048589717, 30.316123839789341 ], [ -115.773401961593947, 30.315931642636151 ], [ -115.771937387093303, 30.315782554180487 ], [ -115.770723744882531, 30.315527529892591 ], [ -115.770165580892623, 30.315251589047918 ], [ -115.769704730215864, 30.314678797183955 ], [ -115.769573265040648, 30.314379796769924 ], [ -115.769639716341473, 30.314055588367161 ], [ -115.769881932114458, 30.313814241149945 ], [ -115.770542124916602, 30.313414405605801 ], [ -115.770959876627387, 30.313273960584034 ], [ -115.771552942383551, 30.313252461601529 ], [ -115.772123635559907, 30.313357074115284 ], [ -115.773242654727554, 30.313692406183005 ], [ -115.773958598768218, 30.313825442257333 ], [ -115.774987407519944, 30.313889219295334 ], [ -115.775986142863573, 30.313862475265918 ], [ -115.777266404357889, 30.31376875676478 ], [ -115.777266404358045, 30.313768756764766 ], [ -115.77799506740655, 30.313710896796035 ], [ -115.778849959665337, 30.313555382436398 ], [ -115.779246017501237, 30.313405310962921 ], [ -115.779571837596279, 30.313210215391184 ], [ -115.779605375584183, 30.31341056986167 ], [ -115.779698282795891, 30.313585866487507 ], [ -115.779792942973842, 30.314304582653413 ], [ -115.779715812458491, 30.314914614911331 ], [ -115.779502733966083, 30.315429269678763 ], [ -115.779102426187265, 30.315840599737264 ] ] ] ] } },
{ "type": "Feature", "properties": { "fid": 7.0, "cat": 6, "CLAVE_ACUI": "0247", "NOM_ACUIF": "EL SOCORRO", "VULNERABIL": 2 }, "geometry": { "type": "MultiPolygon", "coordinates": [ [ [ [ -115.769297420855267, 30.333948385315537 ], [ -115.769160290329722, 30.334100487742411 ], [ -115.76903073846303, 30.334478239425483 ], [ -115.76895194887409, 30.334955723182109 ], [ -115.768845130868058, 30.336010422675809 ], [ -115.76853830341264, 30.336422596938394 ], [ -115.767724638964538, 30.336604417008957 ], [ -115.766675363199994, 30.336495270163411 ], [ -115.764341219314502, 30.335985985628266 ], [ -115.763201520652672, 30.335623309454782 ], [ -115.762153472196175, 30.335049046003604 ], [ -115.761447990811732, 30.334442731013215 ], [ -115.760527249828414, 30.333215887134376 ], [ -115.760119062033908, 30.332589422949702 ], [ -115.759815227138688, 30.331936877883223 ], [ -115.759764860333206, 30.331700391526002 ], [ -115.759728031228008, 30.331187934090771 ], [ -115.759754746018032, 30.330770922122614 ], [ -115.759782972748226, 30.33033030910233 ], [ -115.759819645426191, 30.329757856703875 ], [ -115.75995578360876, 30.329862895009313 ], [ -115.760271910720817, 30.330023431092016 ], [ -115.760607943910301, 30.330112701366872 ], [ -115.761479880803037, 30.330256308738743 ], [ -115.763443534441961, 30.330437307080171 ], [ -115.764461199863234, 30.330573249438292 ], [ -115.765550540513601, 30.330800091738659 ], [ -115.766348443632907, 30.331042222342262 ], [ -115.767652817869262, 30.331541769360054 ], [ -115.768244412957856, 30.331646597355736 ], [ -115.768714813753135, 30.331461541616541 ], [ -115.768907217570302, 30.331048289221094 ], [ -115.769014027572069, 30.329993588727064 ], [ -115.769197267811151, 30.329480995062021 ], [ -115.769640177407041, 30.328997913668573 ], [ -115.770195118829747, 30.328705369989578 ], [ -115.771417030130209, 30.328310813641171 ], [ -115.772209481156665, 30.32815583924782 ], [ -115.773364928374562, 30.328085473386697 ], [ -115.774498225556385, 30.328123167405771 ], [ -115.776742677247029, 30.32830659662763 ], [ -115.777843545829995, 30.328443212983856 ], [ -115.778901696823041, 30.328669652740327 ], [ -115.779564413193697, 30.328910440705265 ], [ -115.780494414220215, 30.329406366205379 ], [ -115.781042734110613, 30.329646080008128 ], [ -115.781757688650742, 30.329869297627457 ], [ -115.782400958944152, 30.330001612482182 ], [ -115.783258246969751, 30.330147165051958 ], [ -115.783791796509746, 30.330307192283595 ], [ -115.784215371095669, 30.33047867382405 ], [ -115.784411507996964, 30.330726041761125 ], [ -115.78466052423282, 30.331084327039584 ], [ -115.784889357137118, 30.331524392263702 ], [ -115.78517264574684, 30.332138806935514 ], [ -115.7857092369795, 30.33417399980647 ], [ -115.785955569228008, 30.335286134497903 ], [ -115.786157964064557, 30.336587346898735 ], [ -115.786248953675425, 30.337643899798302 ], [ -115.786319525441499, 30.339512346051798 ], [ -115.786262733731093, 30.339784192570093 ], [ -115.786182945095561, 30.340029448616164 ], [ -115.786066253834633, 30.340233508008914 ], [ -115.78589355519243, 30.340378984379722 ], [ -115.785602601835507, 30.340427724076978 ], [ -115.785322127234167, 30.340350593561617 ], [ -115.784964522117448, 30.340185814733324 ], [ -115.784401178020403, 30.339855451024576 ], [ -115.782172528074355, 30.338372963860959 ], [ -115.781129625902111, 30.337786338407032 ], [ -115.780270075081006, 30.337434871037615 ], [ -115.778901579780594, 30.337061172911419 ], [ -115.776286518409592, 30.336549476729566 ], [ -115.774958982613455, 30.33623025985748 ], [ -115.773591425815539, 30.335784330494132 ], [ -115.77355004624637, 30.335765896133623 ], [ -115.772639699737965, 30.335360336984024 ], [ -115.771152086637599, 30.334534284252303 ], [ -115.77045961782639, 30.334175873140797 ], [ -115.769869809634784, 30.333926701706257 ], [ -115.769579260974069, 30.333869829422163 ], [ -115.769297420855267, 30.333948385315537 ] ] ] ] } },
{ "type": "Feature", "properties": { "fid": 2.0, "cat": 3, "CLAVE_ACUI": "0247", "NOM_ACUIF": "EL SOCORRO", "VULNERABIL": 3 }, "geometry": { "type": "MultiPolygon", "coordinates": [ [ [ [ -115.788165435598259, 30.343419446655506 ], [ -115.788147032359603, 30.343335018616525 ], [ -115.788076913709261, 30.343110638935464 ], [ -115.787887593353361, 30.342907294849475 ], [ -115.787623044378975, 30.342755835534696 ], [ -115.787412273835216, 30.342594610491648 ], [ -115.787302619417829, 30.342463012730533 ], [ -115.787251266601544, 30.342306027422861 ], [ -115.787235489905214, 30.342064118079207 ], [ -115.787190344652743, 30.341822650511279 ], [ -115.787128467272993, 30.341668043867809 ], [ -115.787040472408975, 30.341579861150318 ], [ -115.786865329795276, 30.341544448766165 ], [ -115.786708285302993, 30.341582490599706 ], [ -115.786640199130176, 30.34166648098676 ], [ -115.786603309648427, 30.341805764018879 ], [ -115.786583386457082, 30.342001011293895 ], [ -115.786590398322133, 30.34245678252109 ], [ -115.786622426448446, 30.3429178931978 ], [ -115.786622033112039, 30.343304524298446 ], [ -115.786610436621558, 30.343554942225378 ], [ -115.763562858681539, 30.345563203808545 ], [ -115.763205076113294, 30.345269042322119 ], [ -115.762652557556436, 30.34453294328662 ], [ -115.762411196814597, 30.343871972558901 ], [ -115.762239630226475, 30.342625160644676 ], [ -115.762195044602649, 30.341208111628312 ], [ -115.762232848005112, 30.338203775768523 ], [ -115.762197414685971, 30.336886066701446 ], [ -115.762215289584219, 30.335468153959084 ], [ -115.76250332607512, 30.335240745188106 ], [ -115.763201520652672, 30.335623309454782 ], [ -115.764341219314502, 30.335985985628266 ], [ -115.766675363199994, 30.336495270163411 ], [ -115.767724638964538, 30.336604417008957 ], [ -115.76853830341264, 30.336422596938394 ], [ -115.768845130868058, 30.336010422675809 ], [ -115.76895194887409, 30.334955723182109 ], [ -115.76903073846303, 30.334478239425483 ], [ -115.769160290329722, 30.334100487742411 ], [ -115.769297420855267, 30.333948385315537 ], [ -115.769579260974069, 30.333869829422163 ], [ -115.769869809634784, 30.333926701706257 ], [ -115.77045961782639, 30.334175873140797 ], [ -115.771152086637599, 30.334534284252303 ], [ -115.772639699737965, 30.335360336984024 ], [ -115.77355004624637, 30.335765896133623 ], [ -115.773591425815539, 30.335784330494132 ], [ -115.774958982613455, 30.33623025985748 ], [ -115.776286518409592, 30.336549476729566 ], [ -115.778901579780594, 30.337061172911419 ], [ -115.780270075081006, 30.337434871037615 ], [ -115.781129625902111, 30.337786338407032 ], [ -115.782172528074355, 30.338372963860959 ], [ -115.784401178020403, 30.339855451024576 ], [ -115.784964522117448, 30.340185814733324 ], [ -115.785322127234167, 30.340350593561617 ], [ -115.785602601835507, 30.340427724076978 ], [ -115.78589355519243, 30.340378984379722 ], [ -115.786066253834633, 30.340233508008914 ], [ -115.786182945095561, 30.340029448616164 ], [ -115.786262733731093, 30.339784192570093 ], [ -115.786319525441499, 30.339512346051798 ], [ -115.786248953675425, 30.337643899798302 ], [ -115.786157964064557, 30.336587346898735 ], [ -115.785955569228008, 30.335286134497903 ], [ -115.7857092369795, 30.33417399980647 ], [ -115.78517264574684, 30.332138806935514 ], [ -115.784889357137118, 30.331524392263702 ], [ -115.78466052423282, 30.331084327039584 ], [ -115.784411507996964, 30.330726041761125 ], [ -115.786169795658566, 30.330569014207992 ], [ -115.78818257155821, 30.330362101885893 ], [ -115.790353622841764, 30.330382201594571 ], [ -115.790707243939053, 30.330385472023906 ], [ -115.792152266369399, 30.330452965228471 ], [ -115.792791155393417, 30.330548902104432 ], [ -115.793080261903555, 30.330620205577254 ], [ -115.793434938299058, 30.330761187224958 ], [ -115.793729024727725, 30.330964773972756 ], [ -115.793983780861694, 30.33123683761654 ], [ -115.794055369698384, 30.331336752649054 ], [ -115.794351614526448, 30.331636114708406 ], [ -115.794642243912932, 30.33182941436878 ], [ -115.79504588611195, 30.331995551241661 ], [ -115.795885370872782, 30.332246909278144 ], [ -115.796220069401343, 30.332387318929779 ], [ -115.796286699282575, 30.332602507646385 ], [ -115.796188124401155, 30.333007642884745 ], [ -115.796240803994593, 30.333174253021557 ], [ -115.796268241349821, 30.333261029126319 ], [ -115.796607169277792, 30.333616052138929 ], [ -115.797091934581815, 30.333954369576837 ], [ -115.79820731104266, 30.334614293314413 ], [ -115.798743762073357, 30.334980149281936 ], [ -115.798867254026959, 30.335089561723173 ], [ -115.799237731534831, 30.335417798380639 ], [ -115.799524561399323, 30.335781358794975 ], [ -115.799891081768322, 30.336434391483461 ], [ -115.800072032905277, 30.336950372845582 ], [ -115.800248364732255, 30.337845284702784 ], [ -115.800361300043249, 30.338820823150254 ], [ -115.800523775677831, 30.34085252639019 ], [ -115.800425138625954, 30.342351191645136 ], [ -115.800465683367676, 30.342347664039693 ], [ -115.800465157719714, 30.342361192479586 ], [ -115.788165435598259, 30.343419446655506 ] ] ] ] } },
{ "type": "Feature", "properties": { "fid": 1.0, "cat": 2, "CLAVE_ACUI": "0247", "NOM_ACUIF": "EL SOCORRO", "VULNERABIL": 2 }, "geometry": { "type": "MultiPolygon", "coordinates": [ [ [ [ -115.735644937431189, 30.34799584505506 ], [ -115.722967979580005, 30.352708604789029 ], [ -115.722545210887986, 30.351970168093032 ], [ -115.722001410474505, 30.350584330507882 ], [ -115.721761602609462, 30.349824052012785 ], [ -115.721585971575877, 30.348929055343479 ], [ -115.72153305871467, 30.348197672996125 ], [ -115.721549948500154, 30.346898522621405 ], [ -115.721455545653271, 30.346157711286683 ], [ -115.721155451615189, 30.345234427398719 ], [ -115.72074970187164, 30.344436431408337 ], [ -115.719832561019032, 30.342965723780939 ], [ -115.719426595908672, 30.342185767745814 ], [ -115.719125826903351, 30.34131661081339 ], [ -115.719030506237061, 30.340647972815283 ], [ -115.719045309314538, 30.33951121605185 ], [ -115.718806253248275, 30.338696801027098 ], [ -115.718074295161173, 30.337390310322991 ], [ -115.717093439504069, 30.336027235694889 ], [ -115.714882900321868, 30.333244481755251 ], [ -115.714264848863806, 30.331984204949336 ], [ -115.714621146298626, 30.330986150869844 ], [ -115.715833006900496, 30.330582997136684 ], [ -115.719112289014916, 30.330371535794278 ], [ -115.720610876362016, 30.330314021035797 ], [ -115.721827364533368, 30.330352985682527 ], [ -115.72235625946432, 30.330475453617531 ], [ -115.722726456802803, 30.330803899640888 ], [ -115.723160932242237, 30.330988603479842 ], [ -115.72409416258553, 30.331214265271512 ], [ -115.725215073483241, 30.331405657948018 ], [ -115.727644585410445, 30.331754148769068 ], [ -115.728827447537427, 30.331982205679211 ], [ -115.729946514710193, 30.332317909118629 ], [ -115.730628763594027, 30.332649363626842 ], [ -115.73155644610452, 30.333308025768197 ], [ -115.732072760756466, 30.33360177099015 ], [ -115.732694015801243, 30.333824346790738 ], [ -115.733213124434428, 30.333901561176727 ], [ -115.734149193637094, 30.333910625988967 ], [ -115.734577133706381, 30.333797468044885 ], [ -115.734924882777364, 30.333448933189857 ], [ -115.735076524026908, 30.332981200653794 ], [ -115.735183698541036, 30.331926538363227 ], [ -115.735283449322765, 30.331449280454372 ], [ -115.735475527956865, 30.331072169000986 ], [ -115.735695908535831, 30.330920907615624 ], [ -115.736164972202928, 30.330844234006761 ], [ -115.736518819392259, 30.330829607080776 ], [ -115.737111298070218, 30.330862399265399 ], [ -115.737744916204463, 30.330931678164117 ], [ -115.73905329502324, 30.331106715814421 ], [ -115.739696739204305, 30.331221195435379 ], [ -115.74031869099106, 30.331389603356751 ], [ -115.740711832921818, 30.331555805186742 ], [ -115.741269307967443, 30.33188600316544 ], [ -115.74172508792924, 30.332034758751405 ], [ -115.74253495163849, 30.332150825745909 ], [ -115.743428944214372, 30.332195511521171 ], [ -115.745301057962351, 30.332213487303914 ], [ -115.746361003622837, 30.332295837573344 ], [ -115.747668730104465, 30.332524921846112 ], [ -115.748788332617522, 30.33282437800575 ], [ -115.750839428594716, 30.333493649848965 ], [ -115.751917449366317, 30.333792682321061 ], [ -115.753100400317933, 30.334020521830784 ], [ -115.75399396033761, 30.334101223996157 ], [ -115.755491686254118, 30.334115486590822 ], [ -115.756322844361534, 30.334195578982769 ], [ -115.75731859527842, 30.334421600018359 ], [ -115.758147024920646, 30.334718209451573 ], [ -115.759636573415733, 30.335382010707082 ], [ -115.760350834234345, 30.335659477173021 ], [ -115.76100405605105, 30.33582808416315 ], [ -115.761378494997714, 30.335831631531477 ], [ -115.761848587483726, 30.335673667626224 ], [ -115.762215289584219, 30.335468153959084 ], [ -115.762197414685971, 30.336886066701446 ], [ -115.762232848005112, 30.338203775768523 ], [ -115.762195044602649, 30.341208111628312 ], [ -115.762239630226475, 30.342625160644676 ], [ -115.762411196814597, 30.343871972558901 ], [ -115.762652557556436, 30.34453294328662 ], [ -115.763205076113294, 30.345269042322119 ], [ -115.763562858681539, 30.345563203808545 ], [ -115.735644937431189, 30.34799584505506 ] ] ] ] } },
{ "type": "Feature", "properties": { "fid": 37.0, "cat": 37, "CLAVE_ACUI": "0247", "NOM_ACUIF": "EL SOCORRO", "VULNERABIL": 4 }, "geometry": { "type": "MultiPolygon", "coordinates": [ [ [ [ -115.729182897410709, 30.11690868265697 ], [ -115.729455825785053, 30.117479793903531 ], [ -115.729513243216516, 30.117859329665873 ], [ -115.729412564263015, 30.118426825950777 ], [ -115.729187346124462, 30.118993116950442 ], [ -115.728612362504904, 30.120124491712009 ], [ -115.728262364395974, 30.120707619315375 ], [ -115.727787358695764, 30.121325628124488 ], [ -115.727345680806067, 30.121772514780485 ], [ -115.726495648587445, 30.122495163277364 ], [ -115.726025951404779, 30.122698143630895 ], [ -115.725466901236359, 30.122584438590831 ], [ -115.725004852564055, 30.122191949996438 ], [ -115.724177767469371, 30.121128187573682 ], [ -115.723810991866642, 30.12059224732554 ], [ -115.723537740424021, 30.120048191896306 ], [ -115.72344909433258, 30.119677373808795 ], [ -115.723456405425765, 30.119108975292164 ], [ -115.72359573065323, 30.118767443140182 ], [ -115.724006392843378, 30.118311244284815 ], [ -115.724551501732506, 30.117892443227408 ], [ -115.725776155707194, 30.117092231800015 ], [ -115.726403463378048, 30.116737383584891 ], [ -115.727060743188062, 30.116473056158952 ], [ -115.727079469667089, 30.116469628338155 ], [ -115.727112864029365, 30.11645551468062 ], [ -115.727528904805311, 30.116387359825737 ], [ -115.728276112296584, 30.116394597687272 ], [ -115.728638529310842, 30.116461270104214 ], [ -115.728978573574977, 30.11665405176096 ], [ -115.729182897410709, 30.11690868265697 ] ] ] ] } },
{ "type": "Feature", "properties": { "fid": 35.0, "cat": 35, "CLAVE_ACUI": "0247", "NOM_ACUIF": "EL SOCORRO", "VULNERABIL": 4 }, "geometry": { "type": "MultiPolygon", "coordinates": [ [ [ [ -115.732098230053367, 30.138123643478149 ], [ -115.731760641652727, 30.138544478238529 ], [ -115.731414285916543, 30.138838900908578 ], [ -115.731174616819047, 30.138908771021526 ], [ -115.730801967083238, 30.138823958653916 ], [ -115.730637500052964, 30.138696041961147 ], [ -115.730516748713214, 30.138397104875374 ], [ -115.730479963347719, 30.138026793230683 ], [ -115.730490357843024, 30.137214795382146 ], [ -115.730393256140104, 30.136690503965575 ], [ -115.730091559774479, 30.135929627202831 ], [ -115.729685838199899, 30.135185789819246 ], [ -115.728770384595677, 30.133715150913009 ], [ -115.728407125277769, 30.132899534318604 ], [ -115.728232785268673, 30.131923327207378 ], [ -115.728305472145749, 30.131111932557111 ], [ -115.728697862529373, 30.129653954685431 ], [ -115.728770080799933, 30.128878648163369 ], [ -115.728594355297716, 30.12801070751139 ], [ -115.728229266122739, 30.127339445657778 ], [ -115.727309736226928, 30.126193596906159 ], [ -115.727119134605303, 30.125677419769957 ], [ -115.727466843746996, 30.125274740443114 ], [ -115.728236957297796, 30.125119781902342 ], [ -115.730199589814475, 30.125057566682163 ], [ -115.731301357685155, 30.124941890278066 ], [ -115.732644024864641, 30.124657086583962 ], [ -115.733780031086525, 30.12429808955379 ], [ -115.735845366058086, 30.123505889111748 ], [ -115.736775154187455, 30.1230365999848 ], [ -115.737499198944192, 30.122420952529779 ], [ -115.737776156416388, 30.121864167485683 ], [ -115.737882988266733, 30.120809462468316 ], [ -115.737961947433917, 30.120313937068584 ], [ -115.738091994081714, 30.119882065972408 ], [ -115.738229779522911, 30.119657806161182 ], [ -115.738513089081252, 30.119416897510085 ], [ -115.738854997810435, 30.119465298311926 ], [ -115.739597419276194, 30.119851407104992 ], [ -115.740492888033685, 30.120446516981229 ], [ -115.742436905701709, 30.121845722181977 ], [ -115.743319860299934, 30.12261213720317 ], [ -115.744024678059176, 30.12351219304643 ], [ -115.744316412120114, 30.124245875122089 ], [ -115.74448679068351, 30.125546867635208 ], [ -115.744290607257085, 30.126284906660576 ], [ -115.743531666443019, 30.127198028180235 ], [ -115.74246293756876, 30.127981851300799 ], [ -115.740015654484253, 30.129420170442707 ], [ -115.738925198018052, 30.13027594171119 ], [ -115.738101145695211, 30.131404964418 ], [ -115.737818191639846, 30.132430904678898 ], [ -115.737793392880363, 30.134379706290279 ], [ -115.737605797411462, 30.135253165629877 ], [ -115.73706780646512, 30.135924740781494 ], [ -115.736358750511343, 30.13617057059 ], [ -115.734769577591578, 30.136236473649255 ], [ -115.733989236141198, 30.136373323539772 ], [ -115.733237382225738, 30.13671798003767 ], [ -115.732764632059713, 30.137155559925997 ], [ -115.732098230053367, 30.138123643478149 ] ] ] ] } },
{ "type": "Feature", "properties": { "fid": 33.0, "cat": 33, "CLAVE_ACUI": "0247", "NOM_ACUIF": "EL SOCORRO", "VULNERABIL": 2 }, "geometry": { "type": "MultiPolygon", "coordinates": [ [ [ [ -115.738661233127843, 30.159221410743655 ], [ -115.738564048540937, 30.159516261997272 ], [ -115.738410926942478, 30.159835968919193 ], [ -115.738190772493198, 30.160238702277084 ], [ -115.737901322254842, 30.160643942862297 ], [ -115.737512163745478, 30.160950711957511 ], [ -115.7371416054701, 30.161100492813574 ], [ -115.736957824077365, 30.160855094853673 ], [ -115.736288593297161, 30.160530876538655 ], [ -115.735802393258581, 30.160427425130976 ], [ -115.735889793473419, 30.16024076062288 ], [ -115.736050211831895, 30.160092598413357 ], [ -115.736288319078824, 30.159967964437353 ], [ -115.736672459113876, 30.159806656382543 ], [ -115.736972430287409, 30.159709276750693 ], [ -115.737070416248415, 30.159640369679408 ], [ -115.737109587039498, 30.159539154250915 ], [ -115.737086192944716, 30.159368659909351 ], [ -115.736958335766744, 30.159185789799565 ], [ -115.736569096555627, 30.158766970806699 ], [ -115.735552641848784, 30.157863873410211 ], [ -115.734894397827716, 30.157370270764446 ], [ -115.73393611566857, 30.156792560714795 ], [ -115.732997224736692, 30.156323310601142 ], [ -115.731138847807912, 30.155493257774431 ], [ -115.730220978030488, 30.155006144859279 ], [ -115.729325732034638, 30.154374872067553 ], [ -115.728751523026716, 30.15380986672314 ], [ -115.727924146025899, 30.152746124125422 ], [ -115.727556891855471, 30.15223725940163 ], [ -115.727282496328911, 30.151774410722314 ], [ -115.727192422015094, 30.151511861700012 ], [ -115.727196592886472, 30.151187063655801 ], [ -115.72724020430789, 30.151025067363818 ], [ -115.727366867467836, 30.150863876451133 ], [ -115.727534361149367, 30.150757221059241 ], [ -115.727910178530294, 30.150598445144993 ], [ -115.728079755102698, 30.150329389924298 ], [ -115.728212666956779, 30.149681000754839 ], [ -115.728264610010342, 30.148869407450537 ], [ -115.728287527210242, 30.147083016537014 ], [ -115.728402679327189, 30.146199848871678 ], [ -115.728725215932684, 30.145336736413654 ], [ -115.729147622863792, 30.144781382302927 ], [ -115.730092300771915, 30.143978428247209 ], [ -115.730523804155851, 30.14352241373085 ], [ -115.730873643877771, 30.142957328399142 ], [ -115.731025208638115, 30.142471535078315 ], [ -115.731130064453936, 30.141579241006504 ], [ -115.73135163402516, 30.141301660022034 ], [ -115.731911488891555, 30.141361209731762 ], [ -115.732623016170521, 30.14173803759094 ], [ -115.734197765500966, 30.14280896097954 ], [ -115.734897204625895, 30.143321009947151 ], [ -115.735307830445421, 30.143685899725721 ], [ -115.735420753075388, 30.143786244201301 ], [ -115.735593889607557, 30.14404958833498 ], [ -115.735589747435782, 30.144374387790741 ], [ -115.735710635897163, 30.144664298384942 ], [ -115.736077446136846, 30.145209230086994 ], [ -115.736567912365359, 30.145827537707476 ], [ -115.737672517434646, 30.147137523691679 ], [ -115.738162543554154, 30.147791914575993 ], [ -115.738528000708428, 30.148445106427406 ], [ -115.738647065525228, 30.14887936991051 ], [ -115.738638799513112, 30.149528969093097 ], [ -115.738529703955862, 30.149942992936388 ], [ -115.738210680863119, 30.150535464703214 ], [ -115.737788068072788, 30.151108892678401 ], [ -115.736839240858544, 30.152236700349135 ], [ -115.736437146078487, 30.152828367645366 ], [ -115.736179701165824, 30.153475566533793 ], [ -115.736152724718082, 30.15396256515044 ], [ -115.736329244393602, 30.154776362385949 ], [ -115.736498958415879, 30.15523572411934 ], [ -115.736509907759171, 30.155265360353148 ], [ -115.736875379539669, 30.155918556558863 ], [ -115.73728340164881, 30.156416664730301 ], [ -115.737600902927753, 30.156758906151204 ], [ -115.738061315435246, 30.157373695275137 ], [ -115.738217512519441, 30.157656228431712 ], [ -115.738223754599218, 30.157664003033627 ], [ -115.738569055756102, 30.15827188420327 ], [ -115.738685030086458, 30.158949746697299 ], [ -115.738661233127843, 30.159221410743655 ] ] ] ] } },
{ "type": "Feature", "properties": { "fid": 29.0, "cat": 31, "CLAVE_ACUI": "0247", "NOM_ACUIF": "EL SOCORRO", "VULNERABIL": 4 }, "geometry": { "type": "MultiPolygon", "coordinates": [ [ [ [ -115.801602929161774, 30.155245368739276 ], [ -115.801259618608682, 30.155981589923435 ], [ -115.800527240948099, 30.158070093638184 ], [ -115.800183945727866, 30.159292678620869 ], [ -115.800046670130556, 30.161123694972254 ], [ -115.800016224978251, 30.163450611212497 ], [ -115.799939940651953, 30.163830165772126 ], [ -115.799672913396321, 30.164125798483877 ], [ -115.799451679851998, 30.164926868264228 ], [ -115.799398289315661, 30.165476173451957 ], [ -115.799016827690451, 30.166076975807425 ], [ -115.798922540070024, 30.166380988187321 ], [ -115.79892253961556, 30.166380988262937 ], [ -115.797777390741231, 30.166156145261699 ], [ -115.796372927618805, 30.166114762199786 ], [ -115.795458786236651, 30.166142648024294 ], [ -115.794409486062619, 30.166177945272771 ], [ -115.78991792988414, 30.166623857777079 ], [ -115.78789085249565, 30.166794636527335 ], [ -115.78630119883951, 30.166861150681672 ], [ -115.785678858844278, 30.166801251726849 ], [ -115.78540149439003, 30.166555053219067 ], [ -115.785300758612308, 30.166301466206061 ], [ -115.785283973624729, 30.165953816136287 ], [ -115.785275914921883, 30.165786904021846 ], [ -115.785335243467344, 30.165182887371756 ], [ -115.785538068738617, 30.163885399156463 ], [ -115.785712602581341, 30.163201238042252 ], [ -115.786033379405424, 30.162446242719479 ], [ -115.786393472254971, 30.16187207766847 ], [ -115.787152967346813, 30.160904575210942 ], [ -115.787491178360952, 30.160420438358887 ], [ -115.787746324613792, 30.159935533156666 ], [ -115.787833359557851, 30.159611495398632 ], [ -115.78783931975066, 30.159124287701879 ], [ -115.78796942883811, 30.158674320302911 ], [ -115.788353791387323, 30.157811624880253 ], [ -115.788864279176863, 30.156823764798915 ], [ -115.790011351346479, 30.154722872909545 ], [ -115.790461936009066, 30.153535938517667 ], [ -115.79066664655727, 30.152076034710674 ], [ -115.790557256893692, 30.150829797535934 ], [ -115.790024397009219, 30.148550988843368 ], [ -115.789726611160489, 30.147429341236904 ], [ -115.789720728688977, 30.147411618790571 ], [ -115.788935601382093, 30.145888066209316 ], [ -115.787682466119648, 30.143650724655174 ], [ -115.787106719764282, 30.142622753173718 ], [ -115.786232078734457, 30.141134829856206 ], [ -115.785436971515225, 30.139936385778412 ], [ -115.784986416998137, 30.139426905481834 ], [ -115.784429850587145, 30.139096910154471 ], [ -115.784193643709088, 30.138887184313326 ], [ -115.784041587579409, 30.138588003523939 ], [ -115.784024366831517, 30.138299095029826 ], [ -115.784124759280004, 30.137731550342 ], [ -115.784293277863924, 30.137534596136113 ], [ -115.784698441913946, 30.137511277473209 ], [ -115.785205198629939, 30.137669365900827 ], [ -115.786320312455601, 30.138166944548999 ], [ -115.786877101081203, 30.138478887154264 ], [ -115.787432348783625, 30.138917140962146 ], [ -115.787800972620417, 30.139335622413462 ], [ -115.788351599089737, 30.140152813014652 ], [ -115.788689199565582, 30.140561982273489 ], [ -115.788730281327503, 30.140598455010259 ], [ -115.789151371128639, 30.140972299857157 ], [ -115.789584056323378, 30.141246992793686 ], [ -115.790419942534427, 30.141660751612775 ], [ -115.79085241428669, 30.14195348531533 ], [ -115.791313941463414, 30.14241793001813 ], [ -115.791650682186017, 30.14289927126741 ], [ -115.792199381357989, 30.143878849910333 ], [ -115.792421170254073, 30.144422295303617 ], [ -115.792537831639891, 30.145073054183946 ], [ -115.792510476192462, 30.145614207160296 ], [ -115.792311744720209, 30.146586906926302 ], [ -115.792263844454325, 30.147109823840239 ], [ -115.792318878307938, 30.147705875143366 ], [ -115.79245850314706, 30.14817637700947 ], [ -115.792822347309198, 30.148991830713971 ], [ -115.793055959806821, 30.149418079375089 ], [ -115.793392951352814, 30.149881371742552 ], [ -115.793720991686058, 30.150227276717356 ], [ -115.794368124068626, 30.150801697791472 ], [ -115.794759339170142, 30.151075993333627 ], [ -115.795285848890259, 30.151324459543215 ], [ -115.795772149388867, 30.151464273830907 ], [ -115.796704541666017, 30.151635247489555 ], [ -115.797242207726256, 30.151820644390934 ], [ -115.797922814908944, 30.15220586352573 ], [ -115.798519496906906, 30.152662498162787 ], [ -115.799628946830978, 30.153647179261462 ], [ -115.800173953306839, 30.154085287063229 ], [ -115.800699510475908, 30.15441493396931 ], [ -115.801030429365511, 30.154526238753711 ], [ -115.801370971570847, 30.154590073889107 ], [ -115.801709772862992, 30.154560954968755 ], [ -115.8017097731192, 30.154560956004236 ], [ -115.801602929161774, 30.155245368739276 ] ] ] ] } },
{ "type": "Feature", "properties": { "fid": 4.0, "cat": 5, "CLAVE_ACUI": "0247", "NOM_ACUIF": "EL SOCORRO", "VULNERABIL": 4 }, "geometry": { "type": "MultiPolygon", "coordinates": [ [ [ [ -115.833675871074519, 30.337835778572817 ], [ -115.834515181418823, 30.339558077119829 ], [ -115.834098611717934, 30.339505749297015 ], [ -115.833732604637873, 30.33944892987175 ], [ -115.800425138625954, 30.342351191645136 ], [ -115.800523775677831, 30.34085252639019 ], [ -115.800361300043249, 30.338820823150254 ], [ -115.800248364732255, 30.337845284702784 ], [ -115.800072032905277, 30.336950372845582 ], [ -115.799891081768322, 30.336434391483461 ], [ -115.799524561399323, 30.335781358794975 ], [ -115.799237731534831, 30.335417798380639 ], [ -115.798867254026959, 30.335089561723173 ], [ -115.798743762073357, 30.334980149281936 ], [ -115.79820731104266, 30.334614293314413 ], [ -115.797091934581815, 30.333954369576837 ], [ -115.796607169277792, 30.333616052138929 ], [ -115.796268241349821, 30.333261029126319 ], [ -115.796188124401155, 30.333007642884745 ], [ -115.796286699282575, 30.332602507646385 ], [ -115.796220069401343, 30.332387318929779 ], [ -115.795885370872782, 30.332246909278144 ], [ -115.79504588611195, 30.331995551241661 ], [ -115.794642243912932, 30.33182941436878 ], [ -115.794351614526448, 30.331636114708406 ], [ -115.794055369698384, 30.331336752649054 ], [ -115.793983780861694, 30.33123683761654 ], [ -115.793729024727725, 30.330964773972756 ], [ -115.793434938299058, 30.330761187224958 ], [ -115.793570188930744, 30.330566632423007 ], [ -115.793792528980248, 30.330376633956107 ], [ -115.794322594261416, 30.330175809821689 ], [ -115.794980951981913, 30.330085724617746 ], [ -115.795485772525652, 30.330050598776353 ], [ -115.796006685861173, 30.329983210193944 ], [ -115.796538771479618, 30.329852760115415 ], [ -115.796904667150798, 30.32970273273056 ], [ -115.797470267022774, 30.329383100417711 ], [ -115.797886069418695, 30.32925005206808 ], [ -115.798544386854388, 30.329158370054248 ], [ -115.799470693850836, 30.329112737567467 ], [ -115.8011555788176, 30.329128193601129 ], [ -115.801916245404087, 30.32901786295573 ], [ -115.802513356559174, 30.328671427545252 ], [ -115.802747874640502, 30.328204369007619 ], [ -115.802854318708228, 30.327149630500696 ], [ -115.803027526881735, 30.326591778161923 ], [ -115.803440705596984, 30.325972958860557 ], [ -115.803956126295162, 30.325499444201373 ], [ -115.805089200970471, 30.324697713586851 ], [ -115.805593221740438, 30.324305296742459 ], [ -115.805972219668519, 30.323929782965319 ], [ -115.806099864820183, 30.323696345054096 ], [ -115.806103804240436, 30.323371545884491 ], [ -115.806200139151116, 30.32314684523336 ], [ -115.806485203142046, 30.322797541998064 ], [ -115.806863973040493, 30.322440069710648 ], [ -115.80771521177509, 30.321716952576789 ], [ -115.808327378502696, 30.321839832947678 ], [ -115.809312662745327, 30.322931590485531 ], [ -115.810342662932328, 30.324628302197333 ], [ -115.812447475770242, 30.32862666333617 ], [ -115.813495777684096, 30.330540073800325 ], [ -115.814535783606175, 30.332281960032958 ], [ -115.815220803938786, 30.33327169688847 ], [ -115.816235851704704, 30.334499021431977 ], [ -115.816831741111514, 30.335117991997517 ], [ -115.817604351461611, 30.335747581197825 ], [ -115.818296144898255, 30.336177925203383 ], [ -115.819598920132876, 30.336839362539664 ], [ -115.820302538058812, 30.337152501248486 ], [ -115.821110607865052, 30.337430485170778 ], [ -115.82175377094066, 30.337580653453102 ], [ -115.822875190058355, 30.337753171288178 ], [ -115.823758888132389, 30.337797216441714 ], [ -115.825288559976869, 30.3377568284596 ], [ -115.826954311750356, 30.337645457704504 ], [ -115.829936815937302, 30.337316156704446 ], [ -115.832084908068708, 30.337163878532571 ], [ -115.833359506788582, 30.33708192257599 ], [ -115.833675871074519, 30.337835778572817 ] ] ] ] } },
{ "type": "Feature", "properties": { "fid": 6.0, "cat": 7, "CLAVE_ACUI": "0247", "NOM_ACUIF": "EL SOCORRO", "VULNERABIL": 5 }, "geometry": { "type": "MultiPolygon", "coordinates": [ [ [ [ -115.813090043975748, 30.301429097391473 ], [ -115.813486798638394, 30.301921182125881 ], [ -115.813776755524373, 30.302953035727178 ], [ -115.814501609690154, 30.304276707381689 ], [ -115.815669011731131, 30.306576920011135 ], [ -115.816531215105442, 30.308428914934744 ], [ -115.817156873968187, 30.309399734407243 ], [ -115.817996162419306, 30.310397255822867 ], [ -115.81950686582762, 30.311640819713581 ], [ -115.820277474856738, 30.312197752919708 ], [ -115.822085738940942, 30.313593901327188 ], [ -115.82211856260723, 30.313627475877176 ], [ -115.823581191696135, 30.315123561390994 ], [ -115.825679406368749, 30.317368460908693 ], [ -115.826221125255657, 30.317854824208233 ], [ -115.826739949153065, 30.318182880536362 ], [ -115.826801011429666, 30.319024003902413 ], [ -115.826717120531612, 30.320177924712549 ], [ -115.82693840651504, 30.321081989274166 ], [ -115.827396225150409, 30.322439992100488 ], [ -115.827533584721195, 30.323313538881386 ], [ -115.82829659168813, 30.324803146383033 ], [ -115.829425846212104, 30.327103359203821 ], [ -115.829975206051117, 30.328011237489378 ], [ -115.830219387118206, 30.329106031608394 ], [ -115.83195143057668, 30.333019826408389 ], [ -115.832317678158887, 30.33386094958 ], [ -115.832630537155495, 30.3353448351697 ], [ -115.833359506788582, 30.33708192257599 ], [ -115.832084908068708, 30.337163878532571 ], [ -115.829936815937302, 30.337316156704446 ], [ -115.826954311750356, 30.337645457704504 ], [ -115.825288559976869, 30.3377568284596 ], [ -115.823758888132389, 30.337797216441714 ], [ -115.822875190058355, 30.337753171288178 ], [ -115.82175377094066, 30.337580653453102 ], [ -115.821110607865052, 30.337430485170778 ], [ -115.820302538058812, 30.337152501248486 ], [ -115.819598920132876, 30.336839362539664 ], [ -115.818296144898255, 30.336177925203383 ], [ -115.817604351461611, 30.335747581197825 ], [ -115.816831741111514, 30.335117991997517 ], [ -115.816235851704704, 30.334499021431977 ], [ -115.815220803938786, 30.33327169688847 ], [ -115.814535783606175, 30.332281960032958 ], [ -115.813495777684096, 30.330540073800325 ], [ -115.812447475770242, 30.32862666333617 ], [ -115.810342662932328, 30.324628302197333 ], [ -115.809312662745327, 30.322931590485531 ], [ -115.808327378502696, 30.321839832947678 ], [ -115.80771521177509, 30.321716952576789 ], [ -115.806863973040493, 30.322440069710648 ], [ -115.806485203142046, 30.322797541998064 ], [ -115.806200139151116, 30.32314684523336 ], [ -115.806103804240436, 30.323371545884491 ], [ -115.806099864820183, 30.323696345054096 ], [ -115.805972219668519, 30.323929782965319 ], [ -115.805593221740438, 30.324305296742459 ], [ -115.805089200970471, 30.324697713586851 ], [ -115.803956126295162, 30.325499444201373 ], [ -115.803440705596984, 30.325972958860557 ], [ -115.803027526881735, 30.326591778161923 ], [ -115.802854318708228, 30.327149630500696 ], [ -115.802747874640502, 30.328204369007619 ], [ -115.802513356559174, 30.328671427545252 ], [ -115.801916245404087, 30.32901786295573 ], [ -115.8011555788176, 30.329128193601129 ], [ -115.799470693850836, 30.329112737567467 ], [ -115.798544386854388, 30.329158370054248 ], [ -115.797886069418695, 30.32925005206808 ], [ -115.797470267022774, 30.329383100417711 ], [ -115.796904667150798, 30.32970273273056 ], [ -115.796538771479618, 30.329852760115415 ], [ -115.796006685861173, 30.329983210193944 ], [ -115.795485772525652, 30.330050598776353 ], [ -115.794980951981913, 30.330085724617746 ], [ -115.794322594261416, 30.330175809821689 ], [ -115.793792528980248, 30.330376633956107 ], [ -115.793570188930744, 30.330566632423007 ], [ -115.793434938299058, 30.330761187224958 ], [ -115.793080261903555, 30.330620205577254 ], [ -115.792903377620064, 30.329550130202271 ], [ -115.792864824096554, 30.329178254596222 ], [ -115.792694549064336, 30.327796137835943 ], [ -115.792475482386848, 30.327000076341236 ], [ -115.791988561092666, 30.325994007739546 ], [ -115.791396097953296, 30.325113286513758 ], [ -115.790105651652965, 30.323477184587286 ], [ -115.789533464885253, 30.322641758589231 ], [ -115.789107327498229, 30.321771589636459 ], [ -115.788969278922067, 30.321156735797427 ], [ -115.788981265318526, 30.320182343998091 ], [ -115.788925527297565, 30.319640437454893 ], [ -115.788746328711937, 30.31898910956135 ], [ -115.788503404090903, 30.318445469318153 ], [ -115.787953834443229, 30.3174658752082 ], [ -115.787990918378568, 30.316987990445273 ], [ -115.788651728685849, 30.316533929346186 ], [ -115.789715991021012, 30.316255038585382 ], [ -115.792247959775551, 30.315872396709654 ], [ -115.793394513847872, 30.315666420910667 ], [ -115.794302216535584, 30.315431164154397 ], [ -115.794668502748664, 30.315245052654845 ], [ -115.794859660599627, 30.314921978976731 ], [ -115.795070069507986, 30.314725406986028 ], [ -115.795510137666298, 30.31445876387416 ], [ -115.796033174297719, 30.31421092923437 ], [ -115.797162210491365, 30.313734062746864 ], [ -115.797808924204261, 30.313577589919671 ], [ -115.79862003646474, 30.313585041291539 ], [ -115.799325180115289, 30.313753932684865 ], [ -115.800629507672724, 30.314253150385607 ], [ -115.801250150100174, 30.314529535193245 ], [ -115.801807743278729, 30.31485947884563 ], [ -115.802116421336976, 30.315133001860652 ], [ -115.802484862225924, 30.315623628131796 ], [ -115.80266000141431, 30.315760579337006 ], [ -115.80281697550916, 30.315680807200778 ], [ -115.802903459022204, 30.31541090254991 ], [ -115.803005934493171, 30.314680960730406 ], [ -115.803082785189304, 30.314347805318377 ], [ -115.803210862464695, 30.314078280932264 ], [ -115.803347474083708, 30.31396222897202 ], [ -115.803629231860427, 30.313883597167514 ], [ -115.803846184644769, 30.314002882768737 ], [ -115.803870791412209, 30.314031982023732 ], [ -115.804215287668782, 30.314439371135421 ], [ -115.804613510027764, 30.315047565515133 ], [ -115.805439087098932, 30.316435657692722 ], [ -115.805867975489065, 30.317089244419929 ], [ -115.806329051944417, 30.31766191465346 ], [ -115.806668621500279, 30.317962778697943 ], [ -115.807226252698754, 30.318292700089241 ], [ -115.807373811595767, 30.318131627799936 ], [ -115.807258855675386, 30.317318490970461 ], [ -115.806919710161864, 30.316124334659328 ], [ -115.806017260579125, 30.313354998645465 ], [ -115.805638735580288, 30.311980015168118 ], [ -115.805405581870062, 30.310624404412906 ], [ -115.805395509328875, 30.309740037416923 ], [ -115.805598437605468, 30.308442547056238 ], [ -115.805773343900782, 30.307740332704427 ], [ -115.806095134809468, 30.306931179795541 ], [ -115.806456544939095, 30.306284805314874 ], [ -115.807218976217683, 30.305154832066705 ], [ -115.807673407721751, 30.304554417900448 ], [ -115.808274277317565, 30.3038831500211 ], [ -115.808821295012748, 30.303364783827828 ], [ -115.809861471568865, 30.302480949233697 ], [ -115.810407165818759, 30.302070842779287 ], [ -115.811004081684985, 30.301724362032147 ], [ -115.811453249645822, 30.301557001243257 ], [ -115.81218677338488, 30.301360679801885 ], [ -115.812700244839206, 30.301220001906017 ], [ -115.813090043975748, 30.301429097391473 ] ] ] ] } },
{ "type": "Feature", "properties": { "fid": 3.0, "cat": 4, "CLAVE_ACUI": "0247", "NOM_ACUIF": "EL SOCORRO", "VULNERABIL": 4 }, "geometry": { "type": "MultiPolygon", "coordinates": [ [ [ [ -115.786610436621558, 30.343554942225378 ], [ -115.786622033112039, 30.343304524298446 ], [ -115.786622426448446, 30.3429178931978 ], [ -115.786590398322133, 30.34245678252109 ], [ -115.786583386457082, 30.342001011293895 ], [ -115.786603309648427, 30.341805764018879 ], [ -115.786640199130176, 30.34166648098676 ], [ -115.786708285302993, 30.341582490599706 ], [ -115.786865329795276, 30.341544448766165 ], [ -115.787040472408975, 30.341579861150318 ], [ -115.787128467272993, 30.341668043867809 ], [ -115.787190344652743, 30.341822650511279 ], [ -115.787235489905214, 30.342064118079207 ], [ -115.787251266601544, 30.342306027422861 ], [ -115.787302619417829, 30.342463012730533 ], [ -115.787412273835216, 30.342594610491648 ], [ -115.787623044378975, 30.342755835534696 ], [ -115.787887593353361, 30.342907294849475 ], [ -115.788076913709261, 30.343110638935464 ], [ -115.788147032359603, 30.343335018616525 ], [ -115.788165435598259, 30.343419446655506 ], [ -115.786610436621558, 30.343554942225378 ] ] ] ] } },
{ "type": "Feature", "properties": { "fid": 8.0, "cat": 9, "CLAVE_ACUI": "0247", "NOM_ACUIF": "EL SOCORRO", "VULNERABIL": 4 }, "geometry": { "type": "MultiPolygon", "coordinates": [ [ [ [ -115.810549237676469, 30.29676763849594 ], [ -115.811460469510365, 30.299056479590547 ], [ -115.81191505157652, 30.300454463534809 ], [ -115.812357587606613, 30.30103619253952 ], [ -115.812700244839206, 30.301220001906017 ], [ -115.81218677338488, 30.301360679801885 ], [ -115.811453249645822, 30.301557001243257 ], [ -115.811004081684985, 30.301724362032147 ], [ -115.810407165818759, 30.302070842779287 ], [ -115.809861471568865, 30.302480949233697 ], [ -115.808821295012748, 30.303364783827828 ], [ -115.808274277317565, 30.3038831500211 ], [ -115.807673407721751, 30.304554417900448 ], [ -115.807218976217683, 30.305154832066705 ], [ -115.806456544939095, 30.306284805314874 ], [ -115.806095134809468, 30.306931179795541 ], [ -115.805773343900782, 30.307740332704427 ], [ -115.805598437605468, 30.308442547056238 ], [ -115.805395509328875, 30.309740037416923 ], [ -115.805405581870062, 30.310624404412906 ], [ -115.805638735580288, 30.311980015168118 ], [ -115.806017260579125, 30.313354998645465 ], [ -115.806919710161864, 30.316124334659328 ], [ -115.807258855675386, 30.317318490970461 ], [ -115.807373811595767, 30.318131627799936 ], [ -115.807226252698754, 30.318292700089241 ], [ -115.806668621500279, 30.317962778697943 ], [ -115.806329051944417, 30.31766191465346 ], [ -115.805867975489065, 30.317089244419929 ], [ -115.805439087098932, 30.316435657692722 ], [ -115.804613510027764, 30.315047565515133 ], [ -115.804215287668782, 30.314439371135421 ], [ -115.803870791412209, 30.314031982023732 ], [ -115.803846184644769, 30.314002882768737 ], [ -115.803629231860427, 30.313883597167514 ], [ -115.803347474083708, 30.31396222897202 ], [ -115.803210862464695, 30.314078280932264 ], [ -115.803082785189304, 30.314347805318377 ], [ -115.803005934493171, 30.314680960730406 ], [ -115.802903459022204, 30.31541090254991 ], [ -115.80281697550916, 30.315680807200778 ], [ -115.80266000141431, 30.315760579337006 ], [ -115.802484862225924, 30.315623628131796 ], [ -115.802116421336976, 30.315133001860652 ], [ -115.801807743278729, 30.31485947884563 ], [ -115.801250150100174, 30.314529535193245 ], [ -115.800629507672724, 30.314253150385607 ], [ -115.799325180115289, 30.313753932684865 ], [ -115.79862003646474, 30.313585041291539 ], [ -115.797808924204261, 30.313577589919671 ], [ -115.797162210491365, 30.313734062746864 ], [ -115.796033174297719, 30.31421092923437 ], [ -115.795510137666298, 30.31445876387416 ], [ -115.795070069507986, 30.314725406986028 ], [ -115.794859660599627, 30.314921978976731 ], [ -115.794668502748664, 30.315245052654845 ], [ -115.794302216535584, 30.315431164154397 ], [ -115.793394513847872, 30.315666420910667 ], [ -115.792247959775551, 30.315872396709654 ], [ -115.789715991021012, 30.316255038585382 ], [ -115.788651728685849, 30.316533929346186 ], [ -115.787990918378568, 30.316987990445273 ], [ -115.787953834443229, 30.3174658752082 ], [ -115.788503404090903, 30.318445469318153 ], [ -115.788746328711937, 30.31898910956135 ], [ -115.788925527297565, 30.319640437454893 ], [ -115.788981265318526, 30.320182343998091 ], [ -115.788969278922067, 30.321156735797427 ], [ -115.789107327498229, 30.321771589636459 ], [ -115.789533464885253, 30.322641758589231 ], [ -115.790105651652965, 30.323477184587286 ], [ -115.791396097953296, 30.325113286513758 ], [ -115.791988561092666, 30.325994007739546 ], [ -115.792475482386848, 30.327000076341236 ], [ -115.792694549064336, 30.327796137835943 ], [ -115.792864824096554, 30.329178254596222 ], [ -115.792903377620064, 30.329550130202271 ], [ -115.793080261903555, 30.330620205577254 ], [ -115.792791155393417, 30.330548902104432 ], [ -115.792152266369399, 30.330452965228471 ], [ -115.790707243939053, 30.330385472023906 ], [ -115.790353622841764, 30.330382201594571 ], [ -115.78818257155821, 30.330362101885893 ], [ -115.786169795658566, 30.330569014207992 ], [ -115.784411507996964, 30.330726041761125 ], [ -115.784215371095669, 30.33047867382405 ], [ -115.784078945475514, 30.329660567076541 ], [ -115.783754976025676, 30.328173488620429 ], [ -115.783084255809683, 30.326055830898767 ], [ -115.781271548873292, 30.3212476553919 ], [ -115.780642410171708, 30.319139395390696 ], [ -115.78056758898461, 30.317622806503792 ], [ -115.781072001940004, 30.317203419051182 ], [ -115.782660067031543, 30.317461833085979 ], [ -115.783470314936793, 30.317541556298778 ], [ -115.784312987463835, 30.317522320986853 ], [ -115.784907191571619, 30.31741054071799 ], [ -115.785847127570619, 30.317094434225769 ], [ -115.786275830297512, 30.316908926002782 ], [ -115.786622005245619, 30.316668511801865 ], [ -115.786770261500322, 30.316453330699442 ], [ -115.786868855856127, 30.316048202159731 ], [ -115.786851281277094, 30.315786367053185 ], [ -115.786699964511953, 30.315405990244017 ], [ -115.786465345818115, 30.315033863695387 ], [ -115.786001084900946, 30.314359786843951 ], [ -115.785706962252462, 30.313851156318336 ], [ -115.78556432382328, 30.313557391451123 ], [ -115.786166833426222, 30.313939289677904 ], [ -115.787005140882755, 30.314271899929146 ], [ -115.787471647427978, 30.314393526090736 ], [ -115.787931965311358, 30.314443066987845 ], [ -115.78821243991267, 30.314446572920371 ], [ -115.788417616299213, 30.314429360305844 ], [ -115.789168336090881, 30.314273893788901 ], [ -115.789533739866698, 30.314159974038866 ], [ -115.789879232027062, 30.313973683588134 ], [ -115.790089648495581, 30.313777119796548 ], [ -115.790375405013066, 30.313373719033251 ], [ -115.790483382554115, 30.313049882702508 ], [ -115.790521559873312, 30.312481774900832 ], [ -115.790477212129588, 30.311858764948493 ], [ -115.79030599455956, 30.310557842704526 ], [ -115.790324039368329, 30.309935409458028 ], [ -115.790549386959654, 30.309369031860918 ], [ -115.790906919895818, 30.309047501653929 ], [ -115.791565891562172, 30.308737778213924 ], [ -115.79175416843529, 30.308649285169448 ], [ -115.792297094192932, 30.308473834120601 ], [ -115.793078626153616, 30.308345698105494 ], [ -115.793838254811874, 30.308307587435639 ], [ -115.79533561076471, 30.308321383173286 ], [ -115.796095459389065, 30.308265214993597 ], [ -115.796877646792069, 30.308082922962381 ], [ -115.797421442265929, 30.307835272765278 ], [ -115.798270636720517, 30.307274613498052 ], [ -115.798627697193993, 30.306989149987636 ], [ -115.798849689649444, 30.306693422320386 ], [ -115.79886261819739, 30.306486007212165 ], [ -115.798679413076925, 30.30615948967883 ], [ -115.798505176592016, 30.305950355970612 ], [ -115.798165672849663, 30.305649471980047 ], [ -115.797774071046675, 30.30535713164771 ], [ -115.796938774560047, 30.304780991787634 ], [ -115.79637041544656, 30.304487021986539 ], [ -115.795500631746876, 30.304181252088746 ], [ -115.79461935184537, 30.303965602634403 ], [ -115.792845300867072, 30.303624412108068 ], [ -115.791709662982953, 30.303627956355143 ], [ -115.791293461209506, 30.303662184544383 ], [ -115.791086780510739, 30.303523961803258 ], [ -115.792137130833922, 30.303047700187246 ], [ -115.793432627204524, 30.30246026345538 ], [ -115.794866473052934, 30.301710596072954 ], [ -115.795092266190196, 30.30159254059387 ], [ -115.796434860104782, 30.300914423726255 ], [ -115.798285788120978, 30.300065206648075 ], [ -115.800503448437979, 30.298984721127255 ], [ -115.803607158320517, 30.297438469702531 ], [ -115.806051391480665, 30.296114051790653 ], [ -115.80825311710116, 30.295160438146109 ], [ -115.809671770432601, 30.294759244086585 ], [ -115.810549237676469, 30.29676763849594 ] ] ] ] } },
{ "type": "Feature", "properties": { "fid": 12.0, "cat": 12, "CLAVE_ACUI": "0247", "NOM_ACUIF": "EL SOCORRO", "VULNERABIL": 5 }, "geometry": { "type": "MultiPolygon", "coordinates": [ [ [ [ -115.798270636720517, 30.307274613498052 ], [ -115.797421442265929, 30.307835272765278 ], [ -115.796877646792069, 30.308082922962381 ], [ -115.796095459389065, 30.308265214993597 ], [ -115.79533561076471, 30.308321383173286 ], [ -115.793838254811874, 30.308307587435639 ], [ -115.793078626153616, 30.308345698105494 ], [ -115.792297094192932, 30.308473834120601 ], [ -115.79175416843529, 30.308649285169448 ], [ -115.791565891562172, 30.308737778213924 ], [ -115.790906919895818, 30.309047501653929 ], [ -115.790549386959654, 30.309369031860918 ], [ -115.790324039368329, 30.309935409458028 ], [ -115.79030599455956, 30.310557842704526 ], [ -115.790477212129588, 30.311858764948493 ], [ -115.790521559873312, 30.312481774900832 ], [ -115.790483382554115, 30.313049882702508 ], [ -115.790375405013066, 30.313373719033251 ], [ -115.790089648495581, 30.313777119796548 ], [ -115.789879232027062, 30.313973683588134 ], [ -115.789533739866698, 30.314159974038866 ], [ -115.789168336090881, 30.314273893788901 ], [ -115.788417616299213, 30.314429360305844 ], [ -115.78821243991267, 30.314446572920371 ], [ -115.787931965311358, 30.314443066987845 ], [ -115.787471647427978, 30.314393526090736 ], [ -115.787005140882755, 30.314271899929146 ], [ -115.786166833426222, 30.313939289677904 ], [ -115.78556432382328, 30.313557391451123 ], [ -115.785437083400126, 30.313476739909543 ], [ -115.784433188877358, 30.312840410937575 ], [ -115.783321160039407, 30.31193677903201 ], [ -115.782796516339346, 30.311471716742986 ], [ -115.782439151884105, 30.311091423161184 ], [ -115.782021687114536, 30.310464197643306 ], [ -115.78172542641272, 30.30985318963522 ], [ -115.781531064156852, 30.309364428221329 ], [ -115.78176509950994, 30.309098044230268 ], [ -115.782490949482977, 30.308428062607746 ], [ -115.783268223321272, 30.307803670863095 ], [ -115.784874175420072, 30.30660046615791 ], [ -115.78576579808437, 30.305977120803007 ], [ -115.786834730470162, 30.305310297315469 ], [ -115.787724663799395, 30.304822270281583 ], [ -115.789325523988012, 30.304025005203684 ], [ -115.790430872927374, 30.303733118992852 ], [ -115.791293461209506, 30.303662184544383 ], [ -115.791709662982953, 30.303627956355143 ], [ -115.792845300867072, 30.303624412108068 ], [ -115.79461935184537, 30.303965602634403 ], [ -115.795500631746876, 30.304181252088746 ], [ -115.79637041544656, 30.304487021986539 ], [ -115.796938774560047, 30.304780991787634 ], [ -115.797774071046675, 30.30535713164771 ], [ -115.798165672849663, 30.305649471980047 ], [ -115.798505176592016, 30.305950355970612 ], [ -115.798679413076925, 30.30615948967883 ], [ -115.79886261819739, 30.306486007212165 ], [ -115.798849689649444, 30.306693422320386 ], [ -115.798627697193993, 30.306989149987636 ], [ -115.798270636720517, 30.307274613498052 ] ] ] ] } }
]
}
