OBJECTID,CLV_EDO,NOM_EDO,CLV_REGION,NOM_REGION,CLV_ACUI,NOM_ACUI,AREA_KM2,cve_num,REGION_ADM,ESTADO,CLAVE_SIGM,ACUÍFERO,RECARGA_TO,DESCARGA_N,VCAS,VEALA,VAPTYR,VAPRH,VEAS,DMA_102023
1,"32",ZACATECAS,"7",CUENCAS CENTRALES DEL NORTE,"3227",GUADALUPE BAÑUELOS,290.33000000000,3227,VII CUENCAS CENTRALES DEL NORTE,ZACATECAS,"3227",GUADALUPE BAÑUELOS,12.100000,0.000000,12.296545,0.000000,0.000000,0.198156,12.494701,-0.39470064800
2,"32",ZACATECAS,"7",CUENCAS CENTRALES DEL NORTE,"3225",CALERA,2225.70000000000,3225,VII CUENCAS CENTRALES DEL NORTE,ZACATECAS,"3225",CALERA,91.100000,1.200000,156.282584,0.000000,0.048004,0.830152,157.160740,-67.26073991000
3,"32",ZACATECAS,"7",CUENCAS CENTRALES DEL NORTE,"3210",BENITO JUAREZ,350.50000000000,3210,VII CUENCAS CENTRALES DEL NORTE,ZACATECAS,"3210",BENITO JUÁREZ,18.100000,0.000000,21.486465,0.000000,0.000000,0.000000,21.486465,-3.38646520000
4,"32",ZACATECAS,"7",CUENCAS CENTRALES DEL NORTE,"3214",AGUANAVAL,2804.42000000000,3214,VII CUENCAS CENTRALES DEL NORTE,ZACATECAS,"3214",AGUANAVAL,84.500000,0.000000,173.037747,0.000000,0.000000,1.000995,174.038741,-89.53874147000
5,"32",ZACATECAS,"7",CUENCAS CENTRALES DEL NORTE,"3223",GUADALUPE DE LAS CORRIENTES,4632.98000000000,3223,VII CUENCAS CENTRALES DEL NORTE,ZACATECAS,"3223",GUADALUPE DE LAS CORRIENTES,32.800000,0.000000,42.665038,0.000000,0.000000,0.137261,42.802299,-10.00229883000
6,"32",ZACATECAS,"7",CUENCAS CENTRALES DEL NORTE,"3216",SAIN ALTO,1042.62000000000,3216,VII CUENCAS CENTRALES DEL NORTE,ZACATECAS,"3216",SAIN ALTO,17.300000,0.100000,14.457569,0.000000,1.234570,0.145071,15.837210,1.36279036000
7,"32",ZACATECAS,"7",CUENCAS CENTRALES DEL NORTE,"3215",ABREGO,1204.97000000000,3215,VII CUENCAS CENTRALES DEL NORTE,ZACATECAS,"3215",ÁBREGO,29.100000,5.400000,20.371741,0.000000,0.000000,0.170277,20.542018,3.15798186600
8,"32",ZACATECAS,"7",CUENCAS CENTRALES DEL NORTE,"3221",CAMACHO,3551.24000000000,3221,VII CUENCAS CENTRALES DEL NORTE,ZACATECAS,"3221",CAMACHO,3.500000,1.300000,1.702364,0.000000,0.462000,0.076009,2.240373,-0.04037310200
9,"32",ZACATECAS,"7",CUENCAS CENTRALES DEL NORTE,"3222",EL CARDITO,4794.18000000000,3222,VII CUENCAS CENTRALES DEL NORTE,ZACATECAS,"3222",EL CARDITO,20.500000,2.300000,12.468540,0.000000,1.516369,0.082477,14.067386,4.13261445900
10,"32",ZACATECAS,"7",CUENCAS CENTRALES DEL NORTE,"3224",PUERTO MADERO,1931.16000000000,3224,VII CUENCAS CENTRALES DEL NORTE,ZACATECAS,"3224",PUERTO MADERO,16.500000,0.000000,25.774046,0.000000,0.015650,0.082356,25.872051,-9.37205137300
11,"32",ZACATECAS,"7",CUENCAS CENTRALES DEL NORTE,"3233",PINO SUAREZ,568.17000000000,3233,VII CUENCAS CENTRALES DEL NORTE,ZACATECAS,"3233",PINO SUÁREZ,8.900000,2.700000,1.488578,0.000000,0.198421,0.182421,1.869420,4.33057990000
12,"32",ZACATECAS,"8",LERMA-SANTIAGO-PACIFICO,"3203",CORRALES,4937.98000000000,3203,VIII LERMA SANTIAGO PACÍFICO,ZACATECAS,"3203",CORRALES,7.300000,3.300000,1.965974,0.000000,0.025282,0.000000,1.991256,2.00874400000
13,"32",ZACATECAS,"8",LERMA-SANTIAGO-PACIFICO,"3213",VILLA GARCIA,305.19000000000,3213,VIII LERMA SANTIAGO PACÍFICO,ZACATECAS,"3213",VILLA GARCÍA,11.600000,2.500000,8.918995,0.000000,0.905952,0.000000,9.824947,-0.72494650000
14,"32",ZACATECAS,"8",LERMA-SANTIAGO-PACIFICO,"3204",VALPARAISO,4321.75000000000,3204,VIII LERMA SANTIAGO PACÍFICO,ZACATECAS,"3204",VALPARAÍSO,26.100000,13.000000,21.712344,0.000000,0.519855,0.000000,22.232198,-9.13219825000
15,"32",ZACATECAS,"3",PACIFICO NORTE,"3201",SABINAS,1487.55000000000,3201,III PACÍFICO NORTE,ZACATECAS,"3201",SABINAS,13.700000,2.500000,10.695405,0.000000,0.362976,0.261092,11.319473,-0.11947253400
16,"32",ZACATECAS,"8",LERMA-SANTIAGO-PACIFICO,"3212",OJOCALIENTE,1627.03000000000,3212,VIII LERMA SANTIAGO PACÍFICO,ZACATECAS,"3212",OJOCALIENTE,51.000000,3.100000,65.218073,0.000000,0.000000,0.000000,65.218073,-17.31807300000
17,"32",ZACATECAS,"7",CUENCAS CENTRALES DEL NORTE,"3228",LA BLANCA,568.00000000000,3228,VII CUENCAS CENTRALES DEL NORTE,ZACATECAS,"3228",LA BLANCA,19.000000,0.000000,29.441988,0.000000,0.000000,0.211103,29.653091,-10.65309077000
18,"32",ZACATECAS,"7",CUENCAS CENTRALES DEL NORTE,"3234",SALDAÑA,131.84000000000,3234,VII CUENCAS CENTRALES DEL NORTE,ZACATECAS,"3234",SALDAÑA,1.100000,0.300000,0.160398,0.000000,0.042000,0.025847,0.228245,0.57175473900
19,"32",ZACATECAS,"7",CUENCAS CENTRALES DEL NORTE,"3230",VILLA HIDALGO,858.75000000000,3230,VII CUENCAS CENTRALES DEL NORTE,ZACATECAS,"3230",VILLA HIDALGO,41.000000,0.000000,52.693217,0.000000,0.336020,0.360535,53.389772,-12.38977199000
20,"32",ZACATECAS,"7",CUENCAS CENTRALES DEL NORTE,"3226",CHUPADEROS,2482.98000000000,3226,VII CUENCAS CENTRALES DEL NORTE,ZACATECAS,"3226",CHUPADEROS,86.600000,0.000000,187.918456,0.000000,0.000000,0.534771,188.453226,-101.85322630000
21,"32",ZACATECAS,"7",CUENCAS CENTRALES DEL NORTE,"3232",ESPIRITU SANTO,1120.22000000000,3232,VII CUENCAS CENTRALES DEL NORTE,ZACATECAS,"3232",ESPÍRITU SANTO,14.300000,1.900000,8.685508,0.000000,0.230740,0.403719,9.319967,3.08003260400
22,"32",ZACATECAS,"7",CUENCAS CENTRALES DEL NORTE,"3229",LORETO,688.51000000000,3229,VII CUENCAS CENTRALES DEL NORTE,ZACATECAS,"3229",LORETO,32.700000,0.000000,81.773200,0.000000,0.000000,0.343081,82.116281,-49.41628093000
23,"32",ZACATECAS,"8",LERMA-SANTIAGO-PACIFICO,"3208",NOCHISTLAN,833.71000000000,3208,VIII LERMA SANTIAGO PACÍFICO,ZACATECAS,"3208",NOCHISTLÁN,23.200000,15.500000,8.790503,0.000000,0.674976,0.000000,9.465479,-1.76547900000
24,"32",ZACATECAS,"8",LERMA-SANTIAGO-PACIFICO,"3209",JALPA-JUCHIPILA,4069.04000000000,3209,VIII LERMA SANTIAGO PACÍFICO,ZACATECAS,"3209",JALPA-JUCHIPILA,87.100000,10.300000,67.213453,0.000000,0.714501,0.472737,68.400691,8.39930901900
25,"32",ZACATECAS,"8",LERMA-SANTIAGO-PACIFICO,"3205",JEREZ,2395.43000000000,3205,VIII LERMA SANTIAGO PACÍFICO,ZACATECAS,"3205",JERÉZ,53.500000,8.000000,54.082587,0.000000,0.000000,0.000000,54.082587,-8.58258730000
26,"32",ZACATECAS,"7",CUENCAS CENTRALES DEL NORTE,"3217",EL PALMAR,7360.84000000000,3217,VII CUENCAS CENTRALES DEL NORTE,ZACATECAS,"3217",EL PALMAR,91.000000,9.300000,73.135419,0.000000,0.280557,1.265457,74.681433,7.01856706400
27,"32",ZACATECAS,"7",CUENCAS CENTRALES DEL NORTE,"3231",PINOS,1275.09000000000,3231,VII CUENCAS CENTRALES DEL NORTE,ZACATECAS,"3231",PINOS,17.900000,1.500000,14.225176,0.000000,0.900256,0.305352,15.430784,0.96921603200
28,"32",ZACATECAS,"8",LERMA-SANTIAGO-PACIFICO,"3207",GARCIA DE LA CADENA,1033.48000000000,3207,VIII LERMA SANTIAGO PACÍFICO,ZACATECAS,"3207",GARCÍA DE LA CADENA,22.100000,17.300000,6.990627,0.000000,0.984528,0.000000,7.975154,-3.17515400000
29,"32",ZACATECAS,"8",LERMA-SANTIAGO-PACIFICO,"3211",VILLANUEVA,1794.31000000000,3211,VIII LERMA SANTIAGO PACÍFICO,ZACATECAS,"3211",VILLANUEVA,22.600000,1.800000,20.334103,0.000000,0.293435,0.000000,20.627537,0.17246275000
30,"32",ZACATECAS,"8",LERMA-SANTIAGO-PACIFICO,"3206",TLALTENANGO-TEPECHITLAN,2452.07000000000,3206,VIII LERMA SANTIAGO PACÍFICO,ZACATECAS,"3206",TLALTENANGO-TEPECHITLÁN,36.800000,16.900000,12.426097,0.000000,1.123380,0.000000,13.549477,6.35052260000
31,"32",ZACATECAS,"3",PACIFICO NORTE,"3202",HIDALGO,1162.33000000000,3202,III PACÍFICO NORTE,ZACATECAS,"3202",HIDALGO,6.500000,0.300000,4.863441,0.000000,0.388584,0.184791,5.436816,0.76318392500
32,"32",ZACATECAS,"7",CUENCAS CENTRALES DEL NORTE,"3220",GUADALUPE GARZARON,3952.21000000000,3220,VII CUENCAS CENTRALES DEL NORTE,ZACATECAS,"3220",GUADALUPE GARZARÓN,19.600000,0.000000,20.057292,0.000000,0.298406,0.152825,20.508523,-0.90852324900
33,"32",ZACATECAS,"7",CUENCAS CENTRALES DEL NORTE,"3219",EL SALVADOR,1254.25000000000,3219,VII CUENCAS CENTRALES DEL NORTE,ZACATECAS,"3219",EL SALVADOR,4.000000,0.900000,1.962816,0.000000,0.330500,0.044426,2.337742,0.76225803500
34,"32",ZACATECAS,"7",CUENCAS CENTRALES DEL NORTE,"3218",CEDROS,5108.18000000000,3218,VII CUENCAS CENTRALES DEL NORTE,ZACATECAS,"3218",CEDROS,42.000000,0.000000,41.405749,0.000000,0.438000,0.174351,42.018100,-0.01809980200
35,"30",VERACRUZ,"10",GOLFO CENTRO,"3018",JALAPA-COATEPEC,857.76000000000,3018,X GOLFO CENTRO,VERACRUZ,"3018",JALAPA-COATEPEC,90.000000,8.700000,5.001568,3.637069,0.000000,0.000000,8.638638,72.66136224000
36,"30",VERACRUZ,"10",GOLFO CENTRO,"3001",POZA RICA,2779.60000000000,3001,X GOLFO CENTRO,VERACRUZ,"3001",POZA RICA,362.800000,344.700000,7.338995,3.965175,0.021251,5.320875,16.646295,1.45370491800
37,"30",VERACRUZ,"10",GOLFO CENTRO,"3003",MARTINEZ DE LA TORRE-NAUTLA,4351.45000000000,3003,X GOLFO CENTRO,VERACRUZ,"3003",MARTÍNEZ  DE LA TORRE-NAUTLA,1702.200000,1596.900000,19.589649,4.145301,1.540365,4.207783,29.483098,75.81690163000
38,"30",VERACRUZ,"10",GOLFO CENTRO,"3005",VALLE DE ACTOPAN,2506.93000000000,3005,X GOLFO CENTRO,VERACRUZ,"3005",VALLE DE ACTOPAN,211.300000,116.200000,41.758311,40.768182,0.339684,0.000000,82.866177,12.23382252000
39,"30",VERACRUZ,"10",GOLFO CENTRO,"3010",LOS NARANJOS,3842.66000000000,3010,X GOLFO CENTRO,VERACRUZ,"3010",LOS NARANJOS,1446.000000,834.700000,480.439390,0.000000,13.286971,0.000000,493.726362,117.57363840000
40,"30",VERACRUZ,"10",GOLFO CENTRO,"3019",CUENCA RIO PAPALOAPAN,7279.60000000000,3019,X GOLFO CENTRO,VERACRUZ,"3019",CUENCA RÍO PAPALOAPAN,4217.300000,4086.900000,95.381291,0.000000,5.689916,12.300000,113.371206,17.02879351000
41,"30",VERACRUZ,"10",GOLFO CENTRO,"3020",COSTERA DEL PAPALOAPAN,2171.62000000000,3020,X GOLFO CENTRO,VERACRUZ,"3020",COSTERA DEL PAPALOAPAN,716.500000,599.400000,37.105347,2.163000,0.030020,0.000000,39.298366,77.80163358000
42,"30",VERACRUZ,"10",GOLFO CENTRO,"3016",SIERRA DE SAN ANDRES TUXTLA,2238.98000000000,3016,X GOLFO CENTRO,VERACRUZ,"3016",SIERRA DE SAN ANDRÉS TUXTLA,197.700000,163.500000,13.724920,0.000000,0.099896,0.000000,13.824816,20.37518363000
43,"30",VERACRUZ,"10",GOLFO CENTRO,"3011",SOTEAPAN-HUEYAPAN,2994.55000000000,3011,X GOLFO CENTRO,VERACRUZ,"3011",SOTEAPAN-HUEYAPAN,285.300000,193.300000,15.782350,0.115926,0.306549,0.000000,16.204825,75.79517494000
44,"30",VERACRUZ,"9",GOLFO NORTE,"3017",TAMPICO-MISANTLA,14192.10000000000,3017,IX GOLFO NORTE,VERACRUZ,"3017",TAMPICO-MISANTLA,268.000000,138.200000,27.277772,1.522620,0.836817,6.208303,35.845513,93.95448740000
45,"30",VERACRUZ,"10",GOLFO CENTRO,"3014",ALAMO-TUXPAN,6389.86000000000,3014,X GOLFO CENTRO,VERACRUZ,"3014",ÁLAMO-TUXPAN,697.900000,640.800000,24.098415,9.266414,4.187662,6.706789,44.259281,12.84071947000
46,"30",VERACRUZ,"10",GOLFO CENTRO,"3007",ORIZABA-CORDOBA,1261.26000000000,3007,X GOLFO CENTRO,VERACRUZ,"3007",ORIZABA-CÓRDOBA,78.800000,45.000000,38.391766,0.087223,1.620546,0.000000,40.099535,-6.29953509000
47,"30",VERACRUZ,"10",GOLFO CENTRO,"3009",OMEALCA-HUIXCOLOTLA,336.63000000000,3009,X GOLFO CENTRO,VERACRUZ,"3009",OMEALCA-HUIXCOLOTLA,86.800000,27.200000,48.652907,0.000000,4.451494,0.000000,53.104401,6.49559934000
48,"30",VERACRUZ,"10",GOLFO CENTRO,"3008",COTAXTLA,3246.81000000000,3008,X GOLFO CENTRO,VERACRUZ,"3008",COTAXTLA,356.500000,170.600000,200.610354,9.569789,1.672915,3.251596,215.104653,-29.20465285000
49,"30",VERACRUZ,"10",GOLFO CENTRO,"3004",PEROTE-ZALAYETA,1016.32000000000,3004,X GOLFO CENTRO,VERACRUZ,"3004",PEROTE-ZALAYETA,50.200000,10.800000,40.236413,11.241512,1.328491,0.000000,52.806416,-13.40641586000
50,"30",VERACRUZ,"10",GOLFO CENTRO,"3002",TECOLUTLA,7584.26000000000,3002,X GOLFO CENTRO,VERACRUZ,"3002",TECOLUTLA,2204.300000,2158.000000,16.483391,7.427910,0.468844,8.636357,33.016502,13.28349750000
51,"30",VERACRUZ,"10",GOLFO CENTRO,"3006",COSTERA DE VERACRUZ,3059.39000000000,3006,X GOLFO CENTRO,VERACRUZ,"3006",COSTERA DE VERACRUZ,293.500000,102.500000,194.304921,11.057823,1.254886,0.000000,206.617630,-15.61763000000
52,"30",VERACRUZ,"10",GOLFO CENTRO,"3012",COSTERA DE COATZACOALCOS,12213.59000000000,3012,X GOLFO CENTRO,VERACRUZ,"3012",COSTERA DE COATZACOALCOS,3371.000000,3202.600000,65.314496,0.852498,4.850937,36.321165,107.339095,61.06090462000
53,"29",TLAXCALA,"4",BALSAS,"2903",HUAMANTLA,851.59000000000,2903,IV BALSAS,TLAXCALA,"2903",HUAMANTLA,96.000000,17.900000,64.414272,0.000000,1.367327,0.000000,65.781599,12.31840077000
54,"29",TLAXCALA,"4",BALSAS,"2901",ALTO ATOYAC,2032.20000000000,2901,IV BALSAS,TLAXCALA,"2901",ALTO ATOYAC,212.400000,41.000000,131.507745,12.329252,1.000384,0.000000,144.837381,26.56261903000
55,"29",TLAXCALA,"4",BALSAS,"2904",EMILIANO ZAPATA,266.55000000000,2904,IV BALSAS,TLAXCALA,"2904",EMILIANO ZAPATA,6.000000,4.900000,0.505731,0.250000,0.006159,0.000000,0.761890,0.33811005000
56,"29",TLAXCALA,"13",VALLE DE MEXICO,"2902",SOLTEPEC,819.64000000000,2902,XIII AGUAS DEL VALLE DE MÉXICO,TLAXCALA,"2902",SOLTEPEC,57.000000,16.200000,16.717709,0.000000,0.176580,0.378942,17.273231,23.52676922000
57,"28",TAMAULIPAS,"9",GOLFO NORTE,"2808",VICTORIA-CASAS,4197.61000000000,2808,IX GOLFO NORTE,TAMAULIPAS,"2808",VICTORIA-CASAS,31.300000,2.500000,29.782475,0.030000,0.003650,0.184469,30.000593,-1.20059340500
58,"28",TAMAULIPAS,"9",GOLFO NORTE,"2805",JIMENEZ-ABASOLO,3649.55000000000,2805,IX GOLFO NORTE,TAMAULIPAS,"2805",JIMÉNEZ-ABASOLO,29.700000,8.600000,4.990212,1.110149,0.711639,0.019056,6.831055,14.26894507000
59,"28",TAMAULIPAS,"9",GOLFO NORTE,"2809",ALDAMA-SOTO LA MARINA,9605.02000000000,2809,IX GOLFO NORTE,TAMAULIPAS,"2809",ALDAMA-SOTO LA MARINA,209.300000,112.700000,12.411402,5.516041,0.036500,0.329974,18.293917,78.30608289000
60,"28",TAMAULIPAS,"9",GOLFO NORTE,"2813",ZONA SUR,1834.46000000000,2813,IX GOLFO NORTE,TAMAULIPAS,"2813",ZONA SUR,14.800000,3.600000,3.056418,0.497828,0.000960,0.449270,4.004477,7.19552313700
61,"28",TAMAULIPAS,"9",GOLFO NORTE,"2810",PALMILLAS-JAUMAVE,4470.96000000000,2810,IX GOLFO NORTE,TAMAULIPAS,"2810",PALMILLAS-JAUMAVE,29.300000,18.000000,8.049584,0.000000,0.062119,0.237859,8.349562,2.95043814900
62,"28",TAMAULIPAS,"6",RIO BRAVO,"2801",BAJO RIO BRAVO,17824.27000000000,2801,VI RÍO BRAVO,TAMAULIPAS,"2801",BAJO RÍO BRAVO,198.500000,9.700000,77.415080,8.580703,7.431323,1.524941,94.952048,93.84795190000
63,"28",TAMAULIPAS,"9",GOLFO NORTE,"2802",MENDEZ-SAN FERNANDO,19063.74000000000,2802,IX GOLFO NORTE,TAMAULIPAS,"2802",MÉNDEZ-SAN FERNANDO,50.100000,14.100000,19.759173,2.676432,0.753778,0.000000,23.189382,12.81061768000
64,"28",TAMAULIPAS,"9",GOLFO NORTE,"2814",TULA-BUSTAMANTE,3943.50000000000,2814,IX GOLFO NORTE,TAMAULIPAS,"2814",TULA-BUSTAMANTE,43.800000,1.100000,21.591078,18.184925,0.600000,0.420985,40.796988,1.90301228700
65,"28",TAMAULIPAS,"9",GOLFO NORTE,"2811",LLERA-XICOTENCATL,8777.72000000000,2811,IX GOLFO NORTE,TAMAULIPAS,"2811",LLERA-XICOTÉNCATL,81.000000,28.600000,46.904247,0.008555,3.491687,0.577410,50.981900,1.41810022600
66,"28",TAMAULIPAS,"9",GOLFO NORTE,"2812",OCAMPO-ANTIGUO MORELOS,2797.52000000000,2812,IX GOLFO NORTE,TAMAULIPAS,"2812",OCAMPO-ANTIGUO MORELOS,40.000000,8.900000,19.801650,0.000000,0.330750,0.214003,20.346404,10.75359614000
67,"27",TABASCO,"11",FRONTERA SUR,"2705",LA SIERRA,9760.55000000000,2705,XI FRONTERA SUR,TABASCO,"2705",LA SIERRA,771.900000,132.800000,61.214315,0.416798,0.059569,0.000000,61.690682,577.40931840000
68,"27",TABASCO,"11",FRONTERA SUR,"2707",LOS RIOS,5810.69000000000,2707,XI FRONTERA SUR,TABASCO,"2707",LOS RÍOS,1895.000000,109.200000,19.360692,2.579318,0.886560,0.000000,22.826570,1762.97343000000
69,"27",TABASCO,"11",FRONTERA SUR,"2706",MACUSPANA,3450.82000000000,2706,XI FRONTERA SUR,TABASCO,"2706",MACUSPANA,1667.000000,107.300000,5.199196,0.126801,0.946428,0.000000,6.272425,1553.42757500000
70,"27",TABASCO,"11",FRONTERA SUR,"2703",SAMARIA-CUNDUACAN,1640.82000000000,2703,XI FRONTERA SUR,TABASCO,"2703",SAMARIA-CUNDUACÁN,546.600000,127.000000,52.123927,0.000000,1.215322,0.000000,53.339248,366.26075170000
71,"27",TABASCO,"11",FRONTERA SUR,"2704",CENTLA,2403.83000000000,2704,XI FRONTERA SUR,TABASCO,"2704",CENTLA,954.600000,98.400000,44.915612,0.000000,0.590055,0.000000,45.505667,810.69433320000
72,"27",TABASCO,"11",FRONTERA SUR,"2701",HUIMANGUILLO,2180.27000000000,2701,XI FRONTERA SUR,TABASCO,"2701",HUIMANGUILLO,663.000000,98.500000,39.322520,2.688007,5.591148,1.506408,49.108083,515.39191750000
73,"27",TABASCO,"11",FRONTERA SUR,"2702",LA CHONTALPA,4203.80000000000,2702,XI FRONTERA SUR,TABASCO,"2702",LA CHONTALPA,1973.600000,339.000000,71.701762,0.065700,2.052448,6.353623,80.173532,1554.42646800000
74,"27",TABASCO,"11",FRONTERA SUR,"2708",BOCA DEL CERRO,2971.67000000000,2708,XI FRONTERA SUR,TABASCO,"2708",BOCA DEL CERRO,785.000000,390.000000,7.876195,1.567366,0.026207,0.000000,9.469768,385.53023210000
75,"26",SONORA,"2",NOROESTE,"2642",VALLE DEL MAYO,4548.36000000000,2642,II NOROESTE,SONORA,"2642",VALLE DEL MAYO,367.300000,63.200000,279.456743,0.000000,1.577426,0.908513,281.942683,22.15731726000
76,"26",SONORA,"2",NOROESTE,"2635",VALLE DE GUAYMAS,6738.38000000000,2635,II NOROESTE,SONORA,"2635",VALLE DE GUAYMAS,78.100000,0.000000,124.876458,0.000000,0.000000,0.244211,125.120669,-47.02066922000
77,"26",SONORA,"2",NOROESTE,"2626",RIO ZANJON,4461.45000000000,2626,II NOROESTE,SONORA,"2626",RÍO ZANJÓN,77.800000,1.400000,100.523537,0.000000,0.000000,0.033054,100.556591,-24.15659084000
78,"26",SONORA,"2",NOROESTE,"2624",RIO SONORA,5736.74000000000,2624,II NOROESTE,SONORA,"2624",RÍO SONORA,66.700000,0.000000,61.962338,0.000000,0.935244,0.058856,62.956438,3.74356190600
79,"26",SONORA,"2",NOROESTE,"2625",RIO SAN MIGUEL,4057.36000000000,2625,II NOROESTE,SONORA,"2625",RÍO SAN MIGUEL,65.300000,1.400000,62.258760,0.000000,3.523762,0.020619,65.803141,-1.90314127200
80,"26",SONORA,"2",NOROESTE,"2633",RIO MOCTEZUMA,6228.71000000000,2633,II NOROESTE,SONORA,"2633",RÍO MOCTEZUMA,31.000000,0.000000,19.671288,10.561092,0.000000,0.007565,30.239944,0.76005551000
81,"26",SONORA,"2",NOROESTE,"2632",RIO FRONTERA,2318.21000000000,2632,II NOROESTE,SONORA,"2632",RÍO FRONTERA,46.400000,3.200000,37.141388,0.000000,0.316000,0.012345,37.469733,5.73026703200
82,"26",SONORA,"2",NOROESTE,"2613",RIO ALISOS,893.32000000000,2613,II NOROESTE,SONORA,"2613",RÍO ALISOS,16.400000,1.200000,10.641401,0.000000,0.282663,0.021505,10.945569,4.25443108600
83,"26",SONORA,"2",NOROESTE,"2612",MAGDALENA,2566.13000000000,2612,II NOROESTE,SONORA,"2612",MAGDALENA,41.300000,0.000000,51.401611,0.000000,0.000000,0.041953,51.443564,-10.14356371000
84,"26",SONORA,"2",NOROESTE,"2606",LOS CHIRRIONES,2275.46000000000,2606,II NOROESTE,SONORA,"2606",LOS CHIRRIONES,30.000000,2.000000,28.220298,0.000000,0.000000,0.000620,28.220918,-0.22091776600
85,"26",SONORA,"2",NOROESTE,"2610",COYOTILLO,1047.46000000000,2610,II NOROESTE,SONORA,"2610",COYOTILLO,4.000000,0.000000,12.552272,0.000000,0.000000,0.009547,12.561819,-8.56181912600
86,"26",SONORA,"2",NOROESTE,"2609",BUSANI,1266.98000000000,2609,II NOROESTE,SONORA,"2609",BUSANI,15.500000,0.000000,18.770615,0.000000,0.000000,0.016310,18.786925,-3.28692500100
87,"26",SONORA,"2",NOROESTE,"2611",LA TINAJA,1831.59000000000,2611,II NOROESTE,SONORA,"2611",LA TINAJA,26.100000,0.000000,24.395085,0.000000,0.000000,0.005001,24.400086,1.69991392900
88,"26",SONORA,"2",NOROESTE,"2622",LA POZA,968.88000000000,2622,II NOROESTE,SONORA,"2622",LA POZA,33.800000,10.000000,21.562958,0.000000,0.000000,0.014872,21.577830,2.22217025100
89,"26",SONORA,"2",NOROESTE,"2623",SANTA ROSALIA,1866.50000000000,2623,II NOROESTE,SONORA,"2623",SANTA ROSALÍA,11.800000,0.000000,11.225219,0.030304,0.706690,0.019623,11.981837,-0.18183659400
90,"26",SONORA,"2",NOROESTE,"2627",RIO BACOACHI,2324.20000000000,2627,II NOROESTE,SONORA,"2627",RÍO BACOACHI,49.000000,13.200000,28.223790,0.009180,3.555402,0.017558,31.805930,3.99407037300
91,"26",SONORA,"2",NOROESTE,"2628",RIO BACANUCHI,1776.49000000000,2628,II NOROESTE,SONORA,"2628",RÍO BACANUCHI,19.000000,6.100000,12.938917,0.000000,0.000000,0.008211,12.947128,-0.04712757200
92,"26",SONORA,"2",NOROESTE,"2637",RIO BACANORA,729.14000000000,2637,II NOROESTE,SONORA,"2637",RÍO BACANORA,8.600000,0.000000,2.065123,2.762393,0.000000,0.003614,4.831130,3.76886987500
93,"26",SONORA,"2",NOROESTE,"2638",RIO SAHUARIPA,2957.91000000000,2638,II NOROESTE,SONORA,"2638",RÍO SAHUARIPA,45.900000,9.500000,8.504948,5.049988,0.000000,0.019823,13.574758,22.82524158000
94,"26",SONORA,"2",NOROESTE,"2639",RIO TECORIPA,2480.44000000000,2639,II NOROESTE,SONORA,"2639",RÍO TECORIPA,21.300000,3.800000,3.882391,5.812469,0.081875,0.019608,9.796343,7.70365688000
95,"26",SONORA,"2",NOROESTE,"2646",ROSARIO-TESOPACO-EL QUIRIEGO,1735.03000000000,2646,II NOROESTE,SONORA,"2646",ROSARIO-TESOPACO-EL QUIRIEGO,27.700000,7.700000,1.644233,0.973791,0.310656,0.022525,2.951205,17.04879454000
96,"26",SONORA,"2",NOROESTE,"2647",ONAVAS,1404.74000000000,2647,II NOROESTE,SONORA,"2647",ÓNAVAS,6.100000,2.500000,0.449199,0.252821,0.002100,0.003941,0.708061,2.89193931600
97,"26",SONORA,"2",NOROESTE,"2648",SOYOPA,1139.89000000000,2648,II NOROESTE,SONORA,"2648",SOYOPA,5.900000,0.100000,0.546060,2.352374,1.233250,0.003342,4.135027,1.66497348400
98,"26",SONORA,"2",NOROESTE,"2651",BATEVITO,1140.32000000000,2651,II NOROESTE,SONORA,"2651",BATEVITO,13.400000,0.000000,6.831224,0.000000,0.000000,0.005861,6.837086,6.56291418200
99,"26",SONORA,"2",NOROESTE,"2652",VILLA HIDALGO,2942.71000000000,2652,II NOROESTE,SONORA,"2652",VILLA HIDALGO,9.800000,0.100000,0.236418,0.198297,0.665000,0.005004,1.104719,8.59528103700
100,"26",SONORA,"2",NOROESTE,"2653",HUASABAS,1130.44000000000,2653,II NOROESTE,SONORA,"2653",HUÁSABAS,7.300000,0.000000,0.794612,1.190040,0.000000,0.000200,1.984852,5.31514821400
101,"26",SONORA,"2",NOROESTE,"2654",BACADEHUACHI,1002.08000000000,2654,II NOROESTE,SONORA,"2654",BACADÉHUACHI,10.700000,0.700000,1.488850,0.353279,0.000000,0.000162,1.842291,8.15770899200
102,"26",SONORA,"2",NOROESTE,"2656",CUMURIPA,2185.83000000000,2656,II NOROESTE,SONORA,"2656",CUMURIPA,15.600000,3.700000,0.487895,0.527112,0.000000,0.000708,1.015715,10.88428457000
103,"26",SONORA,"2",NOROESTE,"2657",AGUA CALIENTE,1785.41000000000,2657,II NOROESTE,SONORA,"2657",AGUA CALIENTE,9.800000,0.000000,3.459335,0.198758,1.350000,0.000000,5.008093,4.79190700000
104,"26",SONORA,"2",NOROESTE,"2660",CUITACA,477.21000000000,2660,II NOROESTE,SONORA,"2660",CUITACA,7.400000,0.700000,1.836368,0.000000,0.963632,0.021396,2.821396,3.87860425200
105,"26",SONORA,"2",NOROESTE,"2661",CUMPAS,2414.76000000000,2661,II NOROESTE,SONORA,"2661",CUMPAS,24.300000,3.700000,3.382934,7.198039,0.000000,0.009323,10.590296,10.00970418000
106,"26",SONORA,"2",NOROESTE,"2631",RIO BAVISPE,5884.86000000000,2631,II NOROESTE,SONORA,"2631",RÍO BAVISPE,29.700000,0.500000,23.180413,3.267197,0.569650,0.015390,27.032650,2.16734983700
107,"26",SONORA,"2",NOROESTE,"2655",NACORI CHICO,13912.28000000000,2655,II NOROESTE,SONORA,"2655",NÁCORI CHICO,11.400000,0.000000,0.616937,1.629282,0.000931,0.124280,2.371430,9.02856979200
108,"26",SONORA,"2",NOROESTE,"2658",SAN BERNARDO,9071.31000000000,2658,II NOROESTE,SONORA,"2658",SAN BERNARDO,39.700000,6.500000,9.877571,0.572682,2.595580,0.343421,13.389254,19.81074630000
109,"26",SONORA,"2",NOROESTE,"2649",YECORA,3577.58000000000,2649,II NOROESTE,SONORA,"2649",YÉCORA,10.700000,0.000000,10.158000,0.053000,0.000000,0.042596,10.253596,0.44640391200
110,"26",SONORA,"2",NOROESTE,"2634",RIO MATAPE,1137.08000000000,2634,II NOROESTE,SONORA,"2634",RÍO MÁTAPE,16.200000,0.000000,10.151421,0.426414,0.643873,0.003644,11.225352,4.97464834100
111,"26",SONORA,"2",NOROESTE,"2621",MESA DEL SERI-LA VICTORIA,1048.71000000000,2621,II NOROESTE,SONORA,"2621",MESA DEL SERI-LA VICTORIA,73.000000,16.000000,106.524838,0.000000,0.000000,0.077933,106.602770,-49.60277037000
112,"26",SONORA,"2",NOROESTE,"2614",COCOSPERA,650.30000000000,2614,II NOROESTE,SONORA,"2614",COCÓSPERA,15.000000,3.200000,6.134870,0.000000,0.012410,0.000738,6.148017,5.65198255300
113,"26",SONORA,"2",NOROESTE,"2602",LOS VIDRIOS,5667.58000000000,2602,II NOROESTE,SONORA,"2602",LOS VIDRIOS,6.700000,2.000000,3.666179,0.000000,0.000000,0.000148,3.666326,1.03367371100
114,"26",SONORA,"2",NOROESTE,"2604",ARROYO SAHUARO,3050.38000000000,2604,II NOROESTE,SONORA,"2604",ARROYO SAHUARO,10.900000,3.300000,9.413376,0.000000,0.000000,0.006722,9.420099,-1.82009880500
115,"26",SONORA,"2",NOROESTE,"2605",CABORCA,13242.00000000000,2605,II NOROESTE,SONORA,"2605",CABORCA,197.800000,0.000000,333.902792,0.000000,0.000000,0.417294,334.320085,-136.52008540000
116,"26",SONORA,"2",NOROESTE,"2617",PUERTO LIBERTAD,2030.14000000000,2617,II NOROESTE,SONORA,"2617",PUERTO LIBERTAD,8.200000,1.300000,6.219216,0.000000,0.650000,0.008253,6.877469,0.02253129800
117,"26",SONORA,"2",NOROESTE,"2618",ARIVAIPA,3796.35000000000,2618,II NOROESTE,SONORA,"2618",ARIVAIPA,15.200000,0.200000,14.990793,0.000000,0.000000,0.009517,15.000310,-0.00030990800
118,"26",SONORA,"2",NOROESTE,"2636",SAN JOSE DE GUAYMAS,1208.04000000000,2636,II NOROESTE,SONORA,"2636",SAN JOSÉ DE GUAYMAS,16.800000,0.000000,18.468538,0.000000,0.730000,0.090529,19.289067,-2.48906724600
119,"26",SONORA,"2",NOROESTE,"2641",COCORAQUE,2561.79000000000,2641,II NOROESTE,SONORA,"2641",COCORAQUE,186.700000,10.900000,172.977697,4.055901,1.432000,0.090220,178.555818,-2.75581817400
120,"26",SONORA,"2",NOROESTE,"2644",FUERTE-MAYO,1927.56000000000,2644,II NOROESTE,SONORA,"2644",FUERTE-MAYO,18.600000,2.000000,7.793844,0.022235,2.576475,0.163646,10.556200,6.04380009600
121,"26",SONORA,"2",NOROESTE,"2607",ARROYO SECO,2503.45000000000,2607,II NOROESTE,SONORA,"2607",ARROYO SECO,32.400000,0.000000,33.829536,0.000000,0.100000,0.016624,33.946160,-1.54616027600
122,"26",SONORA,"2",NOROESTE,"2608",RIO ALTAR,2821.25000000000,2608,II NOROESTE,SONORA,"2608",RÍO ALTAR,21.000000,0.000000,17.994951,0.000000,0.037278,0.021103,18.053332,2.94666815400
123,"26",SONORA,"2",NOROESTE,"2650",NOGALES,121.11000000000,2650,II NOROESTE,SONORA,"2650",NOGALES,5.200000,3.700000,1.375199,0.000000,0.000000,0.987453,2.362652,-0.86265166000
124,"26",SONORA,"2",NOROESTE,"2615",RIO SANTA CRUZ,952.28000000000,2615,II NOROESTE,SONORA,"2615",RÍO SANTA CRUZ,38.100000,2.000000,33.858188,0.000000,0.011651,0.024516,33.894355,2.20564492000
125,"26",SONORA,"2",NOROESTE,"2616",RIO SAN PEDRO,1749.57000000000,2616,II NOROESTE,SONORA,"2616",RÍO SAN PEDRO,41.000000,17.000000,30.673995,0.000000,0.015064,0.023718,30.712777,-6.71277731600
126,"26",SONORA,"2",NOROESTE,"2629",RIO AGUA PRIETA,1437.12000000000,2629,II NOROESTE,SONORA,"2629",RÍO AGUA PRIETA,24.100000,2.500000,21.602754,0.000000,0.000000,0.046943,21.649698,-0.04969761300
127,"26",SONORA,"2",NOROESTE,"2630",ARROYO SAN BERNARDINO,1673.31000000000,2630,II NOROESTE,SONORA,"2630",ARROYO SAN BERNARDINO,13.500000,0.000000,0.690060,0.000000,1.393535,0.001226,2.084821,11.41517861000
128,"26",SONORA,"2",NOROESTE,"2603",SONOYTA-PUERTO PEÑASCO,8900.51000000000,2603,II NOROESTE,SONORA,"2603",SONOYTA-PUERTO PEÑASCO,41.400000,15.900000,109.102114,0.000000,0.000000,0.114298,109.216413,-83.71641274000
129,"26",SONORA,"2",NOROESTE,"2620",SAHUARAL,1495.26000000000,2620,II NOROESTE,SONORA,"2620",SAHUARAL,58.600000,0.000000,68.045607,0.000000,0.000000,0.027063,68.072670,-9.47267000800
130,"26",SONORA,"2",NOROESTE,"2643",CUCHUJAQUI,1918.03000000000,2643,II NOROESTE,SONORA,"2643",CUCHUJAQUI,49.700000,19.500000,4.510599,2.251695,0.025000,0.109237,6.896531,23.30346915000
131,"26",SONORA,"2",NOROESTE,"2619",COSTA DE HERMOSILLO,15300.27000000000,2619,II NOROESTE,SONORA,"2619",COSTA DE HERMOSILLO,275.200000,0.000000,348.920093,0.000000,0.000000,0.533448,349.453541,-74.25354140000
132,"26",SONORA,"2",NOROESTE,"2640",VALLE DEL YAQUI,6559.10000000000,2640,II NOROESTE,SONORA,"2640",VALLE DEL YAQUI,588.600000,61.300000,513.557629,0.002738,1.386655,0.618827,515.565849,11.73415097000
133,"26",SONORA,"2",NOROESTE,"2645",RIO CHICO,2767.16000000000,2645,II NOROESTE,SONORA,"2645",RÍO CHICO,11.700000,0.000000,0.586996,0.809388,0.110000,0.019732,1.526115,10.17388468000
134,"25",SINALOA,"3",PACIFICO NORTE,"2511",VALLE DE ESCUINAPA,369.13000000000,2511,III PACÍFICO NORTE,SINALOA,"2511",VALLE DE ESCUINAPA,59.900000,33.000000,0.801804,7.080659,0.186905,0.110132,8.179501,18.72049928000
135,"25",SINALOA,"3",PACIFICO NORTE,"2502",RIO SINALOA,15348.24000000000,2502,III PACÍFICO NORTE,SINALOA,"2502",RÍO SINALOA,550.100000,225.400000,287.266083,9.090950,2.211220,2.256940,300.825194,23.87480635000
136,"25",SINALOA,"3",PACIFICO NORTE,"2506",RIO ELOTA,3253.27000000000,2506,III PACÍFICO NORTE,SINALOA,"2506",RÍO ELOTA,44.300000,23.800000,10.711631,18.680920,0.922444,0.218781,30.533776,-10.03377647000
137,"25",SINALOA,"3",PACIFICO NORTE,"2507",RIO PIAXTLA,7012.53000000000,2507,III PACÍFICO NORTE,SINALOA,"2507",RÍO PIAXTLA,66.000000,31.200000,22.154234,31.331972,0.000000,0.179637,53.665843,-18.86584273000
138,"25",SINALOA,"3",PACIFICO NORTE,"2504",RIO CULIACAN,20388.89000000000,2504,III PACÍFICO NORTE,SINALOA,"2504",RÍO CULIACÁN,425.600000,193.700000,240.295959,41.355782,1.693782,2.000510,285.346033,-53.44603277000
139,"25",SINALOA,"3",PACIFICO NORTE,"2503",RIO MOCORITO,4492.42000000000,2503,III PACÍFICO NORTE,SINALOA,"2503",RÍO MOCORITO,211.600000,99.300000,109.102653,4.703585,0.322033,0.397012,114.525283,-2.22528323000
140,"25",SINALOA,"3",PACIFICO NORTE,"2513",RIO CAÑAS,581.93000000000,2513,III PACÍFICO NORTE,SINALOA,"2513",RÍO CAÑAS,65.600000,57.100000,15.081599,2.820461,0.000000,0.105505,18.007565,-9.50756513500
141,"25",SINALOA,"3",PACIFICO NORTE,"2501",RIO FUERTE,34946.21000000000,2501,III PACÍFICO NORTE,SINALOA,"2501",RÍO FUERTE,400.500000,140.400000,186.465737,7.024769,2.224926,3.478415,199.193847,60.90615263000
142,"25",SINALOA,"3",PACIFICO NORTE,"2514",EL CARRIZO,1805.23000000000,2514,III PACÍFICO NORTE,SINALOA,"2514",EL CARRIZO,160.000000,136.000000,2.842376,0.000000,0.030000,0.055843,2.928219,21.07178130000
143,"25",SINALOA,"3",PACIFICO NORTE,"2505",RIO SAN LORENZO,11822.29000000000,2505,III PACÍFICO NORTE,SINALOA,"2505",RÍO SAN LORENZO,327.200000,153.600000,108.536807,23.926160,0.411630,0.834804,133.709401,39.89059873000
144,"25",SINALOA,"3",PACIFICO NORTE,"2508",RIO QUELITE,1369.78000000000,2508,III PACÍFICO NORTE,SINALOA,"2508",RÍO QUELITE,61.900000,48.800000,5.913756,26.692019,0.000000,0.057455,32.663230,-19.56322994000
145,"25",SINALOA,"3",PACIFICO NORTE,"2509",RIO PRESIDIO,7599.74000000000,2509,III PACÍFICO NORTE,SINALOA,"2509",RÍO PRESIDIO,96.400000,5.600000,80.400879,31.676997,0.203904,0.627043,112.908823,-22.10882308000
146,"25",SINALOA,"3",PACIFICO NORTE,"2512",LAGUNA AGUA GRANDE,395.21000000000,2512,III PACÍFICO NORTE,SINALOA,"2512",LAGUNA AGUA GRANDE,181.300000,108.500000,16.336148,49.493587,0.000000,0.325210,66.154945,6.64505486800
147,"25",SINALOA,"3",PACIFICO NORTE,"2510",RIO BALUARTE,5594.02000000000,2510,III PACÍFICO NORTE,SINALOA,"2510",RÍO BALUARTE,293.400000,237.500000,24.808594,66.803785,0.000000,0.655084,92.267463,-36.36746283000
148,"24",SAN LUIS POTOSI,"9",GOLFO NORTE,"2415",RIO VERDE,2755.78000000000,2415,IX GOLFO NORTE,SAN LUIS POTOSÍ,"2415",RÍO VERDE,415.800000,251.400000,137.940865,0.336000,7.900222,1.095861,147.272948,17.12705217000
149,"24",SAN LUIS POTOSI,"9",GOLFO NORTE,"2414",CERRITOS-VILLA JUAREZ,2039.11000000000,2414,IX GOLFO NORTE,SAN LUIS POTOSÍ,"2414",CERRITOS-VILLA JUÁREZ,72.700000,50.400000,16.389612,0.716221,0.288183,0.269360,17.663375,4.63662481800
150,"24",SAN LUIS POTOSI,"9",GOLFO NORTE,"2416",SAN NICOLAS TOLENTINO,1695.77000000000,2416,IX GOLFO NORTE,SAN LUIS POTOSÍ,"2416",SAN NICOLÁS TOLENTINO,32.900000,18.600000,7.213489,1.000984,0.000000,0.242769,8.457242,5.84275769300
151,"24",SAN LUIS POTOSI,"9",GOLFO NORTE,"2419",TAMUIN,5080.16000000000,2419,IX GOLFO NORTE,SAN LUIS POTOSÍ,"2419",TAMUÍN,370.500000,298.900000,7.969930,6.287589,0.000000,3.287750,17.545269,54.05473098000
152,"24",SAN LUIS POTOSI,"7",CUENCAS CENTRALES DEL NORTE,"2411",SAN LUIS POTOSI,2060.82000000000,2411,VII CUENCAS CENTRALES DEL NORTE,SAN LUIS POTOSÍ,"2411",SAN LUIS POTOSÍ,78.100000,0.000000,134.022185,0.001040,0.000000,3.684789,137.708014,-59.60801431000
153,"24",SAN LUIS POTOSI,"7",CUENCAS CENTRALES DEL NORTE,"2405",AHUALULCO,947.90000000000,2405,VII CUENCAS CENTRALES DEL NORTE,SAN LUIS POTOSÍ,"2405",AHUALULCO,10.900000,0.000000,16.987870,0.002866,0.006000,0.805841,17.802577,-6.90257702800
154,"24",SAN LUIS POTOSI,"7",CUENCAS CENTRALES DEL NORTE,"2409",VILLA HIDALGO,1581.45000000000,2409,VII CUENCAS CENTRALES DEL NORTE,SAN LUIS POTOSÍ,"2409",VILLA HIDALGO,20.600000,0.000000,9.870590,2.165052,0.827562,0.358265,13.221469,7.37853132900
155,"24",SAN LUIS POTOSI,"7",CUENCAS CENTRALES DEL NORTE,"2401",VANEGAS-CATORCE,4381.50000000000,2401,VII CUENCAS CENTRALES DEL NORTE,SAN LUIS POTOSÍ,"2401",VANEGAS-CATORCE,28.400000,0.000000,30.778541,5.302601,0.000000,0.255439,36.336581,-7.93658082300
156,"24",SAN LUIS POTOSI,"7",CUENCAS CENTRALES DEL NORTE,"2407",CEDRAL-MATEHUALA,1954.35000000000,2407,VII CUENCAS CENTRALES DEL NORTE,SAN LUIS POTOSÍ,"2407",CEDRAL-MATEHUALA,17.500000,1.300000,15.989071,0.000821,0.000000,0.479477,16.469369,-0.26936906600
157,"24",SAN LUIS POTOSI,"7",CUENCAS CENTRALES DEL NORTE,"2408",VILLA DE ARISTA,4312.02000000000,2408,VII CUENCAS CENTRALES DEL NORTE,SAN LUIS POTOSÍ,"2408",VILLA DE ARISTA,48.200000,0.000000,101.443878,0.858449,0.000000,1.064315,103.366641,-55.16664150000
158,"24",SAN LUIS POTOSI,"7",CUENCAS CENTRALES DEL NORTE,"2403",SALINAS DE HIDALGO,1005.64000000000,2403,VII CUENCAS CENTRALES DEL NORTE,SAN LUIS POTOSÍ,"2403",SALINAS DE HIDALGO,16.700000,0.000000,26.508119,21.968318,0.000000,0.262617,48.739054,-32.03905386000
159,"24",SAN LUIS POTOSI,"7",CUENCAS CENTRALES DEL NORTE,"2404",SANTO DOMINGO,6068.73000000000,2404,VII CUENCAS CENTRALES DEL NORTE,SAN LUIS POTOSÍ,"2404",SANTO DOMINGO,21.400000,0.000000,13.826033,5.922122,0.120000,0.349300,20.217456,1.18254425900
160,"24",SAN LUIS POTOSI,"7",CUENCAS CENTRALES DEL NORTE,"2413",MATEHUALA-HUIZACHE,4184.36000000000,2413,VII CUENCAS CENTRALES DEL NORTE,SAN LUIS POTOSÍ,"2413",MATEHUALA-HUIZACHE,31.500000,0.000000,46.818842,26.396076,0.000000,0.673401,73.888319,-42.38831932000
161,"24",SAN LUIS POTOSI,"9",GOLFO NORTE,"2410",BUENAVISTA,6073.82000000000,2410,IX GOLFO NORTE,SAN LUIS POTOSÍ,"2410",BUENAVISTA,27.200000,6.700000,20.913713,7.424722,0.234000,0.920195,29.492630,-8.99262979300
162,"24",SAN LUIS POTOSI,"9",GOLFO NORTE,"2418",HUASTECA POTOSINA,12265.29000000000,2418,IX GOLFO NORTE,SAN LUIS POTOSÍ,"2418",HUASTECA POTOSINA,670.200000,556.900000,34.518279,9.575725,0.153995,5.834753,50.082751,63.21724855000
163,"24",SAN LUIS POTOSI,"7",CUENCAS CENTRALES DEL NORTE,"2412",JARAL DE BERRIOS-VILLA DE REYES,2302.80000000000,2412,VII CUENCAS CENTRALES DEL NORTE,SAN LUIS POTOSÍ,"2412",JARAL DE BERRIOS-VILLA DE REYES,132.100000,1.300000,130.504537,0.000000,2.919937,1.656331,135.080805,-4.28080515900
164,"24",SAN LUIS POTOSI,"7",CUENCAS CENTRALES DEL NORTE,"2402",EL BARRIL,3229.46000000000,2402,VII CUENCAS CENTRALES DEL NORTE,SAN LUIS POTOSÍ,"2402",EL BARRIL,31.600000,0.000000,85.012910,8.989116,0.000000,0.894566,94.896591,-63.29659098000
165,"24",SAN LUIS POTOSI,"7",CUENCAS CENTRALES DEL NORTE,"2406",VILLA DE ARRIAGA,1155.42000000000,2406,VII CUENCAS CENTRALES DEL NORTE,SAN LUIS POTOSÍ,"2406",VILLA DE ARRIAGA,4.700000,0.000000,1.927175,1.502653,0.000000,0.374449,3.804277,0.89572339600
166,"24",SAN LUIS POTOSI,"9",GOLFO NORTE,"2417",SANTA MARIA DEL RIO,3109.53000000000,2417,IX GOLFO NORTE,SAN LUIS POTOSÍ,"2417",SANTA MARÍA DEL RÍO,3.700000,0.000000,22.744548,6.914000,1.020000,0.905854,31.584402,-27.88440231000
167,"23",QUINTANA ROO,"12",PENINSULA DE YUCATAN,"2305",ISLA DE COZUMEL,502.22000000000,2305,XII PENÍNSULA DE YUCATÁN,QUINTANA ROO,"2305",ÍSLA DE COZUMEL,190.300000,100.100000,18.605846,0.009000,0.379746,0.549332,19.543924,70.65607596000
168,"23",QUINTANA ROO,"12",PENINSULA DE YUCATAN,"2301",CERROS Y VALLES,6767.93000000000,2301,XII PENÍNSULA DE YUCATÁN,QUINTANA ROO,"2301",CERROS Y VALLES,215.400000,18.100000,29.070552,30.323323,1.133279,0.187894,60.715048,136.58495230000
169,"4",CAMPECHE,"12",PENINSULA DE YUCATAN,"0405",XPUJIL,7926.13000000000,405,XII PENÍNSULA DE YUCATÁN,CAMPECHE,"0405",XPUJIL,2099.400000,1784.100000,8.316373,0.000000,0.000000,0.522866,8.839239,306.46076090000
170,"31",YUCATAN,"12",PENINSULA DE YUCATAN,"3105",PENINSULA DE YUCATAN,124409.10000000001,3105,XII PENÍNSULA DE YUCATÁN,YUCATÁN,"3105",PENÍNSULA DE YUCATÁN,14931.800000,7686.800000,4982.763527,26.785527,159.618454,16.197570,5185.365077,2059.63492300000
171,"22",QUERETARO,"8",LERMA-SANTIAGO-PACIFICO,"2201",VALLE DE QUERETARO,491.21000000000,2201,VIII LERMA SANTIAGO PACÍFICO,QUERÉTARO,"2201",VALLE DE QUERÉTARO,70.000000,4.000000,127.024409,0.000000,0.430000,4.102352,131.556761,-65.55676116000
172,"22",QUERETARO,"8",LERMA-SANTIAGO-PACIFICO,"2204",VALLE DE BUENAVISTA,311.64000000000,2204,VIII LERMA SANTIAGO PACÍFICO,QUERÉTARO,"2204",VALLE DE BUENAVISTA,9.500000,0.100000,22.197833,0.000000,0.162000,0.917559,23.277392,-13.87739169000
173,"22",QUERETARO,"8",LERMA-SANTIAGO-PACIFICO,"2208",VALLE DE HUIMILPAN,434.70000000000,2208,VIII LERMA SANTIAGO PACÍFICO,QUERÉTARO,"2208",VALLE DE HUIMILPAN,20.000000,2.000000,21.100289,1.256220,0.000000,0.178594,22.535103,-4.53510331700
174,"22",QUERETARO,"9",GOLFO NORTE,"2209",VALLE DE AMEALCO,304.10000000000,2209,IX GOLFO NORTE,QUERÉTARO,"2209",VALLE DE AMEALCO,22.500000,0.800000,17.893362,0.969043,0.000000,0.188337,19.050742,2.64925829700
175,"22",QUERETARO,"9",GOLFO NORTE,"2210",MOCTEZUMA,239.46000000000,2210,IX GOLFO NORTE,QUERÉTARO,"2210",MOCTEZUMA,50.000000,6.500000,0.072900,0.000000,0.000000,0.243454,0.316354,43.18364638000
176,"22",QUERETARO,"9",GOLFO NORTE,"2206",VALLE DE CADEREYTA,458.56000000000,2206,IX GOLFO NORTE,QUERÉTARO,"2206",VALLE DE CADEREYTA,4.100000,0.000000,3.587042,0.000000,0.000000,0.071954,3.658996,0.44100430500
177,"22",QUERETARO,"9",GOLFO NORTE,"2205",VALLE DE TEQUISQUIAPAN,756.72000000000,2205,IX GOLFO NORTE,QUERÉTARO,"2205",VALLE DE TEQUISQUIAPAN,108.100000,2.600000,109.579143,0.000000,0.696400,0.374080,110.649624,-5.14962384900
178,"22",QUERETARO,"8",LERMA-SANTIAGO-PACIFICO,"2202",VALLE DE AMAZCALA,600.70000000000,2202,VIII LERMA SANTIAGO PACÍFICO,QUERÉTARO,"2202",VALLE DE AMAZCALA,34.000000,2.800000,51.945203,0.000000,0.306000,1.110626,53.361829,-22.16182882000
179,"22",QUERETARO,"9",GOLFO NORTE,"2207",TOLIMAN,2955.74000000000,2207,IX GOLFO NORTE,QUERÉTARO,"2207",TOLIMÁN,8.400000,2.900000,6.246072,2.856161,0.000000,1.334237,10.436470,-4.93646963800
180,"22",QUERETARO,"9",GOLFO NORTE,"2211",TAMPAON-ZONA DE SIERRA,1298.99000000000,2211,IX GOLFO NORTE,QUERÉTARO,"2211",TAMPAÓN-ZONA DE SIERRA,49.000000,13.600000,1.773578,0.022259,0.000000,1.143502,2.939338,32.46066206000
181,"22",QUERETARO,"9",GOLFO NORTE,"2203",VALLE DE SAN JUAN DEL RIO,2031.38000000000,2203,IX GOLFO NORTE,QUERÉTARO,"2203",VALLE DE SAN JUAN DEL RÍO,277.900000,0.000000,329.403900,0.800000,0.060000,4.528801,334.792701,-56.89270117000
182,"20",OAXACA,"4",BALSAS,"2015",TAMAZULAPAN,1225.15000000000,2015,IV BALSAS,OAXACA,"2015",TAMAZULAPAN,16.000000,8.100000,4.515966,0.921305,0.000000,0.000000,5.437271,2.46272873000
183,"20",OAXACA,"4",BALSAS,"2017",JUXTLAHUACA,1945.50000000000,2017,IV BALSAS,OAXACA,"2017",JUXTLAHUACA,7.500000,3.300000,0.584376,1.678483,0.000000,0.000000,2.262859,1.93714138000
184,"20",OAXACA,"4",BALSAS,"2014",HUAJUAPAN DE LEON,2685.66000000000,2014,IV BALSAS,OAXACA,"2014",HUAJUAPAN DE LEÓN,16.700000,5.500000,6.191451,3.018716,0.252753,0.000000,9.462920,1.73708005000
185,"20",OAXACA,"5",PACIFICO SUR,"2025",VALLES CENTRALES,3769.40000000000,2025,V PACÍFICO SUR,OAXACA,"2025",VALLES CENTRALES,153.600000,18.400000,131.083056,0.243141,0.843550,0.000000,132.169747,3.03025265000
186,"20",OAXACA,"5",PACIFICO SUR,"2009",RIO VERDE-EJUTLA,612.61000000000,2009,V PACÍFICO SUR,OAXACA,"2009",RÍO VERDE-EJUTLA,10.500000,1.000000,5.284025,5.995383,0.000000,0.416600,11.696008,-2.19600807300
187,"20",OAXACA,"5",PACIFICO SUR,"2005",MIAHUATLAN,1153.92000000000,2005,V PACÍFICO SUR,OAXACA,"2005",MIAHUATLÁN,26.000000,1.000000,4.285487,3.703427,0.006333,1.089996,9.085243,15.91475724000
188,"20",OAXACA,"5",PACIFICO SUR,"2016",NOCHIXTLAN,1353.06000000000,2016,V PACÍFICO SUR,OAXACA,"2016",NOCHIXTLÁN,44.900000,31.500000,9.507403,2.768775,0.615500,0.000000,12.891679,0.50832130000
189,"20",OAXACA,"5",PACIFICO SUR,"2011",HUATULCO,2366.40000000000,2011,V PACÍFICO SUR,OAXACA,"2011",HUATULCO,17.600000,4.100000,9.097205,1.444910,0.519688,0.737762,11.799564,1.70043569800
190,"20",OAXACA,"5",PACIFICO SUR,"2021",MORRO-MAZATAN,921.09000000000,2021,V PACÍFICO SUR,OAXACA,"2021",MORRO-MAZATÁN,13.500000,10.500000,1.081090,0.407938,0.006719,0.102380,1.598127,1.40187324900
191,"20",OAXACA,"5",PACIFICO SUR,"2004",JAMILTEPEC,11991.90000000000,2004,V PACÍFICO SUR,OAXACA,"2004",JAMILTEPEC,89.500000,49.700000,13.905928,31.167113,0.000000,3.381626,48.454666,-8.65466586200
192,"20",OAXACA,"10",GOLFO CENTRO,"2010",TUXTEPEC,17562.72000000000,2010,X GOLFO CENTRO,OAXACA,"2010",TUXTEPEC,3469.400000,3294.500000,138.482226,0.005475,5.633900,0.000000,144.121602,30.77839842000
193,"20",OAXACA,"10",GOLFO CENTRO,"2012",CUICATLAN,7451.25000000000,2012,X GOLFO CENTRO,OAXACA,"2012",CUICATLÁN,34.400000,6.800000,3.164713,0.000000,0.014000,1.068978,4.247691,23.35230925000
194,"20",OAXACA,"10",GOLFO CENTRO,"2013",COATZACOALCOS,9650.54000000000,2013,X GOLFO CENTRO,OAXACA,"2013",COATZACOALCOS,258.300000,63.000000,3.450526,0.554483,0.000000,12.140000,16.145009,179.15499060000
195,"20",OAXACA,"5",PACIFICO SUR,"2018",PINOTEPA NACIONAL,2173.80000000000,2018,V PACÍFICO SUR,OAXACA,"2018",PINOTEPA NACIONAL,138.600000,60.600000,27.653676,28.286199,0.000000,1.426089,57.365964,20.63403607000
196,"20",OAXACA,"5",PACIFICO SUR,"2019",CHACAHUA,1128.84000000000,2019,V PACÍFICO SUR,OAXACA,"2019",CHACAHUA,132.700000,106.100000,10.011192,9.867917,0.425776,0.620758,20.925644,5.67435629400
197,"20",OAXACA,"5",PACIFICO SUR,"2020",SANTIAGO ASTATA,1803.53000000000,2020,V PACÍFICO SUR,OAXACA,"2020",SANTIAGO ASTATA,40.900000,25.200000,6.404673,0.717207,0.000000,0.114630,7.236511,8.46348907500
198,"20",OAXACA,"5",PACIFICO SUR,"2024",COLOTEPEC-TONAMECA,3217.14000000000,2024,V PACÍFICO SUR,OAXACA,"2024",COLOTEPEC-TONAMECA,71.200000,45.700000,4.841429,10.759740,0.056469,2.239987,17.897625,7.60237548100
199,"20",OAXACA,"5",PACIFICO SUR,"2008",OSTUTA,3785.15000000000,2008,V PACÍFICO SUR,OAXACA,"2008",OSTUTA,176.900000,135.000000,13.419215,24.387714,0.027240,0.628147,38.462316,3.43768409500
200,"20",OAXACA,"4",BALSAS,"2023",MARISCALA,2058.97000000000,2023,IV BALSAS,OAXACA,"2023",MARISCALA,4.700000,0.000000,0.879544,1.565504,0.000000,0.000000,2.445049,2.25495105000
201,"20",OAXACA,"5",PACIFICO SUR,"2007",TEHUANTEPEC,14014.97000000000,2007,V PACÍFICO SUR,OAXACA,"2007",TEHUANTEPEC,312.000000,188.100000,38.636500,21.183880,0.188093,44.794475,104.802948,19.09705212000
202,"20",OAXACA,"5",PACIFICO SUR,"2022",BAJOS DE CHILA,797.76000000000,2022,V PACÍFICO SUR,OAXACA,"2022",BAJOS DE CHILA,41.000000,25.800000,2.373434,1.500018,0.023070,0.286494,4.183017,11.01698347000
203,"19",NUEVO LEON,"6",RIO BRAVO,"1918",CAMPO JARITAS,393.52000000000,1918,VI RÍO BRAVO,NUEVO LEÓN,"1918",CAMPO JARITAS,2.900000,0.000000,0.000000,0.051061,0.106000,0.002599,0.159660,2.74033973200
204,"19",NUEVO LEON,"6",RIO BRAVO,"1913",CHINA-GENERAL BRAVO,2821.64000000000,1913,VI RÍO BRAVO,NUEVO LEÓN,"1913",CHINA-GENERAL BRAVO,23.800000,0.000000,9.896248,7.450730,0.605108,0.080619,18.032705,5.76729515800
205,"19",NUEVO LEON,"6",RIO BRAVO,"1920",CAMPO PAPAGAYOS,152.37000000000,1920,VI RÍO BRAVO,NUEVO LEÓN,"1920",CAMPO PAPAGAYOS,2.500000,0.000000,1.005432,0.239416,0.000000,0.000000,1.244848,1.25515151000
206,"19",NUEVO LEON,"6",RIO BRAVO,"1919",CAMPO CERRITOS,103.03000000000,1919,VI RÍO BRAVO,NUEVO LEÓN,"1919",CAMPO CERRITOS,2.200000,0.000000,1.897230,3.010929,0.000000,0.000000,4.908159,-2.70815885000
207,"19",NUEVO LEON,"6",RIO BRAVO,"1924",EL CARMEN-SALINAS-VICTORIA,3587.13000000000,1924,VI RÍO BRAVO,NUEVO LEÓN,"1924",EL CARMEN-SALINAS-VICTORIA,53.900000,6.200000,55.440115,30.650636,0.173291,0.610222,86.874265,-39.17426468000
208,"19",NUEVO LEON,"6",RIO BRAVO,"1910",CAMPO TOPO CHICO,24.57000000000,1910,VI RÍO BRAVO,NUEVO LEÓN,"1910",CAMPO TOPO CHICO,3.500000,0.000000,3.236663,0.000000,0.000000,0.000000,3.236663,0.26333700000
209,"19",NUEVO LEON,"6",RIO BRAVO,"1908",CAMPO MINA,845.26000000000,1908,VI RÍO BRAVO,NUEVO LEÓN,"1908",CAMPO MINA,24.000000,0.000000,30.760657,0.244803,0.000000,0.069426,31.074886,-7.07488625500
210,"19",NUEVO LEON,"6",RIO BRAVO,"1911",CAÑON DEL HUAJUCO,234.91000000000,1911,VI RÍO BRAVO,NUEVO LEÓN,"1911",CAÑÓN DEL HUAJUCO,26.800000,0.000000,28.686067,0.000000,0.026200,0.281615,28.993882,-2.19388152000
211,"19",NUEVO LEON,"6",RIO BRAVO,"1907",CAMPO BUENOS AIRES,916.45000000000,1907,VI RÍO BRAVO,NUEVO LEÓN,"1907",CAMPO BUENOS AIRES,57.000000,0.000000,62.830890,0.000000,0.000000,0.076869,62.907758,-5.90775827700
212,"19",NUEVO LEON,"6",RIO BRAVO,"1909",CAMPO DURAZNO,927.71000000000,1909,VI RÍO BRAVO,NUEVO LEÓN,"1909",CAMPO DURAZNO,9.700000,0.000000,9.118883,1.742427,0.000000,0.270580,11.131890,-1.43188990900
213,"19",NUEVO LEON,"6",RIO BRAVO,"1905",AGUALEGUAS-RAMONES,1766.60000000000,1905,VI RÍO BRAVO,NUEVO LEÓN,"1905",AGUALEGUAS-RAMONES,32.800000,0.000000,13.308020,13.922441,0.726000,0.016018,27.972480,4.82752038300
214,"19",NUEVO LEON,"6",RIO BRAVO,"1923",DOCTOR ARROYO,802.04000000000,1923,VI RÍO BRAVO,NUEVO LEÓN,"1923",DOCTOR ARROYO,14.100000,0.000000,1.013377,0.220752,0.000000,0.136240,1.370369,12.72963052000
215,"19",NUEVO LEON,"6",RIO BRAVO,"1921",EL PEÑUELO-SAN JOSE EL PALMAR,1083.09000000000,1921,VI RÍO BRAVO,NUEVO LEÓN,"1921",EL PEÑUELO-SAN JOSÉ EL PALMAR,8.800000,0.000000,0.140400,0.000000,0.000000,0.040550,0.180950,8.61905017600
216,"19",NUEVO LEON,"6",RIO BRAVO,"1922",SANTA RITA-CRUZ DE ELORZA,2297.68000000000,1922,VI RÍO BRAVO,NUEVO LEÓN,"1922",SANTA RITA-CRUZ DE ELORZA,31.100000,0.000000,0.448800,0.652211,0.000000,0.261176,1.362187,29.73781286000
217,"19",NUEVO LEON,"6",RIO BRAVO,"1906",AREA METROPOLITANA DE MONTERREY,905.21000000000,1906,VI RÍO BRAVO,NUEVO LEÓN,"1906",ÁREA METROPOLITANA DE MONTERREY,143.700000,45.800000,100.774497,7.076866,0.000550,2.433622,110.285534,-12.38553404000
218,"19",NUEVO LEON,"6",RIO BRAVO,"1912",CITRICOLA NORTE,5720.94000000000,1912,VI RÍO BRAVO,NUEVO LEÓN,"1912",CITRÍCOLA NORTE,336.700000,7.900000,242.305940,142.407092,0.000000,1.604001,386.317033,-57.51703277000
219,"19",NUEVO LEON,"6",RIO BRAVO,"1916",NAVIDAD-POTOSI-RAICES,4164.82000000000,1916,VI RÍO BRAVO,NUEVO LEÓN,"1916",NAVIDAD-POTOSÍ-RAÍCES,88.800000,0.000000,157.921530,0.000000,0.000000,0.548510,158.470040,-69.67004002000
220,"19",NUEVO LEON,"6",RIO BRAVO,"1914",CITRICOLA SUR,4172.21000000000,1914,VI RÍO BRAVO,NUEVO LEÓN,"1914",CITRÍCOLA SUR,75.100000,47.100000,67.098353,49.134045,0.000000,0.628540,116.860937,-88.86093738000
221,"19",NUEVO LEON,"6",RIO BRAVO,"1901",LAMPAZOS-VILLALDAMA,2082.96000000000,1901,VI RÍO BRAVO,NUEVO LEÓN,"1901",LAMPAZOS-VILLALDAMA,21.800000,8.000000,11.592650,12.586924,0.000000,0.028601,24.208176,-10.40817566000
222,"19",NUEVO LEON,"6",RIO BRAVO,"1903",LAMPAZOS-ANAHUAC,7461.08000000000,1903,VI RÍO BRAVO,NUEVO LEÓN,"1903",LAMPAZOS-ANÁHUAC,71.600000,18.000000,5.270074,5.010794,0.079115,0.037784,10.397767,43.20223309000
223,"19",NUEVO LEON,"6",RIO BRAVO,"1902",SABINAS-PARAS,4793.03000000000,1902,VI RÍO BRAVO,NUEVO LEÓN,"1902",SABINAS-PARÁS,46.000000,17.700000,55.888419,46.415672,0.000000,0.095455,102.399547,-74.09954692000
224,"19",NUEVO LEON,"6",RIO BRAVO,"1915",SOTO LA MARINA,2918.85000000000,1915,VI RÍO BRAVO,NUEVO LEÓN,"1915",SOTO LA MARINA,83.400000,73.100000,9.306009,0.198500,0.012600,0.405146,9.922255,0.37774497000
225,"19",NUEVO LEON,"6",RIO BRAVO,"1917",SANDIA-LA UNION,3022.51000000000,1917,VI RÍO BRAVO,NUEVO LEÓN,"1917",SANDIA-LA UNIÓN,25.800000,0.000000,26.682660,8.452642,0.000000,0.313964,35.449265,-9.64926528200
226,"18",NAYARIT,"8",LERMA-SANTIAGO-PACIFICO,"1804",VALLE DE MATATIPAC,526.39000000000,1804,VIII LERMA SANTIAGO PACÍFICO,NAYARIT,"1804",VALLE DE MATATIPAC,142.000000,28.200000,65.161439,0.000000,0.553344,0.000000,65.714783,48.08521670000
227,"18",NAYARIT,"8",LERMA-SANTIAGO-PACIFICO,"1811",ISLA MADRE (ISLAS MARIAS),221.09000000000,1811,VIII LERMA SANTIAGO PACÍFICO,NAYARIT,"1811",ÍSLA MADRE (ISLAS MARÍAS),3.500000,2.800000,0.000000,0.383615,0.000000,0.000000,0.383615,0.31638500000
228,"18",NAYARIT,"8",LERMA-SANTIAGO-PACIFICO,"1805",VALLE DE COMPOSTELA,666.94000000000,1805,VIII LERMA SANTIAGO PACÍFICO,NAYARIT,"1805",VALLE DE COMPOSTELA,33.900000,3.400000,37.336231,2.192204,0.679508,0.121915,40.329858,-9.82985836400
229,"18",NAYARIT,"8",LERMA-SANTIAGO-PACIFICO,"1812",VALLE DE SANTA MARIA DEL ORO,477.67000000000,1812,VIII LERMA SANTIAGO PACÍFICO,NAYARIT,"1812",VALLE DE SANTA MARÍA DEL ORO,18.800000,8.700000,8.830007,0.000000,0.377619,0.000000,9.207626,0.89237366000
230,"18",NAYARIT,"8",LERMA-SANTIAGO-PACIFICO,"1810",VALLE AMATLAN DE CAÑAS,581.30000000000,1810,VIII LERMA SANTIAGO PACÍFICO,NAYARIT,"1810",VALLE AMATLÁN DE CAÑAS,22.800000,11.600000,5.985395,4.198413,0.206000,0.019080,10.408888,0.79111168400
231,"18",NAYARIT,"8",LERMA-SANTIAGO-PACIFICO,"1803",VALLE SANTIAGO-SAN BLAS,13789.69000000000,1803,VIII LERMA SANTIAGO PACÍFICO,NAYARIT,"1803",VALLE SANTIAGO-SAN BLAS,571.400000,510.400000,41.189034,3.350167,3.248379,0.000000,47.787580,13.21241965000
232,"18",NAYARIT,"8",LERMA-SANTIAGO-PACIFICO,"1807",VALLE DE BANDERAS,1178.84000000000,1807,VIII LERMA SANTIAGO PACÍFICO,NAYARIT,"1807",VALLE DE BANDERAS,86.500000,17.000000,55.443561,0.000000,6.071701,0.345247,61.860509,7.63949125000
233,"18",NAYARIT,"8",LERMA-SANTIAGO-PACIFICO,"1809",VALLE IXTLAN-AHUACATLAN,1355.04000000000,1809,VIII LERMA SANTIAGO PACÍFICO,NAYARIT,"1809",VALLE IXTLÁN-AHUACATLÁN,68.800000,43.100000,39.371564,7.639555,0.687142,0.238588,47.936849,-22.23684935000
234,"18",NAYARIT,"3",PACIFICO NORTE,"1801",VALLE ACAPONETA-CAÑAS,9846.81000000000,1801,III PACÍFICO NORTE,NAYARIT,"1801",VALLE ACAPONETA-CAÑAS,30.000000,10.000000,22.916741,2.903799,0.748227,1.284427,27.853193,-7.85319340500
235,"18",NAYARIT,"3",PACIFICO NORTE,"1802",SAN PEDRO-TUXPAN,9032.07000000000,1802,III PACÍFICO NORTE,NAYARIT,"1802",SAN PEDRO-TUXPAN,167.500000,131.500000,30.129381,1.210676,0.776712,0.000000,32.116769,3.88323111000
236,"18",NAYARIT,"8",LERMA-SANTIAGO-PACIFICO,"1806",ZACUALPAN-LAS VARAS,1363.01000000000,1806,VIII LERMA SANTIAGO PACÍFICO,NAYARIT,"1806",ZACUALPAN-LAS VARAS,73.000000,38.500000,25.724281,0.000000,0.368487,0.349620,26.442388,8.05761218600
237,"18",NAYARIT,"8",LERMA-SANTIAGO-PACIFICO,"1808",PUNTA DE MITA,58.38000000000,1808,VIII LERMA SANTIAGO PACÍFICO,NAYARIT,"1808",PUNTA DE MITA,4.300000,0.000000,3.489126,0.000000,0.007884,0.012906,3.509915,0.79008488700
238,"17",MORELOS,"4",BALSAS,"1701",CUERNAVACA,819.60000000000,1701,IV BALSAS,MORELOS,"1701",CUERNAVACA,344.200000,125.100000,198.876216,0.000000,0.985270,0.000000,199.861486,19.23851438000
239,"17",MORELOS,"4",BALSAS,"1702",CUAUTLA-YAUTEPEC,2557.91000000000,1702,IV BALSAS,MORELOS,"1702",CUAUTLA-YAUTEPEC,348.600000,256.000000,91.173417,0.000000,2.132496,0.000000,93.305913,-0.70591346000
240,"17",MORELOS,"4",BALSAS,"1703",ZACATEPEC,1279.30000000000,1703,IV BALSAS,MORELOS,"1703",ZACATEPEC,85.300000,17.000000,58.285685,0.000000,0.958461,0.000000,59.244146,9.05585396000
241,"17",MORELOS,"4",BALSAS,"1704",TEPALCINGO-AXOCHIAPAN,671.01000000000,1704,IV BALSAS,MORELOS,"1704",TEPALCINGO-AXOCHIAPAN,47.400000,9.500000,37.372624,0.000000,0.000000,0.000000,37.372624,0.52737571000
242,"16",MICHOACAN,"4",BALSAS,"1614",URUAPAN,1529.93000000000,1614,IV BALSAS,MICHOACÁN,"1614",URUAPAN,97.300000,29.500000,30.325663,0.000000,2.011865,0.000000,32.337528,35.46247218000
243,"16",MICHOACAN,"4",BALSAS,"1616",NUEVA ITALIA,2433.58000000000,1616,IV BALSAS,MICHOACÁN,"1616",NUEVA ITALIA,99.200000,0.300000,23.873424,0.000000,1.015015,0.000000,24.888439,74.01156098000
244,"16",MICHOACAN,"4",BALSAS,"1615",LA HUACANA,1701.96000000000,1615,IV BALSAS,MICHOACÁN,"1615",LA HUACANA,38.100000,28.800000,8.369593,0.000000,0.316565,0.000000,8.686157,0.61384298000
245,"16",MICHOACAN,"8",LERMA-SANTIAGO-PACIFICO,"1608",ZAMORA,2827.85000000000,1608,VIII LERMA SANTIAGO PACÍFICO,MICHOACÁN,"1608",ZAMORA,308.500000,180.200000,142.048892,0.000000,0.186000,1.976091,144.210982,-15.91098246000
246,"16",MICHOACAN,"4",BALSAS,"1618",PLAYA AZUL,2360.82000000000,1618,IV BALSAS,MICHOACÁN,"1618",PLAYA AZUL,34.100000,19.600000,6.308231,0.000000,0.029456,0.386352,6.724039,7.77596089400
247,"16",MICHOACAN,"8",LERMA-SANTIAGO-PACIFICO,"1606",ZACAPU,1228.01000000000,1606,VIII LERMA SANTIAGO PACÍFICO,MICHOACÁN,"1606",ZACAPU,189.500000,125.400000,32.665356,0.000000,3.964813,0.649355,37.279524,26.82047574000
248,"16",MICHOACAN,"8",LERMA-SANTIAGO-PACIFICO,"1604",LAGUNILLAS PATZCUARO,1149.41000000000,1604,VIII LERMA SANTIAGO PACÍFICO,MICHOACÁN,"1604",LAGUNILLAS PÁTZCUARO,41.300000,28.700000,13.640530,0.000000,0.000000,1.430141,15.070671,-2.47067058800
249,"16",MICHOACAN,"8",LERMA-SANTIAGO-PACIFICO,"1623",LA PIEDAD,877.29000000000,1623,VIII LERMA SANTIAGO PACÍFICO,MICHOACÁN,"1623",LA PIEDAD,68.500000,0.100000,53.621363,0.000000,0.599425,0.683060,54.903848,13.49615186000
250,"16",MICHOACAN,"4",BALSAS,"1613",CHURUMUCO,1810.06000000000,1613,IV BALSAS,MICHOACÁN,"1613",CHURUMUCO,42.300000,35.600000,0.803047,0.000000,0.018524,0.000000,0.821571,5.87842918000
251,"16",MICHOACAN,"4",BALSAS,"1611",TACAMBARO-TURICATO,5456.03000000000,1611,IV BALSAS,MICHOACÁN,"1611",TACÁMBARO-TURICATO,227.500000,184.300000,11.476822,0.000000,4.172961,0.000000,15.649783,27.55021749000
252,"16",MICHOACAN,"8",LERMA-SANTIAGO-PACIFICO,"1601",MARAVATIO-CONTEPEC-E. HUERTA,2082.68000000000,1601,VIII LERMA SANTIAGO PACÍFICO,MICHOACÁN,"1601",MARAVATÍO-CONTEPEC-E. HUERTA,182.200000,95.300000,82.917102,0.000000,0.296392,2.682268,85.895762,1.00423777800
253,"16",MICHOACAN,"4",BALSAS,"1622",COTIJA,2198.42000000000,1622,IV BALSAS,MICHOACÁN,"1622",COTIJA,134.800000,92.700000,43.510809,0.000000,0.060000,0.000000,43.570809,-1.47080885000
254,"16",MICHOACAN,"8",LERMA-SANTIAGO-PACIFICO,"1609",BRISEÑAS-YURECUARO,554.02000000000,1609,VIII LERMA SANTIAGO PACÍFICO,MICHOACÁN,"1609",BRISEÑAS-YURÉCUARO,114.000000,2.000000,129.534679,0.000000,0.000000,0.174174,129.708853,-17.70885289000
255,"16",MICHOACAN,"4",BALSAS,"1612",HUETAMO,5881.76000000000,1612,IV BALSAS,MICHOACÁN,"1612",HUETAMO,219.800000,197.400000,18.926923,0.000000,1.411546,0.000000,20.338469,2.06153146000
256,"16",MICHOACAN,"4",BALSAS,"1617",LAZARO CARDENAS,3689.27000000000,1617,IV BALSAS,MICHOACÁN,"1617",LÁZARO CÁRDENAS,38.100000,19.500000,16.646358,0.000000,0.096455,0.000000,16.742813,1.85718684000
257,"16",MICHOACAN,"8",LERMA-SANTIAGO-PACIFICO,"1621",COAHUAYANA,1378.44000000000,1621,VIII LERMA SANTIAGO PACÍFICO,MICHOACÁN,"1621",COAHUAYANA,70.200000,40.700000,24.566584,0.000000,0.364190,0.088965,25.019738,4.48026171200
258,"16",MICHOACAN,"4",BALSAS,"1620",APATZINGAN,5656.09000000000,1620,IV BALSAS,MICHOACÁN,"1620",APATZINGÁN,494.400000,94.700000,280.649651,0.000000,39.007451,0.000000,319.657102,80.04289810000
259,"16",MICHOACAN,"8",LERMA-SANTIAGO-PACIFICO,"1607",CIENEGA DE CHAPALA,1589.61000000000,1607,VIII LERMA SANTIAGO PACÍFICO,MICHOACÁN,"1607",CIENÉGA DE CHAPALA,126.000000,27.800000,102.113679,0.000000,0.000000,0.397919,102.511598,-4.31159786600
260,"16",MICHOACAN,"8",LERMA-SANTIAGO-PACIFICO,"1605",PASTOR ORTIZ-LA PIEDAD,1780.74000000000,1605,VIII LERMA SANTIAGO PACÍFICO,MICHOACÁN,"1605",PASTOR ORTÍZ-LA PIEDAD,28.700000,0.100000,115.300328,0.000000,0.000000,1.289124,116.589452,-87.98945225000
261,"16",MICHOACAN,"8",LERMA-SANTIAGO-PACIFICO,"1602",MORELIA-QUERENDARO,3509.69000000000,1602,VIII LERMA SANTIAGO PACÍFICO,MICHOACÁN,"1602",MORELIA-QUERÉNDARO,286.600000,127.800000,192.726283,0.000000,0.000000,5.971313,198.697596,-39.89759646000
262,"16",MICHOACAN,"4",BALSAS,"1610",CIUDAD HIDALGO-TUXPAN,2099.76000000000,1610,IV BALSAS,MICHOACÁN,"1610",CIUDAD HIDALGO-TUXPAN,60.500000,41.300000,26.551780,0.000000,0.112550,0.000000,26.664330,-7.46433031000
263,"16",MICHOACAN,"8",LERMA-SANTIAGO-PACIFICO,"1619",OSTULA,6574.15000000000,1619,VIII LERMA SANTIAGO PACÍFICO,MICHOACÁN,"1619",OSTULA,7.400000,2.900000,5.039633,0.000000,0.000000,0.580277,5.619910,-1.11990962500
264,"15",MEXICO,"4",BALSAS,"1509",TEMASCALTEPEC,1403.77000000000,1509,IV BALSAS,ESTADO DE MÉXICO,"1509",TEMASCALTEPEC,100.800000,94.600000,1.372416,0.000000,0.241296,0.000000,1.613712,4.58628800000
265,"15",MEXICO,"13",VALLE DE MEXICO,"1507",TEXCOCO,933.57000000000,1507,XIII AGUAS DEL VALLE DE MÉXICO,ESTADO DE MÉXICO,"1507",TEXCOCO,145.100000,10.400000,273.404707,0.000000,0.000000,11.100417,284.505124,-149.80512370000
266,"15",MEXICO,"13",VALLE DE MEXICO,"1506",CHALCO-AMECAMECA,946.49000000000,1506,XIII AGUAS DEL VALLE DE MÉXICO,ESTADO DE MÉXICO,"1506",CHALCO-AMECAMECA,74.000000,0.000000,102.570449,0.000000,0.240103,7.182987,109.993539,-35.99353855000
267,"15",MEXICO,"9",GOLFO NORTE,"1503",POLOTITLAN,1322.81000000000,1503,IX GOLFO NORTE,ESTADO DE MÉXICO,"1503",POLOTITLÁN,47.600000,36.200000,10.940261,0.000000,1.443643,2.859714,15.243618,-3.84361753600
268,"15",MEXICO,"4",BALSAS,"1504",TENANCINGO,2292.61000000000,1504,IV BALSAS,ESTADO DE MÉXICO,"1504",TENANCINGO,128.300000,112.900000,18.834434,0.000000,2.494700,0.000000,21.329134,-5.92913380000
269,"14",JALISCO,"8",LERMA-SANTIAGO-PACIFICO,"1401",ATEMAJAC,733.32000000000,1401,VIII LERMA SANTIAGO PACÍFICO,JALISCO,"1401",ATEMAJAC,147.300000,25.700000,133.368504,0.000000,0.910906,0.000000,134.279410,-12.67941039000
270,"14",JALISCO,"8",LERMA-SANTIAGO-PACIFICO,"1402",TOLUQUILLA,632.14000000000,1402,VIII LERMA SANTIAGO PACÍFICO,JALISCO,"1402",TOLUQUILLA,49.100000,2.400000,122.074955,0.000000,0.238558,0.000000,122.313513,-75.61351276000
271,"14",JALISCO,"8",LERMA-SANTIAGO-PACIFICO,"1403",CAJITITLAN,565.88000000000,1403,VIII LERMA SANTIAGO PACÍFICO,JALISCO,"1403",CAJITITLÁN,47.600000,0.500000,61.838466,0.000000,2.206771,0.000000,64.045238,-16.94523768000
272,"14",JALISCO,"8",LERMA-SANTIAGO-PACIFICO,"1450",SAN ISIDRO,380.58000000000,1450,VIII LERMA SANTIAGO PACÍFICO,JALISCO,"1450",SAN ISIDRO,64.200000,19.600000,46.256785,0.000000,1.115593,0.178411,47.550790,-2.95078970600
273,"14",JALISCO,"8",LERMA-SANTIAGO-PACIFICO,"1451",HUEJOTITLAN,123.11000000000,1451,VIII LERMA SANTIAGO PACÍFICO,JALISCO,"1451",HUEJOTITLÁN,9.600000,0.000000,9.247681,0.000000,0.209827,0.029919,9.487427,0.11257295400
274,"14",JALISCO,"8",LERMA-SANTIAGO-PACIFICO,"1404",PONCITLAN,554.64000000000,1404,VIII LERMA SANTIAGO PACÍFICO,JALISCO,"1404",PONCITLÁN,33.800000,4.400000,32.918966,0.000000,0.001715,0.000000,32.920681,-3.52068100000
275,"14",JALISCO,"8",LERMA-SANTIAGO-PACIFICO,"1446",CUQUIO,923.00000000000,1446,VIII LERMA SANTIAGO PACÍFICO,JALISCO,"1446",CUQUÍO,12.500000,2.100000,12.343350,0.000000,0.212875,0.000000,12.556225,-2.15622513000
276,"14",JALISCO,"8",LERMA-SANTIAGO-PACIFICO,"1428",CHAPALA,352.82000000000,1428,VIII LERMA SANTIAGO PACÍFICO,JALISCO,"1428",CHAPALA,65.600000,23.200000,38.488082,0.000000,0.752837,0.296948,39.537867,2.86213307700
277,"14",JALISCO,"8",LERMA-SANTIAGO-PACIFICO,"1436",ARENAL,847.51000000000,1436,VIII LERMA SANTIAGO PACÍFICO,JALISCO,"1436",ARENAL,22.500000,1.900000,29.033274,0.000000,0.234000,0.000000,29.267274,-8.66727350000
278,"14",JALISCO,"8",LERMA-SANTIAGO-PACIFICO,"1416",VALLE DE GUADALUPE,980.17000000000,1416,VIII LERMA SANTIAGO PACÍFICO,JALISCO,"1416",VALLE DE GUADALUPE,31.600000,1.700000,33.615620,0.000000,0.405794,0.000000,34.021414,-4.12141420000
279,"14",JALISCO,"8",LERMA-SANTIAGO-PACIFICO,"1415",JALOSTOTITLAN,1232.10000000000,1415,VIII LERMA SANTIAGO PACÍFICO,JALISCO,"1415",JALOSTOTITLÁN,80.800000,21.800000,69.542920,0.000000,0.694753,0.000000,70.237673,-11.23767300000
280,"14",JALISCO,"8",LERMA-SANTIAGO-PACIFICO,"1449",LAGUNAS,2041.77000000000,1449,VIII LERMA SANTIAGO PACÍFICO,JALISCO,"1449",LAGUNAS,178.700000,3.000000,170.102093,0.000000,7.759136,0.187995,178.049224,-2.34922412000
281,"14",JALISCO,"8",LERMA-SANTIAGO-PACIFICO,"1452",UNION DE GUADALUPE,140.14000000000,1452,VIII LERMA SANTIAGO PACÍFICO,JALISCO,"1452",UNIÓN DE GUADALUPE,2.400000,0.100000,11.832841,0.000000,0.034702,0.011622,11.879165,-9.57916538600
282,"14",JALISCO,"8",LERMA-SANTIAGO-PACIFICO,"1421",TAPALPA,255.55000000000,1421,VIII LERMA SANTIAGO PACÍFICO,JALISCO,"1421",TAPALPA,12.500000,1.700000,10.977388,0.000000,0.635219,0.125737,11.738344,-0.93834378100
283,"14",JALISCO,"8",LERMA-SANTIAGO-PACIFICO,"1419",TECOLOTLAN,494.99000000000,1419,VIII LERMA SANTIAGO PACÍFICO,JALISCO,"1419",TECOLOTLÁN,20.800000,3.500000,14.354392,0.000000,1.188527,0.020133,15.563052,1.73694828000
284,"14",JALISCO,"8",LERMA-SANTIAGO-PACIFICO,"1405",OCOTLAN,2080.37000000000,1405,VIII LERMA SANTIAGO PACÍFICO,JALISCO,"1405",OCOTLÁN,85.600000,8.300000,89.457769,0.000000,0.254978,1.208925,90.921672,-13.62167234000
285,"14",JALISCO,"8",LERMA-SANTIAGO-PACIFICO,"1443",MARAVILLA,433.16000000000,1443,VIII LERMA SANTIAGO PACÍFICO,JALISCO,"1443",MARAVILLA,25.100000,21.200000,1.126212,0.000000,1.020000,0.000000,2.146212,1.75378800000
286,"14",JALISCO,"8",LERMA-SANTIAGO-PACIFICO,"1442",MASCOTA,1293.37000000000,1442,VIII LERMA SANTIAGO PACÍFICO,JALISCO,"1442",MASCOTA,78.900000,58.700000,9.076255,0.000000,0.350475,0.000000,9.426730,10.77327000000
287,"14",JALISCO,"8",LERMA-SANTIAGO-PACIFICO,"1426",SANTA MARIA,1295.60000000000,1426,VIII LERMA SANTIAGO PACÍFICO,JALISCO,"1426",SANTA MARÍA,24.200000,18.300000,2.129223,0.000000,1.138297,0.056508,3.324028,2.57597194700
288,"14",JALISCO,"8",LERMA-SANTIAGO-PACIFICO,"1430",LA HUERTA,1518.51000000000,1430,VIII LERMA SANTIAGO PACÍFICO,JALISCO,"1430",LA HUERTA,64.500000,8.100000,60.004761,0.000000,1.317604,0.058690,61.381055,-4.98105493600
289,"14",JALISCO,"8",LERMA-SANTIAGO-PACIFICO,"1435",AMATITAN,245.87000000000,1435,VIII LERMA SANTIAGO PACÍFICO,JALISCO,"1435",AMATITÁN,16.000000,7.800000,9.505643,0.000000,0.055349,0.000000,9.560992,-1.36099200000
290,"14",JALISCO,"8",LERMA-SANTIAGO-PACIFICO,"1420",JIQUILPAN,162.21000000000,1420,VIII LERMA SANTIAGO PACÍFICO,JALISCO,"1420",JIQUILPAN,6.200000,0.500000,7.157262,0.000000,0.093631,0.016562,7.267455,-1.56745478700
291,"14",JALISCO,"8",LERMA-SANTIAGO-PACIFICO,"1418",UNION DE TULA,2279.98000000000,1418,VIII LERMA SANTIAGO PACÍFICO,JALISCO,"1418",UNIÓN DE TULA,105.800000,84.300000,17.942401,0.000000,1.233834,0.115632,19.291867,2.20813275100
292,"14",JALISCO,"8",LERMA-SANTIAGO-PACIFICO,"1411",EL MUERTO,87.43000000000,1411,VIII LERMA SANTIAGO PACÍFICO,JALISCO,"1411",EL MUERTO,3.200000,0.000000,3.243875,0.000000,0.005089,0.000000,3.248964,-0.04896400000
293,"14",JALISCO,"8",LERMA-SANTIAGO-PACIFICO,"1407",AGUACATE,347.52000000000,1407,VIII LERMA SANTIAGO PACÍFICO,JALISCO,"1407",AGUACATE,14.500000,2.700000,15.612314,0.000000,1.278400,0.009770,16.900484,-5.10048407000
294,"14",JALISCO,"8",LERMA-SANTIAGO-PACIFICO,"1413",ALTOS DE JALISCO,1505.84000000000,1413,VIII LERMA SANTIAGO PACÍFICO,JALISCO,"1413",ALTOS DE JALISCO,62.300000,0.600000,75.357016,0.000000,0.442546,0.000000,75.799562,-14.09956235000
295,"14",JALISCO,"8",LERMA-SANTIAGO-PACIFICO,"1414",TEPATITLAN,450.22000000000,1414,VIII LERMA SANTIAGO PACÍFICO,JALISCO,"1414",TEPATITLÁN,41.100000,0.200000,40.171134,0.000000,1.326356,0.000000,41.497490,-0.59749010000
296,"14",JALISCO,"8",LERMA-SANTIAGO-PACIFICO,"1433",CIHUATLAN,460.90000000000,1433,VIII LERMA SANTIAGO PACÍFICO,JALISCO,"1433",CIHUATLÁN,46.800000,9.400000,39.122730,0.000000,0.689198,0.142186,39.954114,-2.55411384200
297,"14",JALISCO,"8",LERMA-SANTIAGO-PACIFICO,"1417",AUTLAN,4669.10000000000,1417,VIII LERMA SANTIAGO PACÍFICO,JALISCO,"1417",AUTLÁN,76.000000,0.000000,82.151481,0.000000,2.061964,0.486820,84.700265,-8.70026494400
298,"14",JALISCO,"8",LERMA-SANTIAGO-PACIFICO,"1406",CIUDAD GUZMAN,3480.49000000000,1406,VIII LERMA SANTIAGO PACÍFICO,JALISCO,"1406",CIUDAD GUZMÁN,266.100000,16.000000,276.200094,0.000000,4.444847,0.495813,281.140755,-31.04075502000
299,"14",JALISCO,"8",LERMA-SANTIAGO-PACIFICO,"1441",BARRERAS,1252.71000000000,1441,VIII LERMA SANTIAGO PACÍFICO,JALISCO,"1441",BARRERAS,39.800000,33.900000,1.207159,0.000000,0.324461,0.000000,1.531620,4.36838000000
300,"14",JALISCO,"4",BALSAS,"1438",COLOMOS,3293.81000000000,1438,IV BALSAS,JALISCO,"1438",COLOMOS,59.900000,38.600000,18.063934,0.000000,0.630000,0.000000,18.693934,2.60606600000
301,"14",JALISCO,"8",LERMA-SANTIAGO-PACIFICO,"1408",LA BARCA,1170.00000000000,1408,VIII LERMA SANTIAGO PACÍFICO,JALISCO,"1408",LA BARCA,67.000000,2.800000,102.502191,0.000000,0.461664,0.631929,103.595784,-39.39578440000
302,"14",JALISCO,"8",LERMA-SANTIAGO-PACIFICO,"1459",JESUS MARIA,737.08000000000,1459,VIII LERMA SANTIAGO PACÍFICO,JALISCO,"1459",JESÚS MARÍA,22.500000,6.100000,34.435758,0.000000,0.976189,0.273120,35.685067,-19.28506734000
303,"14",JALISCO,"8",LERMA-SANTIAGO-PACIFICO,"1445",SAN JOSE DE LAS PILAS,460.10000000000,1445,VIII LERMA SANTIAGO PACÍFICO,JALISCO,"1445",SAN JOSÉ DE LAS PILAS,19.800000,6.300000,14.448573,0.000000,0.570405,0.047535,15.066512,-1.56651209800
304,"14",JALISCO,"8",LERMA-SANTIAGO-PACIFICO,"1444",SAN DIEGO DE ALEJANDRIA,872.34000000000,1444,VIII LERMA SANTIAGO PACÍFICO,JALISCO,"1444",SAN DIEGO DE ALEJANDRÍA,36.500000,0.000000,44.919189,0.000000,0.996912,0.190695,46.106796,-9.60679577900
305,"14",JALISCO,"8",LERMA-SANTIAGO-PACIFICO,"1410",LAGOS DE MORENO,2955.66000000000,1410,VIII LERMA SANTIAGO PACÍFICO,JALISCO,"1410",LAGOS DE MORENO,196.000000,0.000000,219.111489,0.000000,5.136870,0.000000,224.248359,-28.24835878000
306,"14",JALISCO,"8",LERMA-SANTIAGO-PACIFICO,"1412",20 DE NOVIEMBRE,374.93000000000,1412,VIII LERMA SANTIAGO PACÍFICO,JALISCO,"1412",20 DE NOVIEMBRE,39.300000,11.500000,6.148169,0.000000,0.368784,0.000000,6.516953,21.28304675000
307,"14",JALISCO,"8",LERMA-SANTIAGO-PACIFICO,"1448",OJUELOS,287.02000000000,1448,VIII LERMA SANTIAGO PACÍFICO,JALISCO,"1448",OJUELOS,9.400000,0.000000,8.417889,0.000000,0.140000,0.051346,8.609235,0.79076529700
308,"14",JALISCO,"8",LERMA-SANTIAGO-PACIFICO,"1423",PRIMO VERDAD,512.73000000000,1423,VIII LERMA SANTIAGO PACÍFICO,JALISCO,"1423",PRIMO VERDAD,24.700000,7.000000,9.217359,0.000000,0.505511,0.000000,9.722870,7.97713000000
309,"14",JALISCO,"8",LERMA-SANTIAGO-PACIFICO,"1447",YAHUALICA,943.91000000000,1447,VIII LERMA SANTIAGO PACÍFICO,JALISCO,"1447",YAHUALICA,26.000000,9.000000,16.193301,0.000000,0.788000,0.000000,16.981301,0.01869890000
310,"14",JALISCO,"8",LERMA-SANTIAGO-PACIFICO,"1434",NORTE DE JALISCO,3553.95000000000,1434,VIII LERMA SANTIAGO PACÍFICO,JALISCO,"1434",NORTE DE JALISCO,96.800000,89.700000,2.736018,0.000000,0.178417,0.000000,2.914435,4.18556500000
311,"14",JALISCO,"8",LERMA-SANTIAGO-PACIFICO,"1458",MIXTLAN,3159.77000000000,1458,VIII LERMA SANTIAGO PACÍFICO,JALISCO,"1458",MIXTLÁN,150.700000,137.700000,10.798948,0.000000,0.654942,0.121375,11.575265,1.42473540400
312,"14",JALISCO,"8",LERMA-SANTIAGO-PACIFICO,"1409",AMECA,3743.67000000000,1409,VIII LERMA SANTIAGO PACÍFICO,JALISCO,"1409",AMECA,277.300000,20.900000,289.405981,0.000000,11.424438,0.000000,300.830419,-44.43041934000
313,"14",JALISCO,"8",LERMA-SANTIAGO-PACIFICO,"1437",TEQUILA,960.50000000000,1437,VIII LERMA SANTIAGO PACÍFICO,JALISCO,"1437",TEQUILA,15.600000,6.900000,16.039097,0.000000,0.573331,0.000000,16.612428,-7.91242800000
314,"14",JALISCO,"8",LERMA-SANTIAGO-PACIFICO,"1457",COLOTLAN,1064.34000000000,1457,VIII LERMA SANTIAGO PACÍFICO,JALISCO,"1457",COLOTLÁN,10.100000,0.000000,9.852396,0.000000,0.541518,0.000000,10.393914,-0.29391380000
315,"14",JALISCO,"8",LERMA-SANTIAGO-PACIFICO,"1456",SAN MARTIN DE BOLAÑOS,4156.84000000000,1456,VIII LERMA SANTIAGO PACÍFICO,JALISCO,"1456",SAN MARTÍN DE BOLAÑOS,138.400000,130.000000,5.972258,0.052560,1.279800,0.000000,7.304618,1.09538175000
316,"14",JALISCO,"8",LERMA-SANTIAGO-PACIFICO,"1429",TIZAPAN,423.17000000000,1429,VIII LERMA SANTIAGO PACÍFICO,JALISCO,"1429",TIZAPÁN,25.800000,12.000000,13.392689,0.000000,0.874523,0.050501,14.317713,-0.51771269000
317,"14",JALISCO,"8",LERMA-SANTIAGO-PACIFICO,"1440",VALLE DE JUAREZ,82.95000000000,1440,VIII LERMA SANTIAGO PACÍFICO,JALISCO,"1440",VALLE DE JUÁREZ,4.400000,0.000000,3.909176,0.000000,0.233987,0.000000,4.143163,0.25683700000
318,"14",JALISCO,"4",BALSAS,"1439",QUITUPAN,308.37000000000,1439,IV BALSAS,JALISCO,"1439",QUITUPÁN,11.600000,3.400000,2.878913,0.000000,0.418116,0.000000,3.297029,4.90297051000
319,"14",JALISCO,"8",LERMA-SANTIAGO-PACIFICO,"1431",CUAUTITLAN,1330.68000000000,1431,VIII LERMA SANTIAGO PACÍFICO,JALISCO,"1431",CUAUTITLÁN,29.300000,16.100000,9.244137,0.000000,0.151872,0.121524,9.517533,3.68246701900
320,"14",JALISCO,"8",LERMA-SANTIAGO-PACIFICO,"1432",MIGUEL HIDALGO,1309.38000000000,1432,VIII LERMA SANTIAGO PACÍFICO,JALISCO,"1432",MIGUEL HIDALGO,46.100000,8.700000,19.920323,0.000000,1.186015,0.111890,21.218227,16.18177261000
321,"14",JALISCO,"8",LERMA-SANTIAGO-PACIFICO,"1424",TOMATLAN,4546.82000000000,1424,VIII LERMA SANTIAGO PACÍFICO,JALISCO,"1424",TOMATLÁN,124.000000,85.300000,33.162854,0.000000,3.224400,0.377410,36.764664,1.93533593700
322,"14",JALISCO,"8",LERMA-SANTIAGO-PACIFICO,"1425",VISTA DEL MAR,1441.74000000000,1425,VIII LERMA SANTIAGO PACÍFICO,JALISCO,"1425",VISTA DEL MAR,6.800000,4.200000,2.059766,0.000000,0.025044,0.140890,2.225700,0.37430043000
323,"14",JALISCO,"8",LERMA-SANTIAGO-PACIFICO,"1427",PUERTO VALLARTA,1814.45000000000,1427,VIII LERMA SANTIAGO PACÍFICO,JALISCO,"1427",PUERTO VALLARTA,86.500000,17.000000,70.734820,0.000000,3.368887,0.491575,74.595282,-5.09528213600
324,"14",JALISCO,"8",LERMA-SANTIAGO-PACIFICO,"1453",LOS PUENTES,437.42000000000,1453,VIII LERMA SANTIAGO PACÍFICO,JALISCO,"1453",LOS PUENTES,18.300000,13.600000,5.440516,0.000000,0.915359,0.000000,6.355875,-1.65587500000
325,"14",JALISCO,"8",LERMA-SANTIAGO-PACIFICO,"1455",MEZQUITIC,1536.36000000000,1455,VIII LERMA SANTIAGO PACÍFICO,JALISCO,"1455",MEZQUITIC,45.200000,37.400000,4.283512,0.000000,0.000000,0.000000,4.283512,3.51648800000
326,"14",JALISCO,"8",LERMA-SANTIAGO-PACIFICO,"1454",VILLA GUERRERO,1024.14000000000,1454,VIII LERMA SANTIAGO PACÍFICO,JALISCO,"1454",VILLA GUERRERO,36.900000,25.900000,2.411484,0.000000,0.328974,0.000000,2.740458,8.25954200000
327,"14",JALISCO,"8",LERMA-SANTIAGO-PACIFICO,"1422",ENCARNACION,3534.82000000000,1422,VIII LERMA SANTIAGO PACÍFICO,JALISCO,"1422",ENCARNACIÓN,63.300000,0.000000,124.220637,0.000000,1.027171,0.000000,125.247808,-61.94780809000
328,"13",HIDALGO,"13",VALLE DE MEXICO,"1308",EL ASTILLERO,105.85000000000,1308,XIII AGUAS DEL VALLE DE MÉXICO,HIDALGO,"1308",EL ASTILLERO,3.100000,0.000000,0.038982,0.662091,0.000000,0.023124,0.724197,2.37580330900
329,"13",HIDALGO,"13",VALLE DE MEXICO,"1312",IXMIQUILPAN,885.29000000000,1312,XIII AGUAS DEL VALLE DE MÉXICO,HIDALGO,"1312",IXMIQUILPAN,150.100000,124.600000,4.270279,1.944673,3.756904,2.818694,12.790550,12.70944965000
330,"13",HIDALGO,"9",GOLFO NORTE,"1317",VALLE DE TULANCINGO,1054.34000000000,1317,IX GOLFO NORTE,HIDALGO,"1317",VALLE DE TULANCINGO,103.000000,49.400000,60.478054,13.587267,0.030000,2.096481,76.191802,-22.59180237000
331,"13",HIDALGO,"9",GOLFO NORTE,"1315",HUASCA-ZOQUITAL,467.45000000000,1315,IX GOLFO NORTE,HIDALGO,"1315",HUASCA-ZOQUITAL,52.100000,36.900000,6.788029,0.602042,2.970602,0.375592,10.736265,4.46373519600
332,"13",HIDALGO,"9",GOLFO NORTE,"1321",AMAJAC,1410.72000000000,1321,IX GOLFO NORTE,HIDALGO,"1321",AMAJAC,166.000000,161.800000,3.192158,0.062867,0.017301,0.625595,3.897922,0.30207839200
333,"13",HIDALGO,"9",GOLFO NORTE,"1301",ZIMAPAN,1621.02000000000,1301,IX GOLFO NORTE,HIDALGO,"1301",ZIMAPÁN,7.600000,3.200000,2.035569,0.774703,0.048317,1.141657,4.000245,0.39975471800
334,"13",HIDALGO,"9",GOLFO NORTE,"1314",MEZTITLAN,1107.25000000000,1314,IX GOLFO NORTE,HIDALGO,"1314",MEZTITLÁN,62.500000,39.300000,12.197615,0.529580,0.330691,0.686107,13.743991,9.45600851400
335,"13",HIDALGO,"10",GOLFO CENTRO,"1318",ACAXOCHITLAN,753.96000000000,1318,X GOLFO CENTRO,HIDALGO,"1318",ACAXOCHITLÁN,19.900000,11.600000,5.342535,1.328624,0.407191,1.417190,8.495540,-0.19554011600
336,"13",HIDALGO,"13",VALLE DE MEXICO,"1319",TECOCOMULCO,476.37000000000,1319,XIII AGUAS DEL VALLE DE MÉXICO,HIDALGO,"1319",TECOCOMULCO,27.800000,0.500000,3.109183,0.000000,6.629130,0.217331,9.955644,17.34435632000
337,"13",HIDALGO,"9",GOLFO NORTE,"1305",ATLAPEXCO-CANDELARIA,1103.59000000000,1305,IX GOLFO NORTE,HIDALGO,"1305",ATLAPEXCO-CANDELARIA,192.700000,183.700000,0.422734,0.099676,0.000000,1.030122,1.552531,7.44746874700
338,"13",HIDALGO,"9",GOLFO NORTE,"1306",CALABOZO,852.00000000000,1306,IX GOLFO NORTE,HIDALGO,"1306",CALABOZO,81.100000,71.600000,0.000000,0.256204,0.000000,1.172796,1.429000,8.07099986900
339,"13",HIDALGO,"9",GOLFO NORTE,"1307",HUICHAPAN-TECOZAUTLA,1448.32000000000,1307,IX GOLFO NORTE,HIDALGO,"1307",HUICHAPAN-TECOZAUTLA,51.500000,4.900000,31.721159,4.327957,0.000000,1.473675,37.522791,9.07720902900
340,"13",HIDALGO,"13",VALLE DE MEXICO,"1309",CHAPANTONGO-ALFAJAYUCAN,894.63000000000,1309,XIII AGUAS DEL VALLE DE MÉXICO,HIDALGO,"1309",CHAPANTONGO-ALFAJAYUCAN,136.900000,112.900000,5.443209,3.763321,0.197581,0.942297,10.346407,13.65359266000
341,"13",HIDALGO,"13",VALLE DE MEXICO,"1313",ACTOPAN - SANTIAGO DE ANAYA,1065.06000000000,1313,XIII AGUAS DEL VALLE DE MÉXICO,HIDALGO,"1313",ACTOPAN-SANTIAGO DE ANAYA,208.100000,90.000000,48.492584,4.276877,10.304154,1.882292,64.955907,53.14409263000
342,"13",HIDALGO,"13",VALLE DE MEXICO,"1320",APAN,733.25000000000,1320,XIII AGUAS DEL VALLE DE MÉXICO,HIDALGO,"1320",ÁPAN,30.300000,0.000000,27.053197,0.000000,0.000000,0.490411,27.543609,2.75639111100
343,"13",HIDALGO,"13",VALLE DE MEXICO,"1311",AJACUBA,270.67000000000,1311,XIII AGUAS DEL VALLE DE MÉXICO,HIDALGO,"1311",AJACUBA,25.700000,15.600000,2.459013,0.070120,2.592967,0.065127,5.187226,4.91277360400
344,"13",HIDALGO,"13",VALLE DE MEXICO,"1310",VALLE DEL MEZQUITAL,2714.07000000000,1310,XIII AGUAS DEL VALLE DE MÉXICO,HIDALGO,"1310",VALLE DEL MEZQUITAL,515.000000,293.000000,167.952024,12.138701,6.494807,4.951725,191.537257,30.46274295000
345,"13",HIDALGO,"9",GOLFO NORTE,"1304",XOCHITLAN-HUEJUTLA,258.32000000000,1304,IX GOLFO NORTE,HIDALGO,"1304",XOCHITLÁN-HUEJUTLA,39.100000,31.000000,0.461890,0.141050,0.000000,1.140283,1.743223,6.35677746100
346,"13",HIDALGO,"9",GOLFO NORTE,"1303",ATOTONILCO-JALTOCAN,216.78000000000,1303,IX GOLFO NORTE,HIDALGO,"1303",ATOTONILCO-JALTOCÁN,12.800000,8.600000,0.031167,0.024638,0.000000,0.673229,0.729034,3.47096595800
347,"13",HIDALGO,"9",GOLFO NORTE,"1302",ORIZATLAN,2900.11000000000,1302,IX GOLFO NORTE,HIDALGO,"1302",ORIZATLÁN,185.400000,179.000000,0.033167,0.283135,0.039968,1.848332,2.204601,4.19539900600
348,"12",GUERRERO,"4",BALSAS,"1207",TLACOTEPEC,4956.33000000000,1207,IV BALSAS,GUERRERO,"1207",TLACOTEPEC,84.700000,31.500000,2.683276,0.043632,0.000000,0.000000,2.726908,50.47309215000
349,"12",GUERRERO,"4",BALSAS,"1206",CHILAPA,2309.45000000000,1206,IV BALSAS,GUERRERO,"1206",CHILAPA,26.100000,8.600000,5.427585,0.407156,0.025068,0.000000,5.859809,11.64019081000
350,"12",GUERRERO,"4",BALSAS,"1209",ARCELIA,2701.47000000000,1209,IV BALSAS,GUERRERO,"1209",ARCELIA,31.900000,19.200000,1.974063,0.418501,0.200080,0.000000,2.592644,10.10735597000
351,"12",GUERRERO,"4",BALSAS,"1203",POLONCINGO,1680.44000000000,1203,IV BALSAS,GUERRERO,"1203",POLONCINGO,37.500000,14.100000,2.451288,0.000000,0.065700,0.000000,2.516988,20.88301172000
352,"12",GUERRERO,"4",BALSAS,"1208",ALTAMIRANO-CUTZAMALA,5856.12000000000,1208,IV BALSAS,GUERRERO,"1208",ALTAMIRANO-CUTZAMALA,85.800000,40.800000,10.959376,1.000002,1.121135,0.000000,13.080513,31.91948662000
353,"12",GUERRERO,"5",PACIFICO SUR,"1214",PANTLA,207.21000000000,1214,V PACÍFICO SUR,GUERRERO,"1214",PANTLA,12.100000,6.500000,2.914247,0.000000,0.029195,0.016523,2.959965,2.64003473500
354,"12",GUERRERO,"5",PACIFICO SUR,"1218",SAN JERONIMITO,955.46000000000,1218,V PACÍFICO SUR,GUERRERO,"1218",SAN JERONIMITO,23.000000,1.000000,14.017943,0.000000,0.179977,0.000000,14.197919,7.80208052000
355,"12",GUERRERO,"5",PACIFICO SUR,"1222",TECPAN,1691.28000000000,1222,V PACÍFICO SUR,GUERRERO,"1222",TECPAN,40.000000,17.600000,17.287530,0.000000,0.279958,0.000000,17.567488,4.83251176000
356,"12",GUERRERO,"5",PACIFICO SUR,"1234",MARQUELIA,1346.09000000000,1234,V PACÍFICO SUR,GUERRERO,"1234",MARQUELIA,22.900000,11.600000,2.729814,2.708982,0.180388,0.495107,6.114291,5.18570900300
357,"12",GUERRERO,"5",PACIFICO SUR,"1233",COPALA,686.19000000000,1233,V PACÍFICO SUR,GUERRERO,"1233",COPALA,19.600000,10.100000,1.641561,1.018622,0.079811,0.237101,2.977095,6.52290492100
358,"12",GUERRERO,"5",PACIFICO SUR,"1232",NEXPA,1692.78000000000,1232,V PACÍFICO SUR,GUERRERO,"1232",NEXPA,43.500000,30.400000,3.626542,4.206401,0.123533,0.000000,7.956475,5.14352468000
359,"12",GUERRERO,"5",PACIFICO SUR,"1228",CHILPANCINGO,543.53000000000,1228,V PACÍFICO SUR,GUERRERO,"1228",CHILPANCINGO,27.800000,4.900000,1.820848,0.000000,0.322281,0.000000,2.143129,20.75687055000
360,"12",GUERRERO,"5",PACIFICO SUR,"1229",TEPECHICOTLAN,694.99000000000,1229,V PACÍFICO SUR,GUERRERO,"1229",TEPECHICOTLÁN,36.300000,15.400000,2.832151,0.374745,0.000000,0.000000,3.206896,17.69310427000
361,"12",GUERRERO,"4",BALSAS,"1212",EL NARANJITO,971.14000000000,1212,IV BALSAS,GUERRERO,"1212",EL NARANJITO,35.900000,22.500000,4.084815,0.000000,0.238925,0.205702,4.529442,8.87055805600
362,"12",GUERRERO,"4",BALSAS,"1210",PASO DE ARENA,4689.56000000000,1210,IV BALSAS,GUERRERO,"1210",PASO DE ARENA,38.800000,12.500000,1.674213,0.416146,0.026542,0.000000,2.116900,24.18309957000
363,"12",GUERRERO,"5",PACIFICO SUR,"1220",COYUQUILLA,787.82000000000,1220,V PACÍFICO SUR,GUERRERO,"1220",COYUQUILLA,30.400000,21.400000,5.640790,0.000000,0.325973,0.000000,5.966763,3.03323668000
364,"12",GUERRERO,"5",PACIFICO SUR,"1221",SAN LUIS,1143.47000000000,1221,V PACÍFICO SUR,GUERRERO,"1221",SAN LUIS,37.500000,24.100000,12.764189,0.000000,0.094448,0.000000,12.858638,0.54136236000
365,"12",GUERRERO,"4",BALSAS,"1205",IGUALA,2351.18000000000,1205,IV BALSAS,GUERRERO,"1205",IGUALA,20.000000,0.000000,16.923222,0.140714,1.032985,0.000000,18.096921,1.90307857000
366,"12",GUERRERO,"4",BALSAS,"1204",BUENAVISTA DE CUELLAR,672.36000000000,1204,IV BALSAS,GUERRERO,"1204",BUENAVISTA DE CUÉLLAR,40.500000,13.800000,0.162131,0.049441,0.061285,0.000000,0.272857,26.42714316000
367,"12",GUERRERO,"5",PACIFICO SUR,"1219",PETATLAN,693.33000000000,1219,V PACÍFICO SUR,GUERRERO,"1219",PETATLÁN,57.600000,39.100000,16.391233,0.000000,0.004424,0.047712,16.443369,2.05663117700
368,"12",GUERRERO,"4",BALSAS,"1213",LA UNION,2084.78000000000,1213,IV BALSAS,GUERRERO,"1213",LA UNIÓN,65.600000,46.600000,18.906228,0.000000,0.026957,0.183571,19.116755,-0.11675495200
369,"12",GUERRERO,"5",PACIFICO SUR,"1235",CUAJINICUILAPA,7307.51000000000,1235,V PACÍFICO SUR,GUERRERO,"1235",CUAJINICUILAPA,180.000000,30.000000,18.490942,19.316783,0.635424,0.000000,38.443148,111.55685200000
370,"12",GUERRERO,"4",BALSAS,"1202",HUITZUCO,4290.74000000000,1202,IV BALSAS,GUERRERO,"1202",HUITZUCO,10.100000,0.000000,4.466860,0.124935,0.098777,0.000000,4.690572,5.40942812000
371,"12",GUERRERO,"4",BALSAS,"1201",TLAPA-HUAMUXTITLAN,4759.06000000000,1201,IV BALSAS,GUERRERO,"1201",TLAPA-HUAMUXTITLÁN,22.000000,6.200000,5.928299,0.443141,0.084275,0.000000,6.455715,9.34428476000
372,"12",GUERRERO,"4",BALSAS,"1211",COAHUAYUTLA,2575.02000000000,1211,IV BALSAS,GUERRERO,"1211",COAHUAYUTLA,20.200000,2.900000,0.872080,0.000000,0.071339,0.000000,0.943419,16.35658085000
373,"11",GUANAJUATO,"8",LERMA-SANTIAGO-PACIFICO,"1104",LAGUNA SECA,1320.94000000000,1104,VIII LERMA SANTIAGO PACÍFICO,GUANAJUATO,"1104",LAGUNA SECA,128.500000,0.000000,149.777824,0.000000,4.336184,2.403701,156.517710,-28.01770951000
374,"11",GUANAJUATO,"8",LERMA-SANTIAGO-PACIFICO,"1115",VALLE DE CELAYA,2793.71000000000,1115,VIII LERMA SANTIAGO PACÍFICO,GUANAJUATO,"1115",VALLE DE CELAYA,317.100000,3.300000,460.699818,0.000000,1.805359,7.747033,470.252210,-156.45221040000
375,"11",GUANAJUATO,"8",LERMA-SANTIAGO-PACIFICO,"1122",CIENEGA PRIETA-MOROLEON,1220.07000000000,1122,VIII LERMA SANTIAGO PACÍFICO,GUANAJUATO,"1122",CIÉNEGA PRIETA-MOROLEÓN,85.000000,9.000000,113.592921,0.000000,0.639372,1.287469,115.519762,-39.51976245000
376,"11",GUANAJUATO,"8",LERMA-SANTIAGO-PACIFICO,"1103",OCAMPO,1651.48000000000,1103,VIII LERMA SANTIAGO PACÍFICO,GUANAJUATO,"1103",OCAMPO,6.400000,0.200000,1.616215,0.000000,0.119010,0.000000,1.735225,4.46477544000
377,"11",GUANAJUATO,"8",LERMA-SANTIAGO-PACIFICO,"1108",CUENCA ALTA DEL RIO LAJA,4131.29000000000,1108,VIII LERMA SANTIAGO PACÍFICO,GUANAJUATO,"1108",CUENCA ALTA DEL RÍO LAJA,139.700000,0.000000,196.385777,0.000000,1.148704,4.149709,201.684190,-61.98418981000
378,"11",GUANAJUATO,"8",LERMA-SANTIAGO-PACIFICO,"1118",SALVATIERRA-ACAMBARO,747.54000000000,1118,VIII LERMA SANTIAGO PACÍFICO,GUANAJUATO,"1118",SALVATIERRA-ACÁMBARO,28.400000,0.000000,55.513374,0.000000,0.018209,0.862113,56.393696,-27.99369551000
379,"11",GUANAJUATO,"8",LERMA-SANTIAGO-PACIFICO,"1110",SILAO-ROMITA,1880.90000000000,1110,VIII LERMA SANTIAGO PACÍFICO,GUANAJUATO,"1110",SILAO-ROMITA,280.000000,0.000000,166.943580,0.000000,1.810261,6.200038,174.953879,105.04612080000
380,"11",GUANAJUATO,"8",LERMA-SANTIAGO-PACIFICO,"1111",LA MURALLA,241.38000000000,1111,VIII LERMA SANTIAGO PACÍFICO,GUANAJUATO,"1111",LA MURALLA,34.800000,5.000000,39.806465,0.000000,0.000000,0.335054,40.141518,-10.34151819000
381,"11",GUANAJUATO,"8",LERMA-SANTIAGO-PACIFICO,"1121",LAGO DE CUITZEO,340.80000000000,1121,VIII LERMA SANTIAGO PACÍFICO,GUANAJUATO,"1121",LAGO DE CUITZEO,13.700000,5.000000,6.689984,0.000000,0.000000,0.473256,7.163240,1.53675974000
382,"11",GUANAJUATO,"8",LERMA-SANTIAGO-PACIFICO,"1107",SAN MIGUEL DE ALLENDE,358.28000000000,1107,VIII LERMA SANTIAGO PACÍFICO,GUANAJUATO,"1107",SAN MIGUEL DE ALLENDE,28.600000,6.500000,33.269730,0.000000,0.476610,0.733815,34.480155,-12.38015485000
383,"11",GUANAJUATO,"8",LERMA-SANTIAGO-PACIFICO,"1117",VALLE DE ACAMBARO,1123.20000000000,1117,VIII LERMA SANTIAGO PACÍFICO,GUANAJUATO,"1117",VALLE DE ACÁMBARO,118.500000,1.100000,94.139259,0.000000,0.869010,1.464916,96.473185,20.92681457000
384,"11",GUANAJUATO,"8",LERMA-SANTIAGO-PACIFICO,"1114",RIO TURBIO,1192.32000000000,1114,VIII LERMA SANTIAGO PACÍFICO,GUANAJUATO,"1114",RÍO TURBIO,110.000000,0.000000,162.657289,0.000000,0.160000,1.439048,164.256337,-54.25633707000
385,"11",GUANAJUATO,"8",LERMA-SANTIAGO-PACIFICO,"1113",VALLE DE LEON,1321.38000000000,1113,VIII LERMA SANTIAGO PACÍFICO,GUANAJUATO,"1113",VALLE DE LEÓN,124.500000,0.000000,179.520052,0.000000,0.125600,6.492444,186.138096,-61.63809605000
386,"11",GUANAJUATO,"8",LERMA-SANTIAGO-PACIFICO,"1120",PENJAMO-ABASOLO,2413.59000000000,1120,VIII LERMA SANTIAGO PACÍFICO,GUANAJUATO,"1120",PÉNJAMO-ABASOLO,225.000000,0.000000,345.735894,0.000000,1.005395,4.369736,351.111025,-126.11102480000
387,"11",GUANAJUATO,"8",LERMA-SANTIAGO-PACIFICO,"1101",XICHU-ATARJEA,3945.33000000000,1101,VIII LERMA SANTIAGO PACÍFICO,GUANAJUATO,"1101",XICHÚ-ATARJEA,40.300000,31.500000,5.020576,0.000000,0.112000,1.373725,6.506301,2.29369895500
388,"11",GUANAJUATO,"8",LERMA-SANTIAGO-PACIFICO,"1116",VALLE DE LA CUEVITA,782.81000000000,1116,VIII LERMA SANTIAGO PACÍFICO,GUANAJUATO,"1116",VALLE DE LA CUEVITA,9.900000,0.300000,9.588956,0.000000,0.058263,1.176697,10.823916,-1.22391556200
389,"11",GUANAJUATO,"8",LERMA-SANTIAGO-PACIFICO,"1106",DR. MORA-SAN JOSE DE ITURBIDE,783.36000000000,1106,VIII LERMA SANTIAGO PACÍFICO,GUANAJUATO,"1106",DR. MORA-SAN JOSÉ ITURBIDE,38.400000,0.000000,73.190055,0.000000,0.159884,1.758141,75.108080,-36.70808003000
390,"11",GUANAJUATO,"8",LERMA-SANTIAGO-PACIFICO,"1119",IRAPUATO-VALLE,2436.85000000000,1119,VIII LERMA SANTIAGO PACÍFICO,GUANAJUATO,"1119",IRAPUATO-VALLE,507.800000,28.300000,530.606678,0.000000,0.371220,8.670570,539.648468,-60.14846831000
391,"10",DURANGO,"3",PACIFICO NORTE,"1001",VALLE DE SANTIAGUILLO,2503.99000000000,1001,III PACÍFICO NORTE,DURANGO,"1001",VALLE DE SANTIAGUILLO,44.900000,4.100000,43.025225,70.660605,0.000000,0.422092,114.107923,-73.30792258000
392,"10",DURANGO,"3",PACIFICO NORTE,"1017",VALLE DEL MEZQUITAL,2255.53000000000,1017,III PACÍFICO NORTE,DURANGO,"1017",VALLE DEL MEZQUITAL,1.100000,0.000000,6.893797,0.191468,0.000000,0.000000,7.085265,-5.98526455000
393,"10",DURANGO,"3",PACIFICO NORTE,"1003",VALLE DEL GUADIANA,4817.48000000000,1003,III PACÍFICO NORTE,DURANGO,"1003",VALLE DEL GUADIANA,131.900000,7.400000,131.507667,13.816685,0.000000,0.000000,145.324352,-20.82435220000
394,"10",DURANGO,"3",PACIFICO NORTE,"1002",VALLE DE CANATLAN,2544.50000000000,1002,III PACÍFICO NORTE,DURANGO,"1002",VALLE DE CANATLÁN,38.600000,0.700000,41.743723,20.574561,0.000000,0.407374,62.725657,-24.82565702000
395,"10",DURANGO,"3",PACIFICO NORTE,"1005",MADERO-VICTORIA,1706.31000000000,1005,III PACÍFICO NORTE,DURANGO,"1005",MADERO-VICTORIA,21.700000,1.300000,25.090116,40.987617,0.000000,0.180891,66.258625,-45.85862463000
396,"10",DURANGO,"3",PACIFICO NORTE,"1004",VICENTE GUERRERO-POANAS,3741.62000000000,1004,III PACÍFICO NORTE,DURANGO,"1004",VICENTE GUERRERO-POANAS,96.400000,13.300000,92.486242,29.434518,0.000000,0.000000,121.920760,-38.82075995000
397,"10",DURANGO,"7",CUENCAS CENTRALES DEL NORTE,"1027",CABRERA,235.68000000000,1027,VII CUENCAS CENTRALES DEL NORTE,DURANGO,"1027",CABRERA,6.300000,0.000000,0.323839,0.281710,0.000000,0.035687,0.641235,5.65876539700
398,"10",DURANGO,"7",CUENCAS CENTRALES DEL NORTE,"1013",BUENOS AIRES,1100.38000000000,1013,VII CUENCAS CENTRALES DEL NORTE,DURANGO,"1013",BUENOS AIRES,14.900000,0.000000,2.565352,0.530091,0.000000,0.056738,3.152180,11.74781952000
399,"10",DURANGO,"7",CUENCAS CENTRALES DEL NORTE,"1026",VICENTE SUAREZ,1169.59000000000,1026,VII CUENCAS CENTRALES DEL NORTE,DURANGO,"1026",VICENTE SUÁREZ,6.800000,0.000000,9.506833,0.000000,1.300000,0.021700,10.828533,-4.02853289800
400,"10",DURANGO,"7",CUENCAS CENTRALES DEL NORTE,"1010",SAN JOSE DE NAZARENO,1463.34000000000,1010,VII CUENCAS CENTRALES DEL NORTE,DURANGO,"1010",SAN JOSÉ DE NAZARENO,34.300000,0.000000,0.469713,0.000000,0.000000,0.036664,0.506377,33.79362344000
401,"10",DURANGO,"7",CUENCAS CENTRALES DEL NORTE,"1011",GALEANA-QUEMADO,1808.28000000000,1011,VII CUENCAS CENTRALES DEL NORTE,DURANGO,"1011",GALEANA-QUEMADO,23.400000,0.000000,0.358925,0.187665,0.000000,0.046910,0.593500,22.80649984000
402,"10",DURANGO,"7",CUENCAS CENTRALES DEL NORTE,"1006",TEPEHUANES-SANTIAGO,5087.12000000000,1006,VII CUENCAS CENTRALES DEL NORTE,DURANGO,"1006",TEPEHUANES-SANTIAGO,38.300000,0.000000,6.190577,1.517044,0.212808,0.245432,8.165862,30.13413833000
403,"10",DURANGO,"7",CUENCAS CENTRALES DEL NORTE,"1009",MATALOTES-EL ORO,7574.36000000000,1009,VII CUENCAS CENTRALES DEL NORTE,DURANGO,"1009",MATALOTES-EL ORO,35.700000,0.000000,4.454782,4.852299,0.025651,0.222389,9.555121,26.14487933000
404,"10",DURANGO,"7",CUENCAS CENTRALES DEL NORTE,"1029",REVOLUCION,838.58000000000,1029,VII CUENCAS CENTRALES DEL NORTE,DURANGO,"1029",REVOLUCIÓN,6.600000,0.000000,2.796418,0.508571,0.000000,0.046845,3.351834,3.24816599100
405,"10",DURANGO,"7",CUENCAS CENTRALES DEL NORTE,"1019",CUAUHTEMOC,630.59000000000,1019,VII CUENCAS CENTRALES DEL NORTE,DURANGO,"1019",CUAUHTÉMOC,14.900000,0.000000,6.874654,2.709727,0.000000,0.039431,9.623811,5.27618892900
406,"10",DURANGO,"7",CUENCAS CENTRALES DEL NORTE,"1007",PROVIDENCIA,851.89000000000,1007,VII CUENCAS CENTRALES DEL NORTE,DURANGO,"1007",PROVIDENCIA,16.300000,0.000000,0.823983,0.254750,0.000000,0.016802,1.095535,15.20446487000
407,"10",DURANGO,"7",CUENCAS CENTRALES DEL NORTE,"1014",TORREON DE CAÑAS,661.85000000000,1014,VII CUENCAS CENTRALES DEL NORTE,DURANGO,"1014",TORREÓN DE CAÑAS,15.200000,0.000000,0.827810,0.054983,0.000000,0.009241,0.892034,14.30796604000
408,"10",DURANGO,"7",CUENCAS CENTRALES DEL NORTE,"1015",SAN FERMIN,1806.75000000000,1015,VII CUENCAS CENTRALES DEL NORTE,DURANGO,"1015",SAN FERMÍN,7.500000,0.000000,0.418290,0.128800,0.000000,0.016189,0.563279,6.93672078800
409,"10",DURANGO,"7",CUENCAS CENTRALES DEL NORTE,"1008",CABRERA-OCAMPO,1688.91000000000,1008,VII CUENCAS CENTRALES DEL NORTE,DURANGO,"1008",CABRERA-OCAMPO,29.900000,0.000000,4.787331,3.250660,0.339650,0.027477,8.405118,21.49488184000
410,"10",DURANGO,"7",CUENCAS CENTRALES DEL NORTE,"1028",LA ZARCA-REVOLUCION,1987.13000000000,1028,VII CUENCAS CENTRALES DEL NORTE,DURANGO,"1028",LA ZARCA-REVOLUCIÓN,32.700000,0.000000,5.396210,0.931515,0.000000,0.036577,6.364303,26.33569733000
411,"10",DURANGO,"7",CUENCAS CENTRALES DEL NORTE,"1018",PEÑON BLANCO,2538.92000000000,1018,VII CUENCAS CENTRALES DEL NORTE,DURANGO,"1018",PEÑÓN BLANCO,27.500000,15.800000,6.532918,5.226050,1.053889,0.116384,12.929240,-1.22924019400
412,"10",DURANGO,"7",CUENCAS CENTRALES DEL NORTE,"1021",PEDRICEÑA-VELARDEÑA,2974.32000000000,1021,VII CUENCAS CENTRALES DEL NORTE,DURANGO,"1021",PEDRICEÑA-VELARDEÑA,10.900000,0.000000,12.081702,2.748865,0.000000,0.260566,15.091132,-4.19113162700
413,"10",DURANGO,"7",CUENCAS CENTRALES DEL NORTE,"1022",VILLA JUAREZ,1457.20000000000,1022,VII CUENCAS CENTRALES DEL NORTE,DURANGO,"1022",VILLA JUÁREZ,49.700000,6.900000,43.865050,0.000000,0.123120,0.266322,44.254492,-1.45449223000
414,"10",DURANGO,"7",CUENCAS CENTRALES DEL NORTE,"1024",ORIENTE AGUANAVAL,7257.22000000000,1024,VII CUENCAS CENTRALES DEL NORTE,DURANGO,"1024",ORIENTE AGUANAVAL,33.500000,30.000000,50.874259,0.000000,1.709425,0.478748,53.062432,-49.56243242000
415,"10",DURANGO,"7",CUENCAS CENTRALES DEL NORTE,"1020",SANTA CLARA,1870.52000000000,1020,VII CUENCAS CENTRALES DEL NORTE,DURANGO,"1020",SANTA CLARA,22.300000,0.000000,11.735431,3.906485,3.014873,0.059295,18.716083,3.58391683500
416,"10",DURANGO,"7",CUENCAS CENTRALES DEL NORTE,"1023",CEBALLOS,9503.10000000000,1023,VII CUENCAS CENTRALES DEL NORTE,DURANGO,"1023",CEBALLOS,53.900000,0.000000,69.910396,1.740000,0.840000,0.087150,72.577546,-18.67754584000
417,"10",DURANGO,"7",CUENCAS CENTRALES DEL NORTE,"1012",LA VICTORIA,1419.41000000000,1012,VII CUENCAS CENTRALES DEL NORTE,DURANGO,"1012",LA VICTORIA,18.600000,0.000000,2.940767,0.216000,0.000000,0.011707,3.168474,15.43152601000
418,"10",DURANGO,"7",CUENCAS CENTRALES DEL NORTE,"1025",NAZAS,5621.25000000000,1025,VII CUENCAS CENTRALES DEL NORTE,DURANGO,"1025",NAZAS,113.700000,65.900000,39.717446,0.000000,1.168860,0.235441,41.121746,6.67825356800
419,"10",DURANGO,"7",CUENCAS CENTRALES DEL NORTE,"1016",SAN JUAN DEL RIO,2632.84000000000,1016,VII CUENCAS CENTRALES DEL NORTE,DURANGO,"1016",SAN JUAN DEL RÍO,19.100000,0.000000,11.064503,6.255551,0.914048,0.233224,18.467326,0.63267446400
420,"6",COLIMA,"8",LERMA-SANTIAGO-PACIFICO,"0610",LA CENTRAL-PEÑA BLANCA,90.36000000000,610,VIII LERMA SANTIAGO PACÍFICO,COLIMA,"0610",LA CENTRAL-PEÑA BLANCA,9.500000,2.000000,4.853804,0.000000,0.503640,0.006352,5.363796,2.13620395200
421,"6",COLIMA,"8",LERMA-SANTIAGO-PACIFICO,"0609",SANTIAGO-SALAGUA,262.09000000000,609,VIII LERMA SANTIAGO PACÍFICO,COLIMA,"0609",SANTIAGO-SALAGUA,24.600000,6.100000,21.547123,0.000000,0.030000,0.041208,21.618330,-3.11833004600
422,"6",COLIMA,"8",LERMA-SANTIAGO-PACIFICO,"0605",VENUSTIANO CARRANZA,236.35000000000,605,VIII LERMA SANTIAGO PACÍFICO,COLIMA,"0605",VENUSTIANO CARRANZA,37.000000,17.000000,17.735278,0.000000,0.000000,0.015472,17.750750,2.24924976500
423,"6",COLIMA,"8",LERMA-SANTIAGO-PACIFICO,"0612",MARABASCO,184.23000000000,612,VIII LERMA SANTIAGO PACÍFICO,COLIMA,"0612",MARABASCO,28.600000,9.600000,17.689881,0.000000,0.116000,0.001546,17.807427,1.19257269700
424,"6",COLIMA,"8",LERMA-SANTIAGO-PACIFICO,"0608",JALIPA-TAPEIXTLES,60.41000000000,608,VIII LERMA SANTIAGO PACÍFICO,COLIMA,"0608",JALIPA-TAPEIXTLES,10.800000,3.000000,8.841180,0.000000,0.239760,0.077551,9.158491,-1.35849107300
425,"6",COLIMA,"8",LERMA-SANTIAGO-PACIFICO,"0607",EL COLOMO,209.65000000000,607,VIII LERMA SANTIAGO PACÍFICO,COLIMA,"0607",EL COLOMO,43.000000,18.000000,18.651113,0.000000,0.000000,0.011414,18.662527,6.33747278700
426,"6",COLIMA,"8",LERMA-SANTIAGO-PACIFICO,"0601",COLIMA,1298.05000000000,601,VIII LERMA SANTIAGO PACÍFICO,COLIMA,"0601",COLIMA,86.700000,12.200000,71.604462,0.000000,2.072765,0.234538,73.911766,0.58823441500
427,"6",COLIMA,"8",LERMA-SANTIAGO-PACIFICO,"0613",MINATITLAN,676.04000000000,613,VIII LERMA SANTIAGO PACÍFICO,COLIMA,"0613",MINATITLÁN,10.100000,1.700000,8.390000,0.000000,0.000000,0.068477,8.458477,-0.05847710700
428,"6",COLIMA,"8",LERMA-SANTIAGO-PACIFICO,"0603",ARMERIA-TECOMAN-PERIQUILLOS,1411.48000000000,603,VIII LERMA SANTIAGO PACÍFICO,COLIMA,"0603",ARMERÍA-TECOMÁN-PERIQUILLOS,230.000000,20.000000,210.697422,0.000000,0.235106,0.164931,211.097459,-1.09745864300
429,"6",COLIMA,"8",LERMA-SANTIAGO-PACIFICO,"0615",ALZADA-TEPAMES,581.43000000000,615,VIII LERMA SANTIAGO PACÍFICO,COLIMA,"0615",ALZADA-TEPAMES,24.400000,9.300000,14.522266,0.000000,0.000000,0.050267,14.572533,0.52746668300
430,"6",COLIMA,"8",LERMA-SANTIAGO-PACIFICO,"0614",VALLE DE IXTLAHUACAN,588.77000000000,614,VIII LERMA SANTIAGO PACÍFICO,COLIMA,"0614",VALLE DE IXTLAHUACÁN,15.400000,1.800000,12.192210,0.000000,0.360912,0.059116,12.612238,0.98776198800
431,"5",COAHUILA,"6",RIO BRAVO,"0528",CUATROCIENEGAS,3496.77000000000,528,VI RÍO BRAVO,COAHUILA,"0528",CUATROCIÉNEGAS,143.000000,130.200000,6.580338,7.832265,3.716972,0.028023,18.157597,-5.35759738600
432,"5",COAHUILA,"6",RIO BRAVO,"0504",CUATROCIENEGAS-OCAMPO,6433.48000000000,504,VI RÍO BRAVO,COAHUILA,"0504",CUATROCIÉNEGAS-OCAMPO,57.900000,6.400000,47.867160,21.153824,2.519270,0.007357,71.547610,-20.04761042000
433,"5",COAHUILA,"6",RIO BRAVO,"0507",MONCLOVA,13525.21000000000,507,VI RÍO BRAVO,COAHUILA,"0507",MONCLOVA,145.100000,24.900000,103.967597,40.683437,0.141818,0.243166,145.036019,-24.83601870000
434,"5",COAHUILA,"6",RIO BRAVO,"0506",EL HUNDIDO,3195.75000000000,506,VI RÍO BRAVO,COAHUILA,"0506",EL HUNDIDO,20.100000,0.000000,22.378722,0.810360,0.690000,0.023961,23.903043,-3.80304339000
435,"5",COAHUILA,"6",RIO BRAVO,"0518",LAGUNA EL COYOTE,4526.63000000000,518,VI RÍO BRAVO,COAHUILA,"0518",LAGUNA EL COYOTE,13.300000,0.000000,0.020763,1.017190,0.644368,0.000000,1.682321,11.61767900000
436,"5",COAHUILA,"6",RIO BRAVO,"0527",VALLE DE SAN MARCOS,2575.98000000000,527,VI RÍO BRAVO,COAHUILA,"0527",VALLE DE SAN MARCOS,10.700000,0.000000,0.000000,0.309314,0.000000,0.007012,0.316326,10.38367362000
437,"5",COAHUILA,"6",RIO BRAVO,"0502",CAÑON DEL DERRAMADERO,944.80000000000,502,VI RÍO BRAVO,COAHUILA,"0502",CAÑÓN DEL DERRAMADERO,31.600000,5.100000,27.494030,1.415982,0.180600,0.147990,29.238602,-2.73860155600
439,"5",COAHUILA,"7",CUENCAS CENTRALES DEL NORTE,"0524",ACATITA,1891.01000000000,524,VII CUENCAS CENTRALES DEL NORTE,COAHUILA,"0524",ACATITA,5.600000,0.200000,9.421008,0.000000,0.474000,0.005251,9.900259,-4.50025917400
440,"5",COAHUILA,"7",CUENCAS CENTRALES DEL NORTE,"0525",LAS DELICIAS,2104.34000000000,525,VII CUENCAS CENTRALES DEL NORTE,COAHUILA,"0525",LAS DELICIAS,6.200000,0.200000,5.154487,0.000000,0.400000,0.023627,5.578114,0.42188561200
441,"5",COAHUILA,"7",CUENCAS CENTRALES DEL NORTE,"0516",HERCULES,1877.61000000000,516,VII CUENCAS CENTRALES DEL NORTE,COAHUILA,"0516",HÉRCULES,5.500000,0.100000,0.350980,0.013300,3.000000,0.000000,3.364280,2.03572000000
442,"5",COAHUILA,"7",CUENCAS CENTRALES DEL NORTE,"0509",LA PAILA,6875.79000000000,509,VII CUENCAS CENTRALES DEL NORTE,COAHUILA,"0509",LA PAILA,21.400000,0.300000,26.966198,48.263139,0.120000,0.189050,75.538387,-54.43838748000
657,"5",COAHUILA,"6",RIO BRAVO,"0517",LAGUNA EL GUAJE,9622.84000000000,517,VI RÍO BRAVO,COAHUILA,"0517",LAGUNA EL GUAJE,15.800000,0.100000,0.254232,29.595973,0.000000,0.016370,29.866575,-14.16657491000
443,"5",COAHUILA,"7",CUENCAS CENTRALES DEL NORTE,"0505",GENERAL CEPEDA-SAUCEDA,3298.99000000000,505,VII CUENCAS CENTRALES DEL NORTE,COAHUILA,"0505",GENERAL CEPEDA-SAUCEDA,113.400000,30.500000,73.641126,72.674101,0.298082,0.281879,146.895188,-63.99518768000
444,"5",COAHUILA,"7",CUENCAS CENTRALES DEL NORTE,"0523",PRINCIPAL-REGION LAGUNERA,12616.61000000000,523,VII CUENCAS CENTRALES DEL NORTE,COAHUILA,"0523",PRINCIPAL-REGIÓN LAGUNERA,534.100000,0.000000,642.767528,0.000000,1.234080,1.544413,645.546022,-111.44602150000
445,"5",COAHUILA,"6",RIO BRAVO,"0519",CASTAÑOS,5080.48000000000,519,VI RÍO BRAVO,COAHUILA,"0519",CASTAÑOS,18.900000,5.100000,8.076209,8.581653,0.012956,0.085945,16.756764,-2.95676390500
446,"5",COAHUILA,"6",RIO BRAVO,"0511",REGION MANZANERA-ZAPALINAME,1447.01000000000,511,VI RÍO BRAVO,COAHUILA,"0511",REGIÓN MANZANERA-ZAPALINAMÉ,55.200000,3.600000,61.017675,27.902853,0.560537,0.260369,89.741433,-38.14143350000
447,"5",COAHUILA,"6",RIO BRAVO,"0508",PAREDON,6291.33000000000,508,VI RÍO BRAVO,COAHUILA,"0508",PAREDÓN,23.600000,3.300000,25.603932,32.848200,0.691200,0.189717,59.333049,-39.03304881000
448,"5",COAHUILA,"6",RIO BRAVO,"0510",SALTILLO-RAMOS ARIZPE,1446.49000000000,510,VI RÍO BRAVO,COAHUILA,"0510",SALTILLO-RAMOS ARIZPE,65.900000,2.700000,90.649526,25.622319,1.026433,0.814533,118.112811,-54.91281054000
449,"5",COAHUILA,"6",RIO BRAVO,"0515",SANTA FE DEL PINO,10361.64000000000,515,VI RÍO BRAVO,COAHUILA,"0515",SANTA FE DEL PINO,19.500000,1.000000,0.187807,1.541883,0.000000,0.039859,1.769549,16.73045145000
450,"5",COAHUILA,"7",CUENCAS CENTRALES DEL NORTE,"0521",SALTILLO SUR,7664.42000000000,521,VII CUENCAS CENTRALES DEL NORTE,COAHUILA,"0521",SALTILLO SUR,13.400000,0.000000,9.547125,29.997332,0.361825,0.258792,40.165074,-26.76507396000
451,"5",COAHUILA,"7",CUENCAS CENTRALES DEL NORTE,"0520",LAGUNA DEL REY-SIERRA MOJADA,3101.67000000000,520,VII CUENCAS CENTRALES DEL NORTE,COAHUILA,"0520",LAGUNA DEL REY-SIERRA MOJADA,15.000000,0.000000,4.882426,10.633395,0.462000,0.054383,16.032204,-1.03220382200
452,"8",CHIHUAHUA,"2",NOROESTE,"0860",GUERRERO-YEPOMERA,4996.31000000000,860,II NOROESTE,CHIHUAHUA,"0860",GUERRERO-YEPÓMERA,146.000000,0.000000,143.871167,1.850708,9.433200,0.208690,155.363765,-9.36376498500
453,"8",CHIHUAHUA,"2",NOROESTE,"0859",MADERA,1298.16000000000,859,II NOROESTE,CHIHUAHUA,"0859",MADERA,6.600000,0.000000,1.253376,1.053438,0.000000,0.046403,2.353217,4.24678298900
454,"8",CHIHUAHUA,"2",NOROESTE,"0858",LA NORTEÑA,1082.47000000000,858,II NOROESTE,CHIHUAHUA,"0858",LA NORTEÑA,11.300000,0.000000,0.014875,0.000000,0.000000,0.019089,0.033964,11.26603608000
455,"8",CHIHUAHUA,"6",RIO BRAVO,"0801",ASCENSION,3020.73000000000,801,VI RÍO BRAVO,CHIHUAHUA,"0801",ASCENSIÓN,132.200000,0.000000,231.598387,0.000000,4.780153,0.026191,236.404731,-104.20473090000
456,"8",CHIHUAHUA,"6",RIO BRAVO,"0806",CASAS GRANDES,5112.46000000000,806,VI RÍO BRAVO,CHIHUAHUA,"0806",CASAS GRANDES,180.000000,0.000000,191.214092,0.000000,5.817906,0.197989,197.229987,-17.22998698000
457,"8",CHIHUAHUA,"6",RIO BRAVO,"0822",SANTA CLARA,4596.85000000000,822,VI RÍO BRAVO,CHIHUAHUA,"0822",SANTA CLARA,59.200000,35.800000,45.817997,0.000000,5.929230,0.189118,51.936345,-28.53634493000
458,"8",CHIHUAHUA,"6",RIO BRAVO,"0810",SAMALAYUCA,626.88000000000,810,VI RÍO BRAVO,CHIHUAHUA,"0810",SAMALAYUCA,16.100000,0.000000,20.294553,2.768206,0.882000,0.003850,23.948608,-7.84860847300
459,"8",CHIHUAHUA,"6",RIO BRAVO,"0809",LAGUNA DE MEXICANOS,957.74000000000,809,VI RÍO BRAVO,CHIHUAHUA,"0809",LAGUNA DE MEXICANOS,35.100000,0.000000,42.210391,5.328754,8.282388,0.048765,55.870298,-20.77029779000
460,"8",CHIHUAHUA,"6",RIO BRAVO,"0805",CUAUHTEMOC,3401.01000000000,805,VI RÍO BRAVO,CHIHUAHUA,"0805",CUAUHTÉMOC,299.400000,0.000000,299.074646,0.000000,7.386629,0.689271,307.150545,-7.75054488700
461,"8",CHIHUAHUA,"6",RIO BRAVO,"0803",BAJA BABICORA,4060.18000000000,803,VI RÍO BRAVO,CHIHUAHUA,"0803",BAJA BABÍCORA,90.600000,0.000000,102.750207,93.009688,1.655021,0.217214,197.632130,-107.03212980000
462,"8",CHIHUAHUA,"6",RIO BRAVO,"0802",ALTA BABICORA,1930.64000000000,802,VI RÍO BRAVO,CHIHUAHUA,"0802",ALTA BABÍCORA,46.200000,5.200000,23.875889,7.375990,0.780006,0.082192,32.114077,8.88592266200
463,"8",CHIHUAHUA,"6",RIO BRAVO,"0808",JANOS,6102.00000000000,808,VI RÍO BRAVO,CHIHUAHUA,"0808",JANOS,142.000000,15.700000,166.641798,0.000000,1.276000,0.137290,168.055087,-41.75508747000
464,"8",CHIHUAHUA,"6",RIO BRAVO,"0845",SAN FELIPE DE JESUS,2741.15000000000,845,VI RÍO BRAVO,CHIHUAHUA,"0845",SAN FELIPE DE JESÚS,72.500000,52.400000,0.024513,0.656916,0.000000,0.018168,0.699597,19.40040303000
465,"8",CHIHUAHUA,"6",RIO BRAVO,"0813",LAGUNA TRES CASTILLOS,4578.94000000000,813,VI RÍO BRAVO,CHIHUAHUA,"0813",LAGUNA TRES CASTILLOS,17.400000,0.000000,5.336522,40.385526,6.914600,0.003178,52.639827,-35.23982666000
466,"8",CHIHUAHUA,"6",RIO BRAVO,"0847",LOS JUNCOS,4591.99000000000,847,VI RÍO BRAVO,CHIHUAHUA,"0847",LOS JUNCOS,133.600000,0.100000,66.302632,585.420425,5.077500,0.024675,656.825232,-523.32523210000
467,"8",CHIHUAHUA,"6",RIO BRAVO,"0849",LLANO DE GIGANTES,2806.27000000000,849,VI RÍO BRAVO,CHIHUAHUA,"0849",LLANO DE GIGANTES,18.800000,0.000000,7.618546,45.407575,14.955650,0.000000,67.981771,-49.18177100000
468,"8",CHIHUAHUA,"6",RIO BRAVO,"0851",RANCHO EL ASTILLERO,2287.04000000000,851,VI RÍO BRAVO,CHIHUAHUA,"0851",RANCHO EL ASTILLERO,20.600000,0.000000,9.723288,4.452172,0.588000,0.000000,14.763460,5.83654020000
469,"8",CHIHUAHUA,"6",RIO BRAVO,"0853",RANCHO LA GLORIA,1635.23000000000,853,VI RÍO BRAVO,CHIHUAHUA,"0853",RANCHO LA GLORIA,16.000000,0.000000,0.807253,0.024620,0.365475,0.000000,1.197348,14.80265200000
470,"8",CHIHUAHUA,"6",RIO BRAVO,"0850",LAS PAMPAS,1519.26000000000,850,VI RÍO BRAVO,CHIHUAHUA,"0850",LAS PAMPAS,12.700000,0.000000,2.709800,0.033650,0.202000,0.000000,2.945450,9.75455000000
471,"8",CHIHUAHUA,"6",RIO BRAVO,"0844",VALLE DE ZARAGOZA,4036.41000000000,844,VI RÍO BRAVO,CHIHUAHUA,"0844",VALLE DE ZARAGOZA,104.100000,101.100000,7.259874,2.863194,4.280358,0.063326,14.466752,-11.46675176000
472,"8",CHIHUAHUA,"6",RIO BRAVO,"0841",POTRERO DEL LLANO,2487.56000000000,841,VI RÍO BRAVO,CHIHUAHUA,"0841",POTRERO DEL LLANO,23.700000,8.500000,7.443026,0.668210,1.696500,0.003025,9.810760,5.38923950700
473,"8",CHIHUAHUA,"6",RIO BRAVO,"0821",FLORES MAGON-VILLA AHUMADA,6756.26000000000,821,VI RÍO BRAVO,CHIHUAHUA,"0821",FLORES MAGÓN-VILLA AHUMADA,137.500000,0.000000,243.054545,4.764666,3.407563,0.078666,251.305440,-113.80544040000
474,"8",CHIHUAHUA,"6",RIO BRAVO,"0825",EL SABINAL,1832.63000000000,825,VI RÍO BRAVO,CHIHUAHUA,"0825",EL SABINAL,37.500000,0.000000,44.672549,5.116820,16.018550,0.045267,65.853186,-28.35318611000
475,"8",CHIHUAHUA,"6",RIO BRAVO,"0820",IGNACIO ZARAGOZA,2767.28000000000,820,VI RÍO BRAVO,CHIHUAHUA,"0820",IGNACIO ZARAGOZA,73.600000,0.000000,1.822870,1.503690,0.017201,0.042185,3.385945,70.21405454000
476,"8",CHIHUAHUA,"6",RIO BRAVO,"0807",EL SAUZ-ENCINILLAS,2741.55000000000,807,VI RÍO BRAVO,CHIHUAHUA,"0807",EL SAUZ-ENCINILLAS,62.400000,0.000000,91.620259,27.686206,1.209923,0.024291,120.540680,-58.14067961000
477,"8",CHIHUAHUA,"6",RIO BRAVO,"0827",EL CUARENTA,981.80000000000,827,VI RÍO BRAVO,CHIHUAHUA,"0827",EL CUARENTA,1.800000,0.000000,2.233125,4.827103,0.600000,0.001004,7.661231,-5.86123111800
478,"8",CHIHUAHUA,"6",RIO BRAVO,"0816",ALDAMA-EL CUERVO,3728.41000000000,816,VI RÍO BRAVO,CHIHUAHUA,"0816",ALDAMA-EL CUERVO,21.600000,0.300000,15.686880,0.000000,5.820000,0.000000,21.506880,-0.20687950000
479,"8",CHIHUAHUA,"6",RIO BRAVO,"0826",LOS LAMENTOS,2309.15000000000,826,VI RÍO BRAVO,CHIHUAHUA,"0826",LOS LAMENTOS,13.800000,0.000000,1.851144,0.011169,0.360000,0.000000,2.222313,11.57768700000
480,"8",CHIHUAHUA,"6",RIO BRAVO,"0846",CARICHI-NONOAVA,6994.41000000000,846,VI RÍO BRAVO,CHIHUAHUA,"0846",CARICHI-NONOAVA,249.000000,187.500000,3.127109,1.154553,0.248240,0.279322,4.809225,56.69077535000
481,"8",CHIHUAHUA,"6",RIO BRAVO,"0812",PALOMAS-GUADALUPE VICTORIA,1843.99000000000,812,VI RÍO BRAVO,CHIHUAHUA,"0812",PALOMAS-GUADALUPE VICTORIA,15.000000,2.300000,17.531593,0.000000,0.000000,0.003441,17.535035,-4.83503484100
482,"8",CHIHUAHUA,"6",RIO BRAVO,"0861",VALLE DEL PESO,3611.99000000000,861,VI RÍO BRAVO,CHIHUAHUA,"0861",VALLE DEL PESO,24.100000,8.300000,2.527602,0.009250,0.444073,0.002222,2.983147,12.81685274000
483,"8",CHIHUAHUA,"6",RIO BRAVO,"0837",BAJO RIO CONCHOS,8833.15000000000,837,VI RÍO BRAVO,CHIHUAHUA,"0837",BAJO RÍO CONCHOS,118.900000,0.800000,28.286196,13.117370,40.887513,0.057990,82.349068,35.75093188000
484,"8",CHIHUAHUA,"6",RIO BRAVO,"0854",RANCHO DENTON,2125.96000000000,854,VI RÍO BRAVO,CHIHUAHUA,"0854",RANCHO DENTÓN,19.300000,0.000000,2.490000,0.027102,3.295000,0.000000,5.812102,13.48789800000
485,"8",CHIHUAHUA,"6",RIO BRAVO,"0856",LAGUNA EL REY,359.06000000000,856,VI RÍO BRAVO,CHIHUAHUA,"0856",LAGUNA EL REY,1.000000,0.000000,0.416000,0.000000,0.020000,0.000472,0.436472,0.56352771400
486,"8",CHIHUAHUA,"6",RIO BRAVO,"0828",LOS MOSCOS,1089.43000000000,828,VI RÍO BRAVO,CHIHUAHUA,"0828",LOS MOSCOS,37.700000,0.000000,41.134944,0.000000,3.079125,0.012774,44.226843,-6.52684325800
487,"8",CHIHUAHUA,"6",RIO BRAVO,"0829",JOSEFA ORTIZ DE DOMINGUEZ,246.92000000000,829,VI RÍO BRAVO,CHIHUAHUA,"0829",JOSEFA ORTÍZ DE DOMÍNGUEZ,4.900000,0.000000,4.733250,0.000000,0.000000,0.000443,4.733693,0.16630723200
488,"8",CHIHUAHUA,"6",RIO BRAVO,"0811",LAS PALMAS,1705.80000000000,811,VI RÍO BRAVO,CHIHUAHUA,"0811",LAS PALMAS,4.400000,0.800000,3.531906,0.000000,0.000000,0.003373,3.535279,0.06472069500
489,"8",CHIHUAHUA,"6",RIO BRAVO,"0815",LAGUNA EL DIABLO,307.02000000000,815,VI RÍO BRAVO,CHIHUAHUA,"0815",LAGUNA EL DIABLO,0.800000,0.600000,0.240818,0.015512,0.000000,0.000000,0.256330,-0.05633020000
490,"8",CHIHUAHUA,"6",RIO BRAVO,"0834",PARRAL-VALLE DEL VERANO,1455.08000000000,834,VI RÍO BRAVO,CHIHUAHUA,"0834",PARRAL-VALLE DEL VERANO,26.700000,0.000000,23.712179,23.218423,0.330213,0.174247,47.435062,-20.73506154000
491,"8",CHIHUAHUA,"6",RIO BRAVO,"0833",VALLE DE JUAREZ,3413.82000000000,833,VI RÍO BRAVO,CHIHUAHUA,"0833",VALLE DE JUÁREZ,125.900000,0.000000,197.098070,0.000000,1.127000,1.008001,199.233071,-73.33307145000
492,"8",CHIHUAHUA,"6",RIO BRAVO,"0842",ALAMO CHAPO,4922.09000000000,842,VI RÍO BRAVO,CHIHUAHUA,"0842",ÁLAMO CHAPO,73.400000,2.000000,12.891070,1.527960,1.891958,0.018181,16.329168,55.07083168000
494,"8",CHIHUAHUA,"6",RIO BRAVO,"0857",ESCALON,3680.96000000000,857,VI RÍO BRAVO,CHIHUAHUA,"0857",ESCALÓN,15.700000,8.000000,4.228159,0.069125,0.984374,0.015112,5.296769,2.40323052000
495,"8",CHIHUAHUA,"6",RIO BRAVO,"0839",MANUEL BENAVIDES,2401.00000000000,839,VI RÍO BRAVO,CHIHUAHUA,"0839",MANUEL BENAVIDES,22.400000,0.200000,0.683748,0.000000,0.022813,0.000767,0.707328,21.49267204000
496,"8",CHIHUAHUA,"6",RIO BRAVO,"0855",LAGUNA LOS ALAZANES,4405.24000000000,855,VI RÍO BRAVO,CHIHUAHUA,"0855",LAGUNA LOS ALAZANES,27.500000,0.000000,35.652925,3.103037,10.271300,0.000649,49.027912,-21.52791151000
497,"8",CHIHUAHUA,"6",RIO BRAVO,"0843",BOCOYNA,7336.88000000000,843,VI RÍO BRAVO,CHIHUAHUA,"0843",BOCOYNA,236.000000,177.500000,4.488180,2.873328,0.279865,0.355429,7.996802,50.50319779000
498,"8",CHIHUAHUA,"6",RIO BRAVO,"0832",JIMENEZ-CAMARGO,9948.39000000000,832,VI RÍO BRAVO,CHIHUAHUA,"0832",JIMÉNEZ-CAMARGO,174.900000,5.500000,310.207634,20.026264,6.276761,0.263915,336.774574,-167.37457390000
499,"8",CHIHUAHUA,"6",RIO BRAVO,"0848",LAGUNA DE PALOMAS,1640.93000000000,848,VI RÍO BRAVO,CHIHUAHUA,"0848",LAGUNA DE PALOMAS,23.100000,0.000000,18.070229,0.000000,3.733450,0.017471,21.821151,1.27884940500
500,"7",CHIAPAS,"11",FRONTERA SUR,"0707",COMITAN,1594.69000000000,707,XI FRONTERA SUR,CHIAPAS,"0707",COMITÁN,422.400000,324.100000,37.300603,7.882013,0.124263,0.000000,45.306879,52.99312053000
501,"7",CHIAPAS,"11",FRONTERA SUR,"0706",FRAYLESCA,8811.74000000000,706,XI FRONTERA SUR,CHIAPAS,"0706",FRAYLESCA,1224.500000,1116.200000,48.224207,0.000000,1.243825,0.000000,49.468032,58.83196770000
502,"7",CHIAPAS,"11",FRONTERA SUR,"0702",REFORMA,3463.19000000000,702,XI FRONTERA SUR,CHIAPAS,"0702",REFORMA,2968.900000,2750.200000,35.716303,0.000000,2.648388,0.000000,38.364691,180.33530860000
503,"7",CHIAPAS,"11",FRONTERA SUR,"0709",ACAPETAHUA,3636.32000000000,709,XI FRONTERA SUR,CHIAPAS,"0709",ACAPETAHUA,2037.500000,1611.500000,88.535021,29.581149,1.820108,2.711718,122.647996,303.35200360000
504,"7",CHIAPAS,"11",FRONTERA SUR,"0703",TUXTLA,5104.22000000000,703,XI FRONTERA SUR,CHIAPAS,"0703",TUXTLA,240.600000,0.000000,49.696673,0.000000,0.817869,0.000000,50.514542,190.08545840000
505,"7",CHIAPAS,"11",FRONTERA SUR,"0712",SAN CRISTOBAL LAS CASAS,1360.78000000000,712,XI FRONTERA SUR,CHIAPAS,"0712",SAN CRISTÓBAL LAS CASAS,35.600000,0.000000,1.783952,0.000000,0.000000,3.210879,4.994832,30.60516843000
506,"7",CHIAPAS,"11",FRONTERA SUR,"0714",CHICOMUSELO,3832.73000000000,714,XI FRONTERA SUR,CHIAPAS,"0714",CHICOMUSELO,701.000000,0.000000,3.469935,0.000000,0.003024,0.000000,3.472959,697.52704150000
507,"7",CHIAPAS,"11",FRONTERA SUR,"0708",LA TRINITARIA,3439.52000000000,708,XI FRONTERA SUR,CHIAPAS,"0708",LA TRINITARIA,157.400000,0.000000,11.933637,0.052621,1.822132,0.000000,13.808391,143.59160860000
508,"7",CHIAPAS,"11",FRONTERA SUR,"0710",SOCONUSCO,3189.62000000000,710,XI FRONTERA SUR,CHIAPAS,"0710",SOCONUSCO,1444.900000,1119.000000,140.194235,135.895880,2.007790,9.322740,287.420645,38.47935493000
509,"7",CHIAPAS,"11",FRONTERA SUR,"0711",ARRIAGA-PIJIJIAPAN,4141.78000000000,711,XI FRONTERA SUR,CHIAPAS,"0711",ARRIAGA-PIJIJIAPAN,1344.600000,1058.600000,38.588141,16.712789,0.240631,2.847212,58.388773,227.61122740000
510,"7",CHIAPAS,"11",FRONTERA SUR,"0704",OCOZOCOAUTLA,2409.98000000000,704,XI FRONTERA SUR,CHIAPAS,"0704",OCOZOCOAUTLA,180.000000,0.000000,6.756753,0.000000,0.012000,0.000000,6.768753,173.23124710000
511,"7",CHIAPAS,"11",FRONTERA SUR,"0713",MARQUES DE COMILLAS,2012.05000000000,713,XI FRONTERA SUR,CHIAPAS,"0713",MARQUÉS DE COMILLAS,186.600000,174.700000,2.976349,2.100076,0.000000,0.000000,5.076424,6.82357587000
512,"7",CHIAPAS,"11",FRONTERA SUR,"0715",OCOSINGO,15427.84000000000,715,XI FRONTERA SUR,CHIAPAS,"0715",OCOSINGO,4535.900000,4146.300000,0.765926,0.380414,0.000000,0.000000,1.146340,388.45366040000
513,"7",CHIAPAS,"11",FRONTERA SUR,"0705",CINTALAPA,5508.72000000000,705,XI FRONTERA SUR,CHIAPAS,"0705",CINTALAPA,320.400000,0.000000,22.704117,0.000000,2.444083,0.000000,25.148200,295.25180020000
514,"7",CHIAPAS,"11",FRONTERA SUR,"0701",PALENQUE,3170.29000000000,701,XI FRONTERA SUR,CHIAPAS,"0701",PALENQUE,193.000000,0.000000,23.204873,1.985579,6.729044,0.000000,31.919496,161.08050400000
515,"3",BAJA CALIFORNIA SUR,"1",PENINSULA DE BAJA CALIFORNIA,"0306",SANTO DOMINGO,13939.28000000000,306,I PENÍNSULA DE BAJA CALIFORNIA,BAJA CALIFORNIA SUR,"0306",SANTO DOMINGO,146.400000,0.000000,176.507383,0.000000,0.006000,0.167338,176.680721,-30.28072101000
516,"3",BAJA CALIFORNIA SUR,"1",PENINSULA DE BAJA CALIFORNIA,"0319",SAN JOSE DEL CABO,1284.24000000000,319,I PENÍNSULA DE BAJA CALIFORNIA,BAJA CALIFORNIA SUR,"0319",SAN JOSÉ DEL CABO,35.900000,10.800000,29.591913,0.000000,7.388213,0.613702,37.593828,-12.49382766000
517,"3",BAJA CALIFORNIA SUR,"1",PENINSULA DE BAJA CALIFORNIA,"0302",VIZCAINO,11445.54000000000,302,I PENÍNSULA DE BAJA CALIFORNIA,BAJA CALIFORNIA SUR,"0302",VIZCAÍNO,41.200000,3.500000,37.828956,0.000000,0.000000,0.368226,38.197182,-0.49718179500
518,"3",BAJA CALIFORNIA SUR,"1",PENINSULA DE BAJA CALIFORNIA,"0305",MEZQUITAL SECO,947.56000000000,305,I PENÍNSULA DE BAJA CALIFORNIA,BAJA CALIFORNIA SUR,"0305",MEZQUITAL SECO,2.600000,0.800000,1.733440,0.000000,0.000000,0.019961,1.753401,0.04659917600
519,"3",BAJA CALIFORNIA SUR,"1",PENINSULA DE BAJA CALIFORNIA,"0307",SANTA RITA,2041.97000000000,307,I PENÍNSULA DE BAJA CALIFORNIA,BAJA CALIFORNIA SUR,"0307",SANTA RITA,3.200000,2.000000,1.208573,0.000000,0.000000,0.032969,1.241542,-0.04154170700
520,"3",BAJA CALIFORNIA SUR,"1",PENINSULA DE BAJA CALIFORNIA,"0316",MIGRIÑO,250.23000000000,316,I PENÍNSULA DE BAJA CALIFORNIA,BAJA CALIFORNIA SUR,"0316",MIGRIÑO,0.900000,0.600000,0.286000,0.000000,0.000000,0.005580,0.291580,0.00842006700
521,"3",BAJA CALIFORNIA SUR,"1",PENINSULA DE BAJA CALIFORNIA,"0321",SAN BARTOLO,680.42000000000,321,I PENÍNSULA DE BAJA CALIFORNIA,BAJA CALIFORNIA SUR,"0321",SAN BARTOLO,10.900000,6.900000,1.085644,0.000000,1.100769,0.026212,2.212624,1.78737587800
522,"3",BAJA CALIFORNIA SUR,"1",PENINSULA DE BAJA CALIFORNIA,"0323",LOS PLANES,1013.12000000000,323,I PENÍNSULA DE BAJA CALIFORNIA,BAJA CALIFORNIA SUR,"0323",LOS PLANES,10.800000,0.200000,12.325344,0.000000,0.577890,0.034336,12.937570,-2.33757008300
523,"3",BAJA CALIFORNIA SUR,"1",PENINSULA DE BAJA CALIFORNIA,"0325",EL COYOTE,270.74000000000,325,I PENÍNSULA DE BAJA CALIFORNIA,BAJA CALIFORNIA SUR,"0325",EL COYOTE,3.400000,2.700000,5.195240,0.000000,1.740339,0.002166,6.937745,-6.23774512300
524,"3",BAJA CALIFORNIA SUR,"1",PENINSULA DE BAJA CALIFORNIA,"0327",TEPENTU,510.80000000000,327,I PENÍNSULA DE BAJA CALIFORNIA,BAJA CALIFORNIA SUR,"0327",TEPENTÚ,3.800000,2.700000,0.006000,0.000000,0.000000,0.001788,0.007788,1.09221164900
525,"3",BAJA CALIFORNIA SUR,"1",PENINSULA DE BAJA CALIFORNIA,"0331",BAHIA CONCEPCION,1547.79000000000,331,I PENÍNSULA DE BAJA CALIFORNIA,BAJA CALIFORNIA SUR,"0331",BAHÍA CONCEPCIÓN,5.700000,4.900000,0.069725,0.000000,0.000000,0.008405,0.078129,0.72187094200
526,"3",BAJA CALIFORNIA SUR,"1",PENINSULA DE BAJA CALIFORNIA,"0339",PARALELO 28,820.82000000000,339,I PENÍNSULA DE BAJA CALIFORNIA,BAJA CALIFORNIA SUR,"0339",PARALELO 28,5.400000,4.000000,0.000000,0.000000,0.000000,0.000303,0.000303,1.39969674300
527,"3",BAJA CALIFORNIA SUR,"1",PENINSULA DE BAJA CALIFORNIA,"0330",ROSARITO,352.79000000000,330,I PENÍNSULA DE BAJA CALIFORNIA,BAJA CALIFORNIA SUR,"0330",ROSARITO,2.500000,2.200000,0.105620,0.000000,0.030000,0.001733,0.137353,0.16264710200
528,"3",BAJA CALIFORNIA SUR,"1",PENINSULA DE BAJA CALIFORNIA,"0301",PUNTA EUGENIA,3928.05000000000,301,I PENÍNSULA DE BAJA CALIFORNIA,BAJA CALIFORNIA SUR,"0301",PUNTA EUGENIA,3.300000,1.800000,0.212637,0.000000,0.001132,0.017311,0.231080,1.26892021100
529,"3",BAJA CALIFORNIA SUR,"1",PENINSULA DE BAJA CALIFORNIA,"0338",LAS VIRGENES,1453.83000000000,338,I PENÍNSULA DE BAJA CALIFORNIA,BAJA CALIFORNIA SUR,"0338",LAS VÍRGENES,4.700000,0.000000,3.274924,0.000000,0.000000,0.003206,3.278130,1.42187013800
530,"3",BAJA CALIFORNIA SUR,"1",PENINSULA DE BAJA CALIFORNIA,"0337",SANTA ROSALIA,186.19000000000,337,I PENÍNSULA DE BAJA CALIFORNIA,BAJA CALIFORNIA SUR,"0337",SANTA ROSALÍA,0.900000,0.800000,0.053364,0.000000,0.000000,0.019912,0.073276,0.02672369700
531,"3",BAJA CALIFORNIA SUR,"1",PENINSULA DE BAJA CALIFORNIA,"0336",SANTA AGUEDA,487.26000000000,336,I PENÍNSULA DE BAJA CALIFORNIA,BAJA CALIFORNIA SUR,"0336",SANTA ÁGUEDA,6.100000,5.900000,0.387793,0.000000,0.000000,0.000613,0.388406,-0.18840558000
532,"3",BAJA CALIFORNIA SUR,"1",PENINSULA DE BAJA CALIFORNIA,"0335",SAN LUCAS,140.05000000000,335,I PENÍNSULA DE BAJA CALIFORNIA,BAJA CALIFORNIA SUR,"0335",SAN LUCAS,0.400000,0.300000,0.234830,0.000000,0.000000,0.001976,0.236806,-0.13680550400
533,"3",BAJA CALIFORNIA SUR,"1",PENINSULA DE BAJA CALIFORNIA,"0334",SAN BRUNO,109.15000000000,334,I PENÍNSULA DE BAJA CALIFORNIA,BAJA CALIFORNIA SUR,"0334",SAN BRUNO,1.000000,0.400000,1.214015,0.000000,0.000000,0.017610,1.231625,-0.63162471400
534,"3",BAJA CALIFORNIA SUR,"1",PENINSULA DE BAJA CALIFORNIA,"0333",SAN MARCOS-PALO VERDE,943.82000000000,333,I PENÍNSULA DE BAJA CALIFORNIA,BAJA CALIFORNIA SUR,"0333",SAN MARCOS-PALO VERDE,2.400000,0.500000,3.269945,0.000000,0.000000,0.001839,3.271784,-1.37178360500
535,"3",BAJA CALIFORNIA SUR,"1",PENINSULA DE BAJA CALIFORNIA,"0332",MULEGE,742.08000000000,332,I PENÍNSULA DE BAJA CALIFORNIA,BAJA CALIFORNIA SUR,"0332",MULEGÉ,10.100000,3.300000,5.733535,0.000000,0.577125,0.006425,6.317085,0.48291507900
536,"3",BAJA CALIFORNIA SUR,"1",PENINSULA DE BAJA CALIFORNIA,"0304",LA PURISIMA,4797.22000000000,304,I PENÍNSULA DE BAJA CALIFORNIA,BAJA CALIFORNIA SUR,"0304",LA PURÍSIMA,9.700000,9.000000,2.470359,0.000000,0.126000,0.012160,2.608519,-1.90851874900
537,"3",BAJA CALIFORNIA SUR,"1",PENINSULA DE BAJA CALIFORNIA,"0303",SAN IGNACIO,11490.57000000000,303,I PENÍNSULA DE BAJA CALIFORNIA,BAJA CALIFORNIA SUR,"0303",SAN IGNACIO,9.200000,4.300000,7.908550,0.000000,0.010522,0.109108,8.028180,-3.12817962000
538,"3",BAJA CALIFORNIA SUR,"1",PENINSULA DE BAJA CALIFORNIA,"0308",LAS POCITAS-SAN HILARIO,2593.22000000000,308,I PENÍNSULA DE BAJA CALIFORNIA,BAJA CALIFORNIA SUR,"0308",LAS POCITAS-SAN HILARIO,7.200000,0.300000,2.616774,0.000000,0.110365,0.016026,2.743165,4.15683472200
539,"3",BAJA CALIFORNIA SUR,"1",PENINSULA DE BAJA CALIFORNIA,"0314",EL PESCADERO,438.56000000000,314,I PENÍNSULA DE BAJA CALIFORNIA,BAJA CALIFORNIA SUR,"0314",EL PESCADERO,8.300000,5.100000,3.015391,0.000000,0.044844,0.032083,3.092318,0.10768211800
540,"3",BAJA CALIFORNIA SUR,"1",PENINSULA DE BAJA CALIFORNIA,"0320",SANTIAGO,1102.84000000000,320,I PENÍNSULA DE BAJA CALIFORNIA,BAJA CALIFORNIA SUR,"0320",SANTIAGO,24.500000,4.600000,19.160103,0.000000,0.414656,0.026855,19.601614,0.29838627200
541,"3",BAJA CALIFORNIA SUR,"1",PENINSULA DE BAJA CALIFORNIA,"0315",PLUTARCO ELIAS CALLES,385.06000000000,315,I PENÍNSULA DE BAJA CALIFORNIA,BAJA CALIFORNIA SUR,"0315",PLUTARCO ELÍAS CALLES,2.800000,1.800000,1.003100,0.000000,0.001800,0.007606,1.012506,-0.01250612500
542,"3",BAJA CALIFORNIA SUR,"1",PENINSULA DE BAJA CALIFORNIA,"0318",CABO PULMO,626.57000000000,318,I PENÍNSULA DE BAJA CALIFORNIA,BAJA CALIFORNIA SUR,"0318",CABO PULMO,2.300000,2.000000,0.898620,0.000000,1.677840,0.010481,2.586941,-2.28694057000
543,"3",BAJA CALIFORNIA SUR,"1",PENINSULA DE BAJA CALIFORNIA,"0317",CABO SAN LUCAS,515.43000000000,317,I PENÍNSULA DE BAJA CALIFORNIA,BAJA CALIFORNIA SUR,"0317",CABO SAN LUCAS,2.700000,2.200000,5.559762,0.000000,17.165199,1.844649,24.569610,-24.06961039000
544,"2",BAJA CALIFORNIA,"1",PENINSULA DE BAJA CALIFORNIA,"0223",VALLE CHICO-SAN PEDRO MARTIR,3069.60000000000,223,I PENÍNSULA DE BAJA CALIFORNIA,BAJA CALIFORNIA,"0223",VALLE CHICO-SAN PEDRO MÁRTIR,13.800000,0.000000,11.503179,0.000000,0.650000,0.010360,12.163538,1.63646156000
545,"2",BAJA CALIFORNIA,"1",PENINSULA DE BAJA CALIFORNIA,"0248",REAL DEL CASTILLO,800.29000000000,248,I PENÍNSULA DE BAJA CALIFORNIA,BAJA CALIFORNIA,"0248",REAL DEL CASTILLO,11.700000,0.000000,10.628535,0.000000,0.000000,0.002132,10.630667,1.06933337100
546,"2",BAJA CALIFORNIA,"1",PENINSULA DE BAJA CALIFORNIA,"0208",OJOS NEGROS,657.62000000000,208,I PENÍNSULA DE BAJA CALIFORNIA,BAJA CALIFORNIA,"0208",OJOS NEGROS,22.300000,0.000000,26.621879,0.000000,0.000000,0.112497,26.734376,-4.43437597600
547,"2",BAJA CALIFORNIA,"1",PENINSULA DE BAJA CALIFORNIA,"0216",LA TRINIDAD,1212.18000000000,216,I PENÍNSULA DE BAJA CALIFORNIA,BAJA CALIFORNIA,"0216",LA TRINIDAD,22.400000,0.000000,27.286910,0.000000,0.000000,0.043596,27.330506,-4.93050627200
548,"2",BAJA CALIFORNIA,"1",PENINSULA DE BAJA CALIFORNIA,"0205",LAS PALMAS,2118.20000000000,205,I PENÍNSULA DE BAJA CALIFORNIA,BAJA CALIFORNIA,"0205",LAS PALMAS,11.200000,0.000000,10.233809,0.000000,0.000000,0.141410,10.375219,0.82478081600
549,"2",BAJA CALIFORNIA,"1",PENINSULA DE BAJA CALIFORNIA,"0207",GUADALUPE,975.62000000000,207,I PENÍNSULA DE BAJA CALIFORNIA,BAJA CALIFORNIA,"0207",GUADALUPE,18.800000,0.100000,36.486067,0.000000,0.000000,0.172063,36.658130,-17.95813014000
550,"2",BAJA CALIFORNIA,"1",PENINSULA DE BAJA CALIFORNIA,"0212",MANEADERO,1466.25000000000,212,I PENÍNSULA DE BAJA CALIFORNIA,BAJA CALIFORNIA,"0212",MANEADERO,33.800000,0.000000,38.758707,0.000000,0.012000,1.558078,40.328785,-6.52878544300
551,"2",BAJA CALIFORNIA,"1",PENINSULA DE BAJA CALIFORNIA,"0219",CAMALU,246.33000000000,219,I PENÍNSULA DE BAJA CALIFORNIA,BAJA CALIFORNIA,"0219",CAMALÚ,7.800000,0.000000,12.144363,0.000000,0.000000,0.126626,12.270989,-4.47098913800
552,"2",BAJA CALIFORNIA,"1",PENINSULA DE BAJA CALIFORNIA,"0221",SAN QUINTIN,951.46000000000,221,I PENÍNSULA DE BAJA CALIFORNIA,BAJA CALIFORNIA,"0221",SAN QUINTÍN,24.300000,0.000000,61.421217,0.000000,0.000000,0.785621,62.206838,-37.90683835000
553,"2",BAJA CALIFORNIA,"1",PENINSULA DE BAJA CALIFORNIA,"0220",COLONIA VICENTE GUERRERO,1107.61000000000,220,I PENÍNSULA DE BAJA CALIFORNIA,BAJA CALIFORNIA,"0220",COLONIA VICENTE GUERRERO,15.600000,1.100000,40.458803,0.000000,0.000000,0.175508,40.634311,-26.13431085000
554,"2",BAJA CALIFORNIA,"1",PENINSULA DE BAJA CALIFORNIA,"0229",JAMAU,730.53000000000,229,I PENÍNSULA DE BAJA CALIFORNIA,BAJA CALIFORNIA,"0229",JAMAU,6.900000,0.500000,0.092825,0.000000,0.000000,0.000000,0.092825,6.30717500000
555,"2",BAJA CALIFORNIA,"1",PENINSULA DE BAJA CALIFORNIA,"0201",TIJUANA,244.99000000000,201,I PENÍNSULA DE BAJA CALIFORNIA,BAJA CALIFORNIA,"0201",TIJUANA,19.500000,4.600000,14.893271,0.000000,0.020000,1.650749,16.564020,-1.66402004800
556,"2",BAJA CALIFORNIA,"1",PENINSULA DE BAJA CALIFORNIA,"0218",SAN TELMO,1288.06000000000,218,I PENÍNSULA DE BAJA CALIFORNIA,BAJA CALIFORNIA,"0218",SAN TELMO,8.500000,0.000000,22.096570,0.000000,0.000000,0.119801,22.216370,-13.71637030000
557,"2",BAJA CALIFORNIA,"1",PENINSULA DE BAJA CALIFORNIA,"0227",VILLA DE JESUS MARIA,1599.27000000000,227,I PENÍNSULA DE BAJA CALIFORNIA,BAJA CALIFORNIA,"0227",VILLA DE JESÚS MARÍA,2.300000,0.100000,1.646345,0.000000,0.159895,0.023297,1.829536,0.37046367600
558,"2",BAJA CALIFORNIA,"1",PENINSULA DE BAJA CALIFORNIA,"0244",EL PROGRESO-EL BARRIL,1178.15000000000,244,I PENÍNSULA DE BAJA CALIFORNIA,BAJA CALIFORNIA,"0244",EL PROGRESO-EL BARRIL,2.400000,0.500000,0.044948,0.000000,0.000000,0.003216,0.048164,1.85183605700
559,"2",BAJA CALIFORNIA,"1",PENINSULA DE BAJA CALIFORNIA,"0242",LA BOCANA-LLANOS DE SAN PEDRO,993.46000000000,242,I PENÍNSULA DE BAJA CALIFORNIA,BAJA CALIFORNIA,"0242",LA BOCANA-LLANOS DE SAN PEDRO,4.800000,0.700000,0.008760,0.000000,0.000000,0.000000,0.008760,4.09124000000
560,"2",BAJA CALIFORNIA,"1",PENINSULA DE BAJA CALIFORNIA,"0236",LA RUMOROSA-TECATE,738.90000000000,236,I PENÍNSULA DE BAJA CALIFORNIA,BAJA CALIFORNIA,"0236",LA RUMOROSA-TECATE,1.800000,0.000000,0.681195,0.000000,0.000000,0.030134,0.711329,1.08867116600
561,"2",BAJA CALIFORNIA,"1",PENINSULA DE BAJA CALIFORNIA,"0202",TECATE,762.47000000000,202,I PENÍNSULA DE BAJA CALIFORNIA,BAJA CALIFORNIA,"0202",TECATE,14.100000,0.000000,12.323791,0.000000,0.000000,0.441065,12.764855,1.33514489200
562,"2",BAJA CALIFORNIA,"1",PENINSULA DE BAJA CALIFORNIA,"0204",LOS MEDANOS,110.29000000000,204,I PENÍNSULA DE BAJA CALIFORNIA,BAJA CALIFORNIA,"0204",LOS MÉDANOS,1.800000,0.100000,1.047989,0.000000,0.012500,0.152344,1.212833,0.48716705300
563,"2",BAJA CALIFORNIA,"1",PENINSULA DE BAJA CALIFORNIA,"0209",LAGUNA SALADA,5689.39000000000,209,I PENÍNSULA DE BAJA CALIFORNIA,BAJA CALIFORNIA,"0209",LAGUNA SALADA,17.800000,0.000000,16.310752,0.000000,0.450913,0.001251,16.762916,1.03708370900
564,"2",BAJA CALIFORNIA,"1",PENINSULA DE BAJA CALIFORNIA,"0213",SANTO TOMAS,886.24000000000,213,I PENÍNSULA DE BAJA CALIFORNIA,BAJA CALIFORNIA,"0213",SANTO TOMÁS,6.500000,0.200000,10.570090,0.000000,0.000000,0.040038,10.610128,-4.31012786200
565,"2",BAJA CALIFORNIA,"1",PENINSULA DE BAJA CALIFORNIA,"0215",CAÑON LA CALENTURA,645.53000000000,215,I PENÍNSULA DE BAJA CALIFORNIA,BAJA CALIFORNIA,"0215",CAÑÓN LA CALENTURA,9.900000,0.600000,15.943578,0.000000,0.000000,0.001309,15.944887,-6.64488651800
566,"2",BAJA CALIFORNIA,"1",PENINSULA DE BAJA CALIFORNIA,"0247",EL SOCORRO,526.21000000000,247,I PENÍNSULA DE BAJA CALIFORNIA,BAJA CALIFORNIA,"0247",EL SOCORRO,1.900000,0.200000,1.107922,0.000000,0.000000,0.007666,1.115588,0.58441201900
567,"2",BAJA CALIFORNIA,"1",PENINSULA DE BAJA CALIFORNIA,"0238",MATOMI-PUERTECITOS,1258.85000000000,238,I PENÍNSULA DE BAJA CALIFORNIA,BAJA CALIFORNIA,"0238",MATOMI-PUERTECITOS,4.800000,3.300000,0.023354,0.000000,0.000000,0.009313,0.032667,1.46733297500
568,"2",BAJA CALIFORNIA,"1",PENINSULA DE BAJA CALIFORNIA,"0240",CALAMAJUE,934.54000000000,240,I PENÍNSULA DE BAJA CALIFORNIA,BAJA CALIFORNIA,"0240",CALAMAJUÉ,0.100000,0.000000,0.000000,0.000000,0.000000,0.000000,0.000000,0.10000000000
569,"2",BAJA CALIFORNIA,"1",PENINSULA DE BAJA CALIFORNIA,"0241",AGUA AMARGA,2250.97000000000,241,I PENÍNSULA DE BAJA CALIFORNIA,BAJA CALIFORNIA,"0241",AGUA AMARGA,0.900000,0.000000,0.000000,0.000000,0.000000,0.010626,0.010626,0.88937376900
570,"2",BAJA CALIFORNIA,"1",PENINSULA DE BAJA CALIFORNIA,"0226",BAHIA DE LOS ANGELES,525.33000000000,226,I PENÍNSULA DE BAJA CALIFORNIA,BAJA CALIFORNIA,"0226",BAHÍA DE LOS ÁNGELES,1.100000,0.000000,0.506165,0.000000,0.000000,0.000000,0.506165,0.59383500000
571,"2",BAJA CALIFORNIA,"1",PENINSULA DE BAJA CALIFORNIA,"0234",LA BACHATA-SANTA ROSALITA,2432.28000000000,234,I PENÍNSULA DE BAJA CALIFORNIA,BAJA CALIFORNIA,"0234",LA BACHATA-SANTA ROSALITA,0.500000,0.000000,0.126516,0.000000,0.000822,0.013371,0.140709,0.35929097200
572,"2",BAJA CALIFORNIA,"1",PENINSULA DE BAJA CALIFORNIA,"0235",NUEVO ROSARITO,1617.60000000000,235,I PENÍNSULA DE BAJA CALIFORNIA,BAJA CALIFORNIA,"0235",NUEVO ROSARITO,5.200000,0.300000,0.470721,0.000000,0.000000,0.006657,0.477378,4.42262181000
573,"2",BAJA CALIFORNIA,"1",PENINSULA DE BAJA CALIFORNIA,"0228",LLANOS DEL BERRENDO,3519.19000000000,228,I PENÍNSULA DE BAJA CALIFORNIA,BAJA CALIFORNIA,"0228",LLANOS DEL BERRENDO,21.100000,10.400000,0.703462,0.000000,0.277048,0.012723,0.993233,9.70676722300
574,"2",BAJA CALIFORNIA,"1",PENINSULA DE BAJA CALIFORNIA,"0224",EL ROSARIO,2812.40000000000,224,I PENÍNSULA DE BAJA CALIFORNIA,BAJA CALIFORNIA,"0224",EL ROSARIO,5.800000,0.200000,5.148924,0.000000,0.000000,0.058335,5.207259,0.39274124800
575,"2",BAJA CALIFORNIA,"1",PENINSULA DE BAJA CALIFORNIA,"0245",ROSARITO,338.59000000000,245,I PENÍNSULA DE BAJA CALIFORNIA,BAJA CALIFORNIA,"0245",ROSARITO,6.200000,0.500000,4.158683,0.000000,0.014415,0.793626,4.966724,0.73327579700
576,"2",BAJA CALIFORNIA,"1",PENINSULA DE BAJA CALIFORNIA,"0203",EL DESCANSO,267.18000000000,203,I PENÍNSULA DE BAJA CALIFORNIA,BAJA CALIFORNIA,"0203",EL DESCANSO,2.700000,0.400000,1.526544,0.000000,0.246000,0.026545,1.799089,0.50091061800
577,"2",BAJA CALIFORNIA,"1",PENINSULA DE BAJA CALIFORNIA,"0206",LA MISION,476.27000000000,206,I PENÍNSULA DE BAJA CALIFORNIA,BAJA CALIFORNIA,"0206",LA MISIÓN,8.300000,0.300000,7.475716,0.000000,0.000000,0.052419,7.528134,0.47186582400
578,"2",BAJA CALIFORNIA,"1",PENINSULA DE BAJA CALIFORNIA,"0211",ENSENADA,752.25000000000,211,I PENÍNSULA DE BAJA CALIFORNIA,BAJA CALIFORNIA,"0211",ENSENADA,3.700000,0.000000,11.637653,0.000000,0.000000,0.119667,11.757320,-8.05731975300
579,"2",BAJA CALIFORNIA,"1",PENINSULA DE BAJA CALIFORNIA,"0214",SAN VICENTE,2082.07000000000,214,I PENÍNSULA DE BAJA CALIFORNIA,BAJA CALIFORNIA,"0214",SAN VICENTE,28.000000,1.400000,23.202280,0.000000,0.084583,0.063699,23.350562,3.24943793200
580,"2",BAJA CALIFORNIA,"1",PENINSULA DE BAJA CALIFORNIA,"0217",SAN RAFAEL,1260.64000000000,217,I PENÍNSULA DE BAJA CALIFORNIA,BAJA CALIFORNIA,"0217",SAN RAFAEL,12.400000,0.000000,42.647418,0.000000,0.000000,0.066253,42.713671,-30.31367112000
581,"2",BAJA CALIFORNIA,"1",PENINSULA DE BAJA CALIFORNIA,"0246",SAN SIMON,1967.06000000000,246,I PENÍNSULA DE BAJA CALIFORNIA,BAJA CALIFORNIA,"0246",SAN SIMÓN,27.200000,3.300000,26.045619,0.000000,0.000000,0.185736,26.231355,-2.33135523900
582,"2",BAJA CALIFORNIA,"1",PENINSULA DE BAJA CALIFORNIA,"0230",SAN FERNANDO-SAN AGUSTIN,2692.37000000000,230,I PENÍNSULA DE BAJA CALIFORNIA,BAJA CALIFORNIA,"0230",SAN FERNANDO-SAN AGUSTÍN,3.000000,0.400000,1.467124,0.000000,0.240000,0.000561,1.707685,0.89231499200
583,"2",BAJA CALIFORNIA,"1",PENINSULA DE BAJA CALIFORNIA,"0231",SANTA CATARINA,1518.69000000000,231,I PENÍNSULA DE BAJA CALIFORNIA,BAJA CALIFORNIA,"0231",SANTA CATARINA,0.700000,0.000000,0.008419,0.000000,0.460000,0.001720,0.470139,0.22986107700
584,"2",BAJA CALIFORNIA,"1",PENINSULA DE BAJA CALIFORNIA,"0232",PUNTA CANOAS-SAN JOSE,3094.87000000000,232,I PENÍNSULA DE BAJA CALIFORNIA,BAJA CALIFORNIA,"0232",PUNTA CANOAS-SAN JOSÉ,0.700000,0.000000,0.371561,0.000000,0.013973,0.002795,0.388329,0.31167113400
585,"2",BAJA CALIFORNIA,"1",PENINSULA DE BAJA CALIFORNIA,"0233",LAGUNA DE CHAPALA,2380.72000000000,233,I PENÍNSULA DE BAJA CALIFORNIA,BAJA CALIFORNIA,"0233",LAGUNA DE CHAPALA,1.200000,0.600000,0.006138,0.000000,0.004638,0.004226,0.015002,0.58499774300
586,"2",BAJA CALIFORNIA,"1",PENINSULA DE BAJA CALIFORNIA,"0243",SAN RAFAEL-LA PALMA,762.95000000000,243,I PENÍNSULA DE BAJA CALIFORNIA,BAJA CALIFORNIA,"0243",SAN RAFAEL-LA PALMA,1.000000,0.400000,0.005731,0.000000,0.000000,0.000000,0.005731,0.59426900000
587,"2",BAJA CALIFORNIA,"1",PENINSULA DE BAJA CALIFORNIA,"0225",BAHIA DE SAN LUIS GONZAGA,1205.97000000000,225,I PENÍNSULA DE BAJA CALIFORNIA,BAJA CALIFORNIA,"0225",BAHÍA DE SAN LUIS GONZAGA,5.500000,2.000000,0.094527,0.000000,0.000000,0.001459,0.095985,3.40401488000
588,"2",BAJA CALIFORNIA,"1",PENINSULA DE BAJA CALIFORNIA,"0239",EL HUERFANITO,1024.44000000000,239,I PENÍNSULA DE BAJA CALIFORNIA,BAJA CALIFORNIA,"0239",EL HUERFANITO,0.500000,0.000000,0.001825,0.000000,0.000000,0.000000,0.001825,0.49817500000
589,"2",BAJA CALIFORNIA,"1",PENINSULA DE BAJA CALIFORNIA,"0222",SAN FELIPE-PUNTA ESTRELLA,1289.87000000000,222,I PENÍNSULA DE BAJA CALIFORNIA,BAJA CALIFORNIA,"0222",SAN FELIPE-PUNTA ESTRELLA,10.400000,5.000000,7.013718,0.000000,0.155000,0.082159,7.250877,-1.85087718300
590,"2",BAJA CALIFORNIA,"1",PENINSULA DE BAJA CALIFORNIA,"0237",EL CHINERO,2522.18000000000,237,I PENÍNSULA DE BAJA CALIFORNIA,BAJA CALIFORNIA,"0237",EL CHINERO,4.100000,0.200000,2.363946,0.000000,0.000000,0.015475,2.379421,1.52057879300
591,"1",AGUASCALIENTES,"8",LERMA-SANTIAGO-PACIFICO,"0104",VENADERO,111.06000000000,104,VIII LERMA SANTIAGO PACÍFICO,AGUASCALIENTES,"0104",VENADERO,1.900000,0.900000,1.719318,0.000000,0.000000,0.014088,1.733406,-0.73340615000
592,"1",AGUASCALIENTES,"8",LERMA-SANTIAGO-PACIFICO,"0102",VALLE DE CHICALOTE,724.67000000000,102,VIII LERMA SANTIAGO PACÍFICO,AGUASCALIENTES,"0102",VALLE DE CHICALOTE,35.000000,0.000000,48.633482,0.000000,0.162600,0.000000,48.796082,-13.79608150000
593,"1",AGUASCALIENTES,"8",LERMA-SANTIAGO-PACIFICO,"0105",VALLE DE CALVILLO,1048.20000000000,105,VIII LERMA SANTIAGO PACÍFICO,AGUASCALIENTES,"0105",VALLE DE CALVILLO,25.000000,2.000000,40.461103,0.000000,0.000000,0.249825,40.710928,-17.71092837000
594,"1",AGUASCALIENTES,"8",LERMA-SANTIAGO-PACIFICO,"0101",VALLE DE AGUASCALIENTES,3129.21000000000,101,VIII LERMA SANTIAGO PACÍFICO,AGUASCALIENTES,"0101",VALLE DE AGUASCALIENTES,249.600000,2.400000,336.387389,0.000000,6.570920,0.000000,342.958309,-95.75830940000
595,"1",AGUASCALIENTES,"8",LERMA-SANTIAGO-PACIFICO,"0103",EL LLANO,554.94000000000,103,VIII LERMA SANTIAGO PACÍFICO,AGUASCALIENTES,"0103",EL LLANO,15.000000,3.000000,18.257537,0.000000,0.000000,0.000000,18.257537,-6.25753730000
596,"21",PUEBLA,"4",BALSAS,"2104",VALLE DE PUEBLA,2025.09000000000,2104,IV BALSAS,PUEBLA,"2104",VALLE DE PUEBLA,360.700000,61.200000,271.705989,0.000000,9.776557,0.000000,281.482546,18.01745388000
597,"21",PUEBLA,"4",BALSAS,"2106",IXCAQUIXTLA,9558.61000000000,2106,IV BALSAS,PUEBLA,"2106",IXCAQUIXTLA,110.300000,1.300000,43.206805,27.284838,4.437526,0.000000,74.929168,34.07083165000
598,"21",PUEBLA,"4",BALSAS,"2103",ATLIXCO-IZUCAR DE MATAMOROS,2658.36000000000,2103,IV BALSAS,PUEBLA,"2103",ATLIXCO-IZÚCAR DE MATAMOROS,244.300000,83.900000,119.615250,0.272799,4.016130,0.000000,123.904179,36.49582124000
599,"21",PUEBLA,"10",GOLFO CENTRO,"2105",VALLE DE TEHUACAN,3155.48000000000,2105,X GOLFO CENTRO,PUEBLA,"2105",VALLE DE TEHUACÁN,246.900000,81.900000,134.122741,0.000000,5.552706,0.000000,139.675448,25.32455219000
600,"21",PUEBLA,"4",BALSAS,"2102",LIBRES-ORIENTAL,3973.80000000000,2102,IV BALSAS,PUEBLA,"2102",LIBRES-ORIENTAL,137.400000,0.000000,157.874051,0.000000,1.897587,0.000000,159.771638,-22.37163843000
601,"21",PUEBLA,"4",BALSAS,"2101",VALLE DE TECAMACHALCO,3339.60000000000,2101,IV BALSAS,PUEBLA,"2101",VALLE DE TECAMACHALCO,157.100000,0.000000,212.901959,0.000000,4.854655,0.000000,217.756614,-60.65661358000
602,"2",BAJA CALIFORNIA,"1",PENINSULA DE BAJA CALIFORNIA,"0210",VALLE DE MEXICALI,4907.75000000000,210,I PENÍNSULA DE BAJA CALIFORNIA,BAJA CALIFORNIA,"0210",VALLE DE MEXICALI,520.500000,2.500000,948.021904,0.000000,0.014822,2.007546,950.044272,-432.04427220000
603,"26",SONORA,"1",PENINSULA DE BAJA CALIFORNIA,"2601",VALLE DE SAN LUIS RIO COLORADO,4396.61000000000,2601,I PENÍNSULA DE BAJA CALIFORNIA,SONORA,"2601",VALLE DE SAN LUIS RÍO COLORADO,236.800000,32.500000,173.121784,0.000000,118.939968,0.166411,292.228164,-87.92816360000
604,"8",CHIHUAHUA,"6",RIO BRAVO,"0804",BUENAVENTURA,3038.93000000000,804,VI RÍO BRAVO,CHIHUAHUA,"0804",BUENAVENTURA,66.500000,0.000000,120.980092,65.729806,1.121298,0.062872,187.894067,-121.39406730000
605,"8",CHIHUAHUA,"6",RIO BRAVO,"0824",LAGUNA DE HORMIGAS,6015.24000000000,824,VI RÍO BRAVO,CHIHUAHUA,"0824",LAGUNA DE HORMIGAS,25.500000,0.000000,20.204271,222.454208,5.152600,0.007593,247.818672,-222.31867200000
606,"8",CHIHUAHUA,"6",RIO BRAVO,"0814",LAGUNA DE TARABILLAS,2437.43000000000,814,VI RÍO BRAVO,CHIHUAHUA,"0814",LAGUNA DE TARABILLAS,36.400000,0.000000,36.414775,231.621009,31.689480,0.036997,299.762262,-263.36226190000
607,"8",CHIHUAHUA,"6",RIO BRAVO,"0817",LAGUNA DE PATOS,4105.51000000000,817,VI RÍO BRAVO,CHIHUAHUA,"0817",LAGUNA DE PATOS,11.000000,0.000000,11.934139,52.485370,0.489125,0.010299,64.918933,-53.91893350000
608,"8",CHIHUAHUA,"6",RIO BRAVO,"0818",LAGUNA DE SANTA MARIA,5344.13000000000,818,VI RÍO BRAVO,CHIHUAHUA,"0818",LAGUNA DE SANTA MARÍA,45.200000,3.200000,35.181931,324.469269,1.800000,0.041402,361.492601,-319.49260140000
609,"8",CHIHUAHUA,"6",RIO BRAVO,"0819",LAGUNA LA VIEJA,1681.21000000000,819,VI RÍO BRAVO,CHIHUAHUA,"0819",LAGUNA LA VIEJA,77.100000,0.000000,56.601308,204.653682,12.000000,0.016323,273.271314,-196.17131360000
610,"8",CHIHUAHUA,"6",RIO BRAVO,"0823",CONEJOS-MEDANOS,6187.14000000000,823,VI RÍO BRAVO,CHIHUAHUA,"0823",CONEJOS-MÉDANOS,18.800000,0.000000,15.617030,92.383887,1.221900,0.000000,109.222817,-90.42281675000
611,"8",CHIHUAHUA,"6",RIO BRAVO,"0838",ALTO RIO SAN PEDRO,9925.96000000000,838,VI RÍO BRAVO,CHIHUAHUA,"0838",ALTO RÍO SAN PEDRO,56.300000,29.100000,21.350116,9.465813,4.304891,0.267242,35.388062,-8.18806186000
612,"8",CHIHUAHUA,"6",RIO BRAVO,"0836",ALDAMA-SAN DIEGO,1616.48000000000,836,VI RÍO BRAVO,CHIHUAHUA,"0836",ALDAMA-SAN DIEGO,62.500000,1.500000,95.385512,0.000000,24.820108,0.037902,120.243522,-59.24352206000
613,"8",CHIHUAHUA,"6",RIO BRAVO,"0840",VILLALBA,1901.02000000000,840,VI RÍO BRAVO,CHIHUAHUA,"0840",VILLALBA,17.500000,4.400000,15.176015,17.876612,6.909750,0.017509,39.979886,-26.87988617000
614,"8",CHIHUAHUA,"6",RIO BRAVO,"0831",MEOQUI-DELICIAS,4809.94000000000,831,VI RÍO BRAVO,CHIHUAHUA,"0831",MEOQUI-DELICIAS,211.200000,0.000000,370.087308,2.982307,5.032537,0.216588,378.318741,-167.11874070000
615,"8",CHIHUAHUA,"6",RIO BRAVO,"0830",CHIHUAHUA-SACRAMENTO,1884.86000000000,830,VI RÍO BRAVO,CHIHUAHUA,"0830",CHIHUAHUA-SACRAMENTO,56.600000,0.000000,100.672692,19.698977,1.225974,0.901317,122.498960,-65.89896050000
616,"8",CHIHUAHUA,"6",RIO BRAVO,"0835",TABALAOPA-ALDAMA,726.58000000000,835,VI RÍO BRAVO,CHIHUAHUA,"0835",TABALAOPA-ALDAMA,76.500000,4.300000,62.894153,11.144637,2.305049,0.030057,76.373896,-4.17389600300
617,"28",TAMAULIPAS,"9",GOLFO NORTE,"2807",VICTORIA-GUEMEZ,1907.48000000000,2807,IX GOLFO NORTE,TAMAULIPAS,"2807",VICTORIA-GÜEMEZ,91.100000,11.900000,108.102828,0.000000,0.364274,0.861252,109.328354,-30.12835385000
618,"28",TAMAULIPAS,"9",GOLFO NORTE,"2806",MARGENES DEL RIO PURIFICACION,645.09000000000,2806,IX GOLFO NORTE,TAMAULIPAS,"2806",MÁRGENES DEL RÍO PURIFICACIÓN,117.700000,14.700000,104.929682,0.000000,0.000000,0.081883,105.011565,-2.01156465600
619,"28",TAMAULIPAS,"9",GOLFO NORTE,"2804",SAN CARLOS,3434.86000000000,2804,IX GOLFO NORTE,TAMAULIPAS,"2804",SAN CARLOS,22.600000,5.100000,5.108360,0.013505,0.241652,0.102899,5.466416,12.03358408000
620,"28",TAMAULIPAS,"9",GOLFO NORTE,"2803",HIDALGO-VILLAGRAN,3798.13000000000,2803,IX GOLFO NORTE,TAMAULIPAS,"2803",HIDALGO-VILLAGRÁN,39.700000,5.700000,36.073111,0.030434,0.001494,0.284900,36.389939,-2.38993894400
621,"15",MEXICO,"13",VALLE DE MEXICO,"1508",CUAUTITLAN-PACHUCA,3870.46000000000,1508,XIII AGUAS DEL VALLE DE MÉXICO,ESTADO DE MÉXICO,"1508",CUAUTITLÁN-PACHUCA,356.700000,0.000000,551.075936,0.000000,9.163608,26.403093,586.642637,-229.94263700000
622,"15",MEXICO,"8",LERMA-SANTIAGO-PACIFICO,"1502",IXTLAHUACA-ATLACOMULCO,2608.40000000000,1502,VIII LERMA SANTIAGO PACÍFICO,ESTADO DE MÉXICO,"1502",IXTLAHUACA-ATLACOMULCO,119.000000,18.000000,95.856115,0.000000,0.906778,10.997754,107.760647,-6.76064696000
623,"15",MEXICO,"4",BALSAS,"1505",VILLA VICTORIA-VALLE DE BRAVO,2133.55000000000,1505,IV BALSAS,ESTADO DE MÉXICO,"1505",VILLA VICTORIA-VALLE DE BRAVO,334.900000,331.500000,3.459766,0.000000,1.290792,0.000000,4.750558,-1.35055765000
624,"13",HIDALGO,"13",VALLE DE MEXICO,"1316",TEPEJI DEL RIO,403.92000000000,1316,XIII AGUAS DEL VALLE DE MÉXICO,HIDALGO,"1316",TEPEJI DEL RÍO,46.300000,35.200000,8.335828,5.440523,0.917380,0.660735,15.354466,-4.25446595500
625,"15",MEXICO,"8",LERMA-SANTIAGO-PACIFICO,"1501",VALLE DE TOLUCA,2811.16000000000,1501,VIII LERMA SANTIAGO PACÍFICO,ESTADO DE MÉXICO,"1501",VALLE DE TOLUCA,336.800000,53.600000,390.705462,0.000000,3.642676,17.567421,411.915560,-128.71555990000
626,"9",DISTRITO FEDERAL,"13",VALLE DE MEXICO,"0901",ZONA METROPOLITANA DE LA CD. DE MEXICO,2103.65000000000,901,XIII AGUAS DEL VALLE DE MÉXICO,CIUDAD DE MÉXICO,"0901",ZONA METROPOLITANA DE LA CD. DE MÉXICO,512.800000,0.000000,979.762196,0.000000,1.709800,11.757919,993.229914,-480.42991430000
627,"3",BAJA CALIFORNIA SUR,"1",PENINSULA DE BAJA CALIFORNIA,"0329",SAN JUAN B. LONDO,694.60000000000,329,I PENÍNSULA DE BAJA CALIFORNIA,BAJA CALIFORNIA SUR,"0329",SAN JUAN B. LONDÓ,6.700000,1.000000,7.947312,0.000000,0.327640,0.002296,8.277248,-2.57724809000
628,"3",BAJA CALIFORNIA SUR,"1",PENINSULA DE BAJA CALIFORNIA,"0328",LORETO,586.99000000000,328,I PENÍNSULA DE BAJA CALIFORNIA,BAJA CALIFORNIA SUR,"0328",LORETO,3.900000,1.300000,1.671083,0.000000,0.779632,0.054653,2.505368,0.09463154800
629,"12",GUERRERO,"5",PACIFICO SUR,"1226",BAHIA DE ACAPULCO,69.09000000000,1226,V PACÍFICO SUR,GUERRERO,"1226",BAHÍA DE ACAPULCO,3.300000,2.300000,0.729746,0.000000,0.007656,2.837645,3.575047,-2.57504704200
630,"12",GUERRERO,"5",PACIFICO SUR,"1216",BAHIA DE ZIHUATANEJO,29.88000000000,1216,V PACÍFICO SUR,GUERRERO,"1216",BAHÍA DE ZIHUATANEJO,3.500000,2.100000,1.146352,0.000000,0.000000,0.267088,1.413440,-0.01343958800
631,"12",GUERRERO,"5",PACIFICO SUR,"1217",COACOYUL,231.95000000000,1217,V PACÍFICO SUR,GUERRERO,"1217",COACOYUL,20.200000,9.500000,5.522145,0.000000,0.138285,0.200907,5.861337,4.83866329700
632,"12",GUERRERO,"5",PACIFICO SUR,"1215",IXTAPA,881.24000000000,1215,V PACÍFICO SUR,GUERRERO,"1215",IXTAPA,23.900000,7.200000,15.914803,0.000000,0.019023,0.000000,15.933826,0.76617396000
633,"12",GUERRERO,"5",PACIFICO SUR,"1227",LA SABANA,796.22000000000,1227,V PACÍFICO SUR,GUERRERO,"1227",LA SABANA,92.000000,21.200000,35.579939,0.000000,0.000000,0.000000,35.579939,35.22006078000
634,"12",GUERRERO,"5",PACIFICO SUR,"1230",PAPAGAYO,6178.29000000000,1230,V PACÍFICO SUR,GUERRERO,"1230",PAPAGAYO,316.900000,3.000000,87.325832,0.000000,0.125606,0.000000,87.451438,226.44856230000
635,"12",GUERRERO,"5",PACIFICO SUR,"1231",SAN MARCOS,534.28000000000,1231,V PACÍFICO SUR,GUERRERO,"1231",SAN MARCOS,29.800000,21.900000,4.025128,0.000000,0.285996,0.325853,4.636978,3.26302191800
636,"12",GUERRERO,"5",PACIFICO SUR,"1223",ATOYAC,1802.93000000000,1223,V PACÍFICO SUR,GUERRERO,"1223",ATOYAC,81.900000,34.900000,15.638247,0.000000,0.196065,0.000000,15.834312,31.16568826000
637,"12",GUERRERO,"5",PACIFICO SUR,"1224",COYUCA,1189.47000000000,1224,V PACÍFICO SUR,GUERRERO,"1224",COYUCA,23.000000,9.900000,8.236445,0.000000,0.050840,0.000000,8.287285,4.81271504000
638,"12",GUERRERO,"5",PACIFICO SUR,"1225",CONCHERO,580.52000000000,1225,V PACÍFICO SUR,GUERRERO,"1225",CONCHERO,27.900000,18.800000,3.097288,0.000000,0.091607,0.541888,3.730783,5.36921680100
639,"3",BAJA CALIFORNIA SUR,"1",PENINSULA DE BAJA CALIFORNIA,"0309",EL CONEJO-LOS VIEJOS,2604.61000000000,309,I PENÍNSULA DE BAJA CALIFORNIA,BAJA CALIFORNIA SUR,"0309",EL CONEJO-LOS VIEJOS,6.400000,3.700000,2.683745,0.000000,0.000365,0.016203,2.700313,-0.00031260100
640,"3",BAJA CALIFORNIA SUR,"1",PENINSULA DE BAJA CALIFORNIA,"0310",MELITON ALBAÑEZ,360.40000000000,310,I PENÍNSULA DE BAJA CALIFORNIA,BAJA CALIFORNIA SUR,"0310",MELITÓN ALBAÑEZ,2.500000,0.400000,2.365500,0.000000,0.000000,0.000000,2.365500,-0.26550000000
641,"3",BAJA CALIFORNIA SUR,"1",PENINSULA DE BAJA CALIFORNIA,"0312",CAÑADA HONDA,472.39000000000,312,I PENÍNSULA DE BAJA CALIFORNIA,BAJA CALIFORNIA SUR,"0312",CAÑADA HONDA,2.800000,1.800000,1.010017,0.000000,0.065609,0.000823,1.076449,-0.07644879700
642,"3",BAJA CALIFORNIA SUR,"1",PENINSULA DE BAJA CALIFORNIA,"0311",LA MATANZA,281.06000000000,311,I PENÍNSULA DE BAJA CALIFORNIA,BAJA CALIFORNIA SUR,"0311",LA MATANZA,5.100000,2.600000,2.476380,0.000000,0.140000,0.012200,2.628580,-0.12858003800
643,"3",BAJA CALIFORNIA SUR,"1",PENINSULA DE BAJA CALIFORNIA,"0313",TODOS SANTOS,203.63000000000,313,I PENÍNSULA DE BAJA CALIFORNIA,BAJA CALIFORNIA SUR,"0313",TODOS SANTOS,18.400000,14.700000,4.877040,0.000000,1.744000,0.043473,6.664513,-2.96451322400
644,"3",BAJA CALIFORNIA SUR,"1",PENINSULA DE BAJA CALIFORNIA,"0322",EL CARRIZAL,607.18000000000,322,I PENÍNSULA DE BAJA CALIFORNIA,BAJA CALIFORNIA SUR,"0322",EL CARRIZAL,14.200000,0.000000,13.374524,0.000000,0.003103,0.108998,13.486624,0.71337591900
645,"3",BAJA CALIFORNIA SUR,"1",PENINSULA DE BAJA CALIFORNIA,"0326",ALFREDO V. BONFIL,1117.92000000000,326,I PENÍNSULA DE BAJA CALIFORNIA,BAJA CALIFORNIA SUR,"0326",ALFREDO V. BONFIL,4.900000,0.000000,2.557976,0.000000,0.190698,0.015756,2.764430,2.13556987100
646,"3",BAJA CALIFORNIA SUR,"1",PENINSULA DE BAJA CALIFORNIA,"0324",LA PAZ,1404.29000000000,324,I PENÍNSULA DE BAJA CALIFORNIA,BAJA CALIFORNIA SUR,"0324",LA PAZ,21.000000,0.000000,29.584608,0.000000,4.549032,0.354763,34.488404,-13.48840354000
647,"5",COAHUILA,"6",RIO BRAVO,"0522",PRESA LA AMISTAD,1090.61000000000,522,VI RÍO BRAVO,COAHUILA,"0522",PRESA LA AMISTAD,20.200000,10.800000,1.456860,0.762200,0.000000,0.060517,2.279577,7.12042252700
648,"5",COAHUILA,"6",RIO BRAVO,"0514",HIDALGO,1672.42000000000,514,VI RÍO BRAVO,COAHUILA,"0514",HIDALGO,3.600000,0.000000,1.982830,1.767781,0.070281,0.000721,3.821613,-0.22161317800
649,"5",COAHUILA,"6",RIO BRAVO,"0526",SERRANIA DEL BURRO,4015.66000000000,526,VI RÍO BRAVO,COAHUILA,"0526",SERRANÍA DEL BURRO,11.900000,0.300000,0.737683,0.161555,0.033650,0.000266,0.933153,10.66684663000
650,"5",COAHUILA,"6",RIO BRAVO,"0512",REGION CARBONIFERA,15753.71000000000,512,VI RÍO BRAVO,COAHUILA,"0512",REGIÓN CARBONÍFERA,84.100000,39.100000,36.461576,35.662534,0.005810,0.142378,72.272297,-27.27229707000
651,"5",COAHUILA,"6",RIO BRAVO,"0503",CERRO COLORADO-LA PARTIDA,7201.24000000000,503,VI RÍO BRAVO,COAHUILA,"0503",CERRO COLORADO-LA PARTIDA,9.600000,0.000000,0.714908,0.362099,0.000000,0.000731,1.077738,8.52226225200
652,"5",COAHUILA,"6",RIO BRAVO,"0501",ALLENDE-PIEDRAS NEGRAS,12961.18000000000,501,VI RÍO BRAVO,COAHUILA,"0501",ALLENDE-PIEDRAS NEGRAS,496.500000,274.400000,156.573961,80.362995,4.424811,0.182627,241.544394,-19.44439408000
653,"5",COAHUILA,"6",RIO BRAVO,"0513",PALESTINA,3522.90000000000,513,VI RÍO BRAVO,COAHUILA,"0513",PALESTINA,10.300000,4.600000,2.003137,1.280427,0.000000,0.101995,3.385559,2.31444125100
659,"8",CHIHUAHUA,"6",RIO BRAVO,"0852",LAGUNA DE JACO,1052.84000000000,852,VI RÍO BRAVO,CHIHUAHUA,"0852",LAGUNA DE JACO,16.000000,0.000000,0.978581,1.042343,1.045965,0.000000,3.066888,12.93311185000
