{
"type": "FeatureCollection",
"name": "0224",
"crs": { "type": "name", "properties": { "name": "urn:ogc:def:crs:OGC:1.3:CRS84" } },
"features": [
{ "type": "Feature", "properties": { "fid": 29.0, "cat": 28, "CLAVE_ACUI": "0224", "NOM_ACUIF": "EL ROSARIO", "VULNERABIL": 5 }, "geometry": { "type": "MultiPolygon", "coordinates": [ [ [ [ -115.734184413445803, 30.023681148368389 ], [ -115.734514592656737, 30.023810653170127 ], [ -115.734949371937986, 30.023868975168661 ], [ -115.735343823986597, 30.023836673390637 ], [ -115.735718111777231, 30.023759059296335 ], [ -115.736092399022894, 30.023681444119276 ], [ -115.736467257846755, 30.023558715980162 ], [ -115.736843259679276, 30.023345762969551 ], [ -115.737095070346271, 30.023113569882891 ], [ -115.737284785181018, 30.022871756876775 ], [ -115.737474499082737, 30.022629943561778 ], [ -115.737850723878083, 30.022398942714812 ], [ -115.73859997001324, 30.022189564408734 ], [ -115.739472488674778, 30.022071597640572 ], [ -115.740406643680103, 30.021999332535014 ], [ -115.741340797580307, 30.021927060755917 ], [ -115.74221308358355, 30.02182712044085 ], [ -115.742961634181285, 30.021671851289451 ], [ -115.743336932802507, 30.021513013467185 ], [ -115.743525605655776, 30.021352392509613 ], [ -115.743714277901077, 30.021191771260121 ], [ -115.743953765927444, 30.021112846247185 ], [ -115.744294886935521, 30.021197313614525 ], [ -115.744623935386201, 30.021417017300443 ], [ -115.74494694890673, 30.021704338808718 ], [ -115.745269964289193, 30.02199165956506 ], [ -115.745514482105747, 30.022336883840051 ], [ -115.745602002174778, 30.022797916361256 ], [ -115.745503349083819, 30.023221079860786 ], [ -115.745119864966867, 30.024029536953563 ], [ -115.74496970759246, 30.024425138196488 ], [ -115.744902723498967, 30.024803485714923 ], [ -115.744941241843122, 30.02503846384106 ], [ -115.745032511836357, 30.02520175724548 ], [ -115.745123782121127, 30.025365050591169 ], [ -115.745163210326936, 30.025527849427355 ], [ -115.745098953743934, 30.025689659314796 ], [ -115.744952430887622, 30.025796543494859 ], [ -115.744577118269234, 30.025955385435818 ], [ -115.744449739538993, 30.026188780506164 ], [ -115.744442916620272, 30.026730124484892 ], [ -115.744558925423149, 30.027398969398742 ], [ -115.744913781314594, 30.028864159541286 ], [ -115.74489491982574, 30.029243742706665 ], [ -115.744989229118332, 30.029460429146116 ], [ -115.745238234205189, 30.029830684805546 ], [ -115.745036640160436, 30.029812797220092 ], [ -115.744743511317012, 30.029984606557942 ], [ -115.744392193770835, 30.030754113285372 ], [ -115.744198719629992, 30.031183720496831 ], [ -115.743935971966607, 30.031570894506203 ], [ -115.743525772217396, 30.032027174462741 ], [ -115.742917301385305, 30.032580816688959 ], [ -115.741502068352631, 30.033785453404544 ], [ -115.740634341172139, 30.034336603863125 ], [ -115.739446408557086, 30.034785422097148 ], [ -115.738334252405465, 30.034982299236031 ], [ -115.73725998694691, 30.035053202166864 ], [ -115.738334252405465, 30.034982299236031 ], [ -115.736185720290862, 30.035124096277638 ], [ -115.735097617306607, 30.035059496668918 ], [ -115.733981848887524, 30.034723918144373 ], [ -115.733210342633186, 30.034229223909758 ], [ -115.732525346576097, 30.033572936668797 ], [ -115.732011605440206, 30.033080719026405 ], [ -115.731406487987144, 30.032551524445573 ], [ -115.730789858093928, 30.032112450625569 ], [ -115.730367255318271, 30.031909856566479 ], [ -115.729716074780839, 30.031741147940973 ], [ -115.729380311526086, 30.031693249355925 ], [ -115.729053721593203, 30.031635492344481 ], [ -115.729276651604877, 30.031231590646101 ], [ -115.729479187106719, 30.03080042118221 ], [ -115.729671524486164, 30.03035561768667 ], [ -115.729863860081977, 30.029910813830622 ], [ -115.730016386618985, 30.029334785222588 ], [ -115.730089297013095, 30.028496307591123 ], [ -115.730058289509614, 30.027674873627848 ], [ -115.729892360541626, 30.026049049193603 ], [ -115.72986192980342, 30.025182503202199 ], [ -115.72993656240304, 30.024208689808134 ], [ -115.730091378562875, 30.023452213290206 ], [ -115.730286284872392, 30.022804404931627 ], [ -115.730481188496412, 30.022156596148395 ], [ -115.730705009624501, 30.021680511812587 ], [ -115.730986669747267, 30.021547876660932 ], [ -115.731232284926818, 30.021802902446485 ], [ -115.731459879536544, 30.022251758606334 ], [ -115.731497041753173, 30.022325048554741 ], [ -115.731687476134923, 30.022700614402002 ], [ -115.731931488231254, 30.023081952021059 ], [ -115.732208328920933, 30.023328253525921 ], [ -115.732425716622856, 30.023357418466446 ], [ -115.732613377132083, 30.023278015077707 ], [ -115.732801037349972, 30.02319861141163 ], [ -115.733029596306437, 30.023164718661192 ], [ -115.733339953480908, 30.023221847722567 ], [ -115.733628657207447, 30.023350955405217 ], [ -115.733906534860068, 30.023516052169004 ], [ -115.734184413445803, 30.023681148368389 ] ] ] ] } },
{ "type": "Feature", "properties": { "fid": 16.0, "cat": 15, "CLAVE_ACUI": "0224", "NOM_ACUIF": "EL ROSARIO", "VULNERABIL": 4 }, "geometry": { "type": "MultiPolygon", "coordinates": [ [ [ [ -115.758469359329453, 30.028713056852609 ], [ -115.75855559478012, 30.029282351518439 ], [ -115.758694013305259, 30.029825067979335 ], [ -115.758936798078281, 30.030314627880827 ], [ -115.759203020881188, 30.030587844299564 ], [ -115.759480962705354, 30.030752888644567 ], [ -115.759758905462576, 30.030917932424281 ], [ -115.759962917402177, 30.03119056082285 ], [ -115.760019066459108, 30.031678359372115 ], [ -115.759908634356435, 30.032218728656286 ], [ -115.759521182510724, 30.033352036933962 ], [ -115.759367244757826, 30.034054418286523 ], [ -115.759292888311748, 30.035028254971962 ], [ -115.7593229007243, 30.035948934920135 ], [ -115.759405099150726, 30.03684303646752 ], [ -115.759487298754934, 30.037737137886605 ], [ -115.759496797865893, 30.038639577023432 ], [ -115.759360892146091, 30.039558691584915 ], [ -115.759124881115142, 30.040188109690359 ], [ -115.758552748023149, 30.041157247706984 ], [ -115.758277610062407, 30.041596801385218 ], [ -115.758024335668495, 30.041946325995525 ], [ -115.757877351285188, 30.042089313729633 ], [ -115.757689673538934, 30.042168752507763 ], [ -115.75757582592118, 30.042149630116381 ], [ -115.757421961290575, 30.042012824235066 ], [ -115.757279368289744, 30.041803936786881 ], [ -115.757005455387457, 30.041314080084344 ], [ -115.756676314350898, 30.041094405370959 ], [ -115.755962804098687, 30.040925235748478 ], [ -115.755102761237794, 30.040862957246937 ], [ -115.753236142306392, 30.040845276250781 ], [ -115.75237440656997, 30.040918316092672 ], [ -115.751655814990627, 30.041155131577906 ], [ -115.751319897195827, 30.0414767880103 ], [ -115.7510307346475, 30.042204943953823 ], [ -115.750808318084765, 30.042572794101662 ], [ -115.750430231973695, 30.042948188365628 ], [ -115.750022504691088, 30.043205994611391 ], [ -115.749177406454336, 30.043604016112472 ], [ -115.748718842006582, 30.043780123441685 ], [ -115.748188250432946, 30.043910426238135 ], [ -115.74776249661069, 30.043951490445405 ], [ -115.747015827772159, 30.043944378901674 ], [ -115.746622434247513, 30.04388648957941 ], [ -115.746188923330536, 30.043719935053083 ], [ -115.745859799432182, 30.043500233798103 ], [ -115.745305941309695, 30.043007684012764 ], [ -115.744935340659694, 30.04278758480849 ], [ -115.744377394486676, 30.042619836910443 ], [ -115.743818084126033, 30.042560355200077 ], [ -115.742698098312204, 30.042549653157181 ], [ -115.742126253406326, 30.042661490182216 ], [ -115.741530701376448, 30.043007707765774 ], [ -115.741109957350687, 30.043472900874058 ], [ -115.740443270461014, 30.044522261872903 ], [ -115.740167473154813, 30.045006886679868 ], [ -115.740006776785393, 30.045411402561832 ], [ -115.740014749025491, 30.045600971439999 ], [ -115.740107056150961, 30.045683066851186 ], [ -115.740199363428601, 30.045765162200947 ], [ -115.740239703823278, 30.045855783154153 ], [ -115.740176110104528, 30.045963455392325 ], [ -115.740029779915503, 30.046052288041352 ], [ -115.739654382383009, 30.046211113034573 ], [ -115.739486853127104, 30.046335835695277 ], [ -115.739444456578795, 30.046407616922057 ], [ -115.739359663294337, 30.046551179327047 ], [ -115.739315209646151, 30.046785362878197 ], [ -115.739309038809225, 30.047272569972222 ], [ -115.739253871070062, 30.047533721103619 ], [ -115.73909453814035, 30.047829967272992 ], [ -115.738884150455291, 30.048062559492116 ], [ -115.738412318443196, 30.048464088917861 ], [ -115.737953256027978, 30.04867624677156 ], [ -115.7370479006252, 30.048911187881011 ], [ -115.73599803611711, 30.049090593077963 ], [ -115.734875915856307, 30.049242224374623 ], [ -115.733753792532326, 30.049393845991947 ], [ -115.732641003050219, 30.049626758822441 ], [ -115.731546880749818, 30.050022263958329 ], [ -115.73083613215077, 30.050448530779697 ], [ -115.729798001981777, 30.051331826463414 ], [ -115.729335683277057, 30.051796577980934 ], [ -115.728986867178961, 30.052307542036097 ], [ -115.728867828408724, 30.052694398578172 ], [ -115.72885953044748, 30.053344004817134 ], [ -115.728824382604174, 30.053659484814556 ], [ -115.728727236808822, 30.05395631854423 ], [ -115.728600474830358, 30.054135561341944 ], [ -115.728317334184183, 30.054376455634351 ], [ -115.728098381318418, 30.05446457206121 ], [ -115.727724664190262, 30.05448802677649 ], [ -115.727320755833105, 30.054439000859599 ], [ -115.7264827500248, 30.05426846559682 ], [ -115.726048999767997, 30.054119889183546 ], [ -115.725637226061281, 30.053875274581337 ], [ -115.725537422278677, 30.053800401197503 ], [ -115.725247429899866, 30.053534622016237 ], [ -115.72510841096819, 30.053402718539456 ], [ -115.724876757491273, 30.053213038232229 ], [ -115.724618703266998, 30.053049115460929 ], [ -115.724431965092492, 30.052953399020353 ], [ -115.724198810369245, 30.052802578687622 ], [ -115.724206675898543, 30.052189062748951 ], [ -115.724181114528008, 30.051755690768463 ], [ -115.724171326703356, 30.051427447256636 ], [ -115.724162377115817, 30.051127314094984 ], [ -115.724183698006868, 30.050745093121705 ], [ -115.724232584162166, 30.050168068650272 ], [ -115.724246578156297, 30.049076370678158 ], [ -115.724308955842289, 30.048255844532026 ], [ -115.724474229607665, 30.047499480259987 ], [ -115.724687307670592, 30.047059399070488 ], [ -115.724924287659874, 30.046777459145847 ], [ -115.725161266292091, 30.046495518743168 ], [ -115.725557196547456, 30.046354981451778 ], [ -115.726271033765627, 30.046497248633454 ], [ -115.727064837994277, 30.046874895165736 ], [ -115.727898632008134, 30.04737022841076 ], [ -115.728732434430796, 30.047865556572763 ], [ -115.72957730702997, 30.048306845934043 ], [ -115.730444309955743, 30.048640062455767 ], [ -115.731044437312406, 30.048754135995562 ], [ -115.731511124978269, 30.048758638520123 ], [ -115.731977812749719, 30.048763139389358 ], [ -115.732633588449772, 30.048579968936526 ], [ -115.733667532220736, 30.048021452923091 ], [ -115.734734985241005, 30.047273758659504 ], [ -115.73581918145419, 30.046431470128528 ], [ -115.736903359383746, 30.045589172022485 ], [ -115.7376848516096, 30.044486791282349 ], [ -115.737860998405395, 30.042864260702913 ], [ -115.737373110085812, 30.041262426679118 ], [ -115.735733370671568, 30.038079443097541 ], [ -115.734689320974979, 30.035803554577317 ], [ -115.733981848887524, 30.034723918144373 ], [ -115.735097617306607, 30.035059496668918 ], [ -115.736185720290862, 30.035124096277638 ], [ -115.73725998694691, 30.035053202166864 ], [ -115.738334252405465, 30.034982299236031 ], [ -115.739446408557086, 30.034785422097148 ], [ -115.740634341172139, 30.034336603863125 ], [ -115.741502068352631, 30.033785453404544 ], [ -115.742917301385305, 30.032580816688959 ], [ -115.743525772217396, 30.032027174462741 ], [ -115.743935971966607, 30.031570894506203 ], [ -115.744198719629992, 30.031183720496831 ], [ -115.744392193770835, 30.030754113285372 ], [ -115.744743511317012, 30.029984606557942 ], [ -115.745036640160436, 30.029812797220092 ], [ -115.745378473590179, 30.029843128162206 ], [ -115.74564522506445, 30.030071258950805 ], [ -115.746103649843008, 30.030725319970436 ], [ -115.746348872288451, 30.031016408545881 ], [ -115.746626111716012, 30.031235613874081 ], [ -115.746842954115962, 30.031309867576006 ], [ -115.747029597607892, 30.031311645429778 ], [ -115.74721624111649, 30.031313423018883 ], [ -115.747621656490566, 30.031236071917771 ], [ -115.748464613030478, 30.031000460193994 ], [ -115.749464120826005, 30.030685119870476 ], [ -115.751619670467335, 30.029974690119804 ], [ -115.752428351021749, 30.029473886247832 ], [ -115.75310055650391, 30.028481810832265 ], [ -115.753385501813725, 30.027257315437453 ], [ -115.753493114963945, 30.025035838534698 ], [ -115.753569102942464, 30.024213186627939 ], [ -115.753708602588119, 30.023207048433576 ], [ -115.753852376422969, 30.022311772375708 ], [ -115.754369684845884, 30.02235785119413 ], [ -115.755209507643428, 30.022365799266137 ], [ -115.755633589106921, 30.022451022316044 ], [ -115.75606601193013, 30.022698746052708 ], [ -115.756362636101358, 30.023026396471856 ], [ -115.756820088743751, 30.023761623919548 ], [ -115.757022502623855, 30.024160570768885 ], [ -115.757172288092093, 30.024622184746828 ], [ -115.757219515640685, 30.02499259473673 ], [ -115.757211411765539, 30.025642210792899 ], [ -115.757248833998574, 30.025967410567475 ], [ -115.757369205250612, 30.026293393810143 ], [ -115.757532402170568, 30.026511499304114 ], [ -115.75771701218062, 30.026675665753437 ], [ -115.757901622798812, 30.026839831956941 ], [ -115.758084884230243, 30.027112267264442 ], [ -115.758265447402678, 30.027601241034287 ], [ -115.758383124744853, 30.028143762110073 ], [ -115.758469359329453, 30.028713056852609 ] ] ] ] } },
{ "type": "Feature", "properties": { "fid": 24.0, "cat": 25, "CLAVE_ACUI": "0224", "NOM_ACUIF": "EL ROSARIO", "VULNERABIL": 4 }, "geometry": { "type": "MultiPolygon", "coordinates": [ [ [ [ -115.731406487987144, 30.032551524445573 ], [ -115.732011605440206, 30.033080719026405 ], [ -115.732525346576097, 30.033572936668797 ], [ -115.732610970590983, 30.033654972758228 ], [ -115.733210342633186, 30.034229223909765 ], [ -115.733981848887524, 30.034723918144373 ], [ -115.733863480783526, 30.035525318974894 ], [ -115.733715981405098, 30.036191360774836 ], [ -115.733479554794584, 30.036708754359505 ], [ -115.733192861072354, 30.037233865455139 ], [ -115.732739273044245, 30.03783406729578 ], [ -115.731951893644279, 30.038584448454458 ], [ -115.731093178175257, 30.039234878503159 ], [ -115.730198789727524, 30.039835329336423 ], [ -115.729900657868129, 30.04003547818094 ], [ -115.72930439058409, 30.040435773720038 ], [ -115.72854219852627, 30.040834462529681 ], [ -115.728044438546462, 30.040829649686273 ], [ -115.727977035826598, 30.040422943131478 ], [ -115.728124810079734, 30.039815290120881 ], [ -115.728272582392762, 30.03920763683702 ], [ -115.728322704211919, 30.038531363408982 ], [ -115.728177529692601, 30.037717850021618 ], [ -115.727885454094107, 30.037038267408334 ], [ -115.727154412116292, 30.035813030573149 ], [ -115.726913964994139, 30.035151992319932 ], [ -115.726921952391436, 30.034527196175336 ], [ -115.72692215423578, 30.034511407102304 ], [ -115.727071130687392, 30.03421507518479 ], [ -115.727307227567891, 30.033702043718755 ], [ -115.727500735689262, 30.033360721077738 ], [ -115.727817460786056, 30.032901945089556 ], [ -115.727940313850823, 30.032743638128046 ], [ -115.72833437499196, 30.032360545178282 ], [ -115.72847344364844, 30.032255367202762 ], [ -115.728680293666955, 30.032075396000241 ], [ -115.728884707857858, 30.031877492490413 ], [ -115.729053721593203, 30.031635492344481 ], [ -115.729380311526086, 30.031693249355925 ], [ -115.729716074780839, 30.031741147940973 ], [ -115.730367255318271, 30.031909856566479 ], [ -115.730789858093928, 30.032112450625569 ], [ -115.731406487987144, 30.032551524445573 ] ] ] ] } },
{ "type": "Feature", "properties": { "fid": 25.0, "cat": 26, "CLAVE_ACUI": "0224", "NOM_ACUIF": "EL ROSARIO", "VULNERABIL": 2 }, "geometry": { "type": "MultiPolygon", "coordinates": [ [ [ [ -115.727500735689262, 30.033360721077738 ], [ -115.727307227567891, 30.033702043718755 ], [ -115.727071130687392, 30.03421507518479 ], [ -115.72662419858996, 30.035104070314564 ], [ -115.725572687531695, 30.037042949760018 ], [ -115.725109032384964, 30.037615956565457 ], [ -115.724769607069831, 30.037396103748488 ], [ -115.72466755894942, 30.036456676929326 ], [ -115.724700835996117, 30.033858249141392 ], [ -115.724819315789873, 30.032704397216083 ], [ -115.725141477126812, 30.031841269226941 ], [ -115.725559933601474, 30.031556573680557 ], [ -115.726493145866201, 30.031565611327675 ], [ -115.726938668124447, 30.031596993973377 ], [ -115.72734202284137, 30.031682107862494 ], [ -115.727568758584638, 30.031792582597138 ], [ -115.727845611520465, 30.03203889335602 ], [ -115.728019927034069, 30.032193977624729 ], [ -115.728215557383805, 30.032304150497669 ], [ -115.72833437499196, 30.032360545178282 ], [ -115.727940313850823, 30.032743638128046 ], [ -115.727817460786056, 30.032901945089556 ], [ -115.727500735689262, 30.033360721077738 ] ] ], [ [ [ -115.727762116046492, 30.031964609217038 ], [ -115.727800469575371, 30.031998731552083 ], [ -115.727845611520465, 30.03203889335602 ], [ -115.727762116046492, 30.031964609217038 ] ] ] ] } },
{ "type": "Feature", "properties": { "fid": 42.0, "cat": 37, "CLAVE_ACUI": "0224", "NOM_ACUIF": "EL ROSARIO", "VULNERABIL": 3 }, "geometry": { "type": "MultiPolygon", "coordinates": [ [ [ [ -115.715358687457169, 29.993245423735011 ], [ -115.715670508500423, 29.993424535131066 ], [ -115.715959747933056, 29.993582302094328 ], [ -115.716370159002238, 29.993848444114551 ], [ -115.717202419415358, 29.994425035638084 ], [ -115.717583029199318, 29.994654330847734 ], [ -115.717892592148459, 29.994765627832795 ], [ -115.718027919103733, 29.994721828329542 ], [ -115.718124336217869, 29.994479133245719 ], [ -115.71814750138148, 29.994289865718045 ], [ -115.718120580174187, 29.993964758270263 ], [ -115.718052546760489, 29.993612180029629 ], [ -115.717875369239337, 29.992879552605107 ], [ -115.717709320017718, 29.992595511547361 ], [ -115.717532158666799, 29.992293871894436 ], [ -115.717342654065163, 29.992115020138485 ], [ -115.723376441236255, 29.988676804230177 ], [ -115.723785141782415, 29.988750072781897 ], [ -115.72443707128599, 29.988837601926118 ], [ -115.724746624703343, 29.988948882582861 ], [ -115.724895971322852, 29.989081814334657 ], [ -115.725023355518502, 29.989195197172631 ], [ -115.725175020260949, 29.989494441270718 ], [ -115.72535328421182, 29.990145859184882 ], [ -115.725431360631035, 29.990525602008223 ], [ -115.725487324792823, 29.991013412692855 ], [ -115.725502521591778, 29.991446687696946 ], [ -115.725492147240203, 29.99225870198433 ], [ -115.725445154156148, 29.992691374847976 ], [ -115.725314548631943, 29.993177379085996 ], [ -115.72514386515536, 29.993554713106764 ], [ -115.724953142101455, 29.993877711812914 ], [ -115.72488956746902, 29.993985377975424 ], [ -115.724762417782429, 29.994200710191141 ], [ -115.724613152868955, 29.994524109919261 ], [ -115.724546808561286, 29.994848312852628 ], [ -115.724585500550731, 29.995065251506464 ], [ -115.724676711088009, 29.995228557992402 ], [ -115.72476792191614, 29.995391864419897 ], [ -115.724807306656331, 29.99555466877089 ], [ -115.724743038590901, 29.995716469038733 ], [ -115.72459654006353, 29.995823331671208 ], [ -115.724408926135339, 29.995902725268891 ], [ -115.724346388094631, 29.995929189739872 ], [ -115.724221311916267, 29.995982118589463 ], [ -115.72407504328865, 29.996070935868925 ], [ -115.724011466234998, 29.996178601503754 ], [ -115.724051773368856, 29.996269227076894 ], [ -115.724144022769849, 29.996351332580353 ], [ -115.724236272322614, 29.996433438022589 ], [ -115.724275425728251, 29.996614287234511 ], [ -115.724208386211373, 29.996992624041042 ], [ -115.724057499027793, 29.997442335989017 ], [ -115.723671872149197, 29.99841313408059 ], [ -115.723520056316175, 29.99893502410006 ], [ -115.723450240270054, 29.999529896983713 ], [ -115.723485697575711, 29.999999461953909 ], [ -115.723510867466402, 30.000115722245816 ], [ -115.72366188793734, 30.000813283890096 ], [ -115.723781543561515, 30.001184406830351 ], [ -115.72396431903519, 30.001483953724932 ], [ -115.724149288910311, 30.001612075492677 ], [ -115.724521422793799, 30.001696893368159 ], [ -115.724541231396358, 30.001769273172442 ], [ -115.72457094435056, 30.00187784287338 ], [ -115.724347373276217, 30.00233587388955 ], [ -115.723925229118791, 30.00291830818707 ], [ -115.723403793439587, 30.003562942344988 ], [ -115.722882350935578, 30.004207574178047 ], [ -115.722388551365881, 30.004717119965182 ], [ -115.721950047658737, 30.004956496514559 ], [ -115.721713012208397, 30.004845912943619 ], [ -115.721576712206087, 30.004560349714289 ], [ -115.721440412958515, 30.004274786354546 ], [ -115.72138353813591, 30.003859154069946 ], [ -115.721485509867691, 30.003183384028169 ], [ -115.721712334518429, 30.002472732490478 ], [ -115.72190516697961, 30.001987337302548 ], [ -115.722001582475926, 30.001744639568923 ], [ -115.722290826027816, 30.001016545809417 ], [ -115.722465463913267, 30.000332456407758 ], [ -115.722410898152049, 29.999736377080733 ], [ -115.722145320691652, 29.999427000832792 ], [ -115.721774238264373, 29.999260975297911 ], [ -115.721403157102657, 29.999094948748791 ], [ -115.721074002464675, 29.998893234608403 ], [ -115.720828699653254, 29.998620146689884 ], [ -115.72074901549955, 29.998366714894896 ], [ -115.720755264859434, 29.997879507689554 ], [ -115.720665794610554, 29.99758086332719 ], [ -115.720391136078888, 29.99717213711558 ], [ -115.720022843952535, 29.996789570396356 ], [ -115.719607736854186, 29.996420082567894 ], [ -115.719192632829788, 29.996050593500144 ], [ -115.718831585597655, 29.995911728002504 ], [ -115.718578645722403, 29.996234111344137 ], [ -115.71851812486878, 29.996910283086454 ], [ -115.718553814351978, 29.997763349129279 ], [ -115.71858950416356, 29.99861641507249 ], [ -115.718578838675143, 29.999446470973478 ], [ -115.718475460798416, 30.000230506809384 ], [ -115.718313828880824, 30.000707177166074 ], [ -115.718123069508493, 30.001030164582986 ], [ -115.717932308870346, 30.001353151671694 ], [ -115.717782314414151, 30.001730676389009 ], [ -115.717713853925517, 30.002217276850622 ], [ -115.717720096478942, 30.002292664019556 ], [ -115.717711997553579, 30.002361634277818 ], [ -115.717746035988512, 30.002939467896351 ], [ -115.717918007031329, 30.004078100098809 ], [ -115.717932706646451, 30.004547463580074 ], [ -115.717804831683523, 30.004816921918941 ], [ -115.717577007174071, 30.004796655379888 ], [ -115.717021411571821, 30.004466396024775 ], [ -115.716754910274915, 30.004229187903892 ], [ -115.716511000717958, 30.003847824119667 ], [ -115.71637098592322, 30.003449426230457 ], [ -115.71619485162941, 30.002635596460021 ], [ -115.716075571495068, 30.002237400478418 ], [ -115.715893864528681, 30.0018566423159 ], [ -115.71571029968969, 30.001620241251864 ], [ -115.715341312864581, 30.001291795723944 ], [ -115.715206608276048, 30.001111580936406 ], [ -115.715108362621876, 30.000865419050378 ], [ -115.715020767238769, 30.000422414085389 ], [ -115.715029137682265, 29.999772806132004 ], [ -115.714991860239707, 29.999447597376118 ], [ -115.714871658150201, 29.999121579037748 ], [ -115.714708599177257, 29.998903423761146 ], [ -115.714524112018992, 29.998739199845623 ], [ -115.714339625467971, 29.998574975685365 ], [ -115.714167482587868, 29.998257472887911 ], [ -115.714020027171088, 29.997633413111558 ], [ -115.713946410862661, 29.996910816378268 ], [ -115.713889157717233, 29.995706579858687 ], [ -115.71395610749974, 29.994697188634621 ], [ -115.714094677946861, 29.993965588209115 ], [ -115.715358687457169, 29.993245423735011 ] ] ] ] } },
{ "type": "Feature", "properties": { "fid": 44.0, "cat": 45, "CLAVE_ACUI": "0224", "NOM_ACUIF": "EL ROSARIO", "VULNERABIL": 4 }, "geometry": { "type": "MultiPolygon", "coordinates": [ [ [ [ -115.717342654065163, 29.992115020138485 ], [ -115.717532158666799, 29.992293871894436 ], [ -115.717709320017718, 29.992595511547361 ], [ -115.717875369239337, 29.992879552605107 ], [ -115.718052546760489, 29.993612180029629 ], [ -115.718120580174187, 29.993964758270263 ], [ -115.71814750138148, 29.994289865718045 ], [ -115.718124336217869, 29.994479133245719 ], [ -115.718027919103733, 29.994721828329542 ], [ -115.717892592148459, 29.994765627832795 ], [ -115.717583029199318, 29.994654330847734 ], [ -115.717202419415358, 29.994425035638084 ], [ -115.716370159002238, 29.993848444114551 ], [ -115.715959747933056, 29.993582302094328 ], [ -115.715670508500423, 29.993424535131066 ], [ -115.715358687457169, 29.993245423735011 ], [ -115.717342654065163, 29.992115020138485 ] ] ] ] } },
{ "type": "Feature", "properties": { "fid": 37.0, "cat": 38, "CLAVE_ACUI": "0224", "NOM_ACUIF": "EL ROSARIO", "VULNERABIL": 3 }, "geometry": { "type": "MultiPolygon", "coordinates": [ [ [ [ -115.717905013240184, 30.005088601815608 ], [ -115.717977460898581, 30.005098330977784 ], [ -115.718008211589137, 30.005125700900159 ], [ -115.717987015056679, 30.005161588303615 ], [ -115.71789267465617, 30.005241880547445 ], [ -115.71784049530828, 30.005268442646898 ], [ -115.717778297767623, 30.005267836730546 ], [ -115.717726814592723, 30.005240264772265 ], [ -115.717634562708682, 30.005158154792539 ], [ -115.717614294401542, 30.005121863452157 ], [ -115.71764574125163, 30.005095099446134 ], [ -115.717718420955634, 30.005086784079698 ], [ -115.717905013240184, 30.005088601815608 ] ] ] ] } },
{ "type": "Feature", "properties": { "fid": 40.0, "cat": 41, "CLAVE_ACUI": "0224", "NOM_ACUIF": "EL ROSARIO", "VULNERABIL": 3 }, "geometry": { "type": "MultiPolygon", "coordinates": [ [ [ [ -115.705855391677218, 29.996209727480462 ], [ -115.706092048801736, 29.996635332592842 ], [ -115.706172630478434, 29.996816593741606 ], [ -115.706230960252924, 29.997114941074184 ], [ -115.706247594694517, 29.997430925505135 ], [ -115.706239167851137, 29.998080531440326 ], [ -115.706120114494354, 29.998467369815337 ], [ -115.705771379024029, 29.998978278336995 ], [ -115.705309203916286, 29.999442952864335 ], [ -115.704271404243457, 30.000326062740907 ], [ -115.703779174144259, 30.000709224661332 ], [ -115.703340294222684, 30.000975605413437 ], [ -115.703101060580153, 30.001036412638026 ], [ -115.702822241444679, 30.00095245420361 ], [ -115.702720696690861, 30.000789031452658 ], [ -115.702694881335304, 30.000382722003895 ], [ -115.702753399671508, 29.999868962331778 ], [ -115.702907161173329, 29.999106775257506 ], [ -115.703003151459185, 29.998202085659763 ], [ -115.702946942975174, 29.997741335942369 ], [ -115.702804878288575, 29.997505326389952 ], [ -115.702434893656005, 29.99725804681367 ], [ -115.702256332613572, 29.997163825537474 ], [ -115.701996016896715, 29.997050528198702 ], [ -115.701586203651132, 29.99695964985456 ], [ -115.705855391677218, 29.996209727480462 ] ] ] ] } },
{ "type": "Feature", "properties": { "fid": 32.0, "cat": 27, "CLAVE_ACUI": "0224", "NOM_ACUIF": "EL ROSARIO", "VULNERABIL": 2 }, "geometry": { "type": "MultiPolygon", "coordinates": [ [ [ [ -115.679198905111861, 30.01871017003911 ], [ -115.679752653539524, 30.019175919734817 ], [ -115.680030904111902, 30.019305038679327 ], [ -115.680171403941017, 30.019265842855798 ], [ -115.680311903664958, 30.019226646878657 ], [ -115.680456332570301, 30.019282235646813 ], [ -115.680608620502085, 30.019527394053242 ], [ -115.680718005266613, 30.01988040268364 ], [ -115.680805938748762, 30.02028733642889 ], [ -115.68089387288542, 30.020694270112497 ], [ -115.681157223514091, 30.021166125796544 ], [ -115.681771410961943, 30.021767823785812 ], [ -115.682531710672265, 30.022298795118353 ], [ -115.683365071054538, 30.022794399799928 ], [ -115.68419843984141, 30.023289999415049 ], [ -115.684918244883619, 30.023748365271612 ], [ -115.685410910970049, 30.024132270886994 ], [ -115.685512211001253, 30.024313750682037 ], [ -115.685323442061545, 30.024474285425061 ], [ -115.685321775221226, 30.024600596121942 ], [ -115.685505544576699, 30.024818993505185 ], [ -115.685813494865315, 30.02505667790092 ], [ -115.686183536900373, 30.025304005053695 ], [ -115.686553580790189, 30.02555133121157 ], [ -115.6869230319286, 30.025843767357888 ], [ -115.687291296347908, 30.026226424494112 ], [ -115.687535618832229, 30.026571750693186 ], [ -115.687717970381385, 30.026898411552366 ], [ -115.687900323094325, 30.027225072178798 ], [ -115.688061227107255, 30.02760565896881 ], [ -115.688179232491706, 30.028094098402885 ], [ -115.688215003365173, 30.028527577458892 ], [ -115.688204309598916, 30.029339575194658 ], [ -115.688030211497932, 30.029960452301562 ], [ -115.687518603815107, 30.031011084304144 ], [ -115.686840011678285, 30.032141257495031 ], [ -115.685315801643753, 30.034481132966427 ], [ -115.684597470311886, 30.035475545347889 ], [ -115.683966729634548, 30.036118918552095 ], [ -115.683633837782963, 30.036196797758052 ], [ -115.683265910371958, 30.035787063750686 ], [ -115.683084274442365, 30.035406264081161 ], [ -115.682907293663007, 30.034673599562513 ], [ -115.682793961861805, 30.033833291769632 ], [ -115.682630948695518, 30.032045032736288 ], [ -115.682435028933597, 30.031176827224407 ], [ -115.682010284258396, 30.030360469214575 ], [ -115.681565443245603, 30.029932652946254 ], [ -115.680561322760099, 30.029362397215472 ], [ -115.680098919840489, 30.029041940781685 ], [ -115.679985263378683, 30.028923830824493 ], [ -115.679893939827892, 30.028859416682366 ], [ -115.679525695321374, 30.028476739546559 ], [ -115.679405100827424, 30.028186781298352 ], [ -115.679411559871554, 30.027699584309541 ], [ -115.679373196097345, 30.027464591645941 ], [ -115.679251646180745, 30.027246810600037 ], [ -115.679252712405827, 30.027248720960525 ], [ -115.679087426972046, 30.027118834709121 ], [ -115.678901873209284, 30.027035761218933 ], [ -115.679087426972046, 30.027118834709114 ], [ -115.67871631976378, 30.026952687475301 ], [ -115.678637202605586, 30.026663145103793 ], [ -115.678770956107329, 30.025960665721538 ], [ -115.679072990923004, 30.025079408383547 ], [ -115.67945916053965, 30.024108760905932 ], [ -115.679845322297922, 30.023138111927906 ], [ -115.680004339547693, 30.022092995882616 ], [ -115.679709085233242, 30.020898947763119 ], [ -115.679057990171273, 30.019953981587413 ], [ -115.67822898388556, 30.01913355251066 ], [ -115.679057990171273, 30.019953981587406 ], [ -115.677399991192814, 30.018313118522766 ], [ -115.676663958882898, 30.01752068454946 ], [ -115.676113830022615, 30.016784257366606 ], [ -115.67593297281222, 30.016349315604089 ], [ -115.675940524559508, 30.015780918888481 ], [ -115.676097230749107, 30.015692261826459 ], [ -115.6765597996054, 30.015994686353277 ], [ -115.677174047554516, 30.016587382291362 ], [ -115.678554247714303, 30.018063037571661 ], [ -115.679198905111861, 30.01871017003911 ] ] ] ] } },
{ "type": "Feature", "properties": { "fid": 9.0, "cat": 11, "CLAVE_ACUI": "0224", "NOM_ACUIF": "EL ROSARIO", "VULNERABIL": 4 }, "geometry": { "type": "MultiPolygon", "coordinates": [ [ [ [ -115.751905867263986, 30.06880387483508 ], [ -115.751765373468672, 30.068760495500708 ], [ -115.751599569834724, 30.068665051858677 ], [ -115.751534379277089, 30.068527530061946 ], [ -115.751509985363327, 30.068385811359995 ], [ -115.751497556715506, 30.068144399256031 ], [ -115.751496462806927, 30.067911179520593 ], [ -115.751517129252221, 30.067575050759405 ], [ -115.751579876221982, 30.067307680504761 ], [ -115.75168785561911, 30.067019986640407 ], [ -115.752171800583227, 30.067003223480306 ], [ -115.752769275233177, 30.067008893562019 ], [ -115.752918643922243, 30.067010310658365 ], [ -115.753879691817048, 30.067022125235663 ], [ -115.753426767031996, 30.067429896567695 ], [ -115.753422390437919, 30.067437018567123 ], [ -115.751905867263986, 30.06880387483508 ] ] ] ] } },
{ "type": "Feature", "properties": { "fid": 12.0, "cat": 10, "CLAVE_ACUI": "0224", "NOM_ACUIF": "EL ROSARIO", "VULNERABIL": 4 }, "geometry": { "type": "MultiPolygon", "coordinates": [ [ [ [ -115.72200937868385, 30.060135393827888 ], [ -115.721808546498735, 30.05961910758316 ], [ -115.721753618112089, 30.059050099218048 ], [ -115.721862900576767, 30.05861803829908 ], [ -115.722054287099439, 30.058254450838191 ], [ -115.722256306818053, 30.057673079462251 ], [ -115.722618536345536, 30.057278376218576 ], [ -115.723086644596194, 30.05702376269759 ], [ -115.723646714607099, 30.057029200761722 ], [ -115.723892394522693, 30.057284240914139 ], [ -115.724069365815993, 30.058043924733397 ], [ -115.72411863753959, 30.059055024512144 ], [ -115.724089477536509, 30.061328639652825 ], [ -115.724032712950432, 30.062519177923186 ], [ -115.723891578530086, 30.063817177796579 ], [ -115.723713117528831, 30.064789972480565 ], [ -115.723318862619422, 30.066410355700821 ], [ -115.723091190990587, 30.067175132966707 ], [ -115.722802437516123, 30.067849082297862 ], [ -115.722548854837456, 30.068207553934517 ], [ -115.722076860447231, 30.068609018837169 ], [ -115.721836081239488, 30.068778122252922 ], [ -115.721585740199657, 30.068883968488219 ], [ -115.72140928497808, 30.068891275649875 ], [ -115.721130261026516, 30.068807350842409 ], [ -115.721091554137146, 30.068590412928142 ], [ -115.721254455776943, 30.06802352417672 ], [ -115.721564661503322, 30.067295646761458 ], [ -115.722332361155537, 30.065678899736245 ], [ -115.722674711378048, 30.064870120997654 ], [ -115.722934076624171, 30.064060535052008 ], [ -115.723024005571389, 30.06352000469537 ], [ -115.723034429854621, 30.062707999989918 ], [ -115.722978219327587, 30.062238237175453 ], [ -115.722799165094813, 30.06164095335043 ], [ -115.722556953519941, 30.061115242826045 ], [ -115.72200937868385, 30.060135393827888 ] ] ] ] } },
{ "type": "Feature", "properties": { "fid": 10.0, "cat": 9, "CLAVE_ACUI": "0224", "NOM_ACUIF": "EL ROSARIO", "VULNERABIL": 3 }, "geometry": { "type": "MultiPolygon", "coordinates": [ [ [ [ -115.756429996502135, 30.064726068201885 ], [ -115.753886883922476, 30.067018355002492 ], [ -115.753879691817048, 30.067022125235663 ], [ -115.752918643922243, 30.067010310658361 ], [ -115.752769275233177, 30.067008893562019 ], [ -115.752171800583227, 30.067003223480306 ], [ -115.75168785561911, 30.067019986640407 ], [ -115.751389809367012, 30.066490485343003 ], [ -115.751262520605792, 30.066262869841818 ], [ -115.751105716390597, 30.065982473777328 ], [ -115.750653224160772, 30.064841220170063 ], [ -115.750348621034931, 30.064314965197813 ], [ -115.749887299951311, 30.063877453837343 ], [ -115.749423033640809, 30.063674522459362 ], [ -115.748957294085656, 30.063588880226163 ], [ -115.748802047758716, 30.063560332453203 ], [ -115.748491555392107, 30.063503236364458 ], [ -115.747994132450515, 30.063462406339543 ], [ -115.747433339269421, 30.063511205096521 ], [ -115.746996105706145, 30.063633366690006 ], [ -115.746620651131749, 30.063792209579248 ], [ -115.746495499347276, 30.063845156962206 ], [ -115.746245195388866, 30.06395105135795 ], [ -115.745838962274846, 30.064082528110738 ], [ -115.745371175925044, 30.064159275538344 ], [ -115.744997766002825, 30.064155711347912 ], [ -115.744671544778768, 30.064111991242463 ], [ -115.744562804441159, 30.064097417695812 ], [ -115.744345323871485, 30.06406827033527 ], [ -115.744118724046729, 30.063939777712765 ], [ -115.744091365946048, 30.063641742986398 ], [ -115.744272367355038, 30.063273511119785 ], [ -115.744557546515679, 30.062870180096848 ], [ -115.744842723324709, 30.062466848364764 ], [ -115.745097805315993, 30.061982017731516 ], [ -115.745292699799208, 30.061334190195122 ], [ -115.745362443218752, 30.060739308657865 ], [ -115.745376780239823, 30.059602491729844 ], [ -115.745352604985385, 30.059051830979158 ], [ -115.745265743281053, 30.058536665743052 ], [ -115.745145149478148, 30.058228717717665 ], [ -115.745007689820866, 30.058024378209851 ], [ -115.74496187005829, 30.057956265010855 ], [ -115.744870230717893, 30.057820038568259 ], [ -115.744696072396678, 30.057646930464731 ], [ -115.744448515090937, 30.057536285358797 ], [ -115.744210077476211, 30.05752498478191 ], [ -115.743976199381365, 30.057563356269057 ], [ -115.743898239979686, 30.05757614667111 ], [ -115.743742321121289, 30.057601727334706 ], [ -115.743533061903946, 30.057744102838189 ], [ -115.743373040269773, 30.05809448775625 ], [ -115.743315596772035, 30.058536087343885 ], [ -115.743303288288999, 30.05951050125292 ], [ -115.743223731567724, 30.060060170584197 ], [ -115.742997368135988, 30.060734764404764 ], [ -115.742699650432726, 30.061309417544731 ], [ -115.742366253678, 30.061834099703418 ], [ -115.742255120628556, 30.062008993536882 ], [ -115.742032853332717, 30.062358780874639 ], [ -115.741550477116476, 30.062769242218241 ], [ -115.740770153347356, 30.062951262406088 ], [ -115.739951994692333, 30.062844165534869 ], [ -115.739114923170916, 30.062592507358517 ], [ -115.7388359003115, 30.062508620140079 ], [ -115.738277856064258, 30.062340843963771 ], [ -115.737408645968245, 30.062170077453281 ], [ -115.73647514281582, 30.062161108991745 ], [ -115.735788510150982, 30.06231692967744 ], [ -115.735225310399855, 30.062555145062245 ], [ -115.735037576565531, 30.062634549635071 ], [ -115.734662108020942, 30.062793357947545 ], [ -115.734067097061683, 30.063085402580157 ], [ -115.733408469834885, 30.063485112555355 ], [ -115.732905768478872, 30.063859251818254 ], [ -115.732481029231153, 30.064220605649755 ], [ -115.732339448796452, 30.064341056597769 ], [ -115.732056286898953, 30.064581958000051 ], [ -115.731656609909635, 30.065011226325396 ], [ -115.731307066040358, 30.065576328341585 ], [ -115.731124171112768, 30.06608889750548 ], [ -115.731024601124403, 30.066575200491609 ], [ -115.730991410892301, 30.066737301456158 ], [ -115.730925030074047, 30.067061503339012 ], [ -115.731000644233731, 30.067639731412779 ], [ -115.731375921324215, 30.068311085825282 ], [ -115.731570474318033, 30.068511478251246 ], [ -115.732495755798084, 30.069170088839655 ], [ -115.733008886796114, 30.069608159326656 ], [ -115.73362299544543, 30.070263762549267 ], [ -115.73413338054884, 30.070918364139668 ], [ -115.734235274612175, 30.071063719920179 ], [ -115.734849400192118, 30.071719317763058 ], [ -115.735175835377433, 30.072155582967401 ], [ -115.735541013106456, 30.072808781911146 ], [ -115.735701709706404, 30.07322540452305 ], [ -115.735818619508393, 30.073822073963981 ], [ -115.735852771763689, 30.074399900529436 ], [ -115.73583831732978, 30.075536710727107 ], [ -115.735738644306608, 30.076032039296329 ], [ -115.735454078873147, 30.076381214480421 ], [ -115.735374798009374, 30.076399548817353 ], [ -115.735244308624516, 30.076559664107108 ], [ -115.734901171173277, 30.076619525468104 ], [ -115.734156328650229, 30.076449932559171 ], [ -115.733784482953638, 30.076320023076956 ], [ -115.733413787701252, 30.076099889637582 ], [ -115.733167808107837, 30.075862910527544 ], [ -115.732984186533926, 30.075617508717926 ], [ -115.732800565853324, 30.07537210666894 ], [ -115.732472290911304, 30.075080192429859 ], [ -115.73185470918223, 30.074695252351923 ], [ -115.731153683723292, 30.074345597523745 ], [ -115.730410939020089, 30.074013582856697 ], [ -115.730163358581194, 30.073902910396377 ], [ -115.729668199396599, 30.073681564118797 ], [ -115.728831758293069, 30.073375705279361 ], [ -115.727807909432244, 30.073122167797894 ], [ -115.726937933322219, 30.07300546375744 ], [ -115.725351852725836, 30.072908881637478 ], [ -115.724773810670456, 30.073124019963792 ], [ -115.724312275789572, 30.073882345477873 ], [ -115.724088829381188, 30.075125403932294 ], [ -115.723958989769997, 30.077966509286334 ], [ -115.723796613403891, 30.079300392983274 ], [ -115.723439325058024, 30.080460938805743 ], [ -115.723006220625138, 30.081061297312861 ], [ -115.722535208582713, 30.081381561140333 ], [ -115.722378203899524, 30.081488315351237 ], [ -115.722064193529619, 30.081701823175706 ], [ -115.721603085560687, 30.082058273312843 ], [ -115.721161794229303, 30.082487101560197 ], [ -115.720887417676906, 30.08284536603567 ], [ -115.720696498729296, 30.083168348891139 ], [ -115.720632858797686, 30.083276009769811 ], [ -115.720505578510796, 30.083491331417488 ], [ -115.720352553693502, 30.084094407045065 ], [ -115.720343972314069, 30.084223658413055 ], [ -115.720514944638779, 30.084375712669516 ], [ -115.720563913464275, 30.08460177363391 ], [ -115.72052616911769, 30.085115738043893 ], [ -115.720414291628558, 30.085746284288376 ], [ -115.720270663225364, 30.086888630457636 ], [ -115.720160198616199, 30.087778255162505 ], [ -115.720065943234772, 30.088669254032126 ], [ -115.720042505940725, 30.089387078495687 ], [ -115.719766289116365, 30.08794906998839 ], [ -115.719622127721877, 30.086830395044576 ], [ -115.719390681404533, 30.085299105223442 ], [ -115.719507077585348, 30.083680119766516 ], [ -115.719690612771458, 30.082433498581846 ], [ -115.719825451636595, 30.08151761323386 ], [ -115.720227150373276, 30.079328846291951 ], [ -115.7206288296059, 30.077140076894903 ], [ -115.720977461037634, 30.075041022825317 ], [ -115.721137221397541, 30.073776694824748 ], [ -115.72122002218326, 30.073121402656842 ], [ -115.721275671084598, 30.072021091194149 ], [ -115.721237867740797, 30.071330434451664 ], [ -115.721200064737758, 30.070639777642789 ], [ -115.721020311854517, 30.070096625557721 ], [ -115.720556660211997, 30.069848481979243 ], [ -115.719963657711133, 30.069978059440714 ], [ -115.71930597555874, 30.070296495090204 ], [ -115.718648289281035, 30.070614927310263 ], [ -115.717918219864941, 30.070914603391515 ], [ -115.717043388103917, 30.071176768931899 ], [ -115.7163154065192, 30.071314035500766 ], [ -115.715660850776771, 30.071388851831955 ], [ -115.715006294173136, 30.07146366487321 ], [ -115.714392296096023, 30.071611058317114 ], [ -115.713859414449729, 30.071903616539117 ], [ -115.71358527630467, 30.072243821956924 ], [ -115.713440510017463, 30.072607851552618 ], [ -115.71329574262451, 30.072971880938049 ], [ -115.71303068824956, 30.073411431028831 ], [ -115.712525057707694, 30.074002021431689 ], [ -115.711947391352695, 30.074546786969222 ], [ -115.711333703748522, 30.075068638219054 ], [ -115.710720009705554, 30.075590486373148 ], [ -115.709926000461607, 30.076015816440073 ], [ -115.708771368198242, 30.07624810861757 ], [ -115.707640996677071, 30.076209928440502 ], [ -115.706522760752051, 30.076036507685565 ], [ -115.705404529088241, 30.075863077525032 ], [ -115.704357387915138, 30.075807642289579 ], [ -115.70345241858243, 30.075988208357007 ], [ -115.70299127370545, 30.076344592298728 ], [ -115.702964927551847, 30.076393521517936 ], [ -115.702512804580579, 30.077233180871243 ], [ -115.70222670824424, 30.077690546684291 ], [ -115.701846891728778, 30.078174056131218 ], [ -115.701499960736342, 30.078522539177051 ], [ -115.700838981791719, 30.079084477300196 ], [ -115.700357537116233, 30.07940455734223 ], [ -115.699574182907867, 30.07980285848743 ], [ -115.698750035257689, 30.080146610899611 ], [ -115.697905488601407, 30.080463085902892 ], [ -115.697060936739561, 30.080779555303163 ], [ -115.69625775759765, 30.081105452930196 ], [ -115.69553732931108, 30.081450213605144 ], [ -115.695139797162113, 30.081698920151805 ], [ -115.694903713918151, 30.081899600624375 ], [ -115.694667629721366, 30.082100280638414 ], [ -115.694456828238742, 30.082350839658876 ], [ -115.694296592991918, 30.082701157291609 ], [ -115.694240336253202, 30.083034461254261 ], [ -115.694231801878615, 30.083684055629998 ], [ -115.694155032599795, 30.083999109024603 ], [ -115.693933258430818, 30.084294674592602 ], [ -115.693640403687425, 30.084472229986353 ], [ -115.693312008472489, 30.084590779729972 ], [ -115.692983612500683, 30.084709328627312 ], [ -115.692373539284603, 30.084549862873388 ], [ -115.691200124247615, 30.083834362525387 ], [ -115.689854526566762, 30.082801319437433 ], [ -115.688422860522863, 30.081609496008273 ], [ -115.686991228871477, 30.080417657794648 ], [ -115.685616866600469, 30.079212842265324 ], [ -115.684357006491496, 30.077982089161885 ], [ -115.683631585046513, 30.077135657400589 ], [ -115.68317337751192, 30.076481388866469 ], [ -115.68271517590226, 30.075827118852086 ], [ -115.682350579873088, 30.075155739133944 ], [ -115.682173186683258, 30.074450142316714 ], [ -115.682242122927562, 30.073945528007943 ], [ -115.682626318988198, 30.073137281118782 ], [ -115.683079176987349, 30.072627490267013 ], [ -115.683226332367951, 30.072518582258557 ], [ -115.684053549861858, 30.071906360388542 ], [ -115.685224637536109, 30.071214260703247 ], [ -115.687763491718329, 30.069859062412448 ], [ -115.688944784039634, 30.069176053564313 ], [ -115.689949842882115, 30.068482254120347 ], [ -115.689956173870584, 30.068476185976216 ], [ -115.689960334456188, 30.06847333534682 ], [ -115.69044365765474, 30.06800893787662 ], [ -115.690647825674972, 30.067697733046817 ], [ -115.690681853551538, 30.067645865539237 ], [ -115.690920047673515, 30.067282792698666 ], [ -115.6909770169963, 30.066895356515563 ], [ -115.690671541433801, 30.066459194047194 ], [ -115.69010544970844, 30.066119690959166 ], [ -115.689409052516282, 30.065828514796749 ], [ -115.688712659514678, 30.065537335053673 ], [ -115.687843757657518, 30.065348198240603 ], [ -115.686629831157191, 30.065363145772974 ], [ -115.685475515696695, 30.065577191425682 ], [ -115.684351000104201, 30.065890781672433 ], [ -115.683226477761409, 30.06620436207022 ], [ -115.682197333304671, 30.066365492382868 ], [ -115.681358957622322, 30.066221735421905 ], [ -115.680686999123665, 30.065849796899812 ], [ -115.680189189084885, 30.065253524334299 ], [ -115.680125126698712, 30.063827196449136 ], [ -115.680595106920492, 30.063588284481781 ], [ -115.680805302525968, 30.063382857470049 ], [ -115.680965909751365, 30.063005489404162 ], [ -115.681023393104141, 30.062581969881069 ], [ -115.681035236428059, 30.061688779463278 ], [ -115.680926887189401, 30.061254572728433 ], [ -115.681313474784602, 30.061213199283202 ], [ -115.681816928418328, 30.061176052141224 ], [ -115.682555878753902, 30.061225790241039 ], [ -115.683395169928005, 30.061297361379204 ], [ -115.685169847018386, 30.061233912044241 ], [ -115.685867032224337, 30.061069439413505 ], [ -115.686183909773902, 30.060639486293869 ], [ -115.686014856964704, 30.06008737324369 ], [ -115.685850051203147, 30.059842095899064 ], [ -115.685190836127433, 30.058860984608767 ], [ -115.684928088955814, 30.05833500319504 ], [ -115.684963854793239, 30.057983450751145 ], [ -115.685286209255509, 30.057923511169157 ], [ -115.686217509316378, 30.058095240553371 ], [ -115.686672193514994, 30.058226109960167 ], [ -115.687104945045746, 30.058446992217576 ], [ -115.687371513413424, 30.058684260729343 ], [ -115.687554990289698, 30.058929722628157 ], [ -115.687738468057717, 30.059175184289057 ], [ -115.687984296329688, 30.059412244589964 ], [ -115.688046051031222, 30.059448954211096 ], [ -115.688354825231997, 30.059632501899042 ], [ -115.688601845424131, 30.059779339548122 ], [ -115.689220587908821, 30.060056210141862 ], [ -115.69052102746852, 30.060556429748679 ], [ -115.690964837656992, 30.060760932324801 ], [ -115.691447377999282, 30.061107053908799 ], [ -115.692926003954753, 30.062258704585108 ], [ -115.693666633176733, 30.06273528012122 ], [ -115.693728569817381, 30.062758453922857 ], [ -115.693913669130978, 30.062882108183956 ], [ -115.694471634207517, 30.063050070586044 ], [ -115.69490797591699, 30.063000262921015 ], [ -115.695283504315469, 30.062841570067729 ], [ -115.695659031547706, 30.062682876102119 ], [ -115.696221255927938, 30.062526032687458 ], [ -115.697156874795127, 30.06237288772904 ], [ -115.698154015200487, 30.062274485415521 ], [ -115.699181916288921, 30.062203449938391 ], [ -115.70020981622207, 30.062132406378343 ], [ -115.70134284945803, 30.061954112963814 ], [ -115.702686144469666, 30.06156132393475 ], [ -115.703791930952761, 30.061084969161218 ], [ -115.704778958132977, 30.060566829740708 ], [ -115.705765975213097, 30.060048682564851 ], [ -115.706551024187178, 30.05950598247999 ], [ -115.706932150696218, 30.058914188641378 ], [ -115.706782320383056, 30.058470569521528 ], [ -115.706616198168405, 30.058322756724625 ], [ -115.705951714243298, 30.057731503550919 ], [ -115.705437591840081, 30.05738355415096 ], [ -115.704725825531753, 30.057078772739079 ], [ -115.704053669681613, 30.056918751955791 ], [ -115.703792729108002, 30.056883695583071 ], [ -115.702748968850401, 30.056743464964988 ], [ -115.701834859765327, 30.056842723241342 ], [ -115.700397221181959, 30.057315782832436 ], [ -115.698915251170831, 30.058004948428138 ], [ -115.698313593580579, 30.058323834177667 ], [ -115.695906925321566, 30.059599348339539 ], [ -115.694560318063424, 30.060244689154953 ], [ -115.69352888075926, 30.06058635420554 ], [ -115.693156440007243, 30.060510465811973 ], [ -115.693139263971105, 30.060396600871371 ], [ -115.693134969967431, 30.060368134635755 ], [ -115.693070560169375, 30.059941141079001 ], [ -115.692929858815489, 30.059596855023909 ], [ -115.692593636075472, 30.059133321109201 ], [ -115.692173968324852, 30.058705049743672 ], [ -115.691989412623599, 30.058540793487165 ], [ -115.691251195909103, 30.057883766011891 ], [ -115.690844166365636, 30.057284172699298 ], [ -115.690545843674059, 30.056306680146236 ], [ -115.690455666038957, 30.055277120006782 ], [ -115.69048345018615, 30.053165932102772 ], [ -115.690569225993769, 30.052165193884449 ], [ -115.690798768294258, 30.051274167173759 ], [ -115.691095562319333, 30.050789860446123 ], [ -115.691756400062403, 30.050227965007078 ], [ -115.692163115121105, 30.050060566823312 ], [ -115.692722428035182, 30.050120268532041 ], [ -115.693247904529613, 30.050387168984859 ], [ -115.694265030751254, 30.05112816520878 ], [ -115.694726871028422, 30.051502708351858 ], [ -115.695095257354069, 30.051885345910172 ], [ -115.695247392125353, 30.052148533132822 ], [ -115.695335408674012, 30.052555457847451 ], [ -115.695562153387428, 30.05266598778481 ], [ -115.696154370011655, 30.052590651126685 ], [ -115.696914649827818, 30.052354556784781 ], [ -115.697758957173136, 30.052038079835249 ], [ -115.698603259320478, 30.051721597288868 ], [ -115.699518738328194, 30.051514093627276 ], [ -115.700576580090924, 30.05152455139287 ], [ -115.701424176777536, 30.05174948557276 ], [ -115.702166654972885, 30.052081657409321 ], [ -115.70290913824671, 30.052413825183038 ], [ -115.703753927709741, 30.052855277962525 ], [ -115.704803330473837, 30.053515302172187 ], [ -115.705707549146936, 30.054173889186877 ], [ -115.706539180276394, 30.054831756113813 ], [ -115.707370822440467, 30.055489618040042 ], [ -115.708659524858177, 30.056097824295584 ], [ -115.710862345307149, 30.056606703353101 ], [ -115.713245007939037, 30.056846604353609 ], [ -115.715717589571597, 30.056951989791976 ], [ -115.718190178238615, 30.057057328873817 ], [ -115.719389282614443, 30.05715435541703 ], [ -115.720345509692152, 30.057231721387364 ], [ -115.721683036685548, 30.057246238503836 ], [ -115.722478379871518, 30.057003715642686 ], [ -115.723241566415481, 30.056334110182959 ], [ -115.72373872466396, 30.055873140866936 ], [ -115.724376626212162, 30.055114297773063 ], [ -115.724756590172461, 30.054603648905204 ], [ -115.724882147220185, 30.054339175721164 ], [ -115.724863891985862, 30.054195507904581 ], [ -115.724740025529002, 30.054067775823199 ], [ -115.724516002894219, 30.053951629544947 ], [ -115.724351796222379, 30.053814685383433 ], [ -115.72432506464196, 30.053742238732124 ], [ -115.724231504402752, 30.053488675412549 ], [ -115.724195224532735, 30.053082269757677 ], [ -115.724198810369245, 30.052802578687622 ], [ -115.724431965092492, 30.052953399020353 ], [ -115.724618703266998, 30.053049115460929 ], [ -115.724876757491273, 30.053213038232229 ], [ -115.725058318853939, 30.053361702682906 ], [ -115.725247429899866, 30.053534622016237 ], [ -115.725537422278677, 30.053800401197503 ], [ -115.725637226061281, 30.053875274581337 ], [ -115.726048999767997, 30.054119889183546 ], [ -115.7264827500248, 30.05426846559682 ], [ -115.727320755833105, 30.054439000859599 ], [ -115.727724664190262, 30.05448802677649 ], [ -115.728098381318418, 30.05446457206121 ], [ -115.728317334184183, 30.054376455634351 ], [ -115.728411714551811, 30.054296157610018 ], [ -115.728458904678561, 30.054256008570423 ], [ -115.728600474830358, 30.054135561341944 ], [ -115.728727236808822, 30.05395631854423 ], [ -115.728824382604174, 30.053659484814556 ], [ -115.72885953044748, 30.053344004817134 ], [ -115.728867828408724, 30.052694398578172 ], [ -115.728986867178961, 30.052307542036097 ], [ -115.729335683277057, 30.051796577980934 ], [ -115.729798001981777, 30.051331826463414 ], [ -115.730317069368567, 30.05089017972746 ], [ -115.73083613215077, 30.050448530779697 ], [ -115.731546880749818, 30.050022263958329 ], [ -115.732641003050219, 30.049626758822441 ], [ -115.733753792532326, 30.049393845991947 ], [ -115.734875915856307, 30.049242224374623 ], [ -115.73599803611711, 30.04909059307797 ], [ -115.7370479006252, 30.048911187881011 ], [ -115.737953256027978, 30.04867624677156 ], [ -115.738412318443196, 30.048464088917861 ], [ -115.738884150455291, 30.048062559492116 ], [ -115.73909453814035, 30.047829967272992 ], [ -115.739253871070062, 30.047533721103619 ], [ -115.739280476827545, 30.047407775882334 ], [ -115.739309038809225, 30.047272569972222 ], [ -115.739315209646151, 30.046785362878197 ], [ -115.739359663294337, 30.046551179327047 ], [ -115.739444456578795, 30.046407616922057 ], [ -115.739486853127104, 30.046335835695277 ], [ -115.739654382383009, 30.046211113034573 ], [ -115.739779515023528, 30.046158171493499 ], [ -115.739842081295137, 30.046131700676707 ], [ -115.740029779915503, 30.046052288041352 ], [ -115.740176110104528, 30.045963455392325 ], [ -115.740239703823278, 30.045855783154153 ], [ -115.740199363428601, 30.045765162200947 ], [ -115.740107056150961, 30.045683066851186 ], [ -115.740014749025491, 30.045600971439999 ], [ -115.740006776785393, 30.045411402561832 ], [ -115.740167473154813, 30.045006886679868 ], [ -115.740443270461014, 30.044522261872903 ], [ -115.740665501018725, 30.04417247531196 ], [ -115.74077661569963, 30.043997581866993 ], [ -115.741109957350687, 30.043472900874058 ], [ -115.741530701376448, 30.043007707765774 ], [ -115.742126253406326, 30.042661490182216 ], [ -115.742698098312204, 30.042549653157181 ], [ -115.743071426849866, 30.042553221563985 ], [ -115.743258091143815, 30.04255500537019 ], [ -115.743818084126033, 30.042560355200077 ], [ -115.744377394486676, 30.042619836910443 ], [ -115.744935340659694, 30.04278758480849 ], [ -115.745305941309695, 30.043007684012764 ], [ -115.745490560075197, 30.043171867520311 ], [ -115.745582869686203, 30.043253959181925 ], [ -115.745859799432182, 30.043500233798103 ], [ -115.746188923330536, 30.043719935053083 ], [ -115.746622434247513, 30.04388648957941 ], [ -115.747015827772159, 30.043944378901674 ], [ -115.74726471735535, 30.043946749887024 ], [ -115.747389162158072, 30.04394793520316 ], [ -115.74776249661069, 30.043951490445405 ], [ -115.748188250432946, 30.043910426238135 ], [ -115.748718842006582, 30.043780123441685 ], [ -115.749177406454336, 30.043604016112472 ], [ -115.749459106601506, 30.043471342906329 ], [ -115.749599956399507, 30.043405006067932 ], [ -115.750022504691088, 30.043205994611391 ], [ -115.750430231973695, 30.042948188365628 ], [ -115.750808318084765, 30.042572794101662 ], [ -115.7510307346475, 30.042204943953823 ], [ -115.751127122653315, 30.041962225398791 ], [ -115.751175316472583, 30.041840866086478 ], [ -115.751319897195827, 30.0414767880103 ], [ -115.751655814990627, 30.041155131577906 ], [ -115.75237440656997, 30.040918316092672 ], [ -115.753236142306392, 30.040845276250781 ], [ -115.75385834843253, 30.040851172858144 ], [ -115.754169451564721, 30.040854120058587 ], [ -115.755102761237794, 30.040862957246937 ], [ -115.755962578622544, 30.040943280587481 ], [ -115.756675412956199, 30.041166584744335 ], [ -115.757003653056017, 30.041458438843542 ], [ -115.757275539088226, 30.042110699155348 ], [ -115.757312853081544, 30.042444920719905 ], [ -115.757152905969747, 30.042795325288143 ], [ -115.756926119622761, 30.042981732420269 ], [ -115.756672716232089, 30.043043444240894 ], [ -115.756014311257289, 30.043443275039959 ], [ -115.755844100240765, 30.043784557282113 ], [ -115.755991876791811, 30.044408575409193 ], [ -115.756408387593552, 30.045107322614836 ], [ -115.756775642733871, 30.045598062857486 ], [ -115.756959271642614, 30.045843432619286 ], [ -115.75751016372341, 30.046579540466432 ], [ -115.757998951658323, 30.04730603608385 ], [ -115.758363521269189, 30.048013310212031 ], [ -115.758482344553286, 30.04846560607708 ], [ -115.758474241263741, 30.049115220125426 ], [ -115.758301776833363, 30.049636953542549 ], [ -115.75779248059871, 30.050552538214323 ], [ -115.757116108371648, 30.051556776291246 ], [ -115.755596250956543, 30.053653894064798 ], [ -115.754856476443493, 30.054747753849288 ], [ -115.754157042337638, 30.05593222585637 ], [ -115.753977349018015, 30.056303586892291 ], [ -115.753584765390428, 30.05690133604147 ], [ -115.752885300290885, 30.058085800041951 ], [ -115.752650105340066, 30.058643023307177 ], [ -115.752643996852896, 30.059130232013743 ], [ -115.752742966134733, 30.059510156086944 ], [ -115.753045985127997, 30.060162719192341 ], [ -115.753452051447113, 30.060870399422807 ], [ -115.753757113524117, 30.061360558104109 ], [ -115.753909645666155, 30.061605637197914 ], [ -115.754367246506433, 30.062340873491955 ], [ -115.754867021288604, 30.063022366952364 ], [ -115.755451137395866, 30.06359637557869 ], [ -115.756265031036065, 30.064155572114121 ], [ -115.756795198669835, 30.064558708478888 ], [ -115.756795148349795, 30.06455880039583 ], [ -115.756429996502135, 30.064726068201885 ] ], [ [ -115.722556953519941, 30.061115242826045 ], [ -115.722799165094813, 30.06164095335043 ], [ -115.722978219327587, 30.062238237175453 ], [ -115.723034429854621, 30.062707999989918 ], [ -115.723024005571389, 30.06352000469537 ], [ -115.722934076624171, 30.064060535052008 ], [ -115.722674711378048, 30.064870120997654 ], [ -115.722332361155537, 30.065678899736245 ], [ -115.721564661503322, 30.067295646761458 ], [ -115.721254455776943, 30.06802352417672 ], [ -115.721091554137146, 30.068590412928142 ], [ -115.721130261026516, 30.068807350842409 ], [ -115.72140928497808, 30.068891275649875 ], [ -115.721585740199657, 30.068883968488219 ], [ -115.721836081239488, 30.068778122252922 ], [ -115.722076860447231, 30.068609018837169 ], [ -115.722548854837456, 30.068207553934517 ], [ -115.722802437516123, 30.067849082297862 ], [ -115.723091190990587, 30.067175132966707 ], [ -115.723318862619422, 30.066410355700821 ], [ -115.723713117528831, 30.064789972480565 ], [ -115.723891578530086, 30.063817177796579 ], [ -115.724032712950432, 30.062519177923186 ], [ -115.724089477536509, 30.061328639652825 ], [ -115.72411863753959, 30.059055024512144 ], [ -115.724069365815993, 30.058043924733397 ], [ -115.723892394522693, 30.057284240914139 ], [ -115.723646714607099, 30.057029200761722 ], [ -115.723086644596194, 30.05702376269759 ], [ -115.722618536345536, 30.057278376218576 ], [ -115.722256306818053, 30.057673079462251 ], [ -115.722054287099439, 30.058254450838191 ], [ -115.721862900576767, 30.05861803829908 ], [ -115.721753618112089, 30.059050099218048 ], [ -115.721808546498735, 30.05961910758316 ], [ -115.72200937868385, 30.060135393827888 ], [ -115.722556953519941, 30.061115242826045 ] ] ] ] } },
{ "type": "Feature", "properties": { "fid": 5.0, "cat": 6, "CLAVE_ACUI": "0224", "NOM_ACUIF": "EL ROSARIO", "VULNERABIL": 5 }, "geometry": { "type": "MultiPolygon", "coordinates": [ [ [ [ -115.723107219977976, 30.094749618960062 ], [ -115.722997983223053, 30.09482514212495 ], [ -115.722715419212861, 30.094551943354311 ], [ -115.722333504826835, 30.094283595708536 ], [ -115.722130111670012, 30.094165578560101 ], [ -115.721803991357731, 30.0939334850028 ], [ -115.721733591651699, 30.093798854346964 ], [ -115.721351841132247, 30.093211247735749 ], [ -115.721093301789551, 30.092611005156478 ], [ -115.720915021215831, 30.092112424026841 ], [ -115.72079422411251, 30.091705777346061 ], [ -115.72064895957574, 30.091301007139666 ], [ -115.720481811767726, 30.090735391088604 ], [ -115.720253832015814, 30.09010305404929 ], [ -115.720042505940725, 30.089387078495687 ], [ -115.720065943234772, 30.088669254032126 ], [ -115.720160198616199, 30.087778255162505 ], [ -115.720270663225364, 30.086888630457636 ], [ -115.720414291628558, 30.085746284288376 ], [ -115.72052616911769, 30.085115738043893 ], [ -115.720563913464275, 30.08460177363391 ], [ -115.720514944638779, 30.084375712669516 ], [ -115.720343972314069, 30.084223658413055 ], [ -115.720352553693502, 30.084094407045065 ], [ -115.720505578510796, 30.083491331417488 ], [ -115.720632858797686, 30.083276009769811 ], [ -115.720696498729296, 30.083168348891139 ], [ -115.720887417676906, 30.08284536603567 ], [ -115.721161794229303, 30.082487101560197 ], [ -115.721603085560687, 30.082058273312843 ], [ -115.722064193529619, 30.081701823175706 ], [ -115.722378203899524, 30.081488315351237 ], [ -115.722535208582713, 30.081381561140333 ], [ -115.723006220625138, 30.081061297312861 ], [ -115.723439325058024, 30.080460938805743 ], [ -115.723796613403891, 30.079300392983274 ], [ -115.723958989769997, 30.077966509286334 ], [ -115.724088829381188, 30.075125403932294 ], [ -115.724312275789572, 30.073882345477873 ], [ -115.724773810670456, 30.073124019963792 ], [ -115.725351852725836, 30.072908881637478 ], [ -115.726937933322219, 30.07300546375744 ], [ -115.727807909432244, 30.073122167797894 ], [ -115.728831758293069, 30.073375705279361 ], [ -115.729668199396599, 30.073681564118797 ], [ -115.730163358581194, 30.073902910396377 ], [ -115.730410939020089, 30.074013582856697 ], [ -115.731153683723292, 30.074345597523745 ], [ -115.73185470918223, 30.074695252351923 ], [ -115.732472290911304, 30.075080192429859 ], [ -115.732800565853324, 30.07537210666894 ], [ -115.732984186533926, 30.075617508717926 ], [ -115.733167808107837, 30.075862910527544 ], [ -115.733413787701252, 30.076099889637582 ], [ -115.733784482953638, 30.076320023076956 ], [ -115.734156328650229, 30.076449932559171 ], [ -115.734901171173277, 30.076619525468104 ], [ -115.735244308624516, 30.076559664107108 ], [ -115.735374798009374, 30.076399548817353 ], [ -115.735454078873147, 30.076381214480421 ], [ -115.735738644306608, 30.076032039296329 ], [ -115.73583831732978, 30.075536710727107 ], [ -115.735852771763689, 30.074399900529436 ], [ -115.735818619508393, 30.073822073963981 ], [ -115.735701709706404, 30.07322540452305 ], [ -115.735541013106456, 30.072808781911146 ], [ -115.735175835377433, 30.072155582967401 ], [ -115.734849400192118, 30.071719317763058 ], [ -115.734235274612175, 30.071063719920179 ], [ -115.73413338054884, 30.070918364139668 ], [ -115.73362299544543, 30.070263762549267 ], [ -115.733008886796114, 30.069608159326656 ], [ -115.732495755798084, 30.069170088839655 ], [ -115.731570474318033, 30.068511478251246 ], [ -115.731375921324215, 30.068311085825282 ], [ -115.731000644233731, 30.067639731412779 ], [ -115.730925030074047, 30.067061503339012 ], [ -115.730991410892301, 30.066737301456158 ], [ -115.731024601124403, 30.066575200491609 ], [ -115.731124171112768, 30.06608889750548 ], [ -115.731307066040358, 30.065576328341585 ], [ -115.731656609909635, 30.065011226325396 ], [ -115.732056286898953, 30.064581958000051 ], [ -115.732339448796452, 30.064341056597769 ], [ -115.732481029231153, 30.064220605649755 ], [ -115.732905768478872, 30.063859251818254 ], [ -115.733408469834885, 30.063485112555355 ], [ -115.734067097061683, 30.063085402580157 ], [ -115.734662108020942, 30.062793357947545 ], [ -115.735037576565531, 30.062634549635071 ], [ -115.735225310399855, 30.062555145062245 ], [ -115.735788510150982, 30.06231692967744 ], [ -115.73647514281582, 30.062161108991745 ], [ -115.737408645968245, 30.062170077453281 ], [ -115.738277856064258, 30.062340843963771 ], [ -115.7388359003115, 30.062508620140079 ], [ -115.739114923170916, 30.062592507358517 ], [ -115.739951994692333, 30.062844165534869 ], [ -115.740770153347356, 30.062951262406088 ], [ -115.741550477116476, 30.062769242218241 ], [ -115.742032853332717, 30.062358780874639 ], [ -115.742255120628556, 30.062008993536882 ], [ -115.742366253678, 30.061834099703418 ], [ -115.742699650432726, 30.061309417544731 ], [ -115.742997368135988, 30.060734764404764 ], [ -115.743223731567724, 30.060060170584197 ], [ -115.743303288288999, 30.05951050125292 ], [ -115.743315596772035, 30.058536087343885 ], [ -115.743373040269773, 30.05809448775625 ], [ -115.743533061903946, 30.057744102838189 ], [ -115.743742321121289, 30.057601727334706 ], [ -115.743898239979686, 30.05757614667111 ], [ -115.743976199381365, 30.057563356269057 ], [ -115.744210077476211, 30.05752498478191 ], [ -115.744448515090937, 30.057536285358797 ], [ -115.744696072396678, 30.057646930464731 ], [ -115.744870230717893, 30.057820038568259 ], [ -115.74496187005829, 30.057956265010855 ], [ -115.745007689820866, 30.058024378209851 ], [ -115.745145149478148, 30.058228717717665 ], [ -115.745265743281053, 30.058536665743052 ], [ -115.745352604985385, 30.059051830979158 ], [ -115.745376780239823, 30.059602491729844 ], [ -115.745362443218752, 30.060739308657865 ], [ -115.745292699799208, 30.061334190195122 ], [ -115.745097805315993, 30.061982017731516 ], [ -115.744842723324709, 30.062466848364764 ], [ -115.744557546515679, 30.062870180096848 ], [ -115.744272367355038, 30.063273511119785 ], [ -115.744091365946048, 30.063641742986398 ], [ -115.744118724046729, 30.063939777712765 ], [ -115.744345323871485, 30.06406827033527 ], [ -115.744562804441159, 30.064097417695812 ], [ -115.744671544778768, 30.064111991242463 ], [ -115.744997766002825, 30.064155711347912 ], [ -115.745371175925044, 30.064159275538344 ], [ -115.745838962274846, 30.064082528110738 ], [ -115.746245195388866, 30.06395105135795 ], [ -115.746495499347276, 30.063845156962206 ], [ -115.746620651131749, 30.063792209579248 ], [ -115.746996105706145, 30.063633366690006 ], [ -115.747433339269421, 30.063511205096521 ], [ -115.747994132450515, 30.063462406339543 ], [ -115.748491555392107, 30.063503236364458 ], [ -115.748802047758716, 30.063560332453203 ], [ -115.748957294085656, 30.063588880226163 ], [ -115.749423033640809, 30.063674522459362 ], [ -115.749887299951311, 30.063877453837343 ], [ -115.750348621034931, 30.064314965197813 ], [ -115.750653224160772, 30.064841220170063 ], [ -115.751105716390597, 30.065982473777328 ], [ -115.751262520605792, 30.066262869841818 ], [ -115.751389809367012, 30.066490485343003 ], [ -115.75168785561911, 30.067019986640407 ], [ -115.751579876221982, 30.067307680504761 ], [ -115.751517129252221, 30.067575050759405 ], [ -115.751496462806927, 30.067911179520593 ], [ -115.751497556715506, 30.068144399256031 ], [ -115.751509985363327, 30.068385811359995 ], [ -115.751534379277089, 30.068527530061946 ], [ -115.751599569834724, 30.068665051858677 ], [ -115.751675111055036, 30.068708536654391 ], [ -115.751765373468672, 30.068760495500708 ], [ -115.751905867263986, 30.06880387483508 ], [ -115.723107219977976, 30.094749618960062 ] ] ] ] } },
{ "type": "Feature", "properties": { "fid": 6.0, "cat": 4, "CLAVE_ACUI": "0224", "NOM_ACUIF": "EL ROSARIO", "VULNERABIL": 2 }, "geometry": { "type": "MultiPolygon", "coordinates": [ [ [ [ -115.693640403687425, 30.084472229986353 ], [ -115.693933258430818, 30.084294674592602 ], [ -115.694155032599795, 30.083999109024603 ], [ -115.694231801878615, 30.083684055629998 ], [ -115.694240336253202, 30.083034461254261 ], [ -115.694296592991918, 30.082701157291609 ], [ -115.694456828238742, 30.082350839658876 ], [ -115.694667629721366, 30.082100280638414 ], [ -115.694903713918151, 30.081899600624375 ], [ -115.695139797162113, 30.081698920151812 ], [ -115.69553732931108, 30.081450213605144 ], [ -115.69625775759765, 30.081105452930196 ], [ -115.697060936739561, 30.080779555303163 ], [ -115.697905488601407, 30.080463085902892 ], [ -115.698750035257689, 30.080146610899611 ], [ -115.699574182907867, 30.07980285848743 ], [ -115.700357537116233, 30.07940455734223 ], [ -115.700838981791719, 30.079084477300196 ], [ -115.701499960736342, 30.078522539177051 ], [ -115.701846891728778, 30.078174056131218 ], [ -115.70222670824424, 30.077690546684291 ], [ -115.702512804580579, 30.077233180871243 ], [ -115.70299127370545, 30.076344592298728 ], [ -115.70345241858243, 30.075988208357007 ], [ -115.704357387915138, 30.075807642289579 ], [ -115.705404529088241, 30.075863077525032 ], [ -115.706522760752051, 30.076036507685565 ], [ -115.707640996677071, 30.076209928440509 ], [ -115.708771368198242, 30.07624810861757 ], [ -115.709926000461607, 30.076015816440073 ], [ -115.710720009705554, 30.075590486373148 ], [ -115.711333703748522, 30.075068638219054 ], [ -115.711947391352695, 30.074546786969236 ], [ -115.712525057707694, 30.074002021431689 ], [ -115.71303068824956, 30.073411431028831 ], [ -115.71329574262451, 30.072971880938049 ], [ -115.713440510017463, 30.072607851552618 ], [ -115.71358527630467, 30.072243821956931 ], [ -115.713859414449729, 30.071903616539117 ], [ -115.714392296096023, 30.071611058317114 ], [ -115.715006294173136, 30.07146366487321 ], [ -115.715660850776771, 30.071388851831955 ], [ -115.7163154065192, 30.071314035500766 ], [ -115.717043388103917, 30.071176768931899 ], [ -115.717918219864941, 30.070914603391515 ], [ -115.718648289281035, 30.070614927310263 ], [ -115.71930597555874, 30.070296495090204 ], [ -115.719963657711133, 30.069978059440714 ], [ -115.720556660211997, 30.069848481979243 ], [ -115.721020311854517, 30.070096625557721 ], [ -115.721200064737758, 30.070639777642789 ], [ -115.721237867740797, 30.071330434451664 ], [ -115.721275671084598, 30.072021091194149 ], [ -115.72122002218326, 30.073121402656842 ], [ -115.720977461037634, 30.075041022825317 ], [ -115.7206288296059, 30.077140076894903 ], [ -115.719825451636595, 30.08151761323386 ], [ -115.719507077585348, 30.083680119766516 ], [ -115.719390681404533, 30.085299105223442 ], [ -115.719622127721877, 30.086830395044576 ], [ -115.719766289116365, 30.08794906998839 ], [ -115.720042505940725, 30.089387078495687 ], [ -115.720253832015814, 30.09010305404929 ], [ -115.720481811767726, 30.090735391088604 ], [ -115.72064895957574, 30.091301007139666 ], [ -115.72079422411251, 30.091705777346061 ], [ -115.720915021215831, 30.092112424026841 ], [ -115.721093301789551, 30.092611005156478 ], [ -115.721351841132247, 30.093211247735749 ], [ -115.721733591651699, 30.093798854346964 ], [ -115.721803991357731, 30.0939334850028 ], [ -115.721733872707404, 30.094132154512099 ], [ -115.721628534932307, 30.094247347424204 ], [ -115.721488787377979, 30.094402643678691 ], [ -115.721266162999328, 30.094534307162487 ], [ -115.720922375214784, 30.094639240928419 ], [ -115.720496511632533, 30.094671187656189 ], [ -115.719562709418824, 30.094662090266322 ], [ -115.719002893646916, 30.094620539780372 ], [ -115.718257249522253, 30.094504987345303 ], [ -115.717574326402755, 30.094353949542732 ], [ -115.716271206115124, 30.094016382902176 ], [ -115.715985393229786, 30.093997006522841 ], [ -115.715189821088529, 30.094186279361374 ], [ -115.714769665005079, 30.094579197098842 ], [ -115.714576601143776, 30.095064568875806 ], [ -115.714383535314681, 30.095549940278829 ], [ -115.71410816265734, 30.095980365716347 ], [ -115.713668177741283, 30.096300898798049 ], [ -115.713210243434872, 30.096404694402192 ], [ -115.712276427599846, 30.096395544758522 ], [ -115.711694216753941, 30.096480070185109 ], [ -115.710881397010041, 30.096742797086929 ], [ -115.71010890470221, 30.097096148140221 ], [ -115.708604234451158, 30.097893465815481 ], [ -115.707748718219534, 30.098245986438886 ], [ -115.706686852096681, 30.098506236822587 ], [ -115.705772595181045, 30.098587466327135 ], [ -115.704091694994858, 30.098570895965999 ], [ -115.703229197912535, 30.098661641595253 ], [ -115.702322602543788, 30.098950458890396 ], [ -115.701674104402244, 30.099341077288763 ], [ -115.700635196412634, 30.100224113553065 ], [ -115.700172745145366, 30.100670704114854 ], [ -115.699824309474096, 30.101127444755715 ], [ -115.699706037334806, 30.101442089905444 ], [ -115.699699658651767, 30.101929285388977 ], [ -115.699644351585107, 30.102190413828424 ], [ -115.699484808519614, 30.102486603531535 ], [ -115.699274209935083, 30.102719124330942 ], [ -115.698801955356103, 30.103120495959324 ], [ -115.698550557632075, 30.103298471548595 ], [ -115.698268621091728, 30.103431027491386 ], [ -115.698050125157351, 30.103473978587971 ], [ -115.697676574431611, 30.103470275647325 ], [ -115.697384614910519, 30.103575660381232 ], [ -115.696882284892141, 30.103895516876406 ], [ -115.696337024449889, 30.104323224892173 ], [ -115.695203560624435, 30.105286486750824 ], [ -115.694658285349064, 30.10571418726698 ], [ -115.694155935865723, 30.106034032650438 ], [ -115.693863965268534, 30.106139409182589 ], [ -115.693490405141461, 30.106135694043022 ], [ -115.693260931129061, 30.106223644249688 ], [ -115.692988049884775, 30.106455534763782 ], [ -115.692946068041834, 30.106491210173093 ], [ -115.692650768833758, 30.106849202906385 ], [ -115.692079729135784, 30.107655613823219 ], [ -115.691763431784238, 30.108031441844265 ], [ -115.691385584091265, 30.108352516110873 ], [ -115.691068121801251, 30.108513761102259 ], [ -115.690755046954166, 30.108665763944831 ], [ -115.69032870099683, 30.108922524942379 ], [ -115.690138993188668, 30.109061583812259 ], [ -115.689912173340517, 30.108851567602784 ], [ -115.68912928462386, 30.108126668474473 ], [ -115.687145737437334, 30.106415317238415 ], [ -115.683638898235699, 30.103213050008026 ], [ -115.681998563505815, 30.101698738178545 ], [ -115.680584273346611, 30.100358119279694 ], [ -115.679867426142309, 30.099638078797465 ], [ -115.679499290233736, 30.099228331502228 ], [ -115.679131157337011, 30.098818583241535 ], [ -115.678784139077237, 30.098381976515775 ], [ -115.678479347032834, 30.097891654033933 ], [ -115.678318377089639, 30.097511057160659 ], [ -115.678140258794329, 30.096859589301513 ], [ -115.677979051539054, 30.096497036178118 ], [ -115.677673548374671, 30.096060844384546 ], [ -115.677325584813175, 30.095696410639096 ], [ -115.676587202044814, 30.095039299021273 ], [ -115.676259756375828, 30.094693115775193 ], [ -115.676015796851104, 30.094311679989641 ], [ -115.67593664184237, 30.0940221375017 ], [ -115.675943135012531, 30.093534946077323 ], [ -115.67607268803367, 30.093157274024861 ], [ -115.676454850637654, 30.09251144843455 ], [ -115.676962230315056, 30.091812742848209 ], [ -115.67753221319802, 30.091087595370119 ], [ -115.678102187646928, 30.090362445090353 ], [ -115.678568764776756, 30.089609182412946 ], [ -115.678828558340811, 30.088799699117114 ], [ -115.678794976482877, 30.088203824492236 ], [ -115.678434444832547, 30.087225683793818 ], [ -115.678212683221858, 30.086736195670618 ], [ -115.677907927496364, 30.086245872176463 ], [ -115.677621762710388, 30.085918154285391 ], [ -115.677068025777345, 30.08542532307138 ], [ -115.676822642969157, 30.085152153797949 ], [ -115.676640228596312, 30.084825478506044 ], [ -115.676581586613011, 30.084554189280645 ], [ -115.676588074152235, 30.08406699702671 ], [ -115.676717851215102, 30.083671279201962 ], [ -115.677100691273111, 30.082971317106121 ], [ -115.677608975409569, 30.082200429750095 ], [ -115.678179975576526, 30.081394077833295 ], [ -115.678750966315235, 30.080587723059573 ], [ -115.679220127098091, 30.079635969374838 ], [ -115.679485638858253, 30.078393421985766 ], [ -115.679459005180362, 30.077274264880923 ], [ -115.679113605840442, 30.07515934084655 ], [ -115.67900231151323, 30.074165658675291 ], [ -115.679013818908402, 30.073299536869296 ], [ -115.679144289755385, 30.072849682680044 ], [ -115.679334241714997, 30.072607962079385 ], [ -115.67952419273837, 30.072366241167668 ], [ -115.67971797629842, 30.071835812516703 ], [ -115.679919423179712, 30.070727968488384 ], [ -115.680061382601096, 30.069411990318784 ], [ -115.680214297246053, 30.067476873926616 ], [ -115.68024020230682, 30.06634406413129 ], [ -115.680189189084885, 30.065253524334299 ], [ -115.680686999123665, 30.065849796899812 ], [ -115.681358957622322, 30.066221735421905 ], [ -115.682197333304671, 30.066365492382868 ], [ -115.683226477761409, 30.06620436207022 ], [ -115.684351000104201, 30.065890781672433 ], [ -115.685475515696695, 30.065577191425682 ], [ -115.686629831157191, 30.065363145772974 ], [ -115.687843757657518, 30.065348198240603 ], [ -115.688712659514678, 30.065537335053673 ], [ -115.689409052516282, 30.065828514796749 ], [ -115.69010544970844, 30.066119690959173 ], [ -115.690671541433801, 30.066459194047194 ], [ -115.6909770169963, 30.066895356515563 ], [ -115.690920047673515, 30.067282792698659 ], [ -115.690647825674972, 30.067697733046817 ], [ -115.69044365765474, 30.06800893787662 ], [ -115.689960334456188, 30.06847333534682 ], [ -115.689956173870584, 30.068476185976216 ], [ -115.689949842882115, 30.068482254120347 ], [ -115.688944784039634, 30.069176053564313 ], [ -115.687763491718329, 30.069859062412448 ], [ -115.685224637536109, 30.071214260703247 ], [ -115.684053549861858, 30.071906360388542 ], [ -115.683079176987349, 30.072627490267013 ], [ -115.682626318988198, 30.073137281118782 ], [ -115.682242122927562, 30.073945528007943 ], [ -115.682173186683258, 30.074450142316714 ], [ -115.682350579873088, 30.075155739133944 ], [ -115.68271517590226, 30.075827118852086 ], [ -115.68317337751192, 30.076481388866469 ], [ -115.683631585046513, 30.077135657400603 ], [ -115.684357006491496, 30.077982089161885 ], [ -115.685616866600469, 30.079212842265324 ], [ -115.686991228871477, 30.080417657794648 ], [ -115.688422860522863, 30.081609496008273 ], [ -115.689854526566762, 30.082801319437436 ], [ -115.691200124247615, 30.083834362525387 ], [ -115.692373539284603, 30.084549862873388 ], [ -115.692983612500683, 30.084709328627312 ], [ -115.693312008472489, 30.084590779729972 ], [ -115.693640403687425, 30.084472229986353 ] ] ] ] } },
{ "type": "Feature", "properties": { "fid": 2.0, "cat": 3, "CLAVE_ACUI": "0224", "NOM_ACUIF": "EL ROSARIO", "VULNERABIL": 3 }, "geometry": { "type": "MultiPolygon", "coordinates": [ [ [ [ -115.718702374974157, 30.098716303686373 ], [ -115.718638092600642, 30.098767722491122 ], [ -115.718625369169743, 30.098785645295422 ], [ -115.698192334073866, 30.117179873824682 ], [ -115.698104493899777, 30.117236923583956 ], [ -115.698104491884806, 30.117236921386993 ], [ -115.697236753569143, 30.116222450977752 ], [ -115.696353258574931, 30.115381027173751 ], [ -115.695964100065595, 30.114907726284006 ], [ -115.695488759359137, 30.11438479541032 ], [ -115.692725320963703, 30.111433773997334 ], [ -115.692702146513142, 30.111407170014228 ], [ -115.691180356951662, 30.109896189581114 ], [ -115.690138993188668, 30.109061583812259 ], [ -115.69032870099683, 30.108922524942379 ], [ -115.690755046954166, 30.108665763944831 ], [ -115.691072136435338, 30.108511811925212 ], [ -115.691385584091265, 30.108352516110873 ], [ -115.691485294136342, 30.108267788293553 ], [ -115.691763431784238, 30.108031441844265 ], [ -115.692079729135784, 30.107655613823219 ], [ -115.692650768833758, 30.106849202906385 ], [ -115.692946068041834, 30.106491210173093 ], [ -115.692988049884775, 30.106455534763782 ], [ -115.693260931129061, 30.106223644249688 ], [ -115.693490405141461, 30.106135694043022 ], [ -115.693614925176078, 30.106136932540853 ], [ -115.693677185196279, 30.10613755174553 ], [ -115.693863965268534, 30.106139409182589 ], [ -115.694155935865723, 30.106034032650438 ], [ -115.694658285349064, 30.10571418726698 ], [ -115.695203560624435, 30.105286486750824 ], [ -115.695581384341551, 30.104965400639397 ], [ -115.695770295284348, 30.104804857143129 ], [ -115.696337024449889, 30.10432322489218 ], [ -115.696882284892141, 30.103895516876406 ], [ -115.697384614910519, 30.103575660381232 ], [ -115.697676574431611, 30.103470275647325 ], [ -115.697801091332465, 30.103471510078844 ], [ -115.697863349785806, 30.10347212725036 ], [ -115.698050125157351, 30.103473978587978 ], [ -115.698268621091728, 30.103431027491386 ], [ -115.698550557632075, 30.103298471548595 ], [ -115.698801955356103, 30.103120495959324 ], [ -115.698959373973011, 30.102986705620431 ], [ -115.699038083122488, 30.102919810374519 ], [ -115.699274209935083, 30.102719124330942 ], [ -115.699484808519614, 30.102486603531535 ], [ -115.699644351585107, 30.102190413828424 ], [ -115.699699658651767, 30.101929285388977 ], [ -115.699706037334806, 30.101442089905444 ], [ -115.699824309474096, 30.101127444755715 ], [ -115.700172745145366, 30.100670704114854 ], [ -115.700635196412634, 30.100224113553065 ], [ -115.700981501127274, 30.099929769118269 ], [ -115.701154652715275, 30.099782596530876 ], [ -115.701674104402244, 30.099341077288763 ], [ -115.702322602543788, 30.098950458890396 ], [ -115.703229197912535, 30.098661641595253 ], [ -115.704091694994858, 30.098570895965999 ], [ -115.704651994901425, 30.098576421808065 ], [ -115.70493214491303, 30.098579183833468 ], [ -115.705772595181045, 30.098587466327135 ], [ -115.706686852096681, 30.098506236822587 ], [ -115.707748718219534, 30.098245986438886 ], [ -115.708604234451158, 30.097893465815481 ], [ -115.709105793839228, 30.097627695261643 ], [ -115.709356572544124, 30.097494809232998 ], [ -115.71010890470221, 30.097096148140235 ], [ -115.710881397010041, 30.096742797086929 ], [ -115.711694216753941, 30.096480070185109 ], [ -115.712276427599846, 30.096395544758522 ], [ -115.712587699497149, 30.096398595376833 ], [ -115.712743335463699, 30.096400120409584 ], [ -115.713210243434872, 30.096404694402199 ], [ -115.713668177741283, 30.096300898798049 ], [ -115.71410816265734, 30.095980365716347 ], [ -115.714383535314681, 30.095549940278829 ], [ -115.714576601143776, 30.095064568875806 ], [ -115.714769665005079, 30.094579197098842 ], [ -115.715189821088529, 30.094186279361374 ], [ -115.715985393229786, 30.093997006522841 ], [ -115.716271206115124, 30.094016382902176 ], [ -115.717574326402755, 30.094353949542732 ], [ -115.718257249522253, 30.094504987345303 ], [ -115.719002893646916, 30.094620539780372 ], [ -115.719562709418824, 30.094662090266322 ], [ -115.720496511632533, 30.094671187656189 ], [ -115.720922375214784, 30.094639240928419 ], [ -115.721266162999328, 30.094534307162487 ], [ -115.721488787377979, 30.094402643678691 ], [ -115.721628534932307, 30.094247347424204 ], [ -115.721733872707404, 30.094132154512099 ], [ -115.721803991357731, 30.0939334850028 ], [ -115.722130111670012, 30.094165578560101 ], [ -115.722333504826835, 30.094283595708536 ], [ -115.722715419212861, 30.094551943354311 ], [ -115.722997983223053, 30.09482514212495 ], [ -115.722910077700831, 30.094927161239749 ], [ -115.718702374974157, 30.098716303686373 ] ] ] ] } },
{ "type": "Feature", "properties": { "fid": 17.0, "cat": 13, "CLAVE_ACUI": "0224", "NOM_ACUIF": "EL ROSARIO", "VULNERABIL": 4 }, "geometry": { "type": "MultiPolygon", "coordinates": [ [ [ [ -115.756795395435645, 30.064558687210848 ], [ -115.756795198669835, 30.064558708478888 ], [ -115.756265031036065, 30.064155572114121 ], [ -115.755451137395866, 30.06359637557869 ], [ -115.754867021288604, 30.063022366952364 ], [ -115.754367246506433, 30.062340873491951 ], [ -115.753452051447113, 30.060870399422807 ], [ -115.753045985127997, 30.060162719192341 ], [ -115.752742966134733, 30.059510156086944 ], [ -115.752643996852896, 30.059130232013743 ], [ -115.752650105340066, 30.058643023307177 ], [ -115.752885300290885, 30.058085800041951 ], [ -115.753584765390428, 30.05690133604147 ], [ -115.753977349018015, 30.056303586892291 ], [ -115.754157042337638, 30.05593222585637 ], [ -115.754856476443493, 30.054747753849288 ], [ -115.755596250956543, 30.053653894064798 ], [ -115.757116108371648, 30.051556776291246 ], [ -115.75779248059871, 30.050552538214323 ], [ -115.758301776833363, 30.049636953542549 ], [ -115.758474241263741, 30.049115220125426 ], [ -115.758482344553286, 30.04846560607708 ], [ -115.758363521269189, 30.048013310212031 ], [ -115.757998951658323, 30.04730603608385 ], [ -115.75751016372341, 30.046579540466432 ], [ -115.756408387593552, 30.045107322614836 ], [ -115.755991876791811, 30.044408575409193 ], [ -115.755844100240765, 30.043784557282113 ], [ -115.756014311257289, 30.043443275039959 ], [ -115.756672716232089, 30.043043444240894 ], [ -115.756926119622761, 30.042981732420269 ], [ -115.757152905969747, 30.042795325288143 ], [ -115.757312853081544, 30.042444920719905 ], [ -115.757275539088226, 30.042110699155348 ], [ -115.757003653056017, 30.041458438843542 ], [ -115.756675412956199, 30.041166584744335 ], [ -115.755962578622544, 30.040943280587481 ], [ -115.755102761237794, 30.040862957246937 ], [ -115.755962804098687, 30.040925235748478 ], [ -115.756676314350898, 30.041094405370959 ], [ -115.757005455387457, 30.041314080084344 ], [ -115.757279368289744, 30.041803936786881 ], [ -115.757421961290575, 30.042012824235066 ], [ -115.75757582592118, 30.042149630116381 ], [ -115.757689673538934, 30.042168752507763 ], [ -115.757877351285188, 30.042089313729633 ], [ -115.758024335668495, 30.041946325995525 ], [ -115.758159556669938, 30.041759718218028 ], [ -115.7580521823118, 30.042208270100922 ], [ -115.758387311887105, 30.04277991402018 ], [ -115.759088107836533, 30.043138444062485 ], [ -115.760855376063262, 30.043642375277255 ], [ -115.761866740149628, 30.044048933992919 ], [ -115.763133564045944, 30.044764686603493 ], [ -115.764233580322042, 30.045551047918128 ], [ -115.765250200650428, 30.046372711269058 ], [ -115.766266837805475, 30.047194367131954 ], [ -115.767274238333911, 30.047925693806377 ], [ -115.768263144967932, 30.048476369801012 ], [ -115.768903912251204, 30.048662839907823 ], [ -115.769370606241864, 30.048667208082946 ], [ -115.769837300334984, 30.048671574602679 ], [ -115.770273327485086, 30.0486395586966 ], [ -115.770648020076194, 30.048534779970215 ], [ -115.77083648032955, 30.048392165598223 ], [ -115.770931824401316, 30.04823063369923 ], [ -115.771027168156394, 30.0480691017185 ], [ -115.771297257689881, 30.048035531508916 ], [ -115.771916841213709, 30.048257883078129 ], [ -115.772679396053917, 30.048662036265871 ], [ -115.773513442602166, 30.049157086967096 ], [ -115.774347497553748, 30.049652132573303 ], [ -115.775296087732059, 30.050112145724597 ], [ -115.776473740733877, 30.050502095582857 ], [ -115.777487901719681, 30.050691997990082 ], [ -115.778420315114133, 30.050781874637231 ], [ -115.779352730433573, 30.050871744717448 ], [ -115.78025348098862, 30.05100643207388 ], [ -115.781090901442695, 30.051230761436805 ], [ -115.781585851458971, 30.051469959792247 ], [ -115.781909566281598, 30.05171659375484 ], [ -115.782343774439667, 30.052021603306674 ], [ -115.782625656422866, 30.052170530673759 ], [ -115.783184912819465, 30.052466000438631 ], [ -115.783184912819465, 30.052466000438642 ], [ -115.756795395435645, 30.064558687210848 ] ] ] ] } },
{ "type": "Feature", "properties": { "fid": 13.0, "cat": 14, "CLAVE_ACUI": "0224", "NOM_ACUIF": "EL ROSARIO", "VULNERABIL": 2 }, "geometry": { "type": "MultiPolygon", "coordinates": [ [ [ [ -115.718564288311484, 30.049759119304376 ], [ -115.719083254940628, 30.050533087408994 ], [ -115.720275775653263, 30.052168912083726 ], [ -115.720878975693424, 30.05285153687608 ], [ -115.721068329851008, 30.053015746600362 ], [ -115.721360490894043, 30.053223765263006 ], [ -115.721626559949527, 30.053280907610496 ], [ -115.721914097131233, 30.053250969947239 ], [ -115.722250556435853, 30.053067898847893 ], [ -115.722579856757818, 30.052868071588101 ], [ -115.722852056218173, 30.052672200587814 ], [ -115.723010055730541, 30.05248424341373 ], [ -115.723001189655264, 30.052366852936022 ], [ -115.722993609576079, 30.052360109842351 ], [ -115.722816592725138, 30.052202638655022 ], [ -115.722766473888271, 30.052066800646603 ], [ -115.7228007137752, 30.051823501050873 ], [ -115.722907898501248, 30.051553839655281 ], [ -115.723043787805935, 30.051286289088377 ], [ -115.723136477222795, 30.051093250276498 ], [ -115.723223429399454, 30.050810671350849 ], [ -115.723272225251932, 30.050399149635009 ], [ -115.723417687440588, 30.05053769983375 ], [ -115.723695797502359, 30.050776452184373 ], [ -115.72396799063506, 30.051099627105884 ], [ -115.723971650386588, 30.05110397231131 ], [ -115.724171326703356, 30.051427447256636 ], [ -115.724181114528008, 30.051755690768463 ], [ -115.724206675898543, 30.052189062748951 ], [ -115.724198810369245, 30.052802578687622 ], [ -115.724195224532735, 30.053082269757677 ], [ -115.724231504402752, 30.053488675412549 ], [ -115.72432506464196, 30.053742238732124 ], [ -115.724351796222379, 30.053814685383433 ], [ -115.724516002894219, 30.053951629544947 ], [ -115.724740025529002, 30.054067775823199 ], [ -115.724863891985862, 30.054195507904581 ], [ -115.724882147220185, 30.054339175721164 ], [ -115.724756590172461, 30.054603648905204 ], [ -115.724376626212162, 30.055114297773063 ], [ -115.72373872466396, 30.055873140866936 ], [ -115.723241566415481, 30.056334110182959 ], [ -115.722478379871518, 30.057003715642686 ], [ -115.721683036685548, 30.057246238503836 ], [ -115.720345509692152, 30.057231721387364 ], [ -115.719389282614443, 30.05715435541703 ], [ -115.718190178238615, 30.057057328873817 ], [ -115.715717589571597, 30.056951989791976 ], [ -115.713245007939037, 30.056846604353609 ], [ -115.710862345307149, 30.056606703353101 ], [ -115.708659524858177, 30.056097824295584 ], [ -115.707370822440467, 30.055489618040042 ], [ -115.706539180276394, 30.054831756113813 ], [ -115.705707549146936, 30.054173889186877 ], [ -115.704803330473837, 30.053515302172187 ], [ -115.703753927709741, 30.052855277962525 ], [ -115.70290913824671, 30.052413825183038 ], [ -115.702166654972885, 30.052081657409321 ], [ -115.701424176777536, 30.05174948557276 ], [ -115.700576580090924, 30.05152455139287 ], [ -115.699518738328194, 30.051514093627276 ], [ -115.698603259320478, 30.051721597288868 ], [ -115.697758957173136, 30.052038079835249 ], [ -115.696914649827818, 30.052354556784781 ], [ -115.696154370011655, 30.052590651126685 ], [ -115.695562153387428, 30.05266598778481 ], [ -115.695335408674012, 30.052555457847451 ], [ -115.695247392125353, 30.052148533132822 ], [ -115.695095257354069, 30.051885345910172 ], [ -115.694726871028422, 30.051502708351858 ], [ -115.694265030751254, 30.05112816520878 ], [ -115.693247904529613, 30.050387168984859 ], [ -115.692722428035182, 30.050120268532041 ], [ -115.692163115121105, 30.050060566823312 ], [ -115.691756400062403, 30.050227965007078 ], [ -115.691095562319333, 30.050789860446123 ], [ -115.690798768294258, 30.051274167173759 ], [ -115.690569225993769, 30.052165193884449 ], [ -115.69048345018615, 30.053165932102772 ], [ -115.690455666038957, 30.055277120006782 ], [ -115.690545843674059, 30.056306680146236 ], [ -115.690844166365636, 30.057284172699298 ], [ -115.691251195909103, 30.057883766011891 ], [ -115.691989412623599, 30.058540793487165 ], [ -115.692173968324852, 30.058705049743679 ], [ -115.692593636075472, 30.059133321109201 ], [ -115.692929858815489, 30.059596855023909 ], [ -115.693070560169375, 30.059941141079001 ], [ -115.693134969967431, 30.060368134635755 ], [ -115.693139263971105, 30.060396600871371 ], [ -115.693156440007243, 30.060510465811973 ], [ -115.69352888075926, 30.06058635420554 ], [ -115.694560318063424, 30.060244689154953 ], [ -115.695906925321566, 30.059599348339539 ], [ -115.698313593580579, 30.058323834177667 ], [ -115.698915251170831, 30.058004948428138 ], [ -115.700397221181959, 30.057315782832436 ], [ -115.701834859765327, 30.056842723241342 ], [ -115.702748968850401, 30.056743464964988 ], [ -115.703792729108002, 30.056883695583071 ], [ -115.704053669681613, 30.056918751955791 ], [ -115.704725825531753, 30.057078772739079 ], [ -115.705437591840081, 30.05738355415096 ], [ -115.705951714243298, 30.057731503550919 ], [ -115.706616198168405, 30.058322756724625 ], [ -115.706782320383056, 30.058470569521532 ], [ -115.706932150696218, 30.058914188641378 ], [ -115.706551024187178, 30.05950598247999 ], [ -115.705765975213097, 30.060048682564851 ], [ -115.704778958132977, 30.060566829740708 ], [ -115.703791930952761, 30.061084969161218 ], [ -115.702686144469666, 30.06156132393475 ], [ -115.70134284945803, 30.061954112963814 ], [ -115.70020981622207, 30.062132406378328 ], [ -115.699181916288921, 30.062203449938391 ], [ -115.698154015200487, 30.062274485415521 ], [ -115.697156874795127, 30.06237288772904 ], [ -115.696221255927938, 30.062526032687458 ], [ -115.695659031547706, 30.062682876102116 ], [ -115.695283504315469, 30.062841570067729 ], [ -115.69490797591699, 30.063000262921015 ], [ -115.694471634207517, 30.063050070586044 ], [ -115.693913669130978, 30.062882108183956 ], [ -115.693728569817381, 30.062758453922857 ], [ -115.693666633176733, 30.06273528012122 ], [ -115.692926003954753, 30.062258704585108 ], [ -115.691447377999282, 30.061107053908799 ], [ -115.690964837656992, 30.060760932324801 ], [ -115.69052102746852, 30.060556429748679 ], [ -115.689220587908821, 30.060056210141862 ], [ -115.688601845424131, 30.059779339548122 ], [ -115.688354825231997, 30.059632501899042 ], [ -115.688046051031222, 30.059448954211096 ], [ -115.687984296329688, 30.059412244589964 ], [ -115.687738468057717, 30.05917518428905 ], [ -115.687554990289698, 30.058929722628157 ], [ -115.687371513413424, 30.058684260729343 ], [ -115.687104945045746, 30.058446992217576 ], [ -115.686672193514994, 30.058226109960167 ], [ -115.686217509316378, 30.05809524055336 ], [ -115.685286209255509, 30.057923511169157 ], [ -115.684963854793239, 30.057983450751145 ], [ -115.684928088955814, 30.05833500319504 ], [ -115.685190836127433, 30.058860984608767 ], [ -115.685850051203147, 30.059842095899064 ], [ -115.686014856964704, 30.060087373243704 ], [ -115.686183909773902, 30.060639486293869 ], [ -115.685867032224337, 30.061069439413505 ], [ -115.685169847018386, 30.061233912044241 ], [ -115.683395169928005, 30.061297361379204 ], [ -115.682555878753902, 30.061225790241039 ], [ -115.681816928418328, 30.061176052141224 ], [ -115.681313474784602, 30.061213199283202 ], [ -115.680926887189401, 30.061254572728433 ], [ -115.680589998331328, 30.060845142488901 ], [ -115.680853482923027, 30.060531970061366 ], [ -115.680888426785515, 30.060243574190224 ], [ -115.680711425384985, 30.059510908568399 ], [ -115.680718604031497, 30.058969580872603 ], [ -115.680917137193831, 30.058078263216881 ], [ -115.681240842131217, 30.057134060632048 ], [ -115.681627127685474, 30.056163414506209 ], [ -115.682013405369915, 30.055192766878925 ], [ -115.68231790028328, 30.054131064896119 ], [ -115.682458840012714, 30.052887256380345 ], [ -115.682389250991775, 30.051875944907685 ], [ -115.682214401337021, 30.05098088190482 ], [ -115.682156118748807, 30.050682527513519 ], [ -115.682039554517402, 30.05008581864535 ], [ -115.681926815125138, 30.049200400983146 ], [ -115.681938285529753, 30.048334274864398 ], [ -115.682070139626759, 30.047776148938986 ], [ -115.682262184391433, 30.047372022856614 ], [ -115.682454227542195, 30.046967896422608 ], [ -115.682729590555653, 30.046537534222736 ], [ -115.683171593102259, 30.046054699977539 ], [ -115.68363290017605, 30.045680337581135 ], [ -115.684103858451252, 30.045360210164571 ], [ -115.684574813722605, 30.045040080954877 ], [ -115.684892119717006, 30.044574039910444 ], [ -115.68490213190951, 30.043816178124732 ], [ -115.684601518996274, 30.043019116393264 ], [ -115.683689687728119, 30.041385789165169 ], [ -115.683285393305326, 30.040587686779627 ], [ -115.68298432482959, 30.039826710305849 ], [ -115.682886834105247, 30.039356519420519 ], [ -115.682895427287804, 30.038706923618467 ], [ -115.682951690906293, 30.038373622709127 ], [ -115.683111887987067, 30.038023315662656 ], [ -115.68332261898145, 30.037772771232881 ], [ -115.683794613127816, 30.03737144393326 ], [ -115.683967582633059, 30.037388243588307 ], [ -115.684208914545877, 30.037411682550768 ], [ -115.68497983262624, 30.037933724046571 ], [ -115.685850405941153, 30.038763551281551 ], [ -115.68769125053241, 30.040730978262275 ], [ -115.688007719923576, 30.041045519312895 ], [ -115.688696323065642, 30.04158919931384 ], [ -115.690026207409801, 30.042197994273096 ], [ -115.691154638249856, 30.042353602891225 ], [ -115.693210032254768, 30.042211620927233 ], [ -115.69422936926324, 30.041987137460186 ], [ -115.695220046534217, 30.041462012083137 ], [ -115.695464140339112, 30.041151193279958 ], [ -115.69594461234918, 30.04010022255466 ], [ -115.696231331015426, 30.039588732244614 ], [ -115.696611019521271, 30.039105232693565 ], [ -115.696957115815579, 30.038810890232146 ], [ -115.697615715204449, 30.038411360906448 ], [ -115.697715116341897, 30.038380353116818 ], [ -115.697824759571574, 30.038287103249079 ], [ -115.698178505960229, 30.038200371069294 ], [ -115.698736342190685, 30.038368312084071 ], [ -115.699014789497312, 30.038488370615188 ], [ -115.699292294597484, 30.038680606364 ], [ -115.699476355827954, 30.038880941011719 ], [ -115.699751035174145, 30.039289709224608 ], [ -115.699808776393681, 30.039633168815104 ], [ -115.699707318286798, 30.040254779612564 ], [ -115.699480477275927, 30.040947337597743 ], [ -115.69919094160241, 30.041675368532967 ], [ -115.698901401509346, 30.042403398626252 ], [ -115.698674785339861, 30.043077910257747 ], [ -115.698574023535173, 30.043645386262902 ], [ -115.698632706185563, 30.043916668390676 ], [ -115.698771111773141, 30.044039853517997 ], [ -115.6989095177031, 30.044163038507556 ], [ -115.69911550739377, 30.04427335681299 ], [ -115.699456664443233, 30.044357941400431 ], [ -115.699819269673156, 30.044388596861371 ], [ -115.700565928090228, 30.044395976411618 ], [ -115.701019732832989, 30.044302022563876 ], [ -115.701566180381107, 30.04404492025472 ], [ -115.702068656670946, 30.043688944705817 ], [ -115.703012553275485, 30.042886151571967 ], [ -115.70351525359159, 30.042512125641188 ], [ -115.704079465701952, 30.042192844168724 ], [ -115.704517120834851, 30.042034734754399 ], [ -115.705265875049633, 30.04187968678858 ], [ -115.705701415725372, 30.041883973682992 ], [ -115.706259286297296, 30.042051883679246 ], [ -115.706753532056538, 30.042327446501314 ], [ -115.707012740831303, 30.042512079171981 ], [ -115.70767840567116, 30.04298622237609 ], [ -115.708213438336571, 30.043316321012046 ], [ -115.708893657584014, 30.043647842916361 ], [ -115.709492323001598, 30.043870280335099 ], [ -115.710608102158773, 30.044206066779314 ], [ -115.711156208453289, 30.04432874360748 ], [ -115.711684743227252, 30.044360992413676 ], [ -115.712017526731287, 30.044292064708412 ], [ -115.712252433997577, 30.044172549087008 ], [ -115.712487340710396, 30.0440530330272 ], [ -115.712675639040114, 30.043928548618315 ], [ -115.712770721351859, 30.043794128189219 ], [ -115.712740893959847, 30.043694578773049 ], [ -115.712648611929851, 30.043612464838599 ], [ -115.712617851287007, 30.043585093513496 ], [ -115.712556330052024, 30.043530350842861 ], [ -115.712506229281615, 30.043394509287044 ], [ -115.712540490345731, 30.043151212698106 ], [ -115.712647692300692, 30.042881559861051 ], [ -115.712791364063108, 30.042598728746814 ], [ -115.7129350349839, 30.04231589743971 ], [ -115.713175996151094, 30.042128763693409 ], [ -115.71361153927603, 30.042133024429059 ], [ -115.714096485597054, 30.042327258389335 ], [ -115.714606135989925, 30.042616477858484 ], [ -115.715115789388733, 30.042905695426775 ], [ -115.715567653067879, 30.043252998868532 ], [ -115.715903934352269, 30.043716476692065 ], [ -115.716012537635862, 30.044141637400653 ], [ -115.716002063862703, 30.044953642167222 ], [ -115.716180352585027, 30.04560506830363 ], [ -115.71672570087604, 30.046747340623064 ], [ -115.717456338578842, 30.047999698871475 ], [ -115.71757791357588, 30.048192762952311 ], [ -115.718053676643962, 30.048948278339292 ], [ -115.718564288311484, 30.049759119304376 ] ] ] ] } },
{ "type": "Feature", "properties": { "fid": 23.0, "cat": 24, "CLAVE_ACUI": "0224", "NOM_ACUIF": "EL ROSARIO", "VULNERABIL": 2 }, "geometry": { "type": "MultiPolygon", "coordinates": [ [ [ [ -115.724654297428785, 30.045588260778207 ], [ -115.724180340523631, 30.046152139396117 ], [ -115.723865754303603, 30.046419789808915 ], [ -115.723395954690929, 30.046658862535558 ], [ -115.723042660288115, 30.046709573023264 ], [ -115.72245257892223, 30.046622631182135 ], [ -115.721822406704703, 30.046427016031029 ], [ -115.720521979640694, 30.045927105819892 ], [ -115.719913717144635, 30.045641460648472 ], [ -115.719389350273346, 30.045284442356785 ], [ -115.71912366643727, 30.044975058819027 ], [ -115.718850981287943, 30.044403927482595 ], [ -115.718948378053412, 30.044089056644463 ], [ -115.719513248682674, 30.04371557410046 ], [ -115.720357299451734, 30.043407969648047 ], [ -115.721340937378713, 30.043133298825051 ], [ -115.72232457013115, 30.042858620474075 ], [ -115.72321066473549, 30.042506288654153 ], [ -115.723901686995958, 30.041998659859104 ], [ -115.724167298865311, 30.041504948105732 ], [ -115.724220207368319, 30.041018196105274 ], [ -115.724273115263074, 30.040531444033309 ], [ -115.724423265106566, 30.040144892764591 ], [ -115.724767899016172, 30.039958742590922 ], [ -115.725192140556501, 30.040035042671779 ], [ -115.725656187985749, 30.040242566872173 ], [ -115.726120237396202, 30.040450089484899 ], [ -115.726532035003714, 30.040688686602572 ], [ -115.726839326936414, 30.040989434924619 ], [ -115.726939681353372, 30.041252085945729 ], [ -115.726933451336805, 30.041739291113863 ], [ -115.726824904385296, 30.042117224609896 ], [ -115.726505490794693, 30.042763819315688 ], [ -115.726081677586293, 30.043463542480868 ], [ -115.725129635513227, 30.044916112566611 ], [ -115.724654297428785, 30.045588260778207 ] ] ] ] } },
{ "type": "Feature", "properties": { "fid": 19.0, "cat": 18, "CLAVE_ACUI": "0224", "NOM_ACUIF": "EL ROSARIO", "VULNERABIL": 4 }, "geometry": { "type": "MultiPolygon", "coordinates": [ [ [ [ -115.723272225251932, 30.050399149635009 ], [ -115.723223429399454, 30.050810671350849 ], [ -115.723136477222795, 30.051093250276498 ], [ -115.723043787805935, 30.051286289088377 ], [ -115.722907898501248, 30.051553839655281 ], [ -115.7228007137752, 30.051823501050873 ], [ -115.722766473888271, 30.052066800646603 ], [ -115.722816592725138, 30.052202638655022 ], [ -115.722993609576079, 30.052360109842351 ], [ -115.723001189655264, 30.052366852936022 ], [ -115.723010055730541, 30.05248424341373 ], [ -115.722852056218173, 30.052672200587814 ], [ -115.722579856757818, 30.052868071588101 ], [ -115.722250556435853, 30.053067898847893 ], [ -115.721914097131233, 30.053250969947239 ], [ -115.721626559949527, 30.053280907610496 ], [ -115.721360490894043, 30.053223765263006 ], [ -115.721068329851008, 30.053015746600362 ], [ -115.720878975693424, 30.05285153687608 ], [ -115.720275775653263, 30.052168912083726 ], [ -115.719083254940628, 30.050533087408994 ], [ -115.718564288311484, 30.049759119304376 ], [ -115.718053676643962, 30.048948278339292 ], [ -115.71872402964155, 30.048964057255226 ], [ -115.719684457331013, 30.048950821957213 ], [ -115.720670417985048, 30.048874727211185 ], [ -115.721625708633624, 30.048771534374001 ], [ -115.722188642003076, 30.048678532098087 ], [ -115.722709183983312, 30.048595966597098 ], [ -115.722982855497321, 30.048599060464987 ], [ -115.72314340059701, 30.048731726228105 ], [ -115.723260735508987, 30.049067354274197 ], [ -115.723287252737762, 30.049473114211491 ], [ -115.723280308335177, 30.050014451836937 ], [ -115.723272225251932, 30.050399149635009 ] ] ] ] } },
{ "type": "Feature", "properties": { "fid": 3.0, "cat": 1, "CLAVE_ACUI": "0224", "NOM_ACUIF": "EL ROSARIO", "VULNERABIL": 1 }, "geometry": { "type": "MultiPolygon", "coordinates": [ [ [ [ -115.056588268134618, 30.475571347194112 ], [ -115.014494977883913, 30.514374790105318 ], [ -114.971359390912284, 30.355850148776302 ], [ -114.930757495130635, 30.32711169593582 ], [ -114.912360610633542, 30.224598685094058 ], [ -115.104856657975574, 30.110950536164633 ], [ -115.174887208440552, 30.021318651508356 ], [ -115.268666112766311, 30.063070740978056 ], [ -115.35846134484008, 30.049572839918604 ], [ -115.38873524566911, 30.084832387591284 ], [ -115.443336373376823, 30.055565373172001 ], [ -115.590722447908874, 30.016381072540511 ], [ -115.623221850050925, 30.010698276405751 ], [ -115.62358719094938, 30.010968221444621 ], [ -115.624022744540781, 30.011372102987735 ], [ -115.624242305860676, 30.011651227061545 ], [ -115.624410387473006, 30.011927244522241 ], [ -115.624684122328645, 30.012376758251502 ], [ -115.624925701642823, 30.012902633356827 ], [ -115.625102967347189, 30.013581231929727 ], [ -115.625156829313241, 30.014186354724856 ], [ -115.625141147421161, 30.015323124555351 ], [ -115.625287566183289, 30.015983353897131 ], [ -115.625742509942953, 30.016827271270483 ], [ -115.626354336609467, 30.017573568905611 ], [ -115.62704461024822, 30.018271054325183 ], [ -115.627734893500232, 30.018968536354233 ], [ -115.628389956162678, 30.019588949836013 ], [ -115.628974565283286, 30.020055230235588 ], [ -115.629293845468879, 30.020211952605813 ], [ -115.629667073293689, 30.020215840250703 ], [ -115.629854183476652, 30.020181695703858 ], [ -115.630042285888706, 30.020075374934976 ], [ -115.630168679526861, 30.019932318307962 ], [ -115.630290038122908, 30.019727268638839 ], [ -115.630379004080581, 30.019717948949854 ], [ -115.631973019229321, 30.019166064673311 ], [ -115.632332432024782, 30.018914695948666 ], [ -115.632684931287898, 30.018668160219956 ], [ -115.633226656629148, 30.017726342623771 ], [ -115.633417622128562, 30.01665455391268 ], [ -115.633448797921758, 30.014381006619949 ], [ -115.63354632880305, 30.013317270003949 ], [ -115.6338077446011, 30.012399607462832 ], [ -115.634145906183221, 30.011933905953921 ], [ -115.634522440878953, 30.011694184273619 ], [ -115.634898973783748, 30.011454461450612 ], [ -115.635255760056026, 30.011142346267206 ], [ -115.635573054071955, 30.010685447676195 ], [ -115.635745091647152, 30.010236065806669 ], [ -115.635844501183399, 30.009790442483371 ], [ -115.635943909751589, 30.009344819027884 ], [ -115.636069247001018, 30.008956096084905 ], [ -115.636223925984794, 30.008580739577166 ], [ -115.636287238137342, 30.008411218610711 ], [ -115.667665124500374, 30.002912840508799 ], [ -115.667386387088158, 30.003678815173433 ], [ -115.667176519366492, 30.004312561780253 ], [ -115.667001900498903, 30.004974097123597 ], [ -115.66674078570162, 30.005915722569227 ], [ -115.666421475290434, 30.006535100175594 ], [ -115.666063351652241, 30.00695556935031 ], [ -115.665685820739768, 30.007276583649521 ], [ -115.665559976562292, 30.007383588155321 ], [ -115.665308287397394, 30.007597596776005 ], [ -115.664971975233527, 30.007937073639098 ], [ -115.664718108173091, 30.00831347955042 ], [ -115.664631309985893, 30.008601346562347 ], [ -115.664624783681518, 30.009088542041397 ], [ -115.664652619845427, 30.009332455325101 ], [ -115.664742655028192, 30.009576999684061 ], [ -115.664864877728391, 30.009740660256206 ], [ -115.664983434796369, 30.009846276193223 ], [ -115.665003194332115, 30.009863878839592 ], [ -115.665141511277554, 30.009987097285773 ], [ -115.665347392288623, 30.010097465764716 ], [ -115.665688401269463, 30.010182133959738 ], [ -115.666050868399353, 30.010212878593659 ], [ -115.666424041679377, 30.010216660623897 ], [ -115.666424053069449, 30.010216660739324 ], [ -115.666424064458838, 30.010216660854734 ], [ -115.666797260589291, 30.01022044205811 ], [ -115.667138753919176, 30.010269017961171 ], [ -115.66741684205428, 30.010407184648351 ], [ -115.667457504322542, 30.010467752168839 ], [ -115.667539793823082, 30.010516709999983 ], [ -115.6677847335216, 30.010807937557725 ], [ -115.668149252502246, 30.011461309650194 ], [ -115.668517150718216, 30.011862060657464 ], [ -115.669256328745476, 30.012410939572089 ], [ -115.670120398788725, 30.012924983171761 ], [ -115.671846051985199, 30.01384993664885 ], [ -115.672262523663633, 30.01401137165222 ], [ -115.674213242193304, 30.014680722478946 ], [ -115.674515855380946, 30.014806720496942 ], [ -115.674689047013501, 30.014766725760676 ], [ -115.674775998429737, 30.014643852304534 ], [ -115.674885181574695, 30.014831864607075 ], [ -115.675100371415013, 30.015023522288253 ], [ -115.67532724831679, 30.015116040140182 ], [ -115.675494546685087, 30.015146914503624 ], [ -115.675727129752261, 30.01545392995353 ], [ -115.67596070077154, 30.015769504147332 ], [ -115.675940524559508, 30.015780918888481 ], [ -115.67593297281222, 30.016349315604089 ], [ -115.676113830022615, 30.016784257366606 ], [ -115.676663958882898, 30.01752068454946 ], [ -115.677399991192814, 30.018313118522766 ], [ -115.67822898388556, 30.01913355251066 ], [ -115.679057990171273, 30.019953981587413 ], [ -115.679709085233242, 30.020898947763119 ], [ -115.680004339547693, 30.022092995882616 ], [ -115.679845322297922, 30.023138111927906 ], [ -115.67945916053965, 30.024108760905932 ], [ -115.679072990923004, 30.025079408383547 ], [ -115.678770956107329, 30.025960665721538 ], [ -115.678637202605586, 30.026663145103793 ], [ -115.67871631976378, 30.026952687475301 ], [ -115.678901873209284, 30.027035761218933 ], [ -115.679087426972046, 30.027118834709121 ], [ -115.679252712405827, 30.027248720960525 ], [ -115.679373196097345, 30.027464591645941 ], [ -115.679411559871554, 30.027699584309541 ], [ -115.679405100827424, 30.028186781298352 ], [ -115.679525695321374, 30.028476739546559 ], [ -115.679893939827892, 30.028859416682366 ], [ -115.679985263378683, 30.028923830824493 ], [ -115.680098919840489, 30.029041940781685 ], [ -115.680561322760099, 30.029362397215472 ], [ -115.681565443245603, 30.029932652946254 ], [ -115.682010284258396, 30.030360469214575 ], [ -115.682435028933597, 30.031176827224407 ], [ -115.682630948695518, 30.032045032736288 ], [ -115.682685285907979, 30.03264111913623 ], [ -115.682712454705324, 30.032939162315397 ], [ -115.682793961861805, 30.033833291769632 ], [ -115.682907293663007, 30.034673599562513 ], [ -115.683084274442365, 30.035406264081161 ], [ -115.683265910371958, 30.035787063750686 ], [ -115.683388552508703, 30.035923641860158 ], [ -115.683449873702173, 30.035991930874772 ], [ -115.683633837782963, 30.036196797758052 ], [ -115.68369071322067, 30.036183491962362 ], [ -115.683755049815645, 30.03644164159472 ], [ -115.683967582633059, 30.037388243588307 ], [ -115.683794613127816, 30.03737144393326 ], [ -115.68332261898145, 30.037772771232881 ], [ -115.683111887987067, 30.038023315662656 ], [ -115.682951690906293, 30.038373622709127 ], [ -115.682895427287804, 30.038706923618467 ], [ -115.682886834105247, 30.039356519420519 ], [ -115.68298432482959, 30.039826710305849 ], [ -115.683285393305326, 30.040587686779627 ], [ -115.683689687728119, 30.041385789165169 ], [ -115.684601518996274, 30.043019116393264 ], [ -115.68490213190951, 30.043816178124732 ], [ -115.684892119717006, 30.044574039910444 ], [ -115.684574813722605, 30.045040080954877 ], [ -115.684103858451252, 30.045360210164571 ], [ -115.68363290017605, 30.045680337581135 ], [ -115.683171593102259, 30.046054699977539 ], [ -115.682729590555653, 30.046537534222736 ], [ -115.682454227542195, 30.046967896422608 ], [ -115.682262184391433, 30.047372022856614 ], [ -115.682070139626759, 30.047776148938986 ], [ -115.681938285529753, 30.048334274864398 ], [ -115.681926815125138, 30.049200400983146 ], [ -115.682039554517402, 30.05008581864535 ], [ -115.682156118748807, 30.050682527513519 ], [ -115.682214401337021, 30.05098088190482 ], [ -115.682389250991775, 30.051875944907685 ], [ -115.682458840012714, 30.052887256380345 ], [ -115.68231790028328, 30.054131064896119 ], [ -115.682013405369915, 30.055192766878925 ], [ -115.681627127685474, 30.056163414506209 ], [ -115.681240842131217, 30.057134060632048 ], [ -115.680917137193831, 30.058078263216881 ], [ -115.680718604031497, 30.058969580872603 ], [ -115.680711425384985, 30.059510908568399 ], [ -115.680888426785515, 30.060243574190224 ], [ -115.680853482923027, 30.060531970061366 ], [ -115.680589998331328, 30.060845142488901 ], [ -115.680136867279643, 30.060596964359661 ], [ -115.679114365929848, 30.060261855572417 ], [ -115.678650390227943, 30.060049656763706 ], [ -115.678280961193622, 30.059748173644071 ], [ -115.678129220903884, 30.059457901725793 ], [ -115.678086324416242, 30.059173235720799 ], [ -115.67804342814226, 30.058888569697196 ], [ -115.677953799737324, 30.058607945410987 ], [ -115.677770707370257, 30.058335404473393 ], [ -115.67755518205233, 30.058161793641482 ], [ -115.67732344042156, 30.058037647613201 ], [ -115.677091699379346, 30.057913501191525 ], [ -115.676729534506364, 30.057846693374 ], [ -115.676106520668895, 30.057894561439539 ], [ -115.675430327236285, 30.058041147319859 ], [ -115.674727541971748, 30.058237089892348 ], [ -115.674024754073088, 30.058433028617937 ], [ -115.673512094383923, 30.058761719999222 ], [ -115.673379694358204, 30.059355922947816 ], [ -115.673671693007108, 30.060017571031818 ], [ -115.674007828461285, 30.060481150721589 ], [ -115.674175897343943, 30.060712940267717 ], [ -115.674680108614297, 30.061408307711027 ], [ -115.675293533167064, 30.062082215524935 ], [ -115.676125379798989, 30.06271320373131 ], [ -115.676898364500076, 30.06309094155937 ], [ -115.67838547529395, 30.063593159233747 ], [ -115.67909863882771, 30.063789816571063 ], [ -115.679751009093607, 30.06387757971271 ], [ -115.680125126698712, 30.063827196449136 ], [ -115.680189189084885, 30.065253524334299 ], [ -115.68024020230682, 30.06634406413129 ], [ -115.680214297246053, 30.067476873926616 ], [ -115.680061382601096, 30.069411990318784 ], [ -115.679919423179712, 30.070727968488384 ], [ -115.67971797629842, 30.071835812516703 ], [ -115.67952419273837, 30.072366241167668 ], [ -115.679334241714997, 30.072607962079385 ], [ -115.679144289755385, 30.072849682680044 ], [ -115.679013818908402, 30.073299536869296 ], [ -115.67900231151323, 30.074165658675291 ], [ -115.679113605840442, 30.07515934084655 ], [ -115.679228737515473, 30.075864315650051 ], [ -115.67928630389234, 30.07621680300479 ], [ -115.679459005180362, 30.077274264880923 ], [ -115.679485638858253, 30.078393421985766 ], [ -115.679220127098091, 30.079635969374838 ], [ -115.678750966315235, 30.080587723059573 ], [ -115.678179975576526, 30.081394077833295 ], [ -115.677608975409569, 30.082200429750095 ], [ -115.677100691273111, 30.082971317106121 ], [ -115.676717851215102, 30.083671279201962 ], [ -115.676588074152235, 30.08406699702671 ], [ -115.676581586613011, 30.084554189280645 ], [ -115.676640228596312, 30.084825478506044 ], [ -115.676822642969157, 30.085152153797949 ], [ -115.677068025777345, 30.08542532307138 ], [ -115.677252604145139, 30.085589600387657 ], [ -115.677344893557745, 30.085671738953948 ], [ -115.677621762710388, 30.085918154285391 ], [ -115.677907927496364, 30.086245872176463 ], [ -115.678212683221858, 30.086736195670618 ], [ -115.678434444832547, 30.087225683793818 ], [ -115.67855462129873, 30.087551730795251 ], [ -115.678614709813289, 30.087714754257728 ], [ -115.678794976482877, 30.088203824492236 ], [ -115.678828558340811, 30.088799699117114 ], [ -115.678568764776756, 30.089609182412946 ], [ -115.678102187646928, 30.090362445090353 ], [ -115.67753221319802, 30.091087595370119 ], [ -115.676962230315056, 30.091812742848209 ], [ -115.676454850637654, 30.09251144843455 ], [ -115.67607268803367, 30.093157274024861 ], [ -115.675943135012531, 30.093534946077323 ], [ -115.67593664184237, 30.0940221375017 ], [ -115.676015796851104, 30.094311679989641 ], [ -115.676259756375828, 30.094693115775193 ], [ -115.676587202044814, 30.095039299021273 ], [ -115.67683332854952, 30.095258336662834 ], [ -115.676956392208652, 30.095367855320259 ], [ -115.677325584813175, 30.095696410639096 ], [ -115.677673548374671, 30.096060844384546 ], [ -115.677979051539054, 30.096497036178118 ], [ -115.678140258794329, 30.096859589301513 ], [ -115.678199631317597, 30.097076745280582 ], [ -115.678229317669931, 30.097185323260362 ], [ -115.678318377089639, 30.097511057160659 ], [ -115.678479347032834, 30.097891654033933 ], [ -115.678784139077237, 30.098381976515775 ], [ -115.679131157337011, 30.098818583241535 ], [ -115.679499290233736, 30.099228331502228 ], [ -115.679867426142309, 30.099638078797465 ], [ -115.680584273346611, 30.100358119279694 ], [ -115.681998563505815, 30.101698738178545 ], [ -115.683638898235699, 30.103213050008026 ], [ -115.687145737437334, 30.106415317238415 ], [ -115.68912928462386, 30.108126668474473 ], [ -115.690138993188668, 30.109061583812259 ], [ -115.68973697959342, 30.109884309309525 ], [ -115.689404479182713, 30.110624676101082 ], [ -115.688730343278792, 30.112160927506583 ], [ -115.688426905905828, 30.113132411123633 ], [ -115.688190739272883, 30.114510612923457 ], [ -115.688100568137372, 30.115836132805295 ], [ -115.688066223240483, 30.118434490542846 ], [ -115.688008491017712, 30.119661077692204 ], [ -115.687869639911071, 30.120742481838555 ], [ -115.687695953531644, 30.121318234894819 ], [ -115.687504849615777, 30.121641162267291 ], [ -115.687313744425325, 30.121964089308992 ], [ -115.687142200987324, 30.122377444199962 ], [ -115.687009782030799, 30.122971655185175 ], [ -115.686960627835973, 30.123548652102084 ], [ -115.686945584783075, 30.124685431887265 ], [ -115.68689714537183, 30.125208296236657 ], [ -115.68676686996146, 30.125640109508261 ], [ -115.686598183642772, 30.125836933809843 ], [ -115.686410292027318, 30.125916263457665 ], [ -115.686222400119476, 30.125995592826641 ], [ -115.686085923622414, 30.126111529450004 ], [ -115.686052278339446, 30.126300681035058 ], [ -115.686132679867299, 30.126499997139788 ], [ -115.686334188562014, 30.126857384477752 ], [ -115.686566421940867, 30.127269263822047 ], [ -115.686683802207739, 30.127535560829575 ], [ -115.684908714562212, 30.129132542260049 ], [ -115.667452007810482, 30.144833569859088 ], [ -115.624756652517263, 30.254624530938933 ], [ -115.563261270832513, 30.33017858807046 ], [ -115.499713603334769, 30.368989989911938 ], [ -115.498940800777262, 30.368881593645337 ], [ -115.409756526439423, 30.45953887717241 ], [ -115.304018107316693, 30.455758070211573 ], [ -115.282627098432883, 30.454993208433255 ], [ -115.262580158430069, 30.454276405487505 ], [ -115.215308029496853, 30.463425851262279 ], [ -115.173620613001205, 30.494509128194633 ], [ -115.152711923828136, 30.478108317794948 ], [ -115.109799817205925, 30.41415612450395 ], [ -115.056588268134618, 30.475571347194112 ] ], [ [ -115.651557319627685, 30.037730673164113 ], [ -115.65186035196146, 30.037562336736322 ], [ -115.651993283687972, 30.037428868194183 ], [ -115.652070181495276, 30.037384021166599 ], [ -115.652417131190163, 30.037035667356122 ], [ -115.652660874211875, 30.036650162188678 ], [ -115.653045150902344, 30.03584200022782 ], [ -115.65325765902702, 30.035465197230447 ], [ -115.653509221575462, 30.035145099082722 ], [ -115.653720487372865, 30.03498267638069 ], [ -115.654095969214509, 30.03482409929579 ], [ -115.654232352107428, 30.034708191655643 ], [ -115.65426601962497, 30.034519046549875 ], [ -115.654185749760927, 30.03431971243365 ], [ -115.654048511713754, 30.034115283708086 ], [ -115.653911274218899, 30.033910854850461 ], [ -115.653643632598957, 30.033763742720065 ], [ -115.653115182095235, 30.033731262855557 ], [ -115.65250207140636, 30.033824239981339 ], [ -115.651846628875361, 30.033979943528777 ], [ -115.651191184417328, 30.034135643742719 ], [ -115.650599052272725, 30.034210780401526 ], [ -115.650133548545455, 30.034124794423196 ], [ -115.649949842412198, 30.033906349765104 ], [ -115.649907034963405, 30.033621676293173 ], [ -115.649864227726823, 30.033337002802867 ], [ -115.649784946201493, 30.03306548986415 ], [ -115.649632716233356, 30.032820297951215 ], [ -115.649458281207544, 30.032683157562534 ], [ -115.649272743673464, 30.032600042778959 ], [ -115.649087206456969, 30.032516927742162 ], [ -115.648861785579257, 30.032316099827561 ], [ -115.648556598599924, 30.031879846143479 ], [ -115.648273376109472, 30.031353584429297 ], [ -115.648001137499236, 30.030782318488562 ], [ -115.647728901901957, 30.030211052032531 ], [ -115.64736261770355, 30.029692957866331 ], [ -115.646808234355177, 30.029281207658336 ], [ -115.646250544886669, 30.029113050382925 ], [ -115.645691201335509, 30.029066688344649 ], [ -115.645131858401541, 30.029020323943342 ], [ -115.644498647997366, 30.029067940733015 ], [ -115.643717699271917, 30.029303520669799 ], [ -115.643049325219351, 30.029648536716 ], [ -115.642437235626588, 30.030048269883004 ], [ -115.641825141170571, 30.030448000025238 ], [ -115.641198104388309, 30.030802456385238 ], [ -115.640541188808243, 30.031066367955859 ], [ -115.640073369215273, 30.031151765378869 ], [ -115.639326828460383, 30.031144045520978 ], [ -115.638892086267688, 30.031085408241932 ], [ -115.638334401564251, 30.030917217545127 ], [ -115.637839670602773, 30.030695536693688 ], [ -115.636913167383696, 30.030198682192648 ], [ -115.636449425254909, 30.029986340607245 ], [ -115.635984696724449, 30.029846173466211 ], [ -115.635922733023719, 30.029827484392861 ], [ -115.635673889811599, 30.029824903829713 ], [ -115.635440043115921, 30.029863083128905 ], [ -115.635206196257457, 30.029901262006486 ], [ -115.634982894302013, 30.030304992799593 ], [ -115.634780679004507, 30.031439827696353 ], [ -115.634666953506155, 30.032927488340487 ], [ -115.634597471728028, 30.034591561641296 ], [ -115.634527986482638, 30.036255634423661 ], [ -115.634414496221396, 30.037725249528407 ], [ -115.634212998477196, 30.038805949730136 ], [ -115.633990661348619, 30.039137501694917 ], [ -115.633757906324334, 30.039094479408849 ], [ -115.633525151517432, 30.039051456716791 ], [ -115.633289503320171, 30.038841473105816 ], [ -115.633048069669215, 30.038297568063889 ], [ -115.632881329366413, 30.037601043421621 ], [ -115.632751936365395, 30.036828208986712 ], [ -115.63262254513117, 30.036055374398945 ], [ -115.632424084331802, 30.035403635688642 ], [ -115.632087483281438, 30.034994088454734 ], [ -115.631724940594779, 30.03496324787265 ], [ -115.631349425209905, 30.035121759955295 ], [ -115.630973908663094, 30.03528027092451 ], [ -115.630474458934373, 30.035401397405934 ], [ -115.629727144430746, 30.035447753921481 ], [ -115.628981071566557, 30.035403886478946 ], [ -115.628235620949241, 30.035314904992767 ], [ -115.627490171836115, 30.03522591932143 ], [ -115.626691137415023, 30.035262695632074 ], [ -115.625784926521135, 30.035550998600542 ], [ -115.625073604753439, 30.035994727875742 ], [ -115.624459723869165, 30.03651616985502 ], [ -115.623845836559482, 30.037037608726262 ], [ -115.623422089498291, 30.037682848575383 ], [ -115.623378632902302, 30.038575695456228 ], [ -115.623729961345504, 30.039418534336409 ], [ -115.62482742756734, 30.041054198586199 ], [ -115.625611811755263, 30.042082024953103 ], [ -115.626867498645012, 30.043529837982184 ], [ -115.628175942107234, 30.044915027061936 ], [ -115.630845657816053, 30.047622754880177 ], [ -115.63208422065938, 30.04881769061079 ], [ -115.633130109463664, 30.049694798581449 ], [ -115.633634673123211, 30.049961716739162 ], [ -115.634102462553756, 30.049885367355838 ], [ -115.634324577201696, 30.049571860405404 ], [ -115.634523129652337, 30.048707689717389 ], [ -115.634631934506601, 30.04758091225089 ], [ -115.634759793061789, 30.045064750043355 ], [ -115.635001048137127, 30.044110788465325 ], [ -115.635596958142472, 30.043765064881601 ], [ -115.636348895057083, 30.044142817749005 ], [ -115.638008831377959, 30.045621788670505 ], [ -115.639078442883687, 30.0462825373363 ], [ -115.640627319089504, 30.046785813711185 ], [ -115.642139161309402, 30.046963851886211 ], [ -115.645125803974267, 30.046994656709053 ], [ -115.646464431324148, 30.046945278588691 ], [ -115.647493665371314, 30.046766379146902 ], [ -115.647870427226437, 30.046517601550065 ], [ -115.647971480147277, 30.045950173544917 ], [ -115.647985649263191, 30.045670597352007 ], [ -115.647927104737647, 30.045399296867576 ], [ -115.647815361805186, 30.04522670552895 ], [ -115.647677019857809, 30.045103468657903 ], [ -115.647538678252801, 30.044980231649618 ], [ -115.647250032108516, 30.04485093687471 ], [ -115.646660777497871, 30.044709525067191 ], [ -115.645967333311134, 30.044603131096054 ], [ -115.645221794995919, 30.044514243417609 ], [ -115.644476258182038, 30.044425351551745 ], [ -115.643762324590085, 30.044300688280302 ], [ -115.643111596727422, 30.044104487078815 ], [ -115.642740983555271, 30.043902150603341 ], [ -115.642510427626831, 30.04369674722231 ], [ -115.642279872649283, 30.043491343460246 ], [ -115.642118630444145, 30.043146794162418 ], [ -115.642096012281414, 30.042523954393097 ], [ -115.64221955515626, 30.041830437360783 ], [ -115.642612793631045, 30.040372724836534 ], [ -115.642746330193688, 30.039706379956336 ], [ -115.642753709502387, 30.03916505904067 ], [ -115.642632473804596, 30.038929202518361 ], [ -115.642446930935293, 30.038846077997125 ], [ -115.64226138838373, 30.038762953222655 ], [ -115.642076707469272, 30.038616674098265 ], [ -115.641893749954036, 30.038344086539688 ], [ -115.641773501808444, 30.038036053182314 ], [ -115.641684608470896, 30.037710296955577 ], [ -115.641595715673887, 30.037384540671106 ], [ -115.641630885123632, 30.037087135475577 ], [ -115.641914177253426, 30.036846432113204 ], [ -115.642351160865502, 30.036742663875742 ], [ -115.643378819730643, 30.036672057581981 ], [ -115.643959249988285, 30.036696089440909 ], [ -115.64467288411403, 30.036838794154409 ], [ -115.645281845928082, 30.037052603330721 ], [ -115.646395103405354, 30.037551322610259 ], [ -115.647014320288378, 30.037774252736689 ], [ -115.647758707637664, 30.037944327154516 ], [ -115.648380134738389, 30.038004854329973 ], [ -115.649500027320599, 30.038016357845237 ], [ -115.650060218492882, 30.038004061940288 ], [ -115.650620898696701, 30.037955675457937 ], [ -115.650995174185894, 30.037887328272795 ], [ -115.651557319627685, 30.037730673164113 ] ] ] ] } },
{ "type": "Feature", "properties": { "fid": 1.0, "cat": 2, "CLAVE_ACUI": "0224", "NOM_ACUIF": "EL ROSARIO", "VULNERABIL": 2 }, "geometry": { "type": "MultiPolygon", "coordinates": [ [ [ [ -115.68672731898242, 30.127496409404841 ], [ -115.686678592595911, 30.12752374194314 ], [ -115.686566421940867, 30.127269263822047 ], [ -115.686334188562014, 30.126857384477752 ], [ -115.686132679867299, 30.126499997139788 ], [ -115.686052278339446, 30.126300681035058 ], [ -115.686085923622414, 30.126111529450004 ], [ -115.686222400119476, 30.125995592826641 ], [ -115.686410292027318, 30.125916263457665 ], [ -115.686598183642772, 30.125836933809843 ], [ -115.68676686996146, 30.125640109508261 ], [ -115.68689714537183, 30.125208296236657 ], [ -115.686945584783075, 30.124685431887265 ], [ -115.686960627835973, 30.123548652102084 ], [ -115.687009782030799, 30.122971655185175 ], [ -115.687142200987324, 30.122377444199962 ], [ -115.687313744425325, 30.121964089308992 ], [ -115.687504849615777, 30.121641162267291 ], [ -115.687695953531644, 30.121318234894819 ], [ -115.687869639911071, 30.120742481838555 ], [ -115.688008491017712, 30.119661077692204 ], [ -115.688066223240483, 30.118434490542846 ], [ -115.688100568137372, 30.115836132805295 ], [ -115.688190739272883, 30.114510612923457 ], [ -115.688426905905828, 30.113132411123633 ], [ -115.688730343278792, 30.112160927506583 ], [ -115.689404479182713, 30.110624676101082 ], [ -115.68973697959342, 30.109884309309525 ], [ -115.690138993188668, 30.109061583812259 ], [ -115.691180356951662, 30.109896189581114 ], [ -115.692702146513142, 30.111407170014228 ], [ -115.692725320963703, 30.111433773997334 ], [ -115.695488759359137, 30.11438479541032 ], [ -115.695964100065595, 30.114907726284006 ], [ -115.696353258574931, 30.115381027173751 ], [ -115.697236753569143, 30.116222450977752 ], [ -115.698104491884834, 30.117236921387008 ], [ -115.698115128442154, 30.117249356395416 ], [ -115.68672731898242, 30.127496409404841 ] ] ] ] } },
{ "type": "Feature", "properties": { "fid": 11.0, "cat": 12, "CLAVE_ACUI": "0224", "NOM_ACUIF": "EL ROSARIO", "VULNERABIL": 2 }, "geometry": { "type": "MultiPolygon", "coordinates": [ [ [ [ -115.67804342814226, 30.058888569697196 ], [ -115.678086324416242, 30.059173235720799 ], [ -115.678129220903884, 30.059457901725793 ], [ -115.678280961193622, 30.059748173644071 ], [ -115.678650390227943, 30.060049656763706 ], [ -115.679114365929848, 30.060261855572417 ], [ -115.680136867279643, 30.060596964359661 ], [ -115.680589998331328, 30.060845142488901 ], [ -115.680926887189401, 30.061254572728433 ], [ -115.681035236428059, 30.061688779463278 ], [ -115.681023393104141, 30.062581969881069 ], [ -115.680965909751365, 30.063005489404162 ], [ -115.680805302525968, 30.063382857470049 ], [ -115.680595106920492, 30.063588284481781 ], [ -115.680125126698712, 30.063827196449136 ], [ -115.679751009093607, 30.06387757971271 ], [ -115.67909863882771, 30.063789816571063 ], [ -115.67838547529395, 30.063593159233747 ], [ -115.676898364500076, 30.06309094155937 ], [ -115.676125379798989, 30.06271320373131 ], [ -115.675293533167064, 30.062082215524935 ], [ -115.674680108614297, 30.061408307711027 ], [ -115.673671693007108, 30.060017571031818 ], [ -115.673379694358204, 30.059355922947816 ], [ -115.673512094383923, 30.058761719999222 ], [ -115.674024754073088, 30.058433028617937 ], [ -115.674727541971748, 30.058237089892348 ], [ -115.675430327236285, 30.058041147319859 ], [ -115.676106520668895, 30.057894561439539 ], [ -115.676729534506364, 30.057846693374 ], [ -115.677091699379346, 30.057913501191525 ], [ -115.67732344042156, 30.058037647613201 ], [ -115.67755518205233, 30.058161793641482 ], [ -115.677770707370257, 30.058335404473393 ], [ -115.677953799737324, 30.058607945410987 ], [ -115.67804342814226, 30.058888569697196 ] ] ] ] } },
{ "type": "Feature", "properties": { "fid": 31.0, "cat": 21, "CLAVE_ACUI": "0224", "NOM_ACUIF": "EL ROSARIO", "VULNERABIL": 2 }, "geometry": { "type": "MultiPolygon", "coordinates": [ [ [ [ -115.650620898696701, 30.037955675457937 ], [ -115.650060218492882, 30.038004061940288 ], [ -115.649500027320599, 30.038016357845237 ], [ -115.648380134738389, 30.038004854329973 ], [ -115.647758707637664, 30.037944327154516 ], [ -115.647014320288378, 30.037774252736689 ], [ -115.646395103405354, 30.037551322610259 ], [ -115.645281845928082, 30.037052603330721 ], [ -115.64467288411403, 30.036838794154409 ], [ -115.643959249988285, 30.036696089440909 ], [ -115.643378819730643, 30.036672057581981 ], [ -115.642351160865502, 30.036742663875742 ], [ -115.641914177253426, 30.036846432113204 ], [ -115.641630885123632, 30.037087135475577 ], [ -115.641595715673887, 30.037384540671106 ], [ -115.641684608470896, 30.037710296955577 ], [ -115.641773501808444, 30.038036053182314 ], [ -115.641893749954036, 30.038344086539688 ], [ -115.642076707469272, 30.038616674098265 ], [ -115.64226138838373, 30.038762953222655 ], [ -115.642446930935293, 30.038846077997125 ], [ -115.642632473804596, 30.038929202518361 ], [ -115.642753709502387, 30.03916505904067 ], [ -115.642746330193688, 30.039706379956336 ], [ -115.642612793631045, 30.040372724836534 ], [ -115.64221955515626, 30.041830437360783 ], [ -115.642096012281414, 30.042523954393097 ], [ -115.642118630444145, 30.043146794162418 ], [ -115.642279872649283, 30.043491343460246 ], [ -115.642510427626831, 30.04369674722231 ], [ -115.642740983555271, 30.043902150603341 ], [ -115.643111596727422, 30.044104487078815 ], [ -115.643762324590085, 30.044300688280302 ], [ -115.644476258182038, 30.044425351551745 ], [ -115.645221794995919, 30.044514243417609 ], [ -115.645967333311134, 30.044603131096054 ], [ -115.646660777497871, 30.044709525067191 ], [ -115.647250032108516, 30.04485093687471 ], [ -115.647538678252801, 30.044980231649618 ], [ -115.647677019857809, 30.045103468657903 ], [ -115.647815361805186, 30.04522670552895 ], [ -115.647927104737647, 30.045399296867576 ], [ -115.647985649263191, 30.045670597352007 ], [ -115.647971480147277, 30.045950173544917 ], [ -115.647870427226437, 30.046517601550065 ], [ -115.647493665371314, 30.046766379146902 ], [ -115.646464431324148, 30.046945278588691 ], [ -115.645125803974267, 30.046994656709053 ], [ -115.642139161309402, 30.046963851886211 ], [ -115.640627319089504, 30.046785813711185 ], [ -115.639078442883687, 30.0462825373363 ], [ -115.638008831377959, 30.045621788670505 ], [ -115.636348895057083, 30.044142817749005 ], [ -115.635596958142472, 30.043765064881601 ], [ -115.635001048137127, 30.044110788465325 ], [ -115.634759793061789, 30.045064750043355 ], [ -115.634631934506601, 30.04758091225089 ], [ -115.634523129652337, 30.048707689717389 ], [ -115.634324577201696, 30.049571860405404 ], [ -115.634102462553756, 30.049885367355838 ], [ -115.633634673123211, 30.049961716739162 ], [ -115.633130109463664, 30.049694798581449 ], [ -115.63208422065938, 30.04881769061079 ], [ -115.630845657816053, 30.047622754880177 ], [ -115.628175942107234, 30.044915027061936 ], [ -115.626867498645012, 30.043529837982184 ], [ -115.625611811755263, 30.042082024953103 ], [ -115.62482742756734, 30.041054198586199 ], [ -115.623729961345504, 30.039418534336409 ], [ -115.623378632902302, 30.038575695456228 ], [ -115.623422089498291, 30.037682848575383 ], [ -115.623845836559482, 30.037037608726262 ], [ -115.624459723869165, 30.03651616985502 ], [ -115.625073604753439, 30.035994727875742 ], [ -115.625784926521135, 30.035550998600542 ], [ -115.626691137415023, 30.035262695632074 ], [ -115.627490171836115, 30.03522591932143 ], [ -115.628235620949241, 30.035314904992767 ], [ -115.628981071566557, 30.035403886478946 ], [ -115.629727144430746, 30.035447753921481 ], [ -115.630474458934373, 30.035401397405934 ], [ -115.630973908663094, 30.03528027092451 ], [ -115.631349425209905, 30.035121759955295 ], [ -115.631724940594779, 30.03496324787265 ], [ -115.632087483281438, 30.034994088454734 ], [ -115.632424084331802, 30.035403635688642 ], [ -115.63262254513117, 30.036055374398945 ], [ -115.632751936365395, 30.036828208986712 ], [ -115.632881329366413, 30.037601043421621 ], [ -115.633048069669215, 30.038297568063889 ], [ -115.633289503320171, 30.038841473105816 ], [ -115.633525151517432, 30.039051456716791 ], [ -115.633757906324334, 30.039094479408849 ], [ -115.633990661348619, 30.039137501694917 ], [ -115.634212998477196, 30.038805949730136 ], [ -115.634414496221396, 30.037725249528407 ], [ -115.634527986482638, 30.036255634423661 ], [ -115.634597471728028, 30.034591561641296 ], [ -115.634666953506155, 30.032927488340487 ], [ -115.634780679004507, 30.031439827696353 ], [ -115.634982894302013, 30.030304992799593 ], [ -115.635206196257457, 30.029901262006486 ], [ -115.635440043115921, 30.029863083128905 ], [ -115.635673889811599, 30.029824903829713 ], [ -115.635922733023719, 30.029827484392861 ], [ -115.635984696724449, 30.029846173466211 ], [ -115.636449425254909, 30.029986340607245 ], [ -115.636913167383696, 30.030198682192648 ], [ -115.637839670602773, 30.030695536693688 ], [ -115.638334401564251, 30.030917217545127 ], [ -115.638892086267688, 30.031085408241932 ], [ -115.639326828460383, 30.031144045520978 ], [ -115.640073369215273, 30.031151765378869 ], [ -115.640541188808243, 30.031066367955859 ], [ -115.641198104388309, 30.030802456385238 ], [ -115.641825141170571, 30.030448000025238 ], [ -115.642437235626588, 30.030048269883004 ], [ -115.643049325219351, 30.029648536716 ], [ -115.643717699271917, 30.029303520669799 ], [ -115.644498647997366, 30.029067940733015 ], [ -115.645131858401541, 30.029020323943342 ], [ -115.645691201335509, 30.029066688344649 ], [ -115.646250544886669, 30.029113050382925 ], [ -115.646808234355177, 30.029281207658336 ], [ -115.64736261770355, 30.029692957866331 ], [ -115.647728901901957, 30.030211052032531 ], [ -115.648001137499236, 30.030782318488562 ], [ -115.648273376109472, 30.031353584429297 ], [ -115.648556598599924, 30.031879846143479 ], [ -115.648861785579257, 30.032316099827561 ], [ -115.649087206456969, 30.032516927742162 ], [ -115.649272743673464, 30.032600042778959 ], [ -115.649458281207544, 30.032683157562534 ], [ -115.649632716233356, 30.032820297951215 ], [ -115.649784946201493, 30.03306548986415 ], [ -115.649864227726823, 30.033337002802867 ], [ -115.649907034963405, 30.033621676293173 ], [ -115.649949842412198, 30.033906349765104 ], [ -115.650133548545455, 30.034124794423196 ], [ -115.650599052272725, 30.034210780401526 ], [ -115.651191184417328, 30.034135643742719 ], [ -115.651846628875361, 30.033979943528777 ], [ -115.65250207140636, 30.033824239981339 ], [ -115.653115182095235, 30.033731262855557 ], [ -115.653643632598957, 30.033763742720065 ], [ -115.653911274218899, 30.033910854850461 ], [ -115.654048511713754, 30.034115283708086 ], [ -115.654185749760927, 30.03431971243365 ], [ -115.65426601962497, 30.034519046549875 ], [ -115.654232352107428, 30.034708191655643 ], [ -115.654095969214509, 30.03482409929579 ], [ -115.653720487372865, 30.03498267638069 ], [ -115.653509221575462, 30.035145099082722 ], [ -115.65325765902702, 30.035465197230447 ], [ -115.653045150902344, 30.03584200022782 ], [ -115.652660874211875, 30.036650162188678 ], [ -115.652417131190163, 30.037035667356122 ], [ -115.652070181495276, 30.037384021166599 ], [ -115.651993283687972, 30.037428868194183 ], [ -115.65186035196146, 30.037562336736322 ], [ -115.651557319627685, 30.037730673164113 ], [ -115.650995174185894, 30.037887328272795 ], [ -115.650620898696701, 30.037955675457937 ] ] ] ] } },
{ "type": "Feature", "properties": { "fid": 35.0, "cat": 33, "CLAVE_ACUI": "0224", "NOM_ACUIF": "EL ROSARIO", "VULNERABIL": 2 }, "geometry": { "type": "MultiPolygon", "coordinates": [ [ [ [ -115.636287238137342, 30.008411218610711 ], [ -115.636223925984794, 30.008580739577166 ], [ -115.636069247001018, 30.008956096084905 ], [ -115.635943909751589, 30.009344819027884 ], [ -115.635844501183399, 30.009790442483371 ], [ -115.635745091647152, 30.010236065806669 ], [ -115.635573054071955, 30.010685447676195 ], [ -115.635255760056026, 30.011142346267206 ], [ -115.634898973783748, 30.011454461450612 ], [ -115.634522440878953, 30.011694184273619 ], [ -115.634145906183221, 30.011933905953921 ], [ -115.6338077446011, 30.012399607462832 ], [ -115.63354632880305, 30.013317270003949 ], [ -115.633448797921758, 30.014381006619949 ], [ -115.633417622128562, 30.01665455391268 ], [ -115.633226656629148, 30.017726342623771 ], [ -115.632684931287898, 30.018668160219956 ], [ -115.632332432024782, 30.018914695948666 ], [ -115.631973019229321, 30.019166064673311 ], [ -115.630379004080581, 30.019717948949854 ], [ -115.630290038122908, 30.019727268638839 ], [ -115.630168679526861, 30.019932318307962 ], [ -115.630042285888706, 30.020075374934976 ], [ -115.629854183476652, 30.020181695703858 ], [ -115.629667073293689, 30.020215840250703 ], [ -115.629293845468879, 30.020211952605813 ], [ -115.628974565283286, 30.020055230235588 ], [ -115.628389956162678, 30.019588949836013 ], [ -115.627734893500232, 30.018968536354233 ], [ -115.62704461024822, 30.018271054325183 ], [ -115.626354336609467, 30.017573568905611 ], [ -115.625742509942953, 30.016827271270483 ], [ -115.625287566183289, 30.015983353897131 ], [ -115.625141147421161, 30.015323124555351 ], [ -115.625156829313241, 30.014186354724856 ], [ -115.625102967347189, 30.013581231929727 ], [ -115.624925701642823, 30.012902633356827 ], [ -115.624684122328645, 30.012376758251502 ], [ -115.624410387473006, 30.011927244522241 ], [ -115.624242305860676, 30.011651227061545 ], [ -115.624022744540781, 30.011372102987735 ], [ -115.62358719094938, 30.010968221444621 ], [ -115.623221850050925, 30.010698276405751 ], [ -115.636287238137342, 30.008411218610711 ] ] ] ] } },
{ "type": "Feature", "properties": { "fid": 41.0, "cat": 43, "CLAVE_ACUI": "0224", "NOM_ACUIF": "EL ROSARIO", "VULNERABIL": 4 }, "geometry": { "type": "MultiPolygon", "coordinates": [ [ [ [ -115.789465594286682, 29.958516031357238 ], [ -115.789702109287646, 29.958393963108076 ], [ -115.790739737314198, 29.958376795526384 ], [ -115.790974474298821, 29.958611960399171 ], [ -115.791251401695391, 29.95882985558297 ], [ -115.791595582546933, 29.959061474762731 ], [ -115.792612562318723, 29.959801715122826 ], [ -115.793188900598977, 29.960131847536346 ], [ -115.793411093156337, 29.96020991186132 ], [ -115.793900928016186, 29.960382006920884 ], [ -115.794511299937113, 29.960468806520737 ], [ -115.794884328630829, 29.960472219438792 ], [ -115.79507084300171, 29.960473925501923 ], [ -115.79563038621032, 29.960479042107636 ], [ -115.796148916878309, 29.960447686925228 ], [ -115.796585421649681, 29.960343391143358 ], [ -115.796794398662044, 29.960200921382235 ], [ -115.796857874135668, 29.960093217173064 ], [ -115.796889611819964, 29.960039365054939 ], [ -115.796984824662843, 29.959877808646414 ], [ -115.797172641853706, 29.959771239667489 ], [ -115.79754566830826, 29.959774644979255 ], [ -115.797979563009349, 29.959886888578847 ], [ -115.798443893145077, 29.960053550342362 ], [ -115.798908224879952, 29.960220210507586 ], [ -115.799373317380315, 29.960323710339612 ], [ -115.799839928644076, 29.960300891063056 ], [ -115.800152520074462, 29.960159359781915 ], [ -115.800309574030038, 29.96002543509341 ], [ -115.800388100849972, 29.959958472673581 ], [ -115.800623680678385, 29.959757585111817 ], [ -115.800833842393459, 29.959515859233086 ], [ -115.800993168751788, 29.95919245731837 ], [ -115.801048551499633, 29.958895180267131 ], [ -115.801055373963337, 29.9583267511522 ], [ -115.801037739061655, 29.957954609233312 ], [ -115.802611420223528, 29.95798005578003 ], [ -115.803671929724999, 29.957718752420167 ], [ -115.804114433747287, 29.957270534306623 ], [ -115.804610335753836, 29.956543848552283 ], [ -115.804869727279723, 29.956051761805714 ], [ -115.804793417851954, 29.955643597712875 ], [ -115.805205402502139, 29.955168677524661 ], [ -115.8053808803772, 29.955071404068914 ], [ -115.805518202391653, 29.954720458718946 ], [ -115.805930191402894, 29.954380957460934 ], [ -115.806395598479753, 29.954386678975098 ], [ -115.806685525900278, 29.954434360480118 ], [ -115.807082259400914, 29.954211204848018 ], [ -115.807150912835681, 29.953814484156805 ], [ -115.807150899817472, 29.953410134784647 ], [ -115.808463148651271, 29.951941504256613 ], [ -115.808774860958678, 29.951365443024503 ], [ -115.809256593020962, 29.950820004850531 ], [ -115.809747517824931, 29.950690312985905 ], [ -115.809889555367022, 29.950654599011493 ], [ -115.810433807193846, 29.950517752122067 ], [ -115.810682903114966, 29.950455119347495 ], [ -115.811156333558927, 29.950378805251475 ], [ -115.811560723811382, 29.950318378554183 ], [ -115.811446289369982, 29.950642621749143 ], [ -115.811522593760159, 29.950894386160513 ], [ -115.811873565516507, 29.951169038300804 ], [ -115.812468693859813, 29.951706899117738 ], [ -115.812720483984663, 29.952105525815568 ], [ -115.812689979160908, 29.95253085599364 ], [ -115.812537399604594, 29.952935206516489 ], [ -115.812278001748965, 29.953230839502549 ], [ -115.811736296052715, 29.953152640539074 ], [ -115.811103042119584, 29.953301411560609 ], [ -115.810713939248146, 29.953541733089146 ], [ -115.810774986714279, 29.953865975998504 ], [ -115.810828409934913, 29.954371413304589 ], [ -115.810958135927493, 29.955050415179773 ], [ -115.810729254254312, 29.955273570540797 ], [ -115.810240958763657, 29.95529645860799 ], [ -115.810218119385468, 29.956820399613932 ], [ -115.810363093236703, 29.957173251033336 ], [ -115.810668292131197, 29.957600488089945 ], [ -115.810614892447703, 29.957854160134307 ], [ -115.810462314345557, 29.958275675662009 ], [ -115.810202915019019, 29.958525534092274 ], [ -115.809882475471824, 29.958676212025814 ], [ -115.809874854112351, 29.95894704990269 ], [ -115.810111382992673, 29.959256034045133 ], [ -115.810416576913212, 29.959528778840458 ], [ -115.810592067006141, 29.959811060060382 ], [ -115.810378442872434, 29.959980811150935 ], [ -115.809546824068875, 29.960299333230626 ], [ -115.809287425603003, 29.960575892882353 ], [ -115.809279804529197, 29.960827658328554 ], [ -115.80947817959796, 29.96097452057937 ], [ -115.809623148782308, 29.961182416851816 ], [ -115.809585013922216, 29.961581044917622 ], [ -115.809340871643684, 29.961762239694451 ], [ -115.809127246528391, 29.961901473816095 ], [ -115.809150140797342, 29.962082668163067 ], [ -115.809295113766765, 29.962380207916183 ], [ -115.80963845224764, 29.962555680378554 ], [ -115.809691870494916, 29.962906624523178 ], [ -115.809401955888987, 29.963228960573936 ], [ -115.809028106775671, 29.963326234346681 ], [ -115.808959447200493, 29.963532223539762 ], [ -115.809104412946056, 29.963633310425479 ], [ -115.809211248682487, 29.964283702792589 ], [ -115.808707741874741, 29.965767590483733 ], [ -115.807952437621751, 29.966681193302982 ], [ -115.807761724624342, 29.967528039012819 ], [ -115.80772359375689, 29.968050641471418 ], [ -115.806876768271394, 29.970001820434174 ], [ -115.806350343296955, 29.970617882895795 ], [ -115.806220674944228, 29.971701234554363 ], [ -115.805747662794005, 29.972471788290495 ], [ -115.805137311846622, 29.973043981954604 ], [ -115.804778734769414, 29.973537976274699 ], [ -115.804343881162339, 29.974617513568891 ], [ -115.804153171610238, 29.975571168657574 ], [ -115.803817528334122, 29.977446054370361 ], [ -115.803520006281317, 29.978498890220354 ], [ -115.803024149309181, 29.980623633291717 ], [ -115.802535936114111, 29.983173707368337 ], [ -115.802078221864377, 29.985143958112534 ], [ -115.801719686376572, 29.986929200370184 ], [ -115.801170432909061, 29.989378186515285 ], [ -115.800529638363457, 29.992304000638605 ], [ -115.800140554987237, 29.993148939216439 ], [ -115.799850651721371, 29.99385082991644 ], [ -115.799720985654773, 29.995004751708326 ], [ -115.799476850269215, 29.995399565240007 ], [ -115.799408025396417, 29.995705598852403 ], [ -115.799408024046542, 29.995705600002733 ], [ -115.798989890122499, 29.996082363666133 ], [ -115.798627819119119, 29.99643854471076 ], [ -115.798201048549117, 29.996729389593181 ], [ -115.797650166779675, 29.996846617428329 ], [ -115.796935166998523, 29.996867017669484 ], [ -115.796498070112904, 29.996816130425124 ], [ -115.795101645569133, 29.996559719135448 ], [ -115.794481669223501, 29.996391618202662 ], [ -115.79401816116011, 29.996143735393588 ], [ -115.793865622905059, 29.995898700472736 ], [ -115.793871514546126, 29.995411479546338 ], [ -115.793832889179086, 29.995176511804274 ], [ -115.793711121878687, 29.994958829459193 ], [ -115.793546801953511, 29.994830993147676 ], [ -115.793361205806164, 29.994748079676114 ], [ -115.79317560997444, 29.994665165950362 ], [ -115.792950627154681, 29.994410442266066 ], [ -115.792646872192293, 29.993812098652761 ], [ -115.792365599036515, 29.993069582817718 ], [ -115.79209556909457, 29.992254980647491 ], [ -115.791825543340735, 29.991440377946731 ], [ -115.791567416864652, 29.990499553324966 ], [ -115.791333085364386, 29.989306285429596 ], [ -115.791200657597145, 29.988258330452588 ], [ -115.791119181035128, 29.987283031969561 ], [ -115.79103770571956, 29.986307733338858 ], [ -115.791132427719035, 29.985334052311462 ], [ -115.791579536279514, 29.984363605470424 ], [ -115.792229990226829, 29.98371987249806 ], [ -115.792731406797785, 29.983399620214037 ], [ -115.792982113888272, 29.983239493316766 ], [ -115.793734230379712, 29.982759109604057 ], [ -115.794424808650589, 29.982224016272458 ], [ -115.7949923175008, 29.98157950944799 ], [ -115.79524759094005, 29.981040427342961 ], [ -115.795313695938816, 29.980716181387745 ], [ -115.795346748263171, 29.980554058387376 ], [ -115.795445904536038, 29.980067689295264 ], [ -115.795586406458753, 29.97959072186238 ], [ -115.795809600023361, 29.979132557664649 ], [ -115.796041087435526, 29.978845917913276 ], [ -115.796198177040893, 29.978711999462998 ], [ -115.796276721685572, 29.97864504016221 ], [ -115.796512354987613, 29.978444161957263 ], [ -115.796804933642491, 29.978248315417758 ], [ -115.797211403596137, 29.978062532097759 ], [ -115.797596275101782, 29.9779487393997 ], [ -115.797845656708816, 29.977896874284369 ], [ -115.797970347421213, 29.977870941546751 ], [ -115.798344419193839, 29.977793142614061 ], [ -115.798708778235522, 29.977661112162362 ], [ -115.799053711626229, 29.977420619833456 ], [ -115.79926424139758, 29.977151830264059 ], [ -115.799359793367216, 29.976963204932616 ], [ -115.799407569212676, 29.976868892235167 ], [ -115.799550896191633, 29.976585954015995 ], [ -115.799647966009616, 29.976271011254909 ], [ -115.799652522841299, 29.975892059712155 ], [ -115.79956304868648, 29.975575416603125 ], [ -115.799426559697594, 29.975289927608355 ], [ -115.799290071465023, 29.975004438481488 ], [ -115.799086059055028, 29.974731868981866 ], [ -115.798746998153632, 29.974485138399551 ], [ -115.798385909008047, 29.974346489726813 ], [ -115.798013805733817, 29.974261881424852 ], [ -115.797641703126075, 29.97417727208769 ], [ -115.797259672666556, 29.974056476472683 ], [ -115.796857786450346, 29.973863309234474 ], [ -115.796570006716209, 29.973662159838128 ], [ -115.796339280484062, 29.973457019438818 ], [ -115.796108555199638, 29.973251878655162 ], [ -115.795895824176625, 29.972843870034328 ], [ -115.795719081862615, 29.972030126209052 ], [ -115.795637241992353, 29.97108189526416 ], [ -115.795602852730767, 29.970066420725789 ], [ -115.795568463792719, 29.969050946044518 ], [ -115.795454994457842, 29.968147543664418 ], [ -115.795183366155669, 29.967468285773577 ], [ -115.794844121499807, 29.967239591127797 ], [ -115.794471067537799, 29.967236177400068 ], [ -115.794098013639839, 29.967232762616273 ], [ -115.793734341484509, 29.967310645509105 ], [ -115.79338943160775, 29.967551124876607 ], [ -115.793178253281411, 29.967874041432776 ], [ -115.79303394036728, 29.968238176730107 ], [ -115.79288962635772, 29.968602311820437 ], [ -115.792688043216941, 29.968988480901196 ], [ -115.792371921796359, 29.969418717733234 ], [ -115.79204663545147, 29.969749609634757 ], [ -115.791716766018297, 29.970030828617045 ], [ -115.79138689472785, 29.97031204670974 ], [ -115.791041968787312, 29.970552519377826 ], [ -115.790666935865502, 29.97071150194266 ], [ -115.790386808163575, 29.970736000502626 ], [ -115.790154133637898, 29.970693257090289 ], [ -115.789921459325853, 29.970650513272087 ], [ -115.789696318177079, 29.970413830109504 ], [ -115.789486244664047, 29.96978926872114 ], [ -115.789361263866795, 29.968985016400307 ], [ -115.789278829582472, 29.968090918612184 ], [ -115.789196396483163, 29.967196820694713 ], [ -115.789021249211544, 29.966256752113335 ], [ -115.788660676353189, 29.965224741794135 ], [ -115.788234871658503, 29.964444792369171 ], [ -115.78731804144887, 29.963136951059916 ], [ -115.787127110331056, 29.962792435809956 ], [ -115.787015614399579, 29.96243934629608 ], [ -115.787042967950654, 29.962131457970166 ], [ -115.78712316615696, 29.961832686783506 ], [ -115.787374057401777, 29.961316594394908 ], [ -115.787812081896476, 29.96073489166422 ], [ -115.788343230672766, 29.960049920098761 ], [ -115.788711353587033, 29.959554268889232 ], [ -115.789137324387823, 29.958960013327641 ], [ -115.789384777622573, 29.958562137217534 ], [ -115.789465594286682, 29.958516031357238 ] ] ] ] } },
{ "type": "Feature", "properties": { "fid": 22.0, "cat": 19, "CLAVE_ACUI": "0224", "NOM_ACUIF": "EL ROSARIO", "VULNERABIL": 5 }, "geometry": { "type": "MultiPolygon", "coordinates": [ [ [ [ -115.759174514285093, 29.968267311665457 ], [ -115.759664398673749, 29.968232092625225 ], [ -115.760278875641689, 29.968254297408578 ], [ -115.761055845561685, 29.968279655162085 ], [ -115.761878741492609, 29.968287392862866 ], [ -115.762744948081533, 29.968295532259834 ], [ -115.762827848853419, 29.968296310946538 ], [ -115.7636980837339, 29.968322529099488 ], [ -115.764536784921276, 29.968384540116894 ], [ -115.765064385527651, 29.968461676576418 ], [ -115.765436435990679, 29.968546376666495 ], [ -115.765808487119997, 29.968631075722033 ], [ -115.766159256162254, 29.968760692368345 ], [ -115.766467460826448, 29.968980145459966 ], [ -115.766630366078843, 29.969216284544771 ], [ -115.766690536327658, 29.96937927272652 ], [ -115.766720621522396, 29.969460766807696 ], [ -115.766810877387996, 29.969705249012403 ], [ -115.766953504713868, 29.969905103461478 ], [ -115.767200874630731, 29.970015702195656 ], [ -115.767470529999429, 29.970000178641961 ], [ -115.767657728416964, 29.969947788671686 ], [ -115.767751327555359, 29.96992159358452 ], [ -115.768032124689228, 29.969843007914907 ], [ -115.768396713902845, 29.969693016373306 ], [ -115.768928885930364, 29.969400212606892 ], [ -115.769451248146737, 29.969062196955026 ], [ -115.769796218720899, 29.968821782099784 ], [ -115.769968703389409, 29.968701574312494 ], [ -115.770486154920917, 29.968340949511923 ], [ -115.770936079287111, 29.967993227916637 ], [ -115.771250954147249, 29.967671315778162 ], [ -115.771325823476346, 29.967482518412741 ], [ -115.771282862960845, 29.967366161877266 ], [ -115.771235558245692, 29.967238038966464 ], [ -115.771320234668877, 29.967094451116559 ], [ -115.771664528044894, 29.966908166424361 ], [ -115.772153672851928, 29.966741278345157 ], [ -115.772528052730792, 29.966636484284493 ], [ -115.772715242388799, 29.966584086846169 ], [ -115.773276810237064, 29.966426892899115 ], [ -115.773786896618986, 29.966242146442955 ], [ -115.774194021595292, 29.966002298167158 ], [ -115.774209335818313, 29.965982752791991 ], [ -115.774362477714504, 29.965787298929886 ], [ -115.774460721812559, 29.965382150295198 ], [ -115.774587727002427, 29.965166765064179 ], [ -115.774797187231499, 29.964988241116288 ], [ -115.77487049813486, 29.964925757649748 ], [ -115.775214777602827, 29.96473946321953 ], [ -115.775964842680395, 29.964421584832067 ], [ -115.77629930897875, 29.964190078190498 ], [ -115.776308691814307, 29.964176128609239 ], [ -115.776552644602333, 29.963813439225806 ], [ -115.776640404972767, 29.963417214899284 ], [ -115.77665035148685, 29.962605181190025 ], [ -115.776696441138185, 29.962226616993185 ], [ -115.776824763271534, 29.96190295807137 ], [ -115.776992543730287, 29.961742090583392 ], [ -115.777117550207734, 29.96168910931635 ], [ -115.77718005339797, 29.961662618636787 ], [ -115.777367562774742, 29.961583146413897 ], [ -115.777534900110396, 29.961458368594929 ], [ -115.777712366799037, 29.961253221874731 ], [ -115.777783361932478, 29.960998165284149 ], [ -115.777783361932478, 29.960743108693553 ], [ -115.777712174077948, 29.96052155626068 ], [ -115.777569868755663, 29.960294645145236 ], [ -115.777136991850327, 29.96010113148845 ], [ -115.776557836116964, 29.960005517943681 ], [ -115.775905541004477, 29.959958852237317 ], [ -115.775253246620522, 29.959912183317346 ], [ -115.774565936900458, 29.959841115749139 ], [ -115.773999371099194, 29.959809841423947 ], [ -115.779452434963034, 29.956698113512182 ], [ -115.77968436040635, 29.95679374597476 ], [ -115.780393918853264, 29.956900554209458 ], [ -115.781286586048921, 29.95693488457793 ], [ -115.782041922266686, 29.957041692739036 ], [ -115.782675190205808, 29.957327788050847 ], [ -115.783445787093811, 29.957478464214962 ], [ -115.783934080307915, 29.957385005103387 ], [ -115.784338448818232, 29.957343043845622 ], [ -115.784597867313352, 29.957688266273323 ], [ -115.784887792705732, 29.9576730073215 ], [ -115.78539897982597, 29.95774929891202 ], [ -115.786169592139473, 29.958378710328709 ], [ -115.787512421140121, 29.958825018124006 ], [ -115.788405092143321, 29.958977601517031 ], [ -115.788870495100085, 29.95885553289888 ], [ -115.789384777622573, 29.958562137217534 ], [ -115.789137324387823, 29.958960013327641 ], [ -115.788711353587033, 29.959554268889232 ], [ -115.788343230672766, 29.960049920098761 ], [ -115.787812081896476, 29.96073489166422 ], [ -115.787374057401777, 29.961316594394908 ], [ -115.78712316615696, 29.961832686783506 ], [ -115.787042967950654, 29.962131457970166 ], [ -115.787015614399579, 29.96243934629608 ], [ -115.787127110331056, 29.962792435809956 ], [ -115.78731804144887, 29.963136951059916 ], [ -115.788234871658503, 29.964444792369171 ], [ -115.788660676353189, 29.965224741794135 ], [ -115.789021249211544, 29.966256752113335 ], [ -115.789196396483163, 29.967196820694713 ], [ -115.789278829582472, 29.968090918612184 ], [ -115.789361263866795, 29.968985016400307 ], [ -115.789486244664047, 29.96978926872114 ], [ -115.789696318177079, 29.970413830109504 ], [ -115.789921459325853, 29.970650513272087 ], [ -115.790154133637898, 29.970693257090289 ], [ -115.790386808163575, 29.970736000502626 ], [ -115.790666935865502, 29.97071150194266 ], [ -115.791041968787312, 29.970552519377826 ], [ -115.79138689472785, 29.97031204670974 ], [ -115.791716766018297, 29.970030828617045 ], [ -115.79204663545147, 29.969749609634757 ], [ -115.792371921796359, 29.969418717733234 ], [ -115.792688043216941, 29.968988480901196 ], [ -115.79288962635772, 29.968602311820437 ], [ -115.79303394036728, 29.968238176730107 ], [ -115.793178253281411, 29.967874041432776 ], [ -115.79338943160775, 29.967551124876607 ], [ -115.793734341484509, 29.967310645509105 ], [ -115.794098013639839, 29.967232762616273 ], [ -115.794471067537799, 29.967236177400068 ], [ -115.794844121499807, 29.967239591127797 ], [ -115.795183366155669, 29.967468285773577 ], [ -115.795454994457842, 29.968147543664418 ], [ -115.795568463792719, 29.969050946044518 ], [ -115.795602852730767, 29.970066420725789 ], [ -115.795637241992353, 29.97108189526416 ], [ -115.795719081862615, 29.972030126209052 ], [ -115.795895824176625, 29.972843870034328 ], [ -115.796108555199638, 29.973251878655162 ], [ -115.796339280484062, 29.973457019438818 ], [ -115.796570006716209, 29.973662159838128 ], [ -115.796857786450346, 29.973863309234474 ], [ -115.797259672666556, 29.974056476472683 ], [ -115.797641703126075, 29.97417727208769 ], [ -115.798013805733817, 29.974261881424852 ], [ -115.798385909008047, 29.974346489726813 ], [ -115.798746998153632, 29.974485138399551 ], [ -115.799086059055028, 29.974731868981866 ], [ -115.799290071465023, 29.975004438481488 ], [ -115.799426559697594, 29.975289927608355 ], [ -115.79956304868648, 29.975575416603125 ], [ -115.799652522841299, 29.975892059712155 ], [ -115.799647966009616, 29.976271011254909 ], [ -115.799550896191633, 29.976585954015995 ], [ -115.799407569212676, 29.976868892235167 ], [ -115.799359793367216, 29.976963204932616 ], [ -115.79926424139758, 29.977151830264059 ], [ -115.799053711626229, 29.977420619833456 ], [ -115.798708778235522, 29.977661112162362 ], [ -115.798344419193839, 29.977793142614061 ], [ -115.797970347421213, 29.977870941546751 ], [ -115.797845656708816, 29.977896874284369 ], [ -115.797596275101782, 29.9779487393997 ], [ -115.797211403596137, 29.978062532097759 ], [ -115.796804933642491, 29.978248315417758 ], [ -115.796512354987613, 29.978444161957263 ], [ -115.796276721685572, 29.97864504016221 ], [ -115.796198177040893, 29.978711999462998 ], [ -115.796041087435526, 29.978845917913276 ], [ -115.795809600023361, 29.979132557664649 ], [ -115.795586406458753, 29.97959072186238 ], [ -115.795445904536038, 29.980067689295264 ], [ -115.795346748263171, 29.980554058387376 ], [ -115.795313695938816, 29.980716181387745 ], [ -115.79524759094005, 29.981040427342961 ], [ -115.7949923175008, 29.98157950944799 ], [ -115.794424808650589, 29.982224016272458 ], [ -115.793734230379712, 29.982759109604057 ], [ -115.792982113888272, 29.983239493316766 ], [ -115.792731406797785, 29.983399620214037 ], [ -115.792229990226829, 29.98371987249806 ], [ -115.791579536279514, 29.984363605470424 ], [ -115.791132427719035, 29.985334052311462 ], [ -115.79103770571956, 29.986307733338858 ], [ -115.791119181035128, 29.987283031969561 ], [ -115.791200657597145, 29.988258330452588 ], [ -115.791333085364386, 29.989306285429596 ], [ -115.791567416864652, 29.990499553324966 ], [ -115.791825543340735, 29.991440377946731 ], [ -115.79209556909457, 29.992254980647491 ], [ -115.792365599036515, 29.993069582817718 ], [ -115.792646872192293, 29.993812098652761 ], [ -115.792950627154681, 29.994410442266066 ], [ -115.79317560997444, 29.994665165950362 ], [ -115.793361205806164, 29.994748079676114 ], [ -115.793546801953511, 29.994830993147676 ], [ -115.793711121878687, 29.994958829459193 ], [ -115.793832889179086, 29.995176511804274 ], [ -115.793871514546126, 29.995411479546338 ], [ -115.793865622905059, 29.995898700472736 ], [ -115.79401816116011, 29.996143735393588 ], [ -115.794481669223501, 29.996391618202662 ], [ -115.795101645569133, 29.996559719135448 ], [ -115.796498070112904, 29.996816130425124 ], [ -115.796935166998523, 29.996867017669484 ], [ -115.797650166779675, 29.996846617428329 ], [ -115.798201048549117, 29.996729389593181 ], [ -115.798627819119119, 29.99643854471076 ], [ -115.798989890122499, 29.996082363666133 ], [ -115.799408024046542, 29.995705600002733 ], [ -115.799408025091523, 29.995705600208218 ], [ -115.799087794498647, 29.997129495865543 ], [ -115.798813153663758, 29.997901956688388 ], [ -115.798454609098371, 29.999404917431761 ], [ -115.798088430665572, 30.000747663329552 ], [ -115.79789769540622, 30.000934579276958 ], [ -115.79778329406723, 30.002286861523675 ], [ -115.797607859914635, 30.003801264830248 ], [ -115.797226414042626, 30.004899874765059 ], [ -115.797058594573443, 30.005926006835917 ], [ -115.797020477551101, 30.006927344021772 ], [ -115.796677160908828, 30.007440410453292 ], [ -115.796440682513037, 30.008725936712164 ], [ -115.79624233640989, 30.009465972632871 ], [ -115.796158435304164, 30.01026704318048 ], [ -115.795967703226879, 30.010526436656853 ], [ -115.795815125695199, 30.011003264476525 ], [ -115.795929581092466, 30.011365652873472 ], [ -115.796402623030303, 30.011523958277497 ], [ -115.796402633252143, 30.011848201109444 ], [ -115.796250047783616, 30.012073263631667 ], [ -115.796173759739304, 30.012334565254854 ], [ -115.796265343718133, 30.013236721700409 ], [ -115.796189063670752, 30.013751695143338 ], [ -115.795738919063041, 30.013847061521837 ], [ -115.795563441914823, 30.013997739121475 ], [ -115.795586361973889, 30.014972373204028 ], [ -115.795021800631744, 30.015960360125543 ], [ -115.795090475972572, 30.016221661528686 ], [ -115.795304121856972, 30.016738541954883 ], [ -115.795182065963516, 30.017314549367132 ], [ -115.794747182837739, 30.017509095360104 ], [ -115.794510681827717, 30.01804886372674 ], [ -115.79442677680926, 30.0186973486143 ], [ -115.794045317523128, 30.019399239061869 ], [ -115.793938521125639, 30.019982875236813 ], [ -115.793747790789567, 30.020297581243142 ], [ -115.793694413665179, 30.021272216335095 ], [ -115.79335111312929, 30.02229644123037 ], [ -115.792977263900866, 30.022391807485029 ], [ -115.792870459143046, 30.022681718678815 ], [ -115.792778921760586, 30.023257726040526 ], [ -115.792771310981706, 30.023869971594134 ], [ -115.792550053053162, 30.023896674930079 ], [ -115.792359318930721, 30.024119830080593 ], [ -115.792359334261548, 30.024606193874099 ], [ -115.792496673582676, 30.024796924163759 ], [ -115.792794235908289, 30.024999098746662 ], [ -115.792748468359193, 30.025323340744396 ], [ -115.792649291820183, 30.025611344504117 ], [ -115.792824782858943, 30.02590125527804 ], [ -115.79271034706332, 30.026189259060324 ], [ -115.792405172933769, 30.026538297027088 ], [ -115.792069484559406, 30.02702275389586 ], [ -115.791878755303571, 30.027371791692051 ], [ -115.791985576412415, 30.027572059136894 ], [ -115.792206837287679, 30.027638814077648 ], [ -115.792565465919495, 30.028769847255667 ], [ -115.792412894636115, 30.029445035245839 ], [ -115.792077205058362, 30.029891345473889 ], [ -115.791947535133147, 30.030947994416369 ], [ -115.791794968117529, 30.031758601261942 ], [ -115.7913753553036, 30.032304092150696 ], [ -115.791260925215639, 30.032744680684576 ], [ -115.79152034207813, 30.033046034969267 ], [ -115.791619543029171, 30.033561008145476 ], [ -115.791726368948133, 30.033913859447072 ], [ -115.79157380277357, 30.034751168398305 ], [ -115.791634860000585, 30.035392024278007 ], [ -115.791589094494782, 30.035781115019148 ], [ -115.791329691278662, 30.035912719411165 ], [ -115.791062663813491, 30.036200723412076 ], [ -115.790513338326235, 30.036446767241713 ], [ -115.790284456569012, 30.036671829862676 ], [ -115.790360759104871, 30.036870189931776 ], [ -115.79057439158494, 30.036961740473021 ], [ -115.79087957912455, 30.037038032405604 ], [ -115.791131373602624, 30.037554912781783 ], [ -115.791383170247713, 30.03816906537746 ], [ -115.791451855571381, 30.038775589451681 ], [ -115.791253500503558, 30.039260046110101 ], [ -115.790994106241683, 30.039647229738378 ], [ -115.791024629865319, 30.03980935155759 ], [ -115.791177227545688, 30.040000081829675 ], [ -115.791123843020841, 30.04071150798686 ], [ -115.790978887624846, 30.040936570484423 ], [ -115.791116228090203, 30.041163539995299 ], [ -115.791375636600634, 30.041228388365571 ], [ -115.791245972023859, 30.042454787954398 ], [ -115.790872145930862, 30.043255858003864 ], [ -115.79042201147189, 30.043702168383753 ], [ -115.79001003564143, 30.044438390639517 ], [ -115.789582803621798, 30.045300494663056 ], [ -115.789323404430618, 30.0455598882175 ], [ -115.788957186113009, 30.045681956546048 ], [ -115.788537582486882, 30.046490656341131 ], [ -115.78830871491374, 30.047165843527889 ], [ -115.788324018834857, 30.048582974289708 ], [ -115.788156217563838, 30.050187020960724 ], [ -115.783836334887852, 30.052167388003685 ], [ -115.783834449383747, 30.052167540216818 ], [ -115.783184912819465, 30.052466000438631 ], [ -115.782625656422866, 30.052170530673759 ], [ -115.782343774439667, 30.052021603306674 ], [ -115.781909566281598, 30.05171659375484 ], [ -115.781585851458971, 30.051469959792247 ], [ -115.781090901442695, 30.051230761436805 ], [ -115.78025348098862, 30.05100643207388 ], [ -115.779352730433573, 30.050871744717448 ], [ -115.778420315114133, 30.050781874637231 ], [ -115.777487901719681, 30.050691997990082 ], [ -115.776473740733877, 30.050502095582857 ], [ -115.775296087732059, 30.050112145724597 ], [ -115.774347497553748, 30.049652132573303 ], [ -115.773513442602166, 30.049157086967096 ], [ -115.772679396053917, 30.048662036265871 ], [ -115.771916841213709, 30.048257883078129 ], [ -115.771297257689881, 30.048035531508916 ], [ -115.771027168156394, 30.0480691017185 ], [ -115.770931824401316, 30.04823063369923 ], [ -115.77083648032955, 30.048392165598223 ], [ -115.770648020076194, 30.048534779970215 ], [ -115.770273327485086, 30.0486395586966 ], [ -115.769837300334984, 30.048671574602679 ], [ -115.769370606241864, 30.048667208082946 ], [ -115.768903912251204, 30.048662839907823 ], [ -115.768263144967932, 30.048476369801012 ], [ -115.767274238333911, 30.047925693806377 ], [ -115.766266837805475, 30.047194367131954 ], [ -115.765250200650428, 30.046372711269058 ], [ -115.764233580322681, 30.045551047918565 ], [ -115.763133564045944, 30.044764686603493 ], [ -115.761866740149628, 30.044048933992919 ], [ -115.760855376063262, 30.043642375277255 ], [ -115.759088107836533, 30.043138444062485 ], [ -115.758387311887105, 30.04277991402018 ], [ -115.7580521823118, 30.042208270100922 ], [ -115.758159556669938, 30.041759718218028 ], [ -115.758277610062407, 30.041596801385218 ], [ -115.758552748023149, 30.041157247706984 ], [ -115.759124881115142, 30.040188109690359 ], [ -115.759360892146091, 30.039558691584915 ], [ -115.759496797865893, 30.038639577023432 ], [ -115.759487298754934, 30.037737137886605 ], [ -115.759405099150726, 30.03684303646752 ], [ -115.7593229007243, 30.035948934920135 ], [ -115.759292888311748, 30.035028254971962 ], [ -115.759367244757826, 30.034054418286523 ], [ -115.759521182510724, 30.033352036933962 ], [ -115.759650334154841, 30.032974267683873 ], [ -115.759714909591054, 30.032785382992902 ], [ -115.759908634356435, 30.032218728656286 ], [ -115.760019066459108, 30.031678359372115 ], [ -115.759962917402177, 30.03119056082285 ], [ -115.759758905462576, 30.030917932424281 ], [ -115.759480962705354, 30.030752888644567 ], [ -115.759203020881188, 30.030587844299564 ], [ -115.758936798078281, 30.030314627880827 ], [ -115.758694013305259, 30.029825067979335 ], [ -115.75855559478012, 30.029282351518439 ], [ -115.758469359329453, 30.028713056852609 ], [ -115.758383124744853, 30.028143762110073 ], [ -115.758265447402678, 30.027601241034287 ], [ -115.758084884230243, 30.027112267264442 ], [ -115.757901622798812, 30.026839831956941 ], [ -115.75771701218062, 30.026675665753437 ], [ -115.757532402170568, 30.026511499304114 ], [ -115.757369205250612, 30.026293393810143 ], [ -115.757357741289439, 30.026262347791484 ], [ -115.757248833998574, 30.025967410567475 ], [ -115.757211411765539, 30.025642210792899 ], [ -115.757219515640685, 30.02499259473673 ], [ -115.757172288092093, 30.024622184746828 ], [ -115.757022502623855, 30.024160570768885 ], [ -115.756820088743751, 30.023761623919548 ], [ -115.756362636101358, 30.023026396471856 ], [ -115.75606601193013, 30.022698746052708 ], [ -115.755633589106921, 30.022451022316044 ], [ -115.755209507643428, 30.022365799266137 ], [ -115.754369684845884, 30.02235785119413 ], [ -115.753852376422969, 30.022311772375708 ], [ -115.753198317270048, 30.022253509635874 ], [ -115.752299819736891, 30.022021729356638 ], [ -115.751122560465987, 30.021650307345109 ], [ -115.750555822694565, 30.021365198241931 ], [ -115.750139481261471, 30.021077003710868 ], [ -115.749723142255519, 30.020788807918656 ], [ -115.749272386430718, 30.020351395926451 ], [ -115.748752797954836, 30.019615552360744 ], [ -115.748337574943463, 30.018826558606008 ], [ -115.747974536922797, 30.018010989619039 ], [ -115.747611504631081, 30.017195419701725 ], [ -115.747311363710608, 30.016326306503469 ], [ -115.747136998027273, 30.015350108110653 ], [ -115.747146525205011, 30.014592224432938 ], [ -115.747349466437754, 30.013294771499453 ], [ -115.74749183652672, 30.01269155159876 ], [ -115.747526233349063, 30.012612959080688 ], [ -115.747587068112651, 30.012539058299978 ], [ -115.74824733587694, 30.011976859197318 ], [ -115.748665190451732, 30.011728174745599 ], [ -115.74925848997411, 30.011544321046845 ], [ -115.749829469128187, 30.011486581786251 ], [ -115.750202682308199, 30.011490126643597 ], [ -115.750389288923145, 30.011491898675576 ], [ -115.750949108867729, 30.011497213184718 ], [ -115.751818132509939, 30.011649834596412 ], [ -115.75330557257054, 30.012097062804294 ], [ -115.754915629210331, 30.012689810906487 ], [ -115.756029879608022, 30.013133477415348 ], [ -115.756587008632579, 30.013355307226067 ], [ -115.75825841100891, 30.014020782882639 ], [ -115.75987889743277, 30.014613569628381 ], [ -115.761397523175248, 30.015061001545579 ], [ -115.762308066156749, 30.015213945252587 ], [ -115.763521060343365, 30.015225348454234 ], [ -115.764102198427054, 30.015185690029128 ], [ -115.76463261715169, 30.015055317549002 ], [ -115.764860348595136, 30.014962939386276 ], [ -115.765091727274054, 30.014747900887013 ], [ -115.765264551892287, 30.014536621253146 ], [ -115.76537503586809, 30.014267418362191 ], [ -115.76533335960562, 30.013992856760275 ], [ -115.765240552888088, 30.013689445766225 ], [ -115.764915171414515, 30.013172050723067 ], [ -115.764403638652183, 30.012513955933397 ], [ -115.763922522139637, 30.012048312146185 ], [ -115.763369751826019, 30.011542324523152 ], [ -115.762040129211059, 30.010907199791816 ], [ -115.760542857767561, 30.010414859617107 ], [ -115.759693752161624, 30.010188791309215 ], [ -115.757380691857279, 30.00957292277878 ], [ -115.75585202699007, 30.009107304097562 ], [ -115.754428171836295, 30.008552424610915 ], [ -115.753583739209347, 30.008093253872691 ], [ -115.753029016242166, 30.007681940648226 ], [ -115.752474297877384, 30.00727062519076 ], [ -115.751897382625529, 30.006976402768029 ], [ -115.751276066500822, 30.006916368194275 ], [ -115.750817450710855, 30.007110533625998 ], [ -115.750440182777197, 30.007431799059336 ], [ -115.750062912413298, 30.007753063326128 ], [ -115.749666037853572, 30.007983905026649 ], [ -115.749229958696745, 30.008033902566833 ], [ -115.748900036912076, 30.00788639046398 ], [ -115.748623195080597, 30.007640123565388 ], [ -115.748346354616146, 30.007393856114522 ], [ -115.748038075891728, 30.007174359597258 ], [ -115.747666919212378, 30.007008405190561 ], [ -115.747356602683368, 30.006951311004695 ], [ -115.747076705839092, 30.006948646771988 ], [ -115.746796809032332, 30.006945981944323 ], [ -115.746526825058027, 30.006979504986106 ], [ -115.74627666634089, 30.007085404429922 ], [ -115.746129718910382, 30.007228380765266 ], [ -115.74603437703216, 30.007389895642362 ], [ -115.74593903483769, 30.007551410437621 ], [ -115.745750619739113, 30.007693991187143 ], [ -115.745376058859023, 30.007798703254618 ], [ -115.744940206073395, 30.007830641686663 ], [ -115.744473707672171, 30.007826192287286 ], [ -115.744007209375326, 30.00782174123524 ], [ -115.743572265895423, 30.007781495740101 ], [ -115.743200432454984, 30.007669663427407 ], [ -115.743015653644946, 30.007523522679342 ], [ -115.742924402102886, 30.007360228007602 ], [ -115.742833150852064, 30.007196933277211 ], [ -115.742607590039029, 30.006996261376344 ], [ -115.742113411464601, 30.006720834039818 ], [ -115.741515343136896, 30.006462458561899 ], [ -115.74086533180575, 30.006212607004212 ], [ -115.740215323831549, 30.005962752320304 ], [ -115.739483756921146, 30.005603831359505 ], [ -115.738589073518796, 30.005026779166148 ], [ -115.737829504498208, 30.004423946280276 ], [ -115.737137496299411, 30.003808222118959 ], [ -115.736445496642688, 30.003192494509523 ], [ -115.735688242572408, 30.002409201824591 ], [ -115.734800478550781, 30.001290781003174 ], [ -115.73407812874521, 30.000210039321352 ], [ -115.733438490584717, 29.999148136674123 ], [ -115.732798865734793, 29.998086231146015 ], [ -115.732231927086929, 29.997015999138977 ], [ -115.731810344519189, 29.995929118135649 ], [ -115.731674637544884, 29.995187883480547 ], [ -115.731689092780428, 29.994051061222521 ], [ -115.731542450009442, 29.993354838468928 ], [ -115.731088072601921, 29.992402991634133 ], [ -115.730477426763528, 29.99151280103009 ], [ -115.729409152083619, 29.990179933946116 ], [ -115.728692626801902, 29.989471096913217 ], [ -115.72830977559974, 29.989043964938219 ], [ -115.727911208929854, 29.988516215302599 ], [ -115.727647560951112, 29.988194412646894 ], [ -115.727647560911393, 29.988194412598403 ], [ -115.727647560887235, 29.988194412568916 ], [ -115.727647560812457, 29.98819441247764 ], [ -115.727647559968602, 29.988194411447623 ], [ -115.727472590850738, 29.987980846763229 ], [ -115.72700569689016, 29.987472926300562 ], [ -115.726702292966635, 29.987165221664021 ], [ -115.726466654463479, 29.986915713814838 ], [ -115.759174514285093, 29.968267311665457 ] ], [ [ -115.787222916040719, 30.041154423073525 ], [ -115.785124511466122, 30.040584600687808 ], [ -115.782601516728391, 30.039117453890295 ], [ -115.779741239768654, 30.038098323704663 ], [ -115.779421327190278, 30.037969021300917 ], [ -115.777280341139431, 30.037497942701098 ], [ -115.775539907102967, 30.037346393809699 ], [ -115.774487425640132, 30.036912470687398 ], [ -115.774171118491012, 30.037333643891891 ], [ -115.774282851913256, 30.037524185957441 ], [ -115.774890330790257, 30.037881775746634 ], [ -115.777797232342024, 30.038477322792922 ], [ -115.779316496700986, 30.038906529133115 ], [ -115.785013895192179, 30.042000324687951 ], [ -115.786314263127139, 30.042526691514816 ], [ -115.787486864697414, 30.042474340675465 ], [ -115.787834134422113, 30.042062444250202 ], [ -115.788094596374279, 30.041965582153122 ], [ -115.787864541432185, 30.041268624551435 ], [ -115.787222916040719, 30.041154423073525 ] ], [ [ -115.780702875310197, 29.971900991850184 ], [ -115.780869578106632, 29.973526786175412 ], [ -115.780852719685953, 29.974907243304795 ], [ -115.780657913718329, 29.975582210879654 ], [ -115.780374132827248, 29.975904433211436 ], [ -115.780090350087903, 29.976226654864924 ], [ -115.779909428720146, 29.976612994132235 ], [ -115.779934233281338, 29.977127569733092 ], [ -115.780156498366537, 29.977598856435584 ], [ -115.780798496546879, 29.978498139015546 ], [ -115.78118857217784, 29.978808552549769 ], [ -115.781716793576251, 29.978840511117294 ], [ -115.782207083008487, 29.978583361219094 ], [ -115.783149719517738, 29.977779949518052 ], [ -115.783671200995158, 29.977514058557063 ], [ -115.784293019149459, 29.977519800263959 ], [ -115.784807905756324, 29.977795260902713 ], [ -115.785730757414527, 29.978615898971537 ], [ -115.786203101353593, 29.978981198191473 ], [ -115.78669727324521, 29.97925646068623 ], [ -115.78704854689984, 29.979349932849253 ], [ -115.787608194224603, 29.979355086452209 ], [ -115.787888346661475, 29.979330594525752 ], [ -115.788169156268751, 29.979251966320145 ], [ -115.788357019620321, 29.979145411492585 ], [ -115.78863979943948, 29.978904375187611 ], [ -115.788768106706556, 29.978580704947191 ], [ -115.788870248474026, 29.977850730833563 ], [ -115.788912177344955, 29.976957777560123 ], [ -115.788935821769954, 29.975008891590619 ], [ -115.788894403676792, 29.974151265996237 ], [ -115.788746507658914, 29.973527275463589 ], [ -115.788541432634162, 29.973344916676091 ], [ -115.788307767397413, 29.97338337346882 ], [ -115.788074101995235, 29.973421829841687 ], [ -115.787754704498894, 29.973265488708261 ], [ -115.787263846641281, 29.972719552112196 ], [ -115.786765152804435, 29.971965998108427 ], [ -115.786262546230645, 29.971108634486288 ], [ -115.78575994809043, 29.970251269077018 ], [ -115.785159405798822, 29.969352392140713 ], [ -115.784362971475261, 29.968370492113028 ], [ -115.783636123283543, 29.967632868014629 ], [ -115.782944070100868, 29.967017380509425 ], [ -115.782252025445018, 29.966401889549541 ], [ -115.781585069715831, 29.965854304333995 ], [ -115.780968281049851, 29.965442534516793 ], [ -115.780607250631334, 29.965303838506184 ], [ -115.780374097647254, 29.965301679978971 ], [ -115.780140944688469, 29.965299521039288 ], [ -115.779992234318613, 29.965595923446589 ], [ -115.779994098654697, 29.965678493484287 ], [ -115.779991132056182, 29.965686149491052 ], [ -115.780007999962777, 29.966850353284887 ], [ -115.780185930463446, 29.968404064314548 ], [ -115.780702875310197, 29.971900991850184 ] ], [ [ -115.752425689055343, 29.98131846130704 ], [ -115.752185901756988, 29.981844067385484 ], [ -115.751946111844319, 29.982369672913944 ], [ -115.751660076034341, 29.982863257061343 ], [ -115.75128155059501, 29.983292798557283 ], [ -115.750936711774685, 29.983515116730317 ], [ -115.750608716730781, 29.98363382294357 ], [ -115.750280720931897, 29.9837525283152 ], [ -115.749852738902973, 29.983992101524368 ], [ -115.749224781650028, 29.984473409675786 ], [ -115.748606164287338, 29.985036015362887 ], [ -115.747992212668834, 29.985639268277179 ], [ -115.747378253595613, 29.986242518061111 ], [ -115.746704505950447, 29.987066272430756 ], [ -115.745911179890996, 29.988331037458735 ], [ -115.74526271267861, 29.989615224762161 ], [ -115.74468666883287, 29.990909122403131 ], [ -115.744110609500126, 29.992203016844993 ], [ -115.743618819446823, 29.993389430158317 ], [ -115.743295589348719, 29.994360885803662 ], [ -115.743248671923268, 29.994793567094032 ], [ -115.743431154938818, 29.995120155906854 ], [ -115.743470570271072, 29.995282955557666 ], [ -115.743406332331332, 29.99544476582609 ], [ -115.743259853421222, 29.99555164982662 ], [ -115.743072253855786, 29.995631070476161 ], [ -115.742884653999269, 29.995710490848765 ], [ -115.742738401610126, 29.99579932936561 ], [ -115.742674844547125, 29.995907004608277 ], [ -115.742715168760412, 29.995997624956974 ], [ -115.742899698961637, 29.996161810621174 ], [ -115.742854598238566, 29.996450132617973 ], [ -115.742534762361217, 29.997150912454615 ], [ -115.742046796454019, 29.998030555142996 ], [ -115.741474757597516, 29.998999627128828 ], [ -115.74090270735789, 29.999968696168491 ], [ -115.740403548910223, 30.000911389377261 ], [ -115.740050188636403, 30.001801335002757 ], [ -115.739960420193427, 30.002341886234881 ], [ -115.740044480209221, 30.00307359507293 ], [ -115.740123305156615, 30.003399195869406 ], [ -115.74027571978408, 30.003644289376584 ], [ -115.74045091907287, 30.003727177616526 ], [ -115.74082410186773, 30.003730748233373 ], [ -115.741084281864275, 30.003652025433304 ], [ -115.741491637725687, 30.003412286237285 ], [ -115.741910382332534, 30.003091442992101 ], [ -115.742759253380541, 30.002368649398097 ], [ -115.743160669086492, 30.001776931001277 ], [ -115.743516048097732, 30.000724572449844 ], [ -115.743706930662029, 29.999562360574156 ], [ -115.743924196034342, 29.997128083363055 ], [ -115.744104813598611, 29.99595674861288 ], [ -115.744429404524396, 29.99487702181829 ], [ -115.744789771918903, 29.994248811428971 ], [ -115.745546279942545, 29.993443904642394 ], [ -115.745883182380851, 29.993032032051069 ], [ -115.746137388368894, 29.992601323872655 ], [ -115.746224164376258, 29.992295350204795 ], [ -115.746230287808572, 29.991808137742499 ], [ -115.746484035520709, 29.991413518502085 ], [ -115.747239148279036, 29.990716870130104 ], [ -115.748243911169752, 29.989950402646574 ], [ -115.750503046056295, 29.988347624215582 ], [ -115.7515713022987, 29.987473450081662 ], [ -115.752516971230364, 29.98645372859767 ], [ -115.753024837951983, 29.985628372538713 ], [ -115.75331380639615, 29.984900200997778 ], [ -115.753602770445681, 29.984172028623377 ], [ -115.754026351192763, 29.983454152881265 ], [ -115.754719166172436, 29.982756869129712 ], [ -115.75545027690319, 29.982312603156402 ], [ -115.756950788186671, 29.981677079846243 ], [ -115.757482832620781, 29.981402370643046 ], [ -115.75751926473572, 29.981330525871414 ], [ -115.757330069848933, 29.98118436353343 ], [ -115.757329606999775, 29.981187325817519 ], [ -115.757205815253712, 29.981174167333172 ], [ -115.755992225802643, 29.981243920177093 ], [ -115.755370391070912, 29.981238044203327 ], [ -115.754718478018901, 29.981150668797603 ], [ -115.754253791935042, 29.981010920158422 ], [ -115.753882719967763, 29.980844985122442 ], [ -115.753511649263686, 29.980679049071778 ], [ -115.753128525186455, 29.980648351263529 ], [ -115.752721290969944, 29.980888130748479 ], [ -115.752425689055343, 29.98131846130704 ] ] ] ] } },
{ "type": "Feature", "properties": { "fid": 48.0, "cat": 48, "CLAVE_ACUI": "0224", "NOM_ACUIF": "EL ROSARIO", "VULNERABIL": 4 }, "geometry": { "type": "MultiPolygon", "coordinates": [ [ [ [ -115.773999371099194, 29.959809841423947 ], [ -115.774565936900458, 29.959841115749139 ], [ -115.775253246620522, 29.959912183317346 ], [ -115.775905541004477, 29.959958852237317 ], [ -115.776557836116964, 29.960005517943681 ], [ -115.777136991850327, 29.96010113148845 ], [ -115.777569868755663, 29.960294645145236 ], [ -115.777712174077948, 29.96052155626068 ], [ -115.777783361932478, 29.960743108693553 ], [ -115.777783361932478, 29.960998165284149 ], [ -115.777712366799037, 29.961253221874731 ], [ -115.777534900110396, 29.961458368594929 ], [ -115.777367562774742, 29.961583146413897 ], [ -115.776992543730287, 29.961742090583392 ], [ -115.776824763271534, 29.96190295807137 ], [ -115.776696441138185, 29.962226616993185 ], [ -115.77665035148685, 29.962605181190025 ], [ -115.776640404972767, 29.963417214899284 ], [ -115.776552644602333, 29.963813439225806 ], [ -115.77629930897875, 29.964190078190498 ], [ -115.775964842680395, 29.964421584832067 ], [ -115.775214777602827, 29.96473946321953 ], [ -115.77487049813486, 29.964925757649748 ], [ -115.774797187231499, 29.964988241116288 ], [ -115.774587727002427, 29.965166765064179 ], [ -115.774460721812559, 29.965382150295198 ], [ -115.774362477714504, 29.965787298929886 ], [ -115.774194021595292, 29.966002298167158 ], [ -115.773786896618986, 29.966242146442955 ], [ -115.773276810237064, 29.966426892899115 ], [ -115.772153672851928, 29.966741278345157 ], [ -115.771664528044894, 29.966908166424361 ], [ -115.771320234668877, 29.967094451116559 ], [ -115.771235558245692, 29.967238038966464 ], [ -115.771282862960845, 29.967366161877266 ], [ -115.771325823476346, 29.967482518412741 ], [ -115.771250954147249, 29.967671315778162 ], [ -115.770936079287111, 29.967993227916637 ], [ -115.770486154920917, 29.968340949511923 ], [ -115.769451248146737, 29.969062196955026 ], [ -115.768928885930364, 29.969400212606892 ], [ -115.768396713902845, 29.969693016373306 ], [ -115.768032124689228, 29.969843007914907 ], [ -115.767470529999429, 29.970000178641961 ], [ -115.767200874630731, 29.970015702195656 ], [ -115.766953504713868, 29.969905103461478 ], [ -115.766810877387996, 29.969705249012403 ], [ -115.766630366078843, 29.969216284544771 ], [ -115.766467460826448, 29.968980145459966 ], [ -115.766159256162254, 29.968760692368345 ], [ -115.765808487119997, 29.968631075722033 ], [ -115.765064385529229, 29.968461676576645 ], [ -115.765064385527651, 29.968461676576418 ], [ -115.764536784921276, 29.968384540116894 ], [ -115.7636980837339, 29.968322529099488 ], [ -115.762827848853419, 29.968296310946538 ], [ -115.761055845561685, 29.968279655162085 ], [ -115.760278875641689, 29.968254297408578 ], [ -115.759664398673749, 29.968232092625225 ], [ -115.759174514285093, 29.968267311665457 ], [ -115.773999371099194, 29.959809841423947 ] ] ] ] } },
{ "type": "Feature", "properties": { "fid": 47.0, "cat": 47, "CLAVE_ACUI": "0224", "NOM_ACUIF": "EL ROSARIO", "VULNERABIL": 4 }, "geometry": { "type": "MultiPolygon", "coordinates": [ [ [ [ -115.780968281049851, 29.965442534516793 ], [ -115.781585069715831, 29.965854304333995 ], [ -115.782252025445018, 29.966401889549541 ], [ -115.782944070100868, 29.967017380509425 ], [ -115.783636123283543, 29.967632868014629 ], [ -115.784362971475261, 29.968370492113028 ], [ -115.785159405798822, 29.969352392140713 ], [ -115.78575994809043, 29.970251269077018 ], [ -115.786262546230645, 29.971108634486288 ], [ -115.786765152804435, 29.971965998108427 ], [ -115.787263846641281, 29.972719552112196 ], [ -115.787754704498894, 29.973265488708261 ], [ -115.788074101995235, 29.973421829841687 ], [ -115.788307767397413, 29.97338337346882 ], [ -115.788541432634162, 29.973344916676091 ], [ -115.788746507658914, 29.973527275463589 ], [ -115.788894403676792, 29.974151265996237 ], [ -115.788935821769954, 29.975008891590619 ], [ -115.788912177344955, 29.976957777560123 ], [ -115.788870248474026, 29.977850730833563 ], [ -115.788768106706556, 29.978580704947191 ], [ -115.78863979943948, 29.978904375187611 ], [ -115.788357019620321, 29.979145411492585 ], [ -115.788169156268751, 29.979251966320145 ], [ -115.787888346661475, 29.979330594525752 ], [ -115.787608194224603, 29.979355086452209 ], [ -115.78704854689984, 29.979349932849253 ], [ -115.78669727324521, 29.97925646068623 ], [ -115.786203101353593, 29.978981198191473 ], [ -115.785730757414527, 29.978615898971537 ], [ -115.784807905756324, 29.977795260902713 ], [ -115.784293019149459, 29.977519800263959 ], [ -115.783671200995158, 29.977514058557063 ], [ -115.783149719517738, 29.977779949518052 ], [ -115.782207083008487, 29.978583361219094 ], [ -115.781716793576251, 29.978840511117294 ], [ -115.78118857217784, 29.978808552549769 ], [ -115.780798496546879, 29.978498139015546 ], [ -115.780156498366537, 29.977598856435584 ], [ -115.779934233281338, 29.977127569733092 ], [ -115.779909428720146, 29.976612994132235 ], [ -115.780090350087903, 29.976226654864924 ], [ -115.780374132827248, 29.975904433211436 ], [ -115.780657913718329, 29.975582210879654 ], [ -115.780852719685953, 29.974907243304795 ], [ -115.780869578106632, 29.973526786175412 ], [ -115.780702875310197, 29.971900991850184 ], [ -115.780185930463446, 29.968404064314548 ], [ -115.780007999962777, 29.966850353284887 ], [ -115.779991132056182, 29.965686149491052 ], [ -115.779994098654697, 29.965678493484287 ], [ -115.779992234318613, 29.965595923446589 ], [ -115.780140944688469, 29.965299521039288 ], [ -115.780374097647254, 29.965301679978971 ], [ -115.780607250631334, 29.965303838506184 ], [ -115.780968281049851, 29.965442534516793 ] ] ] ] } },
{ "type": "Feature", "properties": { "fid": 46.0, "cat": 39, "CLAVE_ACUI": "0224", "NOM_ACUIF": "EL ROSARIO", "VULNERABIL": 4 }, "geometry": { "type": "MultiPolygon", "coordinates": [ [ [ [ -115.746230287808572, 29.991808137742499 ], [ -115.746224164376258, 29.992295350204795 ], [ -115.746137388368894, 29.992601323872655 ], [ -115.745883182380851, 29.993032032051069 ], [ -115.745546279942545, 29.993443904642394 ], [ -115.744789771918903, 29.994248811428971 ], [ -115.744429404524396, 29.99487702181829 ], [ -115.744104813598611, 29.99595674861288 ], [ -115.743924196034342, 29.997128083363055 ], [ -115.743706930662029, 29.999562360574156 ], [ -115.743516048097732, 30.000724572449844 ], [ -115.743160669086492, 30.001776931001277 ], [ -115.742759253380541, 30.002368649398097 ], [ -115.741910382332534, 30.003091442992101 ], [ -115.741491637725687, 30.003412286237285 ], [ -115.741084281864275, 30.003652025433304 ], [ -115.74082410186773, 30.003730748233373 ], [ -115.74045091907287, 30.003727177616526 ], [ -115.74027571978408, 30.003644289376584 ], [ -115.740123305156615, 30.003399195869406 ], [ -115.740044480209221, 30.00307359507293 ], [ -115.739960420193427, 30.002341886234881 ], [ -115.740050188636403, 30.001801335002757 ], [ -115.740403548910223, 30.000911389377261 ], [ -115.74090270735789, 29.999968696168491 ], [ -115.741474757597516, 29.998999627128828 ], [ -115.742046796454019, 29.998030555142996 ], [ -115.742534762361217, 29.997150912454615 ], [ -115.742854598238566, 29.996450132617973 ], [ -115.742899698961637, 29.996161810621174 ], [ -115.742715168760412, 29.995997624956974 ], [ -115.742674844547125, 29.995907004608277 ], [ -115.742738401610126, 29.99579932936561 ], [ -115.742884653999269, 29.995710490848765 ], [ -115.743072253855786, 29.995631070476161 ], [ -115.743259853421222, 29.99555164982662 ], [ -115.743406332331332, 29.99544476582609 ], [ -115.743470570271072, 29.995282955557666 ], [ -115.743431154938818, 29.995120155906854 ], [ -115.743248671923268, 29.994793567094032 ], [ -115.743295589348719, 29.994360885803662 ], [ -115.743618819446823, 29.993389430158317 ], [ -115.744110609500126, 29.992203016844993 ], [ -115.74468666883287, 29.990909122403131 ], [ -115.74526271267861, 29.989615224762161 ], [ -115.745911179890996, 29.988331037458735 ], [ -115.746704505950447, 29.987066272430756 ], [ -115.747378253595613, 29.986242518061111 ], [ -115.747992212668834, 29.985639268277179 ], [ -115.748606164287338, 29.985036015362887 ], [ -115.749224781650028, 29.984473409675786 ], [ -115.749852738902973, 29.983992101524368 ], [ -115.750280720931897, 29.9837525283152 ], [ -115.750608716730781, 29.98363382294357 ], [ -115.750936711774685, 29.983515116730317 ], [ -115.75128155059501, 29.983292798557283 ], [ -115.751660076034341, 29.982863257061343 ], [ -115.751946111844319, 29.982369672913944 ], [ -115.752185901756988, 29.981844067385484 ], [ -115.752425689055343, 29.98131846130704 ], [ -115.752721290969944, 29.980888130748479 ], [ -115.753128525186455, 29.980648351263529 ], [ -115.753511649263686, 29.980679049071778 ], [ -115.753882719967763, 29.980844985122442 ], [ -115.754253791935042, 29.981010920158422 ], [ -115.754718478018901, 29.981150668797603 ], [ -115.755370391070912, 29.981238044203327 ], [ -115.755992225802643, 29.981243920177093 ], [ -115.757205815253712, 29.981174167333172 ], [ -115.757329606999775, 29.981187325817519 ], [ -115.75751926473572, 29.981330525871414 ], [ -115.757482832620781, 29.981402370643046 ], [ -115.756950788186671, 29.981677079846243 ], [ -115.75545027690319, 29.982312603156402 ], [ -115.754719166172436, 29.982756869129712 ], [ -115.754026351192763, 29.983454152881265 ], [ -115.753602770445681, 29.984172028623377 ], [ -115.75331380639615, 29.984900200997778 ], [ -115.753024837951983, 29.985628372538713 ], [ -115.752516971230364, 29.98645372859767 ], [ -115.7515713022987, 29.987473450081662 ], [ -115.750503046056295, 29.988347624215582 ], [ -115.748243911169752, 29.989950402646574 ], [ -115.747239148279036, 29.990716870130104 ], [ -115.746484035520709, 29.991413518502085 ], [ -115.746230287808572, 29.991808137742499 ] ] ] ] } },
{ "type": "Feature", "properties": { "fid": 36.0, "cat": 34, "CLAVE_ACUI": "0224", "NOM_ACUIF": "EL ROSARIO", "VULNERABIL": 2 }, "geometry": { "type": "MultiPolygon", "coordinates": [ [ [ [ -115.668410737513923, 30.002782086880782 ], [ -115.670283484885417, 30.002489432655484 ], [ -115.670323263399268, 30.002446677788015 ], [ -115.701586203651132, 29.99695964985456 ], [ -115.701996016896715, 29.997050528198702 ], [ -115.702256332613572, 29.997163825537474 ], [ -115.702434893656005, 29.99725804681367 ], [ -115.702804878288575, 29.997505326389952 ], [ -115.702946942975174, 29.997741335942369 ], [ -115.703003151459185, 29.998202085659763 ], [ -115.702907161173329, 29.999106775257506 ], [ -115.702753399671508, 29.999868962331778 ], [ -115.702694881335304, 30.000382722003895 ], [ -115.702720696690861, 30.000789031452658 ], [ -115.702822241444679, 30.00095245420361 ], [ -115.703101060580153, 30.001036412638026 ], [ -115.703340294222684, 30.000975605413437 ], [ -115.703779174144259, 30.000709224661332 ], [ -115.704271404243457, 30.000326062740907 ], [ -115.705309203916286, 29.999442952864335 ], [ -115.705771379024029, 29.998978278336995 ], [ -115.706120114494354, 29.998467369815337 ], [ -115.706239167851137, 29.998080531440326 ], [ -115.706247594694517, 29.997430925505135 ], [ -115.706230960252924, 29.997114941074184 ], [ -115.706172630478434, 29.996816593741606 ], [ -115.706092048801736, 29.996635332592842 ], [ -115.705855391677218, 29.996209727480462 ], [ -115.71207326968667, 29.995117229855342 ], [ -115.714094677946861, 29.993965588209115 ], [ -115.71395610749974, 29.994697188634621 ], [ -115.713889157717233, 29.995706579858687 ], [ -115.713946410862661, 29.996910816378268 ], [ -115.714020027171088, 29.997633413111558 ], [ -115.714167482587868, 29.998257472887911 ], [ -115.714339625467971, 29.998574975685365 ], [ -115.714524112018992, 29.998739199845623 ], [ -115.714708599177257, 29.998903423761146 ], [ -115.714871658150201, 29.999121579037748 ], [ -115.714991860239707, 29.999447597376118 ], [ -115.715029137682265, 29.999772806132004 ], [ -115.715020767238769, 30.000422414085389 ], [ -115.715108362621876, 30.000865419050378 ], [ -115.715206608276048, 30.001111580936406 ], [ -115.715341312864581, 30.001291795723944 ], [ -115.71571029968969, 30.001620241251864 ], [ -115.715893864528681, 30.0018566423159 ], [ -115.716075571495068, 30.002237400478418 ], [ -115.71619485162941, 30.002635596460021 ], [ -115.71637098592322, 30.003449426230457 ], [ -115.716511000717958, 30.003847824119667 ], [ -115.716754910274915, 30.004229187903892 ], [ -115.717021411571821, 30.004466396024775 ], [ -115.717577007174071, 30.004796655379888 ], [ -115.717804831683523, 30.004816921918941 ], [ -115.717932706646451, 30.004547463580074 ], [ -115.717918007031329, 30.004078100098809 ], [ -115.717746035988512, 30.002939467896351 ], [ -115.717711997553579, 30.002361634277818 ], [ -115.717720096478942, 30.002292664019556 ], [ -115.717713853925517, 30.002217276850622 ], [ -115.717782314414151, 30.001730676389009 ], [ -115.717932308870346, 30.001353151671694 ], [ -115.718123069508493, 30.001030164582986 ], [ -115.718313828880824, 30.000707177166074 ], [ -115.718475460798416, 30.000230506809384 ], [ -115.718578838675143, 29.999446470973478 ], [ -115.71858950416356, 29.99861641507249 ], [ -115.71851812486878, 29.996910283086454 ], [ -115.718578645722403, 29.996234111344137 ], [ -115.718831585597655, 29.995911728002504 ], [ -115.719192632829788, 29.996050593500144 ], [ -115.719607736854186, 29.996420082567894 ], [ -115.720022843952535, 29.996789570396356 ], [ -115.720391136078888, 29.99717213711558 ], [ -115.720665794610554, 29.99758086332719 ], [ -115.720755264859434, 29.997879507689554 ], [ -115.72074901549955, 29.998366714894896 ], [ -115.720828699653254, 29.998620146689884 ], [ -115.721074002464675, 29.998893234608403 ], [ -115.721403157102657, 29.999094948748791 ], [ -115.721774238264373, 29.999260975297911 ], [ -115.722145320691652, 29.999427000832792 ], [ -115.722410898152049, 29.999736377080733 ], [ -115.722465463913267, 30.000332456407758 ], [ -115.722290826027816, 30.001016545809417 ], [ -115.721712334518429, 30.002472732490478 ], [ -115.721485509867691, 30.003183384028169 ], [ -115.72138353813591, 30.003859154069946 ], [ -115.721440412958515, 30.004274786354546 ], [ -115.721576712206087, 30.004560349714289 ], [ -115.721713012208397, 30.004845912943619 ], [ -115.721950047658737, 30.004956496514559 ], [ -115.722388551365881, 30.004717119965182 ], [ -115.722882350935578, 30.004207574178047 ], [ -115.723403793439587, 30.003562942344988 ], [ -115.723925229118791, 30.00291830818707 ], [ -115.724347373276217, 30.00233587388955 ], [ -115.72457094435056, 30.00187784287338 ], [ -115.724541231396358, 30.001769273172442 ], [ -115.72495586825336, 30.001773290334604 ], [ -115.725268114660267, 30.001677056316694 ], [ -115.725730135186311, 30.001388979035251 ], [ -115.725706711393869, 30.001428645572044 ], [ -115.72571281132754, 30.001762573554124 ], [ -115.726112587219419, 30.00211835910757 ], [ -115.726358616206596, 30.002214895624562 ], [ -115.726422298551242, 30.00222061449217 ], [ -115.728188666909432, 30.002724961923459 ], [ -115.729045482930076, 30.003012966208505 ], [ -115.729849554137445, 30.003372643941134 ], [ -115.730332855130087, 30.003684105540128 ], [ -115.730978687900645, 30.004258813778687 ], [ -115.73132333235931, 30.004875733581279 ], [ -115.731711434239955, 30.0061517860203 ], [ -115.732013629569778, 30.007661620337814 ], [ -115.73253212734889, 30.010915069829199 ], [ -115.732699230924013, 30.012450671323059 ], [ -115.732682023180104, 30.013804027875945 ], [ -115.732657080522173, 30.013983404059751 ], [ -115.732486234216239, 30.014524020606832 ], [ -115.73220115307717, 30.014927330931908 ], [ -115.732486234216239, 30.014524020606832 ], [ -115.731916069591506, 30.015330640548189 ], [ -115.731629835494132, 30.015824173152396 ], [ -115.731341301381988, 30.016498152371504 ], [ -115.73114664553492, 30.017127918724114 ], [ -115.73085120964187, 30.018343238377373 ], [ -115.73063902926117, 30.018720177469479 ], [ -115.730297929585504, 30.018635675241264 ], [ -115.729941614734429, 30.018117898712198 ], [ -115.729213783306392, 30.016649069450143 ], [ -115.728807370007104, 30.015995454057585 ], [ -115.7283159509022, 30.015503438470361 ], [ -115.727903329321308, 30.015337027808748 ], [ -115.727156880643918, 30.015329809743402 ], [ -115.726803699516523, 30.015380533861457 ], [ -115.726516695308476, 30.01552664388651 ], [ -115.726405820320579, 30.015683481515548 ], [ -115.726307325064781, 30.016088584206788 ], [ -115.726211365987197, 30.016295195080609 ], [ -115.726021984035441, 30.016509924889625 ], [ -115.72580230632677, 30.016661196789435 ], [ -115.725332654227245, 30.016900281714843 ], [ -115.725040979196208, 30.017005737529601 ], [ -115.724635607288221, 30.017083020370105 ], [ -115.724251662840487, 30.017106368921912 ], [ -115.723505201975044, 30.017099129760894 ], [ -115.723165270541827, 30.016924385970803 ], [ -115.722891938763112, 30.016407396233305 ], [ -115.722776317392658, 30.015720491039279 ], [ -115.722702784128373, 30.014176765325921 ], [ -115.72251563691411, 30.01340795432165 ], [ -115.722027732506277, 30.01264524612257 ], [ -115.721401708635383, 30.012142874745365 ], [ -115.720011550636073, 30.011398460489175 ], [ -115.719206873975153, 30.011083833875521 ], [ -115.718182990838315, 30.010884372496424 ], [ -115.717281191867542, 30.010866562370715 ], [ -115.715599672428851, 30.011012584183163 ], [ -115.714789662732287, 30.011112957653772 ], [ -115.71404115436664, 30.011268067791537 ], [ -115.713603650200639, 30.011426214046622 ], [ -115.713039645144079, 30.011745543868216 ], [ -115.712738189128473, 30.011805759624071 ], [ -115.712397829161176, 30.011667078192623 ], [ -115.712132020069305, 30.011375726876214 ], [ -115.711674956509, 30.010640353949245 ], [ -115.711514219260934, 30.010241748611204 ], [ -115.711489066779706, 30.009781306483877 ], [ -115.711607881498026, 30.009412508299246 ], [ -115.711798678710664, 30.009089531821957 ], [ -115.711989474656775, 30.008766555016095 ], [ -115.712140667976271, 30.008298815141469 ], [ -115.712212657275927, 30.00754154957254 ], [ -115.712181447521857, 30.006747180294962 ], [ -115.712015832756833, 30.005121337841658 ], [ -115.711891212806179, 30.004335077606935 ], [ -115.711682966710271, 30.003602139437398 ], [ -115.711460509957902, 30.003166835900096 ], [ -115.711256454827009, 30.00291218131737 ], [ -115.710949440969955, 30.002602377408301 ], [ -115.710456309209945, 30.002254655694635 ], [ -115.709437440579862, 30.001676192116395 ], [ -115.708795926295423, 30.001579666134113 ], [ -115.707890240713169, 30.001868552557521 ], [ -115.707022269961215, 30.00244655352807 ], [ -115.706173148054447, 30.003169108971971 ], [ -115.705324013848127, 30.003891658494862 ], [ -115.704527753056027, 30.004533511654063 ], [ -115.703837255188915, 30.005013979385026 ], [ -115.703482693501741, 30.005172909129975 ], [ -115.703109510756818, 30.005169232498805 ], [ -115.703109510756406, 30.005169232498652 ], [ -115.702758703902475, 30.005039447204187 ], [ -115.702079469595063, 30.004653766408527 ], [ -115.701298225011286, 30.004140747554839 ], [ -115.69963374789026, 30.002987360633607 ], [ -115.698831797408332, 30.002474122954446 ], [ -115.698591827916232, 30.002349084111643 ], [ -115.698357557632036, 30.002270918442751 ], [ -115.697426751392683, 30.002099288558554 ], [ -115.696959934772792, 30.002121738367578 ], [ -115.696490287378708, 30.002360720839391 ], [ -115.696174356531472, 30.002736575799542 ], [ -115.69593528286714, 30.003180867148465 ], [ -115.695696207010911, 30.003625157970212 ], [ -115.695481804612299, 30.00416443882078 ], [ -115.69531675103741, 30.004893700369088 ], [ -115.695256065278997, 30.005569855705492 ], [ -115.695239062582971, 30.006869060228055 ], [ -115.695167890079603, 30.007554134755058 ], [ -115.694971373875518, 30.008310153679027 ], [ -115.694715017847031, 30.00888511029234 ], [ -115.694142460492998, 30.009853959544483 ], [ -115.693752392456105, 30.010346376381214 ], [ -115.693154749241089, 30.010854777657968 ], [ -115.692548744972044, 30.011209694977381 ], [ -115.691328370574197, 30.011766039767153 ], [ -115.690555536525466, 30.012191475744629 ], [ -115.689457407170863, 30.012911440257774 ], [ -115.688400017750538, 30.013685941683065 ], [ -115.686325944997833, 30.015289464537219 ], [ -115.685373130841455, 30.015992797177457 ], [ -115.684588800186489, 30.016499292331066 ], [ -115.684234406507073, 30.016640123392754 ], [ -115.683955561711599, 30.016556124341601 ], [ -115.683833775658485, 30.016356391674378 ], [ -115.683747262494748, 30.01584119306294 ], [ -115.683724859658795, 30.01518226141361 ], [ -115.683744162841549, 30.013720664899115 ], [ -115.683681007160203, 30.013007185057486 ], [ -115.683472239661427, 30.012328342061963 ], [ -115.683187450824377, 30.011910416517519 ], [ -115.682541854991825, 30.011335481094029 ], [ -115.682213459042359, 30.011079538056123 ], [ -115.681873862954063, 30.010886645799118 ], [ -115.68163626433072, 30.010821102028601 ], [ -115.681263063706041, 30.010817362830505 ], [ -115.68101306948401, 30.010905091401572 ], [ -115.680636286059922, 30.011172016250992 ], [ -115.680258306074379, 30.011529161871316 ], [ -115.679501142670716, 30.012333671434988 ], [ -115.679019485488411, 30.012689772878947 ], [ -115.678331683201719, 30.012953568384855 ], [ -115.677667005191068, 30.013037124912106 ], [ -115.676360776371226, 30.013023992826501 ], [ -115.67574877022534, 30.013044905741484 ], [ -115.675218979549882, 30.013120783771793 ], [ -115.674948000906255, 30.013226336062694 ], [ -115.674664855221849, 30.0134671159046 ], [ -115.674559026249057, 30.013628470804054 ], [ -115.67452805251844, 30.013847904587816 ], [ -115.674574241003, 30.014043699374795 ], [ -115.674755448329904, 30.01445157634317 ], [ -115.674784150113794, 30.014632332914637 ], [ -115.674775998429737, 30.014643852304534 ], [ -115.674689047013501, 30.014766725760676 ], [ -115.674515855380946, 30.014806720496942 ], [ -115.674213242193304, 30.014680722478946 ], [ -115.672262523663633, 30.01401137165222 ], [ -115.671846051985199, 30.01384993664885 ], [ -115.670120398788725, 30.012924983171761 ], [ -115.669256328745476, 30.012410939572089 ], [ -115.668517150718216, 30.011862060657464 ], [ -115.668149252502246, 30.011461309650194 ], [ -115.6677847335216, 30.010807937557725 ], [ -115.667539793823082, 30.010516709999983 ], [ -115.667457504322542, 30.010467752168829 ], [ -115.66741684205428, 30.010407184648351 ], [ -115.667138753919176, 30.010269017961171 ], [ -115.666797260589291, 30.01022044205811 ], [ -115.666424041679377, 30.010216660623897 ], [ -115.666050868399353, 30.010212878593659 ], [ -115.665688401269463, 30.010182133959738 ], [ -115.665347392288623, 30.010097465764716 ], [ -115.665141511277554, 30.009987097285773 ], [ -115.664983434796369, 30.009846276193223 ], [ -115.664864877728391, 30.009740660256206 ], [ -115.664742655028192, 30.009576999684061 ], [ -115.664652619845427, 30.009332455325101 ], [ -115.664624783681518, 30.009088542041397 ], [ -115.664631309985893, 30.008601346562347 ], [ -115.664718108173091, 30.00831347955042 ], [ -115.664971975233527, 30.007937073639098 ], [ -115.665308287397394, 30.007597596776005 ], [ -115.665559976562292, 30.007383588155321 ], [ -115.665685820739768, 30.007276583649521 ], [ -115.666063351652241, 30.00695556935031 ], [ -115.666421475290434, 30.006535100175594 ], [ -115.66674078570162, 30.005915722569227 ], [ -115.667001900498903, 30.004974097123597 ], [ -115.667176519366492, 30.004312561780253 ], [ -115.667386387088158, 30.003678815173433 ], [ -115.667665124500374, 30.002912840508799 ], [ -115.668410737513923, 30.002782086880782 ] ], [ [ -115.71764574125163, 30.005095099446134 ], [ -115.717614294401542, 30.005121863452157 ], [ -115.717634562708682, 30.005158154792539 ], [ -115.717726814592723, 30.005240264772265 ], [ -115.717778297767623, 30.005267836730546 ], [ -115.71784049530828, 30.005268442646898 ], [ -115.71789267465617, 30.005241880547445 ], [ -115.717987015056679, 30.005161588303615 ], [ -115.718008211589137, 30.005125700900159 ], [ -115.717977460898581, 30.005098330977784 ], [ -115.717905013240184, 30.005088601815608 ], [ -115.717718420955634, 30.005086784079698 ], [ -115.71764574125163, 30.005095099446134 ] ] ] ] } },
{ "type": "Feature", "properties": { "fid": 38.0, "cat": 40, "CLAVE_ACUI": "0224", "NOM_ACUIF": "EL ROSARIO", "VULNERABIL": 4 }, "geometry": { "type": "MultiPolygon", "coordinates": [ [ [ [ -115.726466654463479, 29.986915713814838 ], [ -115.726702292966635, 29.987165221664021 ], [ -115.72700569689016, 29.987472926300562 ], [ -115.727472590850738, 29.987980846763229 ], [ -115.727647559968602, 29.988194411447623 ], [ -115.727647560812457, 29.98819441247764 ], [ -115.727647560887235, 29.988194412568916 ], [ -115.727647560898916, 29.988194412583159 ], [ -115.727647560911393, 29.988194412598403 ], [ -115.727647560951112, 29.988194412646894 ], [ -115.727611855912073, 29.988615663589954 ], [ -115.727603571142723, 29.989265275841262 ], [ -115.727641117458404, 29.989572437823774 ], [ -115.727762041778533, 29.989844311495624 ], [ -115.727926036223835, 29.989990272159076 ], [ -115.728235429209434, 29.990128691011719 ], [ -115.728409750441088, 29.990278458904445 ], [ -115.728525745487261, 29.990502151888151 ], [ -115.728597384934673, 29.990865102956633 ], [ -115.728656658423674, 29.991224525923791 ], [ -115.728768849332667, 29.992182100564662 ], [ -115.728928516356675, 29.994295141470744 ], [ -115.728957330223324, 29.995288004576448 ], [ -115.728884100391454, 29.996153553300719 ], [ -115.728733235504052, 29.996603271316715 ], [ -115.728543552831695, 29.996845073784179 ], [ -115.728480325067139, 29.99692567453803 ], [ -115.728353869227377, 29.997086875942809 ], [ -115.728205531534556, 29.99733810075594 ], [ -115.728139886962964, 29.997608171356873 ], [ -115.728178817761162, 29.997807064360341 ], [ -115.728270036614191, 29.997970368534311 ], [ -115.728361255758188, 29.998133672649793 ], [ -115.728400647317258, 29.998296476061871 ], [ -115.728336383076623, 29.998458278137065 ], [ -115.728189884105007, 29.998565144720743 ], [ -115.728002267597944, 29.998644543341534 ], [ -115.727814650799914, 29.998723941685228 ], [ -115.727668381103271, 29.998812762898197 ], [ -115.727604806000571, 29.998920430287253 ], [ -115.727645117455069, 29.999011054850623 ], [ -115.727737372361574, 29.999093157962278 ], [ -115.727829627419894, 29.999175261012688 ], [ -115.727848977643774, 29.999283729917757 ], [ -115.727808141655714, 29.99933578430123 ], [ -115.727806709268606, 29.999346485853476 ], [ -115.727553443242527, 29.999695954005627 ], [ -115.727154248773033, 30.000107175028095 ], [ -115.726209921399686, 30.000991365394796 ], [ -115.725738385528842, 30.001383834782523 ], [ -115.725730135186311, 30.001388979035251 ], [ -115.725268114660267, 30.001677056316694 ], [ -115.72495586825336, 30.001773290334604 ], [ -115.724541231396358, 30.001769273172442 ], [ -115.724521422793799, 30.001696893368159 ], [ -115.724149288910311, 30.001612075492677 ], [ -115.72396431903519, 30.001483953724932 ], [ -115.723781543561515, 30.001184406830351 ], [ -115.72366188793734, 30.000813283890096 ], [ -115.723510867466402, 30.000115722245816 ], [ -115.723485697575711, 29.999999461953909 ], [ -115.723450240270054, 29.999529896983713 ], [ -115.723520056316175, 29.99893502410006 ], [ -115.723671872149197, 29.99841313408059 ], [ -115.724057499027793, 29.997442335989017 ], [ -115.724208386211373, 29.996992624041042 ], [ -115.724275425728251, 29.996614287234511 ], [ -115.724236272322614, 29.996433438022589 ], [ -115.724144022769849, 29.996351332580353 ], [ -115.724051773368856, 29.996269227076894 ], [ -115.724011466234998, 29.996178601503754 ], [ -115.72407504328865, 29.996070935868925 ], [ -115.724221311916267, 29.995982118589463 ], [ -115.724346388094631, 29.995929189739872 ], [ -115.724408926135339, 29.995902725268891 ], [ -115.72459654006353, 29.995823331671208 ], [ -115.724743038590901, 29.995716469038733 ], [ -115.724807306656331, 29.99555466877089 ], [ -115.72476792191614, 29.995391864419897 ], [ -115.724676711088009, 29.995228557992402 ], [ -115.724585500550731, 29.995065251506464 ], [ -115.724546808561286, 29.994848312852628 ], [ -115.724613152868955, 29.994524109919261 ], [ -115.724762417782429, 29.994200710191141 ], [ -115.72488956746902, 29.993985377975424 ], [ -115.724953142101455, 29.993877711812914 ], [ -115.72514386515536, 29.993554713106764 ], [ -115.725314548631943, 29.993177379085996 ], [ -115.725445154156148, 29.992691374847976 ], [ -115.725492147240203, 29.99225870198433 ], [ -115.725502521591778, 29.991446687696946 ], [ -115.725487324792823, 29.991013412692855 ], [ -115.725431360631035, 29.990525602008223 ], [ -115.72535328421182, 29.990145859184882 ], [ -115.725175020260949, 29.989494441270718 ], [ -115.725023355518502, 29.989195197172631 ], [ -115.724895971322852, 29.989081814334657 ], [ -115.724746624703343, 29.988948882582861 ], [ -115.72443707128599, 29.988837601926118 ], [ -115.723785141782415, 29.988750072781897 ], [ -115.723376441236255, 29.988676804230177 ], [ -115.726466654463479, 29.986915713814838 ] ] ] ] } },
{ "type": "Feature", "properties": { "fid": 18.0, "cat": 20, "CLAVE_ACUI": "0224", "NOM_ACUIF": "EL ROSARIO", "VULNERABIL": 3 }, "geometry": { "type": "MultiPolygon", "coordinates": [ [ [ [ -115.730198789727524, 30.039835329336423 ], [ -115.731093178175257, 30.039234878503159 ], [ -115.731951893644279, 30.038584448454458 ], [ -115.732739273044245, 30.03783406729578 ], [ -115.733192861072354, 30.037233865455139 ], [ -115.733479554794584, 30.036708754359505 ], [ -115.733715981405098, 30.036191360774836 ], [ -115.733863480783526, 30.035525318974894 ], [ -115.733981848887524, 30.034723918144373 ], [ -115.734689320974979, 30.035803554577317 ], [ -115.735733370671568, 30.038079443097541 ], [ -115.736279939169506, 30.039140439727415 ], [ -115.736553227658334, 30.039670937253902 ], [ -115.737373110085812, 30.041262426679118 ], [ -115.737860998405395, 30.042864260702913 ], [ -115.7376848516096, 30.044486791282349 ], [ -115.736903359383746, 30.045589172022485 ], [ -115.73581918145419, 30.046431470128528 ], [ -115.734734985241005, 30.047273758659504 ], [ -115.733667532220736, 30.048021452923091 ], [ -115.732633588449772, 30.048579968936526 ], [ -115.731977812749719, 30.048763139389358 ], [ -115.731511124978269, 30.048758638520123 ], [ -115.731044437312406, 30.048754135995562 ], [ -115.730444309955743, 30.048640062455767 ], [ -115.72957730702997, 30.048306845934043 ], [ -115.728732434430796, 30.047865556572763 ], [ -115.727898632008134, 30.04737022841076 ], [ -115.727064837994277, 30.046874895165736 ], [ -115.726271033765627, 30.046497248633454 ], [ -115.725557196547456, 30.046354981451778 ], [ -115.725161266292091, 30.046495518743168 ], [ -115.724924287659874, 30.046777459145847 ], [ -115.724687307670592, 30.047059399070488 ], [ -115.724474229607665, 30.047499480259987 ], [ -115.724308955842289, 30.048255844532026 ], [ -115.724246578156297, 30.049076370678158 ], [ -115.724232584162166, 30.050168068650272 ], [ -115.724183698006868, 30.050745093121705 ], [ -115.724162377115817, 30.051127314094984 ], [ -115.724171326703356, 30.051427447256636 ], [ -115.723971650386588, 30.05110397231131 ], [ -115.72396799063506, 30.051099627105884 ], [ -115.723695797502359, 30.050776452184373 ], [ -115.723417687440588, 30.05053769983375 ], [ -115.723272225251932, 30.050399149635009 ], [ -115.723280308335177, 30.050014451836937 ], [ -115.723287252737762, 30.049473114211491 ], [ -115.723260735508987, 30.049067354274197 ], [ -115.72314340059701, 30.048731726228105 ], [ -115.722982855497321, 30.048599060464987 ], [ -115.722709183983312, 30.048595966597098 ], [ -115.722188642003076, 30.048678532098087 ], [ -115.721625708633624, 30.048771534374001 ], [ -115.720670417985048, 30.048874727211185 ], [ -115.719684457331013, 30.048950821957213 ], [ -115.71872402964155, 30.048964057255226 ], [ -115.718053676643962, 30.048948278339292 ], [ -115.71757791357588, 30.048192762952311 ], [ -115.717456338578842, 30.047999698871475 ], [ -115.71672570087604, 30.046747340623064 ], [ -115.716180352585027, 30.04560506830363 ], [ -115.716002063862703, 30.044953642167215 ], [ -115.716012537635862, 30.044141637400653 ], [ -115.715903934352269, 30.043716476692065 ], [ -115.715567653067879, 30.043252998868532 ], [ -115.715115789388733, 30.042905695426775 ], [ -115.714606135989925, 30.042616477858484 ], [ -115.714096485597054, 30.042327258389335 ], [ -115.71361153927603, 30.042133024429059 ], [ -115.713175996151094, 30.042128763693409 ], [ -115.7129350349839, 30.04231589743971 ], [ -115.712791364063108, 30.042598728746814 ], [ -115.712647692300692, 30.042881559861051 ], [ -115.712540490345731, 30.043151212698106 ], [ -115.712506229281615, 30.043394509287044 ], [ -115.712556330052024, 30.043530350842861 ], [ -115.712617851287007, 30.043585093513496 ], [ -115.712648611929851, 30.043612464838599 ], [ -115.712740893959847, 30.043694578773056 ], [ -115.712770721351859, 30.043794128189219 ], [ -115.712675639040114, 30.043928548618315 ], [ -115.712487340710396, 30.0440530330272 ], [ -115.712252433997577, 30.044172549087008 ], [ -115.712017526731287, 30.044292064708412 ], [ -115.711684743227252, 30.044360992413676 ], [ -115.711156208453289, 30.04432874360748 ], [ -115.710608102158773, 30.044206066779314 ], [ -115.709492323001598, 30.043870280335099 ], [ -115.708893657584014, 30.043647842916361 ], [ -115.708213438336571, 30.043316321012046 ], [ -115.70767840567116, 30.04298622237609 ], [ -115.707012740831303, 30.042512079171981 ], [ -115.706753532056538, 30.042327446501314 ], [ -115.706259286297296, 30.042051883679246 ], [ -115.705701415725372, 30.041883973682992 ], [ -115.705265875049633, 30.04187968678858 ], [ -115.704517120834851, 30.042034734754399 ], [ -115.704079465701952, 30.042192844168724 ], [ -115.70351525359159, 30.042512125641188 ], [ -115.703012553275485, 30.042886151571967 ], [ -115.702068656670946, 30.043688944705817 ], [ -115.701566180381107, 30.04404492025472 ], [ -115.701019732832989, 30.044302022563876 ], [ -115.700565928090228, 30.044395976411618 ], [ -115.699819269673156, 30.044388596861371 ], [ -115.699456664443233, 30.044357941400431 ], [ -115.69911550739377, 30.04427335681299 ], [ -115.6989095177031, 30.044163038507556 ], [ -115.698771111773141, 30.044039853517997 ], [ -115.698632706185563, 30.043916668390676 ], [ -115.698574023535173, 30.043645386262902 ], [ -115.698674785339861, 30.043077910257747 ], [ -115.698901401509346, 30.042403398626252 ], [ -115.69919094160241, 30.041675368532967 ], [ -115.699480477275927, 30.040947337597743 ], [ -115.699707318286798, 30.040254779612564 ], [ -115.699808776393681, 30.039633168815104 ], [ -115.699751035174145, 30.039289709224608 ], [ -115.699476355827954, 30.038880941011719 ], [ -115.699292294597484, 30.038680606364 ], [ -115.699014789497312, 30.038488370615188 ], [ -115.698736342190685, 30.038368312084071 ], [ -115.698178505960229, 30.038200371069294 ], [ -115.697824759571574, 30.038287103249079 ], [ -115.697715116341897, 30.038380353116818 ], [ -115.697615715204449, 30.038411360906448 ], [ -115.696957115815579, 30.038810890232146 ], [ -115.696611019521271, 30.039105232693565 ], [ -115.696231331015426, 30.039588732244614 ], [ -115.69594461234918, 30.04010022255466 ], [ -115.695464140339112, 30.041151193279958 ], [ -115.695220046534217, 30.041462012083137 ], [ -115.69422936926324, 30.041987137460186 ], [ -115.693210032254768, 30.042211620927233 ], [ -115.691154638249856, 30.042353602891225 ], [ -115.690026207409801, 30.042197994273096 ], [ -115.688696323065642, 30.04158919931384 ], [ -115.688007719923576, 30.041045519312895 ], [ -115.68769125053241, 30.040730978262275 ], [ -115.685850405941153, 30.038763551281551 ], [ -115.68497983262624, 30.037933724046571 ], [ -115.684208914545877, 30.037411682550768 ], [ -115.683967582633059, 30.037388243588307 ], [ -115.683755049815645, 30.03644164159472 ], [ -115.68369071322067, 30.036183491962362 ], [ -115.683966729634548, 30.036118918552095 ], [ -115.684597470311886, 30.035475545347889 ], [ -115.685315801643753, 30.034481132966427 ], [ -115.686840011678285, 30.032141257495031 ], [ -115.687518603815107, 30.031011084304144 ], [ -115.688030211497932, 30.029960452301562 ], [ -115.688204309598916, 30.029339575194658 ], [ -115.688215003365173, 30.028527577458892 ], [ -115.688179232491706, 30.028094098402885 ], [ -115.688061227107255, 30.02760565896881 ], [ -115.687900323094325, 30.027225072178791 ], [ -115.687717970381385, 30.026898411552366 ], [ -115.687535618832229, 30.026571750693186 ], [ -115.687291296347908, 30.026226424494112 ], [ -115.6869230319286, 30.025843767357888 ], [ -115.686553580790189, 30.02555133121156 ], [ -115.686183536900373, 30.025304005053695 ], [ -115.685813494865315, 30.02505667790092 ], [ -115.685505544576699, 30.024818993505185 ], [ -115.685321775221226, 30.024600596121942 ], [ -115.685323442061545, 30.024474285425061 ], [ -115.685386365109011, 30.02442077387661 ], [ -115.685417826607406, 30.024394018090177 ], [ -115.685480749553534, 30.024340506492891 ], [ -115.685512211001253, 30.024313750682037 ], [ -115.685410910970049, 30.024132270886994 ], [ -115.684918244883619, 30.023748365271612 ], [ -115.68419843984141, 30.023289999415042 ], [ -115.683365071054538, 30.022794399799928 ], [ -115.682531710672265, 30.022298795118353 ], [ -115.681771410961943, 30.021767823785812 ], [ -115.681157223514091, 30.021166125796544 ], [ -115.68089387288542, 30.020694270112486 ], [ -115.680805938748762, 30.02028733642889 ], [ -115.680718005266613, 30.01988040268364 ], [ -115.680608620502085, 30.019527394053242 ], [ -115.680456332570301, 30.019282235646813 ], [ -115.680311903664958, 30.019226646878643 ], [ -115.680171403941017, 30.019265842855798 ], [ -115.680030904111902, 30.019305038679327 ], [ -115.679752653539524, 30.019175919734817 ], [ -115.679198905111861, 30.01871017003911 ], [ -115.678554247714303, 30.018063037571661 ], [ -115.677174047554516, 30.016587382291362 ], [ -115.6765597996054, 30.015994686353277 ], [ -115.676097230749107, 30.015692261826459 ], [ -115.67596070077154, 30.015769504147332 ], [ -115.675727129752261, 30.01545392995353 ], [ -115.675494546685087, 30.015146914503624 ], [ -115.67532724831679, 30.015116040140182 ], [ -115.675100371415013, 30.015023522288253 ], [ -115.674885181574695, 30.014831864607075 ], [ -115.674775998429737, 30.014643852304534 ], [ -115.674784150113794, 30.014632332914637 ], [ -115.674755448329904, 30.01445157634317 ], [ -115.674574241003, 30.014043699374795 ], [ -115.67452805251844, 30.013847904587816 ], [ -115.674559026249057, 30.013628470804054 ], [ -115.674664855221849, 30.0134671159046 ], [ -115.67475923726856, 30.013386856030568 ], [ -115.674806428234945, 30.013346726066082 ], [ -115.674948000906255, 30.013226336062697 ], [ -115.675218979549882, 30.013120783771793 ], [ -115.67574877022534, 30.013044905741484 ], [ -115.676360776371226, 30.013023992826501 ], [ -115.676796185882012, 30.013028371628177 ], [ -115.677013890673351, 30.013030560489103 ], [ -115.677667005191068, 30.013037124912106 ], [ -115.678331683201719, 30.012953568384855 ], [ -115.679019485488411, 30.012689772878947 ], [ -115.679501142670716, 30.012333671434988 ], [ -115.679753531839779, 30.012065502116254 ], [ -115.679879725911363, 30.011931417255951 ], [ -115.680258306074379, 30.011529161871323 ], [ -115.680636286059922, 30.011172016250992 ], [ -115.68101306948401, 30.010905091401572 ], [ -115.681263063706041, 30.010817362830505 ], [ -115.681449664009605, 30.010819232561776 ], [ -115.68163626433072, 30.010821102028601 ], [ -115.681873862954063, 30.010886645799118 ], [ -115.682213459042359, 30.011079538056123 ], [ -115.682541854991825, 30.011335481094029 ], [ -115.682757052775628, 30.011527126567671 ], [ -115.682864651977667, 30.011622949179817 ], [ -115.683187450824377, 30.011910416517519 ], [ -115.683472239661427, 30.012328342061963 ], [ -115.683681007160203, 30.013007185057486 ], [ -115.683744162841549, 30.013720664899115 ], [ -115.683724859658795, 30.01518226141361 ], [ -115.683747262494748, 30.01584119306294 ], [ -115.683833775658485, 30.016356391674378 ], [ -115.683955561711599, 30.016556124341601 ], [ -115.684048509922235, 30.016584124089533 ], [ -115.684094984047974, 30.016598123939428 ], [ -115.684234406507073, 30.016640123392769 ], [ -115.684588800186489, 30.016499292331066 ], [ -115.685373130841455, 30.015992797177457 ], [ -115.686325944997833, 30.015289464537219 ], [ -115.687017309968965, 30.014754960817278 ], [ -115.687362989684402, 30.014487707495476 ], [ -115.688400017750538, 30.013685941683065 ], [ -115.689457407170863, 30.012911440257774 ], [ -115.690555536525466, 30.012191475744629 ], [ -115.691328370574197, 30.011766039767153 ], [ -115.691735163518089, 30.011580592812027 ], [ -115.691938559435812, 30.011487868843908 ], [ -115.692548744972044, 30.011209694977381 ], [ -115.693154749241089, 30.010854777657968 ], [ -115.693752392456105, 30.010346376381214 ], [ -115.694142460492998, 30.009853959544483 ], [ -115.69433331421159, 30.009531010122988 ], [ -115.694428740595654, 30.009369535288794 ], [ -115.694715017847031, 30.008885110292347 ], [ -115.694971373875518, 30.008310153679027 ], [ -115.695167890079603, 30.007554134755058 ], [ -115.695239062582971, 30.006869060228055 ], [ -115.695256065278997, 30.005569855705492 ], [ -115.69531675103741, 30.004893700369088 ], [ -115.695481804612299, 30.00416443882078 ], [ -115.695696207010911, 30.003625157970212 ], [ -115.69593528286714, 30.003180867148465 ], [ -115.696174356531472, 30.002736575799542 ], [ -115.696490287378708, 30.002360720839391 ], [ -115.696959934772792, 30.002121738367578 ], [ -115.697426751392683, 30.002099288558554 ], [ -115.698357557632036, 30.002270918442751 ], [ -115.698591827916232, 30.002349084111643 ], [ -115.698831797408332, 30.002474122954446 ], [ -115.69963374789026, 30.002987360633607 ], [ -115.701298225011286, 30.004140747554839 ], [ -115.702079469595063, 30.004653766408527 ], [ -115.702758703902475, 30.005039447204187 ], [ -115.703109510756406, 30.005169232498652 ], [ -115.703109510756818, 30.005169232498805 ], [ -115.703482693501741, 30.005172909129975 ], [ -115.703837255188915, 30.005013979385026 ], [ -115.704527753056027, 30.004533511654063 ], [ -115.705324013848127, 30.003891658494862 ], [ -115.706173148054447, 30.003169108971971 ], [ -115.707022269961215, 30.00244655352807 ], [ -115.707890240713169, 30.001868552557521 ], [ -115.708795926295423, 30.001579666134113 ], [ -115.709437440579862, 30.001676192116395 ], [ -115.710456309209945, 30.002254655694635 ], [ -115.710949440969955, 30.002602377408301 ], [ -115.711256454827009, 30.00291218131737 ], [ -115.711460509957902, 30.003166835900096 ], [ -115.711682966710271, 30.003602139437398 ], [ -115.711891212806179, 30.004335077606935 ], [ -115.712015832756833, 30.005121337841658 ], [ -115.712181447521857, 30.006747180294962 ], [ -115.712212657275927, 30.00754154957254 ], [ -115.712140667976271, 30.008298815141469 ], [ -115.711989474656775, 30.008766555016081 ], [ -115.711798678710664, 30.009089531821957 ], [ -115.711607881498026, 30.009412508299246 ], [ -115.711489066779706, 30.009781306483877 ], [ -115.711514219260934, 30.010241748611204 ], [ -115.711674956509, 30.010640353949245 ], [ -115.711827310296215, 30.010885478421468 ], [ -115.711903487464653, 30.011008040596366 ], [ -115.712132020069305, 30.011375726876214 ], [ -115.712397829161176, 30.011667078192623 ], [ -115.712738189128473, 30.011805759624071 ], [ -115.713039645144079, 30.011745543868216 ], [ -115.713227647225182, 30.011639100876479 ], [ -115.713321648117414, 30.011585879274818 ], [ -115.713603650200639, 30.011426214046622 ], [ -115.71404115436664, 30.011268067791537 ], [ -115.714789662732287, 30.011112957653772 ], [ -115.715599672428851, 30.011012584183163 ], [ -115.716160179364266, 30.010963912649874 ], [ -115.716440432661031, 30.010939575981656 ], [ -115.717281191867542, 30.010866562370715 ], [ -115.718182990838315, 30.010884372496424 ], [ -115.719206873975153, 30.011083833875521 ], [ -115.720011550636073, 30.011398460489175 ], [ -115.72047493428903, 30.011646600148161 ], [ -115.720706626995565, 30.01177066938757 ], [ -115.721401708635383, 30.012142874745379 ], [ -115.722027732506277, 30.01264524612257 ], [ -115.72251563691411, 30.01340795432165 ], [ -115.722702784128373, 30.014176765325921 ], [ -115.722727295065624, 30.014691340600145 ], [ -115.722739550590831, 30.014948628223593 ], [ -115.722776317392658, 30.015720491039293 ], [ -115.722891938763112, 30.016407396233305 ], [ -115.723165270541827, 30.016924385970803 ], [ -115.723505201975044, 30.017099129760894 ], [ -115.724251662840487, 30.017106368921912 ], [ -115.724635607288221, 30.017083020370105 ], [ -115.725040979196208, 30.017005737529601 ], [ -115.725332654227245, 30.016900281714843 ], [ -115.72580230632677, 30.016661196789435 ], [ -115.726021984035441, 30.016509924889625 ], [ -115.726211365987197, 30.016295195080609 ], [ -115.726307325064781, 30.016088584206788 ], [ -115.726405820320579, 30.015683481515548 ], [ -115.726516695308476, 30.01552664388651 ], [ -115.726803699516523, 30.015380533861457 ], [ -115.727156880643918, 30.015329809743402 ], [ -115.727405696839597, 30.015332216235397 ], [ -115.727530104948741, 30.015333419305072 ], [ -115.727903329321308, 30.015337027808748 ], [ -115.7283159509022, 30.015503438470361 ], [ -115.728807370007104, 30.015995454057585 ], [ -115.729213783306392, 30.016649069450143 ], [ -115.729456391473136, 30.017138679617837 ], [ -115.729577696422453, 30.017383484546563 ], [ -115.729941614734429, 30.018117898712198 ], [ -115.730297929585504, 30.018635675241264 ], [ -115.73063902926117, 30.018720177469479 ], [ -115.73085120964187, 30.018343238377373 ], [ -115.730949689134022, 30.017938131947592 ], [ -115.73099892855717, 30.017735578687208 ], [ -115.73114664553492, 30.017127918724114 ], [ -115.731341301381988, 30.016498152371504 ], [ -115.731629835494132, 30.015824173152396 ], [ -115.731916069591506, 30.015330640548189 ], [ -115.73220115307717, 30.014927330931908 ], [ -115.732486234216239, 30.014524020606832 ], [ -115.732657080522173, 30.013983404059751 ], [ -115.732682023180104, 30.013804027875945 ], [ -115.732699230924013, 30.012450671323059 ], [ -115.73253212734889, 30.010915069829199 ], [ -115.732013629569778, 30.007661620337814 ], [ -115.731711434239955, 30.0061517860203 ], [ -115.73132333235931, 30.004875733581279 ], [ -115.730978687900645, 30.004258813778687 ], [ -115.730332855130087, 30.003684105540128 ], [ -115.729849554137445, 30.003372643941134 ], [ -115.729045482930076, 30.003012966208505 ], [ -115.728188666909432, 30.002724961923459 ], [ -115.726422298551242, 30.00222061449217 ], [ -115.726358616206596, 30.002214895624562 ], [ -115.726112587219419, 30.00211835910757 ], [ -115.72571281132754, 30.001762573554124 ], [ -115.725706711393869, 30.001428645572044 ], [ -115.725730135186311, 30.001388979035251 ], [ -115.725738385528842, 30.001383834782523 ], [ -115.726209921399686, 30.000991365394796 ], [ -115.727154248773033, 30.000107175028095 ], [ -115.727553443242527, 29.999695954005627 ], [ -115.727806709268606, 29.999346485853476 ], [ -115.727808141655714, 29.99933578430123 ], [ -115.727848977643774, 29.999283729917757 ], [ -115.727829627419894, 29.999175261012688 ], [ -115.727737372361574, 29.999093157962278 ], [ -115.727645117455069, 29.999011054850623 ], [ -115.727604806000571, 29.998920430287253 ], [ -115.727668381103271, 29.998812762898197 ], [ -115.727814650799914, 29.998723941685228 ], [ -115.728002267597944, 29.998644543341534 ], [ -115.728189884105007, 29.998565144720743 ], [ -115.728336383076623, 29.998458278137065 ], [ -115.728400647317258, 29.998296476061871 ], [ -115.728361255758188, 29.998133672649793 ], [ -115.728270036614191, 29.997970368534311 ], [ -115.728178817761162, 29.997807064360341 ], [ -115.728139886962964, 29.997608171356873 ], [ -115.728205531534556, 29.99733810075594 ], [ -115.728353869227377, 29.997086875942809 ], [ -115.728480325067139, 29.99692567453803 ], [ -115.728543552831695, 29.996845073784179 ], [ -115.728733235504052, 29.996603271316715 ], [ -115.728884100391454, 29.996153553300719 ], [ -115.728957330223324, 29.995288004576448 ], [ -115.728928516356675, 29.994295141470744 ], [ -115.728768849332667, 29.992182100564662 ], [ -115.728656658423674, 29.991224525923791 ], [ -115.728597384934673, 29.990865102956633 ], [ -115.728525745487261, 29.990502151888151 ], [ -115.728409750441088, 29.990278458904445 ], [ -115.728235429209434, 29.990128691011719 ], [ -115.727926036223835, 29.989990272159076 ], [ -115.727762041778533, 29.989844311495624 ], [ -115.727641117458404, 29.989572437823774 ], [ -115.727603571142723, 29.989265275841262 ], [ -115.727611855912073, 29.988615663589954 ], [ -115.727647560951112, 29.988194412646894 ], [ -115.727911208929854, 29.988516215302599 ], [ -115.72830977559974, 29.989043964938219 ], [ -115.728692626801902, 29.989471096913217 ], [ -115.729409152083619, 29.990179933946116 ], [ -115.730477426763528, 29.99151280103009 ], [ -115.731088072601921, 29.992402991634133 ], [ -115.731542450009442, 29.993354838468928 ], [ -115.731689092780428, 29.994051061222521 ], [ -115.731674637544884, 29.995187883480547 ], [ -115.731810344519189, 29.995929118135649 ], [ -115.732231927086929, 29.997015999138977 ], [ -115.732798865734793, 29.998086231146015 ], [ -115.733438490584717, 29.999148136674123 ], [ -115.73407812874521, 30.000210039321352 ], [ -115.734800478550781, 30.001290781003174 ], [ -115.735688242572408, 30.002409201824591 ], [ -115.736445496642688, 30.003192494509523 ], [ -115.737137496299411, 30.003808222118959 ], [ -115.737829504498208, 30.004423946280276 ], [ -115.738589073518796, 30.005026779166148 ], [ -115.739483756921146, 30.005603831359505 ], [ -115.740215323831549, 30.005962752320304 ], [ -115.74086533180575, 30.006212607004212 ], [ -115.741515343136896, 30.006462458561899 ], [ -115.742113411464601, 30.006720834039818 ], [ -115.742607590039029, 30.006996261376344 ], [ -115.742833150852064, 30.007196933277211 ], [ -115.742924402102886, 30.007360228007602 ], [ -115.743015653644946, 30.007523522679342 ], [ -115.743200432454984, 30.007669663427407 ], [ -115.743572265895423, 30.007781495740101 ], [ -115.744007209375326, 30.00782174123524 ], [ -115.744473707672171, 30.007826192287286 ], [ -115.744940206073395, 30.007830641686663 ], [ -115.745376058859023, 30.007798703254618 ], [ -115.745750619739113, 30.007693991187143 ], [ -115.74593903483769, 30.007551410437621 ], [ -115.74603437703216, 30.007389895642362 ], [ -115.746129718910382, 30.007228380765266 ], [ -115.74627666634089, 30.007085404429922 ], [ -115.746526825058027, 30.006979504986106 ], [ -115.746796809032332, 30.006945981944323 ], [ -115.747076705839092, 30.006948646771988 ], [ -115.747356602683368, 30.006951311004695 ], [ -115.747666919212378, 30.007008405190561 ], [ -115.748038075891728, 30.007174359597258 ], [ -115.748346354616146, 30.007393856114522 ], [ -115.748623195080597, 30.007640123565388 ], [ -115.748900036912076, 30.00788639046398 ], [ -115.749229958696745, 30.008033902566833 ], [ -115.749666037853572, 30.007983905026649 ], [ -115.750062912413298, 30.007753063326128 ], [ -115.750440182777197, 30.007431799059336 ], [ -115.750817450710855, 30.007110533625998 ], [ -115.751276066500822, 30.006916368194275 ], [ -115.751897382625529, 30.006976402768029 ], [ -115.752474297877384, 30.00727062519076 ], [ -115.753029016242166, 30.007681940648226 ], [ -115.753583739209347, 30.008093253872691 ], [ -115.754428171836295, 30.008552424610915 ], [ -115.75585202699007, 30.009107304097562 ], [ -115.757380691857279, 30.00957292277878 ], [ -115.759693752161624, 30.010188791309215 ], [ -115.760542857767561, 30.010414859617107 ], [ -115.762040129211059, 30.010907199791816 ], [ -115.763369751826019, 30.011542324523152 ], [ -115.763922522139637, 30.012048312146185 ], [ -115.764403638652183, 30.012513955933397 ], [ -115.764915171414515, 30.013172050723067 ], [ -115.765240552888088, 30.013689445766225 ], [ -115.76533335960562, 30.013992856760275 ], [ -115.76537503586809, 30.014267418362191 ], [ -115.765264551892287, 30.014536621253146 ], [ -115.765091727274054, 30.014747900887013 ], [ -115.764860348595136, 30.014962939386276 ], [ -115.76463261715169, 30.015055317549002 ], [ -115.764102198427054, 30.015185690029128 ], [ -115.763521060343365, 30.015225348454234 ], [ -115.762308066156749, 30.015213945252587 ], [ -115.761397523175248, 30.015061001545579 ], [ -115.75987889743277, 30.014613569628381 ], [ -115.75825841100891, 30.014020782882639 ], [ -115.756587008632579, 30.013355307226067 ], [ -115.756029879608022, 30.013133477415348 ], [ -115.754915629210331, 30.012689810906487 ], [ -115.75330557257054, 30.012097062804294 ], [ -115.751818132509939, 30.011649834596412 ], [ -115.750949108867729, 30.011497213184718 ], [ -115.750389288923145, 30.011491898675576 ], [ -115.750202682308199, 30.011490126643597 ], [ -115.749829469128187, 30.011486581786251 ], [ -115.74925848997411, 30.011544321046845 ], [ -115.748665190451732, 30.011728174745599 ], [ -115.74824733587694, 30.011976859197318 ], [ -115.747587068112651, 30.012539058299978 ], [ -115.747526233349063, 30.012612959080688 ], [ -115.74749183652672, 30.01269155159876 ], [ -115.747349466437754, 30.013294771499453 ], [ -115.747146525205011, 30.014592224432938 ], [ -115.747136998027273, 30.015350108110653 ], [ -115.747311363710608, 30.016326306503469 ], [ -115.747611504631081, 30.017195419701725 ], [ -115.747974536922797, 30.018010989619039 ], [ -115.748337574943463, 30.018826558606008 ], [ -115.748752797954836, 30.019615552360744 ], [ -115.749272386430718, 30.020351395926451 ], [ -115.749723142255519, 30.020788807918656 ], [ -115.750139481261471, 30.021077003710868 ], [ -115.750555822694565, 30.021365198241931 ], [ -115.751122560465987, 30.021650307345109 ], [ -115.752299819736891, 30.022021729356638 ], [ -115.753198317270048, 30.022253509635874 ], [ -115.753852376422969, 30.022311772375708 ], [ -115.753708602588119, 30.023207048433576 ], [ -115.753569102942464, 30.024213186627939 ], [ -115.753493114963945, 30.025035838534698 ], [ -115.753385501813725, 30.027257315437453 ], [ -115.75310055650391, 30.028481810832265 ], [ -115.752428351021749, 30.029473886247832 ], [ -115.751619670467335, 30.029974690119804 ], [ -115.749464120826005, 30.030685119870476 ], [ -115.748464613030478, 30.031000460193994 ], [ -115.747621656490566, 30.031236071917771 ], [ -115.74721624111649, 30.031313423018883 ], [ -115.747029597607892, 30.031311645429778 ], [ -115.746842954115962, 30.031309867576006 ], [ -115.746626111716012, 30.031235613874081 ], [ -115.746348872288451, 30.031016408545881 ], [ -115.746103649843008, 30.030725319970436 ], [ -115.74564522506445, 30.030071258950805 ], [ -115.745378473590179, 30.029843128162206 ], [ -115.745238234205189, 30.029830684805546 ], [ -115.744989229118332, 30.029460429146116 ], [ -115.74489491982574, 30.029243742706665 ], [ -115.744913781314594, 30.028864159541286 ], [ -115.744558925423149, 30.027398969398742 ], [ -115.744442916620272, 30.026730124484892 ], [ -115.744449739538993, 30.026188780506164 ], [ -115.744577118269234, 30.025955385435818 ], [ -115.744702222604928, 30.025902438245385 ], [ -115.744764774724203, 30.025875964603962 ], [ -115.744952430887622, 30.025796543494859 ], [ -115.745098953743934, 30.025689659314796 ], [ -115.745163210326936, 30.025527849427355 ], [ -115.745123782121127, 30.025365050591169 ], [ -115.745032511836357, 30.02520175724548 ], [ -115.744941241843122, 30.02503846384106 ], [ -115.744902723498967, 30.024803485714923 ], [ -115.74496970759246, 30.024425138196488 ], [ -115.745119864966867, 30.024029536953563 ], [ -115.745247693720415, 30.023760051410814 ], [ -115.745311607829223, 30.023625308581376 ], [ -115.745503349083819, 30.023221079860786 ], [ -115.745602002174778, 30.022797916361256 ], [ -115.745514482105747, 30.022336883840051 ], [ -115.745269964289193, 30.02199165956506 ], [ -115.74494694890673, 30.021704338808718 ], [ -115.744623935386201, 30.021417017300443 ], [ -115.744294886935521, 30.021197313614525 ], [ -115.743953765927444, 30.021112846247185 ], [ -115.743714277901077, 30.021191771260121 ], [ -115.743525605655776, 30.021352392509613 ], [ -115.743336932802507, 30.021513013467185 ], [ -115.742961634181285, 30.021671851289451 ], [ -115.74221308358355, 30.02182712044085 ], [ -115.741340797580307, 30.021927060755917 ], [ -115.740406643680103, 30.021999332535014 ], [ -115.739472488674778, 30.022071597640572 ], [ -115.73859997001324, 30.022189564408734 ], [ -115.737850723878083, 30.022398942714812 ], [ -115.737474499082737, 30.022629943561778 ], [ -115.737284785181018, 30.022871756876775 ], [ -115.737095070346271, 30.023113569882891 ], [ -115.736843259679276, 30.023345762969551 ], [ -115.736467257846755, 30.023558715980162 ], [ -115.736092399022894, 30.023681444119276 ], [ -115.735718111777231, 30.023759059296335 ], [ -115.735343823986597, 30.023836673390637 ], [ -115.734949371937986, 30.023868975168661 ], [ -115.734514592656737, 30.023810653170127 ], [ -115.734184413445803, 30.023681148368389 ], [ -115.733906534860068, 30.023516052169004 ], [ -115.733628657207447, 30.023350955405217 ], [ -115.733339953480908, 30.023221847722567 ], [ -115.733029596306437, 30.023164718661192 ], [ -115.732801037349972, 30.02319861141163 ], [ -115.732613377132083, 30.023278015077707 ], [ -115.732425716622856, 30.023357418466446 ], [ -115.732208328920933, 30.023328253525921 ], [ -115.731931488231254, 30.023081952021059 ], [ -115.731687476134923, 30.022700614402002 ], [ -115.731497041753173, 30.022325048554741 ], [ -115.731459879536544, 30.022251758606334 ], [ -115.731232284926818, 30.021802902446485 ], [ -115.730986669747267, 30.021547876660932 ], [ -115.730705009624501, 30.021680511812587 ], [ -115.730481188496412, 30.022156596148395 ], [ -115.730286284872392, 30.022804404931627 ], [ -115.730091378562875, 30.023452213290206 ], [ -115.72993656240304, 30.024208689808134 ], [ -115.72986192980342, 30.025182503202199 ], [ -115.729892360541626, 30.026049049193603 ], [ -115.729947669707869, 30.026590990721047 ], [ -115.729975324474651, 30.026861961466256 ], [ -115.730058289509614, 30.027674873627848 ], [ -115.730089297013095, 30.028496307591123 ], [ -115.730016386618985, 30.029334785222588 ], [ -115.729863860081977, 30.029910813830622 ], [ -115.729671524486164, 30.03035561768667 ], [ -115.729479187106719, 30.03080042118221 ], [ -115.729276651604877, 30.031231590646101 ], [ -115.729053721593203, 30.031635492344481 ], [ -115.728884707857858, 30.031877492490413 ], [ -115.728680293666955, 30.032075396000241 ], [ -115.72847344364844, 30.032255367202762 ], [ -115.72833437499196, 30.032360545178282 ], [ -115.728215557383805, 30.032304150497669 ], [ -115.728019927034069, 30.032193977624729 ], [ -115.727845611520465, 30.03203889335602 ], [ -115.727800469575371, 30.031998731552083 ], [ -115.727762116046492, 30.031964609217038 ], [ -115.727568758584638, 30.031792582597138 ], [ -115.72734202284137, 30.031682107862494 ], [ -115.726938668124447, 30.031596993973377 ], [ -115.726493145866201, 30.031565611327675 ], [ -115.725559933601474, 30.031556573680557 ], [ -115.725141477126812, 30.031841269226941 ], [ -115.724819315789873, 30.032704397216083 ], [ -115.724700835996117, 30.033858249141392 ], [ -115.72466755894942, 30.036456676929326 ], [ -115.724769607069831, 30.037396103748488 ], [ -115.725109032384964, 30.037615956565457 ], [ -115.725572687531695, 30.037042949760018 ], [ -115.72662419858996, 30.035104070314564 ], [ -115.726909589914925, 30.03453639894126 ], [ -115.726921952391436, 30.034527196175336 ], [ -115.726913964994139, 30.035151992319932 ], [ -115.727154412116292, 30.035813030573149 ], [ -115.727885454094107, 30.037038267408334 ], [ -115.728177529692601, 30.037717850021618 ], [ -115.728322704211919, 30.038531363408982 ], [ -115.728272582392762, 30.03920763683702 ], [ -115.728124810079734, 30.039815290120881 ], [ -115.727977035826598, 30.040422943131478 ], [ -115.728044438546462, 30.040829649686273 ], [ -115.72854219852627, 30.040834462529681 ], [ -115.72930439058409, 30.040435773720038 ], [ -115.729900657868129, 30.04003547818094 ], [ -115.730198789727524, 30.039835329336423 ] ], [ [ -115.724273115263074, 30.040531444033309 ], [ -115.724220207368319, 30.041018196105274 ], [ -115.724167298865311, 30.041504948105732 ], [ -115.723901686995958, 30.041998659859104 ], [ -115.72321066473549, 30.042506288654153 ], [ -115.72232457013115, 30.042858620474075 ], [ -115.721340937378713, 30.043133298825051 ], [ -115.720357299451734, 30.043407969648047 ], [ -115.719513248682674, 30.04371557410046 ], [ -115.718948378053412, 30.044089056644463 ], [ -115.718850981287943, 30.044403927482595 ], [ -115.71912366643727, 30.044975058819027 ], [ -115.719389350273346, 30.045284442356785 ], [ -115.719913717144635, 30.045641460648472 ], [ -115.720521979640694, 30.045927105819892 ], [ -115.721822406704703, 30.046427016031029 ], [ -115.72245257892223, 30.046622631182135 ], [ -115.723042660288115, 30.046709573023264 ], [ -115.723395954690929, 30.046658862535558 ], [ -115.723865754303603, 30.046419789808915 ], [ -115.724180340523631, 30.046152139396117 ], [ -115.724654297428785, 30.045588260778207 ], [ -115.725129635513227, 30.044916112566611 ], [ -115.726081677586293, 30.043463542480868 ], [ -115.726505490794693, 30.042763819315688 ], [ -115.726824904385296, 30.042117224609896 ], [ -115.726933451336805, 30.041739291113863 ], [ -115.726939681353372, 30.041252085945729 ], [ -115.726839326936414, 30.040989434924619 ], [ -115.726532035003714, 30.040688686602572 ], [ -115.726120237396202, 30.040450089484899 ], [ -115.725656187985749, 30.040242566872173 ], [ -115.725192140556501, 30.040035042671779 ], [ -115.724767899016172, 30.039958742590922 ], [ -115.724423265106566, 30.040144892764591 ], [ -115.724273115263074, 30.040531444033309 ] ] ] ] } },
{ "type": "Feature", "properties": { "fid": 49.0, "cat": 49, "CLAVE_ACUI": "0224", "NOM_ACUIF": "EL ROSARIO", "VULNERABIL": 5 }, "geometry": { "type": "MultiPolygon", "coordinates": [ [ [ [ -115.791144103182077, 29.958252819583041 ], [ -115.791670541793735, 29.958060180716515 ], [ -115.794577431185971, 29.958130746170294 ], [ -115.795325129458533, 29.957993418610737 ], [ -115.795668457500497, 29.957844648066292 ], [ -115.795904966912062, 29.957549015127242 ], [ -115.796286443485215, 29.95739833619859 ], [ -115.796942587629431, 29.957304877713007 ], [ -115.7973240683189, 29.95728198892126 ], [ -115.797697923844623, 29.957411685877208 ], [ -115.798003118630376, 29.957711132787637 ], [ -115.800017346972112, 29.957938099365148 ], [ -115.801037739061655, 29.957954609233312 ], [ -115.801055373963337, 29.9583267511522 ], [ -115.801048551499633, 29.958895180267131 ], [ -115.800993168751788, 29.95919245731837 ], [ -115.800833842393459, 29.959515859233086 ], [ -115.800623680678385, 29.959757585111817 ], [ -115.800152520074462, 29.960159359781915 ], [ -115.799839928644076, 29.960300891063056 ], [ -115.799373317380315, 29.960323710339612 ], [ -115.798908224879952, 29.960220210507586 ], [ -115.797979563009349, 29.959886888578847 ], [ -115.79754566830826, 29.959774644979255 ], [ -115.797172641853706, 29.959771239667489 ], [ -115.796984824662843, 29.959877808646414 ], [ -115.796794398662044, 29.960200921382235 ], [ -115.796585421649681, 29.960343391143358 ], [ -115.796148916878309, 29.960447686925228 ], [ -115.79563038621032, 29.960479042107636 ], [ -115.794511299937113, 29.960468806520737 ], [ -115.793900928016186, 29.960382006920884 ], [ -115.793188900598977, 29.960131847536346 ], [ -115.792612562318723, 29.959801715122826 ], [ -115.791595582546933, 29.959061474762731 ], [ -115.791251401695391, 29.95882985558297 ], [ -115.790974474298821, 29.958611960399171 ], [ -115.790739737314198, 29.958376795526384 ], [ -115.791144103182077, 29.958252819583041 ] ] ] ] } },
{ "type": "Feature", "properties": { "fid": null, "cat": null, "CLAVE_ACUI": "0224", "NOM_ACUIF": "EL ROSARIO", "VULNERABIL": 5 }, "geometry": { "type": "MultiPolygon", "coordinates": [ [ [ [ -115.809493087949534, 29.950074247076873 ], [ -115.810080543237603, 29.949276990110942 ], [ -115.810492522329014, 29.948657113867338 ], [ -115.810759542711907, 29.948126881340158 ], [ -115.811186787548195, 29.947680570662271 ], [ -115.81156826353714, 29.947539428838216 ], [ -115.811919227989051, 29.947587111140134 ], [ -115.812224420440202, 29.947814080478594 ], [ -115.81248383696115, 29.948098268982054 ], [ -115.813017933741335, 29.948805879743578 ], [ -115.813078989126382, 29.949376165820357 ], [ -115.812781444334234, 29.949723296590935 ], [ -115.812316046340797, 29.949999857483405 ], [ -115.812003231035249, 29.949969341024815 ], [ -115.811560723811382, 29.950318378554183 ], [ -115.811156333558927, 29.950378805251475 ], [ -115.81068290311562, 29.950455119347396 ], [ -115.810682903114966, 29.950455119347495 ], [ -115.810433807193846, 29.950517752122067 ], [ -115.809889555367022, 29.950654599011493 ], [ -115.809747517824931, 29.950690312985905 ], [ -115.809256593020962, 29.950820004850531 ], [ -115.809493087949534, 29.950074247076873 ] ] ] ] } }
]
}
