{
"type": "FeatureCollection",
"name": "0227",
"crs": { "type": "name", "properties": { "name": "urn:ogc:def:crs:OGC:1.3:CRS84" } },
"features": [
{ "type": "Feature", "properties": { "fid": 1.0, "cat": 2, "CLAVE_ACUI": "0227", "NOM_ACUIF": "VILLA DE JESÚS MARÍA", "VULNERABIL": 2 }, "geometry": { "type": "MultiPolygon", "coordinates": [ [ [ [ -113.967328563499166, 28.456124777713882 ], [ -113.967675641442185, 28.455122741489951 ], [ -113.967689664506239, 28.45501342733403 ], [ -113.967496521163511, 28.454125120523738 ], [ -113.967313575493606, 28.453808081006503 ], [ -113.966270791139507, 28.452283899279347 ], [ -113.965900649364841, 28.451843790879039 ], [ -113.965216090540054, 28.451314137375661 ], [ -113.964608291398903, 28.450997596434139 ], [ -113.962456471986172, 28.450050038793382 ], [ -113.961801940693519, 28.449704059911291 ], [ -113.960899265669241, 28.449037067754126 ], [ -113.960264263964149, 28.448430200638867 ], [ -113.958203642724484, 28.446265127305136 ], [ -113.957598911893882, 28.445713399109632 ], [ -113.956837407527942, 28.445303761134262 ], [ -113.956354269739109, 28.445270293460798 ], [ -113.954861122431609, 28.445523742180413 ], [ -113.954431733060801, 28.445565206829091 ], [ -113.953921068789583, 28.445505268261563 ], [ -113.953620938736535, 28.445378177609925 ], [ -113.952731001100517, 28.444845023696406 ], [ -113.952504469476096, 28.444680815442151 ], [ -113.952337254746681, 28.444447667972238 ], [ -113.95232490765521, 28.444278808774122 ], [ -113.952434501626755, 28.443723946789213 ], [ -113.952525702557026, 28.443562986917463 ], [ -113.952841712729196, 28.443366702463315 ], [ -113.953201954366733, 28.443247255246845 ], [ -113.954567066205357, 28.44288611183233 ], [ -113.954897349737365, 28.442721646894881 ], [ -113.955073566667863, 28.442315295098911 ], [ -113.954995023174206, 28.441899257995484 ], [ -113.95445228137396, 28.440364101192557 ], [ -113.954367864649512, 28.439943117217556 ], [ -113.954516650404912, 28.439513684285028 ], [ -113.954813616568558, 28.439321192260294 ], [ -113.956050666383035, 28.438852322772032 ], [ -113.956371421136524, 28.438689753345635 ], [ -113.956631233161232, 28.438399971630634 ], [ -113.956681639163108, 28.438148567755437 ], [ -113.956657056664525, 28.437265131548827 ], [ -113.956627431662952, 28.437025615193679 ], [ -113.956513763810477, 28.436791308406438 ], [ -113.956381006207664, 28.436696100673661 ], [ -113.955875139381888, 28.43648610355504 ], [ -113.955742382700407, 28.436390895123484 ], [ -113.9556287175444, 28.436156587381024 ], [ -113.95559909538953, 28.435917070572376 ], [ -113.95557452416638, 28.435033633210956 ], [ -113.955532583488647, 28.434763941138741 ], [ -113.95536143167503, 28.434388815381567 ], [ -113.955158870419567, 28.43412261321874 ], [ -113.954384743409392, 28.433255459105425 ], [ -113.954193377847147, 28.432978864396333 ], [ -113.954074458401195, 28.432555246387555 ], [ -113.954095938125377, 28.43222667280687 ], [ -113.954315093483544, 28.431116947455791 ], [ -113.954295713711446, 28.43076389220462 ], [ -113.953986123570786, 28.430226025894591 ], [ -113.953563234346603, 28.429810699380365 ], [ -113.951899365959221, 28.428410361380106 ], [ -113.9513793996244, 28.428012355272962 ], [ -113.950616735763475, 28.427555343030328 ], [ -113.950047181204482, 28.427300474250742 ], [ -113.948151934579045, 28.426568084496225 ], [ -113.947657381601672, 28.426326801096433 ], [ -113.947244701559853, 28.425933218010819 ], [ -113.94714971037186, 28.425612241433978 ], [ -113.947119097381332, 28.424507934611157 ], [ -113.947275367199381, 28.424140923760064 ], [ -113.948035232962695, 28.423532511188327 ], [ -113.948964478702976, 28.423030356446976 ], [ -113.952541023644187, 28.421295330319275 ], [ -113.953609575379915, 28.420851008420463 ], [ -113.955019673714091, 28.420512575983345 ], [ -113.955965555174714, 28.420473424018194 ], [ -113.958969578085672, 28.420629115052346 ], [ -113.959865387595855, 28.420646836861724 ], [ -113.961041805977743, 28.420573882213588 ], [ -113.961826592492244, 28.420451940776886 ], [ -113.964312496145908, 28.419955814918893 ], [ -113.965474332924501, 28.419977850991746 ], [ -113.96841036746315, 28.420576798390858 ], [ -113.971442901633125, 28.421410349311614 ], [ -113.982659050730177, 28.424700751736495 ], [ -113.985372222973695, 28.425509822028555 ], [ -113.986599735371485, 28.425941046132881 ], [ -113.987666010012816, 28.426351949033698 ], [ -113.988440905220472, 28.426605868208817 ], [ -113.988442950621817, 28.426684293622614 ], [ -113.988468165867786, 28.426798284627775 ], [ -113.988504783111154, 28.426877275914784 ], [ -113.988599815952853, 28.427082282239166 ], [ -113.988678338687293, 28.427346765097152 ], [ -113.988745090591266, 28.427638892484378 ], [ -113.988880132313739, 28.428304361081462 ], [ -113.988936786339622, 28.428757878840109 ], [ -113.98893554347157, 28.429062266067717 ], [ -113.988636281764755, 28.429850196916181 ], [ -113.988210701330203, 28.430500529158891 ], [ -113.986523881601386, 28.432747472506858 ], [ -113.986108752909473, 28.433362053575188 ], [ -113.985858345619931, 28.433983164886332 ], [ -113.985915753817679, 28.43425588645589 ], [ -113.986434071606084, 28.434907474455617 ], [ -113.986582693977425, 28.435157897682583 ], [ -113.986757944443923, 28.435674952696548 ], [ -113.986859680223546, 28.436163179529053 ], [ -113.987159203261072, 28.437924515542662 ], [ -113.987182343034164, 28.438475353000545 ], [ -113.986990796471659, 28.439284592802338 ], [ -113.986694015666188, 28.439889811880857 ], [ -113.985500560665727, 28.44190492324562 ], [ -113.985203480179138, 28.442499998837427 ], [ -113.985010584098632, 28.443261911431481 ], [ -113.985032101726077, 28.443755282738778 ], [ -113.985325421218747, 28.445295768708348 ], [ -113.985356705367224, 28.445728040512794 ], [ -113.98520937144049, 28.446204823865141 ], [ -113.984967608942384, 28.446453670877784 ], [ -113.983986710725617, 28.447138169877235 ], [ -113.983733469133469, 28.447387266857064 ], [ -113.9835325801035, 28.447865224076121 ], [ -113.983498838278237, 28.448298923446025 ], [ -113.983542268528041, 28.449844896485203 ], [ -113.983582968125376, 28.45027188844427 ], [ -113.983691098923103, 28.450601563274823 ], [ -113.98388301801306, 28.450803119396145 ], [ -113.984226394377799, 28.451037430633015 ], [ -113.985497569393175, 28.451782983994548 ], [ -113.986010382801581, 28.452017084440591 ], [ -113.986405641187829, 28.452188914191968 ], [ -113.986168857636883, 28.452287171563135 ], [ -113.982722187492399, 28.4537195120995 ], [ -113.978854908318567, 28.455326646085027 ], [ -113.96718794191797, 28.460314274022011 ], [ -113.963883508392485, 28.461708933067385 ], [ -113.960941621113165, 28.462862224199178 ], [ -113.96004343337232, 28.46311518220686 ], [ -113.959093471300463, 28.463135867291729 ], [ -113.958793818626859, 28.463142390743727 ], [ -113.958473129512129, 28.463103707293776 ], [ -113.958226196693701, 28.462895982625646 ], [ -113.958194124683274, 28.462637917185024 ], [ -113.958291386961136, 28.461641336746592 ], [ -113.958350557205719, 28.461360990259674 ], [ -113.958529422710086, 28.461049287026011 ], [ -113.958725774301286, 28.460884342984016 ], [ -113.959463212836255, 28.46042630529735 ], [ -113.959648934283038, 28.460292034234847 ], [ -113.959778199577386, 28.460123475732271 ], [ -113.959777143253859, 28.460016949120796 ], [ -113.959642949247012, 28.459688383368469 ], [ -113.959698423215897, 28.459550183123728 ], [ -113.960091493752842, 28.459233813934116 ], [ -113.960597546609549, 28.458920056781103 ], [ -113.96256603069935, 28.45777221100931 ], [ -113.963135608077991, 28.457472281966666 ], [ -113.963143428510676, 28.457469426205922 ], [ -113.963158275837486, 28.457461640281664 ], [ -113.963953626232922, 28.457160168865208 ], [ -113.964497597816816, 28.45704006635162 ], [ -113.966240778016569, 28.456781048794277 ], [ -113.966710296608056, 28.456667635996741 ], [ -113.967158208166026, 28.456397406240956 ], [ -113.967328563499166, 28.456124777713882 ] ] ] ] } },
{ "type": "Feature", "properties": { "fid": 2.0, "cat": 3, "CLAVE_ACUI": "0227", "NOM_ACUIF": "VILLA DE JESÚS MARÍA", "VULNERABIL": 3 }, "geometry": { "type": "MultiPolygon", "coordinates": [ [ [ [ -114.085940240079395, 28.249157646161596 ], [ -114.086139805578384, 28.248936383103825 ], [ -114.086709925113183, 28.248948545111187 ], [ -114.087164005979659, 28.24873270906577 ], [ -114.087546820383608, 28.248515351740764 ], [ -114.087988642464737, 28.248750293480168 ], [ -114.088362387545118, 28.248866511648707 ], [ -114.088627442965262, 28.248484265525292 ], [ -114.089645511775757, 28.248505962886501 ], [ -114.090150137899315, 28.248679090143533 ], [ -114.090335734230919, 28.248971711425661 ], [ -114.090718194663026, 28.24914223409462 ], [ -114.091084109299459, 28.249546945597668 ], [ -114.091518354657381, 28.250061361683528 ], [ -114.091961661497038, 28.250242197752836 ], [ -114.09209288893571, 28.249911220039436 ], [ -114.091654234593534, 28.249559087223467 ], [ -114.091414893755214, 28.248994697264248 ], [ -114.091248533944295, 28.248368715258977 ], [ -114.090423023566728, 28.24800833965125 ], [ -114.089601330613021, 28.247882582777326 ], [ -114.089031215277643, 28.247870433247968 ], [ -114.088456444084272, 28.24802957815178 ], [ -114.087879334384112, 28.247900003709116 ], [ -114.086992149735707, 28.247935210016962 ], [ -114.086347583044699, 28.248038732221143 ], [ -114.085827759563259, 28.248424558765006 ], [ -114.085570299570065, 28.248527315209717 ], [ -114.084638712885535, 28.247948142076361 ], [ -114.083875168554329, 28.247931842092584 ], [ -114.083223235076673, 28.248305816717679 ], [ -114.082956443101693, 28.248751159984117 ], [ -114.082497689039116, 28.24913827725624 ], [ -114.0820613932041, 28.249074831826235 ], [ -114.081936658693792, 28.248792521608003 ], [ -114.082093677740758, 28.247892799896544 ], [ -114.07873092927548, 28.246672967329591 ], [ -114.078873346901432, 28.246233968537911 ], [ -114.077629308524664, 28.24357326986182 ], [ -114.076897934140803, 28.242424470443162 ], [ -114.072917964960226, 28.238499670740019 ], [ -114.072351922313814, 28.237936858606759 ], [ -114.072339109072075, 28.237740847299971 ], [ -114.072326262893043, 28.237615527214043 ], [ -114.072315258156863, 28.237432351927104 ], [ -114.072313215298038, 28.237318010722099 ], [ -114.072455370503818, 28.237472703781258 ], [ -114.074693755229305, 28.239865812517216 ], [ -114.076250245835965, 28.241199016556504 ], [ -114.077608371145999, 28.242688621587035 ], [ -114.078287444503502, 28.243722381433443 ], [ -114.078646060363099, 28.244409011067159 ], [ -114.079370927800724, 28.245948207028654 ], [ -114.079546424439528, 28.246402146030139 ], [ -114.079370958404382, 28.246850364526551 ], [ -114.082364342681714, 28.24791114952609 ], [ -114.082750927626961, 28.248048146140281 ], [ -114.083078988440789, 28.247659053750379 ], [ -114.083796158824768, 28.247224185877091 ], [ -114.08564252996932, 28.247208922870559 ], [ -114.089136908900727, 28.247392016007456 ], [ -114.090990904373982, 28.247207002324803 ], [ -114.092524447061535, 28.24678739092202 ], [ -114.09357729694969, 28.245627745062354 ], [ -114.093790904050564, 28.244956371594331 ], [ -114.093957744863204, 28.24474226215737 ], [ -114.094168222086992, 28.244654811310738 ], [ -114.094350099638532, 28.244650361952868 ], [ -114.094686350410868, 28.244716760380335 ], [ -114.094829290504592, 28.244772713152049 ], [ -114.094994392718988, 28.24493470827375 ], [ -114.095087313093003, 28.245110177164637 ], [ -114.095272239219412, 28.245562533732958 ], [ -114.095347013265098, 28.245897540744718 ], [ -114.095339306915022, 28.246285831120911 ], [ -114.095243621839472, 28.246774143667633 ], [ -114.095016315258917, 28.24749973974307 ], [ -114.094095331609381, 28.250172386578939 ], [ -114.093868012136511, 28.250897981613729 ], [ -114.093728194986639, 28.251611447022807 ], [ -114.093728944977755, 28.251619431230747 ], [ -114.093728487969429, 28.251621587499059 ], [ -114.093755778105674, 28.25190508843443 ], [ -114.094024319545753, 28.252561949138233 ], [ -114.094122972286371, 28.252737288389891 ], [ -114.094314808435939, 28.252898677844989 ], [ -114.094490207181295, 28.252953894839123 ], [ -114.095116898675229, 28.253050183080418 ], [ -114.095303750033111, 28.253105139414284 ], [ -114.095549031461388, 28.253265315562491 ], [ -114.095712582459527, 28.253439182322783 ], [ -114.096230542540866, 28.25409038316624 ], [ -114.096480427051588, 28.254277511968521 ], [ -114.097128592209714, 28.254499578394203 ], [ -114.09780465831858, 28.254629684833652 ], [ -114.100311475098209, 28.255014754943293 ], [ -114.100987840528347, 28.25515498543502 ], [ -114.101637389359468, 28.255424351098387 ], [ -114.101888950580189, 28.255668931191586 ], [ -114.102413357777266, 28.256540939645696 ], [ -114.102641431016565, 28.256765757606086 ], [ -114.10318136107189, 28.256942899939229 ], [ -114.103724615719514, 28.256971140989727 ], [ -114.105719870236186, 28.256925773967676 ], [ -114.106268997735427, 28.25695894476971 ], [ -114.106836342194583, 28.257159124973818 ], [ -114.107097707737523, 28.257411927278952 ], [ -114.107750075593017, 28.258391490162953 ], [ -114.107960646218729, 28.258670814174781 ], [ -114.108290934893219, 28.258994765296951 ], [ -114.108552205007456, 28.259178228471765 ], [ -114.109441180821406, 28.259710435457048 ], [ -114.109729760403127, 28.259847612620856 ], [ -114.110187484596025, 28.259955568719949 ], [ -114.110552796141533, 28.259972614285946 ], [ -114.111799857587044, 28.259944198246782 ], [ -114.112140789588622, 28.259911060134218 ], [ -114.112484744713569, 28.259784838051946 ], [ -114.112635177079142, 28.259637659499077 ], [ -114.112993238039564, 28.259077048409278 ], [ -114.113058783014495, 28.258769452763467 ], [ -114.113006601717174, 28.257894617809406 ], [ -114.112866515077727, 28.256952448864208 ], [ -114.112264988774029, 28.253430491065497 ], [ -114.112136370206215, 28.252488058874235 ], [ -114.112169848879887, 28.251929723739138 ], [ -114.112256112392728, 28.251566370772508 ], [ -114.112455625430613, 28.251193203583249 ], [ -114.112627815731173, 28.250967560095237 ], [ -114.112875513747866, 28.250736636899443 ], [ -114.113108298541448, 28.250597728282091 ], [ -114.113319938867477, 28.250545798573029 ], [ -114.11358720098184, 28.25051578147912 ], [ -114.114038563093303, 28.250537622252018 ], [ -114.114886949973254, 28.250633467402263 ], [ -114.115538484714449, 28.250717897831734 ], [ -114.116107849174654, 28.250809488376749 ], [ -114.116551552314064, 28.250895863016286 ], [ -114.116592529059034, 28.251023399604343 ], [ -114.116639992495408, 28.251171125460512 ], [ -114.116669444471, 28.251262792196925 ], [ -114.116718174985309, 28.251414461723986 ], [ -114.117084426388971, 28.2522689353186 ], [ -114.117450660853748, 28.252619878402868 ], [ -114.117649024017354, 28.252398630506818 ], [ -114.118221239349168, 28.252186917903085 ], [ -114.118801099848469, 28.252423422365769 ], [ -114.118908533335073, 28.252647214600163 ], [ -114.119098676163475, 28.253043296769366 ], [ -114.119113943680063, 28.25305503069287 ], [ -114.119128547179969, 28.253189333250042 ], [ -114.119143219166375, 28.253692964599733 ], [ -114.119148404692893, 28.25387095971616 ], [ -114.119135875165057, 28.254055002946146 ], [ -114.11911214956892, 28.254199895616502 ], [ -114.119067817619793, 28.254296254665402 ], [ -114.119006227144865, 28.254374321742432 ], [ -114.118890239250419, 28.254492316536862 ], [ -114.118783993303367, 28.254581608684916 ], [ -114.118629018401862, 28.254681234868951 ], [ -114.118456108965631, 28.254809099719299 ], [ -114.118294232679631, 28.254942801973169 ], [ -114.118091877091658, 28.255131464447356 ], [ -114.117615363530518, 28.255575733016023 ], [ -114.117394677619146, 28.255802313858368 ], [ -114.117215205030746, 28.256066850322348 ], [ -114.117179502246302, 28.256218178956725 ], [ -114.117192362530545, 28.256659842871905 ], [ -114.117218908543464, 28.256784382977735 ], [ -114.117329929658098, 28.256923906173412 ], [ -114.11746198532343, 28.256998684807019 ], [ -114.117967224911126, 28.257208127403402 ], [ -114.118087829087415, 28.257283166874732 ], [ -114.118145407978801, 28.257423909689425 ], [ -114.118107059157353, 28.257549931479847 ], [ -114.117870517884953, 28.257997290208287 ], [ -114.117740845234081, 28.258135544205658 ], [ -114.117372247714471, 28.258333370425024 ], [ -114.116975351766925, 28.258477724484738 ], [ -114.115491760186572, 28.258953541903839 ], [ -114.115153891893442, 28.259157425978366 ], [ -114.11506077327337, 28.259633076740581 ], [ -114.115265617804923, 28.2601086939761 ], [ -114.116314699980961, 28.26185258355353 ], [ -114.116588567227907, 28.262336769629762 ], [ -114.116817511641742, 28.262852421490908 ], [ -114.116870705856073, 28.263104881548657 ], [ -114.116890000035767, 28.263767376937032 ], [ -114.116866831132199, 28.26395562496921 ], [ -114.116739414712427, 28.26417162039294 ], [ -114.116580559892171, 28.264291937118617 ], [ -114.115966651599962, 28.264637418302545 ], [ -114.115715284958682, 28.264729404617448 ], [ -114.115156150766893, 28.26481319304914 ], [ -114.114608754248579, 28.264840903010398 ], [ -114.112613369204254, 28.264886411432791 ], [ -114.112088876873983, 28.264913589104509 ], [ -114.111636633356326, 28.264994926587754 ], [ -114.11151506374253, 28.265083946938507 ], [ -114.111399982522812, 28.265418038604075 ], [ -114.111405281883989, 28.265534608382122 ], [ -114.111545094184549, 28.265744508930283 ], [ -114.111739527230696, 28.265927796796525 ], [ -114.112507074398664, 28.266573236640998 ], [ -114.112616348130089, 28.266783832135456 ], [ -114.112358738486847, 28.267121174139042 ], [ -114.111881448441025, 28.267392494635324 ], [ -114.109911683452481, 28.268321299471836 ], [ -114.109428507164836, 28.268587672569605 ], [ -114.109143470516287, 28.268901957603426 ], [ -114.109219453972884, 28.269084564369912 ], [ -114.109859084975156, 28.269622442382694 ], [ -114.1100598816206, 28.269761617001851 ], [ -114.110357298083287, 28.269873222273173 ], [ -114.110581381705074, 28.269893483725621 ], [ -114.111329688069844, 28.269876429841268 ], [ -114.111643484158208, 28.269828689218766 ], [ -114.112359558055147, 28.269622953859301 ], [ -114.11306872193019, 28.269376784498103 ], [ -114.115662051026391, 28.268433703837339 ], [ -114.116087280550516, 28.268250557568532 ], [ -114.116367322022683, 28.268110209602405 ], [ -114.116653282345496, 28.267957414043661 ], [ -114.116915772616281, 28.267806808787928 ], [ -114.117219613295575, 28.267627636592213 ], [ -114.117113792708224, 28.267766816602837 ], [ -114.117002539991091, 28.26792978389469 ], [ -114.116920038197989, 28.268055627430261 ], [ -114.116810951793781, 28.268230032239529 ], [ -114.11657697737796, 28.268662147461278 ], [ -114.116279083548918, 28.269288615214858 ], [ -114.115935797121878, 28.270093814701767 ], [ -114.115719028246474, 28.270521553331708 ], [ -114.115410726328534, 28.270954763131979 ], [ -114.11518706456819, 28.271145895578972 ], [ -114.114451609100826, 28.271604635393729 ], [ -114.114207102734028, 28.271867270874154 ], [ -114.113801529174665, 28.272634164925496 ], [ -114.113466641794119, 28.273467092252847 ], [ -114.112309374785113, 28.276587189434213 ], [ -114.11194157784459, 28.277471599424793 ], [ -114.111382489239503, 28.278478751362861 ], [ -114.110951589135226, 28.279033129482599 ], [ -114.109499790954317, 28.280613068880523 ], [ -114.109024232572708, 28.281209047346916 ], [ -114.108256773980187, 28.282410346406582 ], [ -114.107635957005996, 28.28353050888229 ], [ -114.105506189374893, 28.287556622864376 ], [ -114.104918507042456, 28.288635433427029 ], [ -114.104305840787347, 28.289643781297457 ], [ -114.104018293389302, 28.290005468776283 ], [ -114.103289072790076, 28.290684995042685 ], [ -114.103045577268531, 28.290984796683347 ], [ -114.102638487933902, 28.291704346185369 ], [ -114.102300424823326, 28.292432472231816 ], [ -114.101129857238604, 28.295110840950418 ], [ -114.100837012835711, 28.295817642328856 ], [ -114.100641004210061, 28.296437683797279 ], [ -114.100653839303789, 28.296616656266806 ], [ -114.100909746837516, 28.296831819403298 ], [ -114.100953716078109, 28.296898466812902 ], [ -114.100902997659105, 28.296994325257987 ], [ -114.100786573350291, 28.29706461842558 ], [ -114.100293977000518, 28.29729679378725 ], [ -114.10014435835285, 28.297408428940617 ], [ -114.099938735078808, 28.297697218469541 ], [ -114.099794605830709, 28.297998139821196 ], [ -114.099327621279542, 28.299113649474378 ], [ -114.099175266713445, 28.299526374583916 ], [ -114.098931266702024, 28.300336915904168 ], [ -114.098735048793415, 28.301082106934381 ], [ -114.098063350603582, 28.303749122943508 ], [ -114.097865946530405, 28.304453751941779 ], [ -114.097616440672127, 28.305075005373315 ], [ -114.097457409196608, 28.305257881274212 ], [ -114.096964768361644, 28.305490047898168 ], [ -114.09684862635288, 28.305570478923084 ], [ -114.09679927245638, 28.30571365805968 ], [ -114.096844909152082, 28.305837768709946 ], [ -114.097107235744318, 28.306273772190742 ], [ -114.097141709342893, 28.306408283222297 ], [ -114.097040257959677, 28.306599998280753 ], [ -114.096860853323051, 28.306739365747621 ], [ -114.096125079310937, 28.307198030104772 ], [ -114.095934802339215, 28.307357937357708 ], [ -114.095782620651349, 28.307645508904937 ], [ -114.095755495640205, 28.307896418335893 ], [ -114.095781095105735, 28.308779757454548 ], [ -114.095623232706814, 28.309267016373088 ], [ -114.094860930121072, 28.310657550498803 ], [ -114.093929768881267, 28.312156765081028 ], [ -114.090346447054344, 28.317762525747856 ], [ -114.089415167217894, 28.319261717952909 ], [ -114.088652721801637, 28.320652227516881 ], [ -114.08849481385684, 28.321139481373173 ], [ -114.088520367463929, 28.32202282485121 ], [ -114.088504391117027, 28.322263334001338 ], [ -114.08840428027959, 28.322502366611825 ], [ -114.08827724095336, 28.322603332536652 ], [ -114.087784500466114, 28.322835473284854 ], [ -114.087668333169603, 28.32291589832656 ], [ -114.087618960916686, 28.32305907541841 ], [ -114.087664596676788, 28.32318318913094 ], [ -114.087926937260335, 28.323619208947246 ], [ -114.087961700626295, 28.323763862902826 ], [ -114.087861587459145, 28.324002895274603 ], [ -114.087683804640065, 28.324199715994052 ], [ -114.086954259275757, 28.324879178373511 ], [ -114.086755313008879, 28.325137359662101 ], [ -114.086556447030659, 28.325662745159025 ], [ -114.086471299353377, 28.326155114751685 ], [ -114.08627280831476, 28.327927454023321 ], [ -114.086154450742953, 28.328461163604732 ], [ -114.085800606029139, 28.329179468776417 ], [ -114.085413469001267, 28.329671908755198 ], [ -114.083960651242293, 28.331251649627312 ], [ -114.083585252214235, 28.331753966700258 ], [ -114.083286231198699, 28.332518379491439 ], [ -114.083234460029971, 28.333108081347998 ], [ -114.083291888111134, 28.335095610377596 ], [ -114.083330926211019, 28.335652816713548 ], [ -114.083400600247529, 28.335995060574032 ], [ -114.083485785255007, 28.336301320901981 ], [ -114.083549600708807, 28.336456015442746 ], [ -114.083625880806395, 28.336610668296107 ], [ -114.083779937681854, 28.336891365265974 ], [ -114.084119574519505, 28.337455810402506 ], [ -114.084260303453377, 28.3376768484402 ], [ -114.084119657216149, 28.338059733804158 ], [ -114.083440666547929, 28.339452070363379 ], [ -114.082776925798782, 28.340565940434615 ], [ -114.08262436319842, 28.341464282357528 ], [ -114.081823294576935, 28.342745995949816 ], [ -114.081151929117965, 28.344020078648256 ], [ -114.080541602121016, 28.345307513151173 ], [ -114.080251711646994, 28.346373699493398 ], [ -114.079793957503512, 28.347094662728029 ], [ -114.079252296808534, 28.348382097065524 ], [ -114.078695389906656, 28.350058622037565 ], [ -114.077680721485351, 28.352236770258411 ], [ -114.076910209278836, 28.354645702409243 ], [ -114.076505868886784, 28.355540230974256 ], [ -114.076078654248661, 28.356884884081342 ], [ -114.075468331719733, 28.358332532082237 ], [ -114.074941911516504, 28.359061125155836 ], [ -114.073988274490816, 28.361069522598672 ], [ -114.073446613459481, 28.362347420714059 ], [ -114.073034654440889, 28.363583357050121 ], [ -114.072203105096079, 28.365992289325423 ], [ -114.071913216464338, 28.367113787279145 ], [ -114.071646198107061, 28.367666906855774 ], [ -114.071379176097508, 28.368111310603073 ], [ -114.070898549866968, 28.369347247095291 ], [ -114.070601041396785, 28.370747211511578 ], [ -114.070120417857169, 28.372036553104813 ], [ -114.069235450831655, 28.374155574516308 ], [ -114.069143929302768, 28.375172170116098 ], [ -114.068678545946668, 28.375893133348747 ], [ -114.067808820386361, 28.377455220926578 ], [ -114.067061171747241, 28.379124117523812 ], [ -114.066023633888065, 28.381870643167293 ], [ -114.065474352417439, 28.383436544833376 ], [ -114.064329978324665, 28.385549844565212 ], [ -114.063506048776205, 28.38768030944161 ], [ -114.063292448967175, 28.388576744961348 ], [ -114.063010184642437, 28.389526584843569 ], [ -114.06198789546842, 28.391985107778492 ], [ -114.060401075837419, 28.396289905362792 ], [ -114.060057776501907, 28.397302686692271 ], [ -114.059630563614675, 28.398700744864527 ], [ -114.059348308698077, 28.399930958606451 ], [ -114.058867671742505, 28.400821672473171 ], [ -114.058654079547495, 28.401945077648623 ], [ -114.058181069987242, 28.40278238729309 ], [ -114.057761479627175, 28.403955382303231 ], [ -114.057219818805223, 28.405240909164064 ], [ -114.057067260140599, 28.40625750489054 ], [ -114.056640047244869, 28.407655563055375 ], [ -114.055724599442826, 28.410901803103151 ], [ -114.055427094907316, 28.412420021322067 ], [ -114.054542126852922, 28.414483730147413 ], [ -114.053992847457351, 28.416112573090164 ], [ -114.053100256926641, 28.41840325158817 ], [ -114.052665420592021, 28.419972966897767 ], [ -114.051955962419314, 28.422889243227417 ], [ -114.051383816055051, 28.425185643246348 ], [ -114.048448339987857, 28.426405545699527 ], [ -114.042927947716819, 28.428699667647656 ], [ -114.038203696208299, 28.43066293557175 ], [ -114.036178093520263, 28.431504719879218 ], [ -114.036134262191979, 28.431350201681372 ], [ -114.03609942543855, 28.431214655040723 ], [ -114.036069228726106, 28.43112182253218 ], [ -114.036023941684732, 28.431033111439667 ], [ -114.035940598154099, 28.430928426677625 ], [ -114.035807688108676, 28.430829921073499 ], [ -114.035298568325231, 28.430509807655945 ], [ -114.035155490821936, 28.430457190783468 ], [ -114.034967547649586, 28.430422277248905 ], [ -114.034795783463522, 28.430389113036643 ], [ -114.034578574432842, 28.430353370426957 ], [ -114.033769180119293, 28.430371426395443 ], [ -114.03370417361451, 28.43037287635153 ], [ -114.033437802152775, 28.430424479961278 ], [ -114.033069135712879, 28.430645793744571 ], [ -114.032808840003739, 28.430910352762485 ], [ -114.031962784553272, 28.431923645739264 ], [ -114.031771748714377, 28.432201879913428 ], [ -114.031726313026269, 28.432487015609063 ], [ -114.031846807937114, 28.432794343460234 ], [ -114.032184757796003, 28.433164239471569 ], [ -114.029699212227158, 28.434197163286147 ], [ -114.018529468403074, 28.43883899908398 ], [ -114.008295738437297, 28.443091853477839 ], [ -113.987677932912007, 28.451674200756589 ], [ -113.986405641187829, 28.452188914191968 ], [ -113.986010382801581, 28.452017084440591 ], [ -113.985497569393175, 28.451782983994548 ], [ -113.984226394377799, 28.451037430633015 ], [ -113.98388301801306, 28.450803119396145 ], [ -113.983691098923103, 28.450601563274823 ], [ -113.983582968125376, 28.45027188844427 ], [ -113.983542268528041, 28.449844896485203 ], [ -113.983498838278237, 28.448298923446025 ], [ -113.9835325801035, 28.447865224076121 ], [ -113.983733469133469, 28.447387266857064 ], [ -113.983986710725617, 28.447138169877235 ], [ -113.984967608942384, 28.446453670877784 ], [ -113.98520937144049, 28.446204823865141 ], [ -113.985356705367224, 28.445728040512794 ], [ -113.985325421218747, 28.445295768708348 ], [ -113.985032101726077, 28.443755282738778 ], [ -113.985010584098632, 28.443261911431481 ], [ -113.985203480179138, 28.442499998837427 ], [ -113.985500560665727, 28.44190492324562 ], [ -113.986694015666188, 28.439889811880857 ], [ -113.986990796471659, 28.439284592802338 ], [ -113.987182343034164, 28.438475353000545 ], [ -113.987159203261072, 28.437924515542662 ], [ -113.986859680223546, 28.436163179529053 ], [ -113.986757944443923, 28.435674952696548 ], [ -113.986582693977425, 28.435157897682583 ], [ -113.986434071606084, 28.434907474455617 ], [ -113.985915753817679, 28.43425588645589 ], [ -113.985858345619931, 28.433983164886332 ], [ -113.986108752909473, 28.433362053575188 ], [ -113.986523881601386, 28.432747472506858 ], [ -113.988210701330203, 28.430500529158891 ], [ -113.988636281764755, 28.429850196916181 ], [ -113.98893554347157, 28.429062266067717 ], [ -113.988936786339622, 28.428757878840109 ], [ -113.988880132313739, 28.428304361081462 ], [ -113.988745090591266, 28.427638892484378 ], [ -113.988678338687293, 28.427346765097152 ], [ -113.988599815952853, 28.427082282239166 ], [ -113.988504783111154, 28.426877275914784 ], [ -113.988468165867786, 28.426798284627775 ], [ -113.988442950621817, 28.426684293622614 ], [ -113.988440905220472, 28.426605868208817 ], [ -113.988456548714453, 28.42655029377968 ], [ -113.988502217590806, 28.426499043151765 ], [ -113.988570227497178, 28.426455595186106 ], [ -113.988627426771529, 28.42643795428841 ], [ -113.988690160286509, 28.426422961278632 ], [ -113.988853854811836, 28.426406551333919 ], [ -113.989186504765186, 28.426421806712622 ], [ -113.989522461267782, 28.426446905860079 ], [ -113.990095841367719, 28.426519669832153 ], [ -113.990548907931725, 28.426623262620886 ], [ -113.991048065731391, 28.426831306383704 ], [ -113.991782776765717, 28.42724134231074 ], [ -113.99237915580008, 28.427698389437644 ], [ -113.994427583813476, 28.429421220768852 ], [ -113.99498354818239, 28.42986899735881 ], [ -113.995529582599318, 28.43023581061896 ], [ -113.99575366369028, 28.430312054892489 ], [ -113.996253338624001, 28.430301048646456 ], [ -113.99648860648621, 28.430366897810551 ], [ -113.997086850493076, 28.430685199495418 ], [ -113.997706220450738, 28.431074064682214 ], [ -113.999998405706492, 28.432570442361452 ], [ -114.000745997140768, 28.433027495940777 ], [ -114.001942542023826, 28.433664054491803 ], [ -114.002904301692809, 28.434116367867784 ], [ -114.00619601231837, 28.435590559369718 ], [ -114.007098433403698, 28.435973121064784 ], [ -114.008017972099339, 28.436284266232352 ], [ -114.008429172880241, 28.43634620207434 ], [ -114.009428567515968, 28.436324090425082 ], [ -114.00969865034206, 28.436267376795904 ], [ -114.009909929549977, 28.436071028639617 ], [ -114.009959642191674, 28.43602482903356 ], [ -114.010170920438014, 28.435828480538337 ], [ -114.010247583304491, 28.43556295249682 ], [ -114.010344352623932, 28.43456636995716 ], [ -114.010474790565468, 28.434336502444665 ], [ -114.01103640568121, 28.434141773437783 ], [ -114.01169817115796, 28.434133885589965 ], [ -114.014202860313631, 28.434299384219219 ], [ -114.014871080486259, 28.434316706111812 ], [ -114.015484749343926, 28.434232069744677 ], [ -114.015693198580337, 28.434093841325442 ], [ -114.016052291395397, 28.433533412949004 ], [ -114.016142850060874, 28.433286177661309 ], [ -114.016206366297865, 28.43269284177541 ], [ -114.016206545708258, 28.432092454361037 ], [ -114.016143871246499, 28.429883981813322 ], [ -114.016074358428696, 28.42925469759486 ], [ -114.015812637896346, 28.428526510456386 ], [ -114.015508265312192, 28.428115526710386 ], [ -114.014349593977954, 28.426925782908807 ], [ -114.014001646055533, 28.426596939530565 ], [ -114.013536546254883, 28.426252087089214 ], [ -114.01322006483818, 28.426088284338185 ], [ -114.012208254063438, 28.425668720099761 ], [ -114.01190554621445, 28.425585787908261 ], [ -114.011504715633095, 28.425618339502691 ], [ -114.011234807423634, 28.425747774161199 ], [ -114.010376060827952, 28.426319248784349 ], [ -114.010148453517047, 28.426523850505916 ], [ -114.009945037584558, 28.426907186683717 ], [ -114.009882051193699, 28.427250208334179 ], [ -114.009791531020866, 28.428467639932126 ], [ -114.00969857197029, 28.428765661603819 ], [ -114.009355282968457, 28.428938997384719 ], [ -114.008957829766302, 28.428888597274288 ], [ -114.007446344040162, 28.428480050698116 ], [ -114.006996552584539, 28.428405433448717 ], [ -114.006409004797632, 28.428465775439136 ], [ -114.006019440777649, 28.428626595962587 ], [ -114.004789013586702, 28.429316745192221 ], [ -114.004365027812483, 28.429478321655576 ], [ -114.003616864041518, 28.429542199529703 ], [ -114.002972046092736, 28.429471875560012 ], [ -114.00071106823961, 28.429079797997399 ], [ -114.000011910816326, 28.428914258038855 ], [ -113.999010150014939, 28.428533834593527 ], [ -113.99827822321609, 28.42815591198725 ], [ -113.995864358349721, 28.426772672361906 ], [ -113.995222798890325, 28.42634200448056 ], [ -113.994642687108353, 28.425715487876438 ], [ -113.994455512668651, 28.425251134618723 ], [ -113.994162145942909, 28.423710670244169 ], [ -113.99412382036364, 28.423232892476396 ], [ -113.994238327301176, 28.422543728197258 ], [ -113.994440232287005, 28.422036985462832 ], [ -113.995267934656354, 28.420361348259298 ], [ -113.995563599347378, 28.419923572068789 ], [ -113.996115677766241, 28.419556254601364 ], [ -113.996608697680358, 28.419469290494447 ], [ -113.998357379148572, 28.419430763055267 ], [ -113.998881790199221, 28.419439499558539 ], [ -113.999580362815351, 28.419518808722646 ], [ -114.000053913403164, 28.419623371287276 ], [ -114.001565249271721, 28.420032012235023 ], [ -114.002053423924679, 28.420247866461366 ], [ -114.002820235462309, 28.420846552937238 ], [ -114.003427510593568, 28.421485963907635 ], [ -114.005494702155758, 28.423871174552342 ], [ -114.006061144529909, 28.424486105413404 ], [ -114.00663729620787, 28.424970594172958 ], [ -114.006893922265832, 28.42504779214433 ], [ -114.007515354638272, 28.424923560667246 ], [ -114.007681785128867, 28.424855614245789 ], [ -114.007837029088407, 28.424662763998256 ], [ -114.007892375724722, 28.424455210216294 ], [ -114.007995415814619, 28.423679476208118 ], [ -114.008062520000962, 28.423481809775971 ], [ -114.008272633006555, 28.423335100286383 ], [ -114.008505690364288, 28.42332318141327 ], [ -114.00938317930661, 28.423414266156652 ], [ -114.009604191139985, 28.42338231712354 ], [ -114.009758089767146, 28.423142140324629 ], [ -114.009756933338139, 28.422830979931284 ], [ -114.009597641453325, 28.421619074579485 ], [ -114.009335948372424, 28.42122742488932 ], [ -114.008274010069101, 28.420611626446096 ], [ -114.007018655750826, 28.42012355401728 ], [ -114.002222349425637, 28.418461576864438 ], [ -114.000882014900768, 28.418010835814489 ], [ -113.999423350596928, 28.417569454542878 ], [ -113.998679872062624, 28.417389659286055 ], [ -113.996668970808344, 28.416991987333944 ], [ -113.996036756643576, 28.416890906034073 ], [ -113.995097318060417, 28.416816880018633 ], [ -113.994387476065967, 28.416812209290438 ], [ -113.992014314416693, 28.416864417521882 ], [ -113.991398090708913, 28.41692363093885 ], [ -113.9909639088566, 28.41696816135666 ], [ -113.990886819981426, 28.416961909403806 ], [ -113.990803994514224, 28.416942542038729 ], [ -113.99075275187262, 28.416908296948634 ], [ -113.990701778675898, 28.416807024556615 ], [ -113.990691425769043, 28.416725194019822 ], [ -113.990696338157733, 28.416659818940118 ], [ -113.990703789364062, 28.416613117607586 ], [ -113.990713809879082, 28.416575540676273 ], [ -113.990892168461201, 28.416065506445449 ], [ -113.991174350739954, 28.415403504030696 ], [ -113.991376590216348, 28.414929048220344 ], [ -113.991518978680006, 28.414514359623322 ], [ -113.991607465254802, 28.414046421597451 ], [ -113.99167602240513, 28.413316295735996 ], [ -113.991677712556339, 28.41256027190601 ], [ -113.991603175776518, 28.409910037374313 ], [ -113.991616766407716, 28.409168972841208 ], [ -113.991754719088036, 28.408360906914506 ], [ -113.991938202350454, 28.407947591462968 ], [ -113.992656497087239, 28.406826850280215 ], [ -113.992899604825126, 28.406493402403449 ], [ -113.993315819554141, 28.406058054570401 ], [ -113.993667303900594, 28.405769576595961 ], [ -113.994891338567143, 28.404858688718342 ], [ -113.995196651660805, 28.404561075746166 ], [ -113.995397423371898, 28.404083108767285 ], [ -113.995378928678107, 28.403697912225702 ], [ -113.995091854636755, 28.402378294630193 ], [ -113.995062178285323, 28.402003491429419 ], [ -113.995210756797178, 28.40157402819208 ], [ -113.995238862634992, 28.401546295830208 ], [ -113.99545268696464, 28.401335312214012 ], [ -113.996433108714086, 28.400650763860916 ], [ -113.996697829039789, 28.400406470440082 ], [ -113.99681445159554, 28.400198113995081 ], [ -113.997004691350313, 28.399794503377581 ], [ -113.997234842236921, 28.399371534915954 ], [ -113.997310450901026, 28.399221632363187 ], [ -113.997376668915123, 28.399009531648115 ], [ -113.997396579505974, 28.398853666913954 ], [ -113.997352985020669, 28.398462363329031 ], [ -113.997251154879137, 28.397947848217523 ], [ -113.997220639184235, 28.397656354454455 ], [ -113.997225902049124, 28.397429603566518 ], [ -113.997269727506406, 28.397247558381583 ], [ -113.997378082542355, 28.397087776348112 ], [ -113.997648194344322, 28.396876779565087 ], [ -113.998021176336579, 28.396655944630783 ], [ -113.998453448714997, 28.396467394991742 ], [ -113.998966358677166, 28.396292451374748 ], [ -114.002057170391552, 28.395119377510895 ], [ -114.002872296172427, 28.39479359296908 ], [ -114.003585446567499, 28.394446376539598 ], [ -114.003789111074482, 28.394276141234311 ], [ -114.004026396900883, 28.393828928130379 ], [ -114.004178739330186, 28.393669972300692 ], [ -114.00465238432372, 28.39337539081998 ], [ -114.005176675672445, 28.393113514521794 ], [ -114.007149703173553, 28.392185991632314 ], [ -114.007679859049347, 28.39192905043398 ], [ -114.008180912789243, 28.39165752925441 ], [ -114.008366549871354, 28.391526584464657 ], [ -114.008731802725833, 28.391187030470437 ], [ -114.008825409561737, 28.39104797163354 ], [ -114.00889698981635, 28.39073858487502 ], [ -114.008905640714659, 28.390435662662217 ], [ -114.008874432589295, 28.389331412310916 ], [ -114.009006933978853, 28.388944573513466 ], [ -114.009656475743796, 28.388243574743953 ], [ -114.010451883969594, 28.387628983388911 ], [ -114.013514175129956, 28.385461854216125 ], [ -114.014425358295469, 28.384885268766197 ], [ -114.015615324900423, 28.384361696510577 ], [ -114.016404100155697, 28.384190322454618 ], [ -114.018895081810797, 28.383914127806342 ], [ -114.019689436333067, 28.383737537725789 ], [ -114.020905444875027, 28.383189666397072 ], [ -114.021848238626262, 28.382583582028076 ], [ -114.025031857936071, 28.380303026349022 ], [ -114.025939626109746, 28.379677399448667 ], [ -114.026992334742232, 28.379038397858501 ], [ -114.027588442428296, 28.378751167823076 ], [ -114.029317562725055, 28.378049754645861 ], [ -114.029916542467731, 28.377863924241119 ], [ -114.030982673345221, 28.37769813626802 ], [ -114.031906738411294, 28.37764712354188 ], [ -114.035152906397045, 28.377574810211552 ], [ -114.036044012768215, 28.377575240484649 ], [ -114.036956348875066, 28.377649604817069 ], [ -114.037368580880909, 28.377755413151142 ], [ -114.03837999821404, 28.378174819868772 ], [ -114.038660807404781, 28.378298777299747 ], [ -114.038959828986819, 28.378457843101941 ], [ -114.039106193201533, 28.378561122914778 ], [ -114.039490205512706, 28.378884029240414 ], [ -114.039580687087948, 28.379039292138305 ], [ -114.039618920983557, 28.379440946745341 ], [ -114.039583058917344, 28.379859476205763 ], [ -114.039377466134624, 28.381410959019245 ], [ -114.039347191728453, 28.381824290061619 ], [ -114.039411506617398, 28.382201685489051 ], [ -114.039533659751982, 28.382327490666498 ], [ -114.040039393592892, 28.382537184879659 ], [ -114.040172724873088, 28.382652592585856 ], [ -114.040289203041652, 28.382981468803937 ], [ -114.040322269184671, 28.383335884363188 ], [ -114.040360100745744, 28.384660947339384 ], [ -114.040393747283318, 28.385035644320361 ], [ -114.040512932013897, 28.3854591673187 ], [ -114.040649549599493, 28.385689503069131 ], [ -114.041167916906389, 28.386340878833028 ], [ -114.041303668216813, 28.386540791378621 ], [ -114.041418803458626, 28.386822342261688 ], [ -114.041447530735681, 28.387024645399407 ], [ -114.041466456100167, 28.387687175873182 ], [ -114.041448736192692, 28.387870222116792 ], [ -114.041437848473834, 28.387890759834736 ], [ -114.041347117331597, 28.388061907460838 ], [ -114.041219667274788, 28.388152697336341 ], [ -114.040726518027711, 28.388384697119925 ], [ -114.040587889479028, 28.388485883366897 ], [ -114.040434106481882, 28.388726086981368 ], [ -114.040353044990908, 28.388968048835803 ], [ -114.040315315951773, 28.389117441601613 ], [ -114.0401285395711, 28.38985700050884 ], [ -114.040105102985706, 28.390107822660489 ], [ -114.040220239941419, 28.390389374379112 ], [ -114.040408158388388, 28.390540768713226 ], [ -114.04116997732072, 28.390965721092012 ], [ -114.041335542653897, 28.391137907842211 ], [ -114.041346358525672, 28.391516496504835 ], [ -114.04119624318345, 28.391885150823096 ], [ -114.040484878805614, 28.393226947432062 ], [ -114.040335337834321, 28.393615882681356 ], [ -114.040348854660309, 28.394089118774431 ], [ -114.040517707030645, 28.394376234924955 ], [ -114.041292175558894, 28.395242870901036 ], [ -114.041497464636791, 28.395600202102198 ], [ -114.041681006004296, 28.396401114726963 ], [ -114.041737918832041, 28.397187944643932 ], [ -114.041819975939504, 28.400058904426221 ], [ -114.041791025824949, 28.400852726421405 ], [ -114.041573859180104, 28.401686270045065 ], [ -114.041292569393747, 28.402083224324869 ], [ -114.040197039370483, 28.403102129648929 ], [ -114.039849330945685, 28.403383871849005 ], [ -114.039322232497298, 28.403679766811045 ], [ -114.038916943718732, 28.40382073138483 ], [ -114.037552690005811, 28.404182664319894 ], [ -114.03721409386084, 28.404448976048013 ], [ -114.036998236853691, 28.405329838968161 ], [ -114.03702846855218, 28.406321903306555 ], [ -114.037385431670742, 28.410070671252075 ], [ -114.037458567317842, 28.411158175797297 ], [ -114.037442881536549, 28.412484431760241 ], [ -114.037347334705473, 28.413291578815649 ], [ -114.0369171257761, 28.415732008863291 ], [ -114.036760169247501, 28.416398465009447 ], [ -114.036457921027932, 28.41706816374391 ], [ -114.036183094470445, 28.417358419765396 ], [ -114.035202813025521, 28.418043245653649 ], [ -114.034995645349241, 28.418291401131903 ], [ -114.035009152335988, 28.418764637862061 ], [ -114.035235618171669, 28.419192534608769 ], [ -114.036278970551322, 28.420716142956586 ], [ -114.036551618687227, 28.421153153405346 ], [ -114.036780606752558, 28.421668933224556 ], [ -114.03683508274284, 28.421968751672022 ], [ -114.036860315179865, 28.422852124883409 ], [ -114.036822155936989, 28.423123569535004 ], [ -114.036618845515136, 28.423506937985245 ], [ -114.036366560312345, 28.423783162231462 ], [ -114.035392530570562, 28.424688836859378 ], [ -114.035145830252773, 28.424959860882819 ], [ -114.0349686012202, 28.425318968468606 ], [ -114.034962118276681, 28.425560955584295 ], [ -114.035109095858942, 28.426331121058997 ], [ -114.035152352250549, 28.426506041278515 ], [ -114.035168729900704, 28.426545975859064 ], [ -114.035184960660828, 28.426557060280611 ], [ -114.035207236241376, 28.426552170386532 ], [ -114.035242385354209, 28.426443148912675 ], [ -114.035351530001819, 28.425888252918565 ], [ -114.035447309234613, 28.425691626981013 ], [ -114.03578513348819, 28.425328934877392 ], [ -114.036171958606928, 28.425007428481621 ], [ -114.037639300309309, 28.423869749555013 ], [ -114.03801559752759, 28.423381044349195 ], [ -114.038304325739219, 28.422238107060199 ], [ -114.038340500599986, 28.421094045298915 ], [ -114.038220607076582, 28.416898026033486 ], [ -114.038254468957547, 28.415672837509135 ], [ -114.038327251935442, 28.415274342764391 ], [ -114.03851638267416, 28.414238820920822 ], [ -114.038532365428594, 28.414151312027293 ], [ -114.03889549310756, 28.413202892338077 ], [ -114.040312152851513, 28.410298453408636 ], [ -114.040325383917875, 28.410269392078522 ], [ -114.040330997245903, 28.410243913832382 ], [ -114.040761116807076, 28.40780347898853 ], [ -114.040916880917237, 28.407096457397753 ], [ -114.041037009016961, 28.406748767327077 ], [ -114.041213666742493, 28.40623745828842 ], [ -114.04123486556999, 28.406176101194884 ], [ -114.041481881703888, 28.405717338056863 ], [ -114.04243675210283, 28.404149106695318 ], [ -114.042670550295156, 28.403629754001489 ], [ -114.042806753331149, 28.402774342371725 ], [ -114.042767533496047, 28.402071678577169 ], [ -114.042448317577339, 28.399647990953699 ], [ -114.042508838631207, 28.398821330405219 ], [ -114.043110465187212, 28.39738726936606 ], [ -114.043909396074014, 28.396165268368065 ], [ -114.04703597599385, 28.391896625745023 ], [ -114.047834824427142, 28.390674607463936 ], [ -114.04843634151095, 28.389240530437647 ], [ -114.048496817760295, 28.388413870168485 ], [ -114.04817754411701, 28.385990198704707 ], [ -114.048149482456665, 28.385277139794113 ], [ -114.048337788097655, 28.384373204520248 ], [ -114.048634854560333, 28.383794927032884 ], [ -114.049832837209436, 28.382000229336963 ], [ -114.050143389154812, 28.381492677587708 ], [ -114.050394670796649, 28.380918805039485 ], [ -114.050443094834947, 28.380606539292799 ], [ -114.050417794220451, 28.37972317178814 ], [ -114.050433562375844, 28.379472520816005 ], [ -114.050532446741059, 28.379186183841089 ], [ -114.050657941670835, 28.379027781918662 ], [ -114.051144698087498, 28.378574909067503 ], [ -114.051281366871521, 28.378406109077297 ], [ -114.051432400094569, 28.378071249454599 ], [ -114.051511493095717, 28.377761678627433 ], [ -114.051729558977442, 28.376651874362199 ], [ -114.051853351227791, 28.376300712880454 ], [ -114.052212982534968, 28.375771763226375 ], [ -114.052602947416631, 28.375367281626801 ], [ -114.054063131752343, 28.374008642999375 ], [ -114.054406640187594, 28.373584904299662 ], [ -114.054549516955291, 28.372966103533365 ], [ -114.054410121625011, 28.372505841492703 ], [ -114.05361674900054, 28.370976748723326 ], [ -114.053420326268167, 28.370527910988248 ], [ -114.053297045562289, 28.369962431561913 ], [ -114.053317351442061, 28.369603441908872 ], [ -114.053535389861807, 28.368493636347708 ], [ -114.053659169150734, 28.36814247405216 ], [ -114.054018767432595, 28.367613521896313 ], [ -114.054408698097376, 28.367209037536995 ], [ -114.055868755788168, 28.36585038853681 ], [ -114.056225152023359, 28.365477093522482 ], [ -114.056428298471516, 28.365093706905274 ], [ -114.056362113747056, 28.364919307351926 ], [ -114.055850108578824, 28.364488828135556 ], [ -114.055727475557759, 28.364346136118016 ], [ -114.055667190982476, 28.364110720597669 ], [ -114.055703702811243, 28.363917104843075 ], [ -114.055934374198799, 28.363248980072324 ], [ -114.056083783280442, 28.36299194830395 ], [ -114.056550353039299, 28.362460590850034 ], [ -114.057067468647176, 28.361958539262883 ], [ -114.059014067776474, 28.360146976029412 ], [ -114.059517950497508, 28.359584330302415 ], [ -114.05992284065286, 28.358770227038555 ], [ -114.059997376439867, 28.358169869355162 ], [ -114.059940326932448, 28.356182303505594 ], [ -114.059968717576652, 28.355572834989808 ], [ -114.060158251786504, 28.354716214775088 ], [ -114.06040062216745, 28.354101939926821 ], [ -114.061342131494527, 28.352091941661076 ], [ -114.061574483175747, 28.351528626234511 ], [ -114.061717300586949, 28.350909821728585 ], [ -114.061688975876848, 28.35058913090041 ], [ -114.061413980438971, 28.349711377641416 ], [ -114.061375359018371, 28.349431506700242 ], [ -114.061470117643978, 28.349003196157867 ], [ -114.061644107442561, 28.348671194797141 ], [ -114.062361292888994, 28.347550163992967 ], [ -114.06259288146758, 28.347227014392171 ], [ -114.062956449827823, 28.346840014930248 ], [ -114.063244244701522, 28.346610307969293 ], [ -114.064223712856091, 28.345925338366836 ], [ -114.06456619163886, 28.345603074725325 ], [ -114.065184960043737, 28.344784149745671 ], [ -114.065726430938611, 28.343936519825945 ], [ -114.067634468002268, 28.340799828121845 ], [ -114.068116843333641, 28.339892637687825 ], [ -114.068459951755472, 28.338795785449385 ], [ -114.068467738050174, 28.338136045073021 ], [ -114.068160978436865, 28.336154107915906 ], [ -114.068136425599249, 28.335566125343995 ], [ -114.068328594842157, 28.334804145009219 ], [ -114.068627672421002, 28.334303583904305 ], [ -114.069831179078292, 28.332729607522189 ], [ -114.070175504104355, 28.33220773031265 ], [ -114.070578864780899, 28.331346284215094 ], [ -114.070810769759476, 28.330637524503416 ], [ -114.071489620188302, 28.328191424713125 ], [ -114.071693884892056, 28.327518801730101 ], [ -114.07196828355768, 28.32682599510326 ], [ -114.072156017914935, 28.326508894315133 ], [ -114.072757709640115, 28.325721896225801 ], [ -114.072965111259421, 28.325490601987216 ], [ -114.073331297730817, 28.325198227695743 ], [ -114.073647019418701, 28.325011844036837 ], [ -114.074754194418617, 28.324434423504599 ], [ -114.07503523942141, 28.324238671767407 ], [ -114.075239614666827, 28.323902588983653 ], [ -114.075250535210685, 28.323618222881745 ], [ -114.075097125516933, 28.322627263676097 ], [ -114.075098631549452, 28.322414139829199 ], [ -114.075259067100362, 28.322410521282791 ], [ -114.075486755438121, 28.322618475395167 ], [ -114.076388875665444, 28.323592542100407 ], [ -114.076625075007527, 28.323896699687584 ], [ -114.076825209302001, 28.324342039263136 ], [ -114.076874915259694, 28.324674081469286 ], [ -114.076906742081718, 28.325778272333306 ], [ -114.076986707243464, 28.326165440649216 ], [ -114.077328053045605, 28.326868034618062 ], [ -114.077735728341935, 28.32748457067613 ], [ -114.079296904565837, 28.329659131508201 ], [ -114.079743397824899, 28.330229121313199 ], [ -114.080265819439177, 28.330714525685615 ], [ -114.080565639125481, 28.330837971684996 ], [ -114.081442373715021, 28.330928646604008 ], [ -114.081698715887185, 28.330936381219242 ], [ -114.082018243956284, 28.330881804230476 ], [ -114.082218370170835, 28.330796102671673 ], [ -114.082832762161246, 28.330450737988695 ], [ -114.082978239063152, 28.330259726846275 ], [ -114.083042741565066, 28.329713707691987 ], [ -114.082989412296669, 28.329124691478832 ], [ -114.082676050681982, 28.326921966894769 ], [ -114.082650351449132, 28.326296810597718 ], [ -114.082843771437368, 28.325582140466203 ], [ -114.083145782534444, 28.325186339060821 ], [ -114.084361733354626, 28.32405393058324 ], [ -114.084677538488947, 28.323738990887016 ], [ -114.084935359619038, 28.323401686020894 ], [ -114.084987871834628, 28.323234762122738 ], [ -114.08497510884095, 28.322793089004627 ], [ -114.084852559957739, 28.32264063047371 ], [ -114.084346334221181, 28.322396357574217 ], [ -114.083723031548899, 28.32218891158546 ], [ -114.081329863608332, 28.321469582415684 ], [ -114.080677483381237, 28.321247558270056 ], [ -114.080026195125285, 28.320930799782957 ], [ -114.079748162490034, 28.320700314078294 ], [ -114.079101968622069, 28.319941472351537 ], [ -114.078932658230883, 28.319703455936828 ], [ -114.078788731852669, 28.319351556589002 ], [ -114.07875243267047, 28.319086859857077 ], [ -114.078726962925444, 28.318203507853767 ], [ -114.078684475420815, 28.317983277263682 ], [ -114.078576446134477, 28.31784386466877 ], [ -114.077284122059112, 28.31632616170014 ], [ -114.077179536735656, 28.316132746583211 ], [ -114.077025735527371, 28.315848312379654 ], [ -114.077112232474832, 28.315136061196238 ], [ -114.077494180821645, 28.314596408734879 ], [ -114.079190075610484, 28.312790271430639 ], [ -114.079662796828984, 28.312218122850158 ], [ -114.080172963981397, 28.311354242970417 ], [ -114.080429054775635, 28.310692278285092 ], [ -114.081113967955972, 28.30846698934484 ], [ -114.08133243063314, 28.30789212402011 ], [ -114.081667023021666, 28.307434708846458 ], [ -114.081926550877455, 28.307356123704317 ], [ -114.082803090723587, 28.307446805097733 ], [ -114.083059083472875, 28.307444401074711 ], [ -114.083377175480777, 28.307342503980166 ], [ -114.083575599475381, 28.30719934092091 ], [ -114.084183482617348, 28.306633142796475 ], [ -114.084329026307998, 28.306445512527993 ], [ -114.084400350756269, 28.306136104087926 ], [ -114.084356699782035, 28.305881722368486 ], [ -114.08408167413738, 28.305004015517849 ], [ -114.084043899849561, 28.304754574277784 ], [ -114.084142642054076, 28.304468222593933 ], [ -114.0843214759809, 28.304308589860426 ], [ -114.085057288419577, 28.303849986683495 ], [ -114.0852246623475, 28.303690612079926 ], [ -114.085269932098896, 28.30340546923194 ], [ -114.085167230114692, 28.30315749695005 ], [ -114.084642690053442, 28.302285434128695 ], [ -114.084562320148436, 28.302016661993552 ], [ -114.084711794561386, 28.301634456481924 ], [ -114.085005697653813, 28.301357220372527 ], [ -114.086227758714415, 28.300445651705566 ], [ -114.08656748327769, 28.300167375904724 ], [ -114.08693081480655, 28.299780329420802 ], [ -114.087110136056197, 28.299505682136434 ], [ -114.087583634134532, 28.298611041084968 ], [ -114.087670417279071, 28.298308046342921 ], [ -114.087601912229118, 28.297788712541259 ], [ -114.087417266500864, 28.297349801542101 ], [ -114.086624105774064, 28.295820880026824 ], [ -114.086495872963823, 28.295350249623858 ], [ -114.086690597823605, 28.294682899898589 ], [ -114.087097004835925, 28.29420017294181 ], [ -114.08879881672415, 28.292614786261943 ], [ -114.08926248806371, 28.292130757283523 ], [ -114.089724502934473, 28.291457352048489 ], [ -114.089920855023664, 28.290979374486696 ], [ -114.090375146519619, 28.289422218001743 ], [ -114.090480138459569, 28.288956456162111 ], [ -114.090515816073918, 28.288340057853741 ], [ -114.090461793259166, 28.287925250647749 ], [ -114.090174014481605, 28.286605881170185 ], [ -114.090058014216012, 28.286227991965916 ], [ -114.089804454514024, 28.285783878927994 ], [ -114.08955822685104, 28.285527320625057 ], [ -114.088662730396251, 28.284774157767739 ], [ -114.088062852155517, 28.284576336042427 ], [ -114.08615891126874, 28.284406318624978 ], [ -114.084038870983434, 28.284361232570109 ], [ -114.076049263767473, 28.284320580174008 ], [ -114.073975327734885, 28.284284444815938 ], [ -114.072286592628558, 28.28415673730877 ], [ -114.071948052147178, 28.284010459511599 ], [ -114.072056929957924, 28.283455550172842 ], [ -114.07202007001338, 28.283236524051912 ], [ -114.071739181226775, 28.282769311031341 ], [ -114.071374773988396, 28.282320888951332 ], [ -114.069955120917641, 28.280695454859782 ], [ -114.069568691320555, 28.2802779640467 ], [ -114.069184980839026, 28.279955118126018 ], [ -114.069023250090197, 28.279911401458676 ], [ -114.068652215121006, 28.280030236463286 ], [ -114.068556979420151, 28.280106790697921 ], [ -114.068483581503756, 28.280345209350699 ], [ -114.06847396316995, 28.280609253234758 ], [ -114.068500026538786, 28.28151761792472 ], [ -114.068517340607642, 28.282121050616013 ], [ -114.068385045428357, 28.282129206397336 ], [ -114.068218760561749, 28.282132085597492 ], [ -114.06805520977106, 28.282133427903506 ], [ -114.067971770523741, 28.282129971895106 ], [ -114.067899266355411, 28.282125117254601 ], [ -114.067652780738626, 28.282103055536531 ], [ -114.067386860956859, 28.282064077257573 ], [ -114.067221862414613, 28.28202727985807 ], [ -114.067112626689223, 28.281983467213461 ], [ -114.066952783116491, 28.281889205848284 ], [ -114.066782460647815, 28.281819962211806 ], [ -114.06664336936818, 28.28178979623614 ], [ -114.066521356783568, 28.281782562095174 ], [ -114.066421757823008, 28.281783974839524 ], [ -114.065812392099929, 28.28179766666717 ], [ -114.064992710974266, 28.281809252937038 ], [ -114.064467801381369, 28.281783035082963 ], [ -114.063924038860122, 28.281763627395769 ], [ -114.06358958939137, 28.281401492896659 ], [ -114.063250030450206, 28.280982542572833 ], [ -114.061958408169176, 28.279464635573444 ], [ -114.061683546801731, 28.279117675753607 ], [ -114.061541792517502, 28.278897055927729 ], [ -114.061424886607611, 28.278676331058744 ], [ -114.061280806477697, 28.278349341178981 ], [ -114.061040314117307, 28.277823264140647 ], [ -114.060977158191363, 28.277676389894275 ], [ -114.060887738054973, 28.277468436088689 ], [ -114.060661668071646, 28.277006208123158 ], [ -114.060496831449697, 28.276666865030059 ], [ -114.060374028826772, 28.27645684112256 ], [ -114.060256571585555, 28.27630273503835 ], [ -114.06012010155149, 28.276153886820868 ], [ -114.058969102936658, 28.275185254830742 ], [ -114.058623502763126, 28.274924096921257 ], [ -114.058161689206543, 28.274673997899729 ], [ -114.057847554738501, 28.274577871702675 ], [ -114.056843408033117, 28.274379378191547 ], [ -114.056540440332, 28.27427285149281 ], [ -114.056130737289266, 28.273974224217124 ], [ -114.055848415932857, 28.273654140515951 ], [ -114.054940630715365, 28.272459039979754 ], [ -114.054657738064279, 28.272118671528631 ], [ -114.05424534666254, 28.271725389782606 ], [ -114.053939108225734, 28.271503927124478 ], [ -114.052922392239211, 28.270863712169714 ], [ -114.052657261871389, 28.270676842539277 ], [ -114.052436696226096, 28.270445004161019 ], [ -114.052386732172124, 28.270300676584611 ], [ -114.052374131815171, 28.269858986518283 ], [ -114.052335911765155, 28.269724543611858 ], [ -114.052170152073018, 28.269538833316567 ], [ -114.051971572870329, 28.269407975538805 ], [ -114.051210632780425, 28.268983013479598 ], [ -114.050999155768324, 28.268801705827546 ], [ -114.050773200772468, 28.268380568062799 ], [ -114.050661885200668, 28.267960250512466 ], [ -114.050368372800804, 28.266419905737877 ], [ -114.050232708569098, 28.265949394938275 ], [ -114.049893117509086, 28.265294022868304 ], [ -114.049543653161038, 28.264828287085685 ], [ -114.048252430706484, 28.263310216921386 ], [ -114.047932336387063, 28.262869188786741 ], [ -114.047729763911889, 28.26232913667835 ], [ -114.047760466570082, 28.261998662629232 ], [ -114.048106313302284, 28.260996502505243 ], [ -114.048230663212593, 28.260734969187173 ], [ -114.048380764588458, 28.260595192719244 ], [ -114.048465118909178, 28.260516640594386 ], [ -114.04858154106185, 28.260488796638658 ], [ -114.048743933491608, 28.260402740790596 ], [ -114.050100054289246, 28.25981998793722 ], [ -114.050488435511042, 28.259708147120634 ], [ -114.050610716591535, 28.259724449006068 ], [ -114.050714772424328, 28.259674339582588 ], [ -114.050984712040801, 28.259763016586714 ], [ -114.051208297358713, 28.259967731945707 ], [ -114.051981763420571, 28.260834390318603 ], [ -114.052217384626047, 28.261059129378875 ], [ -114.052543477063566, 28.261241256070182 ], [ -114.052773701447919, 28.26127669807363 ], [ -114.053521988435506, 28.261259965444644 ], [ -114.053787441090165, 28.261325059804825 ], [ -114.054277935283835, 28.261645567379173 ], [ -114.05471319110876, 28.262038340035058 ], [ -114.056253915737443, 28.263550759941168 ], [ -114.056706511894362, 28.263948210788786 ], [ -114.05727787809758, 28.264290572668582 ], [ -114.057641516969838, 28.26438221087022 ], [ -114.058767130561989, 28.264467489839607 ], [ -114.058999853164252, 28.264389553497196 ], [ -114.058960278161749, 28.263940577285506 ], [ -114.058671022949497, 28.263377118598829 ], [ -114.05736077435445, 28.261196610449886 ], [ -114.056984912585122, 28.260609718147762 ], [ -114.056541108121053, 28.260051404960681 ], [ -114.056282960679937, 28.25984070769799 ], [ -114.055522077701283, 28.259415765235264 ], [ -114.055322357143979, 28.259244347706364 ], [ -114.055151208131491, 28.25886934437964 ], [ -114.055106429919263, 28.258505043117594 ], [ -114.055068614701909, 28.257179973901522 ], [ -114.055006224658413, 28.256800845548103 ], [ -114.054752886144428, 28.256356648899196 ], [ -114.054453364750728, 28.256101210019569 ], [ -114.053414547342214, 28.255422362531856 ], [ -114.053095269511843, 28.255406611476989 ], [ -114.051848191806215, 28.255434487752247 ], [ -114.05146469878936, 28.255382173793596 ], [ -114.05135546496841, 28.255327411056278 ], [ -114.050922145083348, 28.255110171158222 ], [ -114.050530563234702, 28.254773909735039 ], [ -114.049245752537175, 28.253476684897613 ], [ -114.048871505176407, 28.253145104643 ], [ -114.048409810299106, 28.252894962847058 ], [ -114.048124491643833, 28.252869198199928 ], [ -114.047254696604242, 28.252999102761517 ], [ -114.047012491725255, 28.253078921008225 ], [ -114.046962874005715, 28.253125127441695 ], [ -114.046806896466023, 28.253416115980848 ], [ -114.04633948922816, 28.254531478195837 ], [ -114.046187359226792, 28.254756422513129 ], [ -114.046175810302216, 28.254753297678928 ], [ -114.046155727238741, 28.254785878974637 ], [ -114.045939249810189, 28.254695998968693 ], [ -114.0457504959342, 28.254372110910854 ], [ -114.045086133400233, 28.252950510590853 ], [ -114.044854273826218, 28.252521034682598 ], [ -114.044436616228282, 28.251938416030125 ], [ -114.044071822777795, 28.251535579027518 ], [ -114.042787127204605, 28.250238283744896 ], [ -114.042484613135898, 28.249808685731828 ], [ -114.042357558541909, 28.249101199036378 ], [ -114.042478563031736, 28.248520102479134 ], [ -114.043170290250984, 28.246515804211182 ], [ -114.043348836056381, 28.245943572469304 ], [ -114.04349033546454, 28.245277457119922 ], [ -114.043513933027612, 28.244898095605674 ], [ -114.043482557486456, 28.243793857134246 ], [ -114.04343859836564, 28.243456590364314 ], [ -114.043264831303773, 28.242986917147601 ], [ -114.043060552586041, 28.242653221866064 ], [ -114.04228102794643, 28.241565647119323 ], [ -114.042051548859192, 28.24115133202185 ], [ -114.041760164234873, 28.240305439203905 ], [ -114.041573380789643, 28.239511335986307 ], [ -114.040993129438348, 28.236651410858641 ], [ -114.040794334276001, 28.235837278152786 ], [ -114.040446855753459, 28.23489792000742 ], [ -114.0401492526194, 28.234370112246964 ], [ -114.039107931197961, 28.232846362006754 ], [ -114.038857293048224, 28.232358095653073 ], [ -114.038728952356323, 28.231603275768389 ], [ -114.038796244207873, 28.231013228551586 ], [ -114.039238604248169, 28.22901449456004 ], [ -114.039350399077918, 28.228377793884313 ], [ -114.039429755774961, 28.227405258422763 ], [ -114.03943132890069, 28.226652622699497 ], [ -114.039359319486437, 28.224112857476154 ], [ -114.039374932318793, 28.223451236083395 ], [ -114.039363008928561, 28.223060142513592 ], [ -114.039344529108448, 28.222867009423911 ], [ -114.039300609659364, 28.222627149096162 ], [ -114.039229666694027, 28.222349834575343 ], [ -114.039851840045102, 28.222335764256012 ], [ -114.040447909671229, 28.22232228426693 ], [ -114.040804012528355, 28.222314231075796 ], [ -114.040771869181583, 28.222458520424581 ], [ -114.040751281975062, 28.222689768066431 ], [ -114.040748107956361, 28.222846459977191 ], [ -114.040759801804995, 28.223132918135434 ], [ -114.040739864293926, 28.223507125162776 ], [ -114.040531234139763, 28.224948191277537 ], [ -114.040552376675208, 28.225357000196798 ], [ -114.040859675968562, 28.225823708563897 ], [ -114.041277533811865, 28.226081624687556 ], [ -114.042920248928866, 28.226818512350693 ], [ -114.043387623976912, 28.227004286959321 ], [ -114.04392598024512, 28.227134359227584 ], [ -114.044227684253016, 28.227134403049092 ], [ -114.045097277741348, 28.227004533367261 ], [ -114.045315556559515, 28.22709268672476 ], [ -114.045464600229394, 28.227633941815665 ], [ -114.045459240967205, 28.228319010292147 ], [ -114.04528518503389, 28.230974741351186 ], [ -114.045287712910579, 28.231735739286769 ], [ -114.045473569228747, 28.232631331831787 ], [ -114.045736552226856, 28.233149751254526 ], [ -114.046777966405017, 28.234673443312211 ], [ -114.047095619376492, 28.235099313768718 ], [ -114.047536569258213, 28.235563022511737 ], [ -114.047848843617444, 28.235799593226751 ], [ -114.048865178883105, 28.236439877015105 ], [ -114.049118473201332, 28.236616876560316 ], [ -114.049284171284398, 28.236802595698087 ], [ -114.049267587798781, 28.236890909664361 ], [ -114.0490244991379, 28.237117322302737 ], [ -114.048996753142632, 28.237216032743806 ], [ -114.049110361441151, 28.237450268963805 ], [ -114.049300405775782, 28.237686181410442 ], [ -114.050073678475371, 28.238552866718369 ], [ -114.050315689585162, 28.238802838249903 ], [ -114.050671795507284, 28.239102689398809 ], [ -114.050938506906306, 28.239281076592327 ], [ -114.051827058155695, 28.239813695726429 ], [ -114.052086458629717, 28.239936433382759 ], [ -114.052408437845259, 28.239976593457374 ], [ -114.052609006973185, 28.2399112275614 ], [ -114.053223014414726, 28.239566025611726 ], [ -114.053381913925094, 28.239445779612616 ], [ -114.053509439742967, 28.239229835014832 ], [ -114.053532720238152, 28.239041588864914 ], [ -114.053513837413107, 28.238379051435345 ], [ -114.053485733307468, 28.238197027499428 ], [ -114.053373463503291, 28.23801011986356 ], [ -114.053241182240995, 28.237925132782181 ], [ -114.052736140349793, 28.237715432883807 ], [ -114.052544294320214, 28.237550597334337 ], [ -114.052154056212487, 28.236991065006354 ], [ -114.051788422649679, 28.236356567767931 ], [ -114.050472406547598, 28.233955102947139 ], [ -114.050127963682769, 28.233259242613133 ], [ -114.049836544576436, 28.232413369488075 ], [ -114.04976467110599, 28.231900840623993 ], [ -114.049720679634802, 28.230354912782239 ], [ -114.049731845013881, 28.229942003921366 ], [ -114.049765982159897, 28.229754018566432 ], [ -114.049793329815515, 28.229652769612631 ], [ -114.049853381382178, 28.229537213974098 ], [ -114.049938801126331, 28.229457274317809 ], [ -114.050061041437331, 28.229379272863834 ], [ -114.050225985647458, 28.229301568366864 ], [ -114.050340949776142, 28.229269029640786 ], [ -114.05048554449337, 28.229254891094175 ], [ -114.050616647456081, 28.229260083482838 ], [ -114.050722523822486, 28.229274286410035 ], [ -114.050816649371583, 28.229282835059411 ], [ -114.051055859489338, 28.229541502942702 ], [ -114.051439228093528, 28.229861039913015 ], [ -114.052842140090377, 28.230934635955396 ], [ -114.053259291611397, 28.23123311765108 ], [ -114.053803071742664, 28.231552444884205 ], [ -114.054162747880952, 28.231710145318729 ], [ -114.054658926455161, 28.231892315800291 ], [ -114.054863212272863, 28.231977309737488 ], [ -114.055000298880685, 28.232050532213663 ], [ -114.055121720527026, 28.232128873555613 ], [ -114.055191279222754, 28.232182266407577 ], [ -114.055240953647726, 28.232224785593221 ], [ -114.05526858528097, 28.23225052997816 ], [ -114.055337058248739, 28.232326127094566 ], [ -114.055386983427468, 28.2323714634826 ], [ -114.055375731469127, 28.232555924462662 ], [ -114.05537598168759, 28.232762157700115 ], [ -114.055388681964686, 28.233052421491418 ], [ -114.055408695103054, 28.233393805721125 ], [ -114.055421888886485, 28.23385652968944 ], [ -114.055477963739108, 28.235823106723668 ], [ -114.055479602387123, 28.235880571623724 ], [ -114.055521444991072, 28.236544286011583 ], [ -114.055650586745969, 28.237322741992021 ], [ -114.05579323273821, 28.237771107441205 ], [ -114.05632977965017, 28.239085021731565 ], [ -114.056563894949605, 28.239526265831266 ], [ -114.057119882135495, 28.240271490923817 ], [ -114.057680038143999, 28.240894852161286 ], [ -114.059738158761775, 28.243058624821888 ], [ -114.060274862887425, 28.243662204281371 ], [ -114.060721313671721, 28.244315157729023 ], [ -114.060822391731733, 28.244644371026951 ], [ -114.060847635792229, 28.245527747398103 ], [ -114.060758424076681, 28.245856373938786 ], [ -114.060416859234337, 28.246359331197745 ], [ -114.060098253228972, 28.246686157277598 ], [ -114.060008862936684, 28.246427917511188 ], [ -114.059763513332982, 28.246088869569679 ], [ -114.059407239822278, 28.246451049183307 ], [ -114.058894020721212, 28.246593351113937 ], [ -114.058846121100359, 28.246853920390187 ], [ -114.058879663433586, 28.247116243385367 ], [ -114.059261314195808, 28.247471067470709 ], [ -114.05827364622904, 28.248397336438721 ], [ -114.057809414984646, 28.248860977171987 ], [ -114.057344643557457, 28.249439631438324 ], [ -114.057144917931751, 28.249802640583876 ], [ -114.056677634085389, 28.250918029139623 ], [ -114.05662794119678, 28.251318268870669 ], [ -114.056863332515476, 28.25207066588737 ], [ -114.057249303313654, 28.252745277746694 ], [ -114.057712658872958, 28.253454234812349 ], [ -114.058024677040152, 28.254035791532189 ], [ -114.058381236754158, 28.254616349758315 ], [ -114.058839645291201, 28.255175895801376 ], [ -114.059281026355833, 28.255803722609564 ], [ -114.059889221031526, 28.256500405724907 ], [ -114.060292192704637, 28.256833000491103 ], [ -114.061564539639562, 28.257688420118392 ], [ -114.061888883806589, 28.257981737218028 ], [ -114.062390540736772, 28.25872014037909 ], [ -114.062718801190968, 28.259445072451943 ], [ -114.063664469823593, 28.261965182908419 ], [ -114.063956939036174, 28.262640177542476 ], [ -114.064376099617348, 28.263270047570892 ], [ -114.064682428865709, 28.263494867413659 ], [ -114.065692806092017, 28.263914152763856 ], [ -114.065988619619091, 28.263971775947248 ], [ -114.066358700378672, 28.263821403157653 ], [ -114.066591572447436, 28.263548962002979 ], [ -114.067308220044325, 28.262427941628221 ], [ -114.067620969393232, 28.262143557218639 ], [ -114.068363825442503, 28.261937449695296 ], [ -114.069112299965482, 28.261927391811088 ], [ -114.071862328619616, 28.262086530803266 ], [ -114.07258993321841, 28.262147953798344 ], [ -114.07281020863131, 28.26219147759026 ], [ -114.073235391817164, 28.262275487583857 ], [ -114.073429870907319, 28.262396258800489 ], [ -114.073471772870533, 28.262465970195599 ], [ -114.073691982011866, 28.262832325533438 ], [ -114.073788963704629, 28.262950217452836 ], [ -114.073979432695637, 28.263064313250364 ], [ -114.074154549482614, 28.263109415200535 ], [ -114.074781292443276, 28.263205793548948 ], [ -114.074981064509302, 28.263311222341237 ], [ -114.075286592093221, 28.263706846292099 ], [ -114.07552328954867, 28.264166594341656 ], [ -114.076194620572849, 28.265636717954376 ], [ -114.076876641379883, 28.267477907922391 ], [ -114.076969218343777, 28.268106638015134 ], [ -114.076589423512573, 28.268849177727407 ], [ -114.075954276802079, 28.269281216626062 ], [ -114.073370017161636, 28.270554831930472 ], [ -114.072658501218598, 28.27092261922671 ], [ -114.071922388737462, 28.271365369445466 ], [ -114.071582318343616, 28.271630084691008 ], [ -114.070731431856629, 28.272422671749428 ], [ -114.070499735421592, 28.272669725744937 ], [ -114.070269378614981, 28.273030059834319 ], [ -114.070171994429458, 28.273297769059447 ], [ -114.069947890757192, 28.274186744752654 ], [ -114.06991923259281, 28.274452908109925 ], [ -114.070009600434119, 28.274806028117212 ], [ -114.07016735620816, 28.275044321708585 ], [ -114.070813187261052, 28.275803236199504 ], [ -114.071004146191768, 28.27600019275728 ], [ -114.071249451538449, 28.276160410900246 ], [ -114.071408928276767, 28.27619233751701 ], [ -114.07190784710042, 28.276181109453294 ], [ -114.072104357700965, 28.276105656108601 ], [ -114.072522486888545, 28.275764769006251 ], [ -114.072923301363872, 28.275353240184035 ], [ -114.074375615761696, 28.273773652560347 ], [ -114.074844559524635, 28.273340289909161 ], [ -114.075580671117109, 28.272897523904298 ], [ -114.076163316538953, 28.272698362853401 ], [ -114.078146208170736, 28.272211696086838 ], [ -114.078712684074034, 28.272048404300719 ], [ -114.079373357017815, 28.271773057616276 ], [ -114.079750699827983, 28.271542998099235 ], [ -114.08085095205881, 28.270744730832917 ], [ -114.08112228113005, 28.270415588878802 ], [ -114.081288240294512, 28.269677864963178 ], [ -114.081253997935633, 28.268953115874591 ], [ -114.080928255897803, 28.266308675662405 ], [ -114.080830878918547, 28.265580277199756 ], [ -114.080702182766771, 28.264825526152368 ], [ -114.08061570713086, 28.264475708939571 ], [ -114.080340852039811, 28.263597979254577 ], [ -114.080246136010928, 28.263359966457713 ], [ -114.080078980284028, 28.263126970203583 ], [ -114.079934902230988, 28.263032131151466 ], [ -114.079429694363867, 28.262822544091563 ], [ -114.079295319988319, 28.262666602369073 ], [ -114.079173447184687, 28.262148462481939 ], [ -114.079133717852756, 28.261564204431867 ], [ -114.079070190600078, 28.259355806381489 ], [ -114.079126792505974, 28.258733860608402 ], [ -114.079454455273108, 28.258039845251623 ], [ -114.079865940874711, 28.257670339651597 ], [ -114.081257595363866, 28.256769984738082 ], [ -114.081674251289002, 28.256700793419714 ], [ -114.081749538247337, 28.25678096191816 ], [ -114.082088581136361, 28.257049810457769 ], [ -114.082136431835394, 28.256789229489048 ], [ -114.082077578066517, 28.25665624884185 ], [ -114.08271334215253, 28.256660144184149 ], [ -114.083140545605005, 28.256684825740333 ], [ -114.085463227408098, 28.256819018011225 ], [ -114.086240432686921, 28.256813292350365 ], [ -114.087117501617641, 28.256627729547496 ], [ -114.087593250351887, 28.256368367985463 ], [ -114.088334074510769, 28.25580310474616 ], [ -114.088936328513753, 28.255343573230444 ], [ -114.089296373160693, 28.255046234963604 ], [ -114.089633517824765, 28.254683457616743 ], [ -114.089755109727392, 28.254462543150876 ], [ -114.089985393789974, 28.253794386597896 ], [ -114.09002769701128, 28.253605707445161 ], [ -114.089994829602915, 28.253393361403663 ], [ -114.089905573208981, 28.253278689009679 ], [ -114.089521912074559, 28.252955896453432 ], [ -114.08939359834244, 28.252877622262091 ], [ -114.08917846074452, 28.252835135818007 ], [ -114.088999434826988, 28.252852715009187 ], [ -114.088379117019045, 28.252977236247748 ], [ -114.088230286113074, 28.252983820433862 ], [ -114.088180635223566, 28.252825280652001 ], [ -114.088193944529166, 28.252814049162559 ], [ -114.08817771893338, 28.252685668264082 ], [ -114.088157505751738, 28.252525736607012 ], [ -114.088221683587108, 28.25219833921825 ], [ -114.088204179614536, 28.252054983868305 ], [ -114.088013718214299, 28.251940907434118 ], [ -114.087759134455411, 28.251921296046515 ], [ -114.08757191470059, 28.251925528470924 ], [ -114.087091917946353, 28.251383297778233 ], [ -114.086717304343424, 28.250924265524727 ], [ -114.086673140664843, 28.250300885851331 ], [ -114.086430882601988, 28.249844676261347 ], [ -114.085940240079395, 28.249157646161596 ] ], [ [ -114.055956104267779, 28.24352550708522 ], [ -114.05601486411534, 28.24344301388512 ], [ -114.056027842249279, 28.243405393680977 ], [ -114.056035369483453, 28.243403093310132 ], [ -114.05613954913116, 28.243306054107634 ], [ -114.056133128067643, 28.243214871884437 ], [ -114.056111683226391, 28.243162360121186 ], [ -114.056130106246059, 28.243108956364114 ], [ -114.056137045174211, 28.243017475224555 ], [ -114.05605418517743, 28.242924620756593 ], [ -114.055928874902435, 28.242883452552213 ], [ -114.055426953986725, 28.242784187605213 ], [ -114.055285334726264, 28.24277382556836 ], [ -114.055126365198362, 28.242824735403772 ], [ -114.055040885010257, 28.242907825866222 ], [ -114.05480094621629, 28.243244671434166 ], [ -114.054767286119827, 28.243336750159695 ], [ -114.054850145431743, 28.243429605466503 ], [ -114.054994946314096, 28.243468247663611 ], [ -114.055002176102107, 28.24347017703159 ], [ -114.05544336594123, 28.24353810495402 ], [ -114.055628793681066, 28.243566653931659 ], [ -114.055797134054984, 28.243576417759471 ], [ -114.055956104267779, 28.24352550708522 ] ], [ [ -114.031117223822321, 28.409468563392039 ], [ -114.031227169460124, 28.409165078546327 ], [ -114.031265860186792, 28.408643323312536 ], [ -114.031211188022226, 28.408201443514141 ], [ -114.030917367065499, 28.406661092069783 ], [ -114.030753885539767, 28.406226708836922 ], [ -114.030284788897305, 28.405739938289837 ], [ -114.029778133107328, 28.405478933526872 ], [ -114.027882847987783, 28.40474766575219 ], [ -114.027365887335506, 28.404527469837564 ], [ -114.02684867652404, 28.404231172636376 ], [ -114.026626763615724, 28.404028088282967 ], [ -114.026108383149463, 28.403376658309753 ], [ -114.025910420605584, 28.403208555633462 ], [ -114.025504972443841, 28.403075507194949 ], [ -114.025123722843361, 28.403053540042844 ], [ -114.023750004348173, 28.403084067494863 ], [ -114.023336508928523, 28.403138916621156 ], [ -114.022780581893542, 28.403364358875837 ], [ -114.022399894639335, 28.403631570365221 ], [ -114.021179268377509, 28.40465311068564 ], [ -114.020887758042235, 28.405029959294776 ], [ -114.020748016171737, 28.405767051428711 ], [ -114.020839898306633, 28.406443191817804 ], [ -114.02140844317951, 28.408861418451337 ], [ -114.021643704312723, 28.409534374117371 ], [ -114.022173030441706, 28.410256608722502 ], [ -114.022693949566502, 28.41061541542706 ], [ -114.024595594443298, 28.411567595934166 ], [ -114.025159234467566, 28.411813822399814 ], [ -114.025887891506542, 28.412010714033357 ], [ -114.026365188164633, 28.41204576204716 ], [ -114.02786391255124, 28.412012420319691 ], [ -114.028293308891932, 28.411977496395139 ], [ -114.028798434793913, 28.411847868715348 ], [ -114.029090646499, 28.411697610892364 ], [ -114.029949170322993, 28.411126033592161 ], [ -114.030194343995916, 28.410936231858532 ], [ -114.030479968720812, 28.410622070331424 ], [ -114.030642830483558, 28.410363070084902 ], [ -114.031117223822321, 28.409468563392039 ] ], [ [ -114.010091249723274, 28.418557177792916 ], [ -114.009893472825439, 28.418463462126759 ], [ -114.009735561861632, 28.418561664348974 ], [ -114.00970775132636, 28.418795669169281 ], [ -114.00973588084139, 28.419789489436923 ], [ -114.009760550330682, 28.420052775355739 ], [ -114.009847544493596, 28.42028762275714 ], [ -114.00994715233567, 28.420359833073817 ], [ -114.010324994893438, 28.420461966533868 ], [ -114.010439799753911, 28.420462808613472 ], [ -114.010597712643673, 28.420364605431672 ], [ -114.010708497389885, 28.420223473114948 ], [ -114.011067577982502, 28.419663058491487 ], [ -114.011125881281103, 28.419492645326752 ], [ -114.011038885192249, 28.419257798884971 ], [ -114.010856302388675, 28.419092716897186 ], [ -114.010091249723274, 28.418557177792916 ] ] ], [ [ [ -114.057846092852117, 28.232590263464676 ], [ -114.057690473777697, 28.232575419327507 ], [ -114.056355624721306, 28.232448091218352 ], [ -114.056233491433517, 28.232440511907861 ], [ -114.056189372079231, 28.232327467204396 ], [ -114.056078026869386, 28.232311411671962 ], [ -114.056080862736152, 28.232277222770712 ], [ -114.056439157641051, 28.23171674220735 ], [ -114.056544126240667, 28.231580787475529 ], [ -114.056675686843903, 28.231506812972754 ], [ -114.056758662218485, 28.231537089850352 ], [ -114.057014320766513, 28.231752356174511 ], [ -114.057126066503599, 28.231787062751991 ], [ -114.057391887250105, 28.231733760496841 ], [ -114.057465453394101, 28.231703331023095 ], [ -114.057514820182732, 28.231904982620204 ], [ -114.057857683160819, 28.232029635496971 ], [ -114.057892211758073, 28.23225589712472 ], [ -114.057846092852117, 28.232590263464676 ] ] ] ] } },
{ "type": "Feature", "properties": { "fid": 3.0, "cat": 5, "CLAVE_ACUI": "0227", "NOM_ACUIF": "VILLA DE JESÚS MARÍA", "VULNERABIL": 2 }, "geometry": { "type": "MultiPolygon", "coordinates": [ [ [ [ -114.034884889534595, 28.431953194213595 ], [ -114.034946291805738, 28.43201662251408 ], [ -114.034598594760908, 28.432161898036462 ], [ -114.034368038792707, 28.432257224061779 ], [ -114.033841184548606, 28.432475874445672 ], [ -114.033096864636391, 28.432785193161301 ], [ -114.03275276239772, 28.432928192509788 ], [ -114.032184757796003, 28.433164239471569 ], [ -114.031846807937114, 28.432794343460234 ], [ -114.031726313026269, 28.432487015609063 ], [ -114.031771748714377, 28.432201879913428 ], [ -114.031962784553272, 28.431923645739264 ], [ -114.032808840003739, 28.430910352762485 ], [ -114.033069135712879, 28.430645793744571 ], [ -114.033437802152775, 28.430424479961278 ], [ -114.03370417361451, 28.43037287635153 ], [ -114.033769180119293, 28.430371426395443 ], [ -114.034578574432842, 28.430353370426957 ], [ -114.034795783463522, 28.430389113036643 ], [ -114.034967547649586, 28.430422277248905 ], [ -114.034947741937032, 28.430515540907301 ], [ -114.034938701199394, 28.43058332527125 ], [ -114.034913452000481, 28.430690904437647 ], [ -114.034682540145255, 28.431359009215388 ], [ -114.034665154815258, 28.431476231145421 ], [ -114.034662567708125, 28.431552888246827 ], [ -114.034682202969151, 28.431639663432659 ], [ -114.034723592377958, 28.43173070583687 ], [ -114.034769925548076, 28.431820532445453 ], [ -114.034817027120837, 28.431883591737947 ], [ -114.034884889534595, 28.431953194213595 ] ] ] ] } },
{ "type": "Feature", "properties": { "fid": 4.0, "cat": 6, "CLAVE_ACUI": "0227", "NOM_ACUIF": "VILLA DE JESÚS MARÍA", "VULNERABIL": 3 }, "geometry": null },
{ "type": "Feature", "properties": { "fid": 5.0, "cat": 7, "CLAVE_ACUI": "0227", "NOM_ACUIF": "VILLA DE JESÚS MARÍA", "VULNERABIL": 4 }, "geometry": { "type": "MultiPolygon", "coordinates": [ [ [ [ -114.034946291805738, 28.43201662251408 ], [ -114.034884889534595, 28.431953194213595 ], [ -114.034817027120837, 28.431883591737947 ], [ -114.034769925548076, 28.431820532445453 ], [ -114.034723592377958, 28.43173070583687 ], [ -114.034682202969151, 28.431639663432659 ], [ -114.034662567708125, 28.431552888246827 ], [ -114.034665154815258, 28.431476231145421 ], [ -114.034682540145255, 28.431359009215388 ], [ -114.034913452000481, 28.430690904437647 ], [ -114.034938701199394, 28.43058332527125 ], [ -114.034947741937032, 28.430515540907301 ], [ -114.034967547649586, 28.430422277248905 ], [ -114.035155490821936, 28.430457190783468 ], [ -114.035298568325231, 28.430509807655945 ], [ -114.035807688108676, 28.430829921073499 ], [ -114.035940598154099, 28.430928426677625 ], [ -114.036023941684732, 28.431033111439667 ], [ -114.036069228726106, 28.43112182253218 ], [ -114.03609942543855, 28.431214655040723 ], [ -114.036134262191979, 28.431350201681372 ], [ -114.036178093520263, 28.431504719879218 ], [ -114.036020302810513, 28.431570293322672 ], [ -114.03585058037666, 28.431640825259805 ], [ -114.035478981817363, 28.431795251316672 ], [ -114.034946291805738, 28.43201662251408 ] ] ] ] } },
{ "type": "Feature", "properties": { "fid": 6.0, "cat": 1, "CLAVE_ACUI": "0227", "NOM_ACUIF": "VILLA DE JESÚS MARÍA", "VULNERABIL": 1 }, "geometry": { "type": "MultiPolygon", "coordinates": [ [ [ [ -113.564766012630102, 28.597729038255356 ], [ -113.532467097711077, 28.503955370066567 ], [ -113.524034871719948, 28.479391349536687 ], [ -113.513740928533267, 28.448769272053909 ], [ -113.539175409055773, 28.400950592962943 ], [ -113.553586351484384, 28.373856969769708 ], [ -113.605916417364057, 28.324650900301364 ], [ -113.610628347780008, 28.320355852213154 ], [ -113.623608512381239, 28.3081814306057 ], [ -113.628803683968172, 28.240886813817596 ], [ -113.806906522937595, 28.227603773552836 ], [ -113.932774285822973, 28.224757300598224 ], [ -113.983262334968941, 28.22361552399768 ], [ -113.990469749828549, 28.22345252982824 ], [ -113.990469167031279, 28.224157143408529 ], [ -113.990512963147197, 28.225420532310235 ], [ -113.990596144107826, 28.22840212957534 ], [ -113.990655254651543, 28.229288757578686 ], [ -113.990847918437836, 28.230444758129 ], [ -113.991064043486119, 28.231209559099192 ], [ -113.991879985265896, 28.233622625094434 ], [ -113.992071949634223, 28.234342288045536 ], [ -113.992151817663952, 28.235287654102358 ], [ -113.992073947432502, 28.235918514520677 ], [ -113.991630675706048, 28.23791716349622 ], [ -113.99166986647991, 28.238636789224266 ], [ -113.992296046931713, 28.239996391439895 ], [ -113.993151416139355, 28.24121904870745 ], [ -113.996517119667516, 28.245565118531253 ], [ -113.99739435483697, 28.246746673189516 ], [ -113.998122254063588, 28.24791458641683 ], [ -113.998284859273625, 28.248401485140111 ], [ -113.998315775246823, 28.249505769025831 ], [ -113.998268543862849, 28.249865354943665 ], [ -113.998017212221527, 28.250439138620148 ], [ -113.99770539639934, 28.250899243221138 ], [ -113.996501568254828, 28.252472609529264 ], [ -113.996247289697308, 28.252941596527652 ], [ -113.996264505668449, 28.253556841174696 ], [ -113.996543382135371, 28.253966774741741 ], [ -113.997827608487654, 28.255264544535351 ], [ -113.998174647892327, 28.255652682537697 ], [ -113.998509921673246, 28.256166231664373 ], [ -113.998641843434243, 28.25651173602499 ], [ -113.998922206616484, 28.257610540541737 ], [ -113.999018634741759, 28.257916233402231 ], [ -113.999188266024888, 28.258243996092357 ], [ -113.999334168153396, 28.258406535585792 ], [ -113.999845415282067, 28.258837289347714 ], [ -113.999969832849146, 28.259051038023493 ], [ -114.000039199164874, 28.259617779370291 ], [ -114.000013875919933, 28.26021366129973 ], [ -113.999826331814432, 28.262427702197602 ], [ -113.999801576699085, 28.263043866712884 ], [ -113.999873599738677, 28.263705260294618 ], [ -114.000001245600899, 28.264033943615303 ], [ -114.00052490796277, 28.26490640395324 ], [ -114.000663443236974, 28.265214551934619 ], [ -114.000786274289013, 28.265780117032765 ], [ -114.000823211691497, 28.266279919315483 ], [ -114.00087275694257, 28.268046764695878 ], [ -114.000922004475598, 28.268576738915709 ], [ -114.001102280036037, 28.269283106593893 ], [ -114.001310570125725, 28.269762228718022 ], [ -114.002102328056424, 28.271291760559595 ], [ -114.00237850374225, 28.271738944825092 ], [ -114.002875554109536, 28.272296275544896 ], [ -114.003309450692967, 28.272645277298238 ], [ -114.004837266059241, 28.273716610890229 ], [ -114.005201588540743, 28.274036694769578 ], [ -114.005373927444197, 28.274459097640595 ], [ -114.005255801063228, 28.274742447359198 ], [ -114.004532197622751, 28.27564234155469 ], [ -114.004345620003789, 28.275937344921392 ], [ -114.004198534388038, 28.27641413488033 ], [ -114.004174990498726, 28.276800260177581 ], [ -114.004212206842553, 28.278125388142044 ], [ -114.004292334531314, 28.278529526569926 ], [ -114.004629048142235, 28.279090377426339 ], [ -114.005029941817568, 28.27948745339226 ], [ -114.006564085523806, 28.28077961207363 ], [ -114.006941510556842, 28.281156903528156 ], [ -114.007168662542838, 28.281625450292353 ], [ -114.007115737875267, 28.281917512426716 ], [ -114.00664159832246, 28.2828119219337 ], [ -114.006600128124276, 28.283103731586383 ], [ -114.006880746139274, 28.283571100672241 ], [ -114.00732310198066, 28.283946959710072 ], [ -114.009106835276441, 28.285233583658272 ], [ -114.009584145875309, 28.285628958741746 ], [ -114.010027839316365, 28.286187433691953 ], [ -114.010184374617197, 28.286589881386089 ], [ -114.010471181574459, 28.287909495962758 ], [ -114.010581038122254, 28.288282530178563 ], [ -114.010806890979964, 28.288703742447311 ], [ -114.011019681406552, 28.288932439836838 ], [ -114.011786854993403, 28.289578479291631 ], [ -114.011987049615144, 28.289766862950572 ], [ -114.012154112445401, 28.289999950159661 ], [ -114.012192578510039, 28.290144548509385 ], [ -114.01220502369118, 28.290586253740944 ], [ -114.012360917212106, 28.29082973464898 ], [ -114.013075980651308, 28.291524270928932 ], [ -114.01394161599228, 28.292272979388358 ], [ -114.017266283847377, 28.295072360727907 ], [ -114.018144007336105, 28.295841066581723 ], [ -114.018915284024374, 28.296629033945326 ], [ -114.01913937498361, 28.296986001020585 ], [ -114.019413852242295, 28.297863882630917 ], [ -114.01961445936189, 28.29820107349332 ], [ -114.020276150839848, 28.298896747456482 ], [ -114.021020823904237, 28.299553372785347 ], [ -114.023834343565497, 28.301921911236473 ], [ -114.024578772496, 28.302568372515442 ], [ -114.025239183934801, 28.303216692531194 ], [ -114.025438193187028, 28.303496406469655 ], [ -114.025706488891103, 28.304153420008458 ], [ -114.02585794499349, 28.304373303470133 ], [ -114.026296444052932, 28.304742412251542 ], [ -114.02677141688612, 28.30504982564192 ], [ -114.028549476692334, 28.30611529786075 ], [ -114.029036495247254, 28.306442729934293 ], [ -114.029531170502338, 28.306905288582843 ], [ -114.029750829627844, 28.307238655862555 ], [ -114.030281234817522, 28.308331810641103 ], [ -114.030398346704629, 28.30868774962185 ], [ -114.030414456796251, 28.309255645238114 ], [ -114.030320358044762, 28.309710985834268 ], [ -114.029865113355996, 28.31126801254392 ], [ -114.029679914393441, 28.311745671457388 ], [ -114.029270901113634, 28.312417719627071 ], [ -114.028871793659363, 28.312900128874187 ], [ -114.027418282774747, 28.314479316793715 ], [ -114.027076169166023, 28.314950308881052 ], [ -114.026933174736087, 28.315569091597556 ], [ -114.027071014083063, 28.315982075170492 ], [ -114.027857271998656, 28.317290545386399 ], [ -114.028051265874069, 28.317661691133896 ], [ -114.028170300980904, 28.318085238070143 ], [ -114.028146355979047, 28.31831915970945 ], [ -114.027915575332401, 28.318987247073864 ], [ -114.027775593521, 28.319173008344947 ], [ -114.027353126232327, 28.319371806323822 ], [ -114.026889582895592, 28.319470040973147 ], [ -114.025148842528296, 28.319729658963251 ], [ -114.024923843558994, 28.319786733677187 ], [ -114.02479800021591, 28.319839188161115 ], [ -114.024663148646127, 28.319938216838867 ], [ -114.024600163265688, 28.320028812249099 ], [ -114.024572606849389, 28.320190079912635 ], [ -114.024592785110556, 28.320406904125928 ], [ -114.024623533526892, 28.320640979695117 ], [ -114.024661705848928, 28.320931570531162 ], [ -114.024716122321124, 28.321345821677184 ], [ -114.024750708825778, 28.321542865636431 ], [ -114.02479886556614, 28.321726547698326 ], [ -114.024882149912472, 28.321927025244058 ], [ -114.024971972789416, 28.322076504796364 ], [ -114.025122482610897, 28.322217042215666 ], [ -114.025413844027781, 28.32243151659187 ], [ -114.02537645997937, 28.322481293671345 ], [ -114.025354521082733, 28.322525943932085 ], [ -114.025338813990999, 28.322574765575247 ], [ -114.02532742432436, 28.322622479672138 ], [ -114.025317821229677, 28.322692647280736 ], [ -114.025318113423452, 28.322768445888482 ], [ -114.025326416584818, 28.322893962465649 ], [ -114.025085531961793, 28.322875264795766 ], [ -114.02502457170479, 28.322883208087649 ], [ -114.024991098093579, 28.322908725891967 ], [ -114.024969043474698, 28.322942276989934 ], [ -114.024944070472429, 28.323005609776246 ], [ -114.024933423675236, 28.323066985430717 ], [ -114.02493772936532, 28.323110120616448 ], [ -114.024973342793132, 28.323163375555357 ], [ -114.025130318894455, 28.323312232203165 ], [ -114.02518581539718, 28.323376368831827 ], [ -114.025224188945728, 28.323433126195887 ], [ -114.025270692536822, 28.32355510680976 ], [ -114.025273757250531, 28.323566210116802 ], [ -114.025291657087038, 28.323658195816648 ], [ -114.025310106067792, 28.323878712669416 ], [ -114.025298713296863, 28.32402085543778 ], [ -114.02528171623014, 28.324107123136432 ], [ -114.025235518931808, 28.324246401222481 ], [ -114.025194998742677, 28.324329518469476 ], [ -114.025001069745471, 28.324609889949475 ], [ -114.024626290813785, 28.32494123012469 ], [ -114.02316005673265, 28.326078689285673 ], [ -114.022768219442398, 28.326415476834828 ], [ -114.022405896969758, 28.326849700672 ], [ -114.022280132321598, 28.32713323363604 ], [ -114.022055552990707, 28.328022163982244 ], [ -114.021974481387048, 28.328264116397616 ], [ -114.021820728025091, 28.328504297357021 ], [ -114.021682152012716, 28.328605460517441 ], [ -114.021189216337802, 28.328837373396265 ], [ -114.021062674288757, 28.328958564114899 ], [ -114.020965081466372, 28.329292208888464 ], [ -114.020952205465875, 28.329647653634481 ], [ -114.020989712140789, 28.330972750847639 ], [ -114.020955923493815, 28.331399690847014 ], [ -114.020760733671707, 28.332066980391012 ], [ -114.020515677926497, 28.332593310930417 ], [ -114.019567257581869, 28.334382227881179 ], [ -114.019323052344461, 28.334938980151513 ], [ -114.019131864776057, 28.33574824316392 ], [ -114.0191029468821, 28.336347581128667 ], [ -114.019159189161115, 28.338335228282968 ], [ -114.019152048361022, 28.338893494087866 ], [ -114.019062478458608, 28.339511087753515 ], [ -114.01894166152465, 28.339835098588001 ], [ -114.018467415003215, 28.340729554804696 ], [ -114.018298590170403, 28.340932311139451 ], [ -114.018024988620681, 28.341152924397534 ], [ -114.017832644933989, 28.341265639779337 ], [ -114.017319772792973, 28.340788840894199 ], [ -114.016840910054839, 28.340310060931412 ], [ -114.016385607939128, 28.339956460484327 ], [ -114.015180917075924, 28.339020863628683 ], [ -114.014687521227728, 28.338742575782796 ], [ -114.014044976025815, 28.338733108901575 ], [ -114.013620446206062, 28.338997873330563 ], [ -114.012281833448796, 28.340242902729969 ], [ -114.011935806287411, 28.340647991617207 ], [ -114.011659642702227, 28.341293383471879 ], [ -114.01161115244399, 28.341810283530513 ], [ -114.011661032724334, 28.34357709184 ], [ -114.011622573609344, 28.344043032935485 ], [ -114.011393213729207, 28.344450616565531 ], [ -114.011104015413864, 28.344566937326597 ], [ -114.009983781891052, 28.344702178613392 ], [ -114.009653745990363, 28.344794029733016 ], [ -114.009233812804396, 28.34508743178581 ], [ -114.008963943326336, 28.345414726741112 ], [ -114.008124475778189, 28.346648699470414 ], [ -114.007908899853405, 28.347071195048546 ], [ -114.00774235657822, 28.347808870654148 ], [ -114.007720014965315, 28.348440197539833 ], [ -114.00778230275796, 28.350648713615687 ], [ -114.007765265115268, 28.351264702073955 ], [ -114.007623463216675, 28.351930799272104 ], [ -114.007437925664732, 28.352266378118031 ], [ -114.006713879286124, 28.353166313739589 ], [ -114.006559703523095, 28.353393861964712 ], [ -114.006562505821506, 28.353493245240237 ], [ -114.006696196314422, 28.353783707072132 ], [ -114.007105700707612, 28.353953678537469 ], [ -114.007249852354732, 28.354048589080922 ], [ -114.007417019805501, 28.354281673326053 ], [ -114.007511678987768, 28.354519740333593 ], [ -114.007786257067934, 28.355397635015297 ], [ -114.007818867799017, 28.35567258753354 ], [ -114.00769646950674, 28.356077805171498 ], [ -114.007489002910162, 28.356381734816534 ], [ -114.006643214719432, 28.357394853030208 ], [ -114.006239707406877, 28.357662517415914 ], [ -114.005202467759787, 28.357898497604623 ], [ -114.004124204019192, 28.357967941495531 ], [ -114.000129538528213, 28.358055966493701 ], [ -113.999083376631745, 28.358043483749054 ], [ -113.998195965325337, 28.357897273212483 ], [ -113.997974397932012, 28.357700890251142 ], [ -113.997827828523626, 28.356930650356663 ], [ -113.997828817611122, 28.356693853560042 ], [ -113.997980000630477, 28.356359041908952 ], [ -113.99819498643356, 28.356117536120436 ], [ -113.998254384920841, 28.356062310938071 ], [ -113.998308860440588, 28.355906442690809 ], [ -113.998779703514558, 28.355517240351176 ], [ -113.998883393381973, 28.355477491435586 ], [ -113.999047063355732, 28.355325318120727 ], [ -113.999337273904032, 28.355107523646751 ], [ -113.999839519173506, 28.354883369106972 ], [ -114.000266802089641, 28.354780942175996 ], [ -114.001758539883184, 28.354527095797263 ], [ -114.002157679751576, 28.354419204822015 ], [ -114.002593242642689, 28.354160306953247 ], [ -114.002845093300266, 28.353870627249933 ], [ -114.003441240965813, 28.352863034858284 ], [ -114.003582896008353, 28.352530119340756 ], [ -114.0036478114083, 28.351984107116806 ], [ -114.00359889383293, 28.351537005188732 ], [ -114.003305703079562, 28.349996540802966 ], [ -114.00327355530726, 28.349533847706333 ], [ -114.003416715892527, 28.348915078553361 ], [ -114.003653376896452, 28.348493815516548 ], [ -114.004614620978415, 28.347146687401278 ], [ -114.004840953572938, 28.346766240311045 ], [ -114.004935942056832, 28.34633795179305 ], [ -114.004845308960697, 28.34610655829194 ], [ -114.004327370359732, 28.345455008969196 ], [ -114.004191173561665, 28.345234766841081 ], [ -114.004073523716656, 28.344858520976359 ], [ -114.004041649041227, 28.344541269139981 ], [ -114.004010550889276, 28.343437006418277 ], [ -114.004068950594856, 28.343067027228805 ], [ -114.004372577661783, 28.342444720249887 ], [ -114.004747928164534, 28.341925688806658 ], [ -114.006195909939208, 28.340125841984008 ], [ -114.006511646473385, 28.339526941504179 ], [ -114.006537130932188, 28.338531926706917 ], [ -114.006257807709304, 28.337709377069579 ], [ -114.004928861385764, 28.334865815179402 ], [ -114.004605714606527, 28.334115259122029 ], [ -114.004426597434971, 28.333456237567891 ], [ -114.004493858119858, 28.333265335252072 ], [ -114.004986855538775, 28.333033478621903 ], [ -114.005103102412534, 28.332953118593807 ], [ -114.005152591711692, 28.332809962742171 ], [ -114.005107044089783, 28.332685814463055 ], [ -114.004845000669874, 28.3322496112654 ], [ -114.004821520060403, 28.33209453395833 ], [ -114.004973985461433, 28.331807043404034 ], [ -114.005215272741907, 28.331551419634 ], [ -114.006188805115158, 28.330645995807664 ], [ -114.006430086915614, 28.330390370268635 ], [ -114.006582545812279, 28.330102878366418 ], [ -114.00655906348031, 28.329947801473189 ], [ -114.006297022208926, 28.329511600859199 ], [ -114.006251475073782, 28.32938745290538 ], [ -114.00630096159982, 28.329244296814988 ], [ -114.006417203519192, 28.329163936015995 ], [ -114.006910177976366, 28.328932074062056 ], [ -114.00703702306653, 28.328821036455022 ], [ -114.007135993459343, 28.328534723872785 ], [ -114.007150534869012, 28.328236743584277 ], [ -114.007119425735269, 28.327132481384631 ], [ -114.007156603457787, 28.326823854290225 ], [ -114.007361206825479, 28.326487856707857 ], [ -114.00761631902445, 28.326316486904592 ], [ -114.00860223448116, 28.325852754919897 ], [ -114.008874677068405, 28.325686074241773 ], [ -114.009160164859665, 28.325371966722756 ], [ -114.009295562163459, 28.325089922708276 ], [ -114.009641926009806, 28.324087824808746 ], [ -114.009783193907865, 28.323810724579378 ], [ -114.010096082668454, 28.323519688022007 ], [ -114.010401798573056, 28.323381021292168 ], [ -114.011515580082232, 28.323024941611212 ], [ -114.011804244901384, 28.32289172223394 ], [ -114.012037570175764, 28.322626116489545 ], [ -114.012082227697661, 28.322379899558801 ], [ -114.012057305565378, 28.321496493072377 ], [ -114.012015581960483, 28.321236963101978 ], [ -114.011845793934228, 28.320909229623183 ], [ -114.011644963669355, 28.320700568633509 ], [ -114.010877548733092, 28.320054547924336 ], [ -114.010676436057409, 28.319835744055204 ], [ -114.010505320349125, 28.319460682932469 ], [ -114.010461981594759, 28.319143685469541 ], [ -114.010430850053197, 28.318039425167992 ], [ -114.010346974134166, 28.317708101265641 ], [ -114.009986685518285, 28.317266182752057 ], [ -114.009555864907853, 28.316966193256583 ], [ -114.007905672803233, 28.316008147942174 ], [ -114.007466544583735, 28.315819956889719 ], [ -114.007067453909841, 28.315899790189981 ], [ -114.006936450796985, 28.316202030052924 ], [ -114.006724191783945, 28.317532650037396 ], [ -114.006473570700308, 28.317862895737726 ], [ -114.006461398544076, 28.317865572582612 ], [ -114.006441909860243, 28.317892345019967 ], [ -114.005510676978304, 28.318078615430043 ], [ -114.004399305719502, 28.318043912158682 ], [ -114.000144150827055, 28.317695614859293 ], [ -113.998907860419692, 28.317704204783592 ], [ -113.997393643363225, 28.318092660678545 ], [ -113.996466759280267, 28.318639012491715 ], [ -113.993655454874173, 28.3208001777713 ], [ -113.99291530535865, 28.321464178406135 ], [ -113.992272642153551, 28.322401711716086 ], [ -113.992094707618278, 28.323077047152676 ], [ -113.991907014165605, 28.325291080427451 ], [ -113.991918606243573, 28.325977477974295 ], [ -113.992160401346041, 28.326966632884599 ], [ -113.992494234561036, 28.327693312796868 ], [ -113.993810362995987, 28.330095320459353 ], [ -113.994166288314062, 28.330791067081918 ], [ -113.994511109915834, 28.331635887049295 ], [ -113.994647783944345, 28.332147027007348 ], [ -113.994940777227768, 28.333687526726063 ], [ -113.995009255302932, 28.334220459342344 ], [ -113.995035820737186, 28.335166979360569 ], [ -113.9950052926024, 28.335986218255016 ], [ -113.994836260767642, 28.33886281282788 ], [ -113.994770776281158, 28.339662524500554 ], [ -113.994634213901676, 28.340517918038351 ], [ -113.994504608873498, 28.340940197108292 ], [ -113.994036343363533, 28.342055438645843 ], [ -113.993891856559387, 28.34235627377134 ], [ -113.993685855027323, 28.342644929964795 ], [ -113.99353605429431, 28.34275646079627 ], [ -113.993042985011201, 28.342988280970779 ], [ -113.992930416734396, 28.343200468924433 ], [ -113.992898168808011, 28.343958860162473 ], [ -113.992964670479722, 28.344830088139098 ], [ -113.993307278393246, 28.348137425145335 ], [ -113.993419642931315, 28.349007644747719 ], [ -113.993601385830516, 28.349761334584709 ], [ -113.993748652373668, 28.34996781485108 ], [ -113.994254152605848, 28.350177698664794 ], [ -113.994399712460321, 28.350323330464082 ], [ -113.994573491464593, 28.350793062726449 ], [ -113.994676188056459, 28.351318477015738 ], [ -113.994981667803955, 28.353300677084942 ], [ -113.99503320969896, 28.353842436425744 ], [ -113.99496824952341, 28.354388447843107 ], [ -113.994823906189239, 28.354626704800001 ], [ -113.994215260470156, 28.355192557812305 ], [ -113.993942246504673, 28.355342313881181 ], [ -113.993276829771546, 28.355475322003418 ], [ -113.992599248373153, 28.355515575121352 ], [ -113.990102615525743, 28.35557038909112 ], [ -113.989176703275916, 28.355550115819891 ], [ -113.987352418221846, 28.355400705858841 ], [ -113.985672212692393, 28.355207523677617 ], [ -113.979655573278251, 28.354455266436737 ], [ -113.977971139031425, 28.354109865800758 ], [ -113.976127065931124, 28.353250402253668 ], [ -113.975177115794921, 28.352368009529414 ], [ -113.972588170357881, 28.349109619002586 ], [ -113.971888568709204, 28.348358731309336 ], [ -113.971212609076645, 28.348113015024413 ], [ -113.970946543967543, 28.348512882868672 ], [ -113.970380853376881, 28.350624650529834 ], [ -113.970178313164297, 28.351246380752464 ], [ -113.969798824276765, 28.352036021111608 ], [ -113.969459236628424, 28.352542348149992 ], [ -113.968253965406959, 28.354115562687845 ], [ -113.967954912769713, 28.354636225023231 ], [ -113.967764624432647, 28.355492773021993 ], [ -113.967791839602953, 28.356195751005483 ], [ -113.968109145478365, 28.358619765448953 ], [ -113.968048035762081, 28.359446439015361 ], [ -113.967445530388474, 28.360880235068354 ], [ -113.966645903589992, 28.362101838627758 ], [ -113.963516679581033, 28.366368826533407 ], [ -113.962705222612456, 28.367580520461434 ], [ -113.962047784454185, 28.368968136623845 ], [ -113.961920057901466, 28.369738754548752 ], [ -113.961981452560735, 28.37194735615979 ], [ -113.961964721664259, 28.372583640480109 ], [ -113.961825244379924, 28.373344366164986 ], [ -113.961642720695764, 28.373794832723906 ], [ -113.960930411551644, 28.37513628276632 ], [ -113.960747036049341, 28.37555632390854 ], [ -113.960603602176235, 28.376175067406226 ], [ -113.960582073265925, 28.376638945669463 ], [ -113.96062504176362, 28.378184967196638 ], [ -113.960613570919492, 28.378597888376813 ], [ -113.960517069411651, 28.378978832584981 ], [ -113.960390680643044, 28.379110117348162 ], [ -113.959897366862691, 28.379341834396595 ], [ -113.95974804282038, 28.379473617132835 ], [ -113.95954451162109, 28.379856887050089 ], [ -113.95940307630201, 28.380272632811277 ], [ -113.958946569959153, 28.381829509397551 ], [ -113.958771855317835, 28.382286568523739 ], [ -113.958413031315644, 28.382862634613929 ], [ -113.95807513943285, 28.383228526582673 ], [ -113.956857121215691, 28.38435995122261 ], [ -113.956588025132916, 28.384724345978949 ], [ -113.956550277227976, 28.385293435737623 ], [ -113.956765450909998, 28.38574202627477 ], [ -113.957807361669012, 28.38726635265806 ], [ -113.958079603189873, 28.38770355307653 ], [ -113.958308135394702, 28.388219501336891 ], [ -113.958362366774793, 28.388519370440118 ], [ -113.958386913547059, 28.389402811600853 ], [ -113.958249568959332, 28.389828615419262 ], [ -113.957584072193114, 28.39093225737976 ], [ -113.956770693573063, 28.392083081838209 ], [ -113.953640284555206, 28.396349921666374 ], [ -113.952840263707017, 28.397571470283882 ], [ -113.952237380012647, 28.399005223431637 ], [ -113.952176153021725, 28.399831896559583 ], [ -113.952493331602795, 28.402255950833233 ], [ -113.952543145477449, 28.402948295131715 ], [ -113.952458419280632, 28.403755182449913 ], [ -113.952287565952886, 28.404215534316798 ], [ -113.951574966890817, 28.405556954140021 ], [ -113.951338100790508, 28.406120213555919 ], [ -113.950945329935749, 28.40740733888094 ], [ -113.950621091299723, 28.40868282981409 ], [ -113.949889419501346, 28.411729467559162 ], [ -113.949457572438121, 28.414321978181032 ], [ -113.949416307398792, 28.41501945476444 ], [ -113.949469809936275, 28.415250301423878 ], [ -113.949591982533477, 28.415480320739942 ], [ -113.950017877248996, 28.415579419386603 ], [ -113.952132092453482, 28.415202074409709 ], [ -113.952861810028139, 28.41495791783445 ], [ -113.954152942806388, 28.414195878106387 ], [ -113.955267688490835, 28.413351402894676 ], [ -113.95917857077518, 28.410172506424072 ], [ -113.960423024524374, 28.409249064957937 ], [ -113.962319710824133, 28.40811861209885 ], [ -113.96378481046672, 28.407427117049625 ], [ -113.96872515479744, 28.405330506830808 ], [ -113.970060391800388, 28.404717887614492 ], [ -113.971351268223941, 28.403955702018333 ], [ -113.971444364187192, 28.403868583883693 ], [ -113.971860150404211, 28.403479493525044 ], [ -113.972944051706548, 28.402019375407374 ], [ -113.973265799987985, 28.401623356624977 ], [ -113.973683406239886, 28.401235390497181 ], [ -113.973771474473381, 28.401184690715148 ], [ -113.973899665427183, 28.401034479044771 ], [ -113.974317267071115, 28.400646511287448 ], [ -113.97451379813532, 28.400561035897812 ], [ -113.975013343131735, 28.400550118045444 ], [ -113.97516541444908, 28.400516351364072 ], [ -113.975367140758451, 28.40037555157301 ], [ -113.975523636583787, 28.400193946080027 ], [ -113.976004651240387, 28.399520455457054 ], [ -113.976152750259473, 28.399344708692038 ], [ -113.976362867550904, 28.399198048363324 ], [ -113.976514936401642, 28.39916428034374 ], [ -113.977014473936961, 28.399153355643737 ], [ -113.977225462762163, 28.399090357620757 ], [ -113.977633404858892, 28.398852303150644 ], [ -113.978038246057096, 28.39855593218401 ], [ -113.979505932982875, 28.397418857717046 ], [ -113.979967539080775, 28.397100943891417 ], [ -113.980654030369578, 28.39675442688409 ], [ -113.980836735368982, 28.396692089932564 ], [ -113.981509820153619, 28.396352333344751 ], [ -113.981923198658748, 28.39622489045961 ], [ -113.983165811437431, 28.3959766732115 ], [ -113.983473451533328, 28.395851290580413 ], [ -113.984236558758539, 28.395283466508943 ], [ -113.984820058899658, 28.394675351812761 ], [ -113.986756140455967, 28.392422982238205 ], [ -113.987531153098573, 28.391688885285678 ], [ -113.989211822854202, 28.390515471439173 ], [ -113.990837750647344, 28.389573251248386 ], [ -113.99674454016494, 28.386349508373598 ], [ -113.998289895993949, 28.385606854419464 ], [ -113.99959498944105, 28.385365011660721 ], [ -113.99991407426981, 28.385762188752558 ], [ -114.000098054474506, 28.387857531121664 ], [ -114.000123279325223, 28.388413394099679 ], [ -114.000057008037246, 28.388912079772609 ], [ -113.999937109165558, 28.389068624883144 ], [ -113.999443851246312, 28.389300482077815 ], [ -113.999305463902118, 28.389411770462914 ], [ -113.999152915131191, 28.38969925998472 ], [ -113.999073375592715, 28.389998670998512 ], [ -113.998854738204287, 28.391108432848135 ], [ -113.998730468129366, 28.391449418886722 ], [ -113.998369178698226, 28.391930924865317 ], [ -113.997977319438263, 28.392277803759633 ], [ -113.996509914963539, 28.393415058130302 ], [ -113.996349751343374, 28.393587251115427 ], [ -113.99621966457066, 28.393776755659825 ], [ -113.996141315112069, 28.393959819380221 ], [ -113.996088291637932, 28.394181237030374 ], [ -113.996080604991363, 28.394426498744231 ], [ -113.996136783467151, 28.394660376933771 ], [ -113.99622882808093, 28.394869215280846 ], [ -113.996687126816212, 28.395661586944701 ], [ -113.997146637665935, 28.396547736206657 ], [ -113.997378082542355, 28.397087776348112 ], [ -113.997269727506406, 28.397247558381583 ], [ -113.997225902049124, 28.397429603566518 ], [ -113.996901245454211, 28.397528091009171 ], [ -113.996510144983617, 28.397673544153083 ], [ -113.99619216705122, 28.39782059445681 ], [ -113.995664528822289, 28.398086686391736 ], [ -113.994865089990569, 28.398443811534854 ], [ -113.990050544150407, 28.400538567371495 ], [ -113.98876419381881, 28.401114784970893 ], [ -113.987575885740341, 28.40170913405337 ], [ -113.987164663859502, 28.401981995131081 ], [ -113.986433939331036, 28.402661001477387 ], [ -113.986164084593995, 28.402859725221354 ], [ -113.985635491074973, 28.403108097200874 ], [ -113.985150211750081, 28.40326418958157 ], [ -113.983414159315913, 28.403744237088695 ], [ -113.982815600393067, 28.403953542217636 ], [ -113.981758382198905, 28.404450260181889 ], [ -113.980846623997678, 28.404950549561971 ], [ -113.977648907242965, 28.406788479039669 ], [ -113.97680090160911, 28.407312717145331 ], [ -113.976041323101398, 28.407921270848394 ], [ -113.975804222662418, 28.408266398902896 ], [ -113.975457334307521, 28.409268444680091 ], [ -113.975344415037185, 28.409539823926867 ], [ -113.975164349751537, 28.409804214842453 ], [ -113.975020033091695, 28.409910536841537 ], [ -113.97452661976935, 28.410142314370731 ], [ -113.974411402809253, 28.410263221036811 ], [ -113.974367138257733, 28.410595675605119 ], [ -113.974419120752785, 28.410949704052058 ], [ -113.974705975634436, 28.412269381414923 ], [ -113.974821757125198, 28.412647383700349 ], [ -113.975075211989932, 28.413091717430071 ], [ -113.975321509101704, 28.413348477305089 ], [ -113.976217447078682, 28.414102352516 ], [ -113.97650849653597, 28.414317540864083 ], [ -113.976970782937229, 28.41456788109376 ], [ -113.97734014241334, 28.41471032133655 ], [ -113.978601537688988, 28.415124695729226 ], [ -113.979079162274374, 28.415239392082771 ], [ -113.980046677286964, 28.415360270626113 ], [ -113.980951216606243, 28.415418254219087 ], [ -113.984204885178826, 28.415567922344248 ], [ -113.985161328510998, 28.415634886742879 ], [ -113.986371062758664, 28.415797760150898 ], [ -113.987142812440098, 28.415963473966542 ], [ -113.989534589504672, 28.416573911566044 ], [ -113.98992635062541, 28.416673858695628 ], [ -113.990336832219398, 28.416756374971229 ], [ -113.990701778675898, 28.416807024556615 ], [ -113.99075275187262, 28.416908296948634 ], [ -113.990803994514224, 28.416942542038729 ], [ -113.990798651133147, 28.417579668684908 ], [ -113.990821796021535, 28.418402609856994 ], [ -113.990774852112224, 28.418774024477859 ], [ -113.990527826575601, 28.41951345491994 ], [ -113.990221873986101, 28.420198369125995 ], [ -113.989041092137455, 28.422655200937189 ], [ -113.988735407619686, 28.423350254137166 ], [ -113.988489690273369, 28.424137007974753 ], [ -113.988444352925441, 28.424565889200093 ], [ -113.988461760645137, 28.425185137973326 ], [ -113.988473163915856, 28.42559078911729 ], [ -113.98851286790341, 28.426070009329234 ], [ -113.988570227497178, 28.426455595186106 ], [ -113.988502217590806, 28.426499043151765 ], [ -113.988456548714453, 28.42655029377968 ], [ -113.988440905220472, 28.426605868208817 ], [ -113.987666010012816, 28.426351949033698 ], [ -113.986599735371485, 28.425941046132881 ], [ -113.985372222973695, 28.425509822028555 ], [ -113.982659050730177, 28.424700751736495 ], [ -113.971442901633125, 28.421410349311614 ], [ -113.96841036746315, 28.420576798390858 ], [ -113.965474332924501, 28.419977850991746 ], [ -113.964312496145908, 28.419955814918893 ], [ -113.961826592492244, 28.420451940776886 ], [ -113.961041805977743, 28.420573882213588 ], [ -113.959865387595855, 28.420646836861724 ], [ -113.958969578085672, 28.420629115052346 ], [ -113.955965555174714, 28.420473424018194 ], [ -113.955019673714091, 28.420512575983345 ], [ -113.953609575379915, 28.420851008420463 ], [ -113.952541023644187, 28.421295330319275 ], [ -113.948964478702976, 28.423030356446976 ], [ -113.948035232962695, 28.423532511188327 ], [ -113.947275367199381, 28.424140923760064 ], [ -113.947119097381332, 28.424507934611157 ], [ -113.94714971037186, 28.425612241433978 ], [ -113.947244701559853, 28.425933218010819 ], [ -113.947657381601672, 28.426326801096433 ], [ -113.948151934579045, 28.426568084496225 ], [ -113.950047181204482, 28.427300474250742 ], [ -113.950616735763475, 28.427555343030328 ], [ -113.9513793996244, 28.428012355272962 ], [ -113.951899365959221, 28.428410361380106 ], [ -113.953563234346603, 28.429810699380365 ], [ -113.953986123570786, 28.430226025894591 ], [ -113.954295713711446, 28.43076389220462 ], [ -113.954315093483544, 28.431116947455791 ], [ -113.954095938125377, 28.43222667280687 ], [ -113.954074458401195, 28.432555246387555 ], [ -113.954193377847147, 28.432978864396333 ], [ -113.954384743409392, 28.433255459105425 ], [ -113.955158870419567, 28.43412261321874 ], [ -113.95536143167503, 28.434388815381567 ], [ -113.955532583488647, 28.434763941138741 ], [ -113.95557452416638, 28.435033633210956 ], [ -113.95559909538953, 28.435917070572376 ], [ -113.9556287175444, 28.436156587381024 ], [ -113.955742382700407, 28.436390895123484 ], [ -113.955875139381888, 28.43648610355504 ], [ -113.956381006207664, 28.436696100673661 ], [ -113.956513763810477, 28.436791308406438 ], [ -113.956627431662952, 28.437025615193679 ], [ -113.956657056664525, 28.437265131548827 ], [ -113.956681639163108, 28.438148567755437 ], [ -113.956631233161232, 28.438399971630634 ], [ -113.956371421136524, 28.438689753345635 ], [ -113.956050666383035, 28.438852322772032 ], [ -113.954813616568558, 28.439321192260294 ], [ -113.954516650404912, 28.439513684285028 ], [ -113.954367864649512, 28.439943117217556 ], [ -113.95445228137396, 28.440364101192557 ], [ -113.954995023174206, 28.441899257995484 ], [ -113.955073566667863, 28.442315295098911 ], [ -113.954897349737365, 28.442721646894881 ], [ -113.954567066205357, 28.44288611183233 ], [ -113.953201954366733, 28.443247255246845 ], [ -113.952841712729196, 28.443366702463315 ], [ -113.952525702557026, 28.443562986917463 ], [ -113.952434501626755, 28.443723946789213 ], [ -113.95232490765521, 28.444278808774122 ], [ -113.952337254746681, 28.444447667972238 ], [ -113.952504469476096, 28.444680815442151 ], [ -113.952731001100517, 28.444845023696406 ], [ -113.953620938736535, 28.445378177609925 ], [ -113.953921068789583, 28.445505268261563 ], [ -113.954431733060801, 28.445565206829091 ], [ -113.954861122431609, 28.445523742180413 ], [ -113.956354269739109, 28.445270293460798 ], [ -113.956837407527942, 28.445303761134262 ], [ -113.957598911893882, 28.445713399109632 ], [ -113.958203642724484, 28.446265127305136 ], [ -113.960264263964149, 28.448430200638867 ], [ -113.960899265669241, 28.449037067754126 ], [ -113.961801940693519, 28.449704059911291 ], [ -113.962456471986172, 28.450050038793382 ], [ -113.964608291398903, 28.450997596434139 ], [ -113.965216090540054, 28.451314137375661 ], [ -113.965900649364841, 28.451843790879039 ], [ -113.966270791139507, 28.452283899279347 ], [ -113.967313575493606, 28.453808081006503 ], [ -113.967496521163511, 28.454125120523738 ], [ -113.967689664506239, 28.45501342733403 ], [ -113.967675641442185, 28.455122741489951 ], [ -113.967328563499166, 28.456124777713882 ], [ -113.967158208166026, 28.456397406240956 ], [ -113.966710296608056, 28.456667635996741 ], [ -113.966240778016569, 28.456781048794277 ], [ -113.964497597816816, 28.45704006635162 ], [ -113.963953626232922, 28.457160168865208 ], [ -113.963158275837486, 28.457461640281664 ], [ -113.963143428671358, 28.457469426121659 ], [ -113.963135608077991, 28.457472281966666 ], [ -113.96256603069935, 28.45777221100931 ], [ -113.960597546609549, 28.458920056781103 ], [ -113.960091493752842, 28.459233813934116 ], [ -113.959698423215897, 28.459550183123728 ], [ -113.959642949247012, 28.459688383368469 ], [ -113.959777143253859, 28.460016949120796 ], [ -113.959778199577386, 28.460123475732271 ], [ -113.959648934283038, 28.460292034234847 ], [ -113.959463212836255, 28.46042630529735 ], [ -113.958725774301286, 28.460884342984016 ], [ -113.958529422710086, 28.461049287026011 ], [ -113.958350557205719, 28.461360990259674 ], [ -113.958291386961136, 28.461641336746592 ], [ -113.958194124683274, 28.462637917185024 ], [ -113.958226196693701, 28.462895982625646 ], [ -113.958473129512129, 28.463103707293776 ], [ -113.958793818626859, 28.463142390743727 ], [ -113.959093471300463, 28.463135867291729 ], [ -113.959250593487454, 28.463142594052083 ], [ -113.959359022860141, 28.463187588628458 ], [ -113.959356799775165, 28.463245139989962 ], [ -113.959237995670904, 28.463468718446414 ], [ -113.958128723181318, 28.463976567035985 ], [ -113.95307078990578, 28.466122843163991 ], [ -113.946954184820356, 28.468680894015094 ], [ -113.923465277901869, 28.478470013347028 ], [ -113.910649271445209, 28.483671017436695 ], [ -113.878992811903146, 28.492622090904909 ], [ -113.844581251595599, 28.5025717105441 ], [ -113.71641799825791, 28.539011120265137 ], [ -113.683025278150453, 28.548499826926363 ], [ -113.655412474769932, 28.556407793001952 ], [ -113.64903648954818, 28.558268842021178 ], [ -113.643970631602713, 28.569609548800287 ], [ -113.639450519682399, 28.580189940540652 ], [ -113.62217941662233, 28.620751249039031 ], [ -113.615534755025877, 28.635954130796559 ], [ -113.612938999068518, 28.641973283357274 ], [ -113.599805280101862, 28.643990188739494 ], [ -113.581581608443273, 28.646788742716879 ], [ -113.576356028000163, 28.631535849104591 ], [ -113.57153261251824, 28.617456830707606 ], [ -113.564766012630102, 28.597729038255356 ] ] ] ] } },
{ "type": "Feature", "properties": { "fid": 7.0, "cat": 9, "CLAVE_ACUI": "0227", "NOM_ACUIF": "VILLA DE JESÚS MARÍA", "VULNERABIL": 2 }, "geometry": { "type": "MultiPolygon", "coordinates": [ [ [ [ -114.00970775132636, 28.418795669169281 ], [ -114.009735561861632, 28.418561664348974 ], [ -114.009893472825439, 28.418463462126759 ], [ -114.010091249723274, 28.418557177792916 ], [ -114.010856302388675, 28.419092716897186 ], [ -114.011038885192249, 28.419257798884971 ], [ -114.011125881281103, 28.419492645326752 ], [ -114.011067577982502, 28.419663058491487 ], [ -114.010708497389885, 28.420223473114948 ], [ -114.010597712643673, 28.420364605431672 ], [ -114.010439799753911, 28.420462808613472 ], [ -114.010324994893438, 28.420461966533868 ], [ -114.00994715233567, 28.420359833073817 ], [ -114.009847544493596, 28.42028762275714 ], [ -114.009760550330682, 28.420052775355739 ], [ -114.00973588084139, 28.419789489436923 ], [ -114.00970775132636, 28.418795669169281 ] ] ] ] } },
{ "type": "Feature", "properties": { "fid": 8.0, "cat": 4, "CLAVE_ACUI": "0227", "NOM_ACUIF": "VILLA DE JESÚS MARÍA", "VULNERABIL": 2 }, "geometry": { "type": "MultiPolygon", "coordinates": [ [ [ [ -114.00619601231837, 28.435590559369718 ], [ -114.002904301692809, 28.434116367867784 ], [ -114.001942542023826, 28.433664054491803 ], [ -114.000745997140768, 28.433027495940777 ], [ -113.999998405706492, 28.432570442361452 ], [ -113.997706220450738, 28.431074064682214 ], [ -113.997086850493076, 28.430685199495418 ], [ -113.99648860648621, 28.430366897810551 ], [ -113.996253338624001, 28.430301048646456 ], [ -113.99575366369028, 28.430312054892489 ], [ -113.995529582599318, 28.43023581061896 ], [ -113.99498354818239, 28.42986899735881 ], [ -113.994427583813476, 28.429421220768852 ], [ -113.99237915580008, 28.427698389437644 ], [ -113.991782776765717, 28.42724134231074 ], [ -113.991048065731391, 28.426831306383704 ], [ -113.990548907931725, 28.426623262620886 ], [ -113.990095841367719, 28.426519669832153 ], [ -113.989522461267782, 28.426446905860079 ], [ -113.989186504765186, 28.426421806712622 ], [ -113.988853854811836, 28.426406551333919 ], [ -113.988690160286509, 28.426422961278632 ], [ -113.988627426771529, 28.42643795428841 ], [ -113.988570227497178, 28.426455595186106 ], [ -113.98851286790341, 28.426070009329234 ], [ -113.988473163915856, 28.42559078911729 ], [ -113.988461760645137, 28.425185137973326 ], [ -113.988444352925441, 28.424565889200093 ], [ -113.988489690273369, 28.424137007974753 ], [ -113.988735407619686, 28.423350254137166 ], [ -113.989041092137455, 28.422655200937189 ], [ -113.990221873986101, 28.420198369125995 ], [ -113.990527826575601, 28.41951345491994 ], [ -113.990774852112224, 28.418774024477859 ], [ -113.990821796021535, 28.418402609856994 ], [ -113.990798651133147, 28.417579668684908 ], [ -113.990803994514224, 28.416942542038729 ], [ -113.990886819981426, 28.416961909403806 ], [ -113.9909639088566, 28.41696816135666 ], [ -113.991398090708913, 28.41692363093885 ], [ -113.992014314416693, 28.416864417521882 ], [ -113.994387476065967, 28.416812209290438 ], [ -113.995097318060417, 28.416816880018633 ], [ -113.996036756643576, 28.416890906034073 ], [ -113.996668970808344, 28.416991987333944 ], [ -113.998679872062624, 28.417389659286055 ], [ -113.999423350596928, 28.417569454542878 ], [ -114.000882014900768, 28.418010835814489 ], [ -114.002222349425637, 28.418461576864438 ], [ -114.007018655750826, 28.42012355401728 ], [ -114.008274010069101, 28.420611626446096 ], [ -114.009335948372424, 28.42122742488932 ], [ -114.009597641453325, 28.421619074579485 ], [ -114.009756933338139, 28.422830979931284 ], [ -114.009758089767146, 28.423142140324629 ], [ -114.009604191139985, 28.42338231712354 ], [ -114.00938317930661, 28.423414266156652 ], [ -114.008505690364288, 28.42332318141327 ], [ -114.008272633006555, 28.423335100286383 ], [ -114.008062520000962, 28.423481809775971 ], [ -114.007995415814619, 28.423679476208118 ], [ -114.007892375724722, 28.424455210216294 ], [ -114.007837029088407, 28.424662763998256 ], [ -114.007681785128867, 28.424855614245789 ], [ -114.007515354638272, 28.424923560667246 ], [ -114.006893922265832, 28.42504779214433 ], [ -114.00663729620787, 28.424970594172958 ], [ -114.006061144529909, 28.424486105413404 ], [ -114.005494702155758, 28.423871174552342 ], [ -114.003427510593568, 28.421485963907635 ], [ -114.002820235462309, 28.420846552937238 ], [ -114.002053423924679, 28.420247866461366 ], [ -114.001565249271721, 28.420032012235023 ], [ -114.000053913403164, 28.419623371287276 ], [ -113.999580362815351, 28.419518808722646 ], [ -113.998881790199221, 28.419439499558539 ], [ -113.998357379148572, 28.419430763055267 ], [ -113.996608697680358, 28.419469290494447 ], [ -113.996115677766241, 28.419556254601364 ], [ -113.995563599347378, 28.419923572068789 ], [ -113.995267934656354, 28.420361348259298 ], [ -113.994440232287005, 28.422036985462832 ], [ -113.994238327301176, 28.422543728197258 ], [ -113.99412382036364, 28.423232892476396 ], [ -113.994162145942909, 28.423710670244169 ], [ -113.994455512668651, 28.425251134618723 ], [ -113.994642687108353, 28.425715487876438 ], [ -113.995222798890325, 28.42634200448056 ], [ -113.995864358349721, 28.426772672361906 ], [ -113.99827822321609, 28.42815591198725 ], [ -113.999010150014939, 28.428533834593527 ], [ -114.000011910816326, 28.428914258038855 ], [ -114.00071106823961, 28.429079797997399 ], [ -114.002972046092736, 28.429471875560012 ], [ -114.003616864041518, 28.429542199529703 ], [ -114.004365027812483, 28.429478321655576 ], [ -114.004789013586702, 28.429316745192221 ], [ -114.006019440777649, 28.428626595962587 ], [ -114.006409004797632, 28.428465775439136 ], [ -114.006996552584539, 28.428405433448717 ], [ -114.007446344040162, 28.428480050698116 ], [ -114.008957829766302, 28.428888597274288 ], [ -114.009355282968457, 28.428938997384719 ], [ -114.00969857197029, 28.428765661603819 ], [ -114.009791531020866, 28.428467639932126 ], [ -114.009882051193699, 28.427250208334179 ], [ -114.009945037584558, 28.426907186683717 ], [ -114.010148453517047, 28.426523850505916 ], [ -114.010376060827952, 28.426319248784349 ], [ -114.011234807423634, 28.425747774161199 ], [ -114.011504715633095, 28.425618339502691 ], [ -114.01190554621445, 28.425585787908261 ], [ -114.012208254063438, 28.425668720099761 ], [ -114.01322006483818, 28.426088284338185 ], [ -114.013536546254883, 28.426252087089214 ], [ -114.014001646055533, 28.426596939530565 ], [ -114.014349593977954, 28.426925782908807 ], [ -114.015508265312192, 28.428115526710386 ], [ -114.015812637896346, 28.428526510456386 ], [ -114.016074358428696, 28.42925469759486 ], [ -114.016143871246499, 28.429883981813322 ], [ -114.016206545708258, 28.432092454361037 ], [ -114.016206366297865, 28.43269284177541 ], [ -114.016142850060874, 28.433286177661309 ], [ -114.016052291395397, 28.433533412949004 ], [ -114.015693198580337, 28.434093841325442 ], [ -114.015484749343926, 28.434232069744677 ], [ -114.014871080486259, 28.434316706111812 ], [ -114.014202860313631, 28.434299384219219 ], [ -114.01169817115796, 28.434133885589965 ], [ -114.01103640568121, 28.434141773437783 ], [ -114.010452852429324, 28.434344109002438 ], [ -114.010474790565468, 28.434336502444665 ], [ -114.010344352623932, 28.43456636995716 ], [ -114.010247583304491, 28.43556295249682 ], [ -114.010170920438014, 28.435828480538337 ], [ -114.009959642191674, 28.43602482903356 ], [ -114.00969865034206, 28.436267376795904 ], [ -114.009428567515968, 28.436324090425082 ], [ -114.008429172880241, 28.43634620207434 ], [ -114.008017972099339, 28.436284266232352 ], [ -114.007098433403698, 28.435973121064784 ], [ -114.00619601231837, 28.435590559369718 ] ] ] ] } },
{ "type": "Feature", "properties": { "fid": 9.0, "cat": 11, "CLAVE_ACUI": "0227", "NOM_ACUIF": "VILLA DE JESÚS MARÍA", "VULNERABIL": 5 }, "geometry": null },
{ "type": "Feature", "properties": { "fid": 10.0, "cat": 12, "CLAVE_ACUI": "0227", "NOM_ACUIF": "VILLA DE JESÚS MARÍA", "VULNERABIL": 1 }, "geometry": { "type": "MultiPolygon", "coordinates": [ [ [ [ -114.022399894639335, 28.403631570365221 ], [ -114.022780581893542, 28.403364358875837 ], [ -114.023336508928523, 28.403138916621156 ], [ -114.023750004348173, 28.403084067494863 ], [ -114.025123722843361, 28.403053540042844 ], [ -114.025504972443841, 28.403075507194949 ], [ -114.025910420605584, 28.403208555633462 ], [ -114.026108383149463, 28.403376658309753 ], [ -114.026626763615724, 28.404028088282967 ], [ -114.02684867652404, 28.404231172636376 ], [ -114.027365887335506, 28.404527469837564 ], [ -114.027882847987783, 28.40474766575219 ], [ -114.029778133107328, 28.405478933526872 ], [ -114.030284788897305, 28.405739938289837 ], [ -114.030753885539767, 28.406226708836922 ], [ -114.030917367065499, 28.406661092069783 ], [ -114.031211188022226, 28.408201443514141 ], [ -114.031265860186792, 28.408643323312536 ], [ -114.031227169460124, 28.409165078546327 ], [ -114.031117223822321, 28.409468563392039 ], [ -114.030642830483558, 28.410363070084902 ], [ -114.030479968720812, 28.410622070331424 ], [ -114.030194343995916, 28.410936231858532 ], [ -114.029949170322993, 28.411126033592161 ], [ -114.029090646499, 28.411697610892364 ], [ -114.028798434793913, 28.411847868715348 ], [ -114.028293308891932, 28.411977496395139 ], [ -114.02786391255124, 28.412012420319691 ], [ -114.026365188164633, 28.41204576204716 ], [ -114.025887891506542, 28.412010714033357 ], [ -114.025159234467566, 28.411813822399814 ], [ -114.024595594443298, 28.411567595934166 ], [ -114.022693949566502, 28.41061541542706 ], [ -114.022173030441706, 28.410256608722502 ], [ -114.021643704312723, 28.409534374117371 ], [ -114.02140844317951, 28.408861418451337 ], [ -114.020839898306633, 28.406443191817804 ], [ -114.020748016171737, 28.405767051428711 ], [ -114.020887758042235, 28.405029959294776 ], [ -114.021179268377509, 28.40465311068564 ], [ -114.022399894639335, 28.403631570365221 ] ] ] ] } },
{ "type": "Feature", "properties": { "fid": 11.0, "cat": 13, "CLAVE_ACUI": "0227", "NOM_ACUIF": "VILLA DE JESÚS MARÍA", "VULNERABIL": 4 }, "geometry": null },
{ "type": "Feature", "properties": { "fid": 12.0, "cat": 10, "CLAVE_ACUI": "0227", "NOM_ACUIF": "VILLA DE JESÚS MARÍA", "VULNERABIL": 2 }, "geometry": { "type": "MultiPolygon", "coordinates": [ [ [ [ -113.984204885178826, 28.415567922344248 ], [ -113.980951216606243, 28.415418254219087 ], [ -113.980046677286964, 28.415360270626113 ], [ -113.979079162274374, 28.415239392082771 ], [ -113.978601537688988, 28.415124695729226 ], [ -113.97734014241334, 28.41471032133655 ], [ -113.976970782937229, 28.41456788109376 ], [ -113.97650849653597, 28.414317540864083 ], [ -113.976217447078682, 28.414102352516 ], [ -113.975321509101704, 28.413348477305089 ], [ -113.975075211989932, 28.413091717430071 ], [ -113.974821757125198, 28.412647383700349 ], [ -113.974705975634436, 28.412269381414923 ], [ -113.974419120752785, 28.410949704052058 ], [ -113.974367138257733, 28.410595675605119 ], [ -113.974411402809253, 28.410263221036811 ], [ -113.97452661976935, 28.410142314370731 ], [ -113.975020033091695, 28.409910536841537 ], [ -113.975164349751537, 28.409804214842453 ], [ -113.975344415037185, 28.409539823926867 ], [ -113.975457334307521, 28.409268444680091 ], [ -113.975804222662418, 28.408266398902896 ], [ -113.976041323101398, 28.407921270848394 ], [ -113.97680090160911, 28.407312717145331 ], [ -113.977648907242965, 28.406788479039669 ], [ -113.980846623997678, 28.404950549561971 ], [ -113.981758382198905, 28.404450260181889 ], [ -113.982815600393067, 28.403953542217636 ], [ -113.983414159315913, 28.403744237088695 ], [ -113.985150211750081, 28.40326418958157 ], [ -113.985635491074973, 28.403108097200874 ], [ -113.986164084593995, 28.402859725221354 ], [ -113.986433939331036, 28.402661001477387 ], [ -113.987164663859502, 28.401981995131081 ], [ -113.987575885740341, 28.40170913405337 ], [ -113.98876419381881, 28.401114784970893 ], [ -113.990050544150407, 28.400538567371495 ], [ -113.994865089990569, 28.398443811534854 ], [ -113.995664528822289, 28.398086686391736 ], [ -113.99619216705122, 28.39782059445681 ], [ -113.996510144983617, 28.397673544153083 ], [ -113.996901245454211, 28.397528091009171 ], [ -113.997225902049124, 28.397429603566518 ], [ -113.997220639184235, 28.397656354454455 ], [ -113.997251154879137, 28.397947848217523 ], [ -113.997352985020669, 28.398462363329031 ], [ -113.997396579505974, 28.398853666913954 ], [ -113.997376668915123, 28.399009531648115 ], [ -113.997310450901026, 28.399221632363187 ], [ -113.997234842236921, 28.399371534915954 ], [ -113.997004691350313, 28.399794503377581 ], [ -113.99681445159554, 28.400198113995081 ], [ -113.996697829039789, 28.400406470440082 ], [ -113.996433108714086, 28.400650763860916 ], [ -113.99545268696464, 28.401335312214012 ], [ -113.995210756797178, 28.40157402819208 ], [ -113.995062178285323, 28.402003491429419 ], [ -113.995091854636755, 28.402378294630193 ], [ -113.995378928678107, 28.403697912225702 ], [ -113.995397423371898, 28.404083108767285 ], [ -113.995196651660805, 28.404561075746166 ], [ -113.994891338567143, 28.404858688718342 ], [ -113.993667303900594, 28.405769576595961 ], [ -113.993315819554141, 28.406058054570401 ], [ -113.992899604825126, 28.406493402403449 ], [ -113.992656497087239, 28.406826850280215 ], [ -113.991938202350454, 28.407947591462968 ], [ -113.991754719088036, 28.408360906914506 ], [ -113.991616766407716, 28.409168972841208 ], [ -113.991603175776518, 28.409910037374313 ], [ -113.991677712556339, 28.41256027190601 ], [ -113.99167602240513, 28.413316295735996 ], [ -113.991607465254802, 28.414046421597451 ], [ -113.991518978680006, 28.414514359623322 ], [ -113.991376590216348, 28.414929048220344 ], [ -113.991174350739954, 28.415403504030696 ], [ -113.990892168461201, 28.416065506445449 ], [ -113.990713809879082, 28.416575540676273 ], [ -113.990703789364062, 28.416613117607586 ], [ -113.990696338157733, 28.416659818940118 ], [ -113.990691425769043, 28.416725194019822 ], [ -113.990701778675898, 28.416807024556615 ], [ -113.990336832219398, 28.416756374971229 ], [ -113.98992635062541, 28.416673858695628 ], [ -113.989534589504672, 28.416573911566044 ], [ -113.987142812440098, 28.415963473966542 ], [ -113.986371062758664, 28.415797760150898 ], [ -113.985161328510998, 28.415634886742879 ], [ -113.984204885178826, 28.415567922344248 ] ] ] ] } },
{ "type": "Feature", "properties": { "fid": 13.0, "cat": 15, "CLAVE_ACUI": "0227", "NOM_ACUIF": "VILLA DE JESÚS MARÍA", "VULNERABIL": 3 }, "geometry": { "type": "MultiPolygon", "coordinates": [ [ [ [ -114.023617904709624, 28.378905909900023 ], [ -114.023757307196234, 28.378831783089684 ], [ -114.023917835264797, 28.378828218430776 ], [ -114.024007758861117, 28.378897252922066 ], [ -114.024266875253019, 28.379222978273582 ], [ -114.024306064739889, 28.379323581313027 ], [ -114.024229831510738, 28.379467337175633 ], [ -114.024081737088082, 28.379572099550344 ], [ -114.023466860606888, 28.379917233275524 ], [ -114.023300701557588, 28.379991953931157 ], [ -114.023140171644968, 28.379995517996608 ], [ -114.023077002530229, 28.379925888990257 ], [ -114.022942743814113, 28.379597389549257 ], [ -114.022930310320291, 28.379496192087981 ], [ -114.023006545393471, 28.379352436818827 ], [ -114.023127885904202, 28.379248269535704 ], [ -114.023617904709624, 28.378905909900023 ] ] ] ] } },
{ "type": "Feature", "properties": { "fid": 14.0, "cat": 16, "CLAVE_ACUI": "0227", "NOM_ACUIF": "VILLA DE JESÚS MARÍA", "VULNERABIL": 4 }, "geometry": null },
{ "type": "Feature", "properties": { "fid": 15.0, "cat": 14, "CLAVE_ACUI": "0227", "NOM_ACUIF": "VILLA DE JESÚS MARÍA", "VULNERABIL": 3 }, "geometry": { "type": "MultiPolygon", "coordinates": [ [ [ [ -114.027238732649991, 28.331064132389503 ], [ -114.027463271852397, 28.330175196652938 ], [ -114.027577851713815, 28.329902055311759 ], [ -114.027888019064847, 28.329516331231286 ], [ -114.028216534406582, 28.329238437653029 ], [ -114.029439427090495, 28.328327319611311 ], [ -114.029685982200618, 28.327990359890126 ], [ -114.029613693698238, 28.327329004893777 ], [ -114.029263874176635, 28.326721170989707 ], [ -114.027703711020166, 28.324545953687569 ], [ -114.027257218448071, 28.323965628541512 ], [ -114.026733712592019, 28.323432674518237 ], [ -114.02643233622328, 28.323251637733776 ], [ -114.026020597100327, 28.323106192795471 ], [ -114.025549418659324, 28.322939751193342 ], [ -114.025326416584818, 28.322893962465649 ], [ -114.025318113423452, 28.322768445888482 ], [ -114.025317821229677, 28.322692647280736 ], [ -114.02532742432436, 28.322622479672138 ], [ -114.025338813990999, 28.322574765575247 ], [ -114.025354521082733, 28.322525943932085 ], [ -114.02537645997937, 28.322481293671345 ], [ -114.025413844027781, 28.32243151659187 ], [ -114.025468215413966, 28.32239051651435 ], [ -114.025535907140565, 28.32235427630021 ], [ -114.025615444978513, 28.322332356423612 ], [ -114.025759530200887, 28.322311587500192 ], [ -114.025855122750116, 28.322309466207599 ], [ -114.025934016114931, 28.322295915390697 ], [ -114.025994127052698, 28.322273075595987 ], [ -114.0261343253798, 28.322177180635954 ], [ -114.026330286727301, 28.322011411146171 ], [ -114.026599095498995, 28.321717935163907 ], [ -114.027566087478846, 28.320591529570521 ], [ -114.027874711705238, 28.320287019963768 ], [ -114.028347976582111, 28.319992383157629 ], [ -114.028715445767176, 28.319875982738921 ], [ -114.02995703457178, 28.319627411866765 ], [ -114.030273938304049, 28.319547646795733 ], [ -114.030511237385937, 28.319423987050861 ], [ -114.030533332774368, 28.319327095938664 ], [ -114.030399146409593, 28.318998597259508 ], [ -114.03039244848901, 28.318897272367991 ], [ -114.030495377174702, 28.318752921644613 ], [ -114.030649115793111, 28.318648031090245 ], [ -114.031263631642091, 28.318302891088422 ], [ -114.031550162993042, 28.318230563375444 ], [ -114.032272795796359, 28.318238173224589 ], [ -114.033018598052237, 28.318321369090032 ], [ -114.035776384648926, 28.318701974111242 ], [ -114.036552426401428, 28.318840287407514 ], [ -114.037416161595928, 28.319105175739153 ], [ -114.037874027576251, 28.319345276788265 ], [ -114.039147010073464, 28.320200855316607 ], [ -114.039547585061996, 28.320442227160502 ], [ -114.040143942134222, 28.320713057072222 ], [ -114.040595305270486, 28.320858584874106 ], [ -114.042105313891085, 28.321266875718404 ], [ -114.042592506189266, 28.321462333757101 ], [ -114.04335605978001, 28.321966188189627 ], [ -114.043959661961011, 28.322490521107738 ], [ -114.046012959980843, 28.324433533996107 ], [ -114.046628628316185, 28.324977878432794 ], [ -114.047448408973949, 28.32557515871726 ], [ -114.048003853141864, 28.325884072492538 ], [ -114.049776155849528, 28.326728377904942 ], [ -114.050290196575631, 28.326992545113725 ], [ -114.050916737210883, 28.327381033408638 ], [ -114.051297754221636, 28.327671850250738 ], [ -114.052449302934932, 28.328640502229199 ], [ -114.052749524107341, 28.328912829051706 ], [ -114.052998995764753, 28.3292150421935 ], [ -114.053055161528505, 28.329374449068577 ], [ -114.053067796058926, 28.329816135007494 ], [ -114.053141298469143, 28.329980227164988 ], [ -114.053471676243973, 28.330304304059311 ], [ -114.053870143745144, 28.330603177797624 ], [ -114.055399298011764, 28.331673833648328 ], [ -114.055780729668413, 28.331978156617648 ], [ -114.056031572572422, 28.332327686213432 ], [ -114.056008486044632, 28.332522692297605 ], [ -114.055649902801221, 28.333083191041357 ], [ -114.055471655716289, 28.333266454303732 ], [ -114.054998419761048, 28.333561183655544 ], [ -114.054500613999238, 28.333798961078617 ], [ -114.052650739730367, 28.334613846598131 ], [ -114.052159378972078, 28.334876839743821 ], [ -114.051716252603498, 28.33528926882925 ], [ -114.051574577182095, 28.335615461367283 ], [ -114.051356551571061, 28.336725264760748 ], [ -114.051243382312904, 28.337045745276566 ], [ -114.050981635910858, 28.337371367848583 ], [ -114.050933285483779, 28.337431517381752 ], [ -114.050603458538845, 28.337662139328312 ], [ -114.049374354213157, 28.338352597280338 ], [ -114.049185527986126, 28.338474618173112 ], [ -114.049042922148217, 28.338661047300157 ], [ -114.048203988560175, 28.339895228571276 ], [ -114.047959128466871, 28.340490937017595 ], [ -114.047655388822577, 28.34203673066045 ], [ -114.047466334379266, 28.343649298953284 ], [ -114.046887804479468, 28.349628823004792 ], [ -114.046766853601781, 28.35141744446064 ], [ -114.046780969130268, 28.353784821266107 ], [ -114.04692209156984, 28.355378166170727 ], [ -114.047566595376551, 28.360446392695682 ], [ -114.047711673356474, 28.361775817844727 ], [ -114.047744149785032, 28.362911581896579 ], [ -114.047645461847566, 28.363204677344708 ], [ -114.047152439185595, 28.363436691197954 ], [ -114.047036486448079, 28.363527227705408 ], [ -114.046988397631125, 28.363717718537071 ], [ -114.047035652389795, 28.363899311833094 ], [ -114.047304265722403, 28.364556255878075 ], [ -114.047306533292399, 28.364769297141319 ], [ -114.04704849877146, 28.365106545938502 ], [ -114.046677608794127, 28.365375287931958 ], [ -114.045204808493025, 28.36629216010666 ], [ -114.044831953738637, 28.366563453770077 ], [ -114.044828322026973, 28.366566096236468 ], [ -114.044544200238718, 28.366927600948237 ], [ -114.044514800043032, 28.36717010088509 ], [ -114.044661723665953, 28.367940262584607 ], [ -114.044656361838094, 28.368108888362734 ], [ -114.044654674042931, 28.368161968413052 ], [ -114.044474850047592, 28.368426434045869 ], [ -114.044225007592956, 28.368582535923171 ], [ -114.043238895124574, 28.369046541870219 ], [ -114.042856477195812, 28.369180235415222 ], [ -114.042057976467859, 28.369340133897971 ], [ -114.04172067219416, 28.369382272094541 ], [ -114.041166577271213, 28.369572569247556 ], [ -114.040341993321817, 28.369756717288869 ], [ -114.039790768165147, 28.369804536425924 ], [ -114.03804296794759, 28.369843533686819 ], [ -114.037314752699146, 28.369920658850422 ], [ -114.035664210025985, 28.370241580890749 ], [ -114.034034496947982, 28.370622903178869 ], [ -114.028079605699986, 28.372081346000524 ], [ -114.026439803783049, 28.372513541026663 ], [ -114.024742387567741, 28.373072147136693 ], [ -114.023957317134347, 28.373437973282183 ], [ -114.021991056506664, 28.374586552517563 ], [ -114.02137593960714, 28.374877561837241 ], [ -114.020471678933092, 28.375087037998508 ], [ -114.019794997526446, 28.375095279638646 ], [ -114.017541416336528, 28.374924244946122 ], [ -114.016842089609909, 28.374943120967391 ], [ -114.015832140474274, 28.375202262435323 ], [ -114.015088678815971, 28.37555358840142 ], [ -114.012629103288759, 28.376933948236413 ], [ -114.011943235805589, 28.377294131392105 ], [ -114.011202133998296, 28.377594648223475 ], [ -114.010829288253746, 28.377663776642766 ], [ -114.009830445299286, 28.377685856932452 ], [ -114.009553772406164, 28.377707192858658 ], [ -114.00926147558431, 28.377784684296923 ], [ -114.009120581522424, 28.377874050787039 ], [ -114.008755371605005, 28.378213602834666 ], [ -114.008656184363062, 28.378357858214923 ], [ -114.008558521579687, 28.378691498415737 ], [ -114.008518190648573, 28.379023871934379 ], [ -114.008427642293327, 28.380241308121885 ], [ -114.008291133339441, 28.380621469830452 ], [ -114.007744636920819, 28.381178120577538 ], [ -114.007100433042694, 28.381593172002898 ], [ -114.004640607804532, 28.38297340478093 ], [ -114.003943491479049, 28.383343946492179 ], [ -114.003150144155626, 28.383692930009222 ], [ -114.002713910483436, 28.383820937795349 ], [ -114.001471499879429, 28.384069319897453 ], [ -114.001161846589881, 28.384006804571435 ], [ -114.000959214058156, 28.383466690610501 ], [ -114.000979392207768, 28.382757615147579 ], [ -114.001276182859939, 28.379988710309494 ], [ -114.001375197696206, 28.379227159790208 ], [ -114.00154048031159, 28.378442162419976 ], [ -114.001677583560109, 28.37808228808538 ], [ -114.002152112757074, 28.377187871251476 ], [ -114.002354135218283, 28.376892523673565 ], [ -114.002822379455196, 28.37640865170949 ], [ -114.003289275278888, 28.376012752661254 ], [ -114.004999853910974, 28.374649085347524 ], [ -114.005421155937725, 28.374264333201765 ], [ -114.005676679104894, 28.373832501477402 ], [ -114.005620413005275, 28.373600352047092 ], [ -114.005102319861663, 28.372948818450766 ], [ -114.005023410014417, 28.37272731573654 ], [ -114.005173252651247, 28.372345171460715 ], [ -114.005466221605872, 28.372020753413747 ], [ -114.006683552351745, 28.370888941345459 ], [ -114.006999443968368, 28.370564014372079 ], [ -114.007256288680566, 28.370179505864034 ], [ -114.007307319554201, 28.369955135471418 ], [ -114.007288620376812, 28.369292582321549 ], [ -114.007306113308388, 28.369099394739074 ], [ -114.007406445535949, 28.368860405854871 ], [ -114.007532284092761, 28.368712180668755 ], [ -114.00801919620568, 28.368259451163343 ], [ -114.008098026927783, 28.368071673896427 ], [ -114.007978994690603, 28.367648110251789 ], [ -114.007730119884627, 28.367230796090791 ], [ -114.006687754629311, 28.365706887368372 ], [ -114.006494784609089, 28.365237599111211 ], [ -114.006636603326243, 28.364571502327504 ], [ -114.007032166958069, 28.364089223345552 ], [ -114.008736282026859, 28.36250467410883 ], [ -114.009210649740723, 28.361969911902374 ], [ -114.009720276390354, 28.361058914167511 ], [ -114.00997394802431, 28.360292251938048 ], [ -114.010648110519355, 28.357625492407298 ], [ -114.010867377327827, 28.356859589294174 ], [ -114.011216473490052, 28.355952134979507 ], [ -114.011495915544444, 28.355421674607385 ], [ -114.012450869404034, 28.353853644559241 ], [ -114.012685018963467, 28.353344478481617 ], [ -114.012822778239226, 28.352536403087434 ], [ -114.012785430087362, 28.351891175887541 ], [ -114.012473390837897, 28.349688189650539 ], [ -114.012491358303393, 28.348970707079907 ], [ -114.012887230730314, 28.347825442317468 ], [ -114.013434787555056, 28.346906831060082 ], [ -114.01559411094226, 28.343765228028143 ], [ -114.016189626456509, 28.342921652134823 ], [ -114.016756144808497, 28.342194951888192 ], [ -114.01680944390597, 28.342126581992993 ], [ -114.017099388232737, 28.341834344646745 ], [ -114.017832644933989, 28.341265639779337 ], [ -114.018024988620681, 28.341152924397534 ], [ -114.018427604301223, 28.341316848403174 ], [ -114.018616027462684, 28.341384523412138 ], [ -114.018813318493699, 28.341469419529258 ], [ -114.019952255985501, 28.341996657101593 ], [ -114.020284149533097, 28.342173646863003 ], [ -114.020694043534903, 28.342472366977436 ], [ -114.020947712972671, 28.342722120513724 ], [ -114.021721616111179, 28.343588914451853 ], [ -114.0219808783106, 28.343833468052789 ], [ -114.022226509424144, 28.343988097827111 ], [ -114.022401702683155, 28.344086930018282 ], [ -114.022780426025491, 28.344255456266698 ], [ -114.024041095732429, 28.344669462855148 ], [ -114.024373853513453, 28.344741566337802 ], [ -114.024666047807187, 28.344664049863994 ], [ -114.024750709901028, 28.344481209253473 ], [ -114.024853605091181, 28.343705469882661 ], [ -114.024857166147783, 28.34349398716331 ], [ -114.024770890030467, 28.34328280714837 ], [ -114.024644077533921, 28.343192604020814 ], [ -114.024138562893171, 28.342982834923962 ], [ -114.024005588823044, 28.342877546800498 ], [ -114.023890557088933, 28.342595972463513 ], [ -114.023859200105761, 28.342299011635877 ], [ -114.02382789991627, 28.341194768742657 ], [ -114.023847980146968, 28.34089159292013 ], [ -114.023972986612065, 28.340581015392807 ], [ -114.0241314867163, 28.340440508906553 ], [ -114.024746145284027, 28.340095388031923 ], [ -114.024965117029382, 28.340065159789734 ], [ -114.025372330020247, 28.340269216228279 ], [ -114.025735093115699, 28.340590952984567 ], [ -114.027020792898981, 28.341888326601101 ], [ -114.027413229612236, 28.342244914953177 ], [ -114.027414882270648, 28.342246025646915 ], [ -114.02795888415595, 28.342611627756849 ], [ -114.028345952659208, 28.342778914967123 ], [ -114.029606620921825, 28.34319286976676 ], [ -114.029958730411266, 28.343340634558182 ], [ -114.030341235596254, 28.343616255592394 ], [ -114.030390395487601, 28.343678482730063 ], [ -114.030535562100766, 28.343862235675019 ], [ -114.031059918274394, 28.344734520759481 ], [ -114.031247940957797, 28.344960345116544 ], [ -114.031298555362838, 28.344986372600943 ], [ -114.031304304048945, 28.344992915884305 ], [ -114.031340413707113, 28.345007897424644 ], [ -114.031601019150145, 28.345141908101173 ], [ -114.031684844766488, 28.345150797748925 ], [ -114.031917393297675, 28.345175459076412 ], [ -114.033040726228222, 28.345150462319641 ], [ -114.03335994785995, 28.345082473223577 ], [ -114.033617900809318, 28.344876683910261 ], [ -114.033726315516915, 28.344790192624892 ], [ -114.033930475588519, 28.344440638432804 ], [ -114.034003221770931, 28.34427452535764 ], [ -114.03451684806555, 28.343101665662179 ], [ -114.034750523975788, 28.34278189526648 ], [ -114.034793159295148, 28.342768931171516 ], [ -114.035254646199022, 28.342628606107137 ], [ -114.035741146684629, 28.342729390710819 ], [ -114.037507372446356, 28.343352994180226 ], [ -114.038006350844952, 28.343489007832694 ], [ -114.038568679470117, 28.343500148234249 ], [ -114.038873026105279, 28.343380050545946 ], [ -114.039730976115365, 28.342808452802686 ], [ -114.039930136240017, 28.342619667896837 ], [ -114.040001605673226, 28.342310272280951 ], [ -114.039904545771847, 28.34205706355942 ], [ -114.039380135851317, 28.341184816800087 ], [ -114.038973989956631, 28.340750774621611 ], [ -114.037603064790204, 28.339597483031127 ], [ -114.036050773033125, 28.338383949548465 ], [ -114.030177950155192, 28.333873916207857 ], [ -114.028660208249619, 28.332659520377245 ], [ -114.027449953558744, 28.331502543825209 ], [ -114.027238732649991, 28.331064132389503 ] ] ] ] } },
{ "type": "Feature", "properties": { "fid": 16.0, "cat": 17, "CLAVE_ACUI": "0227", "NOM_ACUIF": "VILLA DE JESÚS MARÍA", "VULNERABIL": 4 }, "geometry": null },
{ "type": "Feature", "properties": { "fid": 17.0, "cat": 18, "CLAVE_ACUI": "0227", "NOM_ACUIF": "VILLA DE JESÚS MARÍA", "VULNERABIL": 2 }, "geometry": { "type": "MultiPolygon", "coordinates": [ [ [ [ -114.031059918274394, 28.344734520759481 ], [ -114.030535562100766, 28.343862235675019 ], [ -114.030341235596254, 28.343616255592394 ], [ -114.029958730411266, 28.343340634558182 ], [ -114.029606620921825, 28.34319286976676 ], [ -114.028345952659208, 28.342778914967123 ], [ -114.02795888415595, 28.342611627756849 ], [ -114.027413229612236, 28.342244914953177 ], [ -114.027020792898981, 28.341888326601101 ], [ -114.025735093115699, 28.340590952984567 ], [ -114.025372330020247, 28.340269216228279 ], [ -114.024965117029382, 28.340065159789734 ], [ -114.024746145284027, 28.340095388031923 ], [ -114.0241314867163, 28.340440508906553 ], [ -114.023972986612065, 28.340581015392807 ], [ -114.023847980146968, 28.34089159292013 ], [ -114.02382789991627, 28.341194768742657 ], [ -114.023859200105761, 28.342299011635877 ], [ -114.023890557088933, 28.342595972463513 ], [ -114.024005588823044, 28.342877546800498 ], [ -114.024138562893171, 28.342982834923962 ], [ -114.024644077533921, 28.343192604020814 ], [ -114.024770890030467, 28.34328280714837 ], [ -114.024857166147783, 28.34349398716331 ], [ -114.024853605091181, 28.343705469882661 ], [ -114.024750709901028, 28.344481209253473 ], [ -114.024666047807187, 28.344664049863994 ], [ -114.024373853513453, 28.344741566337802 ], [ -114.024041095732429, 28.344669462855148 ], [ -114.022780426025491, 28.344255456266698 ], [ -114.022401702683155, 28.344086930018282 ], [ -114.022226509424144, 28.343988097827111 ], [ -114.0219808783106, 28.343833468052789 ], [ -114.021721616111179, 28.343588914451853 ], [ -114.020947712972671, 28.342722120513724 ], [ -114.020694043534903, 28.342472366977436 ], [ -114.020284149533097, 28.342173646863003 ], [ -114.019952255985501, 28.341996657101593 ], [ -114.018813318493699, 28.341469419529258 ], [ -114.018616027462684, 28.341384523412138 ], [ -114.018427604301223, 28.341316848403174 ], [ -114.018024988620681, 28.341152924397534 ], [ -114.018298590170403, 28.340932311139451 ], [ -114.018467415003215, 28.340729554804696 ], [ -114.01894166152465, 28.339835098588001 ], [ -114.019062478458608, 28.339511087753515 ], [ -114.019152048361022, 28.338893494087866 ], [ -114.019159189161115, 28.338335228282968 ], [ -114.0191029468821, 28.336347581128667 ], [ -114.019131864776057, 28.33574824316392 ], [ -114.019323052344461, 28.334938980151513 ], [ -114.019567257581869, 28.334382227881179 ], [ -114.020515677926497, 28.332593310930417 ], [ -114.020760733671707, 28.332066980391012 ], [ -114.020955923493815, 28.331399690847014 ], [ -114.020989712140789, 28.330972750847639 ], [ -114.020952205465875, 28.329647653634481 ], [ -114.020965081466372, 28.329292208888464 ], [ -114.021062674288757, 28.328958564114899 ], [ -114.021189216337802, 28.328837373396265 ], [ -114.021682152012716, 28.328605460517441 ], [ -114.021820728025091, 28.328504297357021 ], [ -114.021974481387048, 28.328264116397616 ], [ -114.022055552990707, 28.328022163982244 ], [ -114.022280132321598, 28.32713323363604 ], [ -114.022405896969758, 28.326849700672 ], [ -114.022768219442398, 28.326415476834828 ], [ -114.02316005673265, 28.326078689285673 ], [ -114.024626290813785, 28.32494123012469 ], [ -114.025001069745471, 28.324609889949475 ], [ -114.025194998742677, 28.324329518469476 ], [ -114.025235518931808, 28.324246401222481 ], [ -114.02528171623014, 28.324107123136432 ], [ -114.025298713296863, 28.32402085543778 ], [ -114.025310106067792, 28.323878712669416 ], [ -114.025291657087038, 28.323658195816648 ], [ -114.025273757250531, 28.323566210116802 ], [ -114.025260252899344, 28.323517284516619 ], [ -114.025230132093554, 28.323441916558455 ], [ -114.02518581539718, 28.323376368831827 ], [ -114.025130318894455, 28.323312232203165 ], [ -114.024973342793132, 28.323163375555357 ], [ -114.02493772936532, 28.323110120616448 ], [ -114.024933423675236, 28.323066985430717 ], [ -114.024944070472429, 28.323005609776246 ], [ -114.024969043474698, 28.322942276989934 ], [ -114.024991098093579, 28.322908725891967 ], [ -114.02502457170479, 28.322883208087649 ], [ -114.025085531961793, 28.322875264795766 ], [ -114.025326416584818, 28.322893962465649 ], [ -114.025549418659324, 28.322939751193342 ], [ -114.026020597100313, 28.323106192795468 ], [ -114.02643233622328, 28.323251637733776 ], [ -114.026733712592019, 28.323432674518237 ], [ -114.027257218448071, 28.323965628541512 ], [ -114.027703711020166, 28.324545953687569 ], [ -114.029263874176635, 28.326721170989707 ], [ -114.029613693698238, 28.327329004893777 ], [ -114.029685982200618, 28.327990359890126 ], [ -114.029439427090495, 28.328327319611311 ], [ -114.028216534406582, 28.329238437653029 ], [ -114.027888019064847, 28.329516331231286 ], [ -114.027577851713815, 28.329902055311759 ], [ -114.027463271852397, 28.330175196652938 ], [ -114.027238732649991, 28.331064132389503 ], [ -114.027449953558744, 28.331502543825209 ], [ -114.028660208249619, 28.332659520377245 ], [ -114.030177950155192, 28.333873916207857 ], [ -114.036050773033125, 28.338383949548465 ], [ -114.037603064790204, 28.339597483031127 ], [ -114.038973989956631, 28.340750774621611 ], [ -114.039380135851317, 28.341184816800087 ], [ -114.039904545771847, 28.34205706355942 ], [ -114.040001605673226, 28.342310272280951 ], [ -114.039930136240017, 28.342619667896837 ], [ -114.039730976115365, 28.342808452802686 ], [ -114.038873026105279, 28.343380050545946 ], [ -114.038568679470117, 28.343500148234249 ], [ -114.038006350844952, 28.343489007832694 ], [ -114.037507372446356, 28.343352994180226 ], [ -114.035741146684629, 28.342729390710819 ], [ -114.035254646199022, 28.342628606107137 ], [ -114.034750523975788, 28.34278189526648 ], [ -114.03451684806555, 28.343101665662179 ], [ -114.033930475588519, 28.344440638432804 ], [ -114.033726315516915, 28.344790192624892 ], [ -114.03335994785995, 28.345082473223577 ], [ -114.033040726228222, 28.345150462319641 ], [ -114.031917393297675, 28.345175459076412 ], [ -114.031601019150145, 28.345141908101173 ], [ -114.031340413707113, 28.345007897424644 ], [ -114.031304304048945, 28.344992915884305 ], [ -114.031298555362838, 28.344986372600943 ], [ -114.031247940957797, 28.344960345116544 ], [ -114.031059918274394, 28.344734520759481 ] ] ] ] } },
{ "type": "Feature", "properties": { "fid": 18.0, "cat": 20, "CLAVE_ACUI": "0227", "NOM_ACUIF": "VILLA DE JESÚS MARÍA", "VULNERABIL": 4 }, "geometry": null },
{ "type": "Feature", "properties": { "fid": 19.0, "cat": 8, "CLAVE_ACUI": "0227", "NOM_ACUIF": "VILLA DE JESÚS MARÍA", "VULNERABIL": 2 }, "geometry": { "type": "MultiPolygon", "coordinates": [ [ [ [ -114.033018598052237, 28.318321369090032 ], [ -114.032272795796359, 28.318238173224589 ], [ -114.031550162993042, 28.318230563375444 ], [ -114.031263631642091, 28.318302891088422 ], [ -114.030649115793111, 28.318648031090245 ], [ -114.030495377174702, 28.318752921644613 ], [ -114.03039244848901, 28.318897272367991 ], [ -114.030399146409593, 28.318998597259508 ], [ -114.030533332774368, 28.319327095938664 ], [ -114.030511237385937, 28.319423987050861 ], [ -114.030273938304049, 28.319547646795733 ], [ -114.02995703457178, 28.319627411866765 ], [ -114.028715445767176, 28.319875982738921 ], [ -114.028347976582111, 28.319992383157629 ], [ -114.027874711705238, 28.320287019963768 ], [ -114.027566087478846, 28.320591529570521 ], [ -114.026599095498995, 28.321717935163907 ], [ -114.026330286727301, 28.322011411146171 ], [ -114.0261343253798, 28.322177180635954 ], [ -114.025994127052698, 28.322273075595987 ], [ -114.025934016114931, 28.322295915390697 ], [ -114.025855122750116, 28.322309466207599 ], [ -114.025759530200887, 28.322311587500192 ], [ -114.025615444978513, 28.322332356423612 ], [ -114.025535907140565, 28.32235427630021 ], [ -114.025468215413966, 28.32239051651435 ], [ -114.025413844027781, 28.32243151659187 ], [ -114.025122482610897, 28.322217042215666 ], [ -114.024971972789416, 28.322076504796364 ], [ -114.024882149912472, 28.321927025244058 ], [ -114.02479886556614, 28.321726547698326 ], [ -114.024750708825778, 28.321542865636431 ], [ -114.024716122321124, 28.321345821677184 ], [ -114.024661705848928, 28.320931570531162 ], [ -114.024623533526892, 28.320640979695117 ], [ -114.024592785110556, 28.320406904125928 ], [ -114.024572606849389, 28.320190079912635 ], [ -114.024600163265688, 28.320028812249099 ], [ -114.024663148646127, 28.319938216838867 ], [ -114.02479800021591, 28.319839188161115 ], [ -114.024923843558994, 28.319786733677187 ], [ -114.025148842528296, 28.319729658963251 ], [ -114.026889582895592, 28.319470040973147 ], [ -114.027353126232327, 28.319371806323822 ], [ -114.027775593521, 28.319173008344947 ], [ -114.027778681360147, 28.319168910671042 ], [ -114.027915575332401, 28.318987247073864 ], [ -114.028146355979047, 28.31831915970945 ], [ -114.028170300980904, 28.318085238070143 ], [ -114.028051265874069, 28.317661691133896 ], [ -114.027857271998656, 28.317290545386399 ], [ -114.027071014083063, 28.315982075170492 ], [ -114.026933174736087, 28.315569091597556 ], [ -114.027076169166023, 28.314950308881052 ], [ -114.027418282774747, 28.314479316793715 ], [ -114.028871793659363, 28.312900128874187 ], [ -114.029270901113634, 28.312417719627071 ], [ -114.029679914393441, 28.311745671457388 ], [ -114.029865113355996, 28.31126801254392 ], [ -114.030320358044762, 28.309710985834268 ], [ -114.030414456796251, 28.309255645238114 ], [ -114.030398346704629, 28.30868774962185 ], [ -114.030281234817522, 28.308331810641103 ], [ -114.029750829627844, 28.307238655862555 ], [ -114.029531170502338, 28.306905288582843 ], [ -114.029036495247254, 28.306442729934293 ], [ -114.028549476692334, 28.30611529786075 ], [ -114.02677141688612, 28.30504982564192 ], [ -114.026296444052932, 28.304742412251542 ], [ -114.02585794499349, 28.304373303470133 ], [ -114.025706488891103, 28.304153420008458 ], [ -114.025438193187028, 28.303496406469655 ], [ -114.025239183934801, 28.303216692531194 ], [ -114.024578772496, 28.302568372515442 ], [ -114.023834343565497, 28.301921911236473 ], [ -114.021020823904237, 28.299553372785347 ], [ -114.020276150839848, 28.298896747456482 ], [ -114.01961445936189, 28.29820107349332 ], [ -114.019413852242295, 28.297863882630917 ], [ -114.01913937498361, 28.296986001020585 ], [ -114.018915284024374, 28.296629033945326 ], [ -114.018144007336105, 28.295841066581723 ], [ -114.017266283847377, 28.295072360727907 ], [ -114.01394161599228, 28.292272979388358 ], [ -114.013075980651308, 28.291524270928932 ], [ -114.012360917212106, 28.29082973464898 ], [ -114.01220502369118, 28.290586253740944 ], [ -114.012192578510039, 28.290144548509385 ], [ -114.012154112445401, 28.289999950159661 ], [ -114.011987049615144, 28.289766862950572 ], [ -114.011786854993403, 28.289578479291631 ], [ -114.011019681406552, 28.288932439836838 ], [ -114.010806890979964, 28.288703742447311 ], [ -114.010581038122254, 28.288282530178563 ], [ -114.010471181574459, 28.287909495962758 ], [ -114.010184374617197, 28.286589881386089 ], [ -114.010027839316365, 28.286187433691953 ], [ -114.009584145875309, 28.285628958741746 ], [ -114.009106835276441, 28.285233583658272 ], [ -114.00732310198066, 28.283946959710072 ], [ -114.006880746139274, 28.283571100672241 ], [ -114.006600128124276, 28.283103731586383 ], [ -114.00664159832246, 28.2828119219337 ], [ -114.007115737875267, 28.281917512426716 ], [ -114.007168662542838, 28.281625450292353 ], [ -114.006941510556842, 28.281156903528156 ], [ -114.006564085523806, 28.28077961207363 ], [ -114.005029941817568, 28.27948745339226 ], [ -114.004629048142235, 28.279090377426339 ], [ -114.004292334531314, 28.278529526569926 ], [ -114.004212206842553, 28.278125388142044 ], [ -114.004174990498726, 28.276800260177581 ], [ -114.004198534388038, 28.27641413488033 ], [ -114.004345620003789, 28.275937344921392 ], [ -114.004532197622751, 28.27564234155469 ], [ -114.005255801063228, 28.274742447359198 ], [ -114.005373927444197, 28.274459097640595 ], [ -114.005201588540743, 28.274036694769578 ], [ -114.004837266059241, 28.273716610890229 ], [ -114.003309450692967, 28.272645277298238 ], [ -114.002875554109536, 28.272296275544896 ], [ -114.00237850374225, 28.271738944825092 ], [ -114.002102328056424, 28.271291760559595 ], [ -114.001310570125725, 28.269762228718022 ], [ -114.001102280036037, 28.269283106593893 ], [ -114.000922004475598, 28.268576738915709 ], [ -114.00087275694257, 28.268046764695878 ], [ -114.000823211691497, 28.266279919315483 ], [ -114.000786274289013, 28.265780117032765 ], [ -114.000663443236974, 28.265214551934619 ], [ -114.00052490796277, 28.26490640395324 ], [ -114.000001245600899, 28.264033943615303 ], [ -113.999873599738677, 28.263705260294618 ], [ -113.999801576699085, 28.263043866712884 ], [ -113.999826331814432, 28.262427702197602 ], [ -114.000013875919933, 28.26021366129973 ], [ -114.000039199164874, 28.259617779370291 ], [ -113.999969832849146, 28.259051038023493 ], [ -113.999845415282067, 28.258837289347714 ], [ -113.999334168153396, 28.258406535585792 ], [ -113.999188266024888, 28.258243996092357 ], [ -113.999018634741759, 28.257916233402231 ], [ -113.998922206616484, 28.257610540541737 ], [ -113.998641843434243, 28.25651173602499 ], [ -113.998509921673246, 28.256166231664373 ], [ -113.998174647892327, 28.255652682537697 ], [ -113.997827608487654, 28.255264544535351 ], [ -113.996543382135371, 28.253966774741741 ], [ -113.996264505668449, 28.253556841174696 ], [ -113.996247289697308, 28.252941596527652 ], [ -113.996501568254828, 28.252472609529264 ], [ -113.99770539639934, 28.250899243221138 ], [ -113.998017212221527, 28.250439138620148 ], [ -113.998268543862849, 28.249865354943665 ], [ -113.998315775246823, 28.249505769025831 ], [ -113.998284859273625, 28.248401485140111 ], [ -113.998122254063588, 28.24791458641683 ], [ -113.99739435483697, 28.246746673189516 ], [ -113.996517119667516, 28.245565118531253 ], [ -113.993151416139355, 28.24121904870745 ], [ -113.992296046931713, 28.239996391439895 ], [ -113.99166986647991, 28.238636789224266 ], [ -113.991630675706048, 28.23791716349622 ], [ -113.992073947432502, 28.235918514520677 ], [ -113.992151817663952, 28.235287654102358 ], [ -113.992071949634223, 28.234342288045536 ], [ -113.991879985265896, 28.233622625094434 ], [ -113.991064043486119, 28.231209559099192 ], [ -113.990847918437836, 28.230444758129 ], [ -113.990655254651543, 28.229288757578686 ], [ -113.990596144107826, 28.22840212957534 ], [ -113.990512963147197, 28.225420532310235 ], [ -113.990469167031279, 28.224157143408529 ], [ -113.990469749828549, 28.22345252982824 ], [ -113.99905460324095, 28.223258385175967 ], [ -114.030998998761731, 28.222535969397558 ], [ -114.036186921929101, 28.222418645607512 ], [ -114.039229666694027, 28.222349834575343 ], [ -114.039300609659364, 28.222627149096162 ], [ -114.039344529108448, 28.222867009423911 ], [ -114.039363008928561, 28.223060142513592 ], [ -114.039374932318793, 28.223451236083395 ], [ -114.039359319486437, 28.224112857476154 ], [ -114.03943132890069, 28.226652622699497 ], [ -114.039429755774961, 28.227405258422763 ], [ -114.039350399077918, 28.228377793884313 ], [ -114.039238604248169, 28.22901449456004 ], [ -114.038796244207873, 28.231013228551586 ], [ -114.038728952356323, 28.231603275768389 ], [ -114.038857293048224, 28.232358095653073 ], [ -114.039107931197961, 28.232846362006754 ], [ -114.0401492526194, 28.234370112246964 ], [ -114.040446855753459, 28.23489792000742 ], [ -114.040794334276001, 28.235837278152786 ], [ -114.040993129438348, 28.236651410858641 ], [ -114.041573380789643, 28.239511335986307 ], [ -114.041760164234873, 28.240305439203905 ], [ -114.042051548859192, 28.24115133202185 ], [ -114.04228102794643, 28.241565647119323 ], [ -114.043060552586041, 28.242653221866064 ], [ -114.043264831303773, 28.242986917147601 ], [ -114.04343859836564, 28.243456590364314 ], [ -114.043482557486456, 28.243793857134246 ], [ -114.043513933027612, 28.244898095605674 ], [ -114.04349033546454, 28.245277457119922 ], [ -114.043348836056381, 28.245943572469304 ], [ -114.043170290250984, 28.246515804211182 ], [ -114.042478563031736, 28.248520102479134 ], [ -114.042357558541909, 28.249101199036378 ], [ -114.042484613135898, 28.249808685731828 ], [ -114.042787127204605, 28.250238283744896 ], [ -114.044071822777795, 28.251535579027518 ], [ -114.044436616228282, 28.251938416030125 ], [ -114.044854273826218, 28.252521034682598 ], [ -114.045086133400233, 28.252950510590853 ], [ -114.0457504959342, 28.254372110910854 ], [ -114.045939249810189, 28.254695998968693 ], [ -114.046155727238741, 28.254785878974637 ], [ -114.046175810302216, 28.254753297678928 ], [ -114.046187359226792, 28.254756422513129 ], [ -114.04633948922816, 28.254531478195837 ], [ -114.046806896466023, 28.253416115980848 ], [ -114.046962874005715, 28.253125127441695 ], [ -114.047012491725255, 28.253078921008225 ], [ -114.047254696604242, 28.252999102761517 ], [ -114.048124491643833, 28.252869198199928 ], [ -114.048409810299106, 28.252894962847058 ], [ -114.048871505176407, 28.253145104643 ], [ -114.049245752537175, 28.253476684897613 ], [ -114.050530563234702, 28.254773909735039 ], [ -114.050922145083348, 28.255110171158222 ], [ -114.05135546496841, 28.255327411056278 ], [ -114.05146469878936, 28.255382173793596 ], [ -114.051848191806215, 28.255434487752247 ], [ -114.053095269511843, 28.255406611476989 ], [ -114.053414547342214, 28.255422362531856 ], [ -114.054453364750728, 28.256101210019569 ], [ -114.054752886144428, 28.256356648899196 ], [ -114.055006224658413, 28.256800845548103 ], [ -114.055068614701909, 28.257179973901522 ], [ -114.055106429919263, 28.258505043117594 ], [ -114.055151208131491, 28.25886934437964 ], [ -114.055322357143979, 28.259244347706364 ], [ -114.055522077701283, 28.259415765235264 ], [ -114.056282960679937, 28.25984070769799 ], [ -114.056541108121053, 28.260051404960681 ], [ -114.056984912585122, 28.260609718147762 ], [ -114.05736077435445, 28.261196610449886 ], [ -114.058671022949497, 28.263377118598829 ], [ -114.058960278161749, 28.263940577285506 ], [ -114.058999853164252, 28.264389553497196 ], [ -114.058767130561989, 28.264467489839607 ], [ -114.057641516969838, 28.26438221087022 ], [ -114.05727787809758, 28.264290572668582 ], [ -114.056706511894362, 28.263948210788786 ], [ -114.056253915737443, 28.263550759941168 ], [ -114.05471319110876, 28.262038340035058 ], [ -114.054277935283835, 28.261645567379173 ], [ -114.053787441090165, 28.261325059804825 ], [ -114.053521988435506, 28.261259965444644 ], [ -114.052773701447919, 28.26127669807363 ], [ -114.052543477063566, 28.261241256070182 ], [ -114.052217384626047, 28.261059129378875 ], [ -114.051981763420571, 28.260834390318603 ], [ -114.051208297358713, 28.259967731945707 ], [ -114.050984712040801, 28.259763016586714 ], [ -114.050714772424328, 28.259674339582588 ], [ -114.050610716591535, 28.259724449006068 ], [ -114.050488435511042, 28.259708147120634 ], [ -114.050100054289246, 28.25981998793722 ], [ -114.048743933491608, 28.260402740790596 ], [ -114.04858154106185, 28.260488796638658 ], [ -114.048465118909178, 28.260516640594386 ], [ -114.048380764588458, 28.260595192719244 ], [ -114.048230663212593, 28.260734969187173 ], [ -114.048106313302284, 28.260996502505243 ], [ -114.047760466570082, 28.261998662629232 ], [ -114.047729763911889, 28.26232913667835 ], [ -114.047932336387063, 28.262869188786741 ], [ -114.048252430706484, 28.263310216921386 ], [ -114.049543653161038, 28.264828287085685 ], [ -114.049893117509086, 28.265294022868304 ], [ -114.050232708569098, 28.265949394938275 ], [ -114.050368372800804, 28.266419905737877 ], [ -114.050661885200668, 28.267960250512466 ], [ -114.050773200772468, 28.268380568062799 ], [ -114.050999155768324, 28.268801705827546 ], [ -114.051210632780425, 28.268983013479598 ], [ -114.051971572870329, 28.269407975538805 ], [ -114.052170152073018, 28.269538833316567 ], [ -114.052335911765155, 28.269724543611858 ], [ -114.052374131815171, 28.269858986518283 ], [ -114.052386732172124, 28.270300676584611 ], [ -114.052436696226096, 28.270445004161019 ], [ -114.052657261871389, 28.270676842539277 ], [ -114.052922392239211, 28.270863712169714 ], [ -114.053939108225734, 28.271503927124478 ], [ -114.05424534666254, 28.271725389782606 ], [ -114.054657738064279, 28.272118671528631 ], [ -114.054940630715365, 28.272459039979754 ], [ -114.055848415932857, 28.273654140515951 ], [ -114.056130737289266, 28.273974224217124 ], [ -114.056540440332, 28.27427285149281 ], [ -114.056843408033117, 28.274379378191547 ], [ -114.057847554738501, 28.274577871702675 ], [ -114.058161689206543, 28.274673997899729 ], [ -114.058623502763126, 28.274924096921257 ], [ -114.058969102936658, 28.275185254830742 ], [ -114.06012010155149, 28.276153886820868 ], [ -114.060256571585555, 28.27630273503835 ], [ -114.060374028826772, 28.27645684112256 ], [ -114.060496831449697, 28.276666865030059 ], [ -114.060661668071646, 28.277006208123158 ], [ -114.060887738054973, 28.277468436088689 ], [ -114.060977158191363, 28.277676389894275 ], [ -114.060457571352885, 28.27782406312155 ], [ -114.06012410658883, 28.277918838073962 ], [ -114.059997563388634, 28.277969612034212 ], [ -114.059908027534746, 28.278011204670911 ], [ -114.059824664337441, 28.278073392083833 ], [ -114.05978016457442, 28.278131561063066 ], [ -114.059756215525695, 28.278200377060212 ], [ -114.05974613392722, 28.278262754716355 ], [ -114.059758769124031, 28.278704441193462 ], [ -114.059791129998715, 28.2788339389203 ], [ -114.059929512306198, 28.278996575081752 ], [ -114.060094840624956, 28.279099414549332 ], [ -114.060727992372819, 28.279416694039789 ], [ -114.060807180572709, 28.279455198953325 ], [ -114.060903616435013, 28.279478712516511 ], [ -114.06100023205731, 28.279469603443669 ], [ -114.061090041406729, 28.279450854404526 ], [ -114.061140362696975, 28.279404783237162 ], [ -114.061180738431503, 28.27934903879018 ], [ -114.061205987440346, 28.279273321804268 ], [ -114.061245423732942, 28.279110906725982 ], [ -114.061273398491167, 28.278915926126881 ], [ -114.061292921101767, 28.278779855949608 ], [ -114.061336540997388, 28.278475830681071 ], [ -114.061424886607611, 28.278676331058744 ], [ -114.061541792517502, 28.278897055927729 ], [ -114.061683546801731, 28.279117675753607 ], [ -114.061958408169176, 28.279464635573444 ], [ -114.063250030450206, 28.280982542572833 ], [ -114.06358958939137, 28.281401492896659 ], [ -114.063924038860122, 28.281763627395769 ], [ -114.062948502340561, 28.281794324937074 ], [ -114.061077441439153, 28.281836305715121 ], [ -114.060476898764051, 28.281880216353109 ], [ -114.059545427525677, 28.28204316367832 ], [ -114.058815295148079, 28.282232033992251 ], [ -114.058444452686018, 28.282339646652321 ], [ -114.05746128924882, 28.282473213220442 ], [ -114.056928360553712, 28.282610301535037 ], [ -114.0556935912565, 28.283079925199701 ], [ -114.055265641159409, 28.283280613981674 ], [ -114.054503312963845, 28.283747541971962 ], [ -114.053842219224066, 28.284213891848015 ], [ -114.051519401601922, 28.285923244809542 ], [ -114.050458650260509, 28.286744027633564 ], [ -114.050264773892522, 28.286912941379065 ], [ -114.049291260261157, 28.287761109907677 ], [ -114.048093676143012, 28.288935764446929 ], [ -114.047682268322845, 28.289382979814889 ], [ -114.047224702933804, 28.290221896657261 ], [ -114.04698244629823, 28.290973134569494 ], [ -114.046691741414534, 28.292125145611369 ], [ -114.045721899345295, 28.295103051497119 ], [ -114.045554852380391, 28.295585403450229 ], [ -114.045336196833688, 28.2959617814716 ], [ -114.044138959008095, 28.297756390370953 ], [ -114.043817990889792, 28.298294595462799 ], [ -114.04351739856007, 28.299011614819584 ], [ -114.043408950990425, 28.299497723522098 ], [ -114.043203454567845, 28.301049211604269 ], [ -114.043249828927571, 28.301536939938529 ], [ -114.043671745021044, 28.302261516406745 ], [ -114.044228112288351, 28.302808895041959 ], [ -114.046402618158481, 28.304638728484981 ], [ -114.047057796978123, 28.305031677499237 ], [ -114.047940746884336, 28.305035627468857 ], [ -114.048546917266165, 28.30464832226 ], [ -114.05049272284667, 28.302836937433867 ], [ -114.051068054935513, 28.30237420708341 ], [ -114.051807169266496, 28.302026195414147 ], [ -114.052287718664942, 28.301991766576744 ], [ -114.053791173522242, 28.302179102231534 ], [ -114.054223785679127, 28.302272580560359 ], [ -114.054739186702093, 28.3025214861294 ], [ -114.055042862450307, 28.302783587722544 ], [ -114.055944623713714, 28.303757819752771 ], [ -114.056181298877235, 28.304082302994868 ], [ -114.056384012929414, 28.304622330263111 ], [ -114.056436928529592, 28.305069314934563 ], [ -114.056481154674714, 28.306615216183815 ], [ -114.056475910915225, 28.307033062210856 ], [ -114.056407211544766, 28.307437109329932 ], [ -114.056314313022696, 28.307596473450811 ], [ -114.055949484778878, 28.307936125078669 ], [ -114.055820759716312, 28.308045555367396 ], [ -114.05558487193835, 28.308216578698449 ], [ -114.055376614226162, 28.308351467303439 ], [ -114.054640629187148, 28.308809922210536 ], [ -114.054323078740822, 28.308932036182952 ], [ -114.053577164473879, 28.309043446205933 ], [ -114.052829122993316, 28.309080486534473 ], [ -114.050084172969576, 28.309141900349381 ], [ -114.049319374099639, 28.309194517144871 ], [ -114.04849526595315, 28.30937867891576 ], [ -114.048082767016624, 28.309589153005451 ], [ -114.046981871957669, 28.310387201870743 ], [ -114.046674229837421, 28.31065621315734 ], [ -114.046339470169301, 28.311113554594169 ], [ -114.046275686117426, 28.31125726210702 ], [ -114.046238572770136, 28.311305788294362 ], [ -114.046072251801675, 28.311571641773572 ], [ -114.045897911297743, 28.312025399269327 ], [ -114.045815174676008, 28.31240777089042 ], [ -114.045781321308027, 28.312620492803671 ], [ -114.045707573649025, 28.312834105678281 ], [ -114.045624516619043, 28.313272294535576 ], [ -114.045645495299127, 28.313473966704255 ], [ -114.045698235045606, 28.31398095922377 ], [ -114.045886606507878, 28.314555148121652 ], [ -114.045905781542118, 28.314602073900517 ], [ -114.046691973994697, 28.31652602715041 ], [ -114.046989365641494, 28.317102851648549 ], [ -114.047571810798971, 28.317823822938927 ], [ -114.047795792965388, 28.318013647404413 ], [ -114.048106484569075, 28.318276956121366 ], [ -114.050019208582398, 28.319670589469059 ], [ -114.050585963112155, 28.320041815983647 ], [ -114.051318066389214, 28.320380589223134 ], [ -114.051797171148905, 28.320493325257278 ], [ -114.053300889663433, 28.320680645795147 ], [ -114.053822065598439, 28.320660518136901 ], [ -114.054750495906575, 28.320379275239773 ], [ -114.055555644133776, 28.319997625330114 ], [ -114.058384524955684, 28.318497806821846 ], [ -114.05913031393905, 28.318046437920668 ], [ -114.059781827798375, 28.317439898761105 ], [ -114.059966777339483, 28.317024786089267 ], [ -114.060178363589856, 28.3156941342659 ], [ -114.060289406358578, 28.315300974269363 ], [ -114.060596020265564, 28.314796879226343 ], [ -114.060922996259791, 28.31446990294004 ], [ -114.062142257732958, 28.313448103341816 ], [ -114.062456457606089, 28.313075748221308 ], [ -114.062998159386126, 28.312824506772973 ], [ -114.063663380433624, 28.312558199342899 ], [ -114.064383603204121, 28.31230524190509 ], [ -114.067471202735575, 28.311130912510496 ], [ -114.068281785540066, 28.310887727886747 ], [ -114.06900531990479, 28.310917131540243 ], [ -114.069227662410128, 28.311206396158674 ], [ -114.069515283260429, 28.312525820840676 ], [ -114.069658002764527, 28.312837170924226 ], [ -114.070036401521847, 28.312970713451548 ], [ -114.070434250047697, 28.312850137669599 ], [ -114.071912464813053, 28.312153899977545 ], [ -114.072402892772118, 28.311863805128272 ], [ -114.073213348112432, 28.311206273234415 ], [ -114.073880708999212, 28.310557035853378 ], [ -114.076184549198572, 28.30818477654757 ], [ -114.076838370951549, 28.307464801841558 ], [ -114.077585752210169, 28.306477196517076 ], [ -114.077782833234295, 28.306148202024684 ], [ -114.078418347680682, 28.305308398424888 ], [ -114.078729359169486, 28.304761889276442 ], [ -114.079433376869162, 28.303199122538995 ], [ -114.079611593480195, 28.302620094764748 ], [ -114.07973926372793, 28.3014807332648 ], [ -114.079743435385637, 28.300432101747255 ], [ -114.079635246405445, 28.296677848056309 ], [ -114.079547477305439, 28.29562114421763 ], [ -114.079246069328846, 28.294444113987407 ], [ -114.078903256894378, 28.293819345309888 ], [ -114.077604895370158, 28.292080779458153 ], [ -114.077278228042815, 28.291617995934661 ], [ -114.077052116560921, 28.291196914762249 ], [ -114.077055764981992, 28.291058154628512 ], [ -114.077298900644749, 28.290831688617462 ], [ -114.077309006673801, 28.290718150744894 ], [ -114.077113033814584, 28.290414773338149 ], [ -114.076822968072378, 28.290094914264962 ], [ -114.075665315954808, 28.288905608927447 ], [ -114.075218706096123, 28.288523317804401 ], [ -114.074292169094861, 28.287928600860539 ], [ -114.073415158176246, 28.28746129249172 ], [ -114.070249025558141, 28.285875192085484 ], [ -114.069423307420323, 28.285396554692102 ], [ -114.069192838125645, 28.285255981153693 ], [ -114.068974055115177, 28.285064216376675 ], [ -114.068832099585094, 28.284876871668924 ], [ -114.068725035790834, 28.284645201840505 ], [ -114.068651419099965, 28.284392574978085 ], [ -114.06860775376029, 28.284102552539427 ], [ -114.068585513716954, 28.28383621867523 ], [ -114.068538750828694, 28.282867243056845 ], [ -114.068517340607642, 28.282121050616013 ], [ -114.068516579594103, 28.282094527650614 ], [ -114.068500026538786, 28.28151761792472 ], [ -114.06847396316995, 28.280609253234758 ], [ -114.068483581503756, 28.280345209350699 ], [ -114.068556979420151, 28.280106790697921 ], [ -114.068652215121006, 28.280030236463286 ], [ -114.069023250090197, 28.279911401458676 ], [ -114.069184980839026, 28.279955118126018 ], [ -114.069568691320555, 28.2802779640467 ], [ -114.069955120917641, 28.280695454859782 ], [ -114.071374773988396, 28.282320888951332 ], [ -114.071739181226775, 28.282769311031341 ], [ -114.07202007001338, 28.283236524051912 ], [ -114.072056929957924, 28.283455550172842 ], [ -114.071948052147178, 28.284010459511599 ], [ -114.072286592628558, 28.28415673730877 ], [ -114.073975327734885, 28.284284444815938 ], [ -114.076049263767473, 28.284320580174008 ], [ -114.084038870983434, 28.284361232570109 ], [ -114.08615891126874, 28.284406318624978 ], [ -114.088062852155517, 28.284576336042427 ], [ -114.088662730396251, 28.284774157767739 ], [ -114.08955822685104, 28.285527320625057 ], [ -114.089804454514024, 28.285783878927994 ], [ -114.090058014216012, 28.286227991965916 ], [ -114.090174014481605, 28.286605881170185 ], [ -114.090461793259166, 28.287925250647749 ], [ -114.090515816073918, 28.288340057853741 ], [ -114.090480138459569, 28.288956456162111 ], [ -114.090375146519619, 28.289422218001743 ], [ -114.089920855023664, 28.290979374486696 ], [ -114.089724502934473, 28.291457352048489 ], [ -114.08926248806371, 28.292130757283523 ], [ -114.08879881672415, 28.292614786261943 ], [ -114.087097004835925, 28.29420017294181 ], [ -114.086690597823605, 28.294682899898589 ], [ -114.086495872963823, 28.295350249623858 ], [ -114.086624105774064, 28.295820880026824 ], [ -114.087417266500864, 28.297349801542101 ], [ -114.087601912229118, 28.297788712541259 ], [ -114.087670417279071, 28.298308046342921 ], [ -114.087583634134532, 28.298611041084968 ], [ -114.087110136056197, 28.299505682136434 ], [ -114.08693081480655, 28.299780329420802 ], [ -114.08656748327769, 28.300167375904724 ], [ -114.086227758714415, 28.300445651705566 ], [ -114.085005697653813, 28.301357220372527 ], [ -114.084711794561386, 28.301634456481924 ], [ -114.084562320148436, 28.302016661993552 ], [ -114.084642690053442, 28.302285434128695 ], [ -114.085167230114692, 28.30315749695005 ], [ -114.085269932098896, 28.30340546923194 ], [ -114.0852246623475, 28.303690612079926 ], [ -114.085057288419577, 28.303849986683495 ], [ -114.0843214759809, 28.304308589860426 ], [ -114.084142642054076, 28.304468222593933 ], [ -114.084043899849561, 28.304754574277784 ], [ -114.08408167413738, 28.305004015517849 ], [ -114.084356699782035, 28.305881722368486 ], [ -114.084400350756269, 28.306136104087926 ], [ -114.084329026307998, 28.306445512527993 ], [ -114.084183482617348, 28.306633142796475 ], [ -114.083575599475381, 28.30719934092091 ], [ -114.083377175480777, 28.307342503980166 ], [ -114.083059083472875, 28.307444401074711 ], [ -114.082803090723587, 28.307446805097733 ], [ -114.081926550877455, 28.307356123704317 ], [ -114.081667023021666, 28.307434708846458 ], [ -114.08133243063314, 28.30789212402011 ], [ -114.081113967955972, 28.30846698934484 ], [ -114.080429054775635, 28.310692278285092 ], [ -114.080172963981397, 28.311354242970417 ], [ -114.079662796828984, 28.312218122850158 ], [ -114.079190075610484, 28.312790271430639 ], [ -114.077494180821645, 28.314596408734879 ], [ -114.077112232474832, 28.315136061196238 ], [ -114.077025735527371, 28.315848312379654 ], [ -114.077179536735656, 28.316132746583211 ], [ -114.077284122059112, 28.31632616170014 ], [ -114.078576446134477, 28.31784386466877 ], [ -114.078684475420815, 28.317983277263682 ], [ -114.078726962925444, 28.318203507853767 ], [ -114.07875243267047, 28.319086859857077 ], [ -114.078788731852669, 28.319351556589002 ], [ -114.078932658230883, 28.319703455936828 ], [ -114.079101968622069, 28.319941472351537 ], [ -114.079748162490034, 28.320700314078294 ], [ -114.080026195125285, 28.320930799782957 ], [ -114.080677483381237, 28.321247558270056 ], [ -114.081329863608332, 28.321469582415684 ], [ -114.083723031548899, 28.32218891158546 ], [ -114.084346334221181, 28.322396357574217 ], [ -114.084852559957739, 28.32264063047371 ], [ -114.08497510884095, 28.322793089004627 ], [ -114.084987871834628, 28.323234762122738 ], [ -114.084935359619038, 28.323401686020894 ], [ -114.084677538488947, 28.323738990887016 ], [ -114.084361733354626, 28.32405393058324 ], [ -114.083145782534444, 28.325186339060821 ], [ -114.082843771437368, 28.325582140466203 ], [ -114.082650351449132, 28.326296810597718 ], [ -114.082676050681982, 28.326921966894769 ], [ -114.082989412296669, 28.329124691478832 ], [ -114.083042741565066, 28.329713707691987 ], [ -114.082978239063152, 28.330259726846275 ], [ -114.082832762161246, 28.330450737988695 ], [ -114.082218370170835, 28.330796102671673 ], [ -114.082018243956284, 28.330881804230476 ], [ -114.081698715887185, 28.330936381219242 ], [ -114.081442373715021, 28.330928646604008 ], [ -114.080565639125481, 28.330837971684996 ], [ -114.080265819439177, 28.330714525685615 ], [ -114.079743397824899, 28.330229121313199 ], [ -114.079296904565837, 28.329659131508201 ], [ -114.077735728341935, 28.32748457067613 ], [ -114.077328053045605, 28.326868034618062 ], [ -114.076986707243464, 28.326165440649216 ], [ -114.076906742081718, 28.325778272333306 ], [ -114.076874915259694, 28.324674081469286 ], [ -114.076825209302001, 28.324342039263136 ], [ -114.076625075007527, 28.323896699687584 ], [ -114.076388875665444, 28.323592542100407 ], [ -114.075486755438121, 28.322618475395167 ], [ -114.075259067100362, 28.322410521282791 ], [ -114.075098631549452, 28.322414139829199 ], [ -114.075097125516933, 28.322627263676097 ], [ -114.075250535210685, 28.323618222881745 ], [ -114.075239614666827, 28.323902588983653 ], [ -114.07503523942141, 28.324238671767407 ], [ -114.074754194418617, 28.324434423504599 ], [ -114.073647019418701, 28.325011844036837 ], [ -114.073331297730817, 28.325198227695743 ], [ -114.072965111259421, 28.325490601987216 ], [ -114.072757709640115, 28.325721896225801 ], [ -114.072156017914935, 28.326508894315133 ], [ -114.07196828355768, 28.32682599510326 ], [ -114.071693884892056, 28.327518801730101 ], [ -114.071489620188302, 28.328191424713125 ], [ -114.070810769759476, 28.330637524503416 ], [ -114.070578864780899, 28.331346284215094 ], [ -114.070175504104355, 28.33220773031265 ], [ -114.069831179078292, 28.332729607522189 ], [ -114.068627672421002, 28.334303583904305 ], [ -114.068328594842157, 28.334804145009219 ], [ -114.068136425599249, 28.335566125343995 ], [ -114.068160978436865, 28.336154107915906 ], [ -114.068467738050174, 28.338136045073021 ], [ -114.068459951755472, 28.338795785449385 ], [ -114.068116843333641, 28.339892637687825 ], [ -114.067634468002268, 28.340799828121845 ], [ -114.065726430938611, 28.343936519825945 ], [ -114.065184960043737, 28.344784149745671 ], [ -114.06456619163886, 28.345603074725325 ], [ -114.064223712856091, 28.345925338366836 ], [ -114.063244244701522, 28.346610307969293 ], [ -114.062956449827823, 28.346840014930248 ], [ -114.06259288146758, 28.347227014392171 ], [ -114.062361292888994, 28.347550163992967 ], [ -114.061644107442561, 28.348671194797141 ], [ -114.061470117643978, 28.349003196157867 ], [ -114.061375359018371, 28.349431506700242 ], [ -114.061413980438971, 28.349711377641416 ], [ -114.061688975876848, 28.35058913090041 ], [ -114.061717300586949, 28.350909821728585 ], [ -114.061574483175747, 28.351528626234511 ], [ -114.061342131494527, 28.352091941661076 ], [ -114.06040062216745, 28.354101939926821 ], [ -114.060158251786504, 28.354716214775088 ], [ -114.059968717576652, 28.355572834989808 ], [ -114.059940326932448, 28.356182303505594 ], [ -114.059997376439867, 28.358169869355162 ], [ -114.05992284065286, 28.358770227038555 ], [ -114.059517950497508, 28.359584330302415 ], [ -114.059014067776474, 28.360146976029412 ], [ -114.057067468647176, 28.361958539262883 ], [ -114.056550353039299, 28.362460590850034 ], [ -114.056083783280442, 28.36299194830395 ], [ -114.055934374198799, 28.363248980072324 ], [ -114.055703702811243, 28.363917104843075 ], [ -114.055667190982476, 28.364110720597669 ], [ -114.055727475557759, 28.364346136118016 ], [ -114.055850108578824, 28.364488828135556 ], [ -114.056362113747056, 28.364919307351926 ], [ -114.056428298471516, 28.365093706905274 ], [ -114.056225152023359, 28.365477093522482 ], [ -114.055868755788168, 28.36585038853681 ], [ -114.054408698097376, 28.367209037536995 ], [ -114.054018767432595, 28.367613521896313 ], [ -114.053659169150734, 28.36814247405216 ], [ -114.053535389861807, 28.368493636347708 ], [ -114.053317351442061, 28.369603441908872 ], [ -114.053297045562289, 28.369962431561913 ], [ -114.053420326268167, 28.370527910988248 ], [ -114.05361674900054, 28.370976748723326 ], [ -114.054410121625011, 28.372505841492703 ], [ -114.054549516955291, 28.372966103533365 ], [ -114.054406640187594, 28.373584904299662 ], [ -114.054063131752343, 28.374008642999375 ], [ -114.052602947416631, 28.375367281626801 ], [ -114.052212982534968, 28.375771763226375 ], [ -114.051853351227791, 28.376300712880454 ], [ -114.051729558977442, 28.376651874362199 ], [ -114.051511493095717, 28.377761678627433 ], [ -114.051432400094569, 28.378071249454599 ], [ -114.051281366871521, 28.378406109077297 ], [ -114.051144698087498, 28.378574909067503 ], [ -114.050657941670835, 28.379027781918662 ], [ -114.050532446741059, 28.379186183841089 ], [ -114.050433562375844, 28.379472520816005 ], [ -114.050417794220451, 28.37972317178814 ], [ -114.050443094834947, 28.380606539292799 ], [ -114.050394670796649, 28.380918805039485 ], [ -114.050143389154812, 28.381492677587708 ], [ -114.049832837209436, 28.382000229336963 ], [ -114.048634854560333, 28.383794927032884 ], [ -114.048337788097655, 28.384373204520248 ], [ -114.048149482456665, 28.385277139794113 ], [ -114.04817754411701, 28.385990198704707 ], [ -114.048496817760295, 28.388413870168485 ], [ -114.04843634151095, 28.389240530437647 ], [ -114.047834824427142, 28.390674607463936 ], [ -114.04703597599385, 28.391896625745023 ], [ -114.043909396074014, 28.396165268368065 ], [ -114.043110465187212, 28.39738726936606 ], [ -114.042508838631207, 28.398821330405219 ], [ -114.042448317577339, 28.399647990953699 ], [ -114.042767533496047, 28.402071678577169 ], [ -114.042806753331149, 28.402774342371725 ], [ -114.042670550295156, 28.403629754001489 ], [ -114.04243675210283, 28.404149106695318 ], [ -114.041481881703888, 28.405717338056863 ], [ -114.04123486556999, 28.406176101194884 ], [ -114.041213666742493, 28.40623745828842 ], [ -114.041037009016961, 28.406748767327077 ], [ -114.040916880917237, 28.407096457397753 ], [ -114.040761116807076, 28.40780347898853 ], [ -114.040330997245903, 28.410243913832382 ], [ -114.040325383917875, 28.410269392078522 ], [ -114.040312152851513, 28.410298453408636 ], [ -114.03889549310756, 28.413202892338077 ], [ -114.038532365428594, 28.414151312027293 ], [ -114.03851638267416, 28.414238820920822 ], [ -114.038327251935442, 28.415274342764391 ], [ -114.038254468957547, 28.415672837509135 ], [ -114.038220607076582, 28.416898026033486 ], [ -114.038340500599986, 28.421094045298915 ], [ -114.038304325739219, 28.422238107060199 ], [ -114.03801559752759, 28.423381044349195 ], [ -114.037639300309309, 28.423869749555013 ], [ -114.036171958606928, 28.425007428481621 ], [ -114.03578513348819, 28.425328934877392 ], [ -114.035447309234613, 28.425691626981013 ], [ -114.035351530001819, 28.425888252918565 ], [ -114.035242385354209, 28.426443148912675 ], [ -114.035207236241376, 28.426552170386532 ], [ -114.035184960660828, 28.426557060280611 ], [ -114.035168729900704, 28.426545975859064 ], [ -114.035152352250549, 28.426506041278515 ], [ -114.035109095858942, 28.426331121058997 ], [ -114.034962118276681, 28.425560955584295 ], [ -114.0349686012202, 28.425318968468606 ], [ -114.035145830252773, 28.424959860882819 ], [ -114.035392530570562, 28.424688836859378 ], [ -114.036366560312345, 28.423783162231462 ], [ -114.036618845515136, 28.423506937985245 ], [ -114.036822155936989, 28.423123569535004 ], [ -114.036860315179865, 28.422852124883409 ], [ -114.03683508274284, 28.421968751672022 ], [ -114.036780606752558, 28.421668933224556 ], [ -114.036551618687227, 28.421153153405346 ], [ -114.036278970551322, 28.420716142956586 ], [ -114.035235618171669, 28.419192534608769 ], [ -114.035009152335988, 28.418764637862061 ], [ -114.034995645349241, 28.418291401131903 ], [ -114.035202813025521, 28.418043245653649 ], [ -114.036183094470445, 28.417358419765396 ], [ -114.036457921027932, 28.41706816374391 ], [ -114.036760169247501, 28.416398465009447 ], [ -114.0369171257761, 28.415732008863291 ], [ -114.037347334705473, 28.413291578815649 ], [ -114.037442881536549, 28.412484431760241 ], [ -114.037458567317842, 28.411158175797297 ], [ -114.037385431670742, 28.410070671252075 ], [ -114.03702846855218, 28.406321903306555 ], [ -114.036998236853691, 28.405329838968161 ], [ -114.03721409386084, 28.404448976048013 ], [ -114.037552690005811, 28.404182664319894 ], [ -114.038916943718732, 28.40382073138483 ], [ -114.039322232497298, 28.403679766811045 ], [ -114.039849330945685, 28.403383871849005 ], [ -114.040197039370483, 28.403102129648929 ], [ -114.041292569393747, 28.402083224324869 ], [ -114.041573859180104, 28.401686270045065 ], [ -114.041791025824949, 28.400852726421405 ], [ -114.041819975939504, 28.400058904426221 ], [ -114.041737918832041, 28.397187944643932 ], [ -114.041681006004296, 28.396401114726963 ], [ -114.041497464636791, 28.395600202102198 ], [ -114.041292175558894, 28.395242870901036 ], [ -114.040517707030645, 28.394376234924955 ], [ -114.040348854660309, 28.394089118774431 ], [ -114.040335337834321, 28.393615882681356 ], [ -114.040484878805614, 28.393226947432062 ], [ -114.04119624318345, 28.391885150823096 ], [ -114.041346358525672, 28.391516496504835 ], [ -114.041335542653897, 28.391137907842211 ], [ -114.04116997732072, 28.390965721092012 ], [ -114.040408158388388, 28.390540768713226 ], [ -114.040220239941419, 28.390389374379112 ], [ -114.040105102985706, 28.390107822660489 ], [ -114.0401285395711, 28.38985700050884 ], [ -114.040315315951773, 28.389117441601613 ], [ -114.040353044990908, 28.388968048835803 ], [ -114.040434106481882, 28.388726086981368 ], [ -114.040587889479028, 28.388485883366897 ], [ -114.040726518027711, 28.388384697119925 ], [ -114.041219667274788, 28.388152697336341 ], [ -114.041347117331597, 28.388061907460838 ], [ -114.041437848473834, 28.387890759834736 ], [ -114.041448736192692, 28.387870222116792 ], [ -114.041466456100167, 28.387687175873182 ], [ -114.041447530735681, 28.387024645399407 ], [ -114.041418803458626, 28.386822342261688 ], [ -114.041303668216813, 28.386540791378621 ], [ -114.041167916906389, 28.386340878833028 ], [ -114.040649549599493, 28.385689503069131 ], [ -114.040512932013897, 28.3854591673187 ], [ -114.040393747283318, 28.385035644320361 ], [ -114.040360100745744, 28.384660947339384 ], [ -114.040322269184671, 28.383335884363188 ], [ -114.040289203041652, 28.382981468803937 ], [ -114.040172724873088, 28.382652592585856 ], [ -114.040039393592892, 28.382537184879659 ], [ -114.039533659751982, 28.382327490666498 ], [ -114.039411506617398, 28.382201685489051 ], [ -114.039347191728453, 28.381824290061619 ], [ -114.039377466134624, 28.381410959019245 ], [ -114.039583058917344, 28.379859476205763 ], [ -114.039618920983557, 28.379440946745341 ], [ -114.039580687087948, 28.379039292138305 ], [ -114.039490205512706, 28.378884029240414 ], [ -114.039106193201533, 28.378561122914778 ], [ -114.038959828986819, 28.378457843101941 ], [ -114.038660807404781, 28.378298777299747 ], [ -114.03837999821404, 28.378174819868772 ], [ -114.037368580880909, 28.377755413151142 ], [ -114.036956348875066, 28.377649604817069 ], [ -114.036044012768215, 28.377575240484649 ], [ -114.035152906397045, 28.377574810211552 ], [ -114.031906738411294, 28.37764712354188 ], [ -114.030982673345221, 28.37769813626802 ], [ -114.029916542467731, 28.377863924241119 ], [ -114.029317562725055, 28.378049754645861 ], [ -114.027588442428296, 28.378751167823076 ], [ -114.026992334742232, 28.379038397858501 ], [ -114.025939626109746, 28.379677399448667 ], [ -114.025031857936071, 28.380303026349022 ], [ -114.021848238626262, 28.382583582028076 ], [ -114.020905444875027, 28.383189666397072 ], [ -114.019689436333067, 28.383737537725789 ], [ -114.018895081810797, 28.383914127806342 ], [ -114.016404100155697, 28.384190322454618 ], [ -114.015615324900423, 28.384361696510577 ], [ -114.014425358295469, 28.384885268766197 ], [ -114.013514175129956, 28.385461854216125 ], [ -114.010451883969594, 28.387628983388911 ], [ -114.009656475743796, 28.388243574743953 ], [ -114.009006933978853, 28.388944573513466 ], [ -114.008874432589295, 28.389331412310916 ], [ -114.008905640714659, 28.390435662662217 ], [ -114.00889698981635, 28.39073858487502 ], [ -114.008825409561737, 28.39104797163354 ], [ -114.008731802725833, 28.391187030470437 ], [ -114.008366549871354, 28.391526584464657 ], [ -114.008180912789243, 28.39165752925441 ], [ -114.007679859049347, 28.39192905043398 ], [ -114.007149703173553, 28.392185991632314 ], [ -114.005176675672445, 28.393113514521794 ], [ -114.00465238432372, 28.39337539081998 ], [ -114.004178739330186, 28.393669972300692 ], [ -114.004026396900883, 28.393828928130379 ], [ -114.003789111074482, 28.394276141234311 ], [ -114.003585446567499, 28.394446376539598 ], [ -114.002872296172427, 28.39479359296908 ], [ -114.002057170391552, 28.395119377510895 ], [ -113.998966358677166, 28.396292451374748 ], [ -113.998453448714997, 28.396467394991742 ], [ -113.998021176336579, 28.396655944630783 ], [ -113.997648194344322, 28.396876779565087 ], [ -113.997378082542355, 28.397087776348112 ], [ -113.997146637665935, 28.396547736206657 ], [ -113.996687126816212, 28.395661586944701 ], [ -113.99622882808093, 28.394869215280846 ], [ -113.996136783467151, 28.394660376933771 ], [ -113.996080604991363, 28.394426498744231 ], [ -113.996088291637932, 28.394181237030374 ], [ -113.996141315112069, 28.393959819380221 ], [ -113.99621966457066, 28.393776755659825 ], [ -113.996349751343374, 28.393587251115427 ], [ -113.996509914963539, 28.393415058130302 ], [ -113.997977319438263, 28.392277803759633 ], [ -113.998369178698226, 28.391930924865317 ], [ -113.998730468129366, 28.391449418886722 ], [ -113.998854738204287, 28.391108432848135 ], [ -113.999073375592715, 28.389998670998512 ], [ -113.999152915131191, 28.38969925998472 ], [ -113.999305463902118, 28.389411770462914 ], [ -113.999443851246312, 28.389300482077815 ], [ -113.999937109165558, 28.389068624883144 ], [ -114.000057008037246, 28.388912079772609 ], [ -114.000123279325223, 28.388413394099679 ], [ -114.000098054474506, 28.387857531121664 ], [ -113.99991407426981, 28.385762188752558 ], [ -113.99959498944105, 28.385365011660721 ], [ -113.998289895993949, 28.385606854419464 ], [ -113.99674454016494, 28.386349508373598 ], [ -113.990837750647344, 28.389573251248386 ], [ -113.989211822854202, 28.390515471439173 ], [ -113.987531153098573, 28.391688885285678 ], [ -113.986756140455967, 28.392422982238205 ], [ -113.984820058899658, 28.394675351812761 ], [ -113.984236558758539, 28.395283466508943 ], [ -113.983473451533328, 28.395851290580413 ], [ -113.983165811437431, 28.3959766732115 ], [ -113.981923198658748, 28.39622489045961 ], [ -113.981509820153619, 28.396352333344751 ], [ -113.980836735368982, 28.396692089932564 ], [ -113.980654030369578, 28.39675442688409 ], [ -113.979967539080775, 28.397100943891417 ], [ -113.979505932982875, 28.397418857717046 ], [ -113.978038246057096, 28.39855593218401 ], [ -113.977633404858892, 28.398852303150644 ], [ -113.977225462762163, 28.399090357620757 ], [ -113.977014473936961, 28.399153355643737 ], [ -113.976514936401642, 28.39916428034374 ], [ -113.976362867550904, 28.399198048363324 ], [ -113.976152750259473, 28.399344708692038 ], [ -113.976004651240387, 28.399520455457054 ], [ -113.975523636583787, 28.400193946080027 ], [ -113.975367140758451, 28.40037555157301 ], [ -113.97516541444908, 28.400516351364072 ], [ -113.975013343131735, 28.400550118045444 ], [ -113.97451379813532, 28.400561035897812 ], [ -113.974317267071115, 28.400646511287448 ], [ -113.973899665427183, 28.401034479044771 ], [ -113.973771474473381, 28.401184690715148 ], [ -113.973683406239886, 28.401235390497181 ], [ -113.973265799987985, 28.401623356624977 ], [ -113.972944051706548, 28.402019375407374 ], [ -113.971860150404211, 28.403479493525044 ], [ -113.971444364187192, 28.403868583883693 ], [ -113.971351268223941, 28.403955702018333 ], [ -113.970060391800388, 28.404717887614492 ], [ -113.96872515479744, 28.405330506830808 ], [ -113.96378481046672, 28.407427117049625 ], [ -113.962319710824133, 28.40811861209885 ], [ -113.960423024524374, 28.409249064957937 ], [ -113.95917857077518, 28.410172506424072 ], [ -113.955267688490835, 28.413351402894676 ], [ -113.954152942806388, 28.414195878106387 ], [ -113.952861810028139, 28.41495791783445 ], [ -113.952132092453482, 28.415202074409709 ], [ -113.950017877248996, 28.415579419386603 ], [ -113.949591982533477, 28.415480320739942 ], [ -113.949469809936275, 28.415250301423878 ], [ -113.949416307398792, 28.41501945476444 ], [ -113.949457572438121, 28.414321978181032 ], [ -113.949889419501346, 28.411729467559162 ], [ -113.950621091299723, 28.40868282981409 ], [ -113.950660695323876, 28.40852703675511 ], [ -113.950945329935749, 28.40740733888094 ], [ -113.951338100790508, 28.406120213555919 ], [ -113.951574966890817, 28.405556954140021 ], [ -113.952287565952886, 28.404215534316798 ], [ -113.952363500927063, 28.404010933503319 ], [ -113.952458419280632, 28.403755182449913 ], [ -113.952543145477449, 28.402948295131715 ], [ -113.952493331602795, 28.402255950833233 ], [ -113.952176153021725, 28.399831896559583 ], [ -113.952237380012647, 28.399005223431637 ], [ -113.952840263707017, 28.397571470283882 ], [ -113.953640284555206, 28.396349921666374 ], [ -113.956770693573063, 28.392083081838209 ], [ -113.957584072193114, 28.39093225737976 ], [ -113.958249568959332, 28.389828615419262 ], [ -113.958386913547059, 28.389402811600853 ], [ -113.958362366774793, 28.388519370440118 ], [ -113.958308135394702, 28.388219501336891 ], [ -113.958079603189873, 28.38770355307653 ], [ -113.957807361669012, 28.38726635265806 ], [ -113.956765450909998, 28.38574202627477 ], [ -113.956550277227976, 28.385293435737623 ], [ -113.956588025132916, 28.384724345978949 ], [ -113.956857121215691, 28.38435995122261 ], [ -113.95807513943285, 28.383228526582673 ], [ -113.958413031315644, 28.382862634613929 ], [ -113.958771855317835, 28.382286568523739 ], [ -113.958946569959153, 28.381829509397551 ], [ -113.95940307630201, 28.380272632811277 ], [ -113.95954451162109, 28.379856887050089 ], [ -113.95974804282038, 28.379473617132835 ], [ -113.959897366862691, 28.379341834396595 ], [ -113.960390680643044, 28.379110117348162 ], [ -113.960517069411651, 28.378978832584981 ], [ -113.960613570919492, 28.378597888376813 ], [ -113.96062504176362, 28.378184967196638 ], [ -113.960582073265925, 28.376638945669463 ], [ -113.960603602176235, 28.376175067406226 ], [ -113.960747036049341, 28.37555632390854 ], [ -113.960930411551644, 28.37513628276632 ], [ -113.961642720695764, 28.373794832723906 ], [ -113.961825244379924, 28.373344366164986 ], [ -113.961964721664259, 28.372583640480109 ], [ -113.961981452560735, 28.37194735615979 ], [ -113.961920057901466, 28.369738754548752 ], [ -113.962047784454185, 28.368968136623845 ], [ -113.962705222612456, 28.367580520461434 ], [ -113.963516679581033, 28.366368826533407 ], [ -113.966645903589992, 28.362101838627758 ], [ -113.967445530388474, 28.360880235068354 ], [ -113.968048035762081, 28.359446439015361 ], [ -113.968109145478365, 28.358619765448953 ], [ -113.967791839602953, 28.356195751005483 ], [ -113.967764624432647, 28.355492773021993 ], [ -113.967954912769713, 28.354636225023231 ], [ -113.968253965406959, 28.354115562687845 ], [ -113.969459236628424, 28.352542348149992 ], [ -113.969798824276765, 28.352036021111608 ], [ -113.970178313164297, 28.351246380752464 ], [ -113.970380853376881, 28.350624650529834 ], [ -113.970946543967543, 28.348512882868672 ], [ -113.971212609076645, 28.348113015024413 ], [ -113.971888568709204, 28.348358731309336 ], [ -113.972588170357881, 28.349109619002586 ], [ -113.972825923845875, 28.34940886155503 ], [ -113.975177115794921, 28.352368009529414 ], [ -113.976127065931124, 28.353250402253668 ], [ -113.977971139031425, 28.354109865800758 ], [ -113.979655573278251, 28.354455266436737 ], [ -113.985672212692393, 28.355207523677617 ], [ -113.987352418221846, 28.355400705858841 ], [ -113.989176703275916, 28.355550115819891 ], [ -113.990102615525743, 28.35557038909112 ], [ -113.992599248373153, 28.355515575121352 ], [ -113.993276829771546, 28.355475322003418 ], [ -113.993942246504673, 28.355342313881181 ], [ -113.994215260470156, 28.355192557812305 ], [ -113.994823906189239, 28.354626704800001 ], [ -113.99496824952341, 28.354388447843107 ], [ -113.99503320969896, 28.353842436425744 ], [ -113.994981667803955, 28.353300677084942 ], [ -113.994676188056459, 28.351318477015738 ], [ -113.994573491464593, 28.350793062726449 ], [ -113.994399712460321, 28.350323330464082 ], [ -113.994254152605848, 28.350177698664794 ], [ -113.993748652373668, 28.34996781485108 ], [ -113.993601385830516, 28.349761334584709 ], [ -113.993419642931315, 28.349007644747719 ], [ -113.993307278393246, 28.348137425145335 ], [ -113.992964670479722, 28.344830088139098 ], [ -113.992898168808011, 28.343958860162473 ], [ -113.992930416734396, 28.343200468924433 ], [ -113.993042985011201, 28.342988280970779 ], [ -113.99353605429431, 28.34275646079627 ], [ -113.993685855027323, 28.342644929964795 ], [ -113.993891856559387, 28.34235627377134 ], [ -113.994036343363533, 28.342055438645843 ], [ -113.994504608873498, 28.340940197108292 ], [ -113.994634213901676, 28.340517918038351 ], [ -113.994770776281158, 28.339662524500554 ], [ -113.994836260767642, 28.33886281282788 ], [ -113.9950052926024, 28.335986218255016 ], [ -113.995035820737186, 28.335166979360569 ], [ -113.995009255302932, 28.334220459342344 ], [ -113.994940777227768, 28.333687526726063 ], [ -113.994647783944345, 28.332147027007348 ], [ -113.994511109915834, 28.331635887049295 ], [ -113.994166288314062, 28.330791067081918 ], [ -113.993810362995987, 28.330095320459353 ], [ -113.992494234561036, 28.327693312796868 ], [ -113.992160401346041, 28.326966632884599 ], [ -113.991918606243573, 28.325977477974295 ], [ -113.991907014165605, 28.325291080427451 ], [ -113.992094707618278, 28.323077047152676 ], [ -113.992272642153551, 28.322401711716086 ], [ -113.99291530535865, 28.321464178406135 ], [ -113.993655454874173, 28.3208001777713 ], [ -113.996466759280267, 28.318639012491715 ], [ -113.997393643363225, 28.318092660678545 ], [ -113.998907860419692, 28.317704204783592 ], [ -114.000144150827055, 28.317695614859293 ], [ -114.004399305719502, 28.318043912158682 ], [ -114.005510676978304, 28.318078615430043 ], [ -114.006441909860243, 28.317892345019967 ], [ -114.006461398544076, 28.317865572582612 ], [ -114.006473570700308, 28.317862895737726 ], [ -114.006724191783945, 28.317532650037396 ], [ -114.006936450796985, 28.316202030052924 ], [ -114.007067453909841, 28.315899790189981 ], [ -114.007466544583735, 28.315819956889719 ], [ -114.007905672803233, 28.316008147942174 ], [ -114.009555864907853, 28.316966193256583 ], [ -114.009986685518285, 28.317266182752057 ], [ -114.010346974134166, 28.317708101265641 ], [ -114.010430850053197, 28.318039425167992 ], [ -114.010461981594759, 28.319143685469541 ], [ -114.010505320349125, 28.319460682932469 ], [ -114.010676436057409, 28.319835744055204 ], [ -114.010877548733092, 28.320054547924336 ], [ -114.011644963669355, 28.320700568633509 ], [ -114.011845793934228, 28.320909229623183 ], [ -114.012015581960483, 28.321236963101978 ], [ -114.012057305565378, 28.321496493072377 ], [ -114.012082227697661, 28.322379899558801 ], [ -114.012037570175764, 28.322626116489545 ], [ -114.011804244901384, 28.32289172223394 ], [ -114.011515580082232, 28.323024941611212 ], [ -114.010401798573056, 28.323381021292168 ], [ -114.010096082668454, 28.323519688022007 ], [ -114.009783193907865, 28.323810724579378 ], [ -114.009641926009806, 28.324087824808746 ], [ -114.009295562163459, 28.325089922708276 ], [ -114.009160164859665, 28.325371966722756 ], [ -114.008874677068405, 28.325686074241773 ], [ -114.00860223448116, 28.325852754919897 ], [ -114.00761631902445, 28.326316486904592 ], [ -114.007361206825479, 28.326487856707857 ], [ -114.007156603457787, 28.326823854290225 ], [ -114.007119425735269, 28.327132481384631 ], [ -114.007150534869012, 28.328236743584277 ], [ -114.007135993459343, 28.328534723872785 ], [ -114.00703702306653, 28.328821036455022 ], [ -114.006910177976366, 28.328932074062056 ], [ -114.006417203519192, 28.329163936015995 ], [ -114.00630096159982, 28.329244296814988 ], [ -114.006251475073782, 28.32938745290538 ], [ -114.006297022208926, 28.329511600859199 ], [ -114.00655906348031, 28.329947801473189 ], [ -114.006582545812279, 28.330102878366418 ], [ -114.006430086915614, 28.330390370268635 ], [ -114.006188805115158, 28.330645995807664 ], [ -114.005215272741907, 28.331551419634 ], [ -114.004973985461433, 28.331807043404034 ], [ -114.004821520060403, 28.33209453395833 ], [ -114.004845000669874, 28.3322496112654 ], [ -114.005107044089783, 28.332685814463055 ], [ -114.005152591711692, 28.332809962742171 ], [ -114.005103102412534, 28.332953118593807 ], [ -114.004986855538775, 28.333033478621903 ], [ -114.004493858119858, 28.333265335252072 ], [ -114.004426597434971, 28.333456237567891 ], [ -114.004605714606527, 28.334115259122029 ], [ -114.004928861385764, 28.334865815179402 ], [ -114.006257807709304, 28.337709377069579 ], [ -114.006537130932188, 28.338531926706917 ], [ -114.006511646473385, 28.339526941504179 ], [ -114.006195909939208, 28.340125841984008 ], [ -114.004747928164534, 28.341925688806658 ], [ -114.004372577661783, 28.342444720249887 ], [ -114.004068950594856, 28.343067027228805 ], [ -114.004010550889276, 28.343437006418277 ], [ -114.004041649041227, 28.344541269139981 ], [ -114.004073523716656, 28.344858520976359 ], [ -114.004191173561665, 28.345234766841081 ], [ -114.004327370359732, 28.345455008969196 ], [ -114.004845308960697, 28.34610655829194 ], [ -114.004935942056832, 28.34633795179305 ], [ -114.004840953572938, 28.346766240311045 ], [ -114.004614620978415, 28.347146687401278 ], [ -114.003653376896452, 28.348493815516548 ], [ -114.003416715892527, 28.348915078553361 ], [ -114.00327355530726, 28.349533847706333 ], [ -114.003305703079562, 28.349996540802966 ], [ -114.00359889383293, 28.351537005188732 ], [ -114.0036478114083, 28.351984107116806 ], [ -114.003582896008353, 28.352530119340756 ], [ -114.003441240965813, 28.352863034858284 ], [ -114.002845093300266, 28.353870627249933 ], [ -114.002593242642689, 28.354160306953247 ], [ -114.002157679751576, 28.354419204822015 ], [ -114.001758539883184, 28.354527095797263 ], [ -114.000266802089641, 28.354780942175996 ], [ -113.999839519173506, 28.354883369106972 ], [ -113.999337273904032, 28.355107523646751 ], [ -113.999047063355732, 28.355325318120727 ], [ -113.998883393381973, 28.355477491435586 ], [ -113.998779703514558, 28.355517240351176 ], [ -113.998308860440588, 28.355906442690809 ], [ -113.998254384920841, 28.356062310938071 ], [ -113.99819498643356, 28.356117536120436 ], [ -113.997980000630477, 28.356359041908952 ], [ -113.997828817611122, 28.356693853560042 ], [ -113.997827828523626, 28.356930650356663 ], [ -113.997974397932012, 28.357700890251142 ], [ -113.998195965325337, 28.357897273212483 ], [ -113.999083376631745, 28.358043483749054 ], [ -114.000129538528213, 28.358055966493701 ], [ -114.004124204019192, 28.357967941495531 ], [ -114.005202467759787, 28.357898497604623 ], [ -114.006239707406877, 28.357662517415914 ], [ -114.006643214719432, 28.357394853030208 ], [ -114.007489002910162, 28.356381734816534 ], [ -114.00769646950674, 28.356077805171498 ], [ -114.007818867799017, 28.35567258753354 ], [ -114.007786257067934, 28.355397635015297 ], [ -114.007511678987768, 28.354519740333593 ], [ -114.007417019805501, 28.354281673326053 ], [ -114.007249852354732, 28.354048589080922 ], [ -114.007105700707612, 28.353953678537469 ], [ -114.006696196314422, 28.353783707072132 ], [ -114.006562505821506, 28.353493245240237 ], [ -114.006559703523095, 28.353393861964712 ], [ -114.006713879286124, 28.353166313739589 ], [ -114.007437925664732, 28.352266378118031 ], [ -114.007623463216675, 28.351930799272104 ], [ -114.007765265115268, 28.351264702073955 ], [ -114.00778230275796, 28.350648713615687 ], [ -114.007720014965315, 28.348440197539833 ], [ -114.00774235657822, 28.347808870654148 ], [ -114.007908899853405, 28.347071195048546 ], [ -114.008124475778189, 28.346648699470414 ], [ -114.008963943326336, 28.345414726741112 ], [ -114.009233812804396, 28.34508743178581 ], [ -114.009653745990363, 28.344794029733016 ], [ -114.009983781891052, 28.344702178613392 ], [ -114.011104015413864, 28.344566937326597 ], [ -114.011393213729207, 28.344450616565531 ], [ -114.011622573609344, 28.344043032935485 ], [ -114.011661032724334, 28.34357709184 ], [ -114.01161115244399, 28.341810283530513 ], [ -114.011659642702227, 28.341293383471879 ], [ -114.011935806287411, 28.340647991617207 ], [ -114.012281833448796, 28.340242902729969 ], [ -114.013620446206062, 28.338997873330563 ], [ -114.014044976025815, 28.338733108901575 ], [ -114.014687521227728, 28.338742575782796 ], [ -114.015180917075924, 28.339020863628683 ], [ -114.016385607939128, 28.339956460484327 ], [ -114.016840910054839, 28.340310060931412 ], [ -114.017319772792973, 28.340788840894199 ], [ -114.017832644933989, 28.341265639779337 ], [ -114.017099388232737, 28.341834344646745 ], [ -114.01680944390597, 28.342126581992993 ], [ -114.016756144808497, 28.342194951888192 ], [ -114.016189626456509, 28.342921652134823 ], [ -114.01559411094226, 28.343765228028143 ], [ -114.013434787555056, 28.346906831060082 ], [ -114.012887230730314, 28.347825442317468 ], [ -114.012491358303393, 28.348970707079907 ], [ -114.012473390837897, 28.349688189650539 ], [ -114.012785430087362, 28.351891175887541 ], [ -114.012822778239226, 28.352536403087434 ], [ -114.012685018963467, 28.353344478481617 ], [ -114.012450869404034, 28.353853644559241 ], [ -114.011495915544444, 28.355421674607385 ], [ -114.011216473490052, 28.355952134979507 ], [ -114.010867377327827, 28.356859589294174 ], [ -114.010648110519355, 28.357625492407298 ], [ -114.00997394802431, 28.360292251938048 ], [ -114.009720276390354, 28.361058914167511 ], [ -114.009210649740723, 28.361969911902374 ], [ -114.008736282026859, 28.36250467410883 ], [ -114.007032166958069, 28.364089223345552 ], [ -114.006636603326243, 28.364571502327504 ], [ -114.006494784609089, 28.365237599111211 ], [ -114.006687754629311, 28.365706887368372 ], [ -114.007730119884627, 28.367230796090791 ], [ -114.007978994690603, 28.367648110251789 ], [ -114.008098026927783, 28.368071673896427 ], [ -114.00801919620568, 28.368259451163343 ], [ -114.007532284092761, 28.368712180668755 ], [ -114.007406445535949, 28.368860405854871 ], [ -114.007306113308388, 28.369099394739074 ], [ -114.007288620376812, 28.369292582321549 ], [ -114.007307319554201, 28.369955135471418 ], [ -114.007256288680566, 28.370179505864034 ], [ -114.006999443968368, 28.370564014372079 ], [ -114.006683552351745, 28.370888941345459 ], [ -114.005466221605872, 28.372020753413747 ], [ -114.005173252651247, 28.372345171460715 ], [ -114.005023410014417, 28.37272731573654 ], [ -114.005102319861663, 28.372948818450766 ], [ -114.005620413005275, 28.373600352047092 ], [ -114.005676679104894, 28.373832501477402 ], [ -114.005421155937725, 28.374264333201765 ], [ -114.004999853910974, 28.374649085347524 ], [ -114.003289275278888, 28.376012752661254 ], [ -114.002822379455196, 28.37640865170949 ], [ -114.002354135218283, 28.376892523673565 ], [ -114.002152112757074, 28.377187871251476 ], [ -114.001677583560109, 28.37808228808538 ], [ -114.00154048031159, 28.378442162419976 ], [ -114.001375197696206, 28.379227159790208 ], [ -114.001276182859939, 28.379988710309494 ], [ -114.000979392207768, 28.382757615147579 ], [ -114.000959214058156, 28.383466690610501 ], [ -114.001161846589881, 28.384006804571435 ], [ -114.001471499879429, 28.384069319897453 ], [ -114.002713910483436, 28.383820937795349 ], [ -114.003150144155626, 28.383692930009222 ], [ -114.003943491479049, 28.383343946492179 ], [ -114.004640607804532, 28.38297340478093 ], [ -114.007100433042694, 28.381593172002898 ], [ -114.007744636920819, 28.381178120577538 ], [ -114.008291133339441, 28.380621469830452 ], [ -114.008427642293327, 28.380241308121885 ], [ -114.008518190648573, 28.379023871934379 ], [ -114.008558521579687, 28.378691498415737 ], [ -114.008656184363062, 28.378357858214923 ], [ -114.008755371605005, 28.378213602834666 ], [ -114.009120581522424, 28.377874050787039 ], [ -114.00926147558431, 28.377784684296923 ], [ -114.009553772406164, 28.377707192858658 ], [ -114.009830445299286, 28.377685856932452 ], [ -114.010829288253746, 28.377663776642766 ], [ -114.011202133998296, 28.377594648223475 ], [ -114.011943235805589, 28.377294131392105 ], [ -114.012629103288759, 28.376933948236413 ], [ -114.015088678815971, 28.37555358840142 ], [ -114.015832140474274, 28.375202262435323 ], [ -114.016842089609909, 28.374943120967391 ], [ -114.017541416336528, 28.374924244946122 ], [ -114.019794997526446, 28.375095279638646 ], [ -114.020471678933092, 28.375087037998508 ], [ -114.02137593960714, 28.374877561837241 ], [ -114.021991056506664, 28.374586552517563 ], [ -114.023957317134347, 28.373437973282183 ], [ -114.024742387567741, 28.373072147136693 ], [ -114.026439803783049, 28.372513541026663 ], [ -114.028079605699986, 28.372081346000524 ], [ -114.034034496947982, 28.370622903178869 ], [ -114.035664210025985, 28.370241580890749 ], [ -114.037314752699146, 28.369920658850422 ], [ -114.03804296794759, 28.369843533686819 ], [ -114.039790768165147, 28.369804536425924 ], [ -114.040341993321817, 28.369756717288869 ], [ -114.041166577271213, 28.369572569247556 ], [ -114.04172067219416, 28.369382272094541 ], [ -114.042057976467859, 28.369340133897971 ], [ -114.042856477195812, 28.369180235415222 ], [ -114.043238895124574, 28.369046541870219 ], [ -114.044225007592956, 28.368582535923171 ], [ -114.044474850047592, 28.368426434045869 ], [ -114.044654674042931, 28.368161968413052 ], [ -114.044656361838094, 28.368108888362734 ], [ -114.044661723665953, 28.367940262584607 ], [ -114.044514800043032, 28.36717010088509 ], [ -114.044544200238718, 28.366927600948237 ], [ -114.044828322026973, 28.366566096236468 ], [ -114.044831953738637, 28.366563453770077 ], [ -114.045204808493025, 28.36629216010666 ], [ -114.046677608794127, 28.365375287931958 ], [ -114.04704849877146, 28.365106545938502 ], [ -114.047306533292399, 28.364769297141319 ], [ -114.047304265722403, 28.364556255878075 ], [ -114.047035652389795, 28.363899311833094 ], [ -114.046988397631125, 28.363717718537071 ], [ -114.047036486448079, 28.363527227705408 ], [ -114.047152439185595, 28.363436691197954 ], [ -114.047645461847566, 28.363204677344708 ], [ -114.047744149785032, 28.362911581896579 ], [ -114.047711673356474, 28.361775817844727 ], [ -114.047566595376551, 28.360446392695682 ], [ -114.04692209156984, 28.355378166170727 ], [ -114.046780969130268, 28.353784821266107 ], [ -114.046766853601781, 28.35141744446064 ], [ -114.046887804479468, 28.349628823004792 ], [ -114.047466334379266, 28.343649298953284 ], [ -114.047655388822577, 28.34203673066045 ], [ -114.047959128466871, 28.340490937017595 ], [ -114.048203988560175, 28.339895228571276 ], [ -114.049042922148217, 28.338661047300157 ], [ -114.049185527986126, 28.338474618173112 ], [ -114.049374354213157, 28.338352597280338 ], [ -114.050603458538845, 28.337662139328312 ], [ -114.050933285483779, 28.337431517381752 ], [ -114.050981635910858, 28.337371367848583 ], [ -114.051243382312904, 28.337045745276566 ], [ -114.051356551571061, 28.336725264760748 ], [ -114.051574577182095, 28.335615461367283 ], [ -114.051716252603498, 28.33528926882925 ], [ -114.052159378972078, 28.334876839743821 ], [ -114.052650739730367, 28.334613846598131 ], [ -114.054500613999238, 28.333798961078617 ], [ -114.054998419761048, 28.333561183655544 ], [ -114.055471655716289, 28.333266454303732 ], [ -114.055649902801221, 28.333083191041357 ], [ -114.056008486044632, 28.332522692297605 ], [ -114.056031572572422, 28.332327686213432 ], [ -114.055780729668413, 28.331978156617648 ], [ -114.055399298011764, 28.331673833648328 ], [ -114.053870143745144, 28.330603177797624 ], [ -114.053471676243973, 28.330304304059311 ], [ -114.053141298469143, 28.329980227164988 ], [ -114.053067796058926, 28.329816135007494 ], [ -114.053055161528505, 28.329374449068577 ], [ -114.052998995764753, 28.3292150421935 ], [ -114.052749524107341, 28.328912829051706 ], [ -114.052449302934932, 28.328640502229199 ], [ -114.051297754221636, 28.327671850250738 ], [ -114.050916737210883, 28.327381033408638 ], [ -114.050290196575631, 28.326992545113725 ], [ -114.049776155849528, 28.326728377904942 ], [ -114.048003853141864, 28.325884072492538 ], [ -114.047448408973949, 28.32557515871726 ], [ -114.046628628316185, 28.324977878432794 ], [ -114.046012959980843, 28.324433533996107 ], [ -114.043959661961011, 28.322490521107738 ], [ -114.04335605978001, 28.321966188189627 ], [ -114.042592506189266, 28.321462333757101 ], [ -114.042105313891085, 28.321266875718404 ], [ -114.040595305270486, 28.320858584874106 ], [ -114.040143942134222, 28.320713057072222 ], [ -114.039547585061996, 28.320442227160502 ], [ -114.039147010073464, 28.320200855316607 ], [ -114.037874027576251, 28.319345276788265 ], [ -114.037416161595928, 28.319105175739153 ], [ -114.036552426401428, 28.318840287407514 ], [ -114.035776384648926, 28.318701974111242 ], [ -114.033018598052237, 28.318321369090032 ] ], [ [ -114.023140171644968, 28.379995517996608 ], [ -114.023300701557588, 28.379991953931157 ], [ -114.023466860606888, 28.379917233275524 ], [ -114.024081737088082, 28.379572099550344 ], [ -114.024229831510738, 28.379467337175633 ], [ -114.024306064739889, 28.379323581313027 ], [ -114.024266875253019, 28.379222978273582 ], [ -114.024007758861117, 28.378897252922066 ], [ -114.023917835264797, 28.378828218430776 ], [ -114.023757307196234, 28.378831783089684 ], [ -114.023617904709624, 28.378905909900023 ], [ -114.023127885904202, 28.379248269535704 ], [ -114.023006545393471, 28.379352436818827 ], [ -114.022930310320291, 28.379496192087981 ], [ -114.022942743814113, 28.379597389549257 ], [ -114.023077002530229, 28.379925888990257 ], [ -114.023140171644968, 28.379995517996608 ] ] ] ] } },
{ "type": "Feature", "properties": { "fid": 20.0, "cat": 22, "CLAVE_ACUI": "0227", "NOM_ACUIF": "VILLA DE JESÚS MARÍA", "VULNERABIL": 4 }, "geometry": { "type": "MultiPolygon", "coordinates": [ [ [ [ -114.068585513716954, 28.28383621867523 ], [ -114.06860775376029, 28.284102552539427 ], [ -114.068651419099965, 28.284392574978085 ], [ -114.068725035790834, 28.284645201840505 ], [ -114.068832099585094, 28.284876871668924 ], [ -114.068974055115177, 28.285064216376675 ], [ -114.069192838125645, 28.285255981153693 ], [ -114.069423307420323, 28.285396554692102 ], [ -114.070249025558141, 28.285875192085484 ], [ -114.073415158176246, 28.28746129249172 ], [ -114.074292169094861, 28.287928600860539 ], [ -114.075218706096123, 28.288523317804401 ], [ -114.075665315954808, 28.288905608927447 ], [ -114.076822968072378, 28.290094914264962 ], [ -114.077113033814584, 28.290414773338149 ], [ -114.077309006673801, 28.290718150744894 ], [ -114.077298900644749, 28.290831688617462 ], [ -114.077055764981992, 28.291058154628512 ], [ -114.077052116560921, 28.291196914762249 ], [ -114.077278228042815, 28.291617995934661 ], [ -114.077604895370158, 28.292080779458153 ], [ -114.078903256894378, 28.293819345309888 ], [ -114.079246069328846, 28.294444113987407 ], [ -114.079547477305439, 28.29562114421763 ], [ -114.079635246405445, 28.296677848056309 ], [ -114.079743435385637, 28.300432101747255 ], [ -114.07973926372793, 28.3014807332648 ], [ -114.079611593480195, 28.302620094764748 ], [ -114.079433376869162, 28.303199122538995 ], [ -114.078729359169486, 28.304761889276442 ], [ -114.078418347680682, 28.305308398424888 ], [ -114.077782833234295, 28.306148202024684 ], [ -114.077585752210169, 28.306477196517076 ], [ -114.076838370951549, 28.307464801841558 ], [ -114.076184549198572, 28.30818477654757 ], [ -114.073880708999212, 28.310557035853378 ], [ -114.073213348112432, 28.311206273234415 ], [ -114.072402892772118, 28.311863805128272 ], [ -114.071912464813053, 28.312153899977545 ], [ -114.070434250047697, 28.312850137669599 ], [ -114.070036401521847, 28.312970713451548 ], [ -114.069658002764527, 28.312837170924226 ], [ -114.069515283260429, 28.312525820840676 ], [ -114.069227662410128, 28.311206396158674 ], [ -114.06900531990479, 28.310917131540243 ], [ -114.068281785540066, 28.310887727886747 ], [ -114.067471202735575, 28.311130912510496 ], [ -114.064383603204121, 28.31230524190509 ], [ -114.063663380433624, 28.312558199342899 ], [ -114.062998159386126, 28.312824506772973 ], [ -114.062456457606089, 28.313075748221308 ], [ -114.062620215318162, 28.312743088885242 ], [ -114.062703474707035, 28.31235989604243 ], [ -114.062742158154748, 28.311709605656048 ], [ -114.062675670344774, 28.309390768954518 ], [ -114.062779761187784, 28.308622316637138 ], [ -114.063331994286855, 28.307355042226067 ], [ -114.064016797884236, 28.306313100399468 ], [ -114.06666021815002, 28.30271795675128 ], [ -114.067357729797877, 28.301721377729528 ], [ -114.067969460943459, 28.300665841820045 ], [ -114.068145860272338, 28.300154514570082 ], [ -114.068357330656752, 28.298823857742633 ], [ -114.068382402345122, 28.298432626708355 ], [ -114.068287936061026, 28.297937538694534 ], [ -114.068127913442481, 28.297621500912665 ], [ -114.067475614464598, 28.296641743509678 ], [ -114.067179276870604, 28.296369358056424 ], [ -114.066448661685868, 28.29607798330532 ], [ -114.065701263394928, 28.295934116149681 ], [ -114.062944026296464, 28.295554078601146 ], [ -114.06217988496266, 28.295425788358234 ], [ -114.061371122275773, 28.295207169844783 ], [ -114.060979888207996, 28.295023150643743 ], [ -114.059962897342231, 28.294383010745619 ], [ -114.059606038942476, 28.294198216285739 ], [ -114.058957684911007, 28.293975985248046 ], [ -114.058388323284021, 28.293843305559079 ], [ -114.056379662287426, 28.293446348025949 ], [ -114.055756576002963, 28.293238755953098 ], [ -114.054857499300539, 28.292666965092454 ], [ -114.054196194879736, 28.292057712400119 ], [ -114.052009235901423, 28.289786302031398 ], [ -114.051427726319659, 28.289160028055868 ], [ -114.051145823982267, 28.288811572579686 ], [ -114.050962332019594, 28.288563201688689 ], [ -114.050789174862203, 28.288290361166542 ], [ -114.050634009273281, 28.287943984306715 ], [ -114.050518629340019, 28.287623686119154 ], [ -114.050374128406219, 28.287237159050701 ], [ -114.050264773892522, 28.286912941379065 ], [ -114.050458650260509, 28.286744027633564 ], [ -114.051519401601922, 28.285923244809542 ], [ -114.053842219224066, 28.284213891848015 ], [ -114.054503312963845, 28.283747541971962 ], [ -114.055265641159409, 28.283280613981674 ], [ -114.0556935912565, 28.283079925199701 ], [ -114.056928360553712, 28.282610301535037 ], [ -114.05746128924882, 28.282473213220442 ], [ -114.058444452686018, 28.282339646652321 ], [ -114.058815295148079, 28.282232033992251 ], [ -114.059545427525677, 28.28204316367832 ], [ -114.060476898764051, 28.281880216353109 ], [ -114.061077441439153, 28.281836305715121 ], [ -114.062948502340561, 28.281794324937074 ], [ -114.063924038860122, 28.281763627395769 ], [ -114.064467801381369, 28.281783035082963 ], [ -114.064992710974266, 28.281809252937038 ], [ -114.065812392099929, 28.28179766666717 ], [ -114.066421757823008, 28.281783974839524 ], [ -114.066521356783568, 28.281782562095174 ], [ -114.06664336936818, 28.28178979623614 ], [ -114.066782460647815, 28.281819962211806 ], [ -114.066952783116491, 28.281889205848284 ], [ -114.067112626689223, 28.281983467213461 ], [ -114.067221862414613, 28.28202727985807 ], [ -114.067386860956859, 28.282064077257573 ], [ -114.067652780738626, 28.282103055536531 ], [ -114.067899266355411, 28.282125117254601 ], [ -114.067971770523741, 28.282129971895106 ], [ -114.06805520977106, 28.282133427903506 ], [ -114.068218760561749, 28.282132085597492 ], [ -114.068385045428357, 28.282129206397336 ], [ -114.068517340607642, 28.282121050616013 ], [ -114.068538750828694, 28.282867243056845 ], [ -114.068585513716954, 28.28383621867523 ] ] ] ] } },
{ "type": "Feature", "properties": { "fid": 21.0, "cat": 21, "CLAVE_ACUI": "0227", "NOM_ACUIF": "VILLA DE JESÚS MARÍA", "VULNERABIL": 3 }, "geometry": { "type": "MultiPolygon", "coordinates": [ [ [ [ -114.047682268322845, 28.289382979814889 ], [ -114.048093676143012, 28.288935764446929 ], [ -114.049291260261157, 28.287761109907677 ], [ -114.050264773892522, 28.286912941379065 ], [ -114.050374128406219, 28.287237159050701 ], [ -114.050518629340019, 28.287623686119154 ], [ -114.050634009273281, 28.287943984306715 ], [ -114.050789174862203, 28.288290361166542 ], [ -114.050962332019594, 28.288563201688689 ], [ -114.051145823982267, 28.288811572579686 ], [ -114.051427726319659, 28.289160028055868 ], [ -114.052009235901423, 28.289786302031398 ], [ -114.054196194879736, 28.292057712400119 ], [ -114.054857499300539, 28.292666965092454 ], [ -114.055756576002963, 28.293238755953098 ], [ -114.056379662287426, 28.293446348025949 ], [ -114.058388323284021, 28.293843305559079 ], [ -114.058957684911007, 28.293975985248046 ], [ -114.059606038942476, 28.294198216285739 ], [ -114.059962897342231, 28.294383010745619 ], [ -114.060979888207996, 28.295023150643743 ], [ -114.061371122275773, 28.295207169844783 ], [ -114.06217988496266, 28.295425788358234 ], [ -114.062944026296464, 28.295554078601146 ], [ -114.065701263394928, 28.295934116149681 ], [ -114.066448661685868, 28.29607798330532 ], [ -114.067179276870604, 28.296369358056424 ], [ -114.067475614464598, 28.296641743509678 ], [ -114.068127913442481, 28.297621500912665 ], [ -114.068287936061026, 28.297937538694534 ], [ -114.068382402345122, 28.298432626708355 ], [ -114.068357330656752, 28.298823857742633 ], [ -114.068145860272338, 28.300154514570082 ], [ -114.067969460943459, 28.300665841820045 ], [ -114.067357729797877, 28.301721377729528 ], [ -114.06666021815002, 28.30271795675128 ], [ -114.064016797884236, 28.306313100399468 ], [ -114.063331994286855, 28.307355042226067 ], [ -114.062779761187784, 28.308622316637138 ], [ -114.062675670344774, 28.309390768954518 ], [ -114.062742158154748, 28.311709605656048 ], [ -114.062703474707035, 28.31235989604243 ], [ -114.062620215318162, 28.312743088885242 ], [ -114.062456457606089, 28.313075748221308 ], [ -114.062142257732958, 28.313448103341816 ], [ -114.060922996259791, 28.31446990294004 ], [ -114.060596020265564, 28.314796879226343 ], [ -114.060289406358578, 28.315300974269363 ], [ -114.060178363589856, 28.3156941342659 ], [ -114.059966777339483, 28.317024786089267 ], [ -114.059781827798375, 28.317439898761105 ], [ -114.05913031393905, 28.318046437920668 ], [ -114.058384524955684, 28.318497806821846 ], [ -114.055555644133776, 28.319997625330114 ], [ -114.054750495906575, 28.320379275239773 ], [ -114.053822065598439, 28.320660518136901 ], [ -114.053300889663433, 28.320680645795147 ], [ -114.051797171148905, 28.320493325257278 ], [ -114.051318066389214, 28.320380589223134 ], [ -114.050585963112155, 28.320041815983647 ], [ -114.050019208582398, 28.319670589469059 ], [ -114.048106484569075, 28.318276956121366 ], [ -114.047571810798971, 28.317823822938927 ], [ -114.046989365641494, 28.317102851648549 ], [ -114.046691973994697, 28.31652602715041 ], [ -114.045886606507878, 28.314555148121652 ], [ -114.045698235045606, 28.31398095922377 ], [ -114.045624516619043, 28.313272294535576 ], [ -114.045707573649025, 28.312834105678281 ], [ -114.045781321308027, 28.312620492803671 ], [ -114.045815174676008, 28.31240777089042 ], [ -114.045897911297743, 28.312025399269327 ], [ -114.046072251801675, 28.311571641773572 ], [ -114.046238572770136, 28.311305788294362 ], [ -114.046275686117426, 28.31125726210702 ], [ -114.046339470169301, 28.311113554594169 ], [ -114.046674229837421, 28.31065621315734 ], [ -114.046981871957669, 28.310387201870743 ], [ -114.048082767016624, 28.309589153005451 ], [ -114.04849526595315, 28.30937867891576 ], [ -114.049319374099639, 28.309194517144871 ], [ -114.050084172969576, 28.309141900349381 ], [ -114.052829122993316, 28.309080486534473 ], [ -114.053577164473879, 28.309043446205933 ], [ -114.054323078740822, 28.308932036182952 ], [ -114.054640629187148, 28.308809922210536 ], [ -114.055376614226162, 28.308351467303439 ], [ -114.05558487193835, 28.308216578698449 ], [ -114.055820759716312, 28.308045555367396 ], [ -114.055949484778878, 28.307936125078669 ], [ -114.056314313022696, 28.307596473450811 ], [ -114.056407211544766, 28.307437109329932 ], [ -114.056475910915225, 28.307033062210856 ], [ -114.056481154674714, 28.306615216183815 ], [ -114.056436928529592, 28.305069314934563 ], [ -114.056384012929414, 28.304622330263111 ], [ -114.056181298877235, 28.304082302994868 ], [ -114.055944623713714, 28.303757819752771 ], [ -114.055042862450307, 28.302783587722544 ], [ -114.054739186702093, 28.3025214861294 ], [ -114.054223785679127, 28.302272580560359 ], [ -114.053791173522242, 28.302179102231534 ], [ -114.052287718664942, 28.301991766576744 ], [ -114.051807169266496, 28.302026195414147 ], [ -114.051068054935513, 28.30237420708341 ], [ -114.05049272284667, 28.302836937433867 ], [ -114.048546917266165, 28.30464832226 ], [ -114.047940746884336, 28.305035627468857 ], [ -114.047057796978123, 28.305031677499237 ], [ -114.046402618158481, 28.304638728484981 ], [ -114.044228112288351, 28.302808895041959 ], [ -114.043671745021044, 28.302261516406745 ], [ -114.043249828927571, 28.301536939938529 ], [ -114.043203454567845, 28.301049211604269 ], [ -114.043408950990425, 28.299497723522098 ], [ -114.04351739856007, 28.299011614819584 ], [ -114.043817990889792, 28.298294595462799 ], [ -114.044138959008095, 28.297756390370953 ], [ -114.045336196833688, 28.2959617814716 ], [ -114.045554852380391, 28.295585403450229 ], [ -114.045721899345295, 28.295103051497119 ], [ -114.046691741414534, 28.292125145611369 ], [ -114.04698244629823, 28.290973134569494 ], [ -114.047224702933804, 28.290221896657261 ], [ -114.047682268322845, 28.289382979814889 ] ] ] ] } },
{ "type": "Feature", "properties": { "fid": 22.0, "cat": 23, "CLAVE_ACUI": "0227", "NOM_ACUIF": "VILLA DE JESÚS MARÍA", "VULNERABIL": 2 }, "geometry": null },
{ "type": "Feature", "properties": { "fid": 23.0, "cat": 24, "CLAVE_ACUI": "0227", "NOM_ACUIF": "VILLA DE JESÚS MARÍA", "VULNERABIL": 4 }, "geometry": { "type": "MultiPolygon", "coordinates": [ [ [ [ -114.061140362696975, 28.279404783237162 ], [ -114.061090041406729, 28.279450854404526 ], [ -114.06100023205731, 28.279469603443669 ], [ -114.060903616435013, 28.279478712516511 ], [ -114.060807180572709, 28.279455198953325 ], [ -114.060727992372819, 28.279416694039789 ], [ -114.060094840624956, 28.279099414549332 ], [ -114.059929512306198, 28.278996575081752 ], [ -114.059791129998715, 28.2788339389203 ], [ -114.059758769124031, 28.278704441193462 ], [ -114.05974613392722, 28.278262754716355 ], [ -114.059756215525695, 28.278200377060212 ], [ -114.05978016457442, 28.278131561063066 ], [ -114.059824664337441, 28.278073392083833 ], [ -114.059908027534746, 28.278011204670911 ], [ -114.059997563388634, 28.277969612034212 ], [ -114.06012410658883, 28.277918838073962 ], [ -114.060457571352885, 28.27782406312155 ], [ -114.060977158191363, 28.277676389894275 ], [ -114.06101403279348, 28.277762144782915 ], [ -114.061040314117307, 28.277823264140647 ], [ -114.061336540997388, 28.278475830681071 ], [ -114.061292921101767, 28.278779855949608 ], [ -114.061273398491167, 28.278915926126881 ], [ -114.061245423732942, 28.279110906725982 ], [ -114.061205987440346, 28.279273321804268 ], [ -114.061180738431503, 28.27934903879018 ], [ -114.061140362696975, 28.279404783237162 ] ] ] ] } },
{ "type": "Feature", "properties": { "fid": 24.0, "cat": 19, "CLAVE_ACUI": "0227", "NOM_ACUIF": "VILLA DE JESÚS MARÍA", "VULNERABIL": 2 }, "geometry": { "type": "MultiPolygon", "coordinates": [ [ [ [ -114.116215336422144, 28.272719095405456 ], [ -114.115147246903874, 28.274500523606338 ], [ -114.114864990300703, 28.275677333238779 ], [ -114.113789280954279, 28.27773722881059 ], [ -114.112316845646902, 28.280251064687302 ], [ -114.111515776797219, 28.28152324125325 ], [ -114.111225890355342, 28.282707679685096 ], [ -114.111409020615497, 28.283270335320911 ], [ -114.111447196011667, 28.284065683245817 ], [ -114.110867358204288, 28.284504365522857 ], [ -114.110028107668526, 28.284767575538261 ], [ -114.109768710976795, 28.285095633784525 ], [ -114.109097342261222, 28.286270536927752 ], [ -114.10886849453054, 28.287502658048517 ], [ -114.108326829932608, 28.288671839510535 ], [ -114.108181892065531, 28.289409967927629 ], [ -114.107846217968685, 28.29030258895606 ], [ -114.106778128414632, 28.292084018024827 ], [ -114.106160169281068, 28.2933085112934 ], [ -114.105450641264156, 28.294140099328626 ], [ -114.105168375214461, 28.295036534168325 ], [ -114.105145518045731, 28.295994003173483 ], [ -114.104802205389959, 28.296608157759728 ], [ -114.103962960614027, 28.29704302580895 ], [ -114.103634900563577, 28.297485522312741 ], [ -114.103146648813706, 28.298828268202406 ], [ -114.102208272086912, 28.300836665714964 ], [ -114.101208844004233, 28.302448343076733 ], [ -114.100651925367117, 28.303800626233635 ], [ -114.100499383696302, 28.305320751619465 ], [ -114.099911918476892, 28.305812838104103 ], [ -114.099202395062278, 28.306781752381578 ], [ -114.099066519381182, 28.307323220188142 ], [ -114.098828593276309, 28.308271361349892 ], [ -114.098279301899566, 28.309539722432405 ], [ -114.097745260439126, 28.310502914020972 ], [ -114.097302763873628, 28.311172380462477 ], [ -114.096608494793216, 28.311994431335016 ], [ -114.096143116296929, 28.312885146134935 ], [ -114.093259288612543, 28.318065401384246 ], [ -114.091771620258939, 28.321363140667394 ], [ -114.090222907986671, 28.324432002996392 ], [ -114.088674189099478, 28.327331115595044 ], [ -114.087926553039523, 28.329345233967153 ], [ -114.087453550849702, 28.330399977126678 ], [ -114.086492295329109, 28.332751689821325 ], [ -114.085622571633053, 28.334367181664664 ], [ -114.085290654538156, 28.335121166940745 ], [ -114.084737601024216, 28.33637748730747 ], [ -114.084260303453377, 28.3376768484402 ], [ -114.084119574519505, 28.337455810402506 ], [ -114.083779937681854, 28.336891365265974 ], [ -114.083625880806395, 28.336610668296107 ], [ -114.083549600708807, 28.336456015442746 ], [ -114.083485785255007, 28.336301320901981 ], [ -114.083400600247529, 28.335995060574032 ], [ -114.083330926211019, 28.335652816713548 ], [ -114.083330603299387, 28.335648207667266 ], [ -114.08333077969813, 28.335647746487915 ], [ -114.083291888111134, 28.335095610377596 ], [ -114.083234460029971, 28.333108081347998 ], [ -114.083286231198699, 28.332518379491439 ], [ -114.083585252214235, 28.331753966700258 ], [ -114.083960651242293, 28.331251649627312 ], [ -114.085413469001267, 28.329671908755198 ], [ -114.085800606029139, 28.329179468776417 ], [ -114.086154450742953, 28.328461163604732 ], [ -114.08627280831476, 28.327927454023321 ], [ -114.086471299353377, 28.326155114751685 ], [ -114.086556447030659, 28.325662745159025 ], [ -114.086755313008879, 28.325137359662101 ], [ -114.086954259275757, 28.324879178373511 ], [ -114.087683804640065, 28.324199715994052 ], [ -114.087861587459145, 28.324002895274603 ], [ -114.087961700626295, 28.323763862902826 ], [ -114.087926937260335, 28.323619208947246 ], [ -114.087664596676788, 28.32318318913094 ], [ -114.087618960916686, 28.32305907541841 ], [ -114.087668333169603, 28.32291589832656 ], [ -114.087784500466114, 28.322835473284854 ], [ -114.08827724095336, 28.322603332536652 ], [ -114.08840428027959, 28.322502366611825 ], [ -114.088504391117027, 28.322263334001338 ], [ -114.088520367463929, 28.32202282485121 ], [ -114.08849481385684, 28.321139481373173 ], [ -114.088652721801637, 28.320652227516881 ], [ -114.089415167217894, 28.319261717952909 ], [ -114.090346447054344, 28.317762525747856 ], [ -114.093929768881267, 28.312156765081028 ], [ -114.094860930121072, 28.310657550498803 ], [ -114.095623232706814, 28.309267016373088 ], [ -114.095781095105735, 28.308779757454548 ], [ -114.095755495640205, 28.307896418335893 ], [ -114.095782620651349, 28.307645508904937 ], [ -114.095934802339215, 28.307357937357708 ], [ -114.096125079310937, 28.307198030104772 ], [ -114.096860853323051, 28.306739365747621 ], [ -114.097040257959677, 28.306599998280753 ], [ -114.097141709342893, 28.306408283222297 ], [ -114.097107235744318, 28.306273772190742 ], [ -114.096844909152082, 28.305837768709946 ], [ -114.09679927245638, 28.30571365805968 ], [ -114.09684862635288, 28.305570478923084 ], [ -114.096964768361644, 28.305490047898168 ], [ -114.097457409196608, 28.305257881274212 ], [ -114.097616440672127, 28.305075005373315 ], [ -114.097865946530405, 28.304453751941779 ], [ -114.098063350603582, 28.303749122943508 ], [ -114.098735048793415, 28.301082106934381 ], [ -114.098931266702024, 28.300336915904168 ], [ -114.099175266713445, 28.299526374583916 ], [ -114.099327621279542, 28.299113649474378 ], [ -114.099794605830709, 28.297998139821196 ], [ -114.099938735078808, 28.297697218469541 ], [ -114.10014435835285, 28.297408428940617 ], [ -114.100293977000518, 28.29729679378725 ], [ -114.100786573350291, 28.29706461842558 ], [ -114.100902997659105, 28.296994325257987 ], [ -114.100953716078109, 28.296898466812902 ], [ -114.100909746837516, 28.296831819403298 ], [ -114.100653839303789, 28.296616656266806 ], [ -114.100641004210061, 28.296437683797279 ], [ -114.100837012835711, 28.295817642328856 ], [ -114.101129857238604, 28.295110840950418 ], [ -114.102300424823326, 28.292432472231816 ], [ -114.102638487933902, 28.291704346185369 ], [ -114.103045577268531, 28.290984796683347 ], [ -114.103289072790076, 28.290684995042685 ], [ -114.104018293389302, 28.290005468776283 ], [ -114.104305840787347, 28.289643781297457 ], [ -114.104918507042456, 28.288635433427029 ], [ -114.105506189374893, 28.287556622864376 ], [ -114.107635957005996, 28.28353050888229 ], [ -114.108256773980187, 28.282410346406582 ], [ -114.109024232572708, 28.281209047346916 ], [ -114.109499790954317, 28.280613068880523 ], [ -114.110951589135226, 28.279033129482599 ], [ -114.111382489239503, 28.278478751362861 ], [ -114.11194157784459, 28.277471599424793 ], [ -114.112309374785113, 28.276587189434213 ], [ -114.113466641794119, 28.273467092252847 ], [ -114.113801529174665, 28.272634164925496 ], [ -114.114207102734028, 28.271867270874154 ], [ -114.114451609100826, 28.271604635393729 ], [ -114.11518706456819, 28.271145895578972 ], [ -114.115410726328534, 28.270954763131979 ], [ -114.115719028246474, 28.270521553331708 ], [ -114.115935797121878, 28.270093814701767 ], [ -114.116279083548918, 28.269288615214858 ], [ -114.11657697737796, 28.268662147461278 ], [ -114.116810951793781, 28.268230032239529 ], [ -114.116920038197989, 28.268055627430261 ], [ -114.117002539991091, 28.26792978389469 ], [ -114.117113792708224, 28.267766816602837 ], [ -114.117219613295575, 28.267627636592213 ], [ -114.117699818162336, 28.267296643326798 ], [ -114.118151400868712, 28.266939377882558 ], [ -114.120359536231334, 28.265004288350308 ], [ -114.120228285640806, 28.265641065140233 ], [ -114.119617954769737, 28.266810245893691 ], [ -114.119465396194983, 28.267826841699144 ], [ -114.11848120653633, 28.268816737425968 ], [ -114.118000579456975, 28.269997362389404 ], [ -114.117207128584141, 28.270935759965028 ], [ -114.116856208698991, 28.272228915287524 ], [ -114.116215336422144, 28.272719095405456 ] ] ] ] } },
{ "type": "Feature", "properties": { "fid": 25.0, "cat": 27, "CLAVE_ACUI": "0227", "NOM_ACUIF": "VILLA DE JESÚS MARÍA", "VULNERABIL": 2 }, "geometry": null },
{ "type": "Feature", "properties": { "fid": 26.0, "cat": 26, "CLAVE_ACUI": "0227", "NOM_ACUIF": "VILLA DE JESÚS MARÍA", "VULNERABIL": 1 }, "geometry": { "type": "MultiPolygon", "coordinates": [ [ [ [ -114.117699818162336, 28.267296643326798 ], [ -114.117219613295575, 28.267627636592213 ], [ -114.116915772616281, 28.267806808787928 ], [ -114.116653282345496, 28.267957414043661 ], [ -114.116367322022683, 28.268110209602405 ], [ -114.116087280550516, 28.268250557568532 ], [ -114.115662051026391, 28.268433703837339 ], [ -114.11306872193019, 28.269376784498103 ], [ -114.112359558055147, 28.269622953859301 ], [ -114.111643484158208, 28.269828689218766 ], [ -114.111329688069844, 28.269876429841268 ], [ -114.110581381705074, 28.269893483725621 ], [ -114.110357298083287, 28.269873222273173 ], [ -114.1100598816206, 28.269761617001851 ], [ -114.109859084975156, 28.269622442382694 ], [ -114.109219453972884, 28.269084564369912 ], [ -114.109143470516287, 28.268901957603426 ], [ -114.109428507164836, 28.268587672569605 ], [ -114.109911683452481, 28.268321299471836 ], [ -114.111881448441025, 28.267392494635324 ], [ -114.112358738486847, 28.267121174139042 ], [ -114.112616348130089, 28.266783832135456 ], [ -114.112507074398664, 28.266573236640998 ], [ -114.111739527230696, 28.265927796796525 ], [ -114.111545094184549, 28.265744508930283 ], [ -114.111405281883989, 28.265534608382122 ], [ -114.111399982522812, 28.265418038604075 ], [ -114.11151506374253, 28.265083946938507 ], [ -114.111636633356326, 28.264994926587754 ], [ -114.112088876873983, 28.264913589104509 ], [ -114.112613369204254, 28.264886411432791 ], [ -114.114608754248579, 28.264840903010398 ], [ -114.115156150766893, 28.26481319304914 ], [ -114.115715284958682, 28.264729404617448 ], [ -114.115966651599962, 28.264637418302545 ], [ -114.116580559892171, 28.264291937118617 ], [ -114.116739414712427, 28.26417162039294 ], [ -114.116866831132199, 28.26395562496921 ], [ -114.116890000035767, 28.263767376937032 ], [ -114.116870705856073, 28.263104881548657 ], [ -114.116817511641742, 28.262852421490908 ], [ -114.116588567227907, 28.262336769629762 ], [ -114.116314699980961, 28.26185258355353 ], [ -114.115265617804923, 28.2601086939761 ], [ -114.11506077327337, 28.259633076740581 ], [ -114.115153891893442, 28.259157425978366 ], [ -114.115491760186572, 28.258953541903839 ], [ -114.116975351766925, 28.258477724484738 ], [ -114.117372247714471, 28.258333370425024 ], [ -114.117740845234081, 28.258135544205658 ], [ -114.117870517884953, 28.257997290208287 ], [ -114.118107059157353, 28.257549931479847 ], [ -114.118145407978801, 28.257423909689425 ], [ -114.118087829087415, 28.257283166874732 ], [ -114.117967224911126, 28.257208127403402 ], [ -114.11746198532343, 28.256998684807019 ], [ -114.117329929658098, 28.256923906173412 ], [ -114.117218908543464, 28.256784382977735 ], [ -114.117192362530545, 28.256659842871905 ], [ -114.117179502246302, 28.256218178956725 ], [ -114.117215205030746, 28.256066850322348 ], [ -114.117394677619146, 28.255802313858368 ], [ -114.117615363530518, 28.255575733016023 ], [ -114.118091877091658, 28.255131464447356 ], [ -114.118294232679631, 28.254942801973169 ], [ -114.118456108965631, 28.254809099719299 ], [ -114.118629018401862, 28.254681234868951 ], [ -114.118783993303367, 28.254581608684916 ], [ -114.118890239250419, 28.254492316536862 ], [ -114.119197066805427, 28.254514203324376 ], [ -114.119563934474158, 28.25458530731197 ], [ -114.120823796862354, 28.254998476503253 ], [ -114.121220035863459, 28.2550942720009 ], [ -114.121483412971997, 28.255109416499611 ], [ -114.121959869361007, 28.255421703250988 ], [ -114.122722830731689, 28.255374018542849 ], [ -114.123813867595445, 28.255343498926415 ], [ -114.123890147039958, 28.254839970024346 ], [ -114.124408953425004, 28.254571037602574 ], [ -114.124767559281153, 28.254965849605973 ], [ -114.12482861737783, 28.255589539435608 ], [ -114.124935447595121, 28.256043478526699 ], [ -114.125316943138841, 28.256447826683303 ], [ -114.12535511366714, 28.257124921675178 ], [ -114.124447203470282, 28.257611286716497 ], [ -114.123928403758896, 28.258051876285599 ], [ -114.123897917356913, 28.259007437905353 ], [ -114.123051055819431, 28.259837118891078 ], [ -114.122646716473781, 28.260786960057679 ], [ -114.122242372443381, 28.26157086454117 ], [ -114.121693085425136, 28.262967014825797 ], [ -114.121212456235128, 28.2640846993806 ], [ -114.120434252520781, 28.264635912833484 ], [ -114.120359536231334, 28.265004288350308 ], [ -114.118151400868712, 28.266939377882558 ], [ -114.117699818162336, 28.267296643326798 ] ] ] ] } },
{ "type": "Feature", "properties": { "fid": 27.0, "cat": 29, "CLAVE_ACUI": "0227", "NOM_ACUIF": "VILLA DE JESÚS MARÍA", "VULNERABIL": 4 }, "geometry": null },
{ "type": "Feature", "properties": { "fid": 29.0, "cat": 25, "CLAVE_ACUI": "0227", "NOM_ACUIF": "VILLA DE JESÚS MARÍA", "VULNERABIL": 2 }, "geometry": { "type": "MultiPolygon", "coordinates": [ [ [ [ -114.088221683587108, 28.25219833921825 ], [ -114.088157505751738, 28.252525736607012 ], [ -114.088143644091957, 28.252416059750718 ], [ -114.087645379417879, 28.252008518249895 ], [ -114.08757191470059, 28.251925528470924 ], [ -114.087759134455411, 28.251921296046515 ], [ -114.088013718214299, 28.251940907434118 ], [ -114.088204179614536, 28.252054983868305 ], [ -114.088221683587108, 28.25219833921825 ] ] ], [ [ [ -114.081705927390999, 28.255390825605691 ], [ -114.081836210676585, 28.255095923032062 ], [ -114.081802856560032, 28.254824586017545 ], [ -114.081595193677217, 28.254594628072145 ], [ -114.081342629580718, 28.254517063939154 ], [ -114.081133845108681, 28.25470203848457 ], [ -114.080850036760467, 28.253902141204634 ], [ -114.080601653257034, 28.253671311489498 ], [ -114.08053446008698, 28.253146668383923 ], [ -114.08062303598544, 28.252886958540884 ], [ -114.080971156951648, 28.252822233377895 ], [ -114.081302216504113, 28.253009725311351 ], [ -114.081508647445801, 28.253284761266617 ], [ -114.081833567452577, 28.253697641075277 ], [ -114.082172355877361, 28.253975504366405 ], [ -114.082515702472591, 28.253712215500752 ], [ -114.082645981116215, 28.253417311772647 ], [ -114.082652121301905, 28.253191922585028 ], [ -114.082538053681361, 28.252891798947104 ], [ -114.082300967292625, 28.252246256153271 ], [ -114.081885649080292, 28.251786341953299 ], [ -114.081514113984795, 28.251588965804157 ], [ -114.0814228695927, 28.251199121050043 ], [ -114.082585588653387, 28.250772922801048 ], [ -114.082833970641389, 28.251003748808216 ], [ -114.08287084040299, 28.251295588457964 ], [ -114.082884250971034, 28.25140173873697 ], [ -114.083123304020674, 28.251975156125333 ], [ -114.0833805307944, 28.252229492153987 ], [ -114.084988246330781, 28.253819139991979 ], [ -114.085504114374018, 28.254459816197127 ], [ -114.085727297605104, 28.254736995967079 ], [ -114.086097870608825, 28.254970424319485 ], [ -114.086295975890124, 28.254803255545596 ], [ -114.086500212960615, 28.254410696513517 ], [ -114.086380122186526, 28.253957092884797 ], [ -114.086271685224233, 28.253449612843387 ], [ -114.086345036834317, 28.253000136295356 ], [ -114.086847960205318, 28.25323638604538 ], [ -114.087292986892294, 28.253354128374411 ], [ -114.087933288351778, 28.253034012336787 ], [ -114.088180635223566, 28.252825280652001 ], [ -114.088230286113074, 28.252983820433862 ], [ -114.088379117019045, 28.252977236247748 ], [ -114.088999434826988, 28.252852715009187 ], [ -114.08917846074452, 28.252835135818007 ], [ -114.08939359834244, 28.252877622262091 ], [ -114.089521912074559, 28.252955896453432 ], [ -114.089905573208981, 28.253278689009679 ], [ -114.089994829602915, 28.253393361403663 ], [ -114.09002769701128, 28.253605707445161 ], [ -114.089985393789974, 28.253794386597896 ], [ -114.089755109727392, 28.254462543150876 ], [ -114.089633517824765, 28.254683457616743 ], [ -114.089296373160693, 28.255046234963604 ], [ -114.088936328513753, 28.255343573230444 ], [ -114.088334074510769, 28.25580310474616 ], [ -114.087593250351887, 28.256368367985463 ], [ -114.087117501617641, 28.256627729547496 ], [ -114.086240432686921, 28.256813292350365 ], [ -114.085463227408098, 28.256819018011225 ], [ -114.084827269108629, 28.256782275703998 ], [ -114.083140545605005, 28.256684825740333 ], [ -114.08271334215253, 28.256660144184149 ], [ -114.082077578066517, 28.25665624884185 ], [ -114.081934907272995, 28.256333882835083 ], [ -114.081614157058951, 28.255767738337045 ], [ -114.081705927390999, 28.255390825605691 ] ] ], [ [ [ -114.056427254349103, 28.232936980446301 ], [ -114.056233491433517, 28.232440511907861 ], [ -114.056355624721306, 28.232448091218352 ], [ -114.057690473777697, 28.232575419327507 ], [ -114.057846092852117, 28.232590263464676 ], [ -114.057841349726914, 28.232624651561704 ], [ -114.058128124216822, 28.232937531289483 ], [ -114.058636081115154, 28.232984550577822 ], [ -114.058964811793516, 28.233253228311629 ], [ -114.058957637373965, 28.233514674985333 ], [ -114.058399806404054, 28.233800349796589 ], [ -114.05755791891805, 28.233673972346025 ], [ -114.056884096446154, 28.233361775168252 ], [ -114.056427254349103, 28.232936980446301 ] ] ], [ [ [ -114.062582704572137, 28.248404710471743 ], [ -114.062156115417835, 28.24835945224682 ], [ -114.061744900752998, 28.248125088215392 ], [ -114.061237117503737, 28.248069059713643 ], [ -114.061245280135523, 28.247771551458353 ], [ -114.061510177027913, 28.247398380385242 ], [ -114.061303562959509, 28.24713233404103 ], [ -114.060867579436646, 28.247429657411672 ], [ -114.060493134022479, 28.247340412685496 ], [ -114.060207059853624, 28.247000488919348 ], [ -114.060098253228972, 28.246686157277598 ], [ -114.060416859234337, 28.246359331197745 ], [ -114.060758424076681, 28.245856373938786 ], [ -114.060847635792229, 28.245527747398103 ], [ -114.060822391731733, 28.244644371026951 ], [ -114.060721313671721, 28.244315157729023 ], [ -114.060274862887425, 28.243662204281371 ], [ -114.059738158761775, 28.243058624821888 ], [ -114.057680038143999, 28.240894852161286 ], [ -114.057119882135495, 28.240271490923817 ], [ -114.056563894949605, 28.239526265831266 ], [ -114.05632977965017, 28.239085021731565 ], [ -114.05579323273821, 28.237771107441205 ], [ -114.055650586745969, 28.237322741992021 ], [ -114.055521444991072, 28.236544286011583 ], [ -114.055479602387123, 28.235880571623724 ], [ -114.055477963739108, 28.235823106723668 ], [ -114.055421888886485, 28.23385652968944 ], [ -114.055408695103054, 28.233393805721125 ], [ -114.055388681964686, 28.233052421491418 ], [ -114.05537598168759, 28.232762157700115 ], [ -114.055375731469127, 28.232555924462662 ], [ -114.055386983427468, 28.2323714634826 ], [ -114.05544057201422, 28.232405300111463 ], [ -114.055520347698817, 28.232429529024817 ], [ -114.05563435094669, 28.232445576700833 ], [ -114.055755060146495, 28.232452323774382 ], [ -114.055908573288633, 28.232460904433207 ], [ -114.05595506220449, 28.233071137939834 ], [ -114.056322052065823, 28.233800702625633 ], [ -114.057062948861414, 28.2346375491231 ], [ -114.057512621812975, 28.235323788620107 ], [ -114.058889984690524, 28.237464296461521 ], [ -114.060176202168392, 28.2388450902396 ], [ -114.061029920502961, 28.240027133843284 ], [ -114.061778064771772, 28.240602513035665 ], [ -114.062278644891137, 28.240919984119987 ], [ -114.062479071509259, 28.24141141399878 ], [ -114.063224020671811, 28.242103986980897 ], [ -114.063729059729667, 28.242259175817512 ], [ -114.064151426086752, 28.242457689748154 ], [ -114.064397524217995, 28.242769684071341 ], [ -114.06433328440049, 28.243255423584191 ], [ -114.064119555521032, 28.243620680429704 ], [ -114.063935129758974, 28.244031670416891 ], [ -114.063993838297151, 28.244862840384961 ], [ -114.063773878207016, 28.24508363064357 ], [ -114.063797102297357, 28.246094452494539 ], [ -114.063641034343732, 28.246957088077902 ], [ -114.063463767439302, 28.247106629478289 ], [ -114.063261149711707, 28.247066190135087 ], [ -114.063099454886554, 28.246647759652841 ], [ -114.062805215777828, 28.246605349580804 ], [ -114.062501829311657, 28.24689650919138 ], [ -114.062533155570833, 28.247239970675292 ], [ -114.06242818126907, 28.24772483237523 ], [ -114.062727411805639, 28.247956786098896 ], [ -114.0627997077233, 28.248292107888414 ], [ -114.062582704572137, 28.248404710471743 ] ] ], [ [ [ -114.059924231554618, 28.249511181324813 ], [ -114.060011862490171, 28.249287549809047 ], [ -114.060353015233645, 28.249105458042859 ], [ -114.060728492852903, 28.249528492318728 ], [ -114.060799545947305, 28.249908891688403 ], [ -114.060711915977393, 28.250132523777243 ], [ -114.060200907191586, 28.25019369084691 ], [ -114.059898493049616, 28.250448781691482 ], [ -114.059511630063454, 28.25044045287688 ], [ -114.059291648847022, 28.250661234201665 ], [ -114.059378076142323, 28.250852530114642 ], [ -114.059707849526959, 28.251085148149482 ], [ -114.059998881545525, 28.25124476574133 ], [ -114.060296348612198, 28.251169982647053 ], [ -114.060398120406589, 28.250802323861258 ], [ -114.060813547607523, 28.250883430719995 ], [ -114.061154494785981, 28.251080203013597 ], [ -114.061700294037692, 28.251236278425417 ], [ -114.062168606283223, 28.251246353296267 ], [ -114.062378197121703, 28.251404214069716 ], [ -114.062623318769994, 28.251752274014724 ], [ -114.063171101909319, 28.251836220655768 ], [ -114.063796130316717, 28.252075178351198 ], [ -114.064173856136136, 28.252417066008878 ], [ -114.064546345972559, 28.252578425508304 ], [ -114.064751989369867, 28.252880529836293 ], [ -114.065138862986203, 28.252888844475496 ], [ -114.065387208789616, 28.253119699750084 ], [ -114.065370655680383, 28.253723733418191 ], [ -114.065563898948582, 28.254106756885836 ], [ -114.06550563364209, 28.254745977166735 ], [ -114.065201240383843, 28.255073203000762 ], [ -114.064682794530498, 28.255404847873443 ], [ -114.064554442277768, 28.255627607155617 ], [ -114.064746943880081, 28.25603767798243 ], [ -114.06578508628634, 28.257187580744173 ], [ -114.066393601485942, 28.2580305629041 ], [ -114.066294610949711, 28.25866890844619 ], [ -114.066021545013854, 28.259339596471559 ], [ -114.065628470245599, 28.259556668144679 ], [ -114.065288278732012, 28.259702709367712 ], [ -114.064819928218739, 28.259692642433603 ], [ -114.0645174951011, 28.259947742024906 ], [ -114.064300715901283, 28.260051330131724 ], [ -114.064246639404246, 28.260537286624253 ], [ -114.064822588852181, 28.261081891676689 ], [ -114.065363254483387, 28.261427280180079 ], [ -114.066080966672871, 28.261632139477296 ], [ -114.066578688960419, 28.262057787324235 ], [ -114.067303570904187, 28.262001193174374 ], [ -114.067822043503085, 28.261669540399001 ], [ -114.068507183308981, 28.26157600321827 ], [ -114.068978752555168, 28.261468857327319 ], [ -114.069242428286969, 28.261140749655084 ], [ -114.069790266539329, 28.261224673582905 ], [ -114.070074186069647, 28.261645720831172 ], [ -114.070621041016963, 28.261765703490379 ], [ -114.071049662570758, 28.26173881571442 ], [ -114.071139256652756, 28.261443052705452 ], [ -114.070847192710005, 28.261319517631915 ], [ -114.070720010647065, 28.261127353352354 ], [ -114.070655825492295, 28.260494523606507 ], [ -114.07041682664709, 28.259921088551398 ], [ -114.070174622759254, 28.259464854189368 ], [ -114.070313150710589, 28.259242307650876 ], [ -114.070519741749692, 28.259138490985563 ], [ -114.070587176944557, 28.258535547148497 ], [ -114.070254328831737, 28.258041285344863 ], [ -114.06997362410857, 28.257503037961989 ], [ -114.070235312501495, 28.257247050940446 ], [ -114.070531558293212, 28.257217323613627 ], [ -114.070953009164754, 28.257451883314474 ], [ -114.071577103637196, 28.257726870807897 ], [ -114.072216313613836, 28.257821764432435 ], [ -114.072581933623098, 28.258235537600331 ], [ -114.0727834198685, 28.258690895268771 ], [ -114.07312540130107, 28.258851579006635 ], [ -114.073353322844468, 28.259830707084006 ], [ -114.073240984857406, 28.260586043523311 ], [ -114.073471867236492, 28.261456985751995 ], [ -114.074096070466069, 28.262101816955617 ], [ -114.074919484968405, 28.262913287476966 ], [ -114.075973234507771, 28.263125294841984 ], [ -114.076531431970153, 28.262830541640163 ], [ -114.076417374291736, 28.262530413768246 ], [ -114.076038588438053, 28.262224616901129 ], [ -114.075294407134265, 28.261496037091419 ], [ -114.074853716853198, 28.260846121916533 ], [ -114.074573886452896, 28.259901966584973 ], [ -114.074690155335631, 28.259002380297662 ], [ -114.07462118444603, 28.258170991555083 ], [ -114.074556237149437, 28.257565208308971 ], [ -114.074095036805744, 28.25729372453285 ], [ -114.073250967825686, 28.257239553042016 ], [ -114.072580154691764, 28.256810218572252 ], [ -114.071742255149957, 28.256530651167939 ], [ -114.07153658496793, 28.256228555526935 ], [ -114.071205781951974, 28.256032025029882 ], [ -114.070865785472733, 28.255799213553779 ], [ -114.071046017790593, 28.255541477354111 ], [ -114.071438081227527, 28.255360449934539 ], [ -114.07170099338596, 28.255059381997444 ], [ -114.071739946302273, 28.25363493648053 ], [ -114.071949729433868, 28.253413915417251 ], [ -114.072369197828323, 28.253720593839649 ], [ -114.072607210916203, 28.254330087620048 ], [ -114.072713933542971, 28.255270535241504 ], [ -114.07304054799954, 28.255620325410909 ], [ -114.073465202423293, 28.255737675977084 ], [ -114.073845850099758, 28.255601500662976 ], [ -114.074059655829188, 28.255606081908752 ], [ -114.074658133090324, 28.256818666953887 ], [ -114.075161043723298, 28.257054959094571 ], [ -114.075337328487706, 28.256941464709413 ], [ -114.07522845053964, 28.256452010756913 ], [ -114.074771439890725, 28.25602726594094 ], [ -114.074745000096854, 28.255503494523079 ], [ -114.074707393974975, 28.25501556699551 ], [ -114.07513598850386, 28.254988664265603 ], [ -114.075387563145668, 28.255102301660948 ], [ -114.075498250337958, 28.255898500788245 ], [ -114.075742687175392, 28.256273587424086 ], [ -114.076236243248871, 28.256852465001263 ], [ -114.076560905086495, 28.257274371985915 ], [ -114.076860350246633, 28.257127429091128 ], [ -114.077003045458625, 28.256751610641569 ], [ -114.077519249833813, 28.256501056337186 ], [ -114.078031269464702, 28.256403763838296 ], [ -114.078550667796364, 28.25603600342798 ], [ -114.077897306013682, 28.254966591554812 ], [ -114.077641545804127, 28.255006222537052 ], [ -114.077430939409325, 28.254884445180988 ], [ -114.077480768276999, 28.254551742351047 ], [ -114.077491102486718, 28.25417309032267 ], [ -114.076923238326813, 28.253331024055111 ], [ -114.076475339058291, 28.252572711054661 ], [ -114.076198551737264, 28.251890226557933 ], [ -114.075667246984622, 28.251202292043104 ], [ -114.074958690220512, 28.25066391293279 ], [ -114.074084457488311, 28.249851357846829 ], [ -114.073760810991629, 28.249393384962218 ], [ -114.073730433722886, 28.249013861413655 ], [ -114.07373856200455, 28.248716349863194 ], [ -114.074168116192013, 28.248653386275137 ], [ -114.074417459094363, 28.248848163927828 ], [ -114.074965241332862, 28.248932062820703 ], [ -114.075301201218664, 28.248939257467981 ], [ -114.07543773395092, 28.2487888277373 ], [ -114.075856122824177, 28.248761702858314 ], [ -114.076450625911448, 28.248999949536152 ], [ -114.077113197973404, 28.249356920816851 ], [ -114.078269658427857, 28.250653597706737 ], [ -114.079296744803898, 28.251839249711598 ], [ -114.079452364063755, 28.252483054589121 ], [ -114.07954576969999, 28.253540485741524 ], [ -114.079616992389759, 28.254290735236037 ], [ -114.079808322535982, 28.254745866704585 ], [ -114.080349852160921, 28.255434005738138 ], [ -114.081135740675293, 28.256127366251857 ], [ -114.081674251289002, 28.256700793419714 ], [ -114.081257595363866, 28.256769984738082 ], [ -114.079865940874711, 28.257670339651597 ], [ -114.079454455273108, 28.258039845251623 ], [ -114.079126792505974, 28.258733860608402 ], [ -114.079070190600078, 28.259355806381489 ], [ -114.079133717852756, 28.261564204431867 ], [ -114.079173447184687, 28.262148462481939 ], [ -114.079295319988319, 28.262666602369073 ], [ -114.079429694363867, 28.262822544091563 ], [ -114.079934902230988, 28.263032131151466 ], [ -114.080078980284028, 28.263126970203583 ], [ -114.080246136010928, 28.263359966457713 ], [ -114.080340852039811, 28.263597979254577 ], [ -114.08061570713086, 28.264475708939571 ], [ -114.080702182766771, 28.264825526152368 ], [ -114.080830878918547, 28.265580277199756 ], [ -114.080928255897803, 28.266308675662405 ], [ -114.081253997935633, 28.268953115874591 ], [ -114.081288240294512, 28.269677864963178 ], [ -114.08112228113005, 28.270415588878802 ], [ -114.08085095205881, 28.270744730832917 ], [ -114.079750699827983, 28.271542998099235 ], [ -114.079373357017815, 28.271773057616276 ], [ -114.078712684074034, 28.272048404300719 ], [ -114.078146208170736, 28.272211696086838 ], [ -114.076163316538953, 28.272698362853401 ], [ -114.075580671117109, 28.272897523904298 ], [ -114.074844559524635, 28.273340289909161 ], [ -114.074375615761696, 28.273773652560347 ], [ -114.072923301363872, 28.275353240184035 ], [ -114.072522486888545, 28.275764769006251 ], [ -114.072104357700965, 28.276105656108601 ], [ -114.07190784710042, 28.276181109453294 ], [ -114.071408928276767, 28.27619233751701 ], [ -114.071249451538449, 28.276160410900246 ], [ -114.071004146191768, 28.27600019275728 ], [ -114.070813187261052, 28.275803236199504 ], [ -114.07016735620816, 28.275044321708585 ], [ -114.070009600434119, 28.274806028117212 ], [ -114.06991923259281, 28.274452908109925 ], [ -114.069947890757192, 28.274186744752654 ], [ -114.070171994429458, 28.273297769059447 ], [ -114.070269378614981, 28.273030059834319 ], [ -114.070499735421592, 28.272669725744937 ], [ -114.070731431856629, 28.272422671749428 ], [ -114.071582318343616, 28.271630084691008 ], [ -114.071922388737462, 28.271365369445466 ], [ -114.072658501218598, 28.27092261922671 ], [ -114.073370017161636, 28.270554831930472 ], [ -114.075954276802079, 28.269281216626062 ], [ -114.076589423512573, 28.268849177727407 ], [ -114.076969218343777, 28.268106638015134 ], [ -114.076876641379883, 28.267477907922391 ], [ -114.076194620572849, 28.265636717954376 ], [ -114.07552328954867, 28.264166594341656 ], [ -114.075286592093221, 28.263706846292099 ], [ -114.074981064509302, 28.263311222341237 ], [ -114.074781292443276, 28.263205793548948 ], [ -114.074154549482614, 28.263109415200535 ], [ -114.073979432695637, 28.263064313250364 ], [ -114.073788963704629, 28.262950217452836 ], [ -114.073691982011866, 28.262832325533438 ], [ -114.073429870907319, 28.262396258800489 ], [ -114.073235391817164, 28.262275487583857 ], [ -114.07258993321841, 28.262147953798344 ], [ -114.071862328619616, 28.262086530803266 ], [ -114.069112299965482, 28.261927391811088 ], [ -114.068363825442503, 28.261937449695296 ], [ -114.067620969393232, 28.262143557218639 ], [ -114.067308220044325, 28.262427941628221 ], [ -114.066591572447436, 28.263548962002979 ], [ -114.066358700378672, 28.263821403157653 ], [ -114.065988619619091, 28.263971775947248 ], [ -114.065692806092017, 28.263914152763856 ], [ -114.064682428865709, 28.263494867413659 ], [ -114.064376099617348, 28.263270047570892 ], [ -114.063956939036174, 28.262640177542476 ], [ -114.063664469823593, 28.261965182908419 ], [ -114.062718801190968, 28.259445072451943 ], [ -114.062390540736772, 28.25872014037909 ], [ -114.061888883806589, 28.257981737218028 ], [ -114.061564539639562, 28.257688420118392 ], [ -114.060292192704637, 28.256833000491103 ], [ -114.059889221031526, 28.256500405724907 ], [ -114.059281026355833, 28.255803722609564 ], [ -114.058839645291201, 28.255175895801376 ], [ -114.058381236754158, 28.254616349758315 ], [ -114.058024677040152, 28.254035791532189 ], [ -114.057712658872958, 28.253454234812349 ], [ -114.057249303313654, 28.252745277746694 ], [ -114.056863332515476, 28.25207066588737 ], [ -114.05662794119678, 28.251318268870669 ], [ -114.056677634085389, 28.250918029139623 ], [ -114.057144917931751, 28.249802640583876 ], [ -114.057344643557457, 28.249439631438324 ], [ -114.057809414984646, 28.248860977171987 ], [ -114.05827364622904, 28.248397336438721 ], [ -114.059261314195808, 28.247471067470709 ], [ -114.059296839956573, 28.247504096084342 ], [ -114.059366897191481, 28.247920557363653 ], [ -114.059276296093728, 28.248252373111676 ], [ -114.059013369799004, 28.248553416003819 ], [ -114.059084663936716, 28.248924800427247 ], [ -114.05928805730899, 28.249308049909921 ], [ -114.059705243221103, 28.249695902000557 ], [ -114.059924231554618, 28.249511181324813 ] ] ] ] } },
{ "type": "Feature", "properties": { "fid": 30.0, "cat": 31, "CLAVE_ACUI": "0227", "NOM_ACUIF": "VILLA DE JESÚS MARÍA", "VULNERABIL": 2 }, "geometry": { "type": "MultiPolygon", "coordinates": [ [ [ [ -114.119135875165057, 28.254055002946146 ], [ -114.119148404692893, 28.25387095971616 ], [ -114.119143219166375, 28.253692964599733 ], [ -114.119128547179969, 28.253189333250042 ], [ -114.119113943680063, 28.25305503069287 ], [ -114.119663266356326, 28.253477215284814 ], [ -114.119898937345852, 28.253658341360335 ], [ -114.120533084435223, 28.25414571816405 ], [ -114.121334225186899, 28.255011633428953 ], [ -114.121483412971997, 28.255109416499611 ], [ -114.121220035863459, 28.2550942720009 ], [ -114.120823796862354, 28.254998476503253 ], [ -114.119563934474158, 28.25458530731197 ], [ -114.119197066805427, 28.254514203324376 ], [ -114.118890239250419, 28.254492316536862 ], [ -114.119006227144865, 28.254374321742432 ], [ -114.119067817619793, 28.254296254665402 ], [ -114.11911214956892, 28.254199895616502 ], [ -114.119135875165057, 28.254055002946146 ] ] ] ] } },
{ "type": "Feature", "properties": { "fid": 31.0, "cat": 32, "CLAVE_ACUI": "0227", "NOM_ACUIF": "VILLA DE JESÚS MARÍA", "VULNERABIL": 2 }, "geometry": null },
{ "type": "Feature", "properties": { "fid": 32.0, "cat": 33, "CLAVE_ACUI": "0227", "NOM_ACUIF": "VILLA DE JESÚS MARÍA", "VULNERABIL": 2 }, "geometry": { "type": "MultiPolygon", "coordinates": [ [ [ [ -114.116481631868098, 28.250678241652682 ], [ -114.116551552314064, 28.250895863016286 ], [ -114.116107849174654, 28.250809488376749 ], [ -114.115538484714449, 28.250717897831734 ], [ -114.114886949973254, 28.250633467402263 ], [ -114.114859010263402, 28.250221845839764 ], [ -114.114855467123846, 28.249972745425914 ], [ -114.11481811992509, 28.249542349613009 ], [ -114.114705207851443, 28.248844864470893 ], [ -114.114677148529751, 28.248581590563205 ], [ -114.114651705036479, 28.248179899599759 ], [ -114.114658049824641, 28.24776197165837 ], [ -114.115268448309834, 28.248568761076946 ], [ -114.11540641153799, 28.24881509607215 ], [ -114.115561748005362, 28.249063134969994 ], [ -114.115749144236617, 28.249427049407849 ], [ -114.116123022039076, 28.250165176712365 ], [ -114.116481631868098, 28.250678241652682 ] ] ] ] } },
{ "type": "Feature", "properties": { "fid": 34.0, "cat": 28, "CLAVE_ACUI": "0227", "NOM_ACUIF": "VILLA DE JESÚS MARÍA", "VULNERABIL": 1 }, "geometry": { "type": "MultiPolygon", "coordinates": [ [ [ [ -114.093868012136511, 28.250897981613729 ], [ -114.094095331609381, 28.250172386578939 ], [ -114.095016315258917, 28.24749973974307 ], [ -114.095243621839472, 28.246774143667633 ], [ -114.095339306915022, 28.246285831120911 ], [ -114.095347013265098, 28.245897540744718 ], [ -114.095272239219412, 28.245562533732958 ], [ -114.095087313093003, 28.245110177164637 ], [ -114.094994392718988, 28.24493470827375 ], [ -114.094829290504592, 28.244772713152049 ], [ -114.094686350410868, 28.244716760380335 ], [ -114.094350099638532, 28.244650361952868 ], [ -114.094168222086992, 28.244654811310738 ], [ -114.093957744863204, 28.24474226215737 ], [ -114.093790904050564, 28.244956371594331 ], [ -114.093829001893781, 28.243485836439159 ], [ -114.09402734971691, 28.242814463907624 ], [ -114.09487422660213, 28.242444443559616 ], [ -114.095263320572158, 28.241939006373055 ], [ -114.09637721247563, 28.240897612423648 ], [ -114.097079134836719, 28.240794616210426 ], [ -114.097971802756163, 28.240813687336594 ], [ -114.098414316360589, 28.240653472700483 ], [ -114.098429564310408, 28.240319693612257 ], [ -114.098696582118336, 28.239757036764598 ], [ -114.099459546500398, 28.239772293365235 ], [ -114.100291179446103, 28.239854305067752 ], [ -114.10149665834507, 28.23976275124836 ], [ -114.102511406372997, 28.239955387576448 ], [ -114.103465113213616, 28.240027862768887 ], [ -114.103983913816819, 28.239591087953148 ], [ -114.104624803851038, 28.23960253001 ], [ -114.105189408252429, 28.239957288416033 ], [ -114.10580742983187, 28.24058479093955 ], [ -114.106372038758735, 28.241046358678869 ], [ -114.106753519137413, 28.241000582313152 ], [ -114.107012919406287, 28.240781240744422 ], [ -114.107525478650373, 28.2408783945279 ], [ -114.107707220540718, 28.240912843057444 ], [ -114.108332856866213, 28.241088314445076 ], [ -114.108645691088768, 28.241662413503107 ], [ -114.109156876817252, 28.241673855879416 ], [ -114.109469695437014, 28.241788293232158 ], [ -114.11016399663697, 28.24192180386698 ], [ -114.110545477015776, 28.241876027501284 ], [ -114.111056662679673, 28.241885562455817 ], [ -114.111352110814749, 28.241948440457563 ], [ -114.111621260019092, 28.242005721455918 ], [ -114.111857804259557, 28.242741941674463 ], [ -114.112292707004812, 28.243148198095863 ], [ -114.112933602033635, 28.243333204758226 ], [ -114.11319300223721, 28.24311195666645 ], [ -114.113704182138875, 28.242951741860882 ], [ -114.114398482037643, 28.243020402848622 ], [ -114.114833381157581, 28.24331984903813 ], [ -114.115077545070491, 28.243775695301814 ], [ -114.114810520217929, 28.244157157861896 ], [ -114.114604539589962, 28.244721721986085 ], [ -114.1145969189553, 28.245000188520464 ], [ -114.114986031236256, 28.24500781725289 ], [ -114.115306468678696, 28.244790382955834 ], [ -114.115695576369305, 28.244689294933039 ], [ -114.116122847790493, 28.245032609148488 ], [ -114.115993156887257, 28.245427422425749 ], [ -114.115543010144506, 28.245471291537395 ], [ -114.115024207794505, 28.245856569559201 ], [ -114.11475718209249, 28.24618653442468 ], [ -114.114535958381836, 28.247254627400356 ], [ -114.114658049824641, 28.24776197165837 ], [ -114.114651705036479, 28.248179899599759 ], [ -114.114677148529751, 28.248581590563205 ], [ -114.114705207851443, 28.248844864470893 ], [ -114.11481811992509, 28.249542349613009 ], [ -114.114855467123846, 28.249972745425914 ], [ -114.114859010263402, 28.250221845839764 ], [ -114.114886949973254, 28.250633467402263 ], [ -114.114038563093303, 28.250537622252018 ], [ -114.11358720098184, 28.25051578147912 ], [ -114.113319938867477, 28.250545798573029 ], [ -114.113108298541448, 28.250597728282091 ], [ -114.112875513747866, 28.250736636899443 ], [ -114.112627815731173, 28.250967560095237 ], [ -114.112455625430613, 28.251193203583249 ], [ -114.112256112392728, 28.251566370772508 ], [ -114.112169848879887, 28.251929723739138 ], [ -114.112136370206215, 28.252488058874235 ], [ -114.112264988774029, 28.253430491065497 ], [ -114.112866515077727, 28.256952448864208 ], [ -114.113006601717174, 28.257894617809406 ], [ -114.113058783014495, 28.258769452763467 ], [ -114.112993238039564, 28.259077048409278 ], [ -114.112635177079142, 28.259637659499077 ], [ -114.112484744713569, 28.259784838051946 ], [ -114.112140789588622, 28.259911060134218 ], [ -114.111799857587044, 28.259944198246782 ], [ -114.110552796141533, 28.259972614285946 ], [ -114.110187484596025, 28.259955568719949 ], [ -114.109729760403127, 28.259847612620856 ], [ -114.109441180821406, 28.259710435457048 ], [ -114.108552205007456, 28.259178228471765 ], [ -114.108290934893219, 28.258994765296951 ], [ -114.107960646218729, 28.258670814174781 ], [ -114.107750075593017, 28.258391490162953 ], [ -114.107097707737523, 28.257411927278952 ], [ -114.106836342194583, 28.257159124973818 ], [ -114.106268997735427, 28.25695894476971 ], [ -114.105719870236186, 28.256925773967676 ], [ -114.103724615719514, 28.256971140989727 ], [ -114.10318136107189, 28.256942899939229 ], [ -114.102641431016565, 28.256765757606086 ], [ -114.102413357777266, 28.256540939645696 ], [ -114.101888950580189, 28.255668931191586 ], [ -114.101637389359468, 28.255424351098387 ], [ -114.100987840528347, 28.25515498543502 ], [ -114.100311475098209, 28.255014754943293 ], [ -114.09780465831858, 28.254629684833652 ], [ -114.097128592209714, 28.254499578394203 ], [ -114.096480427051588, 28.254277511968521 ], [ -114.096230542540866, 28.25409038316624 ], [ -114.095712582459527, 28.253439182322783 ], [ -114.095549031461388, 28.253265315562491 ], [ -114.095303750033111, 28.253105139414284 ], [ -114.095116898675229, 28.253050183080418 ], [ -114.094490207181295, 28.252953894839123 ], [ -114.094314808435939, 28.252898677844989 ], [ -114.094122972286371, 28.252737288389891 ], [ -114.094024319545753, 28.252561949138233 ], [ -114.093755778105674, 28.25190508843443 ], [ -114.093728487969429, 28.251621587499059 ], [ -114.093728944977755, 28.251619431230747 ], [ -114.093728194986639, 28.251611447022807 ], [ -114.093868012136511, 28.250897981613729 ] ] ] ] } },
{ "type": "Feature", "properties": { "fid": 41.0, "cat": 41, "CLAVE_ACUI": "0227", "NOM_ACUIF": "VILLA DE JESÚS MARÍA", "VULNERABIL": 4 }, "geometry": { "type": "MultiPolygon", "coordinates": [ [ [ [ -114.05601486411534, 28.24344301388512 ], [ -114.055956104267779, 28.24352550708522 ], [ -114.055797134054984, 28.243576417759471 ], [ -114.055628793681066, 28.243566653931659 ], [ -114.055002176102107, 28.24347017703159 ], [ -114.054850145431743, 28.243429605466503 ], [ -114.054767286119827, 28.243336750159695 ], [ -114.05480094621629, 28.243244671434166 ], [ -114.055040885010257, 28.242907825866222 ], [ -114.055126365198362, 28.242824735403772 ], [ -114.055285334726264, 28.24277382556836 ], [ -114.055426953986725, 28.242784187605213 ], [ -114.055928874902435, 28.242883452552213 ], [ -114.05605418517743, 28.242924620756593 ], [ -114.056137045174211, 28.243017475224555 ], [ -114.056130106246059, 28.243108956364114 ], [ -114.056111683226391, 28.243162360121186 ], [ -114.056133128067643, 28.243214871884437 ], [ -114.05613954913116, 28.243306054107634 ], [ -114.056035369483453, 28.243403093310132 ], [ -114.056027842249279, 28.243405393680977 ], [ -114.05601486411534, 28.24344301388512 ] ] ] ] } },
{ "type": "Feature", "properties": { "fid": 48.0, "cat": 46, "CLAVE_ACUI": "0227", "NOM_ACUIF": "VILLA DE JESÚS MARÍA", "VULNERABIL": 4 }, "geometry": { "type": "MultiPolygon", "coordinates": [ [ [ [ -114.067177949747105, 28.221717790038959 ], [ -114.067391698515607, 28.225223423193658 ], [ -114.067834305652624, 28.227821176027479 ], [ -114.06846862915836, 28.229975193248372 ], [ -114.069009390510075, 28.231401190874351 ], [ -114.069734256118338, 28.23288698260637 ], [ -114.070085252161491, 28.233850172239347 ], [ -114.071855428142314, 28.236819847498488 ], [ -114.072313215298038, 28.237318010722099 ], [ -114.072315258156863, 28.237432351927104 ], [ -114.072326262893043, 28.237615527214043 ], [ -114.072339109072075, 28.237740847299971 ], [ -114.072351922313814, 28.237936858606759 ], [ -114.07192323282257, 28.237510615728041 ], [ -114.071107687691764, 28.236699725068565 ], [ -114.069612412898138, 28.233618320518417 ], [ -114.068008737618584, 28.230544994201832 ], [ -114.067265090391686, 28.228471785822979 ], [ -114.066964499303594, 28.226462233135216 ], [ -114.066726650783579, 28.223964173071963 ], [ -114.066576792098104, 28.222094348543596 ], [ -114.066558077808494, 28.221731808312327 ], [ -114.067177949747105, 28.221717790038959 ] ] ], [ [ [ -114.051686806156042, 28.223471280763341 ], [ -114.051608893802324, 28.224452856572871 ], [ -114.051934372764691, 28.2252085970769 ], [ -114.052339283161444, 28.225668367137654 ], [ -114.052671957943957, 28.226162660981704 ], [ -114.053039135653208, 28.226513366923456 ], [ -114.053026744497132, 28.226964135084366 ], [ -114.053235532951462, 28.227149051915234 ], [ -114.053618097498912, 28.227310653450807 ], [ -114.053867353410212, 28.227505462675673 ], [ -114.054266087069394, 28.228190612427703 ], [ -114.054682187498841, 28.228614534894614 ], [ -114.054783770372538, 28.229365443708204 ], [ -114.055022630192909, 28.229938897038529 ], [ -114.055398272996115, 28.230352925035778 ], [ -114.055862281792841, 28.230516276162462 ], [ -114.056111549084619, 28.230711082074119 ], [ -114.056327282480396, 28.23064356427524 ], [ -114.056338671350801, 28.23022885655968 ], [ -114.056513908096505, 28.229781595693144 ], [ -114.056807107653597, 28.229860077335061 ], [ -114.05705216756931, 28.230208143205292 ], [ -114.057178302362004, 28.230436377979142 ], [ -114.057164936487922, 28.230923209125926 ], [ -114.057441557251622, 28.231605720961188 ], [ -114.057465453394101, 28.231703331023095 ], [ -114.057391887250105, 28.231733760496841 ], [ -114.057126066503599, 28.231787062751991 ], [ -114.057014320766513, 28.231752356174511 ], [ -114.056758662218485, 28.231537089850352 ], [ -114.056675686843903, 28.231506812972754 ], [ -114.056544126240667, 28.231580787475529 ], [ -114.056439157641051, 28.23171674220735 ], [ -114.056080862736152, 28.232277222770712 ], [ -114.056078026869386, 28.232311411671962 ], [ -114.055895175957673, 28.23228504530427 ], [ -114.055908573288633, 28.232460904433207 ], [ -114.055755060146495, 28.232452323774382 ], [ -114.05563435094669, 28.232445576700833 ], [ -114.055520347698817, 28.232429529024817 ], [ -114.05544057201422, 28.232405300111463 ], [ -114.055386983427468, 28.2323714634826 ], [ -114.055337058248739, 28.232326127094566 ], [ -114.05526858528097, 28.23225052997816 ], [ -114.055240953647726, 28.232224785593221 ], [ -114.055191279222754, 28.232182266407577 ], [ -114.055121720527026, 28.232128873555613 ], [ -114.055000298880685, 28.232050532213663 ], [ -114.054863212272863, 28.231977309737488 ], [ -114.054658926455161, 28.231892315800291 ], [ -114.054162747880952, 28.231710145318729 ], [ -114.053803071742664, 28.231552444884205 ], [ -114.053259291611397, 28.23123311765108 ], [ -114.052842140090377, 28.230934635955396 ], [ -114.051439228093528, 28.229861039913015 ], [ -114.051055859489338, 28.229541502942702 ], [ -114.050816649371583, 28.229282835059411 ], [ -114.05067415405496, 28.229109490781497 ], [ -114.050547065353399, 28.228915174499818 ], [ -114.05041827707845, 28.228664691496469 ], [ -114.050102248747493, 28.227971911556939 ], [ -114.049958021422285, 28.227734976477752 ], [ -114.049684126527666, 28.227504317705847 ], [ -114.04943707519034, 28.227411740022159 ], [ -114.048558064821066, 28.227210366400495 ], [ -114.0483163072618, 28.227102447416232 ], [ -114.048067114875522, 28.226800202358213 ], [ -114.047952883585907, 28.226476342947556 ], [ -114.0476690004202, 28.225267243666682 ], [ -114.047548759328265, 28.224933370355416 ], [ -114.047271513852465, 28.224584394519241 ], [ -114.046995689958521, 28.224419730540415 ], [ -114.045985760585239, 28.224000269988309 ], [ -114.045722253777143, 28.223865770873921 ], [ -114.045502480780087, 28.223657573557141 ], [ -114.045452025779426, 28.223494648382481 ], [ -114.04544156148097, 28.223126274550999 ], [ -114.045409138487116, 28.222962520745334 ], [ -114.045329216782562, 28.222801160861355 ], [ -114.045245307143716, 28.222687706894156 ], [ -114.04516168047472, 28.22255886166586 ], [ -114.04504418067124, 28.222347675189617 ], [ -114.044978088518903, 28.222219835226174 ], [ -114.049084839990371, 28.222126961906376 ], [ -114.051419706216478, 28.222074159398307 ], [ -114.051407250953403, 28.222527095972083 ], [ -114.051569862951084, 28.222909474026128 ], [ -114.051686806156042, 28.223471280763341 ] ] ] ] } },
{ "type": "Feature", "properties": { "fid": 49.0, "cat": 45, "CLAVE_ACUI": "0227", "NOM_ACUIF": "VILLA DE JESÚS MARÍA", "VULNERABIL": 2 }, "geometry": { "type": "MultiPolygon", "coordinates": [ [ [ [ -114.04976467110599, 28.231900840623993 ], [ -114.049836544576436, 28.232413369488075 ], [ -114.050127963682769, 28.233259242613133 ], [ -114.050472406547598, 28.233955102947139 ], [ -114.051788422649679, 28.236356567767931 ], [ -114.052154056212487, 28.236991065006354 ], [ -114.052544294320214, 28.237550597334337 ], [ -114.052736140349793, 28.237715432883807 ], [ -114.053241182240995, 28.237925132782181 ], [ -114.053373463503291, 28.23801011986356 ], [ -114.053485733307468, 28.238197027499428 ], [ -114.053513837413107, 28.238379051435345 ], [ -114.053532720238152, 28.239041588864914 ], [ -114.053509439742967, 28.239229835014832 ], [ -114.053381913925094, 28.239445779612616 ], [ -114.053223014414726, 28.239566025611726 ], [ -114.052609006973185, 28.2399112275614 ], [ -114.052408437845259, 28.239976593457374 ], [ -114.052086458629717, 28.239936433382759 ], [ -114.051827058155695, 28.239813695726429 ], [ -114.050938506906306, 28.239281076592327 ], [ -114.050671795507284, 28.239102689398809 ], [ -114.050315689585162, 28.238802838249903 ], [ -114.050073678475371, 28.238552866718369 ], [ -114.049300405775782, 28.237686181410442 ], [ -114.049110361441151, 28.237450268963805 ], [ -114.048996753142632, 28.237216032743806 ], [ -114.0490244991379, 28.237117322302737 ], [ -114.049267587798781, 28.236890909664361 ], [ -114.049284171284398, 28.236802595698087 ], [ -114.049118473201332, 28.236616876560316 ], [ -114.048865178883105, 28.236439877015105 ], [ -114.047848843617444, 28.235799593226751 ], [ -114.047536569258213, 28.235563022511737 ], [ -114.047095619376492, 28.235099313768718 ], [ -114.046777966405017, 28.234673443312211 ], [ -114.045736552226856, 28.233149751254526 ], [ -114.045473569228747, 28.232631331831787 ], [ -114.045287712910579, 28.231735739286769 ], [ -114.04528518503389, 28.230974741351186 ], [ -114.045459240967205, 28.228319010292147 ], [ -114.045464600229394, 28.227633941815665 ], [ -114.045315556559515, 28.22709268672476 ], [ -114.045097277741348, 28.227004533367261 ], [ -114.044227684253016, 28.227134403049092 ], [ -114.04392598024512, 28.227134359227584 ], [ -114.043387623976912, 28.227004286959321 ], [ -114.042920248928866, 28.226818512350693 ], [ -114.041277533811865, 28.226081624687556 ], [ -114.040859675968562, 28.225823708563897 ], [ -114.040552376675208, 28.225357000196798 ], [ -114.040531234139763, 28.224948191277537 ], [ -114.040739864293926, 28.223507125162776 ], [ -114.040759801804995, 28.223132918135434 ], [ -114.040748107956361, 28.222846459977191 ], [ -114.040751281975062, 28.222689768066431 ], [ -114.040771869181583, 28.222458520424581 ], [ -114.040804012528355, 28.222314231075796 ], [ -114.041919249914201, 28.222289010217143 ], [ -114.043254434298689, 28.222258815303427 ], [ -114.043401729386801, 28.222255484256024 ], [ -114.043611443139795, 28.222250741623657 ], [ -114.044978088518903, 28.222219835226174 ], [ -114.04504418067124, 28.222347675189617 ], [ -114.04516168047472, 28.22255886166586 ], [ -114.045245307143716, 28.222687706894156 ], [ -114.045329216782562, 28.222801160861355 ], [ -114.045409138487116, 28.222962520745334 ], [ -114.04544156148097, 28.223126274550999 ], [ -114.045452025779426, 28.223494648382481 ], [ -114.045502480780087, 28.223657573557141 ], [ -114.045722253777143, 28.223865770873921 ], [ -114.045985760585239, 28.224000269988309 ], [ -114.046995689958521, 28.224419730540415 ], [ -114.047271513852465, 28.224584394519241 ], [ -114.047548759328265, 28.224933370355416 ], [ -114.0476690004202, 28.225267243666682 ], [ -114.047952883585907, 28.226476342947556 ], [ -114.048067114875522, 28.226800202358213 ], [ -114.048090517802635, 28.226828587831278 ], [ -114.0483163072618, 28.227102447416232 ], [ -114.048558064821066, 28.227210366400495 ], [ -114.04943707519034, 28.227411740022159 ], [ -114.049684126527666, 28.227504317705847 ], [ -114.049958021422285, 28.227734976477752 ], [ -114.050102248747493, 28.227971911556939 ], [ -114.05041827707845, 28.228664691496469 ], [ -114.050547065353399, 28.228915174499818 ], [ -114.05067415405496, 28.229109490781497 ], [ -114.050816649371583, 28.229282835059411 ], [ -114.050722523822486, 28.229274286410035 ], [ -114.050616647456081, 28.229260083482838 ], [ -114.05048554449337, 28.229254891094175 ], [ -114.050340949776142, 28.229269029640786 ], [ -114.050225985647458, 28.229301568366864 ], [ -114.050061041437331, 28.229379272863834 ], [ -114.049938801126331, 28.229457274317809 ], [ -114.049853381382178, 28.229537213974098 ], [ -114.049793329815515, 28.229652769612631 ], [ -114.049765982159897, 28.229754018566432 ], [ -114.049731845013881, 28.229942003921366 ], [ -114.049720679634802, 28.230354912782239 ], [ -114.04976467110599, 28.231900840623993 ] ], [ [ -114.048045544136841, 28.227451807095761 ], [ -114.048055908280531, 28.227279070446414 ], [ -114.047998438830732, 28.227138289044163 ], [ -114.04790597551515, 28.227109909349636 ], [ -114.047531949293898, 28.227118251581143 ], [ -114.047417883897793, 28.227136016552475 ], [ -114.047259604892389, 28.227210578038591 ], [ -114.047147557304086, 28.227299329487796 ], [ -114.046782946307545, 28.227638941041526 ], [ -114.046717129677049, 28.227741882424919 ], [ -114.046754073513995, 28.227832385167229 ], [ -114.046774597897695, 28.22788266446166 ], [ -114.046922512312918, 28.227980840138205 ], [ -114.047555313420261, 28.228298209316065 ], [ -114.047724831343558, 28.228350239000243 ], [ -114.047883111578116, 28.22827567687963 ], [ -114.047939708026377, 28.228117130058848 ], [ -114.048045544136841, 28.227451807095761 ] ] ] ] } },
{ "type": "Feature", "properties": { "fid": 50.0, "cat": 50, "CLAVE_ACUI": "0227", "NOM_ACUIF": "VILLA DE JESÚS MARÍA", "VULNERABIL": 4 }, "geometry": { "type": "MultiPolygon", "coordinates": [ [ [ [ -114.04790597551515, 28.227109909349636 ], [ -114.047998438830732, 28.227138289044163 ], [ -114.048055908280531, 28.227279070446414 ], [ -114.048045544136841, 28.227451807095761 ], [ -114.047939708026377, 28.228117130058848 ], [ -114.047883111578116, 28.22827567687963 ], [ -114.047724831343558, 28.228350239000243 ], [ -114.047555313420261, 28.228298209316065 ], [ -114.046922512312918, 28.227980840138205 ], [ -114.046774597897695, 28.22788266446166 ], [ -114.046717129677049, 28.227741882424919 ], [ -114.046782946307545, 28.227638941041526 ], [ -114.047147557304086, 28.227299329487796 ], [ -114.047259604892389, 28.227210578038591 ], [ -114.047417883897793, 28.227136016552475 ], [ -114.047531949293898, 28.227118251581143 ], [ -114.04790597551515, 28.227109909349636 ] ] ] ] } },
{ "type": "Feature", "properties": { "fid": 51.0, "cat": 51, "CLAVE_ACUI": "0227", "NOM_ACUIF": "VILLA DE JESÚS MARÍA", "VULNERABIL": 4 }, "geometry": null }
]
}
