{
"type": "FeatureCollection",
"name": "0228",
"crs": { "type": "name", "properties": { "name": "urn:ogc:def:crs:OGC:1.3:CRS84" } },
"features": [
{ "type": "Feature", "properties": { "fid": 1.0, "cat": 2, "CLAVE_ACUI": "0228", "NOM_ACUIF": "LLANOS DEL BERRENDO", "VULNERABIL": 2 }, "geometry": { "type": "MultiPolygon", "coordinates": [ [ [ [ -113.399658311407322, 28.21525299972545 ], [ -113.399985055312541, 28.215128046891945 ], [ -113.400494667093014, 28.215070465488189 ], [ -113.400895940990068, 28.215113158921085 ], [ -113.402258945823036, 28.215369969620969 ], [ -113.402629918322432, 28.21546258014591 ], [ -113.402998114375862, 28.215637959268204 ], [ -113.403153135983914, 28.215795891038425 ], [ -113.403508375439245, 28.216357527005513 ], [ -113.403586649125842, 28.216584446119985 ], [ -113.403596684646843, 28.217081766384535 ], [ -113.403532746475022, 28.217565304714579 ], [ -113.403224324769369, 28.219324495462416 ], [ -113.403103513495353, 28.219796391966298 ], [ -113.40284815603259, 28.220239385688878 ], [ -113.40260417142818, 28.220400337125454 ], [ -113.40172093270408, 28.220708446766075 ], [ -113.401423138877419, 28.220766538747828 ], [ -113.400916676168379, 28.220729527662183 ], [ -113.400490952923818, 28.220618562217041 ], [ -113.399010715877026, 28.220137726649689 ], [ -113.398609243301763, 28.219986818924383 ], [ -113.398215933644423, 28.219763426870689 ], [ -113.398055534642964, 28.219595203885508 ], [ -113.397700316703009, 28.219033555565918 ], [ -113.397621373471992, 28.218826904081745 ], [ -113.397608187499344, 28.218424179178385 ], [ -113.397668292926866, 28.218055509323037 ], [ -113.397961965443727, 28.216737773998151 ], [ -113.398084995612024, 28.21637076269359 ], [ -113.398365468058856, 28.2159757790307 ], [ -113.398643112795924, 28.21577852756915 ], [ -113.399658311407322, 28.21525299972545 ] ] ] ] } },
{ "type": "Feature", "properties": { "fid": 2.0, "cat": 3, "CLAVE_ACUI": "0228", "NOM_ACUIF": "LLANOS DEL BERRENDO", "VULNERABIL": 2 }, "geometry": { "type": "MultiPolygon", "coordinates": [ [ [ [ -113.978133286092742, 28.182447140909048 ], [ -113.978099852898808, 28.18173609072673 ], [ -113.978258236365448, 28.181397963452852 ], [ -113.979030784676581, 28.180531083085398 ], [ -113.979245243617584, 28.180234781976157 ], [ -113.979473509978121, 28.179718926773461 ], [ -113.979585145962133, 28.179278292093645 ], [ -113.979877842599734, 28.177737851523155 ], [ -113.979933394742446, 28.177255388843673 ], [ -113.979899947811248, 28.176544337842493 ], [ -113.97979661560062, 28.17601101342477 ], [ -113.979347852920824, 28.174233216726424 ], [ -113.97925739386001, 28.173649439641391 ], [ -113.979284006113275, 28.172702943622248 ], [ -113.979412480088968, 28.171934583273433 ], [ -113.97998539299995, 28.16929539444838 ], [ -113.980128187830701, 28.168443514675399 ], [ -113.980141301495479, 28.168365280797868 ], [ -113.980295977824724, 28.166663942006657 ], [ -113.98036103517417, 28.165163571704447 ], [ -113.98050993985288, 28.159863180044592 ], [ -113.980557828229138, 28.158929662421198 ], [ -113.980585853057462, 28.15838334236004 ], [ -113.980791229386213, 28.156777827084213 ], [ -113.981008711127657, 28.155964071343497 ], [ -113.981818232285292, 28.153772055675173 ], [ -113.982063760462793, 28.153182157558479 ], [ -113.982400057657173, 28.152621319483632 ], [ -113.982634955782885, 28.152410020531015 ], [ -113.983394848597683, 28.151984794657679 ], [ -113.98356166463266, 28.151751698807029 ], [ -113.983580249766973, 28.151089146858304 ], [ -113.983439985764946, 28.150375740096855 ], [ -113.982766852213899, 28.147709059549069 ], [ -113.982638605677849, 28.146975622369506 ], [ -113.982713237899745, 28.146219596950317 ], [ -113.982948099467336, 28.145872997406361 ], [ -113.983969478944374, 28.14501155294823 ], [ -113.984236096352589, 28.144756976758782 ], [ -113.984458940489404, 28.144430404163582 ], [ -113.98451067272228, 28.144218448571038 ], [ -113.984529246149833, 28.143555895314016 ], [ -113.984568968701112, 28.143363969905561 ], [ -113.984638471036419, 28.143266841387309 ], [ -113.984735767104624, 28.143130871140613 ], [ -113.984934327700614, 28.142989798055087 ], [ -113.985694142368686, 28.142564553057007 ], [ -113.985892700723269, 28.142423478392018 ], [ -113.986059494752922, 28.142190377650699 ], [ -113.98609921386992, 28.141998451515001 ], [ -113.98611777579471, 28.141335897072185 ], [ -113.986170070924814, 28.14110365812066 ], [ -113.98639555217315, 28.14068243051339 ], [ -113.986665371705428, 28.140312915189057 ], [ -113.987699033725093, 28.139009732224359 ], [ -113.987991156344776, 28.138660999194446 ], [ -113.988320747696719, 28.138336766816298 ], [ -113.988499471205202, 28.138222311177309 ], [ -113.989003923001391, 28.138012416598244 ], [ -113.989136602025667, 28.137907094974846 ], [ -113.989251319716288, 28.137625489777424 ], [ -113.989282523111683, 28.137328518362494 ], [ -113.989313420608767, 28.136224256922535 ], [ -113.989298864388104, 28.135926279352446 ], [ -113.989200039200512, 28.135639978900745 ], [ -113.989136727969765, 28.135584467336315 ], [ -113.989073416804473, 28.135528955747226 ], [ -113.988581338563208, 28.135297147194443 ], [ -113.98845386579201, 28.135216547056533 ], [ -113.988351069897192, 28.135072222576454 ], [ -113.988331691249215, 28.134946644973805 ], [ -113.98834405312293, 28.134504940656729 ], [ -113.988371567725679, 28.134339804685816 ], [ -113.988487607015827, 28.134010874391002 ], [ -113.988625862193274, 28.133706109773819 ], [ -113.989155007140198, 28.132612803451703 ], [ -113.989315853167142, 28.13231868197083 ], [ -113.989537329368176, 28.132039422942601 ], [ -113.989692878462066, 28.131934603010865 ], [ -113.990197297643334, 28.131724701410231 ], [ -113.990317393645952, 28.13165969123995 ], [ -113.990373423524076, 28.13156621325172 ], [ -113.99035354473429, 28.13153220126804 ], [ -113.990333370363203, 28.131497683531293 ], [ -113.990090426415378, 28.131271355958667 ], [ -113.990052642452923, 28.131121696640559 ], [ -113.990119260147452, 28.130649614215951 ], [ -113.990252210865904, 28.130124869850398 ], [ -113.990806015937707, 28.128148142687255 ], [ -113.990941510475182, 28.127532126143564 ], [ -113.991020026400363, 28.126634111898337 ], [ -113.990996698974698, 28.125967251173233 ], [ -113.990809324955833, 28.123753248682828 ], [ -113.990784555584582, 28.123549556515542 ], [ -113.990737976810607, 28.123166512366971 ], [ -113.990592391551544, 28.122642412170233 ], [ -113.99045576069814, 28.122480433844874 ], [ -113.990195275779541, 28.12235771617053 ], [ -113.989963735952784, 28.122248634259368 ], [ -113.989838828277641, 28.122076765561779 ], [ -113.989747949584128, 28.121506512187999 ], [ -113.989743029957808, 28.12086373324226 ], [ -113.989810944855861, 28.118434350937765 ], [ -113.98980602319152, 28.117791571727945 ], [ -113.98971514606545, 28.117221318318041 ], [ -113.98959024386032, 28.117049449765954 ], [ -113.989098244983808, 28.116817648970237 ], [ -113.98903466043825, 28.116772279316898 ], [ -113.988971075871262, 28.116726909583605 ], [ -113.988869617729648, 28.116535260855734 ], [ -113.988851846479648, 28.1163522164311 ], [ -113.98887037153591, 28.115689657829851 ], [ -113.988807700952563, 28.115475184245796 ], [ -113.988496714722089, 28.115136865820961 ], [ -113.98811512073685, 28.114868026595339 ], [ -113.986645349548454, 28.113951753837945 ], [ -113.986230587862408, 28.113641590606413 ], [ -113.985764791568414, 28.113110442656421 ], [ -113.985514129573119, 28.112661823749615 ], [ -113.984810178434884, 28.11109941614421 ], [ -113.984560092228335, 28.110630513703761 ], [ -113.984096966274194, 28.110004710617023 ], [ -113.983891205226882, 28.109792159464156 ], [ -113.983685444981703, 28.109579608059121 ], [ -113.982228157329018, 28.108221592102531 ], [ -113.981851528116692, 28.107776958345973 ], [ -113.981626145116763, 28.107238944895968 ], [ -113.981551192724424, 28.107060024354841 ], [ -113.981498769017989, 28.106480467377096 ], [ -113.981554454820611, 28.104492801978513 ], [ -113.981536339540767, 28.103914000610505 ], [ -113.981396120062414, 28.103200593331302 ], [ -113.981213923033351, 28.10276024133951 ], [ -113.980503898822704, 28.101418671154519 ], [ -113.980310271998761, 28.100978066416786 ], [ -113.980116695690171, 28.100263482615745 ], [ -113.980033784213063, 28.099683253481409 ], [ -113.979944660423342, 28.098764490749051 ], [ -113.979840441157791, 28.097690101274829 ], [ -113.979713495112122, 28.097048017210724 ], [ -113.979314425158421, 28.096044776816672 ], [ -113.978871275463433, 28.095253659505136 ], [ -113.977202357291574, 28.092565010565753 ], [ -113.976815556660739, 28.091805572738615 ], [ -113.976679358330884, 28.090950187425904 ], [ -113.976871584090759, 28.090487646504211 ], [ -113.977904819389735, 28.089184501509802 ], [ -113.978175088340734, 28.088794710515948 ], [ -113.978403122356042, 28.088278836560143 ], [ -113.978458617624668, 28.087931665303135 ], [ -113.978489561918437, 28.086827406953002 ], [ -113.978420415053904, 28.086436898811257 ], [ -113.978066789086597, 28.0857187855886 ], [ -113.977630759862564, 28.085083416826897 ], [ -113.975949621170557, 28.082836466589423 ], [ -113.975594220619868, 28.082182576007479 ], [ -113.9756167818297, 28.081378046403838 ], [ -113.976004406138031, 28.080882608331052 ], [ -113.977790728707092, 28.079375076984249 ], [ -113.978236639405353, 28.078840326517135 ], [ -113.978531259865875, 28.077852371647193 ], [ -113.978506239151827, 28.07697575951218 ], [ -113.978396538486976, 28.076148316995585 ], [ -113.978094868251119, 28.073872858099488 ], [ -113.978011264190812, 28.073045691938798 ], [ -113.978021868801022, 28.072667088435704 ], [ -113.978032473205502, 28.072288484908029 ], [ -113.978146374795742, 28.072033926647681 ], [ -113.978656704568863, 28.071603193828913 ], [ -113.978815198838092, 28.071390206996696 ], [ -113.979044510148242, 28.070827001197099 ], [ -113.979129055917156, 28.07053120655323 ], [ -113.979213601449572, 28.070235410751497 ], [ -113.979773369794145, 28.06803785267677 ], [ -113.979898141433807, 28.067394546524142 ], [ -113.979909399125134, 28.066992279268423 ], [ -113.979920656584397, 28.066590011984974 ], [ -113.9798280515692, 28.066083983297528 ], [ -113.97937338696245, 28.06452705021443 ], [ -113.979210490750262, 28.064080357927207 ], [ -113.978904968018099, 28.063552727190824 ], [ -113.978631403473045, 28.063245661008509 ], [ -113.977660299820016, 28.062340313048857 ], [ -113.977433888510305, 28.06198354656518 ], [ -113.977348396604924, 28.061223987720414 ], [ -113.977452673811101, 28.060495670155692 ], [ -113.978024771527544, 28.057856410415528 ], [ -113.978108447168211, 28.057046458306171 ], [ -113.977926858134026, 28.055905944774249 ], [ -113.977583775143515, 28.055086591577179 ], [ -113.976164348361365, 28.052403450779572 ], [ -113.975728706997145, 28.051622643826935 ], [ -113.975115107275229, 28.050662023762527 ], [ -113.974674176562672, 28.050070516239135 ], [ -113.973230121707985, 28.048270761875663 ], [ -113.972891228961132, 28.047711942589835 ], [ -113.972753756857628, 28.046903880789618 ], [ -113.972896256471969, 28.046308326320304 ], [ -113.973698706193446, 28.044337129431042 ], [ -113.973942358974071, 28.04380468850821 ], [ -113.974276973216504, 28.043291164959186 ], [ -113.97451134227029, 28.043090000966728 ], [ -113.975270448829363, 28.042664757035006 ], [ -113.975468538373676, 28.042533823686711 ], [ -113.975633852816429, 28.042348048025087 ], [ -113.975671927065875, 28.042213587830872 ], [ -113.9756842926367, 28.041771882716436 ], [ -113.975631782021267, 28.041604983906886 ], [ -113.975374368024291, 28.041267827704282 ], [ -113.975059145787228, 28.04095307430012 ], [ -113.97384553712439, 28.039821376091822 ], [ -113.973509169400387, 28.039445268683185 ], [ -113.973153048967035, 28.038821804005053 ], [ -113.972980672471678, 28.038307248045612 ], [ -113.972532374217863, 28.036529451544954 ], [ -113.972498002547624, 28.035987496864504 ], [ -113.972785889666895, 28.035236171354576 ], [ -113.973231524757054, 28.03470480234142 ], [ -113.973903369557348, 28.034056702410901 ], [ -113.975023235672424, 28.032976389228761 ], [ -113.975242011069383, 28.032749348393185 ], [ -113.975466863368254, 28.032515999613135 ], [ -113.975646597858059, 28.032244993832943 ], [ -113.97574544874918, 28.032095944552648 ], [ -113.97569980351669, 28.031956256996672 ], [ -113.9752082097894, 28.031724436281177 ], [ -113.975036852303475, 28.031581978356513 ], [ -113.974728777842898, 28.031148996080379 ], [ -113.97446003045259, 28.030672907735656 ], [ -113.973513966634385, 28.028884141997793 ], [ -113.973269789501103, 28.0283477088125 ], [ -113.973076343671423, 28.027633122324879 ], [ -113.973044167807686, 28.027148717897862 ], [ -113.973087456236584, 28.025602750227385 ], [ -113.973151422177466, 28.025155981494862 ], [ -113.973406641875798, 28.024617028231056 ], [ -113.973707274551458, 28.024293863120551 ], [ -113.974854996565156, 28.023324706086857 ], [ -113.97521105669324, 28.023063643221249 ], [ -113.975724959706355, 28.022814512475115 ], [ -113.976103047694821, 28.022719674250958 ], [ -113.977353554597101, 28.022526220765236 ], [ -113.977708218560096, 28.022451157235061 ], [ -113.978112811552492, 28.022294320603031 ], [ -113.978336137414473, 28.022145332262383 ], [ -113.978973728589835, 28.021606888630988 ], [ -113.979120176533158, 28.021344584963725 ], [ -113.979166012323148, 28.020658946864582 ], [ -113.979085045242726, 28.019941767696224 ], [ -113.978767285109228, 28.017945842510102 ], [ -113.978661372509407, 28.017280569403155 ], [ -113.978587964206469, 28.016497597656624 ], [ -113.97866905459243, 28.015504927970387 ], [ -113.978858303689364, 28.014869799781007 ], [ -113.979660357553726, 28.012898533563504 ], [ -113.97989643337759, 28.012223843041504 ], [ -113.980196081645857, 28.011046557205436 ], [ -113.980388073793804, 28.010039410834434 ], [ -113.980686212874986, 28.008278114891205 ], [ -113.980984363230149, 28.006516676728044 ], [ -113.981131340218681, 28.005483169755028 ], [ -113.981170907487524, 28.00490916146434 ], [ -113.981202144561721, 28.003468833301671 ], [ -113.981257841193596, 28.002304821119822 ], [ -113.981343037151447, 28.001650350571182 ], [ -113.981495165820064, 28.001006684037701 ], [ -113.981702810443636, 28.00038865601713 ], [ -113.981972698775635, 27.999845327099454 ], [ -113.982327342439689, 27.999352007508371 ], [ -113.983223797001514, 27.999351304550636 ], [ -113.995497515023942, 27.999341680075062 ], [ -114.010049142699643, 27.999370779074795 ], [ -114.010779115347646, 27.999373149301224 ], [ -114.011103405203215, 27.999604841061039 ], [ -114.011339315203173, 27.999792195329075 ], [ -114.011632000827092, 28.000109313718085 ], [ -114.011843761843792, 28.000415830505766 ], [ -114.012135632840028, 28.000896154435804 ], [ -114.012236158736613, 28.001119898556766 ], [ -114.012228972196283, 28.001380199368906 ], [ -114.012118179224586, 28.00152831349337 ], [ -114.011608329497577, 28.001959210580878 ], [ -114.011492102261414, 28.002097058212982 ], [ -114.011459560575304, 28.002309451416004 ], [ -114.011529300110368, 28.00247502273147 ], [ -114.011887295198505, 28.003035295264155 ], [ -114.01200943224427, 28.00316648932678 ], [ -114.012221408041654, 28.003218455980829 ], [ -114.012325302011902, 28.003185706239481 ], [ -114.01240209317119, 28.003161499855146 ], [ -114.012672994323466, 28.003025125425619 ], [ -114.012778439731861, 28.00312627518862 ], [ -114.012973532630838, 28.003828545598306 ], [ -114.013181155669713, 28.00531114633613 ], [ -114.013420482832245, 28.006366995137753 ], [ -114.013820551639128, 28.008793864436658 ], [ -114.014009335646918, 28.009824575874465 ], [ -114.014250483791997, 28.010753257463371 ], [ -114.014406195540943, 28.011049234004457 ], [ -114.014648948571732, 28.01127550494833 ], [ -114.01486425561508, 28.012128080211475 ], [ -114.015186974367339, 28.013542051052315 ], [ -114.015211069922472, 28.013647622936936 ], [ -114.015482705818471, 28.015405693031088 ], [ -114.015523936088826, 28.016397679299104 ], [ -114.015444697335937, 28.019268877751216 ], [ -114.015444973095995, 28.020087463006007 ], [ -114.015521892116695, 28.02099374798993 ], [ -114.015525506179785, 28.021036329898742 ], [ -114.015640278950414, 28.021573268809924 ], [ -114.016095358486822, 28.023130116378347 ], [ -114.016191430167055, 28.023930488135861 ], [ -114.016184675642393, 28.026108708883193 ], [ -114.016078945969483, 28.028420080146887 ], [ -114.015592210406851, 28.037028248675835 ], [ -114.01542788531556, 28.039389079594855 ], [ -114.015147847442876, 28.04179813097813 ], [ -114.014912123933513, 28.042878802490325 ], [ -114.014092101677761, 28.045512880828021 ], [ -114.013889029960083, 28.046239092200665 ], [ -114.013761410642473, 28.046994005446727 ], [ -114.013782171774039, 28.047346242052136 ], [ -114.014006679596719, 28.048235099719342 ], [ -114.013991467044576, 28.048647439305263 ], [ -114.013695961482327, 28.0496828324166 ], [ -114.013289015843426, 28.050749624199508 ], [ -114.011685367131761, 28.054692575423093 ], [ -114.01126680668321, 28.055764179303047 ], [ -114.010917247206223, 28.056822063293652 ], [ -114.010836444117416, 28.057261723906333 ], [ -114.010808926389103, 28.058255590286226 ], [ -114.010811934003641, 28.058560084152528 ], [ -114.010853488217805, 28.058987189244942 ], [ -114.010864668927994, 28.059047830022045 ], [ -114.010096036557314, 28.06132605480752 ], [ -114.009878844239296, 28.062146659059842 ], [ -114.009679461210581, 28.063562976821476 ], [ -114.009656668444535, 28.063968262679627 ], [ -114.009570344532221, 28.064290097610055 ], [ -114.00932567044724, 28.065345186997348 ], [ -114.009156225110019, 28.0666437669678 ], [ -114.009158838860159, 28.067443792561587 ], [ -114.00934048682663, 28.069878665592871 ], [ -114.009363200473842, 28.070572579591165 ], [ -114.009287546755701, 28.071375971973858 ], [ -114.009156755405797, 28.07182976121485 ], [ -114.008622041782829, 28.073144050076149 ], [ -114.0084542736234, 28.07369343374009 ], [ -114.008206073587615, 28.074942936657596 ], [ -114.008019267139588, 28.076178556820519 ], [ -114.007395665268959, 28.080695276268969 ], [ -114.007268677253109, 28.08183579729797 ], [ -114.007299711123551, 28.0826415150086 ], [ -114.007471036565121, 28.082652019515329 ], [ -114.008239514882362, 28.081895319702394 ], [ -114.008440880786168, 28.081647715286337 ], [ -114.008612115790243, 28.081248930788778 ], [ -114.008655371831651, 28.080926843344585 ], [ -114.008611553234147, 28.081269213665706 ], [ -114.008437692724911, 28.081762651563253 ], [ -114.00823313824597, 28.082125192203293 ], [ -114.007452401200482, 28.083323607230163 ], [ -114.007282565154966, 28.083671682477537 ], [ -114.007270744906208, 28.084097622209114 ], [ -114.007423696481595, 28.084358032452126 ], [ -114.00723165732542, 28.084269277592313 ], [ -114.007061068234108, 28.084644396139282 ], [ -114.007009407594524, 28.085269034749274 ], [ -114.00693890891749, 28.087808895907642 ], [ -114.006869475081842, 28.088661466151997 ], [ -114.006615949536965, 28.090100266044654 ], [ -114.006323198891693, 28.091303123283883 ], [ -114.005210498534566, 28.095477647086604 ], [ -114.005178362360766, 28.095622666672032 ], [ -114.005165807466696, 28.09563358484171 ], [ -114.005099720228159, 28.095977549710323 ], [ -114.00492703410066, 28.096756808426377 ], [ -114.004716955881008, 28.09855171428897 ], [ -114.004700313900727, 28.099836705091203 ], [ -114.004832732109023, 28.104038422797171 ], [ -114.004852285600506, 28.104347947174766 ], [ -114.004909550273098, 28.105254422908818 ], [ -114.005135622860791, 28.10672737323074 ], [ -114.005381768080113, 28.10761558775074 ], [ -114.006304394854496, 28.110287636440429 ], [ -114.006720986261058, 28.111220163304484 ], [ -114.007742446722403, 28.112899905474546 ], [ -114.008785102145481, 28.114367005853168 ], [ -114.012629564657786, 28.119533685043599 ], [ -114.013661751342468, 28.120970083349668 ], [ -114.014633960036917, 28.122506643622579 ], [ -114.014990624333734, 28.123265335942474 ], [ -114.015682846711002, 28.125269341678013 ], [ -114.015849843884212, 28.125851391240758 ], [ -114.015936928406759, 28.126563618015226 ], [ -114.015894335963196, 28.126999035311261 ], [ -114.015608481096905, 28.128318755115615 ], [ -114.015567291866915, 28.128703464893981 ], [ -114.015660935891418, 28.129179058192509 ], [ -114.015835903429732, 28.129473767320398 ], [ -114.016558781328669, 28.130373481483215 ], [ -114.016753820897421, 28.130770102523236 ], [ -114.016941122055997, 28.131721288295932 ], [ -114.017013654840852, 28.132683504186257 ], [ -114.017164837659024, 28.136222658707766 ], [ -114.017236247072631, 28.137225440061517 ], [ -114.017418310652175, 28.138365932388506 ], [ -114.017606993293342, 28.138992425719998 ], [ -114.017886384019107, 28.139705699824127 ], [ -114.018305459598238, 28.140775567672584 ], [ -114.018488810272515, 28.141594747687574 ], [ -114.018623517838392, 28.143343061389338 ], [ -114.018617771518876, 28.143550397483281 ], [ -114.018644036516264, 28.143841866120439 ], [ -114.018650156914134, 28.143847564675458 ], [ -114.018683522137266, 28.145545627904117 ], [ -114.018653120099984, 28.145854663004936 ], [ -114.018635935392027, 28.147575990839293 ], [ -114.018704482300308, 28.154096722133509 ], [ -114.018744916516368, 28.155804082106574 ], [ -114.018865081714424, 28.157251033504149 ], [ -114.018996313870673, 28.157610747131653 ], [ -114.019488565942922, 28.15784245842168 ], [ -114.019637006642071, 28.157994521544605 ], [ -114.019837477443303, 28.158472439030188 ], [ -114.019975424204404, 28.15900311522438 ], [ -114.020418711892987, 28.161001686342967 ], [ -114.020537631109192, 28.16180593175152 ], [ -114.020649292381876, 28.163560506165936 ], [ -114.020689887114003, 28.165262795439357 ], [ -114.020767651834333, 28.171452235208939 ], [ -114.020820526890233, 28.17312434805757 ], [ -114.020989529658181, 28.174738104039143 ], [ -114.021106306008278, 28.175130282555102 ], [ -114.021108075229492, 28.175143204198942 ], [ -114.021415183768241, 28.176181557055813 ], [ -114.022581758455487, 28.179079832234351 ], [ -114.022819112502773, 28.179779646009759 ], [ -114.023323775052233, 28.181913971766136 ], [ -114.023507920795808, 28.183125178881436 ], [ -114.023849250490827, 28.18583936791731 ], [ -114.023830132406928, 28.186256749610301 ], [ -114.023864087167681, 28.186656059254503 ], [ -114.023717759070394, 28.186912971924283 ], [ -114.023460209382179, 28.187265057929515 ], [ -114.023256360280357, 28.187518098915117 ], [ -114.023121536695072, 28.187699511490905 ], [ -114.023006182696264, 28.188004809339976 ], [ -114.022976215086459, 28.188259536672909 ], [ -114.022951720011235, 28.189142966393018 ], [ -114.023000465636272, 28.189450144649445 ], [ -114.02314615994176, 28.18976819796822 ], [ -114.023252442398416, 28.190000213354306 ], [ -114.02356366565418, 28.190478847092333 ], [ -114.023839670799148, 28.190865935829851 ], [ -114.024453157820531, 28.191904937594767 ], [ -114.024626013647037, 28.192221011951283 ], [ -114.024738048780534, 28.192410502909546 ], [ -114.02487535555575, 28.192596471618447 ], [ -114.025027360485964, 28.192746290964934 ], [ -114.025098279287889, 28.192805779647511 ], [ -114.025199281272165, 28.192913583246838 ], [ -114.025315670631699, 28.193079873674542 ], [ -114.025440057730719, 28.193309482307416 ], [ -114.025598430024061, 28.19366210292895 ], [ -114.025732425883149, 28.194012765287631 ], [ -114.02585859563294, 28.194317120895033 ], [ -114.025971337852255, 28.194519208627856 ], [ -114.025976559299451, 28.194527126942837 ], [ -114.026048277486623, 28.194635887312891 ], [ -114.026409953365459, 28.195085734022829 ], [ -114.026521232928772, 28.195203159177151 ], [ -114.026585343795773, 28.19525641186312 ], [ -114.026678860071215, 28.195301296880029 ], [ -114.026792761984396, 28.195324068429269 ], [ -114.027034905949861, 28.195329332699373 ], [ -114.027215577871232, 28.19532096041841 ], [ -114.027628560892737, 28.195748139479399 ], [ -114.027986026003106, 28.196212548563636 ], [ -114.029186573656446, 28.197896069320517 ], [ -114.029617863974423, 28.198590398672344 ], [ -114.030429995787969, 28.20014708441397 ], [ -114.031158905494237, 28.201676590466349 ], [ -114.033748488632838, 28.207257581856314 ], [ -114.034466879130491, 28.208756403264864 ], [ -114.035229646724204, 28.21016992978771 ], [ -114.035600911483172, 28.210690433490715 ], [ -114.036570712388098, 28.211705922647592 ], [ -114.036775447434721, 28.212035083295007 ], [ -114.036761065512849, 28.212555680549716 ], [ -114.036631527875173, 28.212794046554507 ], [ -114.035896458135994, 28.213720819029984 ], [ -114.035694267074888, 28.213990418959281 ], [ -114.035526140108033, 28.214270904851862 ], [ -114.035489032468732, 28.214398956185335 ], [ -114.035422500609869, 28.214499270737335 ], [ -114.035420597149184, 28.214497499944809 ], [ -114.035355348494051, 28.214509614907236 ], [ -114.035102972702617, 28.214614636755389 ], [ -114.0350426071399, 28.214657300178668 ], [ -114.035013277215498, 28.214751374605779 ], [ -114.035031742946927, 28.214843103246185 ], [ -114.03514724670255, 28.215177095779659 ], [ -114.035183165824819, 28.215259055408524 ], [ -114.03523528428623, 28.215307541167878 ], [ -114.035273820059444, 28.215294846904886 ], [ -114.035401535022572, 28.215187121176481 ], [ -114.035435187425463, 28.215143878246547 ], [ -114.03546451712873, 28.215049803713605 ], [ -114.035465248152931, 28.215041724316738 ], [ -114.035811368464806, 28.214988171959867 ], [ -114.036182223437123, 28.215078897512925 ], [ -114.036330514156305, 28.21521684999518 ], [ -114.036475522369741, 28.215491997345239 ], [ -114.036476122946979, 28.215497937722329 ], [ -114.036457814116034, 28.216160515523473 ], [ -114.036622118566669, 28.216432988434828 ], [ -114.037005245480572, 28.216730172692504 ], [ -114.037093939626047, 28.216908313971434 ], [ -114.037301112939971, 28.217149581466945 ], [ -114.037452362982222, 28.217203597693143 ], [ -114.03767386353249, 28.217208398420826 ], [ -114.038364418436458, 28.217639413777647 ], [ -114.038615859772833, 28.217788228893678 ], [ -114.038940881019926, 28.218243845701693 ], [ -114.039088773328189, 28.218419558490677 ], [ -114.03929856737841, 28.218566169296206 ], [ -114.039450380548374, 28.21859990048603 ], [ -114.03994904776944, 28.218610700969446 ], [ -114.040072950702481, 28.218650589052928 ], [ -114.041414173772708, 28.219444349366558 ], [ -114.041419036809089, 28.219447570927844 ], [ -114.04374510809761, 28.221044848479274 ], [ -114.044669655304929, 28.221743757068925 ], [ -114.044978088518903, 28.222219835226174 ], [ -114.0429831783227, 28.222264949700207 ], [ -114.040804012528355, 28.222314231075796 ], [ -114.039229666694027, 28.222349834575343 ], [ -114.038752858873139, 28.222360617483812 ], [ -114.038151604170693, 28.222166498118327 ], [ -114.037496801032376, 28.221934680483557 ], [ -114.037058304311373, 28.221753798129853 ], [ -114.036510860291784, 28.221472227126366 ], [ -114.036281095403197, 28.221357312862413 ], [ -114.036069338462156, 28.221281687767455 ], [ -114.035996592989477, 28.221288566446422 ], [ -114.035868870705031, 28.22139629214416 ], [ -114.035834935896688, 28.22144967649449 ], [ -114.03580429583792, 28.221591077840753 ], [ -114.035794459123977, 28.221739695418567 ], [ -114.035785832482262, 28.222051732259327 ], [ -114.035771131091394, 28.222313397866056 ], [ -114.035754942783726, 28.222428414724927 ], [ -114.030998998761731, 28.222535969397558 ], [ -114.004842917730343, 28.223127483662594 ], [ -113.99905460324095, 28.223258385175967 ], [ -113.995014639165589, 28.223349748112867 ], [ -113.990469749828549, 28.22345252982824 ], [ -113.990270669684136, 28.221806156107458 ], [ -113.990133574823759, 28.220753686202535 ], [ -113.990089888993282, 28.220512348501469 ], [ -113.990001318237063, 28.220106320830293 ], [ -113.989864582068776, 28.219616398053503 ], [ -113.989655816537166, 28.219095576564431 ], [ -113.989487343014318, 28.218757724003542 ], [ -113.989158074197732, 28.218211599906898 ], [ -113.988957658776371, 28.217733642920201 ], [ -113.98881849248481, 28.217250270219452 ], [ -113.98836947162151, 28.215472487604615 ], [ -113.988207413847547, 28.214988610097294 ], [ -113.9879001592995, 28.21450829781292 ], [ -113.987623281829784, 28.214306014593589 ], [ -113.986638445412353, 28.213842334897592 ], [ -113.986338676365506, 28.213639544628432 ], [ -113.985924587296054, 28.213156873061067 ], [ -113.985632801663627, 28.212670132627178 ], [ -113.984986704986355, 28.211450452033983 ], [ -113.984685240065957, 28.21088134668102 ], [ -113.984528476400527, 28.210617443244804 ], [ -113.984371710810422, 28.210353535216402 ], [ -113.983856121858892, 28.209679202841574 ], [ -113.983433095885104, 28.209243681872501 ], [ -113.981974582174189, 28.207885576097841 ], [ -113.981618827354751, 28.207502271788719 ], [ -113.981417130455569, 28.207071631875152 ], [ -113.981484744433317, 28.20683973689156 ], [ -113.982001968391401, 28.206188198818587 ], [ -113.982094471258208, 28.205885821709604 ], [ -113.982008931702239, 28.205126268103147 ], [ -113.981794232197117, 28.204343568581272 ], [ -113.980877866066734, 28.201450522377559 ], [ -113.98064114279623, 28.200636893384939 ], [ -113.980452776067793, 28.199733006278812 ], [ -113.980420401506137, 28.19925536814932 ], [ -113.980457683921614, 28.197930277206101 ], [ -113.98044477759467, 28.19757483656856 ], [ -113.980347267499042, 28.197241204697569 ], [ -113.980220873956043, 28.197120028303186 ], [ -113.980122405363346, 28.19707365507556 ], [ -113.979728548575835, 28.196888169374073 ], [ -113.979601870783696, 28.196777133484598 ], [ -113.979503032044192, 28.196490825886581 ], [ -113.979488511413436, 28.196192851000227 ], [ -113.979519585863997, 28.195088609026264 ], [ -113.979505921095821, 28.194760211103173 ], [ -113.979411079155255, 28.194331929544845 ], [ -113.97937605321944, 28.194250438623659 ], [ -113.979289255943613, 28.194048496618763 ], [ -113.978815593652783, 28.193154090518593 ], [ -113.978718947665797, 28.192790035015758 ], [ -113.978741590333314, 28.19198551605702 ], [ -113.97887058045184, 28.191200258497734 ], [ -113.979449869072482, 28.188340238685139 ], [ -113.979557953887394, 28.187483486791098 ], [ -113.979483084479199, 28.186345334610657 ], [ -113.979268047588732, 28.185576154933802 ], [ -113.978688249991393, 28.184045616519665 ], [ -113.978339434070051, 28.183124799700998 ], [ -113.978133286092742, 28.182447140909048 ] ] ] ] } },
{ "type": "Feature", "properties": { "fid": 3.0, "cat": 4, "CLAVE_ACUI": "0228", "NOM_ACUIF": "LLANOS DEL BERRENDO", "VULNERABIL": 3 }, "geometry": { "type": "MultiPolygon", "coordinates": [ [ [ [ -114.037957561037175, 28.222378602976914 ], [ -114.03718933953823, 28.222395976144355 ], [ -114.036503098400559, 28.222411395795579 ], [ -114.036124498240312, 28.222420057306092 ], [ -114.035821300096913, 28.222426365555588 ], [ -114.035754942783726, 28.222428414724927 ], [ -114.035771131091394, 28.222313397866056 ], [ -114.035785832482262, 28.222051732259327 ], [ -114.035794459123977, 28.221739695418567 ], [ -114.03580429583792, 28.221591077840753 ], [ -114.035834935896688, 28.22144967649449 ], [ -114.035868870705031, 28.22139629214416 ], [ -114.035996592989477, 28.221288566446422 ], [ -114.036069338462156, 28.221281687767455 ], [ -114.036281095403197, 28.221357312862413 ], [ -114.036510860291784, 28.221472227126366 ], [ -114.037058304311373, 28.221753798129853 ], [ -114.037496801032376, 28.221934680483557 ], [ -114.038151604170693, 28.222166498118327 ], [ -114.038752858873139, 28.222360617483812 ], [ -114.037957561037175, 28.222378602976914 ] ] ] ] } },
{ "type": "Feature", "properties": { "fid": 4.0, "cat": 5, "CLAVE_ACUI": "0228", "NOM_ACUIF": "LLANOS DEL BERRENDO", "VULNERABIL": 4 }, "geometry": { "type": "MultiPolygon", "coordinates": [ [ [ [ -114.01926356278959, 28.115549250263371 ], [ -114.019038924526399, 28.114660394672416 ], [ -114.018994717850404, 28.114327944792585 ], [ -114.019013056072069, 28.113665367677569 ], [ -114.019083459089202, 28.113051278704493 ], [ -114.019393658323352, 28.110848105936217 ], [ -114.019453179727449, 28.11021348446225 ], [ -114.019420757342829, 28.109455091712292 ], [ -114.019314919752986, 28.109006295049003 ], [ -114.018853439493071, 28.107670302848231 ], [ -114.018677299956082, 28.107280861967581 ], [ -114.018316791527198, 28.106799463496923 ], [ -114.017977919634831, 28.106501191802092 ], [ -114.016757036744437, 28.105590650425167 ], [ -114.016417892203862, 28.105302516920361 ], [ -114.016056089564572, 28.104868440531209 ], [ -114.015878372508794, 28.104536465377102 ], [ -114.015410832456965, 28.10342132422543 ], [ -114.015210527440146, 28.103078708874428 ], [ -114.01474330796853, 28.102594978211599 ], [ -114.01427615818892, 28.102246548765955 ], [ -114.013705186728828, 28.101865765223771 ], [ -114.012563365464388, 28.101104264718444 ], [ -114.012108227997444, 28.100735795244205 ], [ -114.011697025820013, 28.100158565929181 ], [ -114.011564729738737, 28.099702423136176 ], [ -114.011358549939075, 28.098150986558199 ], [ -114.011282311268658, 28.097736656228673 ], [ -114.011132708877696, 28.09735455130371 ], [ -114.010995229760226, 28.097223017373633 ], [ -114.01050326372328, 28.096991296373599 ], [ -114.010376659004848, 28.096880294200567 ], [ -114.010277801939736, 28.096594006013582 ], [ -114.010263182057827, 28.096296025140635 ], [ -114.010293811676931, 28.095191735819011 ], [ -114.010288819765705, 28.095123897726197 ], [ -114.010268881163583, 28.094852939742193 ], [ -114.01012191087554, 28.09437618077947 ], [ -114.009936884719707, 28.094033892481363 ], [ -114.009578644354931, 28.093473598799985 ], [ -114.009220407525646, 28.09291330442786 ], [ -114.009133755161244, 28.092737213906716 ], [ -114.00904710305754, 28.092561123348595 ], [ -114.008954817878589, 28.092038201359411 ], [ -114.008996285112829, 28.091643351104118 ], [ -114.009282078477412, 28.090323637763667 ], [ -114.009314644761702, 28.090061319734655 ], [ -114.00933610349098, 28.089888470919234 ], [ -114.009302432025109, 28.089177406451217 ], [ -114.009200306115403, 28.08859676695069 ], [ -114.008974111896322, 28.087576091567996 ], [ -114.008757397877957, 28.086598180030634 ], [ -114.008608834404939, 28.086041895951443 ], [ -114.008358440085246, 28.085444490734719 ], [ -114.008283301232936, 28.085337732966266 ], [ -114.008149297247343, 28.085147338654288 ], [ -114.007423696481595, 28.084358032452126 ], [ -114.007270744906208, 28.084097622209114 ], [ -114.007282565154966, 28.083671682477537 ], [ -114.007452401200482, 28.083323607230163 ], [ -114.00823313824597, 28.082125192203293 ], [ -114.008437692724911, 28.081762651563253 ], [ -114.008611553234147, 28.081269213665706 ], [ -114.008655371831651, 28.080926843344589 ], [ -114.008670684756311, 28.080374706655746 ], [ -114.008685998146618, 28.079822553177241 ], [ -114.00872883111056, 28.079515677754131 ], [ -114.008898092340644, 28.079187882556955 ], [ -114.009097060909994, 28.079026478876916 ], [ -114.009856316851696, 28.078601054234689 ], [ -114.01004441138646, 28.078419116730878 ], [ -114.010162932772488, 28.077995502418361 ], [ -114.010144155035192, 28.07757227687145 ], [ -114.009938007165559, 28.076020838655833 ], [ -114.00994378338315, 28.075537262914189 ], [ -114.010162323762458, 28.074876062362854 ], [ -114.010176882533699, 28.074832014009612 ], [ -114.010504102475409, 28.0743080904431 ], [ -114.011798005514692, 28.072568353524154 ], [ -114.01213608145747, 28.072064956860892 ], [ -114.012419890339046, 28.071455518416482 ], [ -114.012487257974954, 28.071088289600546 ], [ -114.012517832462024, 28.069983993979129 ], [ -114.012503202789674, 28.069686012149244 ], [ -114.01240435782681, 28.069399725999332 ], [ -114.01227778063064, 28.069288727536865 ], [ -114.011785933092511, 28.069057019909305 ], [ -114.011658514416823, 28.068976445405138 ], [ -114.011555740269401, 28.068832139622032 ], [ -114.011536338594269, 28.068706563095414 ], [ -114.011548571262665, 28.068264845102956 ], [ -114.011574900476404, 28.068140264996973 ], [ -114.011685537460693, 28.068000609112651 ], [ -114.01170781524192, 28.067987936840346 ], [ -114.011817260995457, 28.067925680702164 ], [ -114.012052493533389, 28.067827676254471 ], [ -114.012321332912578, 28.067715669518858 ], [ -114.01247676329514, 28.067610814001249 ], [ -114.012698033552297, 28.067331500380423 ], [ -114.012858702991565, 28.067037336383837 ], [ -114.013387217122059, 28.065943883134445 ], [ -114.013503836255737, 28.065587873249278 ], [ -114.013519551518016, 28.065019948830287 ], [ -114.013425384025126, 28.064564638239826 ], [ -114.012970227479812, 28.063007779446497 ], [ -114.012818341282895, 28.062571506925046 ], [ -114.012564690107368, 28.06209242757761 ], [ -114.012354217372661, 28.061844300896365 ], [ -114.011625666729216, 28.061165453969455 ], [ -114.01143164388202, 28.060943053444859 ], [ -114.011254749683175, 28.060584033122726 ], [ -114.011196066072813, 28.060293547649682 ], [ -114.011099103311381, 28.059296969157252 ], [ -114.011029229226253, 28.059204118245223 ], [ -114.01093921872048, 28.059425404493229 ], [ -114.010909844024866, 28.059292845510686 ], [ -114.010864668927994, 28.059047830022045 ], [ -114.010853488217805, 28.058987189244942 ], [ -114.010811934003641, 28.058560084152528 ], [ -114.010808926389103, 28.058255590286226 ], [ -114.010836444117416, 28.057261723906333 ], [ -114.010917247206223, 28.056822063293652 ], [ -114.01126680668321, 28.055764179303047 ], [ -114.011685367131761, 28.054692575423093 ], [ -114.013289015843426, 28.050749624199508 ], [ -114.013695961482327, 28.0496828324166 ], [ -114.013991467044576, 28.048647439305263 ], [ -114.014006679596719, 28.048235099719342 ], [ -114.013782171774039, 28.047346242052136 ], [ -114.013761410642473, 28.046994005446727 ], [ -114.013889029960083, 28.046239092200665 ], [ -114.014092101677761, 28.045512880828021 ], [ -114.014912123933513, 28.042878802490325 ], [ -114.015147847442876, 28.04179813097813 ], [ -114.01542788531556, 28.039389079594855 ], [ -114.015592210406851, 28.037028248675835 ], [ -114.016078945969483, 28.028420080146887 ], [ -114.016184675642393, 28.026108708883193 ], [ -114.016191430167055, 28.023930488135861 ], [ -114.016095358486822, 28.023130116378347 ], [ -114.015640278950414, 28.021573268809924 ], [ -114.015525506179785, 28.021036329898742 ], [ -114.015521892116695, 28.02099374798993 ], [ -114.015444973095995, 28.020087463006007 ], [ -114.015444697335937, 28.019268877751216 ], [ -114.015523936088826, 28.016397679299104 ], [ -114.015482705818471, 28.015405693031088 ], [ -114.015211069922472, 28.013647622936936 ], [ -114.015186974367339, 28.013542051052315 ], [ -114.01486425561508, 28.012128080211475 ], [ -114.014648948571732, 28.01127550494833 ], [ -114.014406195540943, 28.011049234004457 ], [ -114.014250483791997, 28.010753257463371 ], [ -114.014009335646918, 28.009824575874465 ], [ -114.013820551639128, 28.008793864436658 ], [ -114.013420482832245, 28.006366995137753 ], [ -114.013181155669713, 28.00531114633613 ], [ -114.012973532630838, 28.003828545598306 ], [ -114.012778439731861, 28.00312627518862 ], [ -114.012672994323466, 28.003025125425619 ], [ -114.012985475309392, 28.002867818141716 ], [ -114.013033312366645, 28.002843736192702 ], [ -114.013199377093997, 28.002695131885979 ], [ -114.013343128087314, 28.002319410579403 ], [ -114.013382421955384, 28.001931270321435 ], [ -114.013413439773529, 28.000807343755866 ], [ -114.013435762419576, 28.000373527530407 ], [ -114.013482669589095, 28.000044170917025 ], [ -114.013577074358167, 27.999694541762423 ], [ -114.013712541812069, 27.999382674158024 ], [ -114.015671860019381, 27.999389036078316 ], [ -114.020405643096296, 27.999401406661296 ], [ -114.020842931696805, 27.999405251944573 ], [ -114.024199676130053, 27.999281000533049 ], [ -114.044236273285279, 27.99949235326455 ], [ -114.046135138663502, 27.99948795056287 ], [ -114.045672241693566, 28.000004728486878 ], [ -114.042891452736555, 28.002840598467113 ], [ -114.040529185669698, 28.005604233799524 ], [ -114.038925404460272, 28.008501447137363 ], [ -114.037468890504812, 28.010842520402427 ], [ -114.035691701410812, 28.013014277291006 ], [ -114.03522621849487, 28.01368079131997 ], [ -114.033102090595889, 28.016268996484705 ], [ -114.032288272040631, 28.01814578227869 ], [ -114.032682321978768, 28.020454607218792 ], [ -114.033151615848595, 28.020762435685061 ], [ -114.034066103001948, 28.020033464858987 ], [ -114.035686901626704, 28.018381571067479 ], [ -114.036853242104357, 28.016620619663332 ], [ -114.037383035578884, 28.014719632342402 ], [ -114.038088985812323, 28.013066004023557 ], [ -114.039652162197839, 28.011656373302237 ], [ -114.041568501032103, 28.009595807046516 ], [ -114.043117123549166, 28.007599460444254 ], [ -114.044409597652972, 28.006048625312488 ], [ -114.045614179155621, 28.003620858613843 ], [ -114.047877508824769, 28.000007034009201 ], [ -114.048177268035843, 27.999494581371611 ], [ -114.050853320929832, 27.999503270534575 ], [ -114.054376003363785, 27.999514708709739 ], [ -114.056970414157476, 27.999523132780222 ], [ -114.056587871672889, 27.999802033607619 ], [ -114.056313742728193, 28.000050841458126 ], [ -114.055961273656905, 28.000477409001959 ], [ -114.055735219418821, 28.000867672630061 ], [ -114.055548872682664, 28.001293162179383 ], [ -114.055307362455451, 28.001934357885528 ], [ -114.055108361474282, 28.002385056142405 ], [ -114.054716426949852, 28.003063327807578 ], [ -114.054355519940742, 28.003581588387334 ], [ -114.053063198730072, 28.005321857492888 ], [ -114.052621599082769, 28.005863751008384 ], [ -114.051853141243171, 28.006652324673926 ], [ -114.05119694181036, 28.007236963328722 ], [ -114.04890309273371, 28.009176679185337 ], [ -114.048246031887686, 28.009791726889837 ], [ -114.047473638516564, 28.010722257714193 ], [ -114.047027281363142, 28.011436541287338 ], [ -114.045716645181315, 28.013839326385153 ], [ -114.045281689490125, 28.01455384796067 ], [ -114.044562562464094, 28.015485504694738 ], [ -114.043970193173038, 28.016101920257267 ], [ -114.04192489297273, 28.018046850195056 ], [ -114.041559378307511, 28.018416059006075 ], [ -114.04140355821238, 28.018573452792381 ], [ -114.041016005537656, 28.019086023005073 ], [ -114.040983697852852, 28.019291665593546 ], [ -114.041220484749189, 28.019738761476376 ], [ -114.041234998819988, 28.019904821781925 ], [ -114.041065942479236, 28.020232673982068 ], [ -114.040809918084619, 28.020534973454826 ], [ -114.040201785344678, 28.021158369593827 ], [ -114.039784180351489, 28.02161784845044 ], [ -114.039528150500786, 28.021920143112208 ], [ -114.039448723521303, 28.022116365287978 ], [ -114.039428761530417, 28.022272182500231 ], [ -114.039427230761774, 28.022421363353498 ], [ -114.039435815842182, 28.022530856692057 ], [ -114.039390816323234, 28.022731845183234 ], [ -114.039356851098773, 28.022883549454178 ], [ -114.039240834970329, 28.02340173069593 ], [ -114.039206085186748, 28.023427475337638 ], [ -114.038192405022357, 28.024068601225142 ], [ -114.037927250101845, 28.024286132377732 ], [ -114.037703546732459, 28.024660156703579 ], [ -114.037649125966723, 28.024976946476833 ], [ -114.037618865718002, 28.026081274604273 ], [ -114.037576150070379, 28.026388169029154 ], [ -114.037407071000771, 28.026716014828203 ], [ -114.037208244895993, 28.026877471295528 ], [ -114.036828856163282, 28.027090279408881 ], [ -114.036449465996157, 28.027303086352635 ], [ -114.03626290024863, 28.027434362627758 ], [ -114.036151042227914, 28.027621372952314 ], [ -114.036177811224462, 28.027757254528719 ], [ -114.036414592583682, 28.028204358130822 ], [ -114.036420866412016, 28.028301141264027 ], [ -114.036427986903732, 28.028410985384923 ], [ -114.036253710119226, 28.028928142242229 ], [ -114.035991346579678, 28.029460309875983 ], [ -114.03494123646631, 28.031426595256107 ], [ -114.034664926021222, 28.032049788132966 ], [ -114.034425609256871, 28.032991742616009 ], [ -114.034360040430371, 28.033714199583162 ], [ -114.034293367291355, 28.036143710851675 ], [ -114.034228907031107, 28.036825600291191 ], [ -114.034135935444198, 28.037124457846456 ], [ -114.033908587103326, 28.037259819164134 ], [ -114.033994768396155, 28.037578239913298 ], [ -114.033724744190053, 28.03797154946594 ], [ -114.032698759443974, 28.039054349153705 ], [ -114.03241896796321, 28.039386557978656 ], [ -114.032139270263158, 28.039854071371959 ], [ -114.032019494391633, 28.040189739282859 ], [ -114.031740235502241, 28.04128867591438 ], [ -114.031626310781107, 28.041619395954498 ], [ -114.031373923708713, 28.042063819818225 ], [ -114.031127294922683, 28.042367990672123 ], [ -114.03022873897109, 28.043343026784317 ], [ -114.029915195027115, 28.043584860656139 ], [ -114.029350555087646, 28.043738385526716 ], [ -114.028857472047946, 28.043715872111431 ], [ -114.027121064968227, 28.043457273150786 ], [ -114.02664025212853, 28.043404574514575 ], [ -114.026132859679237, 28.043417258334152 ], [ -114.025888825386076, 28.043488077725286 ], [ -114.025257388953634, 28.043805883596832 ], [ -114.025154137260273, 28.043955860945804 ], [ -114.025303735171974, 28.044337951255258 ], [ -114.02562070034017, 28.044733816804278 ], [ -114.026950294154076, 28.046199092801743 ], [ -114.027324702630523, 28.046586051770173 ], [ -114.02774232847095, 28.046926589950008 ], [ -114.027964526455818, 28.047026114525767 ], [ -114.028583823952701, 28.047150023391033 ], [ -114.028708444019514, 28.047262655422223 ], [ -114.028670705555669, 28.047664364304904 ], [ -114.028492171735479, 28.048125601867174 ], [ -114.027696735550265, 28.049876330737227 ], [ -114.02752850754888, 28.050378380572077 ], [ -114.027535433662536, 28.050773163625276 ], [ -114.027538896685755, 28.050970555145845 ], [ -114.027721968740337, 28.051314469147499 ], [ -114.028565925348815, 28.052327224105387 ], [ -114.028847982122613, 28.052607320388585 ], [ -114.029320282703935, 28.052901683041991 ], [ -114.029712940760078, 28.053042104349736 ], [ -114.031073049078429, 28.053403034224221 ], [ -114.031431417545136, 28.05354270882221 ], [ -114.031712091079783, 28.053804165654284 ], [ -114.031768226568317, 28.054050616765938 ], [ -114.031743940841736, 28.054934070832225 ], [ -114.031765782091071, 28.055179779997715 ], [ -114.031891994658551, 28.055442968737157 ], [ -114.032050457365912, 28.055573243355411 ], [ -114.032663739567212, 28.055918001387994 ], [ -114.032840605594401, 28.056003008435191 ], [ -114.033052695851111, 28.056054951260027 ], [ -114.033178815642614, 28.056044148324691 ], [ -114.033555283892269, 28.055941791329804 ], [ -114.033731309459043, 28.055779850943107 ], [ -114.034176290811388, 28.055126485635469 ], [ -114.034635947424178, 28.054355045439706 ], [ -114.036335973787473, 28.05140833988813 ], [ -114.037100330591997, 28.050577509862148 ], [ -114.03896734400999, 28.049647009395986 ], [ -114.04087014645232, 28.049148533881006 ], [ -114.047882806118508, 28.047752605884515 ], [ -114.049821536539625, 28.047401918027695 ], [ -114.051856371949455, 28.047161510302661 ], [ -114.052824558486634, 28.047168776884256 ], [ -114.054066247603998, 28.04730593762018 ], [ -114.055307940945454, 28.047443087344128 ], [ -114.055666045254213, 28.047426925747978 ], [ -114.055968325323235, 28.04741328281894 ], [ -114.056566723645432, 28.046999909508255 ], [ -114.056761192130026, 28.04643918306213 ], [ -114.056946062585482, 28.045121434280095 ], [ -114.057074832830907, 28.045200763530495 ], [ -114.057699670156168, 28.045403601488346 ], [ -114.058151618278416, 28.045981608523267 ], [ -114.058260295572168, 28.046471067459056 ], [ -114.058893340349414, 28.046746243700014 ], [ -114.059339409589697, 28.047540623275804 ], [ -114.060245697513054, 28.048236611433573 ], [ -114.060443631454746, 28.048809169670491 ], [ -114.060432344613616, 28.049223890009749 ], [ -114.061058297081829, 28.049760512012856 ], [ -114.061633447240894, 28.050296043516383 ], [ -114.062790493717173, 28.051493537462331 ], [ -114.063658395397297, 28.052107495590644 ], [ -114.064442805797043, 28.052800850720566 ], [ -114.066072510308857, 28.053818992561844 ], [ -114.06656959380679, 28.054235563908424 ], [ -114.06726857851524, 28.055080433950319 ], [ -114.067555203116015, 28.05538425181037 ], [ -114.068314189589358, 28.055517745093027 ], [ -114.06910991207117, 28.055796354256806 ], [ -114.069490941088986, 28.05599393381047 ], [ -114.069659654889975, 28.05577201379802 ], [ -114.069127286378389, 28.05515623804396 ], [ -114.06927358749185, 28.054636148288015 ], [ -114.070199325549027, 28.054619836736521 ], [ -114.071251059498238, 28.054831732620357 ], [ -114.072400613771293, 28.054811162993261 ], [ -114.073534630940316, 28.054988713594053 ], [ -114.074386307098251, 28.055079045687048 ], [ -114.075269204637678, 28.055142975209094 ], [ -114.075854619552089, 28.055678670785124 ], [ -114.076546700654802, 28.056406077793106 ], [ -114.077380089764745, 28.057172576154588 ], [ -114.077965367192178, 28.05733840033859 ], [ -114.078269107000182, 28.05701109296724 ], [ -114.078454066595683, 28.056563982477773 ], [ -114.078719348154124, 28.056154665961884 ], [ -114.079269094323749, 28.05613028692634 ], [ -114.080106480573789, 28.056373636865139 ], [ -114.080908508848324, 28.056796649559754 ], [ -114.081481606443603, 28.057413249879559 ], [ -114.08226008550281, 28.058331909630752 ], [ -114.082897166280731, 28.058462731183422 ], [ -114.083071947717073, 28.058015397191923 ], [ -114.08287192966003, 28.057514988638051 ], [ -114.082188810765786, 28.056454024406499 ], [ -114.080878901556389, 28.056011192468965 ], [ -114.080083140608266, 28.055732649248714 ], [ -114.080346463774248, 28.055395455414249 ], [ -114.081323025671921, 28.055380150411551 ], [ -114.082551698681272, 28.055442367915543 ], [ -114.083689886513781, 28.055466566990397 ], [ -114.084701988884675, 28.055641434748804 ], [ -114.0851908837693, 28.056364483360543 ], [ -114.085865688194417, 28.056604344449212 ], [ -114.08658309222254, 28.056772938822622 ], [ -114.087159386303966, 28.057272311598577 ], [ -114.087567976263173, 28.057957563621684 ], [ -114.088407344882484, 28.058128738270025 ], [ -114.08924496939683, 28.058741901700984 ], [ -114.090294850310244, 28.059025784212736 ], [ -114.090922757307951, 28.059120290353345 ], [ -114.091603665615764, 28.05913472793835 ], [ -114.091948266472386, 28.058799233526212 ], [ -114.091965507683483, 28.058159104529803 ], [ -114.091733538559581, 28.057333271665044 ], [ -114.091803571663746, 28.056243209242279 ], [ -114.09237877760134, 28.055650990703963 ], [ -114.093356349350373, 28.05522065252784 ], [ -114.09386350202773, 28.0552674804728 ], [ -114.094359495588492, 28.055729039105195 ], [ -114.095105434257306, 28.05634924679627 ], [ -114.096061887489086, 28.057082159851138 ], [ -114.097072094357557, 28.05732906638017 ], [ -114.097833327389353, 28.057381256351139 ], [ -114.09855778703951, 28.05728832712256 ], [ -114.099142137344629, 28.057490127172507 ], [ -114.099679048890309, 28.058322397812329 ], [ -114.09965168092323, 28.059341201595366 ], [ -114.099151968483682, 28.060530439235517 ], [ -114.098809752287224, 28.06229133317499 ], [ -114.098503086373796, 28.064242419844543 ], [ -114.098258565611772, 28.06690748402621 ], [ -114.098448975111154, 28.067768513810691 ], [ -114.099022232344495, 28.068385051753992 ], [ -114.098869972032148, 28.069509464854367 ], [ -114.098226909867208, 28.071110631346848 ], [ -114.097513647670809, 28.072674223543068 ], [ -114.097036058343008, 28.074549515642499 ], [ -114.096977594798474, 28.076722352143925 ], [ -114.097151507170452, 28.078196465530969 ], [ -114.09686622921204, 28.08086065677313 ], [ -114.09725797477661, 28.082177002964094 ], [ -114.097661398185508, 28.082681701048312 ], [ -114.098425962740549, 28.082616693980512 ], [ -114.098809083472077, 28.082742075039793 ], [ -114.099599034759578, 28.08324592528594 ], [ -114.100196613088144, 28.082960870394601 ], [ -114.10005021211127, 28.082353362843293 ], [ -114.099274345360698, 28.080947707467203 ], [ -114.098133777579449, 28.079489225471466 ], [ -114.097810247437792, 28.078661462141557 ], [ -114.097711556311069, 28.07779335198807 ], [ -114.097852692154959, 28.077083675663594 ], [ -114.098225689333802, 28.076072189652919 ], [ -114.098833411409316, 28.075408468579365 ], [ -114.099725698771252, 28.075508532664713 ], [ -114.100047069575822, 28.076038551131603 ], [ -114.100354146519393, 28.077100509761532 ], [ -114.100460115798839, 28.078077025888383 ], [ -114.101156612097697, 28.079029943258906 ], [ -114.10182616687446, 28.080547264623227 ], [ -114.101560874550785, 28.081296288548529 ], [ -114.100173196486438, 28.086570990859311 ], [ -114.099844761368303, 28.088005064691668 ], [ -114.099817156848786, 28.088275094963578 ], [ -114.099740358385077, 28.088577911309933 ], [ -114.099315229147805, 28.090344822209538 ], [ -114.099115036822425, 28.091406129019337 ], [ -114.099078272531457, 28.091496683284852 ], [ -114.098984587605599, 28.091788993503318 ], [ -114.098947714567245, 28.092167072773449 ], [ -114.098988724330582, 28.09241487588881 ], [ -114.098989722519221, 28.092418279687379 ], [ -114.098984084754889, 28.092587294113898 ], [ -114.099203423868303, 28.093696942765305 ], [ -114.099235168473299, 28.09407647407161 ], [ -114.099219723519425, 28.094219968430423 ], [ -114.099051086411606, 28.094491466364072 ], [ -114.098761944986478, 28.0953141020202 ], [ -114.098631964845197, 28.096033551563625 ], [ -114.098469138637768, 28.097333749899871 ], [ -114.098313522466611, 28.09818044528258 ], [ -114.09809351298297, 28.1004015848346 ], [ -114.097944560407214, 28.102674967689694 ], [ -114.097713818156294, 28.106748404059395 ], [ -114.097578043308616, 28.107029720150937 ], [ -114.097504440885217, 28.107354588601872 ], [ -114.097424924985503, 28.108323729670612 ], [ -114.097384932211781, 28.109383348352857 ], [ -114.09727780329095, 28.113359093005212 ], [ -114.097240990262776, 28.114137543022089 ], [ -114.097100291336417, 28.115557446220269 ], [ -114.096934884470556, 28.1164571125029 ], [ -114.096383070053392, 28.118434423746336 ], [ -114.096346292817259, 28.118592649595641 ], [ -114.096249279941276, 28.119010023069801 ], [ -114.096176753933548, 28.119718844466494 ], [ -114.096206936983791, 28.120155847365069 ], [ -114.096420320351015, 28.121486372833601 ], [ -114.09643797095174, 28.12196370195981 ], [ -114.096306953026343, 28.122860712276697 ], [ -114.09610213093535, 28.123664825952844 ], [ -114.095277283518215, 28.126520340734654 ], [ -114.095060183410951, 28.127354635271907 ], [ -114.094871924897021, 28.128392500220162 ], [ -114.094820086782505, 28.129040870374148 ], [ -114.094766433546894, 28.131028732808495 ], [ -114.094702877950098, 28.131687002034322 ], [ -114.09445993813857, 28.132771062487198 ], [ -114.094176433307254, 28.133661450290258 ], [ -114.093096312126008, 28.136732524798379 ], [ -114.092825593693945, 28.137572439962888 ], [ -114.092642402094057, 28.138420977915533 ], [ -114.092651422271715, 28.138793260613991 ], [ -114.092764064518747, 28.139237642543179 ], [ -114.092876712022374, 28.139682042138158 ], [ -114.09288573270527, 28.140054324829784 ], [ -114.092794550812201, 28.140476665512704 ], [ -114.092702535486154, 28.140902862315851 ], [ -114.092431800458357, 28.141742775245014 ], [ -114.091351527630081, 28.144813823065657 ], [ -114.091081043815379, 28.145643589284852 ], [ -114.090899098914008, 28.146444792200249 ], [ -114.090909665443576, 28.146759602360447 ], [ -114.090978203734551, 28.146957552307899 ], [ -114.091140924322957, 28.147427513703132 ], [ -114.091177941034601, 28.147610962817932 ], [ -114.091119425138046, 28.147799147459068 ], [ -114.090998814045591, 28.147884533446707 ], [ -114.090494477203933, 28.148094815553151 ], [ -114.090411774478284, 28.148144491340219 ], [ -114.090373805305603, 28.148189498737032 ], [ -114.090370563730801, 28.148258389903557 ], [ -114.09038598221899, 28.148331831573653 ], [ -114.090421865594692, 28.148380796803696 ], [ -114.090786677387101, 28.148720048205728 ], [ -114.090941139728031, 28.148812775182368 ], [ -114.090944397598491, 28.1488147309502 ], [ -114.091311840204725, 28.148916289620175 ], [ -114.091315612548755, 28.148917332270745 ], [ -114.091688199550575, 28.148969222138934 ], [ -114.092785721118375, 28.149043787795453 ], [ -114.09368791807276, 28.14905552386481 ], [ -114.09226116796863, 28.150968382482773 ], [ -114.091103658515976, 28.152520267375213 ], [ -114.08938915565669, 28.154895412237 ], [ -114.088163201960626, 28.156663990032367 ], [ -114.087418776446725, 28.1577510766388 ], [ -114.086333846171357, 28.159335403276256 ], [ -114.083984046890109, 28.163119509385915 ], [ -114.083373695892774, 28.163710776629145 ], [ -114.081954664448673, 28.166079656986565 ], [ -114.080932354323835, 28.167862992899046 ], [ -114.07977272494881, 28.170092639796508 ], [ -114.078712259707061, 28.171685245301155 ], [ -114.077636546767323, 28.173619258676968 ], [ -114.076591373527208, 28.176150259954039 ], [ -114.072113068243624, 28.184704549287591 ], [ -114.071701118296971, 28.186194158675772 ], [ -114.070816166480256, 28.188736603170327 ], [ -114.069969328758447, 28.190260544533757 ], [ -114.069107251940181, 28.192379566488967 ], [ -114.068123085833378, 28.194054185526081 ], [ -114.06722285363476, 28.195948145279253 ], [ -114.066768427478323, 28.196865428362095 ], [ -114.066192923405225, 28.198027113583979 ], [ -114.065315559486294, 28.199325993621592 ], [ -114.063873595466617, 28.200422699130669 ], [ -114.063205970858832, 28.200618541783737 ], [ -114.062553682498788, 28.200809885663976 ], [ -114.062603943627437, 28.202472834063688 ], [ -114.062874486344356, 28.211424057209506 ], [ -114.063431462433257, 28.211778814717622 ], [ -114.064255472580072, 28.212076353405564 ], [ -114.065682253788751, 28.213234085711669 ], [ -114.066117164142867, 28.213865403508215 ], [ -114.066460533841862, 28.214939217328304 ], [ -114.066498715213598, 28.215904316050203 ], [ -114.066666595785932, 28.216745438324441 ], [ -114.066758205070414, 28.218326596411803 ], [ -114.066964267415656, 28.220197657162423 ], [ -114.067177949747105, 28.221717790038959 ], [ -114.066558077808494, 28.221731808312327 ], [ -114.066489664979898, 28.221179220697373 ], [ -114.066450526629225, 28.220577947111853 ], [ -114.066184253478482, 28.218872323985348 ], [ -114.066055321422454, 28.216972380785805 ], [ -114.065944716709268, 28.216083371723172 ], [ -114.065820757122736, 28.214781232066162 ], [ -114.0654327015136, 28.213705881605467 ], [ -114.064472966018528, 28.212627218445139 ], [ -114.063597436062793, 28.211887365331489 ], [ -114.062655724800408, 28.211543571722643 ], [ -114.062237383063646, 28.211241210349048 ], [ -114.06189529408465, 28.20065226401227 ], [ -114.05943648476692, 28.200824777348618 ], [ -114.058289574623799, 28.20069185746576 ], [ -114.057668062916306, 28.200335695676628 ], [ -114.057477110367358, 28.199501677006843 ], [ -114.057567661270838, 28.199169857702771 ], [ -114.057867947002435, 28.198986883428663 ], [ -114.058083613771842, 28.198919357706803 ], [ -114.058273155942715, 28.19831904479469 ], [ -114.058160393065734, 28.19760397881269 ], [ -114.058479202731348, 28.196744844277895 ], [ -114.058847895750233, 28.195922864617419 ], [ -114.059332265678137, 28.195337911142257 ], [ -114.059814850180928, 28.194446211056132 ], [ -114.060318957171972, 28.193140015819267 ], [ -114.060485299032237, 28.191898724467638 ], [ -114.060848717933951, 28.190896208318225 ], [ -114.061433203741061, 28.189627817377232 ], [ -114.062048814466834, 28.189081754488878 ], [ -114.062317737152895, 28.188555304653327 ], [ -114.062206924234331, 28.187768115944767 ], [ -114.062449447781091, 28.186717892728716 ], [ -114.063043010331384, 28.185115917644843 ], [ -114.063242601257983, 28.184145957272538 ], [ -114.063310168888407, 28.183164141127307 ], [ -114.062896163397681, 28.182668129129151 ], [ -114.062700010317712, 28.182023440714808 ], [ -114.062788847590795, 28.180636145645064 ], [ -114.062731055675599, 28.179399055466742 ], [ -114.06223690790442, 28.17885621740751 ], [ -114.061993657728365, 28.178445057581783 ], [ -114.061800721036406, 28.177683167013029 ], [ -114.061784683864403, 28.176780742967459 ], [ -114.061563138728033, 28.175576218712443 ], [ -114.060958029361359, 28.17462505800448 ], [ -114.060631617634129, 28.173905402830403 ], [ -114.060158964095478, 28.172578211637916 ], [ -114.0602354822921, 28.171641693186608 ], [ -114.060548999878364, 28.17097186937854 ], [ -114.060836369486054, 28.16976925577476 ], [ -114.061415539610209, 28.168690178503198 ], [ -114.062340502525203, 28.167248669043655 ], [ -114.062758850811122, 28.166093965124269 ], [ -114.063080709406151, 28.16511760474889 ], [ -114.063317733308992, 28.164265714106229 ], [ -114.063812510383968, 28.163293061860099 ], [ -114.064194059484976, 28.163111810525123 ], [ -114.065016309985879, 28.160955428744707 ], [ -114.065469135349929, 28.160026972969188 ], [ -114.0654866074495, 28.159386868676386 ], [ -114.065721873293327, 28.158598079752043 ], [ -114.065710957583136, 28.157506324976584 ], [ -114.065785351454537, 28.156272065613926 ], [ -114.06609681365606, 28.15567434629892 ], [ -114.066742706354248, 28.155128897586891 ], [ -114.067923814247294, 28.153990514817011 ], [ -114.069524137355998, 28.152779908178079 ], [ -114.071255424745075, 28.151617187103071 ], [ -114.073305193785529, 28.149595247421686 ], [ -114.073976491626212, 28.149609597787851 ], [ -114.074182974135823, 28.149875616600799 ], [ -114.07434460351746, 28.150294031493285 ], [ -114.074182945572204, 28.15137308174678 ], [ -114.074211367464528, 28.151824733092958 ], [ -114.074329124943546, 28.152359481745705 ], [ -114.074275194297584, 28.152845456386597 ], [ -114.073803135390705, 28.152988720638767 ], [ -114.073336473261023, 28.152933639395854 ], [ -114.073154233695632, 28.153272535921197 ], [ -114.073140001664285, 28.153795442093667 ], [ -114.072670009870635, 28.154236434945734 ], [ -114.072443151928937, 28.154718709859189 ], [ -114.072256733090654, 28.155210870122374 ], [ -114.072496789229888, 28.155739214911943 ], [ -114.07341516842753, 28.156399336262425 ], [ -114.073947027361285, 28.157051189310312 ], [ -114.074979396416126, 28.158011426893026 ], [ -114.075686404365612, 28.158585829214712 ], [ -114.075933594793284, 28.158852716051452 ], [ -114.076192800265673, 28.15867783611133 ], [ -114.076202116931512, 28.158335241727542 ], [ -114.076548089918091, 28.157963755170844 ], [ -114.076953008645191, 28.1572958373335 ], [ -114.076971390803081, 28.156619663590224 ], [ -114.076638783510376, 28.15612543227202 ], [ -114.076099556685364, 28.15574405808287 ], [ -114.075994901768226, 28.15510133981202 ], [ -114.076335716297706, 28.154919181502088 ], [ -114.076512802219256, 28.15476960890183 ], [ -114.076534126414458, 28.153985247369164 ], [ -114.076426405981266, 28.1530808581043 ], [ -114.075975920187474, 28.152430752949567 ], [ -114.075400195536588, 28.151895242320631 ], [ -114.075334270427064, 28.151325518212918 ], [ -114.075427899508099, 28.150876474455441 ], [ -114.075899947231548, 28.150733203698007 ], [ -114.07641856081743, 28.150374424445431 ], [ -114.076844774426803, 28.150419610030543 ], [ -114.077362648611057, 28.150087873817508 ], [ -114.07732085707643, 28.149753208524853 ], [ -114.077040102277252, 28.149224002331756 ], [ -114.076243932083926, 28.148936373536312 ], [ -114.074929649291931, 28.148989485155887 ], [ -114.074089614931182, 28.148818178351767 ], [ -114.073881172309598, 28.148624284620428 ], [ -114.073977746997016, 28.148067054329907 ], [ -114.074259733555706, 28.147053721569339 ], [ -114.074804075628677, 28.145748304549482 ], [ -114.075270959240896, 28.144296895549125 ], [ -114.07547461937267, 28.142794757314356 ], [ -114.075687456346202, 28.139831429273148 ], [ -114.075498384442909, 28.13892530158293 ], [ -114.075020508722588, 28.137787482457561 ], [ -114.07497394662424, 28.136505520753296 ], [ -114.074656596841095, 28.135452317759579 ], [ -114.07477165075079, 28.134588769535448 ], [ -114.074958870098911, 28.133690678880097 ], [ -114.075133951634015, 28.13211576095496 ], [ -114.075235853394148, 28.129508658278841 ], [ -114.075267472883056, 28.128699690366457 ], [ -114.075357136248911, 28.126897423903646 ], [ -114.075271846067338, 28.125542466597441 ], [ -114.074924372176881, 28.124100722287572 ], [ -114.074669158449083, 28.122633884996006 ], [ -114.07480561355041, 28.120607094446683 ], [ -114.074815877752656, 28.1187309640428 ], [ -114.074935062377179, 28.117714145738962 ], [ -114.075517683070558, 28.116490718830946 ], [ -114.07567543815442, 28.115177032129857 ], [ -114.07575184527208, 28.113861608593563 ], [ -114.075269891556744, 28.112877061648959 ], [ -114.074412967951659, 28.111839402680115 ], [ -114.073715557087624, 28.110922417848879 ], [ -114.073142251558693, 28.110305771219203 ], [ -114.073412602361131, 28.10971616559997 ], [ -114.074062325321549, 28.109017388904444 ], [ -114.074554503769008, 28.108125805791442 ], [ -114.07500600475278, 28.107233352082869 ], [ -114.074527264126601, 28.106131600342433 ], [ -114.073838208604798, 28.104908084541471 ], [ -114.072847962170187, 28.103912676693241 ], [ -114.072218717702953, 28.1034842723606 ], [ -114.072157474546813, 28.104240720783281 ], [ -114.072174871083305, 28.105098079333398 ], [ -114.072593556139466, 28.10541373532007 ], [ -114.073312474915681, 28.105537342562254 ], [ -114.073601197234211, 28.105769031665925 ], [ -114.073721126651847, 28.106222638779347 ], [ -114.07350345517861, 28.106371345864503 ], [ -114.073248298218417, 28.10640198001072 ], [ -114.073242176008861, 28.106627372183986 ], [ -114.07381644395781, 28.107207954496044 ], [ -114.074138740515821, 28.107701966379647 ], [ -114.073575507558516, 28.108213151934795 ], [ -114.07293901359165, 28.108425079715115 ], [ -114.072266870222649, 28.108076946189229 ], [ -114.071657083955671, 28.107306159475211 ], [ -114.07168060624592, 28.106440654798494 ], [ -114.071478123941304, 28.106030386671918 ], [ -114.071048167243646, 28.106129448184092 ], [ -114.070642474721126, 28.105335957274661 ], [ -114.070031733885145, 28.104601227747278 ], [ -114.068947932492975, 28.10405483837787 ], [ -114.068346127063606, 28.104114132368622 ], [ -114.068013565073301, 28.103998766650147 ], [ -114.068106183032484, 28.103585786973387 ], [ -114.068663282576807, 28.103300015112119 ], [ -114.068923582113229, 28.103080060261878 ], [ -114.068809918738069, 28.102770918499164 ], [ -114.068305507286141, 28.102615794268285 ], [ -114.06765985399764, 28.102791419272496 ], [ -114.067314293483065, 28.103153881351368 ], [ -114.067039513515994, 28.103905755675111 ], [ -114.066844346430742, 28.104722479501778 ], [ -114.066530117612601, 28.105428403436807 ], [ -114.066556304521711, 28.105961196415578 ], [ -114.066091670851634, 28.106212854808948 ], [ -114.065458269623448, 28.105937686175341 ], [ -114.064986659320994, 28.106071919823652 ], [ -114.064981502236961, 28.106261247855457 ], [ -114.065221189550385, 28.106798613463312 ], [ -114.065757935141406, 28.107261152244742 ], [ -114.065748850749415, 28.107594730374203 ], [ -114.064941471741136, 28.107730793798051 ], [ -114.064143426281248, 28.107524259058955 ], [ -114.064035669496249, 28.106998739504469 ], [ -114.064190590852391, 28.105793261307134 ], [ -114.064601495359966, 28.104899976116318 ], [ -114.065170887080995, 28.104163438560672 ], [ -114.065789284027701, 28.103121237281101 ], [ -114.066479535063735, 28.102802241825579 ], [ -114.066956527501617, 28.102469657650285 ], [ -114.067014615103844, 28.101830417412785 ], [ -114.067150844600548, 28.101310121000541 ], [ -114.066995294938508, 28.101045186127632 ], [ -114.066794066173131, 28.100589834679486 ], [ -114.067024982012299, 28.099954293143554 ], [ -114.067349491086887, 28.098869708867454 ], [ -114.067241859537702, 28.097965315908652 ], [ -114.067187022268953, 28.096989885387547 ], [ -114.066729683210696, 28.096601220733238 ], [ -114.06585234829717, 28.096320835927084 ], [ -114.065187666578737, 28.095702205394634 ], [ -114.064721011896239, 28.095656128993237 ], [ -114.064203381363114, 28.095987836426612 ], [ -114.0635244676387, 28.095892104851949 ], [ -114.062393981789015, 28.095570191274284 ], [ -114.061712861480743, 28.095555591514891 ], [ -114.061213656925375, 28.095211116614482 ], [ -114.061017623527036, 28.094566431314707 ], [ -114.060877582803528, 28.093733508104876 ], [ -114.060278784655623, 28.093684583520886 ], [ -114.06010900236447, 28.093942547350771 ], [ -114.05996258639108, 28.094462617330599 ], [ -114.059824121651531, 28.095064045422365 ], [ -114.059981297507818, 28.09713319562896 ], [ -114.059360837346503, 28.097877637369567 ], [ -114.058268058895848, 28.09766474859801 ], [ -114.058258150017224, 28.096536928541628 ], [ -114.058526988444399, 28.094513004498786 ], [ -114.057864330737345, 28.093822217641293 ], [ -114.056799953166262, 28.094060971806528 ], [ -114.055816898005972, 28.094301464236985 ], [ -114.056019054421583, 28.094720765546267 ], [ -114.056687046303864, 28.094843361700711 ], [ -114.056931839729273, 28.095191410614387 ], [ -114.056716214144203, 28.095637823180063 ], [ -114.056139607200947, 28.096265920317247 ], [ -114.056078506942441, 28.097013338477634 ], [ -114.056154489515649, 28.097583284014842 ], [ -114.056300897113104, 28.098181804690292 ], [ -114.056716551756764, 28.098605690738374 ], [ -114.057045882787179, 28.098838284171624 ], [ -114.057000048311124, 28.099026737834674 ], [ -114.056489766012234, 28.099087946086485 ], [ -114.056152063458143, 28.099161880342972 ], [ -114.056225267736494, 28.099461140712048 ], [ -114.056864759412477, 28.099510958560593 ], [ -114.057416693408513, 28.099414559895795 ], [ -114.057887542393061, 28.099307397443596 ], [ -114.058397825449674, 28.099246184001579 ], [ -114.059284506792579, 28.099184024643918 ], [ -114.060003116749513, 28.099316713190852 ], [ -114.060295972603171, 28.099395162085059 ], [ -114.060482077576722, 28.098912027029922 ], [ -114.060860196626521, 28.098847969482229 ], [ -114.06138301257711, 28.09832694899076 ], [ -114.062271622237716, 28.097074055370658 ], [ -114.063163198391351, 28.096831557025187 ], [ -114.064605804319726, 28.096898544336586 ], [ -114.065014514699129, 28.097204986405817 ], [ -114.065090545092076, 28.097774930546478 ], [ -114.065378246999529, 28.098042696864223 ], [ -114.065578484059699, 28.098534112275164 ], [ -114.065565229749424, 28.099020956572591 ], [ -114.064953141013206, 28.09945889414703 ], [ -114.064241495504191, 28.09944365193482 ], [ -114.064140666300148, 28.099784285608404 ], [ -114.064106038368394, 28.101055488200604 ], [ -114.063780506114725, 28.102176123990876 ], [ -114.063320587568612, 28.103375066617875 ], [ -114.062618865531618, 28.10448763623253 ], [ -114.062164329794172, 28.105488229715537 ], [ -114.061868119254299, 28.107024447062201 ], [ -114.062115764280776, 28.108761763080789 ], [ -114.062645376039185, 28.109485765981582 ], [ -114.063065275059145, 28.109756372122572 ], [ -114.065014455616407, 28.10990638868579 ], [ -114.065599987753359, 28.110072284732894 ], [ -114.06592839058618, 28.110340923031089 ], [ -114.065919060004092, 28.11068351668241 ], [ -114.066157041185292, 28.111283990800256 ], [ -114.067149246071835, 28.112207321524227 ], [ -114.067016925291483, 28.112583366114894 ], [ -114.066757579340873, 28.112767252544053 ], [ -114.066711753289752, 28.112955709957316 ], [ -114.066995323356053, 28.113376741369226 ], [ -114.067461074093359, 28.113458878291276 ], [ -114.067924617034905, 28.113622154391582 ], [ -114.06826015221246, 28.113629334767804 ], [ -114.06856016896532, 28.113446315685323 ], [ -114.068769765758574, 28.113595134358018 ], [ -114.068410675128092, 28.114453456481922 ], [ -114.068183899730556, 28.114935731659223 ], [ -114.068084045158699, 28.115240304872888 ], [ -114.068462327347902, 28.11554608910366 ], [ -114.068791734810389, 28.115778659583285 ], [ -114.069307246103676, 28.115528082524573 ], [ -114.069901022224599, 28.115766305530983 ], [ -114.070085987487815, 28.116446828398917 ], [ -114.070630025476021, 28.117017757962461 ], [ -114.071027301894389, 28.117747924043623 ], [ -114.071622320029505, 28.11794106243125 ], [ -114.072051210011921, 28.119005675081954 ], [ -114.073147053783401, 28.120986628800509 ], [ -114.073154155875216, 28.12222264413327 ], [ -114.073434587894653, 28.122760869091106 ], [ -114.073695910494777, 28.124002315742658 ], [ -114.073667241168152, 28.125057148726242 ], [ -114.073153651382313, 28.12523561395032 ], [ -114.071984360497936, 28.124831745407352 ], [ -114.071573699267788, 28.124218566365201 ], [ -114.071681530682014, 28.123246615229863 ], [ -114.07176718944325, 28.121967479372515 ], [ -114.068964230622797, 28.118786305681514 ], [ -114.067956490297121, 28.118430967777975 ], [ -114.067041498138124, 28.118032504130152 ], [ -114.066294114367153, 28.117457206616841 ], [ -114.066396086925721, 28.116701636710403 ], [ -114.065273633631392, 28.115703342058389 ], [ -114.064962660077271, 28.114794593066112 ], [ -114.064852929986458, 28.114341198667123 ], [ -114.066248862261176, 28.11426284720946 ], [ -114.06647981829839, 28.113627310157817 ], [ -114.066232746238228, 28.113360414247495 ], [ -114.065213030172615, 28.113446825522455 ], [ -114.064836975821578, 28.113059892985437 ], [ -114.064296031098806, 28.112750614365012 ], [ -114.063300653038482, 28.111944467275752 ], [ -114.063068094505397, 28.111145646169618 ], [ -114.061946797824078, 28.11048112506279 ], [ -114.061409071654353, 28.110054633895558 ], [ -114.061172103532741, 28.10941809128563 ], [ -114.060285747991429, 28.109092368509646 ], [ -114.059315846027644, 28.108846034921992 ], [ -114.057542743065255, 28.108582448781476 ], [ -114.056449862950188, 28.108369537853424 ], [ -114.05508154532437, 28.107068198821448 ], [ -114.055190542751745, 28.106430061980795 ], [ -114.056267362760011, 28.105740552712628 ], [ -114.056412023498439, 28.104913742765991 ], [ -114.056268811407662, 28.1041980198064 ], [ -114.055561261217775, 28.10365961000419 ], [ -114.054276622655721, 28.102648730680883 ], [ -114.053271305843609, 28.102212159167433 ], [ -114.052302471565895, 28.101929719458891 ], [ -114.052115091368137, 28.102457917643346 ], [ -114.052734132098706, 28.103256044499023 ], [ -114.053230136468642, 28.103717752606489 ], [ -114.054145937832004, 28.10408023414973 ], [ -114.05477633771369, 28.10446363867317 ], [ -114.054828841600155, 28.105520204884645 ], [ -114.054257156903091, 28.10633783320586 ], [ -114.053998054040619, 28.106512679562094 ], [ -114.053442876208919, 28.106726263213528 ], [ -114.053390867023239, 28.107140102882848 ], [ -114.054007909130405, 28.10764049518248 ], [ -114.054092017419691, 28.107912928354207 ], [ -114.054333869817398, 28.108369169313317 ], [ -114.054738398637198, 28.108828906761556 ], [ -114.054857263320571, 28.10931858662742 ], [ -114.055443018925502, 28.109475509183092 ], [ -114.056244013035482, 28.109573907895214 ], [ -114.056702593034913, 28.109917530497963 ], [ -114.057025799229464, 28.110375515003636 ], [ -114.057295250477225, 28.10982201010447 ], [ -114.057761960389684, 28.109868116131096 ], [ -114.05856000698509, 28.110074688406538 ], [ -114.059231127021221, 28.110458949034083 ], [ -114.059985313490913, 28.110781843069503 ], [ -114.060658411362397, 28.111093972757601 ], [ -114.061190974154371, 28.111709794219376 ], [ -114.061511253984705, 28.112275956878261 ], [ -114.061415403231138, 28.112806131740328 ], [ -114.060807233272513, 28.113469650356034 ], [ -114.06037108862148, 28.113794064602281 ], [ -114.059726341534102, 28.113933583625155 ], [ -114.059765859660303, 28.114349390778756 ], [ -114.059956910079023, 28.114804533256333 ], [ -114.060462346177573, 28.114923629122305 ], [ -114.060836421381637, 28.115382697492425 ], [ -114.060982705574048, 28.116360087860834 ], [ -114.061629192429294, 28.117276040979764 ], [ -114.063452911183518, 28.119047150961137 ], [ -114.064142073627622, 28.119891841835404 ], [ -114.064086161238237, 28.120449937006061 ], [ -114.063523795340402, 28.120925009383342 ], [ -114.063004065354434, 28.121328826456555 ], [ -114.062241434713485, 28.121312472910745 ], [ -114.061705625245068, 28.120813854731725 ], [ -114.061005079376486, 28.120014012373833 ], [ -114.060767359228819, 28.11940451511072 ], [ -114.060162525944008, 28.118453368343499 ], [ -114.060055935935722, 28.117512912817102 ], [ -114.05881570902163, 28.116358686092095 ], [ -114.058504790061036, 28.115449926467505 ], [ -114.057612239183712, 28.115349572247631 ], [ -114.057443396868933, 28.115571466804578 ], [ -114.057724964464171, 28.116064639456823 ], [ -114.057917802910936, 28.116826531301712 ], [ -114.058199375507755, 28.117319703310223 ], [ -114.05834876601827, 28.117810036554935 ], [ -114.058335468332629, 28.118296876304044 ], [ -114.05773118741449, 28.11881612827413 ], [ -114.057095836405281, 28.118982897299787 ], [ -114.056540531628031, 28.11882663336673 ], [ -114.056101449903082, 28.118140636069509 ], [ -114.055518049913715, 28.117523702377134 ], [ -114.054897989486747, 28.117131499000145 ], [ -114.054222902270737, 28.116891463782199 ], [ -114.053989172462991, 28.116137709624365 ], [ -114.053928297522447, 28.115387672399621 ], [ -114.054073982383457, 28.114524806200876 ], [ -114.054177819763396, 28.114075997766975 ], [ -114.05392683415711, 28.113953330213963 ], [ -114.053203699229087, 28.113982882461279 ], [ -114.052905878007195, 28.114084726173214 ], [ -114.052653660620607, 28.114007133945897 ], [ -114.052672161851461, 28.113330970652449 ], [ -114.052467030656771, 28.113019849862251 ], [ -114.052010427094146, 28.11260408917278 ], [ -114.051981106598518, 28.112188500770166 ], [ -114.052363469613709, 28.11197120704767 ], [ -114.052913497723125, 28.11194695594159 ], [ -114.053167683644929, 28.111952423224459 ], [ -114.052979873, 28.111380071943056 ], [ -114.052563203007963, 28.110992234678225 ], [ -114.051716106444516, 28.111091279918519 ], [ -114.050888404518261, 28.111596673797745 ], [ -114.050286353345541, 28.112034754014701 ], [ -114.050350165493072, 28.112676605203323 ], [ -114.050683517892779, 28.113134822007879 ], [ -114.051254724788549, 28.113823677922255 ], [ -114.051542428550263, 28.11409147341271 ], [ -114.051273676421104, 28.114617917143978 ], [ -114.051184190061022, 28.114913677794569 ], [ -114.051437395386273, 28.114955210806411 ], [ -114.051693562279866, 28.114888557352394 ], [ -114.052122826516353, 28.114816607255609 ], [ -114.052619863384678, 28.115242258692174 ], [ -114.052983736252159, 28.115701127318509 ], [ -114.053044357854162, 28.116460179959372 ], [ -114.053256896337757, 28.116500835025629 ], [ -114.053423583869062, 28.116729940768654 ], [ -114.053529320021042, 28.117327588950538 ], [ -114.05389720561071, 28.118012062406347 ], [ -114.054251721639716, 28.118813518235598 ], [ -114.054638109345873, 28.118821826404226 ], [ -114.055172888231695, 28.119356531262405 ], [ -114.055879299579701, 28.11994002727835 ], [ -114.056368241710274, 28.120663180243533 ], [ -114.056603966835254, 28.121344807641531 ], [ -114.056632318645086, 28.121796458230961 ], [ -114.056453294610989, 28.122018131969973 ], [ -114.056117736882882, 28.122010920736582 ], [ -114.055106073884062, 28.121799737599709 ], [ -114.054920154144313, 28.120785408567826 ], [ -114.054542941185815, 28.120813381372344 ], [ -114.054445261390114, 28.12103680144202 ], [ -114.054061881458651, 28.121290160660635 ], [ -114.054012082085194, 28.121622859842741 ], [ -114.054336293119491, 28.122044789754526 ], [ -114.054798861254937, 28.122244173491588 ], [ -114.055085608776722, 28.122548025682178 ], [ -114.055033592354704, 28.12296186503654 ], [ -114.054642010766912, 28.123142882663192 ], [ -114.054842233004194, 28.123634312026098 ], [ -114.055260929054157, 28.123950021896796 ], [ -114.055728684279529, 28.12396007725118 ], [ -114.056234156249346, 28.124079191488086 ], [ -114.056702898256731, 28.124053181445568 ], [ -114.056875946402585, 28.12367802512918 ], [ -114.056419529565389, 28.123253259490365 ], [ -114.056560839347782, 28.122922525601304 ], [ -114.057194490019, 28.122818869709231 ], [ -114.057374499634349, 28.122561132860294 ], [ -114.057388789537512, 28.122038231686943 ], [ -114.05807426187323, 28.121899601275874 ], [ -114.058917256271741, 28.121953787150453 ], [ -114.059675704059757, 28.122123423988143 ], [ -114.060311148332048, 28.122326500390734 ], [ -114.060596928283715, 28.122666404467861 ], [ -114.060744120115288, 28.123237876214056 ], [ -114.060529426914385, 28.123648227890758 ], [ -114.060942402469777, 28.123801423270802 ], [ -114.061367270373125, 28.123891726675883 ], [ -114.061823710802713, 28.124316477449845 ], [ -114.062079157962728, 28.124276852544529 ], [ -114.062170593260404, 28.123908958858529 ], [ -114.061843392586965, 28.123595231737792 ], [ -114.061970336116403, 28.123417537676424 ], [ -114.062520670501129, 28.123384236659287 ], [ -114.063332929593315, 28.123446757730171 ], [ -114.064295998851506, 28.123575652356053 ], [ -114.065133699818489, 28.124198001675058 ], [ -114.065374647978658, 28.124690290848463 ], [ -114.065232132841459, 28.125066113619429 ], [ -114.065002367479849, 28.125656567256595 ], [ -114.065160737711437, 28.126192191626014 ], [ -114.065442365356162, 28.126685352481751 ], [ -114.06530805000132, 28.127133517698187 ], [ -114.063836515939855, 28.128112315114926 ], [ -114.062779918200619, 28.128053576189867 ], [ -114.061693965677435, 28.127579240542861 ], [ -114.061383727951196, 28.12776202220746 ], [ -114.061113522458285, 28.128106552402745 ], [ -114.0606879577755, 28.128649176024812 ], [ -114.060589296938147, 28.128908662902393 ], [ -114.060757002306588, 28.129101699751867 ], [ -114.061267427717041, 28.129040486373025 ], [ -114.061520671464123, 28.12908200344981 ], [ -114.061645733507589, 28.129346291103442 ], [ -114.061841980398825, 28.12961210584643 ], [ -114.062225210837624, 28.129737597904747 ], [ -114.06257309538988, 28.129294017499266 ], [ -114.063080569664649, 28.129340984229799 ], [ -114.064055826899647, 28.12939797782526 ], [ -114.064559123359714, 28.129598204104024 ], [ -114.064805241087768, 28.129901167324231 ], [ -114.065084662766779, 28.130475469587267 ], [ -114.065070405160768, 28.130998373730925 ], [ -114.065135380425374, 28.131974018641401 ], [ -114.064869835321431, 28.132383286912997 ], [ -114.06431051447133, 28.132371298030684 ], [ -114.063641297563692, 28.132284783765726 ], [ -114.063291600453638, 28.132421618803455 ], [ -114.062829792309003, 28.132565069264395 ], [ -114.062468180706659, 28.132918949651383 ], [ -114.06238840273204, 28.133078810634949 ], [ -114.06229154354412, 28.133645045875628 ], [ -114.062145065461337, 28.134165112266718 ], [ -114.061460501346303, 28.134267695146175 ], [ -114.060835155572477, 28.134064837186802 ], [ -114.060258617096878, 28.133565336789847 ], [ -114.060107406006836, 28.13276825745324 ], [ -114.060092338681983, 28.131829767393899 ], [ -114.059852387784645, 28.131301407801356 ], [ -114.059600371253822, 28.131214809584748 ], [ -114.059302259154819, 28.131325679395538 ], [ -114.058835455842427, 28.131279571680412 ], [ -114.058548922421025, 28.130966709600191 ], [ -114.05800907863042, 28.130242468491883 ], [ -114.057757805592061, 28.130128820576008 ], [ -114.057585980101237, 28.130458899505715 ], [ -114.05757562931727, 28.130837551681562 ], [ -114.057861420115515, 28.131177462155144 ], [ -114.058099142938943, 28.131786964267544 ], [ -114.058523052995369, 28.131913340743807 ], [ -114.058819196576309, 28.131874597114702 ], [ -114.059194231709398, 28.131927755255024 ], [ -114.059179944642992, 28.132450656516436 ], [ -114.058801704994465, 28.132514700165427 ], [ -114.05786808944967, 28.132422479023901 ], [ -114.057392162661912, 28.132709940495758 ], [ -114.057554691246523, 28.133092307203444 ], [ -114.058136388777797, 28.133402491788001 ], [ -114.058377320310257, 28.133894791845886 ], [ -114.058532708121319, 28.134538608115854 ], [ -114.058777585851885, 28.134886659220925 ], [ -114.059210870253679, 28.134670444171427 ], [ -114.059422638359592, 28.134368283637947 ], [ -114.059978765407564, 28.134497495297175 ], [ -114.060474934613822, 28.134959188504535 ], [ -114.060795268034212, 28.13552535608251 ], [ -114.061214026274612, 28.135841052056115 ], [ -114.061459161890127, 28.136180083627174 ], [ -114.061793780757256, 28.136223347321657 ], [ -114.062057132749857, 28.135895226834421 ], [ -114.062601133255413, 28.136096334928936 ], [ -114.062883754511574, 28.13655343924346 ], [ -114.063270208843463, 28.13656172786331 ], [ -114.063467538591411, 28.137161335408983 ], [ -114.063107244483007, 28.137685837949917 ], [ -114.062549945468092, 28.137971571417292 ], [ -114.061790151361791, 28.137847019866133 ], [ -114.060619967847757, 28.137100238762699 ], [ -114.059843150321782, 28.136109311958879 ], [ -114.05942200153001, 28.136253622738611 ], [ -114.059490057087785, 28.136742208771558 ], [ -114.060060449589656, 28.137467101699521 ], [ -114.061051833031925, 28.138426549962766 ], [ -114.06132115662777, 28.139370496852994 ], [ -114.061133810684225, 28.14026855888244 ], [ -114.060823359933948, 28.140830207192664 ], [ -114.060840397696907, 28.141696572345559 ], [ -114.061078401736594, 28.142297055939817 ], [ -114.060896146313041, 28.142635935042396 ], [ -114.060386640864778, 28.142661079914713 ], [ -114.059750901924403, 28.142836865988713 ], [ -114.059820931418557, 28.143253327636685 ], [ -114.06006804804845, 28.143520238075741 ], [ -114.060536875618965, 28.143494221274231 ], [ -114.060870531170394, 28.143573551020285 ], [ -114.061137645073686, 28.144598638340224 ], [ -114.06186966020924, 28.145741953361149 ], [ -114.06195110078923, 28.146113555088093 ], [ -114.061547126938862, 28.146745363465048 ], [ -114.060738460824084, 28.146917441010373 ], [ -114.0605584124622, 28.147175179017541 ], [ -114.060534760544726, 28.148040669852534 ], [ -114.060115781922789, 28.148103839364609 ], [ -114.059687617817914, 28.148130727012855 ], [ -114.059679238402069, 28.148437254748224 ], [ -114.059928336841253, 28.14863204195159 ], [ -114.060354531761533, 28.14867727790994 ], [ -114.060930159643917, 28.149212845189879 ], [ -114.061262601274336, 28.14933725294069 ], [ -114.061440681637492, 28.149151638501596 ], [ -114.061411328071998, 28.148736050569056 ], [ -114.061129671615831, 28.148242879853914 ], [ -114.061299549799827, 28.147984922827312 ], [ -114.061936377402631, 28.148142925048369 ], [ -114.062432613094856, 28.148604615716174 ], [ -114.062500684932189, 28.149093201094534 ], [ -114.062268624741449, 28.149764783198204 ], [ -114.062034344773636, 28.150517504472145 ], [ -114.062063774190605, 28.151302947717635 ], [ -114.062342240321641, 28.151913319240254 ], [ -114.06270626632012, 28.152372172320202 ], [ -114.062997049546638, 28.152531765807534 ], [ -114.06254012918977, 28.153983334519229 ], [ -114.062130952007976, 28.154804468226576 ], [ -114.061399655123083, 28.155122540016649 ], [ -114.060812660283176, 28.155001686583013 ], [ -114.060232075333246, 28.154646427273047 ], [ -114.060107979323362, 28.154346075162767 ], [ -114.060206670528316, 28.154086591323999 ], [ -114.060505833055444, 28.153939662463713 ], [ -114.060723623145961, 28.153790985561319 ], [ -114.060902629259772, 28.153199455540861 ], [ -114.060547973134646, 28.152398008205278 ], [ -114.060005869368652, 28.152124762291987 ], [ -114.059034603219942, 28.151914460930858 ], [ -114.058694944612498, 28.151681642735266 ], [ -114.058047318767521, 28.150801728109702 ], [ -114.05792520545522, 28.150429250626352 ], [ -114.057673147434144, 28.150342645810071 ], [ -114.057502023402222, 28.15064567482144 ], [ -114.057115520524817, 28.150637366136813 ], [ -114.056907107798068, 28.150443448611039 ], [ -114.056361076036367, 28.150314437505696 ], [ -114.056018026697785, 28.150577684084354 ], [ -114.055147361110073, 28.151154328623555 ], [ -114.054972278641714, 28.151601601473228 ], [ -114.054751523364914, 28.151858454713267 ], [ -114.054865183576609, 28.152167607073526 ], [ -114.055215202890878, 28.152021784096501 ], [ -114.055774816350521, 28.151654948623563 ], [ -114.056068547533783, 28.151706370094963 ], [ -114.056357343684382, 28.151938100754311 ], [ -114.056653543478717, 28.151899366130106 ], [ -114.056971016575787, 28.151455152254069 ], [ -114.057385815847979, 28.15154525700742 ], [ -114.057850732139755, 28.151663500151685 ], [ -114.057839386495743, 28.152078213240834 ], [ -114.057571784553048, 28.152559584451023 ], [ -114.057440354718622, 28.152899549579434 ], [ -114.057376176405739, 28.153385293101316 ], [ -114.058125712354325, 28.153888527890395 ], [ -114.05799033567763, 28.154372741501327 ], [ -114.058150918650114, 28.154827233067628 ], [ -114.05909354355363, 28.155713486994305 ], [ -114.05997015872903, 28.1564088802733 ], [ -114.060126561928215, 28.157016633987862 ], [ -114.059647320025775, 28.157421296289193 ], [ -114.059132565774362, 28.157635756765465 ], [ -114.059124428039183, 28.157933268413867 ], [ -114.059274847941509, 28.158387540643567 ], [ -114.058934983457959, 28.158533591334361 ], [ -114.058802808781294, 28.158900603788556 ], [ -114.058732464167136, 28.159611735245562 ], [ -114.058470764281381, 28.159876734718591 ], [ -114.057957229463625, 28.160046112175262 ], [ -114.057623526738865, 28.159966771799507 ], [ -114.058025359372252, 28.159416121005282 ], [ -114.057949354516154, 28.158846176983197 ], [ -114.057295528677315, 28.158191644074542 ], [ -114.056207286629117, 28.157419515944937 ], [ -114.055665171432878, 28.157146251919361 ], [ -114.055598363828864, 28.156612588211448 ], [ -114.054952362741616, 28.156788126032353 ], [ -114.054785417567217, 28.156937887042439 ], [ -114.054683499816051, 28.157314566787861 ], [ -114.05492964400014, 28.157617549387798 ], [ -114.054921494651296, 28.15791505991038 ], [ -114.054545138356033, 28.157906960889928 ], [ -114.054038525218445, 28.157823890923815 ], [ -114.053360228458956, 28.157692019073444 ], [ -114.052642976686045, 28.157496159640527 ], [ -114.051814297146038, 28.156910003249127 ], [ -114.05142876268998, 28.156865615053473 ], [ -114.05133502723038, 28.15731463409259 ], [ -114.051491381441792, 28.157922394034575 ], [ -114.051476052386221, 28.15848135142668 ], [ -114.050873937077739, 28.158540544442431 ], [ -114.050285950720465, 28.158455707077998 ], [ -114.049784534954497, 28.158183297401472 ], [ -114.049282132145095, 28.157946947765254 ], [ -114.049062339424935, 28.158167727909845 ], [ -114.049220908245061, 28.158694350704273 ], [ -114.049678421031032, 28.159083085946573 ], [ -114.049832017250239, 28.159420165067459 ], [ -114.050292503591265, 28.159700713467899 ], [ -114.05059268330325, 28.159517746878258 ], [ -114.050775003666701, 28.159178886852136 ], [ -114.051327252287479, 28.159082537032937 ], [ -114.051802327990657, 28.158831169448078 ], [ -114.05227443540042, 28.158687985408587 ], [ -114.052784016230959, 28.158662876687199 ], [ -114.053146042161771, 28.159193877101501 ], [ -114.053893370486023, 28.159778275403148 ], [ -114.054099817492101, 28.160044321931213 ], [ -114.053971577290184, 28.160267080908 ], [ -114.053585041087615, 28.160258759665112 ], [ -114.052956601372983, 28.1601640415034 ], [ -114.052818186727194, 28.160386580162942 ], [ -114.053233055132537, 28.160846552336508 ], [ -114.053654104329823, 28.161081137104929 ], [ -114.054115800940963, 28.160946743770637 ], [ -114.054454487810546, 28.16121563637347 ], [ -114.055164358930398, 28.161681952347479 ], [ -114.055660620141893, 28.162143669310762 ], [ -114.056113184446602, 28.162342841917788 ], [ -114.056672656904993, 28.162354875957696 ], [ -114.057139786158487, 28.162022131961034 ], [ -114.057360559315384, 28.161765276341743 ], [ -114.058045056401113, 28.161671743320532 ], [ -114.058889347537317, 28.16168989060121 ], [ -114.059434699991115, 28.161845942504147 ], [ -114.05942236913161, 28.162296717565678 ], [ -114.059148577916602, 28.16300347730937 ], [ -114.058679476124055, 28.163408352223747 ], [ -114.058174806650186, 28.163253171529941 ], [ -114.057631862849476, 28.162637105751745 ], [ -114.057257463554578, 28.162556889074349 ], [ -114.056957531634779, 28.162730854964167 ], [ -114.056926676861522, 28.163857789891118 ], [ -114.056824757574759, 28.164234470969753 ], [ -114.056802046180337, 28.165063894814057 ], [ -114.056626942169444, 28.165511167796602 ], [ -114.056188337518378, 28.165916688913867 ], [ -114.05559536537244, 28.166012180432201 ], [ -114.055253697328936, 28.165851475016144 ], [ -114.054978208582909, 28.165132904926622 ], [ -114.054991547593005, 28.164646070011482 ], [ -114.054658821952259, 28.164530659694393 ], [ -114.054187925909773, 28.164628772890268 ], [ -114.05360089121038, 28.164507885335748 ], [ -114.053402840864464, 28.163935312368164 ], [ -114.052575099228704, 28.163313095234617 ], [ -114.05214984137406, 28.163231769218935 ], [ -114.051971720432135, 28.163417368252741 ], [ -114.051751920549393, 28.163638152139914 ], [ -114.051457912932364, 28.163595734602954 ], [ -114.051165142230673, 28.163508239290245 ], [ -114.051196433100031, 28.163851702497592 ], [ -114.051225745450168, 28.164267289151333 ], [ -114.050917389872353, 28.164747765248073 ], [ -114.051123837447221, 28.165013816265706 ], [ -114.05150940062947, 28.165058207470956 ], [ -114.052096187798199, 28.165188119486597 ], [ -114.052458229059596, 28.165719122679729 ], [ -114.053137809964952, 28.165805925381498 ], [ -114.053853881322922, 28.166046863512062 ], [ -114.05388419230799, 28.166426388497374 ], [ -114.05383114529711, 28.16687628491329 ], [ -114.053936659197078, 28.167482948279446 ], [ -114.054525482124816, 28.167910580007362 ], [ -114.055073821826596, 28.167958465602332 ], [ -114.055613023239061, 28.168339921134081 ], [ -114.056287191754407, 28.168625049838219 ], [ -114.056754153913332, 28.168671178168005 ], [ -114.057127586070266, 28.168787459631311 ], [ -114.057116229495108, 28.169202171403018 ], [ -114.056807882716626, 28.169682661403016 ], [ -114.056410939784115, 28.170052995212671 ], [ -114.055610487924582, 28.169918502410123 ], [ -114.054984707561374, 28.169724619283262 ], [ -114.055215879045861, 28.169089119768469 ], [ -114.054880379017874, 28.168703026390578 ], [ -114.054299499249353, 28.168356753861516 ], [ -114.053585636277091, 28.168034677889715 ], [ -114.052611031911852, 28.16794152214737 ], [ -114.052114760466964, 28.167479793424231 ], [ -114.051484054994674, 28.167466204369067 ], [ -114.051047650215224, 28.167790567986696 ], [ -114.051205991305935, 28.168326205060072 ], [ -114.051651429983423, 28.169156692832395 ], [ -114.052647943222553, 28.169935905835729 ], [ -114.052804528425398, 28.170164797784444 ], [ -114.052705589016242, 28.170803140697721 ], [ -114.052145118228736, 28.171197000685989 ], [ -114.052043173067332, 28.17157367605607 ], [ -114.051866057757195, 28.172093063687246 ], [ -114.051854679320044, 28.172507773289041 ], [ -114.051866430405511, 28.173563454884807 ], [ -114.05223245225568, 28.173950213328926 ], [ -114.052733944907246, 28.174222619491552 ], [ -114.053202906618779, 28.174196638171832 ], [ -114.05346663475612, 28.17385952938201 ], [ -114.053608034862748, 28.173528806393943 ], [ -114.0539176439366, 28.173003248550724 ], [ -114.05429504147925, 28.172975291484423 ], [ -114.054807903218261, 28.172832979505714 ], [ -114.055571882007371, 28.172813340031112 ], [ -114.056131408654736, 28.172825380371716 ], [ -114.056417046610576, 28.173174315562793 ], [ -114.056482131850032, 28.173771087050881 ], [ -114.055950739588738, 28.174589564390601 ], [ -114.054877139469085, 28.175134765762213 ], [ -114.054317640390096, 28.175492571567673 ], [ -114.054048718828881, 28.176019006050169 ], [ -114.053991486401515, 28.176247119501642 ], [ -114.053900146369827, 28.176611176922368 ], [ -114.05358854700836, 28.177208857162444 ], [ -114.053141718666325, 28.177911872625135 ], [ -114.052664362974681, 28.178614228546056 ], [ -114.052343565881799, 28.179175623953899 ], [ -114.052426966300061, 28.179475105820146 ], [ -114.05305675341738, 28.179524757530892 ], [ -114.053520545290723, 28.179688100888193 ], [ -114.054167678444685, 28.179476519160271 ], [ -114.054807848852036, 28.17914751439945 ], [ -114.055394716774686, 28.179277418115674 ], [ -114.055597988043687, 28.179660665621292 ], [ -114.056016147924666, 28.180003433877271 ], [ -114.056433075208119, 28.180391278302174 ], [ -114.056449064943052, 28.181293699216727 ], [ -114.05638267306432, 28.1822304303296 ], [ -114.055941027705444, 28.182744129930413 ], [ -114.055205315135041, 28.183215414227391 ], [ -114.054712579062084, 28.184106881152385 ], [ -114.054117278517424, 28.184283497240457 ], [ -114.053041589627469, 28.18490079888107 ], [ -114.052637398009324, 28.185532562848763 ], [ -114.052194511417156, 28.186461175908615 ], [ -114.051928764726796, 28.186870402324356 ], [ -114.051649649170429, 28.187766459876606 ], [ -114.050903484016899, 28.188616363419957 ], [ -114.050194042913432, 28.189611385960145 ], [ -114.050001504253245, 28.190319870733809 ], [ -114.049622381276095, 28.191890319705262 ], [ -114.049482690641526, 28.192527777491375 ], [ -114.048917860687439, 28.192705025150453 ], [ -114.048407126450925, 28.192766168576668 ], [ -114.048038830700406, 28.192460535334654 ], [ -114.047070214228484, 28.192141939947884 ], [ -114.047416401209176, 28.191770544533917 ], [ -114.048240805987362, 28.191409470691191 ], [ -114.048712058813138, 28.190932522246257 ], [ -114.048819987566603, 28.190339483510812 ], [ -114.048194589568411, 28.189757681108368 ], [ -114.047652342345373, 28.189484375657656 ], [ -114.047225996170184, 28.189439088520118 ], [ -114.047173892581384, 28.1898529166033 ], [ -114.047246870607992, 28.19053104606661 ], [ -114.046883569532, 28.191154651757738 ], [ -114.046284994839311, 28.191448429271404 ], [ -114.045780467739249, 28.191284179421416 ], [ -114.0452861145382, 28.190750298563444 ], [ -114.044661727668583, 28.190132419901918 ], [ -114.044382046404593, 28.189567092163202 ], [ -114.043775044006537, 28.188687985307194 ], [ -114.042843201864429, 28.188514488330895 ], [ -114.042600259280832, 28.188094283105126 ], [ -114.042829317685346, 28.187539952548324 ], [ -114.043134804122332, 28.18716768780688 ], [ -114.043070041004725, 28.186561900635255 ], [ -114.041406933234398, 28.185217934522221 ], [ -114.039910863820211, 28.184094061731166 ], [ -114.038952789606654, 28.183396773052262 ], [ -114.038698438211782, 28.183391266660021 ], [ -114.038724717019761, 28.18391503534431 ], [ -114.038952224717264, 28.184894194707155 ], [ -114.038935570237854, 28.185498220051237 ], [ -114.038589378289515, 28.185869593582439 ], [ -114.038288108058083, 28.186088587260006 ], [ -114.038318611142543, 28.186459095696225 ], [ -114.038515614399799, 28.187067747124477 ], [ -114.038844160188859, 28.187336460482754 ], [ -114.038828497848542, 28.187904424353686 ], [ -114.039292546993977, 28.188058801633485 ], [ -114.039868005079171, 28.188603478230743 ], [ -114.040422387752258, 28.188804910469393 ], [ -114.040632091164497, 28.188583931012531 ], [ -114.040978026397511, 28.18859141596457 ], [ -114.041304595908514, 28.188932246710703 ], [ -114.04201755544068, 28.189290454983635 ], [ -114.042733747907761, 28.18953146060473 ], [ -114.04306330530116, 28.189764103776209 ], [ -114.043179190628877, 28.190361975433035 ], [ -114.043238740827803, 28.191157084427015 ], [ -114.043555891406442, 28.191840493432007 ], [ -114.044391969127062, 28.192535118193234 ], [ -114.044976906668836, 28.192737193743202 ], [ -114.045449174462235, 28.192594045845393 ], [ -114.046000608442299, 28.19253379269972 ], [ -114.046504397598753, 28.192725088244856 ], [ -114.04687045749462, 28.193111863573705 ], [ -114.046820856873993, 28.194914934854175 ], [ -114.04706184561185, 28.19540725746857 ], [ -114.047394414252238, 28.195901557195526 ], [ -114.047673877347819, 28.196475896108577 ], [ -114.048247439128829, 28.197092666333226 ], [ -114.048785758700689, 28.197510218049278 ], [ -114.048990025177375, 28.19785741384089 ], [ -114.049155821356891, 28.198122592715649 ], [ -114.049411201350793, 28.198092020812371 ], [ -114.04959756751056, 28.197608923276768 ], [ -114.049392308082432, 28.197297789761549 ], [ -114.049659084823489, 28.196852509999605 ], [ -114.050006023530642, 28.196454062581687 ], [ -114.050227139165358, 28.19618821086188 ], [ -114.050321919675625, 28.19570313619986 ], [ -114.050669862456886, 28.195638475303017 ], [ -114.050864204647667, 28.195976433714222 ], [ -114.051160054245571, 28.196325601661727 ], [ -114.051274976939155, 28.196589681067685 ], [ -114.051288931238631, 28.197564220730285 ], [ -114.051203646648773, 28.19918611253274 ], [ -114.05106196991801, 28.199895694395227 ], [ -114.050734153603742, 28.200709509706961 ], [ -114.050613352981841, 28.202141198737095 ], [ -114.050619120337728, 28.203413244745303 ], [ -114.050790447955038, 28.20495948368621 ], [ -114.050708360761377, 28.206464172802463 ], [ -114.050358166579187, 28.206979819034011 ], [ -114.050042464186006, 28.207351877031499 ], [ -114.049939486768864, 28.208134456884917 ], [ -114.05013336318622, 28.208860297558154 ], [ -114.050336908725825, 28.209234538877727 ], [ -114.050446635010246, 28.209687942092842 ], [ -114.050377918704768, 28.210705799874507 ], [ -114.050395377650688, 28.213033519929262 ], [ -114.050556983181906, 28.213451959743686 ], [ -114.050978221267485, 28.21368656627974 ], [ -114.051308859049115, 28.213883134307046 ], [ -114.051520594769258, 28.213959867524682 ], [ -114.051593833496312, 28.214259130892842 ], [ -114.051466503994291, 28.214445819230239 ], [ -114.050996126092429, 28.214516857993381 ], [ -114.050820140546904, 28.214621309488095 ], [ -114.050807746237041, 28.215072077537986 ], [ -114.050973569678703, 28.215337255960993 ], [ -114.051257306970854, 28.215758330195847 ], [ -114.051379201359396, 28.216139829732423 ], [ -114.051944702560647, 28.217054099481789 ], [ -114.051892593373381, 28.217467928259698 ], [ -114.051670689111248, 28.217760825052153 ], [ -114.05148329681181, 28.218279983682976 ], [ -114.051429201811374, 28.218765934927603 ], [ -114.051853435945375, 28.218892355957806 ], [ -114.051888941489239, 28.219082556760586 ], [ -114.051920481691795, 28.219417003383374 ], [ -114.051696342187867, 28.219791038105296 ], [ -114.05142430156333, 28.220425639411914 ], [ -114.051286799203083, 28.220981956505998 ], [ -114.05117759717217, 28.221620070339409 ], [ -114.051422621527422, 28.221968143897957 ], [ -114.051419706216478, 28.222074159398307 ], [ -114.049462418801312, 28.222118423041071 ], [ -114.047893479549131, 28.222153904271899 ], [ -114.044978088518903, 28.222219835226174 ], [ -114.044669655304929, 28.221743757068925 ], [ -114.044464610937737, 28.221428835781875 ], [ -114.044042704743021, 28.220766279601854 ], [ -114.043696624206746, 28.220195566718115 ], [ -114.043381720522831, 28.219568814404635 ], [ -114.042894930344161, 28.218409502643791 ], [ -114.04258946133794, 28.217854922945893 ], [ -114.041866268278994, 28.216939519458208 ], [ -114.041138610415743, 28.216186377597221 ], [ -114.038466137624482, 28.213587094547201 ], [ -114.037735164920207, 28.212955635921368 ], [ -114.036996356724401, 28.212608136173639 ], [ -114.036671881162661, 28.212743168695027 ], [ -114.036631527875187, 28.212794046554482 ], [ -114.036761065512849, 28.212555680549716 ], [ -114.036775447434721, 28.212035083295007 ], [ -114.036570712388098, 28.211705922647592 ], [ -114.035600911483172, 28.210690433490715 ], [ -114.035229646724204, 28.21016992978771 ], [ -114.034466879130491, 28.208756403264864 ], [ -114.033748488632838, 28.207257581856314 ], [ -114.031158905494237, 28.201676590466349 ], [ -114.030429995787969, 28.20014708441397 ], [ -114.029617863974423, 28.198590398672344 ], [ -114.029186573656446, 28.197896069320517 ], [ -114.027986026003106, 28.196212548563636 ], [ -114.027628560892737, 28.195748139479399 ], [ -114.027215577871232, 28.19532096041841 ], [ -114.027317181754754, 28.195274416092484 ], [ -114.027366969993011, 28.195196838843568 ], [ -114.027375753688517, 28.195125990116185 ], [ -114.027363791589949, 28.195034920876321 ], [ -114.027347428562749, 28.194976906507179 ], [ -114.027321985898055, 28.194928599283301 ], [ -114.027257719505769, 28.194860163745894 ], [ -114.027106663972305, 28.194746872095799 ], [ -114.026985438733249, 28.19465595316651 ], [ -114.026814994075494, 28.194578396593972 ], [ -114.026561891686313, 28.194492561870682 ], [ -114.026427761825545, 28.194450677295379 ], [ -114.026292076339047, 28.19437686480876 ], [ -114.026190733031299, 28.194270074640478 ], [ -114.026110533400626, 28.194128863767901 ], [ -114.026029464144386, 28.193917259268542 ], [ -114.025953767795571, 28.193672689326846 ], [ -114.025913337005775, 28.193470535377831 ], [ -114.025840708120526, 28.193255034195669 ], [ -114.025752471489398, 28.193076901562311 ], [ -114.02559261785855, 28.192834837492736 ], [ -114.025433946079701, 28.192557161879751 ], [ -114.025291141478746, 28.192255685499941 ], [ -114.025044230600912, 28.191420956576884 ], [ -114.024621411575211, 28.18943603043472 ], [ -114.024579527676877, 28.18923940309536 ], [ -114.02438212670377, 28.188312680639353 ], [ -114.024185232944234, 28.187649634102794 ], [ -114.023934278651865, 28.1869786827593 ], [ -114.023864087167681, 28.186656059254503 ], [ -114.023830132406928, 28.186256749610301 ], [ -114.023849250490827, 28.18583936791731 ], [ -114.023507920795808, 28.183125178881436 ], [ -114.023323775052233, 28.181913971766136 ], [ -114.022819112502773, 28.179779646009759 ], [ -114.022581758455487, 28.179079832234351 ], [ -114.021415183768241, 28.176181557055813 ], [ -114.021108075229492, 28.175143204198942 ], [ -114.021106306008278, 28.175130282555102 ], [ -114.020989529658181, 28.174738104039143 ], [ -114.020820526890233, 28.17312434805757 ], [ -114.020767651834333, 28.171452235208939 ], [ -114.020689887114003, 28.165262795439357 ], [ -114.020649292381876, 28.163560506165936 ], [ -114.020537631109192, 28.16180593175152 ], [ -114.020418711892987, 28.161001686342967 ], [ -114.019975424204404, 28.15900311522438 ], [ -114.019837477443303, 28.158472439030188 ], [ -114.019637006642071, 28.157994521544605 ], [ -114.019488565942922, 28.15784245842168 ], [ -114.018996313870673, 28.157610747131653 ], [ -114.018865081714424, 28.157251033504149 ], [ -114.018744916516368, 28.155804082106574 ], [ -114.018704482300308, 28.154096722133509 ], [ -114.018635935392027, 28.147575990839293 ], [ -114.018653120099984, 28.145854663004936 ], [ -114.018683522137266, 28.145545627904117 ], [ -114.018650156914134, 28.143847564675458 ], [ -114.018800273100098, 28.143987333979865 ], [ -114.018997202923558, 28.143903676312924 ], [ -114.01975996740029, 28.143367803140649 ], [ -114.019997257886601, 28.143066849749438 ], [ -114.020341849793851, 28.14219827587727 ], [ -114.020596830195643, 28.141258409109021 ], [ -114.021442110499905, 28.137740932224077 ], [ -114.021697207469799, 28.136795990597268 ], [ -114.022042415897445, 28.135903745715943 ], [ -114.022280476992449, 28.135574052130337 ], [ -114.023046218638356, 28.134927724739718 ], [ -114.023203073078903, 28.134636854263626 ], [ -114.023169324384781, 28.133925789136974 ], [ -114.022964260269205, 28.133200852367771 ], [ -114.022041067417319, 28.130528877055735 ], [ -114.021815662094141, 28.129712168458894 ], [ -114.021686940071376, 28.128572839144059 ], [ -114.021728453324812, 28.127761934477384 ], [ -114.022050889490259, 28.125117040329147 ], [ -114.022081538858401, 28.124767615106943 ], [ -114.022112188014205, 28.124418188748269 ], [ -114.022075825092784, 28.123801777235116 ], [ -114.021962580895718, 28.123620041009037 ], [ -114.021470472214531, 28.123388349168884 ], [ -114.021323755238157, 28.123175441853267 ], [ -114.021131184688286, 28.122413567118574 ], [ -114.021002801605647, 28.12153808200803 ], [ -114.020596259020152, 28.118214359228276 ], [ -114.020467882033401, 28.117338873867411 ], [ -114.02027532409825, 28.11657699862819 ], [ -114.020128617594423, 28.11636409073818 ], [ -114.019636545186515, 28.116132394926336 ], [ -114.01949819109096, 28.116031291682436 ], [ -114.019344610085824, 28.115791173258984 ], [ -114.01926356278959, 28.115549250263371 ] ] ] ] } },
{ "type": "Feature", "properties": { "fid": 5.0, "cat": 6, "CLAVE_ACUI": "0228", "NOM_ACUIF": "LLANOS DEL BERRENDO", "VULNERABIL": 3 }, "geometry": null },
{ "type": "Feature", "properties": { "fid": 6.0, "cat": 7, "CLAVE_ACUI": "0228", "NOM_ACUIF": "LLANOS DEL BERRENDO", "VULNERABIL": 3 }, "geometry": null },
{ "type": "Feature", "properties": { "fid": 7.0, "cat": 9, "CLAVE_ACUI": "0228", "NOM_ACUIF": "LLANOS DEL BERRENDO", "VULNERABIL": 5 }, "geometry": null },
{ "type": "Feature", "properties": { "fid": 8.0, "cat": 8, "CLAVE_ACUI": "0228", "NOM_ACUIF": "LLANOS DEL BERRENDO", "VULNERABIL": 3 }, "geometry": { "type": "MultiPolygon", "coordinates": [ [ [ [ -114.037735164920207, 28.212955635921368 ], [ -114.038466137624482, 28.213587094547201 ], [ -114.041138610415743, 28.216186377597221 ], [ -114.041866268278994, 28.216939519458208 ], [ -114.04258946133794, 28.217854922945893 ], [ -114.042894930344161, 28.218409502643791 ], [ -114.043381720522831, 28.219568814404635 ], [ -114.043696624206746, 28.220195566718115 ], [ -114.044042704743021, 28.220766279601854 ], [ -114.044464610937737, 28.221428835781875 ], [ -114.044669655304929, 28.221743757068925 ], [ -114.04374510809761, 28.221044848479274 ], [ -114.041419036809089, 28.219447570927844 ], [ -114.041414173772708, 28.219444349366558 ], [ -114.040072950702481, 28.218650589052928 ], [ -114.03994904776944, 28.218610700969446 ], [ -114.039450380548374, 28.21859990048603 ], [ -114.03929856737841, 28.218566169296206 ], [ -114.039088773328189, 28.218419558490677 ], [ -114.038940881019926, 28.218243845701693 ], [ -114.038615859772833, 28.217788228893678 ], [ -114.038364418436458, 28.217639413777647 ], [ -114.037407187358468, 28.217041948571939 ], [ -114.03767386353249, 28.217208398420826 ], [ -114.037452362982222, 28.217203597693143 ], [ -114.037301112939971, 28.217149581466945 ], [ -114.037093939626047, 28.216908313971434 ], [ -114.037005245480572, 28.216730172692504 ], [ -114.036622118566669, 28.216432988434828 ], [ -114.036457814116034, 28.216160515523473 ], [ -114.036476122946979, 28.215497937722329 ], [ -114.036475522369741, 28.215491997345239 ], [ -114.036330514156305, 28.21521684999518 ], [ -114.036182223437123, 28.215078897512925 ], [ -114.035811368464806, 28.214988171959867 ], [ -114.035465248152931, 28.215041724316738 ], [ -114.035472764307528, 28.214958654460403 ], [ -114.03547899362556, 28.214733288031681 ], [ -114.03548192138021, 28.214627365807186 ], [ -114.035472715389432, 28.214545985598328 ], [ -114.035422500609869, 28.214499270737335 ], [ -114.035489032468732, 28.214398956185335 ], [ -114.035526140108033, 28.214270904851862 ], [ -114.035694267074888, 28.213990418959281 ], [ -114.035896458135994, 28.213720819029984 ], [ -114.036631527875173, 28.212794046554507 ], [ -114.036671881162661, 28.212743168695027 ], [ -114.036996356724401, 28.212608136173639 ], [ -114.037735164920207, 28.212955635921368 ] ] ] ] } },
{ "type": "Feature", "properties": { "fid": 9.0, "cat": 10, "CLAVE_ACUI": "0228", "NOM_ACUIF": "LLANOS DEL BERRENDO", "VULNERABIL": 4 }, "geometry": { "type": "MultiPolygon", "coordinates": [ [ [ [ -114.035355348494051, 28.214509614907236 ], [ -114.035420597149184, 28.214497499944809 ], [ -114.035422500609869, 28.214499270737335 ], [ -114.035472715389432, 28.214545985598328 ], [ -114.03548192138021, 28.214627365807186 ], [ -114.035472764307528, 28.214958654460403 ], [ -114.035465248152931, 28.215041724316738 ], [ -114.03546451712873, 28.215049803713605 ], [ -114.035435187425463, 28.215143878246547 ], [ -114.035401535022572, 28.215187121176481 ], [ -114.035273820059444, 28.215294846904886 ], [ -114.03523528428623, 28.215307541167878 ], [ -114.035183165824819, 28.215259055408524 ], [ -114.03514724670255, 28.215177095779659 ], [ -114.035031742946927, 28.214843103246185 ], [ -114.035013277215498, 28.214751374605779 ], [ -114.0350426071399, 28.214657300178668 ], [ -114.035102972702617, 28.214614636755389 ], [ -114.035355348494051, 28.214509614907236 ] ] ] ] } },
{ "type": "Feature", "properties": { "fid": 10.0, "cat": 11, "CLAVE_ACUI": "0228", "NOM_ACUIF": "LLANOS DEL BERRENDO", "VULNERABIL": 4 }, "geometry": null },
{ "type": "Feature", "properties": { "fid": 11.0, "cat": 12, "CLAVE_ACUI": "0228", "NOM_ACUIF": "LLANOS DEL BERRENDO", "VULNERABIL": 5 }, "geometry": null },
{ "type": "Feature", "properties": { "fid": 12.0, "cat": 13, "CLAVE_ACUI": "0228", "NOM_ACUIF": "LLANOS DEL BERRENDO", "VULNERABIL": 4 }, "geometry": null },
{ "type": "Feature", "properties": { "fid": 13.0, "cat": 14, "CLAVE_ACUI": "0228", "NOM_ACUIF": "LLANOS DEL BERRENDO", "VULNERABIL": 3 }, "geometry": null },
{ "type": "Feature", "properties": { "fid": 14.0, "cat": 15, "CLAVE_ACUI": "0228", "NOM_ACUIF": "LLANOS DEL BERRENDO", "VULNERABIL": 3 }, "geometry": null },
{ "type": "Feature", "properties": { "fid": 15.0, "cat": 16, "CLAVE_ACUI": "0228", "NOM_ACUIF": "LLANOS DEL BERRENDO", "VULNERABIL": 3 }, "geometry": null },
{ "type": "Feature", "properties": { "fid": 16.0, "cat": 17, "CLAVE_ACUI": "0228", "NOM_ACUIF": "LLANOS DEL BERRENDO", "VULNERABIL": 3 }, "geometry": { "type": "MultiPolygon", "coordinates": [ [ [ [ -114.025433946079701, 28.192557161879751 ], [ -114.02559261785855, 28.192834837492736 ], [ -114.025752471489398, 28.193076901562311 ], [ -114.025840708120526, 28.193255034195669 ], [ -114.025913337005775, 28.193470535377831 ], [ -114.025953767795571, 28.193672689326846 ], [ -114.026029464144386, 28.193917259268542 ], [ -114.026110533400626, 28.194128863767901 ], [ -114.026190733031299, 28.194270074640478 ], [ -114.026292076339047, 28.19437686480876 ], [ -114.026427761825545, 28.194450677295379 ], [ -114.026561891686313, 28.194492561870682 ], [ -114.026814994075494, 28.194578396593972 ], [ -114.026985438733249, 28.19465595316651 ], [ -114.027106663972305, 28.194746872095799 ], [ -114.027257719505769, 28.194860163745894 ], [ -114.027321985898055, 28.194928599283301 ], [ -114.027347428562749, 28.194976906507179 ], [ -114.027363791589949, 28.195034920876321 ], [ -114.027375753688517, 28.195125990116185 ], [ -114.027366969993011, 28.195196838843568 ], [ -114.027317181754754, 28.195274416092484 ], [ -114.027215577871232, 28.19532096041841 ], [ -114.027045780042613, 28.195328828797276 ], [ -114.027034905949861, 28.195329332699373 ], [ -114.026792761984396, 28.195324068429269 ], [ -114.026678860071215, 28.195301296880029 ], [ -114.026585343795773, 28.19525641186312 ], [ -114.026521232928772, 28.195203159177151 ], [ -114.026409953365459, 28.195085734022829 ], [ -114.026048277486623, 28.194635887312891 ], [ -114.025976559299451, 28.194527126942837 ], [ -114.025971337852255, 28.194519208627856 ], [ -114.02585859563294, 28.194317120895033 ], [ -114.025732425883149, 28.194012765287631 ], [ -114.025598430024061, 28.19366210292895 ], [ -114.025440057730719, 28.193309482307416 ], [ -114.025315670631699, 28.193079873674542 ], [ -114.025199281272165, 28.192913583246838 ], [ -114.025098279287889, 28.192805779647511 ], [ -114.025027360485964, 28.192746290964934 ], [ -114.02487535555575, 28.192596471618447 ], [ -114.024738048780534, 28.192410502909546 ], [ -114.024626013647037, 28.192221011951283 ], [ -114.024453157820531, 28.191904937594767 ], [ -114.023839670799148, 28.190865935829851 ], [ -114.02356366565418, 28.190478847092333 ], [ -114.023252442398416, 28.190000213354306 ], [ -114.02314615994176, 28.18976819796822 ], [ -114.023000465636272, 28.189450144649445 ], [ -114.022951720011235, 28.189142966393018 ], [ -114.022976215086459, 28.188259536672909 ], [ -114.023006182696264, 28.188004809339976 ], [ -114.023121536695072, 28.187699511490905 ], [ -114.023256360280357, 28.187518098915117 ], [ -114.023460209382179, 28.187265057929515 ], [ -114.023717759070394, 28.186912971924283 ], [ -114.023864087167681, 28.186656059254503 ], [ -114.023934278651865, 28.1869786827593 ], [ -114.024185232944234, 28.187649634102794 ], [ -114.02438212670377, 28.188312680639353 ], [ -114.024579527676877, 28.18923940309536 ], [ -114.024621411575211, 28.18943603043472 ], [ -114.025044230600912, 28.191420956576884 ], [ -114.025291141478746, 28.192255685499941 ], [ -114.025433946079701, 28.192557161879751 ] ] ] ] } },
{ "type": "Feature", "properties": { "fid": 17.0, "cat": 18, "CLAVE_ACUI": "0228", "NOM_ACUIF": "LLANOS DEL BERRENDO", "VULNERABIL": 4 }, "geometry": null },
{ "type": "Feature", "properties": { "fid": 18.0, "cat": 19, "CLAVE_ACUI": "0228", "NOM_ACUIF": "LLANOS DEL BERRENDO", "VULNERABIL": 5 }, "geometry": null },
{ "type": "Feature", "properties": { "fid": 19.0, "cat": 20, "CLAVE_ACUI": "0228", "NOM_ACUIF": "LLANOS DEL BERRENDO", "VULNERABIL": 5 }, "geometry": null },
{ "type": "Feature", "properties": { "fid": 20.0, "cat": 23, "CLAVE_ACUI": "0228", "NOM_ACUIF": "LLANOS DEL BERRENDO", "VULNERABIL": 5 }, "geometry": null },
{ "type": "Feature", "properties": { "fid": 21.0, "cat": 24, "CLAVE_ACUI": "0228", "NOM_ACUIF": "LLANOS DEL BERRENDO", "VULNERABIL": 5 }, "geometry": null },
{ "type": "Feature", "properties": { "fid": 22.0, "cat": 21, "CLAVE_ACUI": "0228", "NOM_ACUIF": "LLANOS DEL BERRENDO", "VULNERABIL": 3 }, "geometry": { "type": "MultiPolygon", "coordinates": [ [ [ [ -114.09288573270527, 28.140054324829784 ], [ -114.092876712022374, 28.139682042138158 ], [ -114.092764064518747, 28.139237642543179 ], [ -114.092651422271715, 28.138793260613983 ], [ -114.092642402094057, 28.138420977915533 ], [ -114.092825593693945, 28.137572439962891 ], [ -114.093096312126008, 28.136732524798379 ], [ -114.094176433307254, 28.133661450290258 ], [ -114.09445993813857, 28.132771062487198 ], [ -114.094702877950098, 28.131687002034322 ], [ -114.094766433546894, 28.131028732808495 ], [ -114.094820086782505, 28.129040870374148 ], [ -114.094871924897021, 28.128392500220162 ], [ -114.095060183410951, 28.127354635271907 ], [ -114.095277283518215, 28.126520340734654 ], [ -114.09610213093535, 28.123664825952844 ], [ -114.096306953026343, 28.122860712276697 ], [ -114.09643797095174, 28.12196370195981 ], [ -114.096420320351015, 28.121486372833601 ], [ -114.096206936983791, 28.120155847365069 ], [ -114.096176753933548, 28.119718844466494 ], [ -114.096249279941276, 28.119010023069805 ], [ -114.096346292817259, 28.118592649595641 ], [ -114.096383070053392, 28.118434423746336 ], [ -114.096934884470556, 28.1164571125029 ], [ -114.097100291336417, 28.115557446220269 ], [ -114.097240990262776, 28.114137543022089 ], [ -114.09727780329095, 28.113359093005212 ], [ -114.097384932211781, 28.109383348352857 ], [ -114.097424924985503, 28.108323729670612 ], [ -114.097504440885217, 28.107354588601872 ], [ -114.097578043308616, 28.107029720150937 ], [ -114.097713818156294, 28.106748404059395 ], [ -114.097842004993979, 28.106482808160475 ], [ -114.097957121951353, 28.106316112608123 ], [ -114.09823037378375, 28.106085112086038 ], [ -114.098505616217622, 28.105921806474235 ], [ -114.099516824005363, 28.105390709521394 ], [ -114.099743050797613, 28.105135031673282 ], [ -114.099787573255384, 28.104472970275577 ], [ -114.099624952338957, 28.103782846436008 ], [ -114.098821552802761, 28.101224328340837 ], [ -114.098606791834058, 28.100558469990997 ], [ -114.0984079546391, 28.100009650655053 ], [ -114.098340253603766, 28.099894198058539 ], [ -114.098274527140632, 28.099345513753299 ], [ -114.098314522822861, 28.098568346114661 ], [ -114.098469138637768, 28.097333749899871 ], [ -114.098631964845197, 28.096033551563625 ], [ -114.098761944986478, 28.0953141020202 ], [ -114.099051086411606, 28.094491466364072 ], [ -114.099219723519425, 28.094219968430423 ], [ -114.099235168473299, 28.09407647407161 ], [ -114.099203423868303, 28.093696942765305 ], [ -114.098984084754889, 28.092587294113898 ], [ -114.098989722519221, 28.092418279687379 ], [ -114.099216978199209, 28.093193211057212 ], [ -114.099311635252946, 28.093360965125537 ], [ -114.099525112629934, 28.093365482203289 ], [ -114.099735422493666, 28.093204180825918 ], [ -114.100503384500996, 28.092446921040839 ], [ -114.100605171747901, 28.092303332504365 ], [ -114.100675846500351, 28.09220363323621 ], [ -114.100712713540076, 28.091825553051727 ], [ -114.100592919933391, 28.091528726490608 ], [ -114.100589183638021, 28.091522411929326 ], [ -114.099997022670138, 28.090521614936247 ], [ -114.099823587892203, 28.090304837365089 ], [ -114.099610116513787, 28.090300321201735 ], [ -114.099478591144106, 28.090510647113877 ], [ -114.099115036822425, 28.091406129019337 ], [ -114.099315229147805, 28.090344822209538 ], [ -114.099740358385077, 28.088577911309933 ], [ -114.099817156848786, 28.088275094963578 ], [ -114.099844761368303, 28.088005064691668 ], [ -114.100173196486438, 28.086570990859311 ], [ -114.101560874550785, 28.081296288548529 ], [ -114.10182616687446, 28.080547264623227 ], [ -114.102188181243463, 28.081365362177813 ], [ -114.102594632984889, 28.082289881585023 ], [ -114.102673020207348, 28.083915331094758 ], [ -114.102791335182573, 28.085947572331218 ], [ -114.103072756414733, 28.089480757408047 ], [ -114.103062793468339, 28.091365949861533 ], [ -114.102853865486026, 28.09308455766665 ], [ -114.102471870697855, 28.094429642631226 ], [ -114.102151066224678, 28.09690365164332 ], [ -114.102020652779075, 28.10175422107001 ], [ -114.101997783476222, 28.104496136549002 ], [ -114.102170820320481, 28.10562742676828 ], [ -114.102697779191459, 28.106838368777886 ], [ -114.103542838531979, 28.108326665090825 ], [ -114.104440939130541, 28.109734888574572 ], [ -114.105912568882687, 28.111759633421013 ], [ -114.107261267022409, 28.113438969064394 ], [ -114.108997367216375, 28.115090384321569 ], [ -114.110710986034775, 28.11606472527502 ], [ -114.112002397104931, 28.116849725006908 ], [ -114.113593616906044, 28.117886049398191 ], [ -114.114249275916734, 28.118051639816962 ], [ -114.114653661883438, 28.118511300502043 ], [ -114.114703701131944, 28.119853247342313 ], [ -114.114775847333817, 28.121788055928221 ], [ -114.113570450061886, 28.124280911053894 ], [ -114.113295814756938, 28.125213586214841 ], [ -114.112876217880071, 28.126178685216029 ], [ -114.111861526849822, 28.127662573906708 ], [ -114.110846840802807, 28.129293325091361 ], [ -114.109412518637356, 28.130733346829548 ], [ -114.108413059943018, 28.131423794718142 ], [ -114.106582010125592, 28.133262445252537 ], [ -114.104659420118708, 28.135556941974947 ], [ -114.100417514304453, 28.140573173731667 ], [ -114.098792463465514, 28.142388935566746 ], [ -114.096244281878356, 28.145825912119601 ], [ -114.094073767699641, 28.148557923801505 ], [ -114.09368791807276, 28.14905552386481 ], [ -114.092785721118375, 28.149043787795453 ], [ -114.091688199550575, 28.148969222138934 ], [ -114.091315612548755, 28.148917332270745 ], [ -114.091311840204725, 28.148916289620175 ], [ -114.090944397598491, 28.1488147309502 ], [ -114.090941139728031, 28.148812775182368 ], [ -114.09094453475808, 28.148809659903808 ], [ -114.090786677387101, 28.148720048205728 ], [ -114.090421865594692, 28.148380796803696 ], [ -114.09038598221899, 28.148331831573653 ], [ -114.090370563730801, 28.148258389903557 ], [ -114.090373805305603, 28.148189498737032 ], [ -114.090411774478284, 28.148144491340219 ], [ -114.090494477203933, 28.148094815553151 ], [ -114.090998814045591, 28.147884533446707 ], [ -114.091119425138046, 28.147799147459068 ], [ -114.091177941034601, 28.147610962817932 ], [ -114.091140924322957, 28.147427513703132 ], [ -114.090978203734551, 28.146957552307899 ], [ -114.090909665443576, 28.146759602360447 ], [ -114.090899098914008, 28.146444792200249 ], [ -114.091081043815379, 28.145643589284852 ], [ -114.091351527630081, 28.144813823065657 ], [ -114.092431800458357, 28.141742775245014 ], [ -114.092702535486154, 28.140902862315851 ], [ -114.092794550812201, 28.140476665512704 ], [ -114.09288573270527, 28.140054324829784 ] ] ] ] } },
{ "type": "Feature", "properties": { "fid": 23.0, "cat": 26, "CLAVE_ACUI": "0228", "NOM_ACUIF": "LLANOS DEL BERRENDO", "VULNERABIL": 5 }, "geometry": null },
{ "type": "Feature", "properties": { "fid": 24.0, "cat": 25, "CLAVE_ACUI": "0228", "NOM_ACUIF": "LLANOS DEL BERRENDO", "VULNERABIL": 2 }, "geometry": { "type": "MultiPolygon", "coordinates": [ [ [ [ -114.098606791834058, 28.100558469990997 ], [ -114.098821552802761, 28.101224328340837 ], [ -114.099624952338957, 28.103782846436008 ], [ -114.099787573255384, 28.104472970275577 ], [ -114.099743050797613, 28.105135031673282 ], [ -114.099516824005363, 28.105390709521394 ], [ -114.098505616217622, 28.105921806474235 ], [ -114.09823037378375, 28.106085112086038 ], [ -114.097957121951353, 28.106316112608123 ], [ -114.097842004993979, 28.106482808160475 ], [ -114.097713818156294, 28.106748404059395 ], [ -114.097944560407214, 28.102674967689694 ], [ -114.09809351298297, 28.1004015848346 ], [ -114.098313522466611, 28.09818044528258 ], [ -114.098469138637768, 28.097333749899871 ], [ -114.098314522822861, 28.098568346114661 ], [ -114.098274527140632, 28.099345513753299 ], [ -114.098340253603311, 28.09989419805472 ], [ -114.0984079546391, 28.100009650655053 ], [ -114.098606791834058, 28.100558469990997 ] ], [ [ -114.098338660639882, 28.099891481526566 ], [ -114.098340253603766, 28.099894198058539 ], [ -114.098340253603311, 28.09989419805472 ], [ -114.098338660639882, 28.099891481526566 ] ] ] ] } },
{ "type": "Feature", "properties": { "fid": 25.0, "cat": 27, "CLAVE_ACUI": "0228", "NOM_ACUIF": "LLANOS DEL BERRENDO", "VULNERABIL": 2 }, "geometry": { "type": "MultiPolygon", "coordinates": [ [ [ [ -114.099735422493666, 28.093204180825918 ], [ -114.099525112629934, 28.093365482203289 ], [ -114.099311635252946, 28.093360965125537 ], [ -114.099216978199209, 28.093193211057212 ], [ -114.098989722519221, 28.092418279687379 ], [ -114.098988724330582, 28.09241487588881 ], [ -114.098947714567245, 28.092167072773449 ], [ -114.098984587605599, 28.091788993503318 ], [ -114.099078272531457, 28.091496683284852 ], [ -114.099115036822425, 28.091406129019337 ], [ -114.099478591144106, 28.090510647113877 ], [ -114.099610116513787, 28.090300321201735 ], [ -114.099823587892203, 28.090304837365089 ], [ -114.099997022670138, 28.090521614936247 ], [ -114.100592919933391, 28.091528726490608 ], [ -114.100712713540076, 28.091825553051727 ], [ -114.100675846500351, 28.09220363323621 ], [ -114.100503384500996, 28.092446921040839 ], [ -114.099735422493666, 28.093204180825918 ] ] ] ] } },
{ "type": "Feature", "properties": { "fid": 26.0, "cat": 22, "CLAVE_ACUI": "0228", "NOM_ACUIF": "LLANOS DEL BERRENDO", "VULNERABIL": 3 }, "geometry": { "type": "MultiPolygon", "coordinates": [ [ [ [ -114.00492703410066, 28.096756808426377 ], [ -114.005099720228159, 28.095977549710323 ], [ -114.005178362360766, 28.095622666672032 ], [ -114.005210498534566, 28.095477647086604 ], [ -114.006323198891693, 28.091303123283883 ], [ -114.006615949536965, 28.090100266044654 ], [ -114.006869475081842, 28.088661466151997 ], [ -114.00693890891749, 28.087808895907642 ], [ -114.007009407594524, 28.085269034749274 ], [ -114.007061068234108, 28.084644396139282 ], [ -114.00723165732542, 28.084269277592313 ], [ -114.007423696481595, 28.084358032452126 ], [ -114.008149297247343, 28.085147338654288 ], [ -114.008283301232936, 28.085337732966266 ], [ -114.008358440085246, 28.085444490734719 ], [ -114.008608834404939, 28.086041895951443 ], [ -114.008757397877957, 28.086598180030634 ], [ -114.008974111896322, 28.087576091567996 ], [ -114.009200306115403, 28.08859676695069 ], [ -114.009302432025109, 28.089177406451217 ], [ -114.00933610349098, 28.089888470919234 ], [ -114.009314644761702, 28.090061319734655 ], [ -114.009282078477412, 28.090323637763667 ], [ -114.008996285112829, 28.091643351104118 ], [ -114.008954817878589, 28.092038201359411 ], [ -114.00904710305754, 28.092561123348595 ], [ -114.009133755161244, 28.092737213906716 ], [ -114.009220407525646, 28.09291330442786 ], [ -114.009578644354931, 28.093473598799985 ], [ -114.009936884719707, 28.094033892481363 ], [ -114.01012191087554, 28.09437618077947 ], [ -114.010268881163583, 28.094852939742196 ], [ -114.010288819765705, 28.095123897726197 ], [ -114.010293811676931, 28.095191735819011 ], [ -114.010263182057827, 28.096296025140635 ], [ -114.010277801939736, 28.096594006013582 ], [ -114.010376659004848, 28.096880294200567 ], [ -114.01050326372328, 28.096991296373599 ], [ -114.010995229760226, 28.097223017373633 ], [ -114.011132708877696, 28.09735455130371 ], [ -114.011282311268658, 28.097736656228673 ], [ -114.011358549939075, 28.098150986558199 ], [ -114.011564729738737, 28.099702423136176 ], [ -114.011697025820013, 28.100158565929181 ], [ -114.012108227997444, 28.100735795244205 ], [ -114.012563365464388, 28.101104264718444 ], [ -114.013705186728828, 28.101865765223771 ], [ -114.01427615818892, 28.102246548765955 ], [ -114.01474330796853, 28.102594978211599 ], [ -114.015210527440146, 28.103078708874428 ], [ -114.015410832456965, 28.10342132422543 ], [ -114.015878372508794, 28.104536465377102 ], [ -114.016056089564572, 28.104868440531209 ], [ -114.016417892203862, 28.105302516920361 ], [ -114.016757036744437, 28.105590650425167 ], [ -114.017977919634831, 28.106501191802092 ], [ -114.018316791527198, 28.106799463496923 ], [ -114.018677299956082, 28.107280861967581 ], [ -114.018853439493071, 28.107670302848231 ], [ -114.019314919752986, 28.109006295049003 ], [ -114.019420757342829, 28.109455091712292 ], [ -114.019453179727449, 28.11021348446225 ], [ -114.019393658323352, 28.110848105936217 ], [ -114.019083459089202, 28.113051278704493 ], [ -114.019013056072069, 28.113665367677569 ], [ -114.018994717850404, 28.114327944792585 ], [ -114.019038924526399, 28.114660394672416 ], [ -114.01926356278959, 28.115549250263371 ], [ -114.019344610085824, 28.115791173258984 ], [ -114.01949819109096, 28.116031291682436 ], [ -114.019636545186515, 28.116132394926336 ], [ -114.020128617594423, 28.11636409073818 ], [ -114.02027532409825, 28.11657699862819 ], [ -114.020467882033401, 28.117338873867411 ], [ -114.020596259020152, 28.118214359228276 ], [ -114.021002801605647, 28.12153808200803 ], [ -114.021131184688286, 28.122413567118574 ], [ -114.021323755238157, 28.123175441853267 ], [ -114.021470472214531, 28.123388349168884 ], [ -114.021962580895718, 28.123620041009037 ], [ -114.022075825092784, 28.123801777235116 ], [ -114.022112188014205, 28.124418188748269 ], [ -114.022081538858401, 28.124767615106943 ], [ -114.022050889490259, 28.125117040329147 ], [ -114.021728453324812, 28.127761934477384 ], [ -114.021686940071376, 28.128572839144059 ], [ -114.021815662094141, 28.129712168458894 ], [ -114.022041067417319, 28.130528877055735 ], [ -114.022964260269205, 28.133200852367771 ], [ -114.023169324384781, 28.133925789136974 ], [ -114.023203073078903, 28.134636854263626 ], [ -114.023046218638356, 28.134927724739718 ], [ -114.022280476992449, 28.135574052130337 ], [ -114.022042415897445, 28.135903745715943 ], [ -114.021697207469799, 28.136795990597268 ], [ -114.021442110499905, 28.137740932224077 ], [ -114.020596830195643, 28.141258409109021 ], [ -114.020341849793851, 28.14219827587727 ], [ -114.019997257886601, 28.143066849749438 ], [ -114.01975996740029, 28.143367803140649 ], [ -114.018997202923558, 28.143903676312924 ], [ -114.018800273100098, 28.143987333979865 ], [ -114.018650156914134, 28.143847564675458 ], [ -114.018644036516264, 28.143841866120439 ], [ -114.018617771518876, 28.143550397483281 ], [ -114.018623517838392, 28.143343061389338 ], [ -114.018488810272515, 28.141594747687574 ], [ -114.018305459598253, 28.140775567672598 ], [ -114.017886384019107, 28.139705699824127 ], [ -114.017606993293342, 28.138992425719998 ], [ -114.017418310652175, 28.138365932388506 ], [ -114.017236247072631, 28.137225440061517 ], [ -114.017164837659024, 28.136222658707766 ], [ -114.017013654840852, 28.132683504186254 ], [ -114.016941122055997, 28.131721288295928 ], [ -114.016753820897421, 28.130770102523236 ], [ -114.016558781328669, 28.130373481483215 ], [ -114.015835903429732, 28.129473767320398 ], [ -114.015660935891418, 28.129179058192509 ], [ -114.015567291866915, 28.128703464893981 ], [ -114.015608481096905, 28.128318755115615 ], [ -114.015894335963196, 28.126999035311261 ], [ -114.015936928406759, 28.126563618015226 ], [ -114.015849843884212, 28.125851391240758 ], [ -114.015682846711002, 28.125269341678013 ], [ -114.014990624333734, 28.123265335942474 ], [ -114.014633960036917, 28.122506643622579 ], [ -114.013661751342468, 28.120970083349668 ], [ -114.012629564657786, 28.119533685043599 ], [ -114.008785102145481, 28.114367005853168 ], [ -114.007742446722403, 28.112899905474546 ], [ -114.006720986261058, 28.111220163304484 ], [ -114.006304394854496, 28.110287636440429 ], [ -114.005381768080113, 28.10761558775074 ], [ -114.005135622860791, 28.10672737323074 ], [ -114.004909550273098, 28.105254422908818 ], [ -114.004852285600506, 28.104347947174766 ], [ -114.004832732109023, 28.104038422797171 ], [ -114.004700313900727, 28.099836705091203 ], [ -114.004716955881008, 28.09855171428897 ], [ -114.00492703410066, 28.096756808426377 ] ] ] ] } },
{ "type": "Feature", "properties": { "fid": 27.0, "cat": 29, "CLAVE_ACUI": "0228", "NOM_ACUIF": "LLANOS DEL BERRENDO", "VULNERABIL": 5 }, "geometry": null },
{ "type": "Feature", "properties": { "fid": 28.0, "cat": 31, "CLAVE_ACUI": "0228", "NOM_ACUIF": "LLANOS DEL BERRENDO", "VULNERABIL": 5 }, "geometry": null },
{ "type": "Feature", "properties": { "fid": 29.0, "cat": 30, "CLAVE_ACUI": "0228", "NOM_ACUIF": "LLANOS DEL BERRENDO", "VULNERABIL": 3 }, "geometry": { "type": "MultiPolygon", "coordinates": [ [ [ [ -114.011548571262665, 28.068264845102956 ], [ -114.011536338594269, 28.068706563095414 ], [ -114.011555740269401, 28.068832139622032 ], [ -114.011658514416823, 28.068976445405138 ], [ -114.011785933092511, 28.069057019909305 ], [ -114.01227778063064, 28.069288727536865 ], [ -114.01240435782681, 28.069399725999332 ], [ -114.012503202789674, 28.069686012149244 ], [ -114.012517832462024, 28.069983993979129 ], [ -114.012487257974954, 28.071088289600546 ], [ -114.012419890339046, 28.071455518416482 ], [ -114.01213608145747, 28.072064956860892 ], [ -114.011798005514692, 28.072568353524154 ], [ -114.010504102475409, 28.074308090443097 ], [ -114.010176882533699, 28.074832014009608 ], [ -114.010162323762458, 28.074876062362854 ], [ -114.00994378338315, 28.075537262914189 ], [ -114.009938007165559, 28.076020838655833 ], [ -114.010144155035192, 28.07757227687145 ], [ -114.010162932772488, 28.077995502418361 ], [ -114.01004441138646, 28.078419116730878 ], [ -114.009856316851696, 28.078601054234689 ], [ -114.009097060909994, 28.079026478876916 ], [ -114.008898092340644, 28.079187882556955 ], [ -114.00872883111056, 28.079515677754131 ], [ -114.008685998146618, 28.079822553177241 ], [ -114.008670684756311, 28.080374706655746 ], [ -114.008655371831651, 28.080926843344585 ], [ -114.008612115790243, 28.081248930788778 ], [ -114.008440880786168, 28.081647715286337 ], [ -114.008239514882362, 28.081895319702394 ], [ -114.007471036565121, 28.082652019515329 ], [ -114.007299711123551, 28.0826415150086 ], [ -114.007268677253109, 28.08183579729797 ], [ -114.007395665268959, 28.080695276268969 ], [ -114.008019267139588, 28.076178556820519 ], [ -114.008206073587615, 28.074942936657596 ], [ -114.0084542736234, 28.07369343374009 ], [ -114.008622041782829, 28.073144050076149 ], [ -114.009156755405797, 28.07182976121485 ], [ -114.009287546755701, 28.071375971973858 ], [ -114.009363200473842, 28.070572579591165 ], [ -114.00934048682663, 28.069878665592871 ], [ -114.009158838860159, 28.067443792561587 ], [ -114.009156225110019, 28.0666437669678 ], [ -114.00932567044724, 28.065345186997348 ], [ -114.009570344532221, 28.064290097610055 ], [ -114.009656668444535, 28.063968262679627 ], [ -114.009679461210581, 28.063562976821476 ], [ -114.009878844239296, 28.062146659059842 ], [ -114.010096036557314, 28.06132605480752 ], [ -114.010864668927994, 28.059047830022045 ], [ -114.010909844024866, 28.059292845510686 ], [ -114.01093921872048, 28.059425404493229 ], [ -114.011029229226253, 28.059204118245223 ], [ -114.011099103311381, 28.059296969157252 ], [ -114.011196066072813, 28.060293547649682 ], [ -114.011254749683175, 28.060584033122726 ], [ -114.01143164388202, 28.060943053444859 ], [ -114.011625666729216, 28.061165453969455 ], [ -114.012354217372661, 28.061844300896365 ], [ -114.012564690107368, 28.06209242757761 ], [ -114.012818341282895, 28.062571506925046 ], [ -114.012970227479812, 28.063007779446497 ], [ -114.013425384025126, 28.064564638239826 ], [ -114.013519551518016, 28.065019948830287 ], [ -114.013503836255737, 28.065587873249278 ], [ -114.013387217122059, 28.065943883134445 ], [ -114.012858702991565, 28.067037336383837 ], [ -114.012698033552297, 28.067331500380423 ], [ -114.01247676329514, 28.067610814001249 ], [ -114.012321332912578, 28.067715669518858 ], [ -114.012052493533389, 28.067827676254471 ], [ -114.011817260995457, 28.06792568070216 ], [ -114.01170781524192, 28.067987936840346 ], [ -114.011685537460693, 28.068000609112651 ], [ -114.011574900476404, 28.068140264996973 ], [ -114.011548571262665, 28.068264845102956 ] ] ] ] } },
{ "type": "Feature", "properties": { "fid": 30.0, "cat": 32, "CLAVE_ACUI": "0228", "NOM_ACUIF": "LLANOS DEL BERRENDO", "VULNERABIL": 2 }, "geometry": { "type": "MultiPolygon", "coordinates": [ [ [ [ -114.136014253901649, 28.053916946752082 ], [ -114.136307060008946, 28.05394673740663 ], [ -114.136633424627647, 28.054077018930005 ], [ -114.137863661733405, 28.054655202949963 ], [ -114.138204760296219, 28.054877122627136 ], [ -114.138566309830523, 28.055334569449911 ], [ -114.138741710451797, 28.055766145749782 ], [ -114.139198702163554, 28.057322721594808 ], [ -114.139287286040826, 28.057793080172051 ], [ -114.139243678409201, 28.058431511480954 ], [ -114.139092796235985, 28.058873197415391 ], [ -114.138432276119673, 28.060295964328557 ], [ -114.138179832732234, 28.060684789120355 ], [ -114.13766229292159, 28.061076539403999 ], [ -114.137175394149168, 28.061247356829927 ], [ -114.13542073512123, 28.061652741656754 ], [ -114.134924551076892, 28.061742170946751 ], [ -114.134363691439134, 28.061754135651395 ], [ -114.134058648390095, 28.061681799824068 ], [ -114.13319597738419, 28.061332266268082 ], [ -114.132939093771313, 28.061169600371354 ], [ -114.132602972452375, 28.06076002906649 ], [ -114.132379683459106, 28.060337593243826 ], [ -114.131673799301197, 28.05877579629492 ], [ -114.131514072123338, 28.058329317671809 ], [ -114.131474551540606, 28.057807549182343 ], [ -114.131577819205063, 28.057508644234215 ], [ -114.131786394692213, 28.057159391918432 ], [ -114.132099250050643, 28.056635521334837 ], [ -114.132275884319071, 28.056373668013968 ], [ -114.132578750925802, 28.056024809887408 ], [ -114.132834783042284, 28.055788294227725 ], [ -114.133726726644056, 28.055033408984965 ], [ -114.133993109642745, 28.054837700066329 ], [ -114.134344293663801, 28.05467928055517 ], [ -114.134579602850465, 28.054648676039367 ], [ -114.135326529318135, 28.054664272609447 ], [ -114.135527137116412, 28.054648164310709 ], [ -114.135716379828693, 28.054557397968175 ], [ -114.135786118658473, 28.054443840275898 ], [ -114.135922323234027, 28.054004670747968 ], [ -114.136014253901649, 28.053916946752082 ] ] ] ] } },
{ "type": "Feature", "properties": { "fid": 31.0, "cat": 34, "CLAVE_ACUI": "0228", "NOM_ACUIF": "LLANOS DEL BERRENDO", "VULNERABIL": 4 }, "geometry": null },
{ "type": "Feature", "properties": { "fid": 32.0, "cat": 35, "CLAVE_ACUI": "0228", "NOM_ACUIF": "LLANOS DEL BERRENDO", "VULNERABIL": 2 }, "geometry": { "type": "MultiPolygon", "coordinates": [ [ [ [ -114.144028989267525, 28.047695651707226 ], [ -114.1442054005758, 28.047440541317993 ], [ -114.14450444951585, 28.047233649860239 ], [ -114.144755251593367, 28.047193200874293 ], [ -114.145626613521941, 28.047211327498353 ], [ -114.145881255265209, 28.047241994442761 ], [ -114.146198221459571, 28.047366983162409 ], [ -114.146396388873896, 28.047514871712973 ], [ -114.147004207318219, 28.048080028598928 ], [ -114.147144011702835, 28.048272370217557 ], [ -114.147188609978713, 28.048604808923887 ], [ -114.147112516614797, 28.048887379767535 ], [ -114.146712810982976, 28.049873603894593 ], [ -114.146563075885624, 28.050129272260701 ], [ -114.146264021929468, 28.05033616783367 ], [ -114.145986537596698, 28.050376064271767 ], [ -114.14499066599052, 28.050355348151204 ], [ -114.144703626191259, 28.050324005060343 ], [ -114.144359978618283, 28.050198457310898 ], [ -114.144343295401612, 28.050186346135717 ], [ -114.144156093608018, 28.050050446749381 ], [ -114.143548281125049, 28.049485277656814 ], [ -114.14341419815608, 28.04929305174479 ], [ -114.143396286274992, 28.048961167953046 ], [ -114.143504779919468, 28.048679274131185 ], [ -114.144028989267525, 28.047695651707226 ] ] ] ] } },
{ "type": "Feature", "properties": { "fid": 33.0, "cat": 37, "CLAVE_ACUI": "0228", "NOM_ACUIF": "LLANOS DEL BERRENDO", "VULNERABIL": 4 }, "geometry": null },
{ "type": "Feature", "properties": { "fid": 34.0, "cat": 36, "CLAVE_ACUI": "0228", "NOM_ACUIF": "LLANOS DEL BERRENDO", "VULNERABIL": 4 }, "geometry": { "type": "MultiPolygon", "coordinates": [ [ [ [ -114.115467838573764, 28.046580723955774 ], [ -114.115469442891936, 28.046575989486673 ], [ -114.11664174282518, 28.045319620434199 ], [ -114.118162726708107, 28.044000916892212 ], [ -114.118133252736484, 28.044116596262715 ], [ -114.117466680246864, 28.045760131831486 ], [ -114.117173201221632, 28.046185264274897 ], [ -114.116470215954777, 28.04652568080235 ], [ -114.115759431970332, 28.046586855199283 ], [ -114.115467838573764, 28.046580723955774 ] ] ], [ [ [ -114.096427067408428, 28.024577893593609 ], [ -114.097182987180005, 28.02481940582452 ], [ -114.097305864744897, 28.025164805830663 ], [ -114.096912776833634, 28.025418106421665 ], [ -114.096195555270924, 28.025249579825353 ], [ -114.095397059086466, 28.025079330133654 ], [ -114.092154973079928, 28.024298035416876 ], [ -114.090999752419492, 28.023407539795571 ], [ -114.090794408832537, 28.023105493300658 ], [ -114.09084111065448, 28.02288095588063 ], [ -114.09156339841968, 28.022860173876524 ], [ -114.092158705459951, 28.022647256000955 ], [ -114.092883173583573, 28.022545323313082 ], [ -114.092814987769074, 28.022056740779568 ], [ -114.092480721419577, 28.021634692677413 ], [ -114.0919826972587, 28.021254281117198 ], [ -114.091481766763479, 28.020982059361202 ], [ -114.090890591374034, 28.021041703912537 ], [ -114.090458809733121, 28.021221997622089 ], [ -114.090161280520377, 28.021323945436361 ], [ -114.089093555293573, 28.021716282612754 ], [ -114.088589718205739, 28.021552241785955 ], [ -114.088303110933808, 28.021248468892384 ], [ -114.088648560010199, 28.020876909150658 ], [ -114.088197259498699, 28.020271948645462 ], [ -114.087273750277902, 28.020216276842021 ], [ -114.08642257085738, 28.020117028364478 ], [ -114.085335351252198, 28.019724090550017 ], [ -114.084500414084943, 28.019399648843994 ], [ -114.083869391239702, 28.019052469934927 ], [ -114.083802462852574, 28.018518806485186 ], [ -114.084071507115496, 28.017965214806594 ], [ -114.084802994400917, 28.01760186195429 ], [ -114.085820823464047, 28.017551298171718 ], [ -114.086585895151558, 28.017450258942706 ], [ -114.087461460848644, 28.017775549285933 ], [ -114.087607850412567, 28.017246411101404 ], [ -114.087623873373104, 28.016651360278946 ], [ -114.088211141455275, 28.016735982934513 ], [ -114.088758746139135, 28.01678367792865 ], [ -114.089630402071009, 28.017632094185409 ], [ -114.090197302092534, 28.018474047789002 ], [ -114.090781672709596, 28.018666851638358 ], [ -114.090842411032853, 28.018298274056054 ], [ -114.091121604321629, 28.017365995949142 ], [ -114.091144882307077, 28.016500464765372 ], [ -114.090476369003738, 28.016035247706956 ], [ -114.089438054686696, 28.015336663175155 ], [ -114.088524812127787, 28.014523449184292 ], [ -114.087941681752412, 28.014285557963682 ], [ -114.087912212537347, 28.013869963616525 ], [ -114.087537112077101, 28.013456060629622 ], [ -114.087191928383206, 28.013818603498539 ], [ -114.086633170024825, 28.014185635622972 ], [ -114.086255159576069, 28.01387992041812 ], [ -114.085839674860722, 28.013456135203203 ], [ -114.08533272315033, 28.013409292318816 ], [ -114.08494884247439, 28.013698839330686 ], [ -114.08440028440377, 28.013687194008774 ], [ -114.083867038725444, 28.013107545050822 ], [ -114.083498033952736, 28.012468234970939 ], [ -114.083428920760795, 28.012015714384521 ], [ -114.083006404450359, 28.011853382731925 ], [ -114.082840763834, 28.011588253817202 ], [ -114.083487783731385, 28.011340385171799 ], [ -114.084089112839891, 28.010902100933464 ], [ -114.084393906185127, 28.010529687310495 ], [ -114.084244496473701, 28.010039377999881 ], [ -114.083736589808979, 28.010028594055456 ], [ -114.083052106007827, 28.010158394936656 ], [ -114.082110263066028, 28.010409019431279 ], [ -114.080983740574624, 28.009970112491182 ], [ -114.080487027178862, 28.009544586333945 ], [ -114.079986181129257, 28.009272328446912 ], [ -114.080120243248686, 28.008824126444331 ], [ -114.080937017545452, 28.008688130620012 ], [ -114.081289498981789, 28.008055127131801 ], [ -114.081636869378798, 28.007611455980491 ], [ -114.082566290184261, 28.007820643455467 ], [ -114.08328847442985, 28.007799897538465 ], [ -114.083851095564526, 28.007288622645145 ], [ -114.083170474017535, 28.005767652990279 ], [ -114.083108411617928, 28.00505367115122 ], [ -114.08311959069357, 28.0046389396881 ], [ -114.08375349375747, 28.004499041556333 ], [ -114.084393423534834, 28.004512626486747 ], [ -114.084405569067926, 28.004061830863684 ], [ -114.083622315477697, 28.003332538994048 ], [ -114.082651327637436, 28.003158561994155 ], [ -114.081540030054242, 28.003288313185667 ], [ -114.080796660581868, 28.004472317070327 ], [ -114.080473690004482, 28.005142031479998 ], [ -114.079409995722841, 28.005390049514883 ], [ -114.078657420969449, 28.005031245693075 ], [ -114.078053940803613, 28.004044136937932 ], [ -114.078193114004534, 28.003406603505503 ], [ -114.078594430639484, 28.002846813633635 ], [ -114.078685668098672, 28.002478891214899 ], [ -114.078198245451858, 28.00171075671113 ], [ -114.077407992312516, 28.001242893576705 ], [ -114.076355535796026, 28.001076161158526 ], [ -114.075561398276349, 28.000752541861136 ], [ -114.075378475228419, 27.99999990186414 ], [ -114.075244587512387, 27.999582469152354 ], [ -114.077604548933635, 27.999590131964041 ], [ -114.078030946205971, 28.000002220951824 ], [ -114.07867972323173, 28.000440008496277 ], [ -114.079065147595088, 28.000845130540757 ], [ -114.079562223436582, 28.001229870718785 ], [ -114.079686590558012, 28.00156401675623 ], [ -114.079895401904395, 28.001805242824091 ], [ -114.080745494847875, 28.002596815802402 ], [ -114.080878947610032, 28.002700286365535 ], [ -114.081012400630641, 28.00280375681676 ], [ -114.081407861301642, 28.002977910612302 ], [ -114.081705898703362, 28.003019760579225 ], [ -114.082701279072111, 28.003040902898935 ], [ -114.082972254637781, 28.003026361207866 ], [ -114.083241426010886, 28.002937361688122 ], [ -114.083354980793857, 28.002824761571322 ], [ -114.083615730632076, 28.002388293809034 ], [ -114.083723707831581, 28.002270500893616 ], [ -114.083845280301702, 28.002213884760575 ], [ -114.083966852651926, 28.002157268509819 ], [ -114.084206225266257, 28.002113300598118 ], [ -114.085080152352859, 28.002021346231704 ], [ -114.085308780815012, 28.001951778235362 ], [ -114.085501786618522, 28.001719085193301 ], [ -114.085548880710434, 28.001456234865451 ], [ -114.085570154420878, 28.000666255801683 ], [ -114.085676108446663, 28.000660784677855 ], [ -114.086049575240764, 28.000001147424022 ], [ -114.085864081535092, 27.99961695072572 ], [ -114.090165282161323, 27.999620089823495 ], [ -114.096380321205814, 27.99965109703146 ], [ -114.096568395057389, 27.999998342979694 ], [ -114.096910842143316, 28.00049272127491 ], [ -114.096641671418524, 28.001055363588311 ], [ -114.096737439994726, 28.0020316693561 ], [ -114.096977350597456, 28.002559965077662 ], [ -114.096919548806952, 28.003199243465069 ], [ -114.096516385306515, 28.003831222027447 ], [ -114.095624683794014, 28.004110067550325 ], [ -114.094527654690054, 28.004086867207238 ], [ -114.094239870698246, 28.003449301667128 ], [ -114.093782778431219, 28.003439631523605 ], [ -114.093680464108019, 28.003843416769683 ], [ -114.093258915391772, 28.004023940114852 ], [ -114.092801593936912, 28.003644396340018 ], [ -114.092211500508938, 28.003289103947932 ], [ -114.091436597602481, 28.003759837429083 ], [ -114.090836307216023, 28.004162095642236 ], [ -114.090955268860498, 28.004651754403923 ], [ -114.091194912482123, 28.005189074340382 ], [ -114.091571960703575, 28.00515195314301 ], [ -114.091830750343178, 28.004977010593933 ], [ -114.09242813530976, 28.004682939852177 ], [ -114.092683046939271, 28.004652251147899 ], [ -114.092879161827497, 28.005296900518179 ], [ -114.092864144277939, 28.005855891205869 ], [ -114.093100893307962, 28.006501400391894 ], [ -114.09364530243657, 28.006666279986867 ], [ -114.093965294224233, 28.006104720754625 ], [ -114.094611058525032, 28.005522988494342 ], [ -114.095170713381322, 28.005119854081787 ], [ -114.096107164575756, 28.005067486140661 ], [ -114.09672799689956, 28.005414391493485 ], [ -114.097450169405292, 28.005393569609826 ], [ -114.098643711535018, 28.005229342194042 ], [ -114.099450287618794, 28.005093017734691 ], [ -114.10046486123268, 28.005159544367853 ], [ -114.101090795559088, 28.005695982405676 ], [ -114.101486257769082, 28.006489167662707 ], [ -114.101425338361551, 28.007245658054408 ], [ -114.100685999496505, 28.007906638748114 ], [ -114.100303143328304, 28.008160169338719 ], [ -114.10054598203881, 28.008580268297489 ], [ -114.100870088032337, 28.009002082362997 ], [ -114.100686526638427, 28.00940415869394 ], [ -114.100379856449877, 28.009848741285321 ], [ -114.10031892521711, 28.010605230138268 ], [ -114.100403620246183, 28.012375160448272 ], [ -114.10064163436509, 28.012975580368334 ], [ -114.100973725843943, 28.013099865876327 ], [ -114.101565097491999, 28.013031158095536 ], [ -114.102155275646808, 28.013386416094587 ], [ -114.10306763725437, 28.013856722242608 ], [ -114.103812398390204, 28.014512932234478 ], [ -114.103959026730124, 28.015490308263676 ], [ -114.103927885700287, 28.016653379177935 ], [ -114.103826334781857, 28.017409013463361 ], [ -114.103421217100973, 28.018113138601596 ], [ -114.102862725513745, 28.018471223061987 ], [ -114.10306181785252, 28.019007670646275 ], [ -114.103682751342646, 28.019354551562898 ], [ -114.105058413127438, 28.020366866559435 ], [ -114.105813362958671, 28.020644394834829 ], [ -114.106153687345312, 28.020462123686681 ], [ -114.106756917905102, 28.019951608941419 ], [ -114.107618495552501, 28.019663041168617 ], [ -114.108496324206158, 28.019907058461218 ], [ -114.109681828307444, 28.020049293166753 ], [ -114.110920257770118, 28.019732551594309 ], [ -114.111476806194375, 28.01944656175052 ], [ -114.112207262687917, 28.019119121125357 ], [ -114.112692640584527, 28.018452739573149 ], [ -114.113290777308734, 28.018131531435536 ], [ -114.11428217452125, 28.017547949748057 ], [ -114.115090756913915, 28.017339409813204 ], [ -114.115768291201803, 28.017470917938137 ], [ -114.1163380373509, 28.016689018197077 ], [ -114.116363035986097, 28.015751338350864 ], [ -114.117335173108856, 28.015889024315268 ], [ -114.117796411673268, 28.015745345256679 ], [ -114.118897736603742, 28.015993986149859 ], [ -114.119492961874471, 28.01578094260373 ], [ -114.120256806957755, 28.015724793162672 ], [ -114.120200327801882, 28.016319009102315 ], [ -114.120141687151275, 28.016994370561005 ], [ -114.12038966389494, 28.017225101302145 ], [ -114.120808108648561, 28.017161705777177 ], [ -114.121034409890967, 28.016679304584756 ], [ -114.121725146151618, 28.016314892887976 ], [ -114.122241015486466, 28.016028004071721 ], [ -114.12282640271637, 28.016184609914536 ], [ -114.123239894378443, 28.016689440399947 ], [ -114.123563156244927, 28.017147273642845 ], [ -114.123630610857674, 28.018050809697563 ], [ -114.123817011789058, 28.018686200275578 ], [ -114.124187002426268, 28.019298372112871 ], [ -114.124249337297655, 28.020012354913344 ], [ -114.12397521020867, 28.020764396786777 ], [ -114.123372048977544, 28.021274992922702 ], [ -114.122939351411802, 28.021491457651138 ], [ -114.122688481114409, 28.021368924867595 ], [ -114.122623038062926, 28.020772152741586 ], [ -114.122333451213038, 28.02057663829499 ], [ -114.121644847911242, 28.020859905290589 ], [ -114.120864883226858, 28.021520143956579 ], [ -114.119448049091943, 28.022428632933259 ], [ -114.117760791419016, 28.023565980495679 ], [ -114.115692776286821, 28.024875730521131 ], [ -114.114963490913439, 28.025158106710453 ], [ -114.114513973003071, 28.026384561926776 ], [ -114.114621695726541, 28.026919075683502 ], [ -114.114439109585888, 28.027285106549439 ], [ -114.114341705617051, 28.027887478265882 ], [ -114.114875191523268, 28.028467025295303 ], [ -114.114951714734559, 28.029027946719875 ], [ -114.115456597152999, 28.02915583160836 ], [ -114.11600933776991, 28.029014084545206 ], [ -114.116565924821828, 28.028728076945328 ], [ -114.117191047724873, 28.028921629258505 ], [ -114.117398401727087, 28.029151513180452 ], [ -114.117639185660138, 28.029652734510005 ], [ -114.118065917439395, 28.029661693658248 ], [ -114.118540500281512, 28.029401019977545 ], [ -114.118546508301932, 28.029175616165183 ], [ -114.118677322575195, 28.028844577517791 ], [ -114.11897292987841, 28.028814696722208 ], [ -114.119312370806512, 28.029047349893833 ], [ -114.119633725343476, 28.029577322462337 ], [ -114.120195880798079, 28.030608512293384 ], [ -114.120176904932435, 28.031320789196897 ], [ -114.120080727920055, 28.031878085977247 ], [ -114.119478443959224, 28.032352593656608 ], [ -114.118576144248237, 28.032640377185121 ], [ -114.117550230105849, 28.032988707143602 ], [ -114.117045086503651, 28.032869844646967 ], [ -114.11694528440718, 28.032037799385598 ], [ -114.116618827593925, 28.031318268882035 ], [ -114.116084116343075, 28.030783807761079 ], [ -114.115548448011864, 28.030285409421055 ], [ -114.115167704035883, 28.030457832342833 ], [ -114.115413532138803, 28.030769718317092 ], [ -114.115770460636554, 28.031489891463735 ], [ -114.116131540228992, 28.032435680658946 ], [ -114.116409117680121, 28.033082015973466 ], [ -114.116978471148826, 28.033842733613888 ], [ -114.117683769147703, 28.034461964939602 ], [ -114.118163677944779, 28.035527520566792 ], [ -114.118354217207866, 28.036388533862695 ], [ -114.118638787635319, 28.036773397940756 ], [ -114.118378753497723, 28.036993468624004 ], [ -114.117729474567426, 28.037322640801619 ], [ -114.117101657516628, 28.037228264903806 ], [ -114.116724440568845, 28.036886557628183 ], [ -114.116359552101699, 28.036463917819127 ], [ -114.11544183527154, 28.03580413089831 ], [ -114.114633629498243, 28.03447005240972 ], [ -114.113810274938757, 28.033703985305365 ], [ -114.113449213065536, 28.032758191348101 ], [ -114.112728778921593, 28.032706955169829 ], [ -114.112374452885007, 28.033412174003317 ], [ -114.11260654920504, 28.034237982413671 ], [ -114.1130140304045, 28.034968246655705 ], [ -114.111743939290832, 28.034941527308995 ], [ -114.111369880636857, 28.034482597897977 ], [ -114.110947229462525, 28.034320343091064 ], [ -114.110558269141322, 28.034799298322948 ], [ -114.110623405112662, 28.035405086884456 ], [ -114.110195724555183, 28.035811056428972 ], [ -114.109765113582824, 28.035946328215545 ], [ -114.108160673814936, 28.035876449715779 ], [ -114.107957430776324, 28.035493279508618 ], [ -114.108311792703148, 28.034788074936223 ], [ -114.107986381879726, 28.034411352218424 ], [ -114.108080935337668, 28.033917181357648 ], [ -114.109402503503006, 28.03353906623871 ], [ -114.109166575001211, 28.032857511437673 ], [ -114.108676638221908, 28.032170606398044 ], [ -114.109236393534573, 28.031767422361185 ], [ -114.110446370813634, 28.030999035636583 ], [ -114.110765119004043, 28.030103628677061 ], [ -114.111076873921505, 28.029469687176597 ], [ -114.110933346067739, 28.028753994803868 ], [ -114.110073869695782, 28.028961433551792 ], [ -114.108442281384356, 28.029910382452933 ], [ -114.107238577627044, 28.030444333868427 ], [ -114.106716568249809, 28.030956559031235 ], [ -114.106696296698615, 28.031713907688541 ], [ -114.106477159938393, 28.032304683973759 ], [ -114.106286329536445, 28.032977246710864 ], [ -114.105688812760235, 28.033271367867322 ], [ -114.104954376034826, 28.033743021177468 ], [ -114.104809247244816, 28.034227101262072 ], [ -114.104501546790402, 28.034707751791021 ], [ -114.102843441130588, 28.035123820564387 ], [ -114.101993814305274, 28.034961546969658 ], [ -114.101201280925508, 28.034565925029547 ], [ -114.10066373481456, 28.034139600539415 ], [ -114.100365934492842, 28.034250584385831 ], [ -114.100093777311258, 28.03492141806823 ], [ -114.100203609291682, 28.035374793894629 ], [ -114.099435510805378, 28.035584092213981 ], [ -114.098082205766516, 28.035627656131467 ], [ -114.097019442889859, 28.03583071042091 ], [ -114.096517464934166, 28.03559456543373 ], [ -114.095801147205563, 28.035389968126104 ], [ -114.095041039715085, 28.035301714565765 ], [ -114.094701861892148, 28.035438873116735 ], [ -114.094194800925735, 28.035392055099326 ], [ -114.09360647848608, 28.034964629238694 ], [ -114.092813737910262, 28.03457797705267 ], [ -114.092722126958279, 28.033448402129938 ], [ -114.092637716377823, 28.033185003052324 ], [ -114.093190499354122, 28.0330433518284 ], [ -114.09348730990348, 28.033347332565516 ], [ -114.093931437942743, 28.033843874453499 ], [ -114.094618247907164, 28.033632886346389 ], [ -114.09467391550821, 28.033074757279106 ], [ -114.094563139180664, 28.032657442627375 ], [ -114.09355922623719, 28.032185135806259 ], [ -114.093273548433984, 28.031845306761383 ], [ -114.09336501318441, 28.031468358081774 ], [ -114.094205404206591, 28.031594403298822 ], [ -114.095206165353233, 28.032183912735874 ], [ -114.095913498101552, 28.032722102358033 ], [ -114.097268171693571, 28.034518890783318 ], [ -114.097639027734971, 28.034716175985999 ], [ -114.098450911280239, 28.034390538832199 ], [ -114.099115225009896, 28.033502469427653 ], [ -114.098847675438975, 28.032486451156533 ], [ -114.098900416364046, 28.032036510516473 ], [ -114.098442237994718, 28.031684024518842 ], [ -114.097686268149019, 28.031442515637071 ], [ -114.097188181904386, 28.031062118702273 ], [ -114.096812263603113, 28.030675282793144 ], [ -114.09728859019468, 28.030351574998079 ], [ -114.098135025112185, 28.030631082449172 ], [ -114.098549657174857, 28.030712015644909 ], [ -114.099092259525534, 28.030949010818446 ], [ -114.099762835406409, 28.031342066675325 ], [ -114.100192711414365, 28.031233873798101 ], [ -114.100624276133487, 28.030683680549494 ], [ -114.100378493433496, 28.030371771258142 ], [ -114.099971842713245, 28.029993315480532 ], [ -114.09969534056728, 28.029310890556456 ], [ -114.099241040878582, 28.028814151778604 ], [ -114.098448562081941, 28.028418517740526 ], [ -114.098072647241068, 28.028031685506068 ], [ -114.09741904204347, 28.02700750416545 ], [ -114.098070244779052, 28.026606299778749 ], [ -114.098755065719601, 28.026467414682259 ], [ -114.099687590278208, 28.02618942135118 ], [ -114.100293063405303, 28.025976683059834 ], [ -114.100556245686064, 28.025639438954901 ], [ -114.100689042316688, 28.025236292988577 ], [ -114.101243709887555, 28.02502247716788 ], [ -114.101891020881425, 28.024765508971942 ], [ -114.102236197234134, 28.024402928542525 ], [ -114.102383494435969, 28.023837706168496 ], [ -114.102267366591136, 28.02323986069813 ], [ -114.101948291772743, 28.022628710499578 ], [ -114.101963514624956, 28.022060700647817 ], [ -114.102304815685741, 28.021842375773275 ], [ -114.102362364692979, 28.021212111043635 ], [ -114.102465877673581, 28.020763238847145 ], [ -114.103050287151106, 28.020955992930123 ], [ -114.103288089282088, 28.021565426149021 ], [ -114.103138868691659, 28.022202778557492 ], [ -114.103296604984237, 28.022765416860707 ], [ -114.103837973847916, 28.023047471506086 ], [ -114.104391659001294, 28.022869705776657 ], [ -114.104592937990049, 28.023325007568815 ], [ -114.104241736358404, 28.023912995972612 ], [ -114.103311459226063, 28.025246542097818 ], [ -114.10389977473659, 28.025673925764288 ], [ -114.105653601904493, 28.026613025156575 ], [ -114.105955237526786, 28.026357770844459 ], [ -114.106000945029379, 28.026169290330948 ], [ -114.10564409832223, 28.025449097426417 ], [ -114.105786047028062, 28.024703334936227 ], [ -114.106291136962454, 28.02482223526609 ], [ -114.10674835139892, 28.025210759342997 ], [ -114.1068804010619, 28.024834653789956 ], [ -114.106442274577617, 28.024112750021128 ], [ -114.105945392403086, 28.023687304457212 ], [ -114.106045732221773, 28.022976748852908 ], [ -114.105808876972318, 28.022331254892077 ], [ -114.105116758980984, 28.021225105485641 ], [ -114.102696359083268, 28.019748714179372 ], [ -114.101499485152289, 28.018893510312363 ], [ -114.099317930379854, 28.017990436396129 ], [ -114.098888349571382, 28.018089614580738 ], [ -114.098405795694859, 28.018647749003993 ], [ -114.097128894636384, 28.018882372773682 ], [ -114.096728588382277, 28.018269495077714 ], [ -114.097164225367663, 28.017566037306405 ], [ -114.097489076308989, 28.016824151682851 ], [ -114.097078615597042, 28.016211060539597 ], [ -114.096252618006645, 28.015553097845789 ], [ -114.094942150009658, 28.0151464947647 ], [ -114.094277730201853, 28.014906909934478 ], [ -114.093561309052859, 28.014711326950088 ], [ -114.093307342618147, 28.014705951604927 ], [ -114.093109446758589, 28.015639956787975 ], [ -114.093602363714226, 28.016209698273638 ], [ -114.094975946885683, 28.01729423256069 ], [ -114.095623192668739, 28.018173950065087 ], [ -114.095991078103708, 28.018858313832673 ], [ -114.09564469113343, 28.019265958474026 ], [ -114.095205900557275, 28.019707731710675 ], [ -114.095155334865197, 28.020076527139921 ], [ -114.095694729533079, 28.020430739276016 ], [ -114.096881422142914, 28.020528003841015 ], [ -114.097678920633513, 28.020734306635315 ], [ -114.097944999629419, 28.020288874976103 ], [ -114.098497710058979, 28.020147196661487 ], [ -114.098985354566366, 28.020915274288694 ], [ -114.099337064386631, 28.021824816696899 ], [ -114.099626852730736, 28.02239024787086 ], [ -114.099642340200532, 28.023328771375382 ], [ -114.099250231706407, 28.023546015608691 ], [ -114.098323536560173, 28.023607623719329 ], [ -114.09768759996939, 28.023440823306469 ], [ -114.097142132876101, 28.023312017274588 ], [ -114.096674796069721, 28.023302135677447 ], [ -114.096494821752131, 28.023568962909085 ], [ -114.096359833451302, 28.024053247723725 ], [ -114.096270566850833, 28.02434905618237 ], [ -114.096427067408428, 28.024577893593609 ] ] ] ] } },
{ "type": "Feature", "properties": { "fid": 35.0, "cat": 28, "CLAVE_ACUI": "0228", "NOM_ACUIF": "LLANOS DEL BERRENDO", "VULNERABIL": 3 }, "geometry": { "type": "MultiPolygon", "coordinates": [ [ [ [ -114.123916681437123, 28.040158792660414 ], [ -114.125701212833974, 28.039194821936988 ], [ -114.128221772962135, 28.037695933201906 ], [ -114.129773960944874, 28.036672916031687 ], [ -114.131361868087254, 28.035452158640197 ], [ -114.132967191410557, 28.034339999591094 ], [ -114.134589574755921, 28.032966559279238 ], [ -114.136084017400805, 28.031815960011222 ], [ -114.136354514897135, 28.031199135212201 ], [ -114.137351527666922, 28.03002009973844 ], [ -114.138575966336006, 28.028313540273995 ], [ -114.139571018392374, 28.02720661503162 ], [ -114.14024655395491, 28.026264430917564 ], [ -114.140777690315574, 28.025400427344501 ], [ -114.141646719905921, 28.024444221744631 ], [ -114.141866602833986, 28.023817307863098 ], [ -114.142271028908084, 28.02313108540222 ], [ -114.143053030608812, 28.022389569127327 ], [ -114.14360269499285, 28.02197700330294 ], [ -114.144048076367142, 28.021776145440676 ], [ -114.145247287585988, 28.022891448941564 ], [ -114.145615336804951, 28.023316873403193 ], [ -114.145995998661064, 28.024058848927506 ], [ -114.146094998879946, 28.024475244665911 ], [ -114.146002999860414, 28.024518714446938 ], [ -114.145882260920033, 28.02457744121245 ], [ -114.145954735695156, 28.024912736724541 ], [ -114.146295893655676, 28.02532020975212 ], [ -114.146415933083176, 28.025926312245264 ], [ -114.146484483740664, 28.026272433947984 ], [ -114.146611273152416, 28.026912606578946 ], [ -114.146792613474005, 28.027552337461618 ], [ -114.147199341119844, 28.028318531650449 ], [ -114.14729289008973, 28.028424984354814 ], [ -114.147599041550293, 28.028773363206334 ], [ -114.149057601476159, 28.030129708872732 ], [ -114.149463967468137, 28.0305491548724 ], [ -114.149901762858988, 28.031150231138387 ], [ -114.150120817605057, 28.031589466157119 ], [ -114.15070528340982, 28.033038152995424 ], [ -114.15089750641144, 28.033410865875531 ], [ -114.151210073735072, 28.033701506422805 ], [ -114.151464374640184, 28.033743994097211 ], [ -114.152338543258494, 28.033651626277116 ], [ -114.152472256033406, 28.033617894338601 ], [ -114.152479345051148, 28.033420007200021 ], [ -114.152375248756073, 28.0326443176703 ], [ -114.152406116164087, 28.032413237141999 ], [ -114.152504867015296, 28.032292780304008 ], [ -114.152654258898579, 28.032110550559199 ], [ -114.152977880267045, 28.031909220974601 ], [ -114.154239962857531, 28.031272362090743 ], [ -114.15458406183366, 28.030944598261431 ], [ -114.154766248431102, 28.030471427613723 ], [ -114.154927779240992, 28.030051899517346 ], [ -114.155074704081187, 28.029104379910454 ], [ -114.155416619706216, 28.025575318849885 ], [ -114.155410698922225, 28.024568815181862 ], [ -114.155041177205547, 28.023400861247474 ], [ -114.154519215746291, 28.022738858061089 ], [ -114.152452957586092, 28.020817448236649 ], [ -114.151875586110805, 28.020306512771334 ], [ -114.15124740291418, 28.019843571475437 ], [ -114.150927365979271, 28.019693163403943 ], [ -114.150062042763736, 28.019454198741379 ], [ -114.150018080061557, 28.019438058838865 ], [ -114.149812951538536, 28.018921521424456 ], [ -114.149129767253484, 28.018230738576179 ], [ -114.149080693524496, 28.017778652584806 ], [ -114.149288219114069, 28.017232658877717 ], [ -114.149726080982887, 28.016817744611505 ], [ -114.149968117747974, 28.016119102914026 ], [ -114.150475478686374, 28.0153808595018 ], [ -114.15069486645902, 28.014384041349352 ], [ -114.150878258258729, 28.01398188521841 ], [ -114.151156353283923, 28.013843312650483 ], [ -114.151295595138805, 28.013187641931925 ], [ -114.151431560916336, 28.012270283567265 ], [ -114.151516778372027, 28.010963953812066 ], [ -114.151782617363793, 28.010518398957188 ], [ -114.151650126661181, 28.010145775458383 ], [ -114.151647611789969, 28.009469121096313 ], [ -114.151624874711956, 28.008016210003778 ], [ -114.151536391511755, 28.007130281300768 ], [ -114.151235343480906, 28.005824961355906 ], [ -114.150707309348903, 28.004262334598497 ], [ -114.150061851835176, 28.002913782952088 ], [ -114.149946469356834, 28.001891975104783 ], [ -114.149636426646225, 28.000929277854034 ], [ -114.148766523722145, 28.000000068251069 ], [ -114.148640143505176, 27.999820785049813 ], [ -114.168099125863534, 27.999884737647299 ], [ -114.185235803755475, 27.999939611421489 ], [ -114.203834534154069, 28.000000001632674 ], [ -114.204488577525865, 28.000160665125843 ], [ -114.192266393571245, 28.014530359986086 ], [ -114.191617909351351, 28.015545049923521 ], [ -114.190648985419955, 28.01670851061283 ], [ -114.189466428656772, 28.017784235835972 ], [ -114.188283867027479, 28.018716912500388 ], [ -114.186689336820848, 28.02058607867923 ], [ -114.186048477492605, 28.021448183823512 ], [ -114.185377093785874, 28.022165333966225 ], [ -114.184064855611567, 28.02388763690859 ], [ -114.183034896059723, 28.025094965754057 ], [ -114.182569511258777, 28.025760617666361 ], [ -114.182218570698765, 28.026430084127114 ], [ -114.181654006904708, 28.027294096492415 ], [ -114.181348849420999, 28.028118054124654 ], [ -114.180883461311069, 28.028686433808396 ], [ -114.180189188162544, 28.029374973574392 ], [ -114.17958646463228, 28.029886134548391 ], [ -114.178777738754775, 28.030347704879429 ], [ -114.177862203650022, 28.030950416619842 ], [ -114.176885636696809, 28.031707620705991 ], [ -114.175771751448778, 28.032937837922827 ], [ -114.174779948170297, 28.034370228965482 ], [ -114.174551090491917, 28.035295274367009 ], [ -114.174162014117513, 28.036315685884855 ], [ -114.173963677387235, 28.037311301324753 ], [ -114.173521182985354, 28.03803417223417 ], [ -114.172826912291967, 28.038795190432381 ], [ -114.171499390887107, 28.039813696040596 ], [ -114.170141356189774, 28.041013396922999 ], [ -114.169500491914093, 28.041730546973252 ], [ -114.168882518628919, 28.042522081026053 ], [ -114.168203514863521, 28.043534863596076 ], [ -114.166692917025827, 28.045579502446252 ], [ -114.165861328406748, 28.046798275289593 ], [ -114.163336041202783, 28.050372577443639 ], [ -114.162313718699679, 28.051785896123377 ], [ -114.160986238368125, 28.054013636208968 ], [ -114.160116492221164, 28.05497110671929 ], [ -114.158521948450812, 28.056443553344156 ], [ -114.156362843308131, 28.058825786839414 ], [ -114.155027712328092, 28.060448910136792 ], [ -114.154325820395997, 28.061444526851968 ], [ -114.152975433505475, 28.06316683073144 ], [ -114.151686094146044, 28.065196209605435 ], [ -114.149801662866707, 28.067782524838751 ], [ -114.148954815526324, 28.06901846359731 ], [ -114.147573915254441, 28.070893351408902 ], [ -114.145559776493641, 28.073386208680521 ], [ -114.143492222093627, 28.075625394249379 ], [ -114.142446999691359, 28.076729728584581 ], [ -114.142179980444112, 28.077248517463744 ], [ -114.141836656145216, 28.077538428491856 ], [ -114.140944016581926, 28.078350944861597 ], [ -114.140295525554336, 28.079167274552695 ], [ -114.138754391202042, 28.080685495532773 ], [ -114.138601809396107, 28.081007831347549 ], [ -114.138647601669689, 28.081433161147597 ], [ -114.137030166011982, 28.082806427242776 ], [ -114.135733158228732, 28.083681885065552 ], [ -114.134184369292143, 28.084479144623856 ], [ -114.13268134631862, 28.084900663522518 ], [ -114.130636616281379, 28.085253520206528 ], [ -114.129977850606025, 28.085094343334148 ], [ -114.128086648832351, 28.08520780330403 ], [ -114.124813332587905, 28.085139197177529 ], [ -114.122933363493928, 28.084693806930858 ], [ -114.122103519698882, 28.083774274642316 ], [ -114.120298616681382, 28.081661512533636 ], [ -114.119457877356552, 28.080389912635809 ], [ -114.119167560862351, 28.079454635019612 ], [ -114.118852825452549, 28.078672203415039 ], [ -114.118321551955518, 28.078381383966398 ], [ -114.118171438108234, 28.07790912958766 ], [ -114.1181631009825, 28.07707900884802 ], [ -114.117834021529902, 28.075691857148339 ], [ -114.117552735287234, 28.073277298590963 ], [ -114.117140911660158, 28.071942533443615 ], [ -114.116702699585758, 28.07045385312404 ], [ -114.116094360666665, 28.068862362049018 ], [ -114.115863257993738, 28.066854807986626 ], [ -114.115601232508652, 28.065243533802352 ], [ -114.11501711474925, 28.06350821041308 ], [ -114.114940256451447, 28.062198527543931 ], [ -114.114662940595281, 28.060018598131375 ], [ -114.114857114222588, 28.052751632452264 ], [ -114.115032865727088, 28.051501387030566 ], [ -114.115232355714966, 28.050504232582409 ], [ -114.11556057795049, 28.049636079999576 ], [ -114.115639126694376, 28.048979186214428 ], [ -114.115482262413593, 28.048380491957374 ], [ -114.11520783913727, 28.047995834101581 ], [ -114.11522662026141, 28.047292578170115 ], [ -114.115467838573764, 28.046580723955774 ], [ -114.115759431970332, 28.046586855199283 ], [ -114.116470215954777, 28.04652568080235 ], [ -114.117173201221632, 28.046185264274897 ], [ -114.117466680246864, 28.045760131831486 ], [ -114.118133252736484, 28.044116596262715 ], [ -114.118162726708107, 28.044000916892212 ], [ -114.118338270637906, 28.043848719091432 ], [ -114.120588519102682, 28.042199967735552 ], [ -114.123916681437123, 28.040158792660414 ] ], [ [ -114.172264964558394, 28.01106936303561 ], [ -114.173358967839008, 28.012086432964889 ], [ -114.173712471098384, 28.012342345519311 ], [ -114.174268138455986, 28.01251953735396 ], [ -114.174708444352135, 28.012516755466933 ], [ -114.176207534324405, 28.012326572599715 ], [ -114.176639323426784, 28.012211975873058 ], [ -114.177155249617726, 28.011867382864523 ], [ -114.177460496748168, 28.01148970435306 ], [ -114.178369043934467, 28.010071794111191 ], [ -114.178606241051824, 28.009672417531597 ], [ -114.178804627847015, 28.009226575002664 ], [ -114.17885084179845, 28.00898903412622 ], [ -114.178868120834366, 28.008326352782252 ], [ -114.178834073158512, 28.008097311935938 ], [ -114.178657906056159, 28.007691135950257 ], [ -114.178440287497338, 28.007339925173167 ], [ -114.177600911718798, 28.006107115235132 ], [ -114.177308489566343, 28.005774663017799 ], [ -114.176783219449788, 28.005456030571935 ], [ -114.176325255217094, 28.005333292774797 ], [ -114.17551930775204, 28.005206218066196 ], [ -114.174713362606198, 28.005079138760003 ], [ -114.174500612176104, 28.005064725486456 ], [ -114.174247305280048, 28.005047564222746 ], [ -114.173774443461511, 28.005137271091478 ], [ -114.173684257517863, 28.005154380109673 ], [ -114.173345959603836, 28.005338549315745 ], [ -114.172330275859196, 28.006091185941678 ], [ -114.172063602748295, 28.006378310880706 ], [ -114.171834818767707, 28.006965595503569 ], [ -114.171774658102152, 28.007517449040993 ], [ -114.171722690760959, 28.009505480891562 ], [ -114.171759401469487, 28.010069477293058 ], [ -114.17198269008756, 28.010713428917718 ], [ -114.172264964558394, 28.01106936303561 ] ], [ [ -114.147188609978713, 28.048604808923887 ], [ -114.147144011702835, 28.048272370217557 ], [ -114.147004207318219, 28.048080028598928 ], [ -114.146396388873896, 28.047514871712973 ], [ -114.146198221459571, 28.047366983162409 ], [ -114.145881255265209, 28.047241994442761 ], [ -114.145626613521941, 28.047211327498353 ], [ -114.144755251593367, 28.047193200874293 ], [ -114.14450444951585, 28.047233649860239 ], [ -114.1442054005758, 28.047440541317993 ], [ -114.144028989267525, 28.047695651707226 ], [ -114.143504779919468, 28.048679274131185 ], [ -114.143396286274992, 28.048961167953046 ], [ -114.14341419815608, 28.04929305174479 ], [ -114.143548281125049, 28.049485277656814 ], [ -114.144156093608018, 28.050050446749381 ], [ -114.144343295401612, 28.050186346135717 ], [ -114.144359978618283, 28.050198457310898 ], [ -114.144703626191259, 28.050324005060343 ], [ -114.14499066599052, 28.050355348151204 ], [ -114.145986537596698, 28.050376064271767 ], [ -114.146264021929468, 28.05033616783367 ], [ -114.146563075885624, 28.050129272260701 ], [ -114.146712810982976, 28.049873603894593 ], [ -114.147112516614797, 28.048887379767535 ], [ -114.147188609978713, 28.048604808923887 ] ], [ [ -114.136014253901649, 28.053916946752082 ], [ -114.135922323234027, 28.054004670747968 ], [ -114.135786118658473, 28.054443840275898 ], [ -114.135716379828693, 28.054557397968175 ], [ -114.135527137116412, 28.054648164310709 ], [ -114.135326529318135, 28.054664272609447 ], [ -114.134579602850465, 28.054648676039367 ], [ -114.134344293663801, 28.05467928055517 ], [ -114.133993109642745, 28.054837700066329 ], [ -114.133726726644056, 28.055033408984965 ], [ -114.132834783042284, 28.055788294227725 ], [ -114.132578750925802, 28.056024809887408 ], [ -114.132275884319071, 28.056373668013968 ], [ -114.132099250050643, 28.056635521334837 ], [ -114.131786394692213, 28.057159391918432 ], [ -114.131577819205063, 28.057508644234211 ], [ -114.131474551540606, 28.057807549182343 ], [ -114.131514072123338, 28.058329317671809 ], [ -114.131673799301197, 28.05877579629492 ], [ -114.132379683459106, 28.060337593243826 ], [ -114.132602972452375, 28.06076002906649 ], [ -114.132939093771313, 28.061169600371354 ], [ -114.13319597738419, 28.061332266268082 ], [ -114.134058648390095, 28.061681799824068 ], [ -114.134363691439134, 28.061754135651395 ], [ -114.134924551076892, 28.061742170946751 ], [ -114.13542073512123, 28.061652741656754 ], [ -114.137175394149168, 28.061247356829927 ], [ -114.13766229292159, 28.061076539403999 ], [ -114.138179832732234, 28.060684789120355 ], [ -114.138432276119673, 28.060295964328557 ], [ -114.139092796235985, 28.058873197415391 ], [ -114.139243678409201, 28.058431511480954 ], [ -114.139287286040826, 28.057793080172051 ], [ -114.139198702163554, 28.057322721594808 ], [ -114.138741710451797, 28.055766145749782 ], [ -114.138566309830523, 28.055334569449911 ], [ -114.138204760296219, 28.054877122627136 ], [ -114.137863661733405, 28.054655202949963 ], [ -114.136633424627647, 28.054077018930005 ], [ -114.136307060008946, 28.05394673740663 ], [ -114.136014253901649, 28.053916946752082 ] ] ] ] } },
{ "type": "Feature", "properties": { "fid": 38.0, "cat": 33, "CLAVE_ACUI": "0228", "NOM_ACUIF": "LLANOS DEL BERRENDO", "VULNERABIL": 3 }, "geometry": { "type": "MultiPolygon", "coordinates": [ [ [ [ -114.034060392419235, 28.040988692501212 ], [ -114.033687210704031, 28.04199095657366 ], [ -114.033342501488548, 28.042326295550239 ], [ -114.032232763846039, 28.042753340550586 ], [ -114.032127943416882, 28.043238196462195 ], [ -114.031637758409516, 28.044057506930425 ], [ -114.03204197472509, 28.044887142026525 ], [ -114.032759191326178, 28.045056006110162 ], [ -114.033060049191718, 28.044836991510483 ], [ -114.033206501668872, 28.044316951725541 ], [ -114.033481319129649, 28.043565145923786 ], [ -114.03357498308408, 28.043116130709951 ], [ -114.033954892160196, 28.042980009709964 ], [ -114.034762805126348, 28.043177885474883 ], [ -114.035937253163496, 28.043356611659828 ], [ -114.03683239509445, 28.043339860089791 ], [ -114.037531934031534, 28.042299527718029 ], [ -114.038256312463375, 28.042206913328222 ], [ -114.039215437150546, 28.042822984291831 ], [ -114.040298232452386, 28.043378570623251 ], [ -114.040975059745605, 28.043537499864296 ], [ -114.042209464362841, 28.043383694759726 ], [ -114.042986089807783, 28.042868202015107 ], [ -114.043846954589057, 28.042246268905515 ], [ -114.04480640746408, 28.041364848092918 ], [ -114.045591881123784, 28.040524778658163 ], [ -114.046410098555853, 28.039974076221625 ], [ -114.046833640604049, 28.040100461977023 ], [ -114.047796743843804, 28.040572226303539 ], [ -114.048836216709205, 28.041226043992673 ], [ -114.049499439894518, 28.041510930725554 ], [ -114.049917084306472, 28.041853681652494 ], [ -114.049901575405869, 28.042421663387369 ], [ -114.050063232679591, 28.042831077837615 ], [ -114.050359868056645, 28.042765287009381 ], [ -114.050414787502064, 28.042243256566522 ], [ -114.050751080065567, 28.042214400655816 ], [ -114.051808867466477, 28.042570901930532 ], [ -114.052930411185599, 28.043199391223972 ], [ -114.053687320537279, 28.04340508274618 ], [ -114.055112979443265, 28.044067146939287 ], [ -114.056194897886215, 28.044658677279624 ], [ -114.056946062585482, 28.045121434280095 ], [ -114.056761192130026, 28.04643918306213 ], [ -114.056566723645432, 28.046999909508255 ], [ -114.055968325323235, 28.04741328281894 ], [ -114.055666045254213, 28.047426925747978 ], [ -114.055307940945454, 28.047443087344128 ], [ -114.054066247603998, 28.04730593762018 ], [ -114.052824558486634, 28.047168776884256 ], [ -114.051856371949455, 28.047161510302661 ], [ -114.049821536539625, 28.047401918027695 ], [ -114.047882806118508, 28.047752605884515 ], [ -114.04087014645232, 28.049148533881006 ], [ -114.03896734400999, 28.049647009395986 ], [ -114.037100330591997, 28.050577509862148 ], [ -114.036335973787473, 28.05140833988813 ], [ -114.034635947424178, 28.054355045439706 ], [ -114.034176290811388, 28.055126485635469 ], [ -114.033731309459043, 28.055779850943107 ], [ -114.033555283892269, 28.055941791329804 ], [ -114.033178815642614, 28.056044148324691 ], [ -114.033052695851111, 28.056054951260027 ], [ -114.032840605594401, 28.056003008435191 ], [ -114.032663739567212, 28.055918001387994 ], [ -114.032050457365912, 28.055573243355411 ], [ -114.031891994658551, 28.055442968737157 ], [ -114.031765782091071, 28.055179779997715 ], [ -114.031743940841736, 28.054934070832225 ], [ -114.031768226568317, 28.054050616765938 ], [ -114.031712091079783, 28.053804165654284 ], [ -114.031431417545136, 28.05354270882221 ], [ -114.031073049078429, 28.053403034224221 ], [ -114.029712940760078, 28.053042104349736 ], [ -114.029320282703935, 28.052901683041991 ], [ -114.028847982122613, 28.052607320388585 ], [ -114.028565925348815, 28.052327224105387 ], [ -114.027721968740337, 28.051314469147499 ], [ -114.027538896685755, 28.050970555145845 ], [ -114.027535433662536, 28.050773163625276 ], [ -114.02752850754888, 28.050378380572077 ], [ -114.027696735550265, 28.049876330737227 ], [ -114.028492171735479, 28.048125601867174 ], [ -114.028670705555669, 28.047664364304904 ], [ -114.028708444019514, 28.047262655422223 ], [ -114.028583823952701, 28.047150023391033 ], [ -114.027964526455818, 28.047026114525767 ], [ -114.02774232847095, 28.046926589950008 ], [ -114.027324702630523, 28.046586051770173 ], [ -114.026950294154076, 28.046199092801743 ], [ -114.02562070034017, 28.044733816804278 ], [ -114.025303735171974, 28.044337951255258 ], [ -114.025154137260273, 28.043955860945804 ], [ -114.025257388953634, 28.043805883596832 ], [ -114.025888825386076, 28.043488077725286 ], [ -114.026132859679237, 28.043417258334152 ], [ -114.02664025212853, 28.043404574514575 ], [ -114.027121064968227, 28.043457273150786 ], [ -114.028857472047946, 28.043715872111431 ], [ -114.029350555087646, 28.043738385526716 ], [ -114.029915195027115, 28.043584860656139 ], [ -114.03022873897109, 28.043343026784317 ], [ -114.031127294922683, 28.042367990672123 ], [ -114.031373923708713, 28.042063819818225 ], [ -114.031626310781107, 28.041619395954498 ], [ -114.031740235502241, 28.04128867591438 ], [ -114.032019494391633, 28.040189739282859 ], [ -114.032139270263158, 28.039854071371959 ], [ -114.03241896796321, 28.039386557978656 ], [ -114.032698759443974, 28.039054349153705 ], [ -114.033724744190053, 28.03797154946594 ], [ -114.033994768396155, 28.037578239913298 ], [ -114.034055561690195, 28.037831306235304 ], [ -114.034340065491605, 28.038207307318086 ], [ -114.034316311664426, 28.039072791528426 ], [ -114.034249935191426, 28.040009521005931 ], [ -114.034060392419235, 28.040988692501212 ] ] ], [ [ [ -114.038313356455859, 28.024915212332694 ], [ -114.037766373047049, 28.02632870331248 ], [ -114.037647024901631, 28.027345482267755 ], [ -114.037458781200726, 28.028279586593648 ], [ -114.037288657361103, 28.029665122953503 ], [ -114.03692546661739, 28.030676637337749 ], [ -114.036210904438661, 28.031897063797658 ], [ -114.035921802975281, 28.033171777822798 ], [ -114.035590075056021, 28.034517736605252 ], [ -114.035218686195492, 28.03582675396936 ], [ -114.034508024299669, 28.036902919226119 ], [ -114.034135935444198, 28.037124457846456 ], [ -114.034228907031107, 28.036825600291191 ], [ -114.034293367291355, 28.036143710851675 ], [ -114.034360040430371, 28.033714199583162 ], [ -114.034425609256871, 28.032991742616009 ], [ -114.034664926021222, 28.032049788132966 ], [ -114.03494123646631, 28.031426595256107 ], [ -114.035991346579678, 28.029460309875983 ], [ -114.036253710119226, 28.028928142242229 ], [ -114.036427986903732, 28.028410985384923 ], [ -114.036420866412016, 28.028301141264027 ], [ -114.036414592583682, 28.028204358130822 ], [ -114.036177811224462, 28.027757254528719 ], [ -114.036151042227914, 28.027621372952314 ], [ -114.03626290024863, 28.027434362627758 ], [ -114.036449465996157, 28.027303086352635 ], [ -114.036828856163282, 28.027090279408881 ], [ -114.037208244895993, 28.026877471295528 ], [ -114.037407071000771, 28.026716014828203 ], [ -114.037576150070379, 28.026388169029154 ], [ -114.037618865718002, 28.026081274604273 ], [ -114.037649125966723, 28.024976946476833 ], [ -114.037703546732459, 28.024660156703579 ], [ -114.037927250101845, 28.024286132377732 ], [ -114.038192405022357, 28.024068601225142 ], [ -114.039206085186748, 28.023427475337638 ], [ -114.039240834970329, 28.02340173069593 ], [ -114.039192608037268, 28.023617134298814 ], [ -114.038313356455859, 28.024915212332694 ] ] ], [ [ [ -114.041701914022255, 28.019954633175356 ], [ -114.039435815842182, 28.022530856692057 ], [ -114.039427230761774, 28.022421363353498 ], [ -114.039428761530417, 28.022272182500231 ], [ -114.039448723521303, 28.022116365287978 ], [ -114.039528150500786, 28.021920143112208 ], [ -114.039784180351489, 28.02161784845044 ], [ -114.040201785344678, 28.021158369593827 ], [ -114.040809918084619, 28.020534973454826 ], [ -114.041065942479236, 28.020232673982068 ], [ -114.041234998819988, 28.019904821781925 ], [ -114.041220484749189, 28.019738761476376 ], [ -114.040983697852852, 28.019291665593546 ], [ -114.041016005537656, 28.019086023005073 ], [ -114.04140355821238, 28.018573452792381 ], [ -114.041559378307511, 28.018416059006075 ], [ -114.04192489297273, 28.018046850195056 ], [ -114.043970193173038, 28.016101920257267 ], [ -114.044562562464094, 28.015485504694738 ], [ -114.045281689490125, 28.01455384796067 ], [ -114.045716645181315, 28.013839326385153 ], [ -114.047027281363142, 28.011436541287338 ], [ -114.047473638516564, 28.010722257714193 ], [ -114.048246031887686, 28.009791726889837 ], [ -114.04890309273371, 28.009176679185337 ], [ -114.05119694181036, 28.007236963328722 ], [ -114.051853141243171, 28.006652324673926 ], [ -114.052621599082769, 28.005863751008384 ], [ -114.053063198730072, 28.005321857492888 ], [ -114.054355519940742, 28.003581588387334 ], [ -114.054716426949852, 28.003063327807578 ], [ -114.055108361474282, 28.002385056142405 ], [ -114.055307362455451, 28.001934357885528 ], [ -114.055548872682664, 28.001293162179383 ], [ -114.055735219418821, 28.000867672630061 ], [ -114.055961273656905, 28.000477409001959 ], [ -114.056313742728193, 28.000050841458126 ], [ -114.056587871672889, 27.999802033607619 ], [ -114.056970414157476, 27.999523132780222 ], [ -114.057553385116094, 27.99952502569111 ], [ -114.058965768020627, 27.999529611708546 ], [ -114.062086797473256, 27.999539745713594 ], [ -114.062024293531422, 28.000003613838008 ], [ -114.061114685900677, 28.000940379234354 ], [ -114.060664827718767, 28.001787745612184 ], [ -114.06034455692874, 28.002728093010305 ], [ -114.059907910928843, 28.003088606996169 ], [ -114.059469905317172, 28.003873075255722 ], [ -114.057996926744138, 28.004969152577605 ], [ -114.056569698934382, 28.005876752989124 ], [ -114.055796603001355, 28.006275146430077 ], [ -114.055151623931337, 28.006820617103472 ], [ -114.054920892089527, 28.007456156000057 ], [ -114.053104511681781, 28.008842501377011 ], [ -114.052459258049424, 28.009396972663161 ], [ -114.051372296754877, 28.010122376016284 ], [ -114.050513711074316, 28.010672256666677 ], [ -114.049984428353994, 28.011445707236579 ], [ -114.049165473588133, 28.012032513308171 ], [ -114.048123104315479, 28.01298436855074 ], [ -114.046505343626862, 28.014907117361773 ], [ -114.044152971588346, 28.017301159280922 ], [ -114.041701914022255, 28.019954633175356 ] ] ] ] } },
{ "type": "Feature", "properties": { "fid": 39.0, "cat": 40, "CLAVE_ACUI": "0228", "NOM_ACUIF": "LLANOS DEL BERRENDO", "VULNERABIL": 4 }, "geometry": { "type": "MultiPolygon", "coordinates": [ [ [ [ -114.043142421546904, 28.03015799262517 ], [ -114.043638890700535, 28.030194054693887 ], [ -114.044089006657657, 28.030322138525769 ], [ -114.04423556020663, 28.030469054756797 ], [ -114.044469361405547, 28.031026580697819 ], [ -114.044511806125016, 28.031216920384207 ], [ -114.044476078771226, 28.031547646443059 ], [ -114.044382594403515, 28.031829772466047 ], [ -114.043982056664689, 28.03281563341557 ], [ -114.043758796689943, 28.033034077300414 ], [ -114.043117459382159, 28.033067620429946 ], [ -114.042424526104199, 28.032897092836052 ], [ -114.039832201538829, 28.032067728139637 ], [ -114.03919864977243, 28.031817283024324 ], [ -114.038834374120697, 28.031477931326052 ], [ -114.038947528955134, 28.031243590488366 ], [ -114.039839851577497, 28.030489347954216 ], [ -114.040157753074723, 28.030294938016663 ], [ -114.040909898859852, 28.031155732586445 ], [ -114.041275683064157, 28.030117772285873 ], [ -114.043142421546904, 28.03015799262517 ] ] ] ] } },
{ "type": "Feature", "properties": { "fid": 42.0, "cat": 41, "CLAVE_ACUI": "0228", "NOM_ACUIF": "LLANOS DEL BERRENDO", "VULNERABIL": 2 }, "geometry": { "type": "MultiPolygon", "coordinates": [ [ [ [ -114.145995998661064, 28.024058848927506 ], [ -114.145615336804951, 28.023316873403193 ], [ -114.145247287585988, 28.022891448941564 ], [ -114.144048076367142, 28.021776145440676 ], [ -114.144585731084305, 28.021320851067635 ], [ -114.145103001070453, 28.020979775494169 ], [ -114.145866883229743, 28.020923485198068 ], [ -114.146071814815528, 28.020476678418206 ], [ -114.146622885714308, 28.020010000506577 ], [ -114.147418666792532, 28.019900235998172 ], [ -114.148041733067956, 28.019786879647505 ], [ -114.148580193239923, 28.019798062258712 ], [ -114.149097798420172, 28.020214770125694 ], [ -114.149490223301115, 28.020367258662162 ], [ -114.149652244212035, 28.020776582472074 ], [ -114.149380425848477, 28.021447540282214 ], [ -114.149162017696895, 28.022020371539419 ], [ -114.149043603626694, 28.022270510390104 ], [ -114.149313580878939, 28.022826417551126 ], [ -114.149223031188782, 28.023176369751038 ], [ -114.148873075972872, 28.023340508676206 ], [ -114.148219206627346, 28.023850166633906 ], [ -114.147783924560457, 28.024165892894718 ], [ -114.147327912595401, 28.024111312420814 ], [ -114.146766494427894, 28.024198881265843 ], [ -114.146094998879946, 28.024475244665911 ], [ -114.145995998661064, 28.024058848927506 ] ] ], [ [ [ -114.14715810645302, 28.026308988167877 ], [ -114.147572942415394, 28.026768673959147 ], [ -114.147853386624021, 28.026927862923721 ], [ -114.148082858936974, 28.026707096669739 ], [ -114.148232475185267, 28.026430543276167 ], [ -114.148664436906188, 28.026241045787664 ], [ -114.149114102494138, 28.026151149160878 ], [ -114.14929681087888, 28.025776046856684 ], [ -114.149363301056724, 28.025182019166852 ], [ -114.149980573889906, 28.024518233506136 ], [ -114.150307237784759, 28.023695050454791 ], [ -114.150362191619607, 28.022766992621175 ], [ -114.150665675599839, 28.022051583201957 ], [ -114.151016866189323, 28.021454440231409 ], [ -114.15105518416685, 28.021157530774818 ], [ -114.150756147127368, 28.020546895607975 ], [ -114.150156124982445, 28.019785671961898 ], [ -114.150018080061557, 28.019438058838865 ], [ -114.150062042763736, 28.019454198741379 ], [ -114.150927365979271, 28.019693163403943 ], [ -114.15124740291418, 28.019843571475437 ], [ -114.151875586110805, 28.020306512771334 ], [ -114.152452957586092, 28.020817448236649 ], [ -114.154519215746291, 28.022738858061089 ], [ -114.155041177205547, 28.023400861247474 ], [ -114.155410698922225, 28.024568815181862 ], [ -114.155416619706216, 28.025575318849885 ], [ -114.155074704081187, 28.029104379910454 ], [ -114.154927779240992, 28.030051899517346 ], [ -114.154766248431102, 28.030471427613723 ], [ -114.15458406183366, 28.030944598261431 ], [ -114.154239962857531, 28.031272362090743 ], [ -114.152977880267045, 28.031909220974601 ], [ -114.152654258898579, 28.032110550559199 ], [ -114.152504867015296, 28.032292780304008 ], [ -114.152406116164087, 28.032413237141999 ], [ -114.152375248756073, 28.0326443176703 ], [ -114.152479345051148, 28.033420007200021 ], [ -114.152472256033406, 28.033617894338601 ], [ -114.152338543258494, 28.033651626277116 ], [ -114.151464374640184, 28.033743994097211 ], [ -114.151210073735072, 28.033701506422805 ], [ -114.15089750641144, 28.033410865875531 ], [ -114.15070528340982, 28.033038152995424 ], [ -114.150120817605057, 28.031589466157119 ], [ -114.149901762858988, 28.031150231138387 ], [ -114.149463967468137, 28.0305491548724 ], [ -114.149057601476159, 28.030129708872732 ], [ -114.147599041550293, 28.028773363206334 ], [ -114.14729289008973, 28.028424984354814 ], [ -114.147199341119844, 28.028318531650449 ], [ -114.146792613474005, 28.027552337461618 ], [ -114.146611273152416, 28.026912606578946 ], [ -114.146484483740664, 28.026272433947984 ], [ -114.146415933083176, 28.025926312245264 ], [ -114.146295893655676, 28.02532020975212 ], [ -114.146801617790516, 28.025949748429536 ], [ -114.14715810645302, 28.026308988167877 ] ] ] ] } },
{ "type": "Feature", "properties": { "fid": 48.0, "cat": 49, "CLAVE_ACUI": "0228", "NOM_ACUIF": "LLANOS DEL BERRENDO", "VULNERABIL": 3 }, "geometry": null },
{ "type": "Feature", "properties": { "fid": 57.0, "cat": 56, "CLAVE_ACUI": "0228", "NOM_ACUIF": "LLANOS DEL BERRENDO", "VULNERABIL": 2 }, "geometry": null },
{ "type": "Feature", "properties": { "fid": 61.0, "cat": 53, "CLAVE_ACUI": "0228", "NOM_ACUIF": "LLANOS DEL BERRENDO", "VULNERABIL": 3 }, "geometry": null },
{ "type": "Feature", "properties": { "fid": 63.0, "cat": 64, "CLAVE_ACUI": "0228", "NOM_ACUIF": "LLANOS DEL BERRENDO", "VULNERABIL": 5 }, "geometry": null },
{ "type": "Feature", "properties": { "fid": 67.0, "cat": 66, "CLAVE_ACUI": "0228", "NOM_ACUIF": "LLANOS DEL BERRENDO", "VULNERABIL": 2 }, "geometry": { "type": "MultiPolygon", "coordinates": [ [ [ [ -114.17551930775204, 28.005206218066196 ], [ -114.176325255217094, 28.005333292774797 ], [ -114.176783219449788, 28.005456030571935 ], [ -114.177308489566343, 28.005774663017799 ], [ -114.177600911718798, 28.006107115235132 ], [ -114.178440287497338, 28.007339925173167 ], [ -114.178657906056159, 28.007691135950257 ], [ -114.178834073158512, 28.008097311935938 ], [ -114.178868120834366, 28.008326352782252 ], [ -114.17885084179845, 28.00898903412622 ], [ -114.178804627847015, 28.009226575002664 ], [ -114.178606241051824, 28.009672417531597 ], [ -114.178369043934467, 28.010071794111191 ], [ -114.177460496748168, 28.01148970435306 ], [ -114.177155249617726, 28.011867382864523 ], [ -114.176639323426784, 28.012211975873058 ], [ -114.176207534324405, 28.012326572599715 ], [ -114.174708444352135, 28.012516755466933 ], [ -114.174268138455986, 28.01251953735396 ], [ -114.173712471098384, 28.012342345519311 ], [ -114.173358967839008, 28.012086432964889 ], [ -114.172264964558394, 28.01106936303561 ], [ -114.17198269008756, 28.010713428917718 ], [ -114.171759401469487, 28.010069477293058 ], [ -114.171722690760959, 28.009505480891562 ], [ -114.171774658102152, 28.007517449040993 ], [ -114.171834818767707, 28.006965595503569 ], [ -114.172063602748295, 28.006378310880706 ], [ -114.172330275859196, 28.006091185941678 ], [ -114.173345959603836, 28.005338549315745 ], [ -114.173684257517863, 28.005154380109673 ], [ -114.173774443461511, 28.005137271091478 ], [ -114.174247305280048, 28.005047564222746 ], [ -114.174500612176104, 28.005064725486456 ], [ -114.174713362606198, 28.005079138760003 ], [ -114.17551930775204, 28.005206218066196 ] ] ] ] } },
{ "type": "Feature", "properties": { "fid": 68.0, "cat": 1, "CLAVE_ACUI": "0228", "NOM_ACUIF": "LLANOS DEL BERRENDO", "VULNERABIL": 1 }, "geometry": { "type": "MultiPolygon", "coordinates": [ [ [ [ -113.972498002547624, 28.035987496864504 ], [ -113.972532374217863, 28.036529451544954 ], [ -113.972980672471678, 28.038307248045612 ], [ -113.973153048967035, 28.038821804005053 ], [ -113.973509169400387, 28.039445268683185 ], [ -113.97384553712439, 28.039821376091822 ], [ -113.975059145787228, 28.04095307430012 ], [ -113.975374368024291, 28.041267827704282 ], [ -113.975631782021267, 28.041604983906886 ], [ -113.9756842926367, 28.041771882716436 ], [ -113.975671927065875, 28.042213587830872 ], [ -113.975633852816429, 28.042348048025087 ], [ -113.975468538373676, 28.042533823686711 ], [ -113.975270448829363, 28.042664757035006 ], [ -113.97451134227029, 28.043090000966728 ], [ -113.974276973216504, 28.043291164959186 ], [ -113.973942358974071, 28.04380468850821 ], [ -113.973698706193446, 28.044337129431042 ], [ -113.972896256471969, 28.046308326320304 ], [ -113.972753756857628, 28.046903880789618 ], [ -113.972891228961132, 28.047711942589835 ], [ -113.973230121707985, 28.048270761875663 ], [ -113.974674176562672, 28.050070516239135 ], [ -113.975115107275229, 28.050662023762527 ], [ -113.975728706997145, 28.051622643826935 ], [ -113.976164348361365, 28.052403450779572 ], [ -113.977583775143515, 28.055086591577179 ], [ -113.977926858134026, 28.055905944774249 ], [ -113.978108447168211, 28.057046458306171 ], [ -113.978024771527544, 28.057856410415528 ], [ -113.977452673811101, 28.060495670155692 ], [ -113.977348396604924, 28.061223987720414 ], [ -113.977433888510305, 28.06198354656518 ], [ -113.977660299820016, 28.062340313048857 ], [ -113.978631403473045, 28.063245661008509 ], [ -113.978904968018099, 28.063552727190824 ], [ -113.979210490750262, 28.064080357927207 ], [ -113.97937338696245, 28.06452705021443 ], [ -113.9798280515692, 28.066083983297528 ], [ -113.979920656584397, 28.066590011984974 ], [ -113.979909399125134, 28.066992279268423 ], [ -113.979898141433807, 28.067394546524142 ], [ -113.979773369794145, 28.06803785267677 ], [ -113.979213601449572, 28.070235410751497 ], [ -113.979129055917156, 28.07053120655323 ], [ -113.979044510148242, 28.070827001197099 ], [ -113.978815198838092, 28.071390206996696 ], [ -113.978656704568863, 28.071603193828913 ], [ -113.978146374795742, 28.072033926647681 ], [ -113.978032473205502, 28.072288484908029 ], [ -113.978021868801022, 28.072667088435704 ], [ -113.978011264190812, 28.073045691938798 ], [ -113.978094868251119, 28.073872858099499 ], [ -113.978396538486976, 28.076148316995585 ], [ -113.978506239151827, 28.07697575951218 ], [ -113.978531259865875, 28.077852371647193 ], [ -113.978236639405353, 28.078840326517135 ], [ -113.977790728707092, 28.079375076984249 ], [ -113.976004406138031, 28.080882608331052 ], [ -113.9756167818297, 28.081378046403838 ], [ -113.975594220619868, 28.082182576007479 ], [ -113.975949621170557, 28.082836466589423 ], [ -113.977630759862564, 28.085083416826897 ], [ -113.978066789086597, 28.0857187855886 ], [ -113.978420415053904, 28.086436898811257 ], [ -113.978489561918437, 28.086827406953002 ], [ -113.978458617624668, 28.087931665303135 ], [ -113.978403122356042, 28.088278836560143 ], [ -113.978175088340734, 28.088794710515948 ], [ -113.977904819389735, 28.089184501509802 ], [ -113.976871584090759, 28.090487646504211 ], [ -113.976679358330884, 28.090950187425904 ], [ -113.976815556660739, 28.091805572738615 ], [ -113.977202357291574, 28.092565010565753 ], [ -113.978871275463433, 28.095253659505136 ], [ -113.979314425158421, 28.096044776816672 ], [ -113.979713495112122, 28.097048017210724 ], [ -113.979840441157791, 28.097690101274829 ], [ -113.979944660423342, 28.098764490749051 ], [ -113.980033784213063, 28.099683253481409 ], [ -113.980116695690171, 28.100263482615745 ], [ -113.980310271998761, 28.100978066416786 ], [ -113.980503898822704, 28.101418671154519 ], [ -113.981213923033351, 28.10276024133951 ], [ -113.981396120062414, 28.103200593331302 ], [ -113.981536339540767, 28.103914000610505 ], [ -113.981554454820611, 28.104492801978513 ], [ -113.981498769017989, 28.106480467377096 ], [ -113.981551192724424, 28.107060024354841 ], [ -113.981626145116763, 28.107238944895968 ], [ -113.981851528116692, 28.107776958345973 ], [ -113.982228157329018, 28.108221592102531 ], [ -113.983685444981703, 28.109579608059121 ], [ -113.983891205226882, 28.109792159464156 ], [ -113.984096966274194, 28.110004710617023 ], [ -113.984560092228335, 28.110630513703761 ], [ -113.984810178434884, 28.11109941614421 ], [ -113.985514129573119, 28.112661823749615 ], [ -113.985764791568414, 28.113110442656421 ], [ -113.986230587862408, 28.113641590606413 ], [ -113.986645349548454, 28.113951753837945 ], [ -113.98811512073685, 28.114868026595339 ], [ -113.988496714722089, 28.115136865820961 ], [ -113.988807700952563, 28.115475184245796 ], [ -113.98887037153591, 28.115689657829851 ], [ -113.988851846479648, 28.1163522164311 ], [ -113.988869617729648, 28.116535260855734 ], [ -113.988971075871262, 28.116726909583605 ], [ -113.98903466043825, 28.116772279316898 ], [ -113.989098244983808, 28.116817648970237 ], [ -113.98959024386032, 28.117049449765954 ], [ -113.98971514606545, 28.117221318318041 ], [ -113.98980602319152, 28.117791571727945 ], [ -113.989810944855861, 28.118434350937765 ], [ -113.989743029957808, 28.12086373324226 ], [ -113.989747949584128, 28.121506512187999 ], [ -113.989838828277641, 28.122076765561779 ], [ -113.989963735952784, 28.122248634259368 ], [ -113.990195275779541, 28.12235771617053 ], [ -113.99045576069814, 28.122480433844874 ], [ -113.990592391551544, 28.122642412170233 ], [ -113.990737976810607, 28.123166512366971 ], [ -113.990784555584582, 28.123549556515542 ], [ -113.990809324955833, 28.123753248682828 ], [ -113.990996698974698, 28.125967251173233 ], [ -113.991020026400363, 28.126634111898337 ], [ -113.990941510475182, 28.127532126143564 ], [ -113.990806015937707, 28.128148142687255 ], [ -113.990252210865904, 28.130124869850398 ], [ -113.990119260147452, 28.130649614215951 ], [ -113.990052642452923, 28.131121696640559 ], [ -113.990090426415378, 28.131271355958667 ], [ -113.990333370363203, 28.131497683531293 ], [ -113.99035354473429, 28.13153220126804 ], [ -113.990373423524076, 28.13156621325172 ], [ -113.990317393645952, 28.13165969123995 ], [ -113.990197297643334, 28.131724701410231 ], [ -113.989692878462066, 28.131934603010865 ], [ -113.989537329368176, 28.132039422942601 ], [ -113.989315853167142, 28.13231868197083 ], [ -113.989155007140198, 28.132612803451703 ], [ -113.988625862193274, 28.133706109773819 ], [ -113.988487607015827, 28.134010874391002 ], [ -113.988371567725679, 28.134339804685816 ], [ -113.98834405312293, 28.134504940656729 ], [ -113.988331691249215, 28.134946644973805 ], [ -113.988351069897192, 28.135072222576454 ], [ -113.98845386579201, 28.135216547056533 ], [ -113.988581338563208, 28.135297147194443 ], [ -113.989073416804473, 28.135528955747226 ], [ -113.989136727969765, 28.135584467336315 ], [ -113.989200039200512, 28.135639978900745 ], [ -113.989298864388104, 28.135926279352446 ], [ -113.989313420608767, 28.136224256922535 ], [ -113.989282523111683, 28.137328518362494 ], [ -113.989251319716288, 28.137625489777424 ], [ -113.989136602025667, 28.137907094974846 ], [ -113.989003923001391, 28.138012416598244 ], [ -113.988499471205202, 28.138222311177309 ], [ -113.988320747696719, 28.138336766816298 ], [ -113.987991156344776, 28.138660999194446 ], [ -113.987699033725093, 28.139009732224359 ], [ -113.986665371705428, 28.140312915189057 ], [ -113.98639555217315, 28.14068243051339 ], [ -113.986170070924814, 28.14110365812066 ], [ -113.98611777579471, 28.141335897072185 ], [ -113.98609921386992, 28.141998451515001 ], [ -113.986059494752922, 28.142190377650699 ], [ -113.985892700723269, 28.142423478392018 ], [ -113.985694142368686, 28.142564553057007 ], [ -113.984934327700614, 28.142989798055087 ], [ -113.984735767104624, 28.143130871140613 ], [ -113.984638471036419, 28.143266841387309 ], [ -113.984568968701112, 28.143363969905561 ], [ -113.984529246149833, 28.143555895314016 ], [ -113.98451067272228, 28.144218448571038 ], [ -113.984458940489404, 28.144430404163582 ], [ -113.984236096352589, 28.144756976758782 ], [ -113.983969478944374, 28.14501155294823 ], [ -113.982948099467336, 28.145872997406361 ], [ -113.982713237899745, 28.146219596950317 ], [ -113.982638605677849, 28.146975622369506 ], [ -113.982766852213899, 28.147709059549069 ], [ -113.983439985764946, 28.150375740096855 ], [ -113.983580249766973, 28.151089146858304 ], [ -113.98356166463266, 28.151751698807029 ], [ -113.983394848597683, 28.151984794657679 ], [ -113.982634955782885, 28.152410020531015 ], [ -113.982400057657173, 28.152621319483632 ], [ -113.982063760462793, 28.153182157558479 ], [ -113.981818232285292, 28.153772055675173 ], [ -113.981008711127657, 28.155964071343497 ], [ -113.980791229386213, 28.156777827084213 ], [ -113.980585853057462, 28.15838334236004 ], [ -113.980557828229138, 28.158929662421198 ], [ -113.98050993985288, 28.159863180044592 ], [ -113.98036103517417, 28.165163571704447 ], [ -113.980295977824724, 28.166663942006657 ], [ -113.980141301495479, 28.168365280797868 ], [ -113.980128187830701, 28.168443514675399 ], [ -113.97998539299995, 28.16929539444838 ], [ -113.979412480088968, 28.171934583273433 ], [ -113.979284006113275, 28.172702943622248 ], [ -113.97925739386001, 28.173649439641391 ], [ -113.979347852920824, 28.174233216726424 ], [ -113.97979661560062, 28.17601101342477 ], [ -113.979899947811248, 28.176544337842493 ], [ -113.979933394742446, 28.177255388843673 ], [ -113.979877842599734, 28.177737851523155 ], [ -113.979585145962133, 28.179278292093645 ], [ -113.979473509978121, 28.179718926773461 ], [ -113.979245243617584, 28.180234781976157 ], [ -113.979030784676581, 28.180531083085398 ], [ -113.978258236365448, 28.181397963452852 ], [ -113.978099852898808, 28.18173609072673 ], [ -113.978133286092742, 28.182447140909048 ], [ -113.978339434070051, 28.183124799700998 ], [ -113.978688249991393, 28.184045616519665 ], [ -113.979268047588732, 28.185576154933802 ], [ -113.979483084479199, 28.186345334610657 ], [ -113.979557953887394, 28.187483486791098 ], [ -113.979449869072482, 28.188340238685139 ], [ -113.97887058045184, 28.191200258497734 ], [ -113.978741590333314, 28.19198551605702 ], [ -113.978718947665797, 28.192790035015758 ], [ -113.978815593652783, 28.193154090518593 ], [ -113.979289255943613, 28.194048496618763 ], [ -113.97937605321944, 28.194250438623659 ], [ -113.979411079155255, 28.194331929544845 ], [ -113.979505921095821, 28.194760211103173 ], [ -113.979519585863997, 28.195088609026264 ], [ -113.979488511413436, 28.196192851000227 ], [ -113.979503032044192, 28.196490825886581 ], [ -113.979601870783696, 28.196777133484598 ], [ -113.979728548575835, 28.196888169374073 ], [ -113.980122405363346, 28.19707365507556 ], [ -113.980220873956043, 28.197120028303186 ], [ -113.980347267499042, 28.197241204697569 ], [ -113.98044477759467, 28.19757483656856 ], [ -113.980457683921614, 28.197930277206101 ], [ -113.980420401506137, 28.19925536814932 ], [ -113.980452776067793, 28.199733006278812 ], [ -113.98064114279623, 28.200636893384939 ], [ -113.980877866066734, 28.201450522377559 ], [ -113.981794232197117, 28.204343568581272 ], [ -113.982008931702239, 28.205126268103147 ], [ -113.982094471258208, 28.205885821709604 ], [ -113.982001968391401, 28.206188198818587 ], [ -113.981484744433317, 28.20683973689156 ], [ -113.981417130455569, 28.207071631875152 ], [ -113.981618827354751, 28.207502271788719 ], [ -113.981974582174189, 28.207885576097841 ], [ -113.983433095885104, 28.209243681872501 ], [ -113.983856121858892, 28.209679202841574 ], [ -113.984371710810422, 28.210353535216402 ], [ -113.984528476400527, 28.210617443244804 ], [ -113.984685240065957, 28.21088134668102 ], [ -113.984986704986355, 28.211450452033983 ], [ -113.985632801663627, 28.212670132627178 ], [ -113.985924587296054, 28.213156873061067 ], [ -113.986338676365506, 28.213639544628432 ], [ -113.986638445412353, 28.213842334897592 ], [ -113.987623281829784, 28.214306014593589 ], [ -113.9879001592995, 28.21450829781292 ], [ -113.988207413847547, 28.214988610097294 ], [ -113.98836947162151, 28.215472487604615 ], [ -113.98881849248481, 28.217250270219452 ], [ -113.988957658776371, 28.217733642920201 ], [ -113.989158074197732, 28.218211599906898 ], [ -113.989487343014318, 28.218757724003542 ], [ -113.989655816537166, 28.219095576564431 ], [ -113.989864582068776, 28.219616398053503 ], [ -113.990001318237063, 28.220106320830293 ], [ -113.990089888993282, 28.220512348501469 ], [ -113.990133574823759, 28.220753686202535 ], [ -113.990270669684136, 28.221806156107458 ], [ -113.990469749828549, 28.22345252982824 ], [ -113.806906522937595, 28.227603773552836 ], [ -113.628803683968172, 28.240886813817596 ], [ -113.623608512381239, 28.3081814306057 ], [ -113.553586351484384, 28.373856969769708 ], [ -113.513740928533267, 28.448769272053909 ], [ -113.460377303938003, 28.43451283018338 ], [ -113.418314793996828, 28.438609978830897 ], [ -113.377343310796277, 28.41339871027532 ], [ -113.285833670004322, 28.320842685916713 ], [ -113.244596838863004, 28.331223346298668 ], [ -113.160948433870658, 28.316901321436561 ], [ -113.132767875193792, 28.329190754831757 ], [ -113.032924795526341, 28.239440477205065 ], [ -113.059268796052294, 28.204277440317629 ], [ -113.028487504563373, 28.162560449201024 ], [ -113.073965898193094, 28.096222838961769 ], [ -113.036573304187485, 28.063295613292116 ], [ -112.992471182140804, 28.024703134152265 ], [ -112.978510404306206, 28.012778970192151 ], [ -112.964000158534233, 28.000094618619407 ], [ -113.982327342439689, 27.999352007508371 ], [ -113.981972698775635, 27.999845327099454 ], [ -113.981702810443636, 28.00038865601713 ], [ -113.981495165820064, 28.001006684037701 ], [ -113.981343037151447, 28.001650350571182 ], [ -113.981257841193596, 28.002304821119822 ], [ -113.981202144561721, 28.003468833301671 ], [ -113.981170907487524, 28.00490916146434 ], [ -113.981131340218681, 28.005483169755028 ], [ -113.980984363230149, 28.006516676728044 ], [ -113.980686212874986, 28.008278114891205 ], [ -113.980388073793804, 28.010039410834434 ], [ -113.980196081645857, 28.011046557205436 ], [ -113.97989643337759, 28.012223843041504 ], [ -113.979660357553726, 28.012898533563504 ], [ -113.978858303689364, 28.014869799781007 ], [ -113.97866905459243, 28.015504927970387 ], [ -113.978587964206469, 28.016497597656628 ], [ -113.978661372509407, 28.017280569403159 ], [ -113.978767285109228, 28.017945842510102 ], [ -113.979085045242726, 28.019941767696224 ], [ -113.979166012323148, 28.020658946864582 ], [ -113.979120176533158, 28.021344584963725 ], [ -113.978973728589835, 28.021606888630988 ], [ -113.978336137414473, 28.022145332262383 ], [ -113.978112811552492, 28.022294320603031 ], [ -113.977708218560096, 28.022451157235061 ], [ -113.977353554597101, 28.022526220765236 ], [ -113.976103047694821, 28.022719674250958 ], [ -113.975724959706355, 28.022814512475115 ], [ -113.97521105669324, 28.023063643221249 ], [ -113.974854996565156, 28.023324706086857 ], [ -113.973707274551458, 28.024293863120551 ], [ -113.973406641875798, 28.024617028231056 ], [ -113.973151422177466, 28.025155981494862 ], [ -113.973087456236584, 28.025602750227385 ], [ -113.973044167807686, 28.027148717897862 ], [ -113.973076343671423, 28.027633122324879 ], [ -113.973269789501103, 28.0283477088125 ], [ -113.973513966634385, 28.028884141997793 ], [ -113.97446003045259, 28.030672907735656 ], [ -113.974728777842898, 28.031148996080379 ], [ -113.975036852303475, 28.031581978356513 ], [ -113.9752082097894, 28.031724436281177 ], [ -113.97569980351669, 28.031956256996672 ], [ -113.97574544874918, 28.032095944552648 ], [ -113.975646597858059, 28.032244993832943 ], [ -113.975466863368254, 28.032515999613135 ], [ -113.975242011069383, 28.032749348393185 ], [ -113.975023235672424, 28.032976389228761 ], [ -113.973903369557348, 28.034056702410901 ], [ -113.973231524757054, 28.034704802341416 ], [ -113.972785889666895, 28.035236171354576 ], [ -113.972498002547624, 28.035987496864504 ] ], [ [ -113.40260417142818, 28.220400337125454 ], [ -113.40284815603259, 28.220239385688878 ], [ -113.403103513495353, 28.219796391966298 ], [ -113.403224324769369, 28.219324495462416 ], [ -113.403532746475022, 28.217565304714579 ], [ -113.403596684646843, 28.217081766384535 ], [ -113.403586649125842, 28.216584446119985 ], [ -113.403508375439245, 28.216357527005513 ], [ -113.403153135983914, 28.215795891038425 ], [ -113.402998114375862, 28.215637959268204 ], [ -113.402629918322432, 28.21546258014591 ], [ -113.402258945823036, 28.215369969620969 ], [ -113.400895940990068, 28.215113158921085 ], [ -113.400494667093014, 28.215070465488189 ], [ -113.399985055312541, 28.215128046891945 ], [ -113.399658311407322, 28.21525299972545 ], [ -113.398643112795924, 28.21577852756915 ], [ -113.398365468058856, 28.2159757790307 ], [ -113.398084995612024, 28.21637076269359 ], [ -113.397961965443727, 28.216737773998151 ], [ -113.397668292926866, 28.218055509323037 ], [ -113.397608187499344, 28.218424179178385 ], [ -113.397621373471992, 28.218826904081745 ], [ -113.397700316703009, 28.219033555565918 ], [ -113.398055534642964, 28.219595203885508 ], [ -113.398215933644423, 28.219763426870689 ], [ -113.398609243301763, 28.219986818924383 ], [ -113.399010715877026, 28.220137726649689 ], [ -113.400490952923818, 28.220618562217041 ], [ -113.400916676168379, 28.220729527662183 ], [ -113.401423138877419, 28.220766538747828 ], [ -113.40172093270408, 28.220708446766075 ], [ -113.40260417142818, 28.220400337125454 ] ] ] ] } },
{ "type": "Feature", "properties": { "fid": 69.0, "cat": 69, "CLAVE_ACUI": "0228", "NOM_ACUIF": "LLANOS DEL BERRENDO", "VULNERABIL": 3 }, "geometry": { "type": "MultiPolygon", "coordinates": [ [ [ [ -114.012236158736613, 28.001119898556766 ], [ -114.012135632840028, 28.000896154435804 ], [ -114.011843761843792, 28.000415830505766 ], [ -114.011632000827092, 28.000109313718085 ], [ -114.011339315203173, 27.999792195329075 ], [ -114.011103405203215, 27.999604841061039 ], [ -114.010779115347646, 27.999373149301224 ], [ -114.012500673117458, 27.999378739211668 ], [ -114.013712541812069, 27.999382674158024 ], [ -114.013577074358167, 27.999694541762423 ], [ -114.013482669589095, 28.000044170917025 ], [ -114.013435762419576, 28.000373527530407 ], [ -114.013413439773529, 28.000807343755866 ], [ -114.013382421955384, 28.001931270321435 ], [ -114.013343128087314, 28.002319410579403 ], [ -114.013199377093997, 28.002695131885979 ], [ -114.013033312366645, 28.002843736192702 ], [ -114.012985475309392, 28.002867818141716 ], [ -114.012672994323466, 28.003025125425619 ], [ -114.01240209317119, 28.003161499855146 ], [ -114.012325302011902, 28.003185706239481 ], [ -114.012221408041654, 28.003218455980829 ], [ -114.01200943224427, 28.00316648932678 ], [ -114.011887295198505, 28.003035295264155 ], [ -114.011529300110368, 28.00247502273147 ], [ -114.011459560575304, 28.002309451416004 ], [ -114.011492102261414, 28.002097058212982 ], [ -114.011608329497577, 28.001959210580878 ], [ -114.012118179224586, 28.00152831349337 ], [ -114.012228972196283, 28.001380199368906 ], [ -114.012236158736613, 28.001119898556766 ] ] ] ] } },
{ "type": "Feature", "properties": { "fid": 70.0, "cat": 71, "CLAVE_ACUI": "0228", "NOM_ACUIF": "LLANOS DEL BERRENDO", "VULNERABIL": 3 }, "geometry": { "type": "MultiPolygon", "coordinates": [ [ [ [ -114.084933171099067, 28.000699147563978 ], [ -114.085570154420878, 28.000666255801683 ], [ -114.085548880710434, 28.001456234865451 ], [ -114.085501786618522, 28.001719085193301 ], [ -114.085308780815012, 28.001951778235362 ], [ -114.085080152352859, 28.002021346231704 ], [ -114.084206225266257, 28.002113300598118 ], [ -114.083966852651926, 28.002157268509819 ], [ -114.083723707831581, 28.002270500893616 ], [ -114.083615730632076, 28.002388293809034 ], [ -114.083354980793857, 28.002824761571322 ], [ -114.083241426010886, 28.002937361688122 ], [ -114.082972254637781, 28.003026361207866 ], [ -114.082701279072111, 28.003040902898935 ], [ -114.081705898703362, 28.003019760579225 ], [ -114.081407861301642, 28.002977910612302 ], [ -114.081012400630641, 28.00280375681676 ], [ -114.080745494847875, 28.002596815802402 ], [ -114.079895401904395, 28.001805242824091 ], [ -114.079686590558012, 28.00156401675623 ], [ -114.079562223436582, 28.001229870718785 ], [ -114.079563450229543, 28.00122202643449 ], [ -114.079752373700913, 28.001364920482523 ], [ -114.080429506864505, 28.001505608553622 ], [ -114.081363303946532, 28.001173630922349 ], [ -114.082695852552447, 28.001129768457346 ], [ -114.083572780856926, 28.001022094162913 ], [ -114.084308234651928, 28.000884348178673 ], [ -114.084933171099067, 28.000699147563978 ] ] ] ] } },
{ "type": "Feature", "properties": { "fid": 71.0, "cat": 70, "CLAVE_ACUI": "0228", "NOM_ACUIF": "LLANOS DEL BERRENDO", "VULNERABIL": 3 }, "geometry": { "type": "MultiPolygon", "coordinates": [ [ [ [ -114.13178043185566, 28.003662848568702 ], [ -114.132028425716911, 28.004084106044999 ], [ -114.131860918115834, 28.004364760789951 ], [ -114.13137362642756, 28.004344437482636 ], [ -114.130020424517625, 28.004103213649909 ], [ -114.1292671173656, 28.003968921818768 ], [ -114.128721285482172, 28.003784993493518 ], [ -114.128280570777633, 28.00330219525959 ], [ -114.128196808979567, 28.002796413532622 ], [ -114.128246630032507, 28.000918897379961 ], [ -114.12830529989813, 28.000431315337117 ], [ -114.128529273400389, 28.000033448675776 ], [ -114.128790566007524, 27.999952649405984 ], [ -114.129785959713729, 27.999973448750175 ], [ -114.130032866293831, 28.00000397759754 ], [ -114.1301897028669, 28.000125650480118 ], [ -114.130187370773271, 28.000140271900626 ], [ -114.130166848314289, 28.000268940396108 ], [ -114.129903355197598, 28.000815953432028 ], [ -114.129895622964085, 28.001035671291156 ], [ -114.129901920161018, 28.000856731350389 ], [ -114.129911898032191, 28.000924944018266 ], [ -114.130021951111942, 28.001230000180595 ], [ -114.13016707892487, 28.001575400657057 ], [ -114.130455644437106, 28.00197762913211 ], [ -114.13178043185566, 28.003662848568702 ] ], [ [ -114.130123035195041, 28.001514008558775 ], [ -114.130167079183749, 28.001575401273168 ], [ -114.13016707892487, 28.001575400657057 ], [ -114.130123035195041, 28.001514008558775 ] ] ] ] } }
]
}
