{
"type": "FeatureCollection",
"name": "0317",
"crs": { "type": "name", "properties": { "name": "urn:ogc:def:crs:OGC:1.3:CRS84" } },
"features": [
{ "type": "Feature", "properties": { "fid": 28.0, "cat": 25, "NOM_ACUIF": "CABO SAN LUCAS", "CLAVE_ACUI": "0317", "VULNERABIL": 3 }, "geometry": { "type": "MultiPolygon", "coordinates": [ [ [ [ -109.918829472378206, 22.943794965034989 ], [ -109.918213153324047, 22.94403463879787 ], [ -109.917744191093021, 22.944139829498795 ], [ -109.916953624370848, 22.944215726845634 ], [ -109.916104975881126, 22.94423702921512 ], [ -109.914349598391084, 22.944225028685409 ], [ -109.913491125864837, 22.944255282209795 ], [ -109.912671084288888, 22.944358053394886 ], [ -109.912162820204699, 22.944499087570073 ], [ -109.911458068088535, 22.944819419588324 ], [ -109.911194905181318, 22.94479954925065 ], [ -109.911110171001866, 22.944419608370211 ], [ -109.911232109224301, 22.943806244108004 ], [ -109.911682650909825, 22.942346090954882 ], [ -109.912028589409317, 22.941770391355252 ], [ -109.912615868611468, 22.941503445472083 ], [ -109.913248732243048, 22.941634234008951 ], [ -109.91414251738064, 22.942083612908444 ], [ -109.914501974547278, 22.942238948534765 ], [ -109.916952999716742, 22.943068610287867 ], [ -109.917128217859329, 22.943149349334266 ], [ -109.918208785211817, 22.943357180305544 ], [ -109.918724567340035, 22.943496181545346 ], [ -109.918957325440346, 22.943660350361675 ], [ -109.918829472378206, 22.943794965034989 ] ] ] ] } },
{ "type": "Feature", "properties": { "fid": 19.0, "cat": 8, "NOM_ACUIF": "CABO SAN LUCAS", "CLAVE_ACUI": "0317", "VULNERABIL": 3 }, "geometry": { "type": "MultiPolygon", "coordinates": [ [ [ [ -109.909793600559624, 22.961454622059726 ], [ -109.910139073851198, 22.962161519696284 ], [ -109.910428056443124, 22.962615122816434 ], [ -109.91082500001373, 22.963112876203784 ], [ -109.910949531921304, 22.963269033941149 ], [ -109.911158755830641, 22.963938864335358 ], [ -109.911264949788844, 22.965294445298625 ], [ -109.911232712999578, 22.966883916433208 ], [ -109.911029798317244, 22.970296747623092 ], [ -109.910860419063425, 22.971957534151148 ], [ -109.910555200107169, 22.973527063165047 ], [ -109.910215881103284, 22.974482158053874 ], [ -109.909503138936543, 22.975777911858266 ], [ -109.909205723909878, 22.976371999090357 ], [ -109.909044639182866, 22.97680861093626 ], [ -109.909024489128186, 22.977075273289941 ], [ -109.909198763884376, 22.977239054645128 ], [ -109.909157715962792, 22.977491677298207 ], [ -109.908860295366708, 22.978085763553441 ], [ -109.908405638387265, 22.978823283429122 ], [ -109.907339072535095, 22.980441751614293 ], [ -109.906991628290854, 22.981189038196078 ], [ -109.907015878779262, 22.981812435382732 ], [ -109.907328816189448, 22.982047791412462 ], [ -109.906907486298692, 22.981947172528631 ], [ -109.906158913931264, 22.981625876319427 ], [ -109.905315272307547, 22.980996821305627 ], [ -109.90519960149895, 22.980868900803987 ], [ -109.904743167079189, 22.980568349716275 ], [ -109.904297365901726, 22.980203975627102 ], [ -109.903833296649466, 22.979685924669369 ], [ -109.903505649034088, 22.979186880946056 ], [ -109.902986777923999, 22.978207800551957 ], [ -109.90279854342981, 22.977357460141626 ], [ -109.902752706392519, 22.975785520138199 ], [ -109.902864540963463, 22.974015960256899 ], [ -109.903245864506118, 22.970279218496788 ], [ -109.903475167602906, 22.968456275264675 ], [ -109.903781764539588, 22.966724188788739 ], [ -109.904063458318959, 22.965660321363419 ], [ -109.90460194045076, 22.964200804714434 ], [ -109.904805303431914, 22.963172523493263 ], [ -109.90487592616013, 22.961569678190063 ], [ -109.904792330791253, 22.9599388579358 ], [ -109.90446806086905, 22.956603685512668 ], [ -109.904471138652454, 22.956469581964807 ], [ -109.904469297503624, 22.956450144275664 ], [ -109.904345414661918, 22.954877661290901 ], [ -109.904297373254281, 22.953576672177675 ], [ -109.904903786689587, 22.954360529738477 ], [ -109.905573180905904, 22.955021622513542 ], [ -109.907140733069269, 22.956576961800238 ], [ -109.907894647106346, 22.957431195271599 ], [ -109.908588819943574, 22.958438564160414 ], [ -109.908991856890012, 22.959263280748388 ], [ -109.909010928490645, 22.959317606023962 ], [ -109.909506795150492, 22.96073006246181 ], [ -109.909793600559624, 22.961454622059726 ] ] ] ] } },
{ "type": "Feature", "properties": { "fid": 35.0, "cat": 35, "NOM_ACUIF": "CABO SAN LUCAS", "CLAVE_ACUI": "0317", "VULNERABIL": 3 }, "geometry": { "type": "MultiPolygon", "coordinates": [ [ [ [ -109.883132933507625, 22.896902085292545 ], [ -109.885498047054796, 22.896240235460411 ], [ -109.888504028216417, 22.895729065118335 ], [ -109.890213011541263, 22.895252228466273 ], [ -109.892364502469206, 22.894374847677209 ], [ -109.89412689226117, 22.893472672414479 ], [ -109.895759581577295, 22.892833710152008 ], [ -109.896652220821352, 22.892171859966979 ], [ -109.898339866696645, 22.89082390279302 ], [ -109.898812108467453, 22.891070825658705 ], [ -109.899238780588846, 22.891385041650615 ], [ -109.899583304873715, 22.891754380298121 ], [ -109.899724551787713, 22.891996205467766 ], [ -109.899963943298019, 22.892310684993955 ], [ -109.90022619333935, 22.892514861969811 ], [ -109.900220131267133, 22.892524354394535 ], [ -109.900380863691268, 22.892635281393883 ], [ -109.900963437211274, 22.892928347411758 ], [ -109.901921885114149, 22.8933508437967 ], [ -109.902274891028071, 22.893506451339775 ], [ -109.90301359299086, 22.8937825234404 ], [ -109.90391823975223, 22.894032639415958 ], [ -109.904687281294997, 22.894173427006173 ], [ -109.906089759536655, 22.894345668991239 ], [ -109.906967269265451, 22.894333641131904 ], [ -109.908197315254867, 22.894125317283308 ], [ -109.909369877796493, 22.893790135498513 ], [ -109.911657504682992, 22.892992897745096 ], [ -109.91278209965472, 22.892558005007146 ], [ -109.913868269440215, 22.892050582062925 ], [ -109.914553959702417, 22.8916397739895 ], [ -109.915524859107308, 22.890914773628836 ], [ -109.915956725422106, 22.890547389458948 ], [ -109.916281430570621, 22.890170241072013 ], [ -109.916390741007334, 22.889909045540946 ], [ -109.916393968328109, 22.889502607820521 ], [ -109.916196214575265, 22.889129318111937 ], [ -109.916703467808759, 22.888784287770292 ], [ -109.91714384927684, 22.889242155471859 ], [ -109.917754058884185, 22.890098981660117 ], [ -109.918366169586875, 22.891063790751836 ], [ -109.918832192758515, 22.891694438932877 ], [ -109.919420002563371, 22.892452655213113 ], [ -109.92016524438263, 22.893385123485036 ], [ -109.920598066874192, 22.894018114555596 ], [ -109.920212728161303, 22.894453321325901 ], [ -109.919881776277066, 22.894710966248109 ], [ -109.918911515058198, 22.895354705184872 ], [ -109.91830452314538, 22.89567574298 ], [ -109.91745381210275, 22.895995118499719 ], [ -109.916642952634746, 22.896206371798531 ], [ -109.915061083402819, 22.8965207486286 ], [ -109.914288565457667, 22.896813543248907 ], [ -109.913552881242481, 22.89737755852013 ], [ -109.913099257862086, 22.898024791256969 ], [ -109.912474067196825, 22.899402474528735 ], [ -109.912029532203434, 22.90013105763169 ], [ -109.911321121006765, 22.900939123414322 ], [ -109.910584969249882, 22.901557314837181 ], [ -109.909084915656152, 22.902603815573421 ], [ -109.908242733543688, 22.903067716498008 ], [ -109.907216252674004, 22.903412924096056 ], [ -109.906347636849674, 22.903524369093887 ], [ -109.904768274179077, 22.903513490593824 ], [ -109.903890124944326, 22.903597759161745 ], [ -109.90283503674469, 22.903861449043688 ], [ -109.901954702814891, 22.904216663472202 ], [ -109.900368779647977, 22.905018610566707 ], [ -109.899449289454722, 22.905391604376803 ], [ -109.898276750747613, 22.905708643885479 ], [ -109.897242011982641, 22.905864048216852 ], [ -109.895310335680634, 22.906013211850468 ], [ -109.894343031623322, 22.90626842207347 ], [ -109.893372792107698, 22.906884900669688 ], [ -109.892723027053137, 22.907657157189803 ], [ -109.891743960414388, 22.909357447465343 ], [ -109.891201052071438, 22.910175604102189 ], [ -109.890551405588567, 22.910929786631286 ], [ -109.890011572354013, 22.911368601035623 ], [ -109.889041718747848, 22.911930859542043 ], [ -109.888288929584121, 22.912178498767563 ], [ -109.88700041895892, 22.912359155060301 ], [ -109.885605692062342, 22.912412602769102 ], [ -109.884279730161779, 22.912403294792291 ], [ -109.882710026158222, 22.912392261489245 ], [ -109.881423583390884, 22.912319981264048 ], [ -109.880459920817501, 22.912123513215573 ], [ -109.880140258784337, 22.911868354503905 ], [ -109.880141965310685, 22.911660622785142 ], [ -109.880144933135355, 22.911299350217554 ], [ -109.880206250114128, 22.91095655363906 ], [ -109.880385525951539, 22.910497168033437 ], [ -109.880623001098741, 22.91007432162775 ], [ -109.881156147237192, 22.90926516678622 ], [ -109.881395618499184, 22.908598459811834 ], [ -109.881580887987425, 22.907407494798157 ], [ -109.881650199644767, 22.906089260251843 ], [ -109.881672865262871, 22.903325521318138 ], [ -109.881713147410551, 22.901979984634004 ], [ -109.881809319081569, 22.900733171589149 ], [ -109.881738488119652, 22.899011298127924 ], [ -109.881762899924311, 22.897081805087986 ], [ -109.883132933507625, 22.896902085292545 ] ] ] ] } },
{ "type": "Feature", "properties": { "fid": 29.0, "cat": 30, "NOM_ACUIF": "CABO SAN LUCAS", "CLAVE_ACUI": "0317", "VULNERABIL": 1 }, "geometry": { "type": "MultiPolygon", "coordinates": [ [ [ [ -109.828414916019412, 22.915765762430802 ], [ -109.828605651754316, 22.915494918443382 ], [ -109.83055114797574, 22.91551017854388 ], [ -109.831390380456227, 22.914855957965091 ], [ -109.832946776388539, 22.9142990107975 ], [ -109.835441589728461, 22.912565231429376 ], [ -109.835479735369574, 22.911977767226976 ], [ -109.836570739061216, 22.911886216793729 ], [ -109.837471007227947, 22.911251068215023 ], [ -109.838699340367455, 22.910617828476543 ], [ -109.839187622147691, 22.910280228053892 ], [ -109.839599608376389, 22.90965080199819 ], [ -109.840133665530061, 22.908931732679928 ], [ -109.840286253422391, 22.90866088983714 ], [ -109.841041563179033, 22.908576965584501 ], [ -109.84164428624446, 22.908002854145849 ], [ -109.841934202995731, 22.907100677901916 ], [ -109.841896056946226, 22.906351089441753 ], [ -109.842582702382586, 22.905788422888371 ], [ -109.842544555920284, 22.904378890819213 ], [ -109.842002867480204, 22.903968810736202 ], [ -109.841644286074171, 22.903413772903885 ], [ -109.841934204091004, 22.902702332004438 ], [ -109.842628477491544, 22.902175903788443 ], [ -109.84320068270371, 22.902034759426741 ], [ -109.843772887531983, 22.901777267860854 ], [ -109.843971252416608, 22.901327134608302 ], [ -109.845222473313314, 22.901155472787586 ], [ -109.846275328663353, 22.901388169879841 ], [ -109.846221922686482, 22.901000977050188 ], [ -109.846252440262518, 22.900485992736357 ], [ -109.84685516241575, 22.900716782063554 ], [ -109.84807586584644, 22.900480272034795 ], [ -109.848670958033495, 22.900114059985164 ], [ -109.849266052566264, 22.900272369286537 ], [ -109.850723266364213, 22.900617598856275 ], [ -109.851776122603425, 22.900661470035061 ], [ -109.852394102718577, 22.900665283028491 ], [ -109.852600096939284, 22.900440215786862 ], [ -109.853004456281894, 22.899694442382838 ], [ -109.853096008992154, 22.899314881688671 ], [ -109.853744506076808, 22.898759841631975 ], [ -109.854232788214532, 22.898466110149482 ], [ -109.855210167612995, 22.898192105842963 ], [ -109.855552673541027, 22.898096085502083 ], [ -109.856758117349472, 22.89813995404641 ], [ -109.857696531556613, 22.898670196074168 ], [ -109.858535767008021, 22.898569107469267 ], [ -109.859352111596564, 22.898765563743638 ], [ -109.860183714966396, 22.898607254899453 ], [ -109.861106872915798, 22.89834404097731 ], [ -109.862129209954091, 22.898349761773357 ], [ -109.862411498193197, 22.898696899111933 ], [ -109.863174438172564, 22.89867401168005 ], [ -109.863700865759967, 22.89848709066418 ], [ -109.864280699122673, 22.897588730875153 ], [ -109.864669798318602, 22.896734238318622 ], [ -109.865509032414337, 22.896242142156762 ], [ -109.866256713444059, 22.896039963090121 ], [ -109.867012024521301, 22.896181107491458 ], [ -109.86841583276339, 22.896642685654399 ], [ -109.868721007300707, 22.896898269766268 ], [ -109.868812561699698, 22.89771080007591 ], [ -109.869194029035739, 22.897670745936352 ], [ -109.870475768311806, 22.898174286257792 ], [ -109.871627807200952, 22.898174287102201 ], [ -109.873298644273135, 22.897726059115385 ], [ -109.874443053003546, 22.897752762919559 ], [ -109.878959655197434, 22.897449493726768 ], [ -109.881762899924311, 22.897081805087986 ], [ -109.881738488119652, 22.899011298127924 ], [ -109.881809319081569, 22.900733171589149 ], [ -109.881713147410551, 22.901979984634004 ], [ -109.881672865262871, 22.903325521318138 ], [ -109.881650199644767, 22.906089260251843 ], [ -109.881580887987425, 22.907407494798157 ], [ -109.881395618499184, 22.908598459811834 ], [ -109.881156147237192, 22.90926516678622 ], [ -109.880623001098741, 22.91007432162775 ], [ -109.880385525951539, 22.910497168033437 ], [ -109.880206250114128, 22.91095655363906 ], [ -109.880144933135355, 22.911299350217554 ], [ -109.880141965310685, 22.911660622785142 ], [ -109.880140258784337, 22.911868354503905 ], [ -109.880133951884389, 22.912636058633773 ], [ -109.879914708237933, 22.913212582238366 ], [ -109.879264986176054, 22.913966715275947 ], [ -109.878401354431702, 22.914647076324194 ], [ -109.876460162014951, 22.915934011513361 ], [ -109.875577153104388, 22.91659615444658 ], [ -109.874869338017703, 22.917295662649366 ], [ -109.874572660116357, 22.917799370427275 ], [ -109.874390444767144, 22.918610987643692 ], [ -109.874454891115136, 22.919072092569571 ], [ -109.874830449153322, 22.919643789846734 ], [ -109.875391935827352, 22.920135512260931 ], [ -109.876700847479015, 22.921038975961547 ], [ -109.877457651310422, 22.921495943641055 ], [ -109.878419143959803, 22.921963386054578 ], [ -109.879264827076611, 22.922285488322498 ], [ -109.880840387367314, 22.922784346298602 ], [ -109.881677146831322, 22.923007017530278 ], [ -109.882611858524669, 22.923176179779059 ], [ -109.883332950166817, 22.923235446474461 ], [ -109.884561512085313, 22.923244081587665 ], [ -109.885136569561382, 22.923275217196206 ], [ -109.885633180133652, 22.923359994222871 ], [ -109.885885806996413, 22.923470155007099 ], [ -109.886147077182258, 22.923715861086244 ], [ -109.886262459220262, 22.923915381849664 ], [ -109.886263547366028, 22.923919905650568 ], [ -109.886281664980615, 22.92395164590922 ], [ -109.886424158161816, 22.924413294488417 ], [ -109.886527059207438, 22.924946923990117 ], [ -109.886693270130394, 22.926086163843642 ], [ -109.886815674686915, 22.92661992988528 ], [ -109.886806161348318, 22.926578445481191 ], [ -109.886902767153813, 22.926701831515569 ], [ -109.887512417353193, 22.92727514168196 ], [ -109.887919886004497, 22.927530901770272 ], [ -109.888258683381508, 22.927638150027427 ], [ -109.888133519183867, 22.92764078608915 ], [ -109.889099071557254, 22.927620448194883 ], [ -109.890240874587747, 22.927511013095348 ], [ -109.892700725043269, 22.927203023901978 ], [ -109.893871701907315, 22.927102798282135 ], [ -109.893891203508971, 22.927102934149122 ], [ -109.89492478860933, 22.927110131672919 ], [ -109.895508958161585, 22.927222584885339 ], [ -109.89620838215761, 22.927552613811304 ], [ -109.896513869349207, 22.927629352494417 ], [ -109.896929651907385, 22.927593756159347 ], [ -109.897301646401587, 22.927415693164871 ], [ -109.897832137820956, 22.926931629469209 ], [ -109.898165272335291, 22.92673522985114 ], [ -109.89863418652827, 22.926630095048722 ], [ -109.8990825765799, 22.926651269580237 ], [ -109.899958834571862, 22.926819925749683 ], [ -109.900377171204752, 22.926940244418912 ], [ -109.900755922256764, 22.9271325468501 ], [ -109.90096883725019, 22.927332732880313 ], [ -109.901228831461339, 22.927740988860347 ], [ -109.901342782238444, 22.928121136767796 ], [ -109.901424639812717, 22.928853324717856 ], [ -109.901447117886732, 22.929693490056739 ], [ -109.901432693103303, 22.931481797898655 ], [ -109.901688179929025, 22.932450028390075 ], [ -109.902469074528426, 22.933566409964047 ], [ -109.903121876341402, 22.934123346866322 ], [ -109.903798530853351, 22.934379477078796 ], [ -109.904323069140915, 22.934636004954971 ], [ -109.905021681960989, 22.935074379411201 ], [ -109.905661500345531, 22.935548475013139 ], [ -109.906882351463139, 22.936532383426663 ], [ -109.907541686399043, 22.93700660620194 ], [ -109.908237911664202, 22.937410067019357 ], [ -109.908172567936816, 22.937381274562025 ], [ -109.908901403437582, 22.93770241973235 ], [ -109.909951974133065, 22.938034804107186 ], [ -109.910466787051078, 22.938291245573986 ], [ -109.910960653622823, 22.938728189154762 ], [ -109.911268951735792, 22.939199987836794 ], [ -109.911303782190586, 22.939279054762608 ], [ -109.911699981341101, 22.940178440560761 ], [ -109.911764778209019, 22.940612438809683 ], [ -109.911528134488819, 22.940935981260193 ], [ -109.911068930615357, 22.941041219369676 ], [ -109.910737367560813, 22.941038943866698 ], [ -109.909927963810844, 22.941033386053864 ], [ -109.909187547001252, 22.940937974658862 ], [ -109.908107266193525, 22.94065957446 ], [ -109.907047218850281, 22.940290982754735 ], [ -109.904947372182335, 22.939463594708801 ], [ -109.903955459933329, 22.939113517692302 ], [ -109.903079554196324, 22.938890689459193 ], [ -109.902611619443761, 22.938869389802228 ], [ -109.902083718101878, 22.939028321012966 ], [ -109.901615637424626, 22.939025082104745 ], [ -109.900739299096841, 22.938856432201455 ], [ -109.899746819272693, 22.938578584193621 ], [ -109.897645730968463, 22.937913675194682 ], [ -109.896633761996441, 22.937635672732373 ], [ -109.895698930664551, 22.937466588781305 ], [ -109.895152843988598, 22.937462788197614 ], [ -109.89444941258617, 22.93762047188768 ], [ -109.893864319309628, 22.937616395130227 ], [ -109.89281247383596, 22.937446478709063 ], [ -109.891644495341367, 22.937167356420812 ], [ -109.889192420461228, 22.936499885890345 ], [ -109.888024458642064, 22.936220737534533 ], [ -109.886972632934416, 22.936050783083722 ], [ -109.886387547888532, 22.936046679030991 ], [ -109.88568411550456, 22.9362043237813 ], [ -109.884826286122816, 22.936162169560163 ], [ -109.882956237219375, 22.935878049776928 ], [ -109.880697330421725, 22.935446649429082 ], [ -109.875790706055085, 22.934436483360386 ], [ -109.873551352848182, 22.934005121193778 ], [ -109.871739870253577, 22.933721286464419 ], [ -109.870960073850881, 22.933679612543951 ], [ -109.870432160806601, 22.933838437897002 ], [ -109.869905895624967, 22.933798562790589 ], [ -109.868855016961035, 22.933520108792912 ], [ -109.867629823803384, 22.933095887949285 ], [ -109.865005146611338, 22.932101655951062 ], [ -109.863818983507258, 22.931677685481223 ], [ -109.862885147397549, 22.931400030496103 ], [ -109.862514910993681, 22.931361248845473 ], [ -109.862338034919475, 22.931522562301225 ], [ -109.861987451358345, 22.931465855708662 ], [ -109.861112579993545, 22.931134419510244 ], [ -109.860005051025269, 22.930638727102011 ], [ -109.857557361094877, 22.929483065027739 ], [ -109.856313803080369, 22.928932175072664 ], [ -109.855030796904444, 22.928435184755486 ], [ -109.854136006045437, 22.928157761089061 ], [ -109.852734638095939, 22.927822479017294 ], [ -109.852034413618597, 22.927600643195372 ], [ -109.851335105504432, 22.927270423901053 ], [ -109.850869816347384, 22.926941895605605 ], [ -109.850173259123764, 22.926286530093265 ], [ -109.849630429243376, 22.925903243229719 ], [ -109.848698496987552, 22.925408746558755 ], [ -109.847688109391001, 22.924967868753182 ], [ -109.845588891968319, 22.924139717622456 ], [ -109.84448132710574, 22.92366198445719 ], [ -109.843257839661689, 22.923056947939667 ], [ -109.842326258274554, 22.922526288695863 ], [ -109.840755009543216, 22.921539343676418 ], [ -109.839920489149407, 22.921063572854244 ], [ -109.838988165400607, 22.920623211730689 ], [ -109.838268810399413, 22.920365048162584 ], [ -109.837043069281691, 22.920030915929495 ], [ -109.836275125322501, 22.91975432323774 ], [ -109.835197035684033, 22.919258678863475 ], [ -109.834168167774081, 22.918709195384722 ], [ -109.83215967143839, 22.917556377895906 ], [ -109.831208440883742, 22.91705260796029 ], [ -109.830840765483416, 22.916896667486618 ], [ -109.830363225472851, 22.916694128865078 ], [ -109.829610498113666, 22.916406494796622 ], [ -109.828402305325284, 22.916052092347986 ], [ -109.828414916019412, 22.915765762430802 ] ] ] ] } },
{ "type": "Feature", "properties": { "fid": 3.0, "cat": 1, "NOM_ACUIF": "CABO SAN LUCAS", "CLAVE_ACUI": "0317", "VULNERABIL": 1 }, "geometry": { "type": "MultiPolygon", "coordinates": [ [ [ [ -109.819304638344548, 23.081739468356844 ], [ -109.794743484470445, 23.065514395675134 ], [ -109.766596845801303, 23.052194226427314 ], [ -109.766596845801288, 23.052194226427314 ], [ -109.767758297983349, 23.051809221244284 ], [ -109.768885155852288, 23.050729000945843 ], [ -109.769691331935817, 23.049285896670785 ], [ -109.770181021575752, 23.047393349684274 ], [ -109.770426553873634, 23.046148851268462 ], [ -109.770687499948352, 23.045356069141508 ], [ -109.771224802998574, 23.044222220105901 ], [ -109.77146589505891, 23.043465409733241 ], [ -109.771651872051891, 23.042328828891009 ], [ -109.771720742648625, 23.04119133811195 ], [ -109.771741378093154, 23.038915446510963 ], [ -109.771839110371218, 23.037823339016111 ], [ -109.772111670591272, 23.036822908069155 ], [ -109.772468204471195, 23.036247630092646 ], [ -109.773265243120846, 23.035522224654578 ], [ -109.773834158922995, 23.035201485035014 ], [ -109.774743871407409, 23.034964670996477 ], [ -109.775691144581899, 23.03489071771682 ], [ -109.77762325465433, 23.034905659776712 ], [ -109.778619073157117, 23.034859159925951 ], [ -109.779674416144772, 23.034704729272292 ], [ -109.780437501151312, 23.034493846708809 ], [ -109.78167140901526, 23.034015627751959 ], [ -109.782454165902607, 23.033786822726373 ], [ -109.783568532211106, 23.033578627956128 ], [ -109.784643053267999, 23.033460438987184 ], [ -109.786752250053951, 23.033314053302551 ], [ -109.787778057843013, 23.033186437252056 ], [ -109.788746284464153, 23.032949989616629 ], [ -109.789334187212361, 23.032683529830873 ], [ -109.790129666554279, 23.032120599280198 ], [ -109.790504016411049, 23.031726053525055 ], [ -109.790831588918678, 23.031105349122022 ], [ -109.790863515501897, 23.030986286628057 ], [ -109.790911585949488, 23.030889192355733 ], [ -109.791163185981873, 23.030033074239789 ], [ -109.791530411957964, 23.028247541635459 ], [ -109.791688670195512, 23.027622885014566 ], [ -109.791910381147076, 23.027220793880616 ], [ -109.792533076603149, 23.02633137752979 ], [ -109.792907724595537, 23.025900699214766 ], [ -109.793408976704896, 23.025498081394652 ], [ -109.793869749547596, 23.025257729683663 ], [ -109.794750815315922, 23.024939290130547 ], [ -109.795298518390481, 23.024798948433336 ], [ -109.796060563818116, 23.024696363810833 ], [ -109.796782937163357, 23.02466573004466 ], [ -109.798188012980475, 23.024676407536091 ], [ -109.798910546248123, 23.024627701181473 ], [ -109.799673068614538, 23.024470910437415 ], [ -109.80022140492909, 23.024258299959971 ], [ -109.801103888497252, 23.023777258296576 ], [ -109.801789142920512, 23.023529551273839 ], [ -109.802962423936492, 23.02326746941208 ], [ -109.804232637333158, 23.023078367515588 ], [ -109.806869992760596, 23.022773119971955 ], [ -109.808111322472854, 23.022538608520211 ], [ -109.809197958635721, 23.022140346190604 ], [ -109.809767689406087, 23.021711093253458 ], [ -109.810390244048889, 23.020821600012059 ], [ -109.810687714179949, 23.020281911904942 ], [ -109.81095757343796, 23.019552342319404 ], [ -109.811109869352222, 23.01887608145945 ], [ -109.81129689709843, 23.017576868510435 ], [ -109.811429199802319, 23.01695464931333 ], [ -109.811639081715938, 23.016387204796288 ], [ -109.811856582431233, 23.016063683014831 ], [ -109.812299202149646, 23.015660561536496 ], [ -109.812613319812911, 23.015446148385891 ], [ -109.813113053695119, 23.015206030218359 ], [ -109.813631825538337, 23.015020245548257 ], [ -109.814688405237405, 23.014703005962978 ], [ -109.815314103638499, 23.014563176651421 ], [ -109.816134621544208, 23.014460930279206 ], [ -109.816876453794904, 23.014430348201333 ], [ -109.818281433879747, 23.014440842902008 ], [ -109.819043094184252, 23.014374270305886 ], [ -109.819923092793147, 23.014164062784726 ], [ -109.820628095032404, 23.013880289851645 ], [ -109.821863097241007, 23.013239175133055 ], [ -109.822626788023655, 23.012937765522938 ], [ -109.823682863213364, 23.012674653375864 ], [ -109.824679298971219, 23.012537540723137 ], [ -109.826612531513604, 23.012389303867941 ], [ -109.827540744360135, 23.012242635222574 ], [ -109.828392150105756, 23.011950878841141 ], [ -109.828882946297369, 23.011611289964048 ], [ -109.829503926956747, 23.010884281024527 ], [ -109.829800987424989, 23.010380678437983 ], [ -109.830071190442993, 23.00959688102461 ], [ -109.830224468524975, 23.00879415489042 ], [ -109.830414098321341, 23.007169773851547 ], [ -109.830567215282088, 23.006385110046633 ], [ -109.830836937966367, 23.005655499734395 ], [ -109.831133358859191, 23.005224146065466 ], [ -109.831752897464128, 23.004659694016706 ], [ -109.832106450845643, 23.004391338126823 ], [ -109.83254757480212, 23.0041507234228 ], [ -109.832929228556935, 23.004018054728437 ], [ -109.833633065887881, 23.003860662083646 ], [ -109.834081070680938, 23.00395428261249 ], [ -109.834721251518346, 23.004392537348213 ], [ -109.835340218873412, 23.005029340588365 ], [ -109.836556954699219, 23.006501491510612 ], [ -109.837350316241228, 23.007284082894152 ], [ -109.838513657752316, 23.008159706461338 ], [ -109.839659200758504, 23.008836484328146 ], [ -109.841932504688955, 23.009991178893358 ], [ -109.843079159254685, 23.010541491005775 ], [ -109.844245798400124, 23.011037748080071 ], [ -109.845043537471426, 23.011314534345516 ], [ -109.846270113936981, 23.011648635406555 ], [ -109.846990882041524, 23.01179840096037 ], [ -109.847926606817865, 23.011913599097142 ], [ -109.848765379201296, 23.011955829475074 ], [ -109.850345971020118, 23.011967315602657 ], [ -109.851224230991122, 23.011955626750773 ], [ -109.852278418147748, 23.011909079882525 ], [ -109.853157136208068, 23.011843190593495 ], [ -109.854739101635488, 23.011692063657467 ], [ -109.855462014757563, 23.011588905592067 ], [ -109.856048789705, 23.011430567480424 ], [ -109.856303835111831, 23.01126983102019 ], [ -109.856482196650063, 23.01094596107464 ], [ -109.856854929630515, 23.010713816251915 ], [ -109.857794764319962, 23.010341248024613 ], [ -109.858988418312705, 23.009952439114176 ], [ -109.86162952952192, 23.009158554222189 ], [ -109.863068666552493, 23.008581802517035 ], [ -109.864744970739068, 23.00764545002578 ], [ -109.866099667859046, 23.006661615138761 ], [ -109.868487423007224, 23.00464644925988 ], [ -109.869607763983154, 23.003678971809045 ], [ -109.870581070381348, 23.002791727172003 ], [ -109.871082916441438, 23.002280469086173 ], [ -109.871615153282534, 23.001633942495491 ], [ -109.871971176001622, 23.001058416645193 ], [ -109.872507004842973, 22.999978365515592 ], [ -109.873044024574099, 22.998753805005634 ], [ -109.874119232119369, 22.996160169626609 ], [ -109.874580422043039, 22.994664096356011 ], [ -109.874888806431855, 22.992769517507909 ], [ -109.874941597397267, 22.991107960655192 ], [ -109.874791594827201, 22.988017869167397 ], [ -109.874686057804055, 22.986626154290299 ], [ -109.87451944843113, 22.98554110170495 ], [ -109.87434730276577, 22.985124395652392 ], [ -109.873997474214448, 22.984959329728827 ], [ -109.873785712367521, 22.984614599543541 ], [ -109.873500257073346, 22.983745475097514 ], [ -109.873236262375158, 22.982641664407396 ], [ -109.872729742131753, 22.980199356002814 ], [ -109.872446700105172, 22.97904121499279 ], [ -109.872104086684573, 22.978009101012159 ], [ -109.871816104669691, 22.977447052063951 ], [ -109.871294772096675, 22.976793018598062 ], [ -109.870929812458641, 22.976103968517425 ], [ -109.870738630504803, 22.975632929735283 ], [ -109.870530043266655, 22.974908863803488 ], [ -109.870191057472951, 22.973443223946109 ], [ -109.869867681095997, 22.972447371547272 ], [ -109.869236542325282, 22.97092545318371 ], [ -109.868508029895153, 22.969384773065215 ], [ -109.86827055350993, 22.968911143039143 ], [ -109.86695366795233, 22.966284643498732 ], [ -109.866370375850977, 22.964880475720218 ], [ -109.866174817803696, 22.96376811083605 ], [ -109.866432169245201, 22.96331833825819 ], [ -109.867399777681413, 22.963081381554421 ], [ -109.867898624225674, 22.962913330936345 ], [ -109.868427556152611, 22.962646138579764 ], [ -109.868810262520242, 22.962368869104928 ], [ -109.869429447617435, 22.961804252499338 ], [ -109.869725647078724, 22.961372815463928 ], [ -109.869995061756526, 22.960643122312554 ], [ -109.870147886718087, 22.959858404381759 ], [ -109.870336945353486, 22.958233943678877 ], [ -109.870509570800579, 22.95741323698212 ], [ -109.870838389273345, 22.956575577462417 ], [ -109.871213793859624, 22.956000184398029 ], [ -109.872011184983222, 22.955111662329578 ], [ -109.872638803179285, 22.954700639797959 ], [ -109.873724270182052, 22.954356092177473 ], [ -109.874905764696649, 22.954192863664886 ], [ -109.877364782375082, 22.954047705296524 ], [ -109.878575007914321, 22.953947878554025 ], [ -109.879746667670517, 22.953793576411545 ], [ -109.880489208221491, 22.953636237524044 ], [ -109.881545168534061, 22.95331852402126 ], [ -109.882287556366393, 22.953179240065907 ], [ -109.883458761759996, 22.953079100715854 ], [ -109.884668383956864, 22.953051481188201 ], [ -109.887126047622786, 22.953068742393999 ], [ -109.888316164985582, 22.953040958167616 ], [ -109.889428850966652, 22.95294036440815 ], [ -109.890093209304482, 22.952800497257506 ], [ -109.890973596571314, 22.95248149143881 ], [ -109.891579288579379, 22.952359272402788 ], [ -109.892515979694025, 22.952311620782375 ], [ -109.893471441024573, 22.952354417750943 ], [ -109.895401138207546, 22.952530448457527 ], [ -109.896405732260376, 22.952528408306797 ], [ -109.897489811482231, 22.952346267654946 ], [ -109.898292013203061, 22.95204474177828 ], [ -109.899614531714519, 22.95132230205877 ], [ -109.900242199497384, 22.950893102473394 ], [ -109.900802690366405, 22.95032794972844 ], [ -109.901109175262746, 22.949815229629127 ], [ -109.901468138589749, 22.948842222790965 ], [ -109.90171610335446, 22.948329096027472 ], [ -109.902101035750647, 22.947762722595574 ], [ -109.902494624523797, 22.947331893156452 ], [ -109.903290454967134, 22.946605776078176 ], [ -109.903868455420266, 22.946284605713377 ], [ -109.904806629967723, 22.946047210833793 ], [ -109.905792255250901, 22.945972719912515 ], [ -109.907810959628165, 22.945986628701036 ], [ -109.908668211711145, 22.946109948046111 ], [ -109.909221264496168, 22.946466013186743 ], [ -109.909285765948212, 22.946936139373193 ], [ -109.908926211624404, 22.947990453235175 ], [ -109.908645330650245, 22.948516973454304 ], [ -109.908028238862414, 22.949293966937969 ], [ -109.907350171384422, 22.949930595457992 ], [ -109.905936664006248, 22.951058929798645 ], [ -109.905288489816769, 22.95161446381622 ], [ -109.904757487349457, 22.952152739318141 ], [ -109.904520660678656, 22.952494333119315 ], [ -109.904341185043663, 22.952980840150406 ], [ -109.904297373254281, 22.953576672177675 ], [ -109.904345414661918, 22.954877661290901 ], [ -109.904469297503624, 22.956450144275664 ], [ -109.904471138652454, 22.956469581964807 ], [ -109.90446806086905, 22.956603685512668 ], [ -109.904792330791253, 22.9599388579358 ], [ -109.90487592616013, 22.961569678190063 ], [ -109.904805303431914, 22.963172523493263 ], [ -109.90460194045076, 22.964200804714434 ], [ -109.904063458318959, 22.965660321363419 ], [ -109.903781764539588, 22.966724188788739 ], [ -109.903475167602906, 22.968456275264675 ], [ -109.903245864506118, 22.970279218496788 ], [ -109.902864540963463, 22.974015960256899 ], [ -109.902752706392519, 22.975785520138199 ], [ -109.90279854342981, 22.977357460141626 ], [ -109.902986777923999, 22.978207800551957 ], [ -109.903505649034088, 22.979186880946056 ], [ -109.903833296649466, 22.979685924669369 ], [ -109.904297365901726, 22.980203975627102 ], [ -109.904743167079189, 22.980568349716275 ], [ -109.90519960149895, 22.980868900803987 ], [ -109.905315272307547, 22.980996821305627 ], [ -109.906158913931264, 22.981625876319427 ], [ -109.906907486298692, 22.981947172528631 ], [ -109.907328816189448, 22.982047791412462 ], [ -109.907403745027466, 22.982104144178123 ], [ -109.908543096267778, 22.982355868047701 ], [ -109.909043653204265, 22.982498670614699 ], [ -109.909710484291878, 22.982761326224381 ], [ -109.910176687991523, 22.983017438131991 ], [ -109.910875127963294, 22.98350998544672 ], [ -109.911497849478337, 22.983712975317495 ], [ -109.912667572227605, 22.983829393850836 ], [ -109.913994387319491, 22.983820427879355 ], [ -109.916805105779289, 22.9836770837431 ], [ -109.918132639960888, 22.983577764576527 ], [ -109.91930452499733, 22.983423178760013 ], [ -109.91993013261748, 22.983264861834865 ], [ -109.920635069821643, 22.982944500540434 ], [ -109.921202001156757, 22.982803843490682 ], [ -109.922197859293945, 22.982702231608169 ], [ -109.923290692291062, 22.982673531136651 ], [ -109.925573335273796, 22.982689023905397 ], [ -109.926676137448993, 22.982633270568215 ], [ -109.927701898023642, 22.982450535199042 ], [ -109.928308695547628, 22.982201733823533 ], [ -109.929103324848398, 22.981638066716503 ], [ -109.929496791572362, 22.981225236292609 ], [ -109.929882564165581, 22.980550414216811 ], [ -109.930132051477301, 22.979838541608391 ], [ -109.93049473780853, 22.978377745693212 ], [ -109.930744359606678, 22.977647807873616 ], [ -109.931130541456199, 22.976918790480344 ], [ -109.931524556066634, 22.976433698867567 ], [ -109.932320415229611, 22.975707439276075 ], [ -109.932947392372185, 22.975368430871608 ], [ -109.934032467408841, 22.975077663095117 ], [ -109.935213949384078, 22.974932053504105 ], [ -109.937673320754726, 22.974785972006305 ], [ -109.938903357676097, 22.97466775727294 ], [ -109.940134097237149, 22.974459213678294 ], [ -109.940955292217041, 22.974229859964531 ], [ -109.942188134274133, 22.973750342258239 ], [ -109.942989672854921, 22.9735389113753 ], [ -109.944161450578235, 22.973384137217721 ], [ -109.94531287639488, 22.973337607777442 ], [ -109.947595378945906, 22.973352777556602 ], [ -109.94865880620533, 22.973332736757186 ], [ -109.949566583621703, 22.973257462989665 ], [ -109.950016118210257, 22.973152052185601 ], [ -109.950456944062097, 22.972911096171686 ], [ -109.950634333917492, 22.972677427674896 ], [ -109.950725678195383, 22.972217378991367 ], [ -109.950700529383923, 22.97168429983908 ], [ -109.950533740721511, 22.970545110978399 ], [ -109.950538761353968, 22.969894809966846 ], [ -109.950720608737967, 22.969083095700903 ], [ -109.951018664653603, 22.968380539057428 ], [ -109.951730977279169, 22.9670845810322 ], [ -109.952048252360456, 22.96641827876056 ], [ -109.952287772551628, 22.965715332235412 ], [ -109.952369699817496, 22.96521005753198 ], [ -109.952375962979772, 22.964397180233412 ], [ -109.952281906106734, 22.963944937280736 ], [ -109.951993474006017, 22.9634010854605 ], [ -109.951606812307475, 22.962946908060847 ], [ -109.950735264815151, 22.962128225009227 ], [ -109.950368675512209, 22.96160191813102 ], [ -109.950140449690821, 22.960841683334362 ], [ -109.950126660376114, 22.960100932788592 ], [ -109.950313513539513, 22.958638915728908 ], [ -109.950358102715015, 22.957916616205875 ], [ -109.950305020465464, 22.95721173507982 ], [ -109.950171962045388, 22.956759232718554 ], [ -109.949825870918573, 22.956106606343493 ], [ -109.949731129782279, 22.955744681667216 ], [ -109.949792995052505, 22.955311534428699 ], [ -109.949990843738206, 22.954951546842672 ], [ -109.950522521418307, 22.954304730016514 ], [ -109.950759517580607, 22.953926935446262 ], [ -109.950938830896348, 22.953440369723094 ], [ -109.951000690975519, 22.95300722170834 ], [ -109.951006958606939, 22.952194343517068 ], [ -109.950902951327237, 22.951769130994695 ], [ -109.950584663463289, 22.951306371285476 ], [ -109.950158192238234, 22.950960316814161 ], [ -109.949197070528555, 22.950384909790547 ], [ -109.948663536321945, 22.950011044961993 ], [ -109.948024053327927, 22.949464859592421 ], [ -109.947491783518615, 22.948928415501545 ], [ -109.946534463551657, 22.947865266640679 ], [ -109.94609018742031, 22.947302305037574 ], [ -109.945714671337271, 22.946676572123575 ], [ -109.945533085399958, 22.946196646303008 ], [ -109.945363842640162, 22.945382602169691 ], [ -109.945259577458799, 22.944993514325738 ], [ -109.945116023934389, 22.944640294973581 ], [ -109.944981033111702, 22.944440683865274 ], [ -109.944719614322779, 22.944195069702193 ], [ -109.944407264100491, 22.944229121848167 ], [ -109.943731629349259, 22.944576890703711 ], [ -109.942917916606248, 22.945122450250427 ], [ -109.941152393291432, 22.946411347979595 ], [ -109.940094498456375, 22.947000424616867 ], [ -109.93868635306265, 22.947478762271036 ], [ -109.937397343279102, 22.947686912508075 ], [ -109.934938463195621, 22.947833008620915 ], [ -109.933573266516348, 22.947805773359779 ], [ -109.931936563109417, 22.94757798588298 ], [ -109.930573925954107, 22.94722557556922 ], [ -109.92812273464601, 22.946396118675196 ], [ -109.926955308234895, 22.946026931734369 ], [ -109.925904202472637, 22.945748847817551 ], [ -109.925319781331908, 22.945654566559252 ], [ -109.924617620743518, 22.945649809171073 ], [ -109.924140404154784, 22.945565282547392 ], [ -109.923410916716776, 22.945316459961461 ], [ -109.922672323346603, 22.944986280753735 ], [ -109.921186039904342, 22.94424455897326 ], [ -109.920652610145609, 22.943870603463498 ], [ -109.920538593612662, 22.943490467580752 ], [ -109.92088199240446, 22.943230864003816 ], [ -109.922026200657811, 22.942832183521094 ], [ -109.922612608691438, 22.942673582984686 ], [ -109.923227628403083, 22.942596465935463 ], [ -109.923666254443148, 22.942626538870282 ], [ -109.924367114481626, 22.942793874308947 ], [ -109.924815422229926, 22.94283304211751 ], [ -109.925459483964147, 22.94278321037195 ], [ -109.926084611373682, 22.942660988653753 ], [ -109.927315928543791, 22.942344150475726 ], [ -109.927932225346652, 22.94210444039966 ], [ -109.928549799749106, 22.941702153165316 ], [ -109.928962793182436, 22.94127138554655 ], [ -109.929584195960345, 22.940381369739736 ], [ -109.929861224317548, 22.93987742305907 ], [ -109.930070910776223, 22.939255600451787 ], [ -109.930143361014288, 22.938723176522831 ], [ -109.930151026343694, 22.937747727526698 ], [ -109.930223333273815, 22.937233367292652 ], [ -109.930432587788644, 22.936665735413595 ], [ -109.930709037453823, 22.936234042128156 ], [ -109.930935738254703, 22.9359680931484 ], [ -109.931292652928008, 22.935549383805117 ], [ -109.931329128698323, 22.935506592579365 ], [ -109.931359189963658, 22.935480458767803 ], [ -109.931366619553742, 22.935473999838663 ], [ -109.931741527122995, 22.93514807190008 ], [ -109.932152931753492, 22.934915997280083 ], [ -109.932358633553832, 22.934799959547764 ], [ -109.932677562613094, 22.934685214266175 ], [ -109.932810716284706, 22.934637307576274 ], [ -109.933785461283861, 22.934412123710565 ], [ -109.934888435467343, 22.934284042390871 ], [ -109.937171544154282, 22.93413676240905 ], [ -109.938284194960076, 22.934017754537322 ], [ -109.938737891708243, 22.933927550521918 ], [ -109.938801795558064, 22.933921859017307 ], [ -109.939944611993411, 22.93368561936613 ], [ -109.94100029428671, 22.93336749808816 ], [ -109.942949542832693, 22.932675959827257 ], [ -109.943024513552984, 22.93264936170776 ], [ -109.943908159426627, 22.931878452541262 ], [ -109.944534881120077, 22.930283876983591 ], [ -109.94469577491607, 22.928397163898289 ], [ -109.94455174708007, 22.924331601188594 ], [ -109.944400609833323, 22.922442812532378 ], [ -109.944170774618627, 22.921253603057238 ], [ -109.944091228034679, 22.920842010077706 ], [ -109.943726729714442, 22.920062794380883 ], [ -109.94294261788518, 22.919325947762371 ], [ -109.942419180422462, 22.918925034603696 ], [ -109.941632977864032, 22.918459141681936 ], [ -109.940846078816548, 22.918083564938144 ], [ -109.93927159112468, 22.917422720045202 ], [ -109.93843658700635, 22.916965518322051 ], [ -109.937506058322157, 22.916254764673461 ], [ -109.936790182808423, 22.91552737794305 ], [ -109.935573095759125, 22.914055969096633 ], [ -109.934876741876892, 22.913328705038186 ], [ -109.934004756042256, 22.912618324440881 ], [ -109.933247798415266, 22.912161620354183 ], [ -109.931848914573521, 22.911501883787107 ], [ -109.931004860126421, 22.910963291682645 ], [ -109.929871581969451, 22.910007254780055 ], [ -109.928826846958387, 22.908952450344874 ], [ -109.926825952352104, 22.906744063441753 ], [ -109.92580318354068, 22.905382285606485 ], [ -109.924735747848459, 22.903505350239378 ], [ -109.923979456068125, 22.901738904700654 ], [ -109.923378738576702, 22.900027704523673 ], [ -109.923123859576677, 22.898969181874691 ], [ -109.922820240148496, 22.897910328452298 ], [ -109.922419137788978, 22.896850813534684 ], [ -109.922054252710666, 22.896143808587855 ], [ -109.921360702936198, 22.895082307438017 ], [ -109.92101606763903, 22.894636000094074 ], [ -109.920598066874192, 22.894018114555596 ], [ -109.92016524438263, 22.893385123485036 ], [ -109.919420002563371, 22.892452655213113 ], [ -109.918832192758515, 22.891694438932877 ], [ -109.918366169586875, 22.891063790751836 ], [ -109.917754058884185, 22.890098981660117 ], [ -109.91714384927684, 22.889242155471859 ], [ -109.916703467808759, 22.888784287770292 ], [ -109.91747815040695, 22.888031802381196 ], [ -109.918228251233728, 22.886850529647564 ], [ -109.918564979042273, 22.886184419466474 ], [ -109.918863641831351, 22.885400627752414 ], [ -109.919024686748187, 22.884760418908083 ], [ -109.919209158789542, 22.883623584273881 ], [ -109.919253441389884, 22.882955483883425 ], [ -109.919201819747784, 22.882088017617605 ], [ -109.919071502573971, 22.881310340866012 ], [ -109.918732176831398, 22.879844776460196 ], [ -109.918513922267607, 22.879093598614695 ], [ -109.918408775199765, 22.878830942332986 ], [ -109.918314163001753, 22.87846900064384 ], [ -109.91812322249335, 22.877961884337473 ], [ -109.917777471380404, 22.877309195135645 ], [ -109.91746863610102, 22.876918697698585 ], [ -109.917083040084663, 22.876480374756238 ], [ -109.916736763622424, 22.87614297717764 ], [ -109.916346336570427, 22.87585425751713 ], [ -109.915648257828323, 22.87541035887255 ], [ -109.915182377302258, 22.875164835300925 ], [ -109.914364883438282, 22.874700815166868 ], [ -109.9137373874361, 22.874363057585626 ], [ -109.91326068067454, 22.874127470589741 ], [ -109.912240202746915, 22.87354350624992 ], [ -109.911270142135038, 22.873123168725495 ], [ -109.912773132937147, 22.873168945239485 ], [ -109.914006551582759, 22.873305679576511 ], [ -109.915511474915562, 22.873452746691449 ], [ -109.916959611678635, 22.873500963970354 ], [ -109.919776580763568, 22.873511087870046 ], [ -109.926181042987295, 22.873473162473033 ], [ -109.929183143216932, 22.873493401933384 ], [ -109.931784980175664, 22.873592189468997 ], [ -109.931920043487082, 22.873606811147773 ], [ -109.931775162431308, 22.873601156020666 ], [ -109.933119274805861, 22.873736632340602 ], [ -109.934520322891814, 22.874071193639676 ], [ -109.935669500498904, 22.874205342645563 ], [ -109.937715982446605, 22.874273218922571 ], [ -109.939977606564284, 22.874252177869259 ], [ -109.94471599289858, 22.874121101584109 ], [ -109.946919134666032, 22.874099573639807 ], [ -109.948790177446497, 22.874166145815199 ], [ -109.949705441405243, 22.874298647661075 ], [ -109.949709491164427, 22.874300179824061 ], [ -109.950142815946023, 22.874464120685403 ], [ -109.95058019159039, 22.874629592542917 ], [ -109.951320010411095, 22.874760927540457 ], [ -109.952664714901019, 22.874823983212611 ], [ -109.954166069005751, 22.874797732357894 ], [ -109.957325423103597, 22.874655889662286 ], [ -109.95804837621597, 22.874652147893858 ], [ -109.95970320416383, 22.874743720054159 ], [ -109.961222129792887, 22.87497042872414 ], [ -109.962446583077281, 22.875466178753676 ], [ -109.963184500092112, 22.875850357987737 ], [ -109.964173798137054, 22.876507147842602 ], [ -109.965084715431004, 22.8772176170528 ], [ -109.966828188036274, 22.878692226732735 ], [ -109.967777987828555, 22.87942099889856 ], [ -109.968883897200726, 22.88013271283063 ], [ -109.969777276430406, 22.880590130984576 ], [ -109.971351507454841, 22.881250666346876 ], [ -109.972167464263904, 22.881635310125198 ], [ -109.973041097454256, 22.882128713087486 ], [ -109.973681195502039, 22.882566408849208 ], [ -109.974220632003082, 22.882988864039643 ], [ -109.97462708500197, 22.883363729303717 ], [ -109.974902330395025, 22.883618997208579 ], [ -109.975346179701233, 22.884031345802669 ], [ -109.974701032938057, 22.885324025243744 ], [ -109.973829041516439, 22.887600292172614 ], [ -109.972738534903684, 22.889948953218042 ], [ -109.969179371530473, 22.896510637184871 ], [ -109.967596997832004, 22.899481102384065 ], [ -109.966409246899104, 22.901830871676982 ], [ -109.96601208792579, 22.902776703087142 ], [ -109.966008390059656, 22.903264435379146 ], [ -109.965927929965929, 22.903589082660837 ], [ -109.965872256506614, 22.903702969558218 ], [ -109.965690246448844, 22.904075291936238 ], [ -109.965374565842026, 22.904560992910007 ], [ -109.964665201866239, 22.905531884417471 ], [ -109.964290056551164, 22.906143650687973 ], [ -109.963873987781156, 22.907008059511323 ], [ -109.963555684655944, 22.907836974765786 ], [ -109.963016838644023, 22.909459310873324 ], [ -109.962619425826617, 22.910432227413402 ], [ -109.961966033874575, 22.911728640440902 ], [ -109.961274454953184, 22.91291641043258 ], [ -109.959853086465827, 22.915183299550709 ], [ -109.959240714130985, 22.916208992852255 ], [ -109.958824994451348, 22.917019192803913 ], [ -109.958744507880567, 22.917343834965951 ], [ -109.958918771529511, 22.917507562282196 ], [ -109.958719072314864, 22.918120462715169 ], [ -109.957945697584634, 22.919795433607124 ], [ -109.956856411626589, 22.921974144141767 ], [ -109.954361819094629, 22.926835275598425 ], [ -109.953282097438489, 22.92902305174594 ], [ -109.952537634654718, 22.930725278181523 ], [ -109.952376612388221, 22.931374553252962 ], [ -109.952638021921373, 22.931620154789883 ], [ -109.952988097081828, 22.931748918675186 ], [ -109.95377691359711, 22.931889606487882 ], [ -109.954741533474419, 22.931995318243274 ], [ -109.956846579828223, 22.932171749790697 ], [ -109.957898621696629, 22.932323179329174 ], [ -109.958949699559938, 22.932601050337102 ], [ -109.959649454668806, 22.932912742273857 ], [ -109.96069764594229, 22.933569947215222 ], [ -109.961436278506454, 22.933899951016599 ], [ -109.962603982100035, 22.934232756285081 ], [ -109.963811522726942, 22.934457423348519 ], [ -109.966266446246138, 22.934798599842107 ], [ -109.967425172579453, 22.935031954292572 ], [ -109.968446422551693, 22.935390861915781 ], [ -109.96898977841289, 22.935755692078427 ], [ -109.969598596614574, 22.936491277762222 ], [ -109.96988732135496, 22.936998971662806 ], [ -109.970144674902485, 22.937786468865564 ], [ -109.970284872233691, 22.938591270570967 ], [ -109.970448110867707, 22.940218178505713 ], [ -109.970588448502482, 22.941004915758366 ], [ -109.970846222468708, 22.941738219561223 ], [ -109.97113550841469, 22.942173655039888 ], [ -109.971745593957493, 22.942746656462749 ], [ -109.972211652104406, 22.943020650570112 ], [ -109.972270028851966, 22.943039093650714 ], [ -109.972999739599459, 22.94326963039088 ], [ -109.973233247587316, 22.943343401456467 ], [ -109.974314178378108, 22.943558139477442 ], [ -109.976593757487777, 22.943898027966494 ], [ -109.977550656269045, 22.944088104317373 ], [ -109.978169963407353, 22.944395941149889 ], [ -109.979305496957068, 22.945134882539705 ], [ -109.979828197842693, 22.94566212940223 ], [ -109.980260762071765, 22.946504933050694 ], [ -109.980459000201591, 22.947382360023248 ], [ -109.980621149091746, 22.949171837736024 ], [ -109.980731685907145, 22.950039668215936 ], [ -109.98090114649473, 22.950853682088841 ], [ -109.981073043982803, 22.951342541355643 ], [ -109.981419276786838, 22.951995104950583 ], [ -109.981660596990551, 22.952330856827469 ], [ -109.982038323962058, 22.952685548759661 ], [ -109.982426548955431, 22.952940949648987 ], [ -109.983213498900099, 22.953352458444687 ], [ -109.983738674668942, 22.953554538978029 ], [ -109.984527250389064, 22.953749271722398 ], [ -109.985316367455127, 22.953871744011728 ], [ -109.98689514443042, 22.954044420314464 ], [ -109.987664625325934, 22.954184820634786 ], [ -109.988394289791884, 22.954433353497603 ], [ -109.988840916411235, 22.954707176596248 ], [ -109.989451133370423, 22.955280113738965 ], [ -109.989759476944855, 22.955787898667623 ], [ -109.990074290049776, 22.956738317394304 ], [ -109.990290635650425, 22.957814563862911 ], [ -109.990624863008179, 22.960092884296056 ], [ -109.990841217230525, 22.961169129911301 ], [ -109.991156048879361, 22.962119546569742 ], [ -109.991464413404657, 22.962627328532324 ], [ -109.992074675991191, 22.963200256677581 ], [ -109.992521338513086, 22.963474070403137 ], [ -109.993251061923971, 22.963722582724689 ], [ -109.994020605014455, 22.963862954219774 ], [ -109.995599512116982, 22.964035548174358 ], [ -109.996388700752092, 22.964157967689413 ], [ -109.997177358060839, 22.964352640105009 ], [ -109.997702598306844, 22.964554676367928 ], [ -109.998489663379232, 22.964966112799814 ], [ -109.998877955046794, 22.965221475371809 ], [ -109.99925576304139, 22.965576128598325 ], [ -109.999497151120863, 22.965911855191663 ], [ -109.999843508202702, 22.96656438184797 ], [ -110.000015492156066, 22.967053222759464 ], [ -110.000185086008074, 22.967867219171062 ], [ -110.000295758487525, 22.968735038986932 ], [ -110.000458183057873, 22.970524501875591 ], [ -110.000598188093761, 22.971383473731752 ], [ -110.000855778297918, 22.972170926426742 ], [ -110.001145090539865, 22.97262437546275 ], [ -110.00175543861404, 22.973197268662876 ], [ -110.002182644856234, 22.973470933825549 ], [ -110.002624632337742, 22.973634293424091 ], [ -110.002960351730934, 22.973837127991793 ], [ -110.003631623990429, 22.97408522671849 ], [ -110.004206544686411, 22.974170132035468 ], [ -110.005260033075103, 22.974176746436804 ], [ -110.005854596616302, 22.974243704027415 ], [ -110.006584800067742, 22.974437964866752 ], [ -110.007207243684547, 22.974694775213838 ], [ -110.008344376192028, 22.975270942371466 ], [ -110.0088678316488, 22.975725842699621 ], [ -110.009301062187149, 22.976514381044339 ], [ -110.009352891012583, 22.976738648769196 ], [ -110.009357725268586, 22.976759566969598 ], [ -110.009359297968203, 22.976766372161432 ], [ -110.009359834535317, 22.976768693928367 ], [ -110.009499656657425, 22.977373712394137 ], [ -110.009662208488436, 22.979163168546055 ], [ -110.009830687879216, 22.980139734030161 ], [ -110.010116427271129, 22.981089934169525 ], [ -110.010210358520936, 22.981587309718659 ], [ -110.010553252620582, 22.982727549039563 ], [ -110.010899308769169, 22.983434246218771 ], [ -110.011594586095754, 22.984414097023652 ], [ -110.011894514467471, 22.985032535498224 ], [ -110.012110598402842, 22.985898648779916 ], [ -110.012201058237807, 22.986874725234724 ], [ -110.01218805152341, 22.988663083443679 ], [ -110.012220767357078, 22.989530409356981 ], [ -110.012331923196939, 22.99034402908563 ], [ -110.012484467767976, 22.990832736011267 ], [ -110.012830947038751, 22.991485236672254 ], [ -110.013111042334714, 22.991875380050686 ], [ -110.01360484929593, 22.99239330902709 ], [ -110.014147767368229, 22.992866379570177 ], [ -110.01528272222815, 22.99376765804432 ], [ -110.016017425602897, 22.994315244998873 ], [ -110.0164771464529, 22.994614896040236 ], [ -110.016534651595762, 22.994652378516708 ], [ -110.016584476117558, 22.994684854690927 ], [ -110.016605728141244, 22.994698706985602 ], [ -110.016675780896961, 22.99474147818103 ], [ -110.016706765108168, 22.99475705024394 ], [ -110.016741900146755, 22.994771933414889 ], [ -109.982634738837504, 23.007695636299434 ], [ -109.910538569012573, 23.106102478493899 ], [ -109.819304638344548, 23.081739468356844 ] ] ] ] } },
{ "type": "Feature", "properties": { "fid": 1.0, "cat": 2, "NOM_ACUIF": "CABO SAN LUCAS", "CLAVE_ACUI": "0317", "VULNERABIL": 2 }, "geometry": { "type": "MultiPolygon", "coordinates": [ [ [ [ -109.726094149341364, 23.033013481944629 ], [ -109.724551686125736, 23.03067636926734 ], [ -109.723164168089156, 23.028216388170758 ], [ -109.722415259620163, 23.026918788632823 ], [ -109.721375776876968, 23.025393041965334 ], [ -109.72135639621969, 23.025368503821682 ], [ -109.720392217242676, 23.02414772848303 ], [ -109.71848104694196, 23.021937524824502 ], [ -109.717570126619265, 23.021270821245096 ], [ -109.716655067291995, 23.020514171552012 ], [ -109.715446471764878, 23.019800186229791 ], [ -109.715751647760754, 23.018836975548627 ], [ -109.71569824119122, 23.01838493309674 ], [ -109.715644835873221, 23.017480850057623 ], [ -109.716079710935844, 23.016355515667886 ], [ -109.716392516109963, 23.0157432562889 ], [ -109.716766358055565, 23.014898300641892 ], [ -109.71696472107881, 23.013998031712251 ], [ -109.717216490404738, 23.013267517880543 ], [ -109.717155455501597, 23.012418747889935 ], [ -109.716857910447004, 23.011285783034946 ], [ -109.716499327645877, 23.011228561427181 ], [ -109.716186522179058, 23.011054993508068 ], [ -109.715827942354807, 23.010997772062449 ], [ -109.71559143053851, 23.010707856599144 ], [ -109.715591430798355, 23.010482962886034 ], [ -109.715591429426468, 23.010318756877489 ], [ -109.715354919352166, 23.009973526845567 ], [ -109.715225219118892, 23.009639740106788 ], [ -109.714569091907421, 23.008783341601827 ], [ -109.714141845153449, 23.008726120453403 ], [ -109.713661192498733, 23.008495330418882 ], [ -109.713119506863492, 23.007923126597952 ], [ -109.712692259993403, 23.007585524930771 ], [ -109.712265014632379, 23.007291794845564 ], [ -109.712081908464469, 23.007011413399717 ], [ -109.711967468477397, 23.006505966590012 ], [ -109.712089538989147, 23.006000518670799 ], [ -109.712089538654411, 23.005828857382546 ], [ -109.712654113325911, 23.005380631375672 ], [ -109.713150024180791, 23.004707336495457 ], [ -109.713638304686398, 23.004314424058347 ], [ -109.714614866990686, 23.004041672757268 ], [ -109.715957641320898, 23.00337600827708 ], [ -109.717369079398821, 23.002763747687546 ], [ -109.718109130860981, 23.002489089925977 ], [ -109.719444273979505, 23.001823425021321 ], [ -109.720184326232143, 23.001485825214303 ], [ -109.720916746604061, 23.001102447446542 ], [ -109.721656797979094, 23.000541688182775 ], [ -109.722518920295911, 23.000005721807099 ], [ -109.722999572660157, 22.999359131258849 ], [ -109.723236083796024, 22.998737334752875 ], [ -109.723526000875779, 22.998678206892802 ], [ -109.723510741218064, 22.997476578015124 ], [ -109.723236084275428, 22.9973297127456 ], [ -109.723289488097336, 22.996706010115947 ], [ -109.723564146493814, 22.996456146165841 ], [ -109.724250792664847, 22.996425629254851 ], [ -109.724739075518499, 22.996030807532996 ], [ -109.725852965230487, 22.995941162298156 ], [ -109.726066589012703, 22.995599748215859 ], [ -109.726226805455283, 22.995502472982704 ], [ -109.726280213083541, 22.994363785643845 ], [ -109.726654051755361, 22.993797302247945 ], [ -109.727676391532924, 22.993741988333507 ], [ -109.729324340255488, 22.992942809657919 ], [ -109.729469298218746, 22.992004394229934 ], [ -109.729873656402887, 22.991962433599806 ], [ -109.730422972585515, 22.991317749915261 ], [ -109.73043823193386, 22.990060807526188 ], [ -109.731689453265432, 22.989845276649501 ], [ -109.731895446379127, 22.9893245692665 ], [ -109.732391357351503, 22.988721847342443 ], [ -109.733886718843294, 22.988554001787442 ], [ -109.735527036967284, 22.98818779075031 ], [ -109.737396240496238, 22.987487793754152 ], [ -109.739723204172378, 22.987199783671723 ], [ -109.740943907026406, 22.98665809649961 ], [ -109.744148254213087, 22.986486435995779 ], [ -109.746429442659803, 22.986206054979778 ], [ -109.750045775554668, 22.985918046204493 ], [ -109.752044678161525, 22.985546112516673 ], [ -109.75494384711773, 22.984836578420577 ], [ -109.758117674764748, 22.983425140829052 ], [ -109.758926391640813, 22.983333588003738 ], [ -109.759590149317731, 22.982803345807021 ], [ -109.759971618549415, 22.982130050459386 ], [ -109.760826109756678, 22.980899811124289 ], [ -109.761817931358081, 22.980319976756579 ], [ -109.763198851871437, 22.979671479935249 ], [ -109.763565062238186, 22.978996277768122 ], [ -109.763458250514304, 22.978435515910984 ], [ -109.763145446986258, 22.977565766570045 ], [ -109.763641356448332, 22.977552414132159 ], [ -109.764015196335137, 22.97778129663666 ], [ -109.765174865647253, 22.977590561446135 ], [ -109.76515960773861, 22.976453780923983 ], [ -109.765945434044838, 22.97588157609869 ], [ -109.767181395257552, 22.97557640018869 ], [ -109.768211365213716, 22.975185394239094 ], [ -109.769340515281598, 22.974678039904664 ], [ -109.77153777975829, 22.974506378119372 ], [ -109.773040771216301, 22.974327088516951 ], [ -109.775039672732575, 22.973855971868055 ], [ -109.777000427654102, 22.972896575614378 ], [ -109.77936553841451, 22.971677780207798 ], [ -109.780029297683527, 22.971086501844944 ], [ -109.783004759636512, 22.969970703612201 ], [ -109.785079956089476, 22.969156265687225 ], [ -109.786796568382471, 22.968111038121684 ], [ -109.787791478611524, 22.968991542260703 ], [ -109.788639292055052, 22.969661936918861 ], [ -109.789518075363659, 22.970325775863476 ], [ -109.790777627098066, 22.971457353319508 ], [ -109.791668858440971, 22.972150586633543 ], [ -109.792862544783489, 22.972837086654177 ], [ -109.793960789419117, 22.973288017927636 ], [ -109.796061843309928, 22.973954299395309 ], [ -109.797249411910414, 22.974234277341591 ], [ -109.798711052199664, 22.97440793885173 ], [ -109.79995954703098, 22.97441739585383 ], [ -109.802243386129433, 22.974272092152297 ], [ -109.803375789156391, 22.974172259756187 ], [ -109.804489159885151, 22.974018083063335 ], [ -109.805212374539408, 22.973860958136083 ], [ -109.806268646125716, 22.97354376049449 ], [ -109.806866008371969, 22.973277294766593 ], [ -109.80760182318005, 22.972795097621479 ], [ -109.808230816789603, 22.972257901135091 ], [ -109.809381973445483, 22.971128505048625 ], [ -109.810551974365211, 22.970359771185677 ], [ -109.811174329852136, 22.970731122283613 ], [ -109.812422459186877, 22.971519945315581 ], [ -109.813384637543564, 22.97203186268964 ], [ -109.814663223438174, 22.972576872787585 ], [ -109.815703729959765, 22.973058087452291 ], [ -109.81604530662014, 22.97323773522724 ], [ -109.817240313427718, 22.973788583992732 ], [ -109.818047372496025, 22.974083632069171 ], [ -109.819273540517258, 22.974417927129405 ], [ -109.819877029853174, 22.974566935470111 ], [ -109.820461326249671, 22.97467967018806 ], [ -109.820831663302073, 22.97471855415511 ], [ -109.821358377426549, 22.974722471582432 ], [ -109.822113255204712, 22.975027365965747 ], [ -109.82298103247355, 22.975457100345437 ], [ -109.824554154030153, 22.976281667121942 ], [ -109.825380026320445, 22.976723335991874 ], [ -109.826261825001097, 22.977342051107108 ], [ -109.826492415149616, 22.977750205172839 ], [ -109.826714968120399, 22.977959592210837 ], [ -109.827102018398179, 22.978323742891497 ], [ -109.827471432730661, 22.978470990665826 ], [ -109.827970068451719, 22.978339196644487 ], [ -109.828431711005265, 22.977972291660834 ], [ -109.829317995052349, 22.977003368075039 ], [ -109.829926485819811, 22.976574317874597 ], [ -109.830865679787578, 22.976256090748794 ], [ -109.831822514414185, 22.9761547597505 ], [ -109.833753828128579, 22.976168982040896 ], [ -109.834641297717013, 22.976193573852466 ], [ -109.835372392279439, 22.976253140446289 ], [ -109.835703413496972, 22.976327829714918 ], [ -109.835965382483224, 22.976492332884781 ], [ -109.836061608809331, 22.976646586423715 ], [ -109.836088318428423, 22.976944844137108 ], [ -109.836036607722491, 22.977287686795393 ], [ -109.835854764506166, 22.978017956827436 ], [ -109.835829994032125, 22.97863196221385 ], [ -109.835937528133556, 22.979743708475379 ], [ -109.836141524949369, 22.98098261333303 ], [ -109.836645991766659, 22.983587580646653 ], [ -109.836985560341063, 22.984944897649331 ], [ -109.837499794843382, 22.986411881457709 ], [ -109.838017285197296, 22.987499536813129 ], [ -109.839055532571962, 22.989295516005114 ], [ -109.839604086029397, 22.990175654484702 ], [ -109.840211486199621, 22.991020093378935 ], [ -109.840675263670349, 22.991547353423996 ], [ -109.841459196640983, 22.992284693671017 ], [ -109.841885348472744, 22.992649096261445 ], [ -109.842379867072083, 22.993004965216201 ], [ -109.84277791216563, 22.993233677644376 ], [ -109.84347752944106, 22.99356394496667 ], [ -109.843964376524042, 22.993675884641142 ], [ -109.84435459279652, 22.993678731888465 ], [ -109.844725298312838, 22.993681435883502 ], [ -109.845506652713254, 22.99357874632852 ], [ -109.847089789569324, 22.993265118100179 ], [ -109.847862381225553, 22.993044934693927 ], [ -109.848597021314063, 22.992698021076549 ], [ -109.849048829787733, 22.992340017100659 ], [ -109.849669613064549, 22.991612919328084 ], [ -109.849965942982735, 22.99118152596364 ], [ -109.850234152385539, 22.990614445098487 ], [ -109.850384838695717, 22.990100704032919 ], [ -109.850568687805151, 22.989126561799431 ], [ -109.850727215251453, 22.988838681816134 ], [ -109.85101895078391, 22.988949184045051 ], [ -109.851346651566374, 22.989421234076239 ], [ -109.85203802661502, 22.990726880493892 ], [ -109.852401550252338, 22.991578540025621 ], [ -109.852800742118845, 22.992827873395505 ], [ -109.853102538758435, 22.994058436305675 ], [ -109.853608743055759, 22.996500791188105 ], [ -109.853830372618262, 22.997983673604026 ], [ -109.853989048394638, 22.999989966737587 ], [ -109.854031875162406, 23.001850906206194 ], [ -109.854001673466655, 23.005427430688723 ], [ -109.854017288914221, 23.007044303306959 ], [ -109.85409434156476, 23.008318397660624 ], [ -109.854207148235417, 23.008825015817195 ], [ -109.854468515637336, 23.009070775785979 ], [ -109.854614635128854, 23.00909892945171 ], [ -109.854791625290105, 23.008937630601931 ], [ -109.854940488806605, 23.008640645484192 ], [ -109.855210087433008, 23.00791098869815 ], [ -109.855311766682931, 23.007423986229757 ], [ -109.855347207470388, 23.00669263597889 ], [ -109.855304597066592, 23.005960721414418 ], [ -109.855141327305233, 23.004496327837156 ], [ -109.855108245732012, 23.00379157851982 ], [ -109.855172268408865, 23.00314172427084 ], [ -109.85531205364741, 23.002763383078754 ], [ -109.855667385468351, 23.0022782132007 ], [ -109.855808234319198, 23.001773428546695 ], [ -109.855875449850643, 23.000744244948319 ], [ -109.855846627795103, 22.999533723631657 ], [ -109.855692949389706, 22.996931342914465 ], [ -109.855568094927193, 22.995539483444919 ], [ -109.855347210427482, 22.993966285981063 ], [ -109.855103925664011, 22.992736149558937 ], [ -109.854594962620951, 22.990618936995403 ], [ -109.854253147379239, 22.989505505361407 ], [ -109.85373666100989, 22.988282423060056 ], [ -109.853217666951039, 22.987357383507003 ], [ -109.852391237694192, 22.986124645051344 ], [ -109.85217718074766, 22.985805344031117 ], [ -109.85182266365652, 22.985044071161109 ], [ -109.851799583115564, 22.984312296100168 ], [ -109.852115627848718, 22.983853943837588 ], [ -109.853086836505256, 22.983210657898866 ], [ -109.85365519965481, 22.982907675664286 ], [ -109.854389084665613, 22.982642016801101 ], [ -109.855043864196347, 22.982502233775602 ], [ -109.856274318039269, 22.982348539464134 ], [ -109.856890000063061, 22.982217498715997 ], [ -109.857506592466407, 22.981978075567682 ], [ -109.857918564033184, 22.98171007877286 ], [ -109.858537884287415, 22.981145511421143 ], [ -109.85881495680772, 22.980677831693512 ], [ -109.859026855647173, 22.979839361323588 ], [ -109.859102948356949, 22.978909590757119 ], [ -109.859119328353543, 22.976958749417353 ], [ -109.859205702824127, 22.975965826861639 ], [ -109.859448444749134, 22.974937900428099 ], [ -109.859766638616009, 22.974217611766008 ], [ -109.860478472862781, 22.973084670091112 ], [ -109.860796807967517, 22.972346315432802 ], [ -109.861039984304142, 22.97126419523924 ], [ -109.861126944585862, 22.970199016724113 ], [ -109.861144650539643, 22.968085601437281 ], [ -109.86106556943885, 22.967046326413382 ], [ -109.860810623869583, 22.966041916757067 ], [ -109.860464797518333, 22.965407175247083 ], [ -109.859682268582404, 22.964507358264939 ], [ -109.859218047407197, 22.964034342973985 ], [ -109.858607909095284, 22.963515114984514 ], [ -109.858055233092372, 22.96312274984481 ], [ -109.857007347155402, 22.962464879497219 ], [ -109.856268989919457, 22.962116331063491 ], [ -109.855101801944087, 22.961728554928499 ], [ -109.853894847314393, 22.961430805256228 ], [ -109.851441180026157, 22.960925313092101 ], [ -109.850047024430921, 22.960851984111098 ], [ -109.848318207367967, 22.961137501404192 ], [ -109.846830990358995, 22.961686690718153 ], [ -109.844098125213705, 22.963048721093312 ], [ -109.8427451111246, 22.963869814835878 ], [ -109.841418955191614, 22.964971090655439 ], [ -109.840561711869711, 22.965985462222111 ], [ -109.839316127795485, 22.967927301377635 ], [ -109.839202072646543, 22.968147754902066 ], [ -109.83885990490073, 22.968809114855954 ], [ -109.838609616643765, 22.969499999285862 ], [ -109.838526035046158, 22.969979553970102 ], [ -109.838273867909777, 22.970042230597169 ], [ -109.83715777531917, 22.970521785665422 ], [ -109.835932991628539, 22.971163113650906 ], [ -109.833374702774179, 22.972607518821654 ], [ -109.832072007400072, 22.97323017781255 ], [ -109.831486218350932, 22.973414015873384 ], [ -109.830748536040019, 22.97357225250866 ], [ -109.830219170943053, 22.973639881956082 ], [ -109.829792829245761, 22.973669469659285 ], [ -109.828680550819229, 22.973591341454249 ], [ -109.82805856499742, 22.973587955349604 ], [ -109.827581401363133, 22.973639603649463 ], [ -109.827270912272795, 22.973668635158184 ], [ -109.826903918415383, 22.973644958135125 ], [ -109.826437164474385, 22.973579574444926 ], [ -109.825911034539274, 22.973416185920101 ], [ -109.82563863275314, 22.97330762470844 ], [ -109.824671310367165, 22.972886449177889 ], [ -109.82401663361496, 22.972579960379246 ], [ -109.823573503803132, 22.97237250560498 ], [ -109.820862065993666, 22.971214310505012 ], [ -109.820461032531711, 22.971028821988039 ], [ -109.819472776331409, 22.9705717211306 ], [ -109.818016324449331, 22.969802169347499 ], [ -109.817971666783009, 22.96977463885548 ], [ -109.816978191411366, 22.969162176608133 ], [ -109.815231146047267, 22.968095655855649 ], [ -109.814479527355687, 22.967640767008373 ], [ -109.814135616490063, 22.967404321166381 ], [ -109.813738658936444, 22.967082146390393 ], [ -109.814168034425904, 22.965916711938814 ], [ -109.81453191071347, 22.96445622743607 ], [ -109.814695362843992, 22.96360842873802 ], [ -109.81482184702331, 22.962525517877101 ], [ -109.814869202893277, 22.961568465290259 ], [ -109.814884786906021, 22.959780218335226 ], [ -109.814834612404738, 22.958822436551522 ], [ -109.814668507417963, 22.957737338291995 ], [ -109.814441842045611, 22.956886622820399 ], [ -109.813927956354917, 22.955419573826386 ], [ -109.813593470008385, 22.954631275909325 ], [ -109.813103893894748, 22.953733431236373 ], [ -109.812622421024685, 22.95302532081017 ], [ -109.811667585669781, 22.951798831623194 ], [ -109.811078220874478, 22.95116216570182 ], [ -109.810264956009746, 22.950478658009146 ], [ -109.809498879581454, 22.949976143254638 ], [ -109.808013921974052, 22.949152100453443 ], [ -109.806897119679121, 22.948574474085458 ], [ -109.806142222442858, 22.948090090731963 ], [ -109.806142222376451, 22.948090090645817 ], [ -109.80612182658011, 22.947637557714614 ], [ -109.806282042416782, 22.946844101184677 ], [ -109.806823730402897, 22.946451188043262 ], [ -109.806983948506357, 22.945909500914535 ], [ -109.80683135994343, 22.945383071667219 ], [ -109.806594847731034, 22.94474220411816 ], [ -109.806411742690571, 22.944505692509715 ], [ -109.807167053306941, 22.944231032846197 ], [ -109.807044982355151, 22.943542480422465 ], [ -109.806716917687197, 22.94315147553959 ], [ -109.806694030178278, 22.942096710336457 ], [ -109.806480407272147, 22.942029952688294 ], [ -109.80646514762465, 22.94097328246529 ], [ -109.805656433186542, 22.940334319931612 ], [ -109.8055725094259, 22.940027236719661 ], [ -109.806335448342992, 22.940185548388595 ], [ -109.80696105965373, 22.940128326438316 ], [ -109.806922912416439, 22.939395905521398 ], [ -109.806999207249476, 22.93861007809296 ], [ -109.80724334735028, 22.938611984676477 ], [ -109.807197571272638, 22.938016892138201 ], [ -109.806007384558725, 22.937276839792112 ], [ -109.805992126509196, 22.936822891390506 ], [ -109.806236266535919, 22.936780930721966 ], [ -109.806274414323426, 22.93593216057187 ], [ -109.806587218368605, 22.93555450411651 ], [ -109.806961058610298, 22.935035704999652 ], [ -109.807258606205636, 22.93500900271718 ], [ -109.807266235619451, 22.933420181661734 ], [ -109.807571410926414, 22.932744981195796 ], [ -109.808761596495188, 22.932979584005025 ], [ -109.810157776266706, 22.93299865796449 ], [ -109.810806273800637, 22.931747436768056 ], [ -109.811668395157596, 22.930896760428794 ], [ -109.812156676572158, 22.930593492047016 ], [ -109.811958313156438, 22.930067063211716 ], [ -109.811973570375955, 22.928783417156435 ], [ -109.812660218148977, 22.928789139153277 ], [ -109.813186644415367, 22.929100038126908 ], [ -109.813705443305352, 22.929664611846583 ], [ -109.813873290727599, 22.929891586978769 ], [ -109.814582824783329, 22.929861068165472 ], [ -109.81461334073812, 22.929616927927487 ], [ -109.815368652262251, 22.929189682646268 ], [ -109.81532287564211, 22.928188324659956 ], [ -109.81417846580743, 22.927337647636566 ], [ -109.814552305557271, 22.926626206290827 ], [ -109.815261841166034, 22.926134109944112 ], [ -109.815864562062956, 22.926013947584163 ], [ -109.816589354247299, 22.92606544439252 ], [ -109.816627501750418, 22.926246644084468 ], [ -109.817070005945453, 22.926294327868476 ], [ -109.817085265128483, 22.925842286415882 ], [ -109.817810058752784, 22.925214766904915 ], [ -109.818374633930745, 22.924921036093941 ], [ -109.81974029481745, 22.924903870501954 ], [ -109.821159361945604, 22.923740388024541 ], [ -109.821418762536894, 22.923345566292365 ], [ -109.821556090190953, 22.922487259353662 ], [ -109.822448729836154, 22.922468186573486 ], [ -109.82357025121712, 22.921346664300341 ], [ -109.825195312818636, 22.920410156915963 ], [ -109.826683043740744, 22.918661117842788 ], [ -109.827377318437215, 22.918619156491388 ], [ -109.828330993972159, 22.917671204545609 ], [ -109.828402305325284, 22.916052092347986 ], [ -109.829610498113666, 22.916406494796622 ], [ -109.830363225472851, 22.916694128865078 ], [ -109.830840765483416, 22.916896667486618 ], [ -109.831208440883742, 22.91705260796029 ], [ -109.83215967143839, 22.917556377895906 ], [ -109.834168167774081, 22.918709195384722 ], [ -109.835197035684033, 22.919258678863475 ], [ -109.836275125322501, 22.91975432323774 ], [ -109.837043069281691, 22.920030915929495 ], [ -109.838268810399413, 22.920365048162584 ], [ -109.838988165400607, 22.920623211730689 ], [ -109.839920489149407, 22.921063572854244 ], [ -109.840755009543216, 22.921539343676418 ], [ -109.842326258274554, 22.922526288695863 ], [ -109.843257839661689, 22.923056947939667 ], [ -109.84448132710574, 22.92366198445719 ], [ -109.845588891968319, 22.924139717622456 ], [ -109.847688109391001, 22.924967868753182 ], [ -109.848698496987552, 22.925408746558755 ], [ -109.849630429243376, 22.925903243229719 ], [ -109.850173259123764, 22.926286530093265 ], [ -109.850869816347384, 22.926941895605605 ], [ -109.851335105504432, 22.927270423901053 ], [ -109.852034413618597, 22.927600643195372 ], [ -109.852734638095939, 22.927822479017294 ], [ -109.854136006045437, 22.928157761089061 ], [ -109.855030796904444, 22.928435184755486 ], [ -109.856313803080369, 22.928932175072664 ], [ -109.857557361094877, 22.929483065027739 ], [ -109.860005051025269, 22.930638727102011 ], [ -109.861112579993545, 22.931134419510244 ], [ -109.861987451358345, 22.931465855708662 ], [ -109.862338034919475, 22.931522562301225 ], [ -109.862514910993681, 22.931361248845473 ], [ -109.862885147397549, 22.931400030496103 ], [ -109.863818983507258, 22.931677685481223 ], [ -109.865005146611338, 22.932101655951062 ], [ -109.867629823803384, 22.933095887949285 ], [ -109.868855016961035, 22.933520108792912 ], [ -109.869905895624967, 22.933798562790589 ], [ -109.870432160806601, 22.933838437897002 ], [ -109.870960073850881, 22.933679612543951 ], [ -109.871739870253577, 22.933721286464419 ], [ -109.873551352848182, 22.934005121193778 ], [ -109.875790706055085, 22.934436483360386 ], [ -109.880697330421725, 22.935446649429082 ], [ -109.882956237219375, 22.935878049776928 ], [ -109.884826286122816, 22.936162169560163 ], [ -109.88568411550456, 22.9362043237813 ], [ -109.886387547888532, 22.936046679030991 ], [ -109.886972632934416, 22.936050783083722 ], [ -109.888024458642064, 22.936220737534533 ], [ -109.889192420461228, 22.936499885890345 ], [ -109.891644495341367, 22.937167356420812 ], [ -109.89281247383596, 22.937446478709063 ], [ -109.893864319309628, 22.937616395130227 ], [ -109.89444941258617, 22.93762047188768 ], [ -109.895152843988598, 22.937462788197614 ], [ -109.895698930664551, 22.937466588781305 ], [ -109.896633761996441, 22.937635672732373 ], [ -109.897645730968463, 22.937913675194682 ], [ -109.899746819272693, 22.938578584193621 ], [ -109.900739299096841, 22.938856432201455 ], [ -109.901615637424626, 22.939025082104745 ], [ -109.902083718101878, 22.939028321012966 ], [ -109.902611619443761, 22.938869389802228 ], [ -109.903079554196324, 22.938890689459193 ], [ -109.903955459933329, 22.939113517692302 ], [ -109.904947372182335, 22.939463594708801 ], [ -109.907047218850281, 22.940290982754735 ], [ -109.908107266193525, 22.94065957446 ], [ -109.909187547001252, 22.940937974658862 ], [ -109.909927963810844, 22.941033386053864 ], [ -109.910737367560813, 22.941038943866698 ], [ -109.911068930615357, 22.941041219369676 ], [ -109.911528134488819, 22.940935981260193 ], [ -109.911764778209019, 22.940612438809683 ], [ -109.911699981341101, 22.940178440560761 ], [ -109.911303782190586, 22.939279054762608 ], [ -109.911268951735792, 22.939199987836794 ], [ -109.910960653622823, 22.938728189154762 ], [ -109.910466787051078, 22.938291245573986 ], [ -109.909951974133065, 22.938034804107186 ], [ -109.908901403437582, 22.93770241973235 ], [ -109.908237911664202, 22.937410067019357 ], [ -109.907541686399043, 22.93700660620194 ], [ -109.906882351463139, 22.936532383426663 ], [ -109.905661500345531, 22.935548475013139 ], [ -109.905021681960989, 22.935074379411201 ], [ -109.904323069140915, 22.934636004954971 ], [ -109.903798530853351, 22.934379477078796 ], [ -109.903121876341402, 22.934123346866322 ], [ -109.902469074528426, 22.933566409964047 ], [ -109.901688179929025, 22.932450028390075 ], [ -109.901432693103303, 22.931481797898655 ], [ -109.901447117886732, 22.929693490056739 ], [ -109.901424639812717, 22.928853324717856 ], [ -109.901342782238444, 22.928121136767796 ], [ -109.901228831461339, 22.927740988860347 ], [ -109.90096883725019, 22.927332732880313 ], [ -109.900755922256764, 22.9271325468501 ], [ -109.900377171204752, 22.926940244418912 ], [ -109.899958834571862, 22.926819925749683 ], [ -109.8990825765799, 22.926651269580237 ], [ -109.89863418652827, 22.926630095048722 ], [ -109.898165272335291, 22.92673522985114 ], [ -109.897832137820956, 22.926931629469209 ], [ -109.897301646401587, 22.927415693164871 ], [ -109.896929651907385, 22.927593756159347 ], [ -109.896513869349207, 22.927629352494417 ], [ -109.89620838215761, 22.927552613811304 ], [ -109.895508958161585, 22.927222584885339 ], [ -109.89492478860933, 22.927110131672919 ], [ -109.893891203508971, 22.927102934149122 ], [ -109.893871701907315, 22.927102798282135 ], [ -109.892858965237906, 22.927189480408106 ], [ -109.892700725043269, 22.927203023901978 ], [ -109.890240874587747, 22.927511013095348 ], [ -109.889099071557254, 22.927620448194883 ], [ -109.888258683381508, 22.927638150027427 ], [ -109.887919886004497, 22.927530901770272 ], [ -109.887512417353193, 22.92727514168196 ], [ -109.886902767153813, 22.926701831515569 ], [ -109.886806161348318, 22.926578445481191 ], [ -109.886693270130394, 22.926086163843642 ], [ -109.886527059207438, 22.924946923990117 ], [ -109.886424158161816, 22.924413294488417 ], [ -109.886281664980615, 22.92395164590922 ], [ -109.886263547366028, 22.923919905650568 ], [ -109.886262459220262, 22.923915381849664 ], [ -109.886147077182258, 22.923715861086244 ], [ -109.885885806996413, 22.923470155007099 ], [ -109.885633180133652, 22.923359994222871 ], [ -109.885136569561382, 22.923275217196206 ], [ -109.884561512085313, 22.923244081587665 ], [ -109.883332950166817, 22.923235446474461 ], [ -109.882611858524669, 22.923176179779059 ], [ -109.881677146831322, 22.923007017530278 ], [ -109.880840387367314, 22.922784346298602 ], [ -109.879264827076611, 22.922285488322498 ], [ -109.878419143959803, 22.921963386054578 ], [ -109.877457651310422, 22.921495943641055 ], [ -109.876700847479015, 22.921038975961547 ], [ -109.875391935827352, 22.920135512260931 ], [ -109.874830449153322, 22.919643789846734 ], [ -109.874454891115136, 22.919072092569571 ], [ -109.874390444767144, 22.918610987643692 ], [ -109.874572660116357, 22.917799370427275 ], [ -109.874869338017703, 22.917295662649366 ], [ -109.875577153104388, 22.91659615444658 ], [ -109.876460162014951, 22.915934011513361 ], [ -109.878401354431702, 22.914647076324194 ], [ -109.879264986176054, 22.913966715275947 ], [ -109.879914708237933, 22.913212582238366 ], [ -109.880133951884389, 22.912636058633773 ], [ -109.880140258784337, 22.911868354503905 ], [ -109.880459920817501, 22.912123513215573 ], [ -109.881423583390884, 22.912319981264048 ], [ -109.882710026158222, 22.912392261489245 ], [ -109.884279730161779, 22.912403294792291 ], [ -109.885605692062342, 22.912412602769102 ], [ -109.88700041895892, 22.912359155060301 ], [ -109.888288929584121, 22.912178498767563 ], [ -109.889041718747848, 22.911930859542043 ], [ -109.890011572354013, 22.911368601035623 ], [ -109.890551405588567, 22.910929786631286 ], [ -109.891201052071438, 22.910175604102189 ], [ -109.891743960414388, 22.909357447465343 ], [ -109.892723027053137, 22.907657157189803 ], [ -109.893316291093967, 22.906952053530468 ], [ -109.893372792107698, 22.906884900669688 ], [ -109.894343031623322, 22.90626842207347 ], [ -109.895310335680634, 22.906013211850468 ], [ -109.897242011982641, 22.905864048216852 ], [ -109.898276750747613, 22.905708643885479 ], [ -109.899449289454722, 22.905391604376803 ], [ -109.900368779647977, 22.905018610566707 ], [ -109.901954702814891, 22.904216663472202 ], [ -109.90283503674469, 22.903861449043688 ], [ -109.903890124944326, 22.903597759161745 ], [ -109.904768274179077, 22.903513490593824 ], [ -109.906347636849674, 22.903524369093887 ], [ -109.907216252674004, 22.903412924096056 ], [ -109.908242733543688, 22.903067716498008 ], [ -109.909084915656152, 22.902603815573421 ], [ -109.910584969249882, 22.901557314837181 ], [ -109.911321121006765, 22.900939123414322 ], [ -109.912029532203434, 22.90013105763169 ], [ -109.912474067196825, 22.899402474528735 ], [ -109.913099257862086, 22.898024791256969 ], [ -109.913552881242481, 22.89737755852013 ], [ -109.914288565457667, 22.896813543248907 ], [ -109.915061083402819, 22.8965207486286 ], [ -109.916642952634746, 22.896206371798531 ], [ -109.91745381210275, 22.895995118499719 ], [ -109.91830452314538, 22.89567574298 ], [ -109.918911515058198, 22.895354705184872 ], [ -109.919881776277066, 22.894710966248109 ], [ -109.920212728161303, 22.894453321325901 ], [ -109.920598066874192, 22.894018114555596 ], [ -109.92101606763903, 22.894636000094074 ], [ -109.921360702936198, 22.895082307438017 ], [ -109.922054252710666, 22.896143808587855 ], [ -109.922419137788978, 22.896850813534684 ], [ -109.922820240148496, 22.897910328452298 ], [ -109.923123859576677, 22.898969181874691 ], [ -109.923378738576702, 22.900027704523673 ], [ -109.923979456068125, 22.901738904700654 ], [ -109.924735747848459, 22.903505350239378 ], [ -109.92580318354068, 22.905382285606485 ], [ -109.926825952352104, 22.906744063441753 ], [ -109.928826846958387, 22.908952450344874 ], [ -109.929871581969451, 22.910007254780055 ], [ -109.931004860126421, 22.910963291682645 ], [ -109.931848914573521, 22.911501883787107 ], [ -109.933247798415266, 22.912161620354183 ], [ -109.934004756042256, 22.912618324440881 ], [ -109.934876741876892, 22.913328705038186 ], [ -109.935573095759125, 22.914055969096633 ], [ -109.936790182808423, 22.91552737794305 ], [ -109.937506058322157, 22.916254764673461 ], [ -109.93843658700635, 22.916965518322051 ], [ -109.93927159112468, 22.917422720045202 ], [ -109.940846078816548, 22.918083564938144 ], [ -109.941632977864032, 22.918459141681936 ], [ -109.942419180422462, 22.918925034603696 ], [ -109.94294261788518, 22.919325947762371 ], [ -109.943726729714442, 22.920062794380883 ], [ -109.944091228034679, 22.920842010077706 ], [ -109.944170774618627, 22.921253603057238 ], [ -109.944400609833323, 22.922442812532378 ], [ -109.94455174708007, 22.924331601188594 ], [ -109.94469577491607, 22.928397163898289 ], [ -109.944534881120077, 22.930283876983591 ], [ -109.943908159426627, 22.931878452541262 ], [ -109.943024513552984, 22.93264936170776 ], [ -109.942949542832693, 22.932675959827257 ], [ -109.94100029428671, 22.93336749808816 ], [ -109.939944611993411, 22.93368561936613 ], [ -109.938801795558064, 22.933921859017307 ], [ -109.938737891708243, 22.933927550521918 ], [ -109.938284194960076, 22.934017754537322 ], [ -109.937171544154282, 22.93413676240905 ], [ -109.934888435467343, 22.934284042390871 ], [ -109.933785461283861, 22.934412123710565 ], [ -109.932810716284706, 22.934637307576274 ], [ -109.932677562613094, 22.934685214266175 ], [ -109.932358633553832, 22.934799959547764 ], [ -109.932152931753492, 22.934915997280083 ], [ -109.931741527122995, 22.93514807190008 ], [ -109.931366619553742, 22.935473999838663 ], [ -109.931359189963658, 22.935480458767803 ], [ -109.931329128698323, 22.935506592579365 ], [ -109.931292652928008, 22.935549383805117 ], [ -109.930935738254703, 22.9359680931484 ], [ -109.930709037453823, 22.936234042128156 ], [ -109.930432587788644, 22.936665735413595 ], [ -109.930223333273815, 22.937233367292652 ], [ -109.930151026343694, 22.937747727526698 ], [ -109.930143361014288, 22.938723176522831 ], [ -109.930070910776223, 22.939255600451787 ], [ -109.929861224317548, 22.93987742305907 ], [ -109.929584195960345, 22.940381369739736 ], [ -109.928962793182436, 22.94127138554655 ], [ -109.928549799749106, 22.941702153165316 ], [ -109.927932225346652, 22.94210444039966 ], [ -109.927315928543791, 22.942344150475726 ], [ -109.926084611373682, 22.942660988653753 ], [ -109.925459483964147, 22.94278321037195 ], [ -109.924815422229926, 22.94283304211751 ], [ -109.924367114481626, 22.942793874308947 ], [ -109.923666254443148, 22.942626538870282 ], [ -109.923227628403083, 22.942596465935463 ], [ -109.922612608691438, 22.942673582984686 ], [ -109.922026200657811, 22.942832183521094 ], [ -109.92088199240446, 22.943230864003816 ], [ -109.920538593612662, 22.943490467580752 ], [ -109.920652610145609, 22.943870603463498 ], [ -109.921186039904342, 22.94424455897326 ], [ -109.922672323346603, 22.944986280753735 ], [ -109.923410916716776, 22.945316459961461 ], [ -109.924140404154784, 22.945565282547392 ], [ -109.924617620743518, 22.945649809171073 ], [ -109.925319781331908, 22.945654566559252 ], [ -109.925904202472637, 22.945748847817551 ], [ -109.926955308234895, 22.946026931734369 ], [ -109.92812273464601, 22.946396118675196 ], [ -109.930573925954107, 22.94722557556922 ], [ -109.931936563109417, 22.94757798588298 ], [ -109.933573266516348, 22.947805773359779 ], [ -109.934938463195621, 22.947833008620915 ], [ -109.937397343279102, 22.947686912508075 ], [ -109.93868635306265, 22.947478762271036 ], [ -109.940094498456375, 22.947000424616867 ], [ -109.941152393291432, 22.946411347979595 ], [ -109.942917916606248, 22.945122450250427 ], [ -109.943731629349259, 22.944576890703711 ], [ -109.944407264100491, 22.944229121848167 ], [ -109.944719614322779, 22.944195069702193 ], [ -109.944981033111702, 22.944440683865274 ], [ -109.945116023934389, 22.944640294973581 ], [ -109.945259577458799, 22.944993514325738 ], [ -109.945363842640162, 22.945382602169691 ], [ -109.945533085399958, 22.946196646303008 ], [ -109.945714671337271, 22.946676572123575 ], [ -109.94609018742031, 22.947302305037574 ], [ -109.946534463551657, 22.947865266640679 ], [ -109.947491783518615, 22.948928415501545 ], [ -109.948024053327927, 22.949464859592421 ], [ -109.948663536321945, 22.950011044961993 ], [ -109.949197070528555, 22.950384909790547 ], [ -109.950158192238234, 22.950960316814161 ], [ -109.950584663463289, 22.951306371285476 ], [ -109.950902951327237, 22.951769130994695 ], [ -109.951006958606939, 22.952194343517068 ], [ -109.951000690975519, 22.95300722170834 ], [ -109.950938830896348, 22.953440369723094 ], [ -109.950759517580607, 22.953926935446262 ], [ -109.950522521418307, 22.954304730016514 ], [ -109.949990843738206, 22.954951546842672 ], [ -109.949792995052505, 22.955311534428699 ], [ -109.949731129782279, 22.955744681667216 ], [ -109.949825870918573, 22.956106606343493 ], [ -109.950171962045388, 22.956759232718554 ], [ -109.950305020465464, 22.95721173507982 ], [ -109.950358102715015, 22.957916616205875 ], [ -109.950313513539513, 22.958638915728908 ], [ -109.950126660376114, 22.960100932788592 ], [ -109.950140449690821, 22.960841683334362 ], [ -109.950368675512209, 22.96160191813102 ], [ -109.950735264815151, 22.962128225009227 ], [ -109.951606812307475, 22.962946908060847 ], [ -109.951993474006017, 22.9634010854605 ], [ -109.952281906106734, 22.963944937280736 ], [ -109.952375962979772, 22.964397180233412 ], [ -109.952369699817496, 22.96521005753198 ], [ -109.952287772551628, 22.965715332235412 ], [ -109.952048252360456, 22.96641827876056 ], [ -109.951730977279169, 22.9670845810322 ], [ -109.951018664653603, 22.968380539057428 ], [ -109.950720608737967, 22.969083095700903 ], [ -109.950538761353968, 22.969894809966846 ], [ -109.950533740721511, 22.970545110978399 ], [ -109.950700529383923, 22.97168429983908 ], [ -109.950725678195383, 22.972217378991367 ], [ -109.950634333917492, 22.972677427674896 ], [ -109.950456944062097, 22.972911096171686 ], [ -109.950016118210257, 22.973152052185601 ], [ -109.949566583621703, 22.973257462989665 ], [ -109.94865880620533, 22.973332736757186 ], [ -109.947595378945906, 22.973352777556602 ], [ -109.94531287639488, 22.973337607777442 ], [ -109.944161450578235, 22.973384137217721 ], [ -109.942989672854921, 22.9735389113753 ], [ -109.942188134274133, 22.973750342258239 ], [ -109.940955292217041, 22.974229859964531 ], [ -109.940134097237149, 22.974459213678294 ], [ -109.938903357676097, 22.97466775727294 ], [ -109.937673320754726, 22.974785972006305 ], [ -109.935213949384078, 22.974932053504105 ], [ -109.934032467408841, 22.975077663095117 ], [ -109.932947392372185, 22.975368430871608 ], [ -109.932320415229611, 22.975707439276075 ], [ -109.931524556066634, 22.976433698867567 ], [ -109.931130541456199, 22.976918790480344 ], [ -109.930744359606678, 22.977647807873616 ], [ -109.93049473780853, 22.978377745693212 ], [ -109.930132051477301, 22.979838541608391 ], [ -109.929882564165581, 22.980550414216811 ], [ -109.929496791572362, 22.981225236292609 ], [ -109.929103324848398, 22.981638066716503 ], [ -109.928308695547628, 22.982201733823533 ], [ -109.927701898023642, 22.982450535199042 ], [ -109.926676137448993, 22.982633270568215 ], [ -109.925573335273796, 22.982689023905397 ], [ -109.923290692291062, 22.982673531136651 ], [ -109.922197859293945, 22.982702231608169 ], [ -109.921202001156757, 22.982803843490682 ], [ -109.920635069821643, 22.982944500540434 ], [ -109.91993013261748, 22.983264861834865 ], [ -109.91930452499733, 22.983423178760013 ], [ -109.918132639960888, 22.983577764576527 ], [ -109.916805105779289, 22.9836770837431 ], [ -109.913994387319491, 22.983820427879355 ], [ -109.912667572227605, 22.983829393850836 ], [ -109.911497849478337, 22.983712975317495 ], [ -109.910875127963294, 22.98350998544672 ], [ -109.910176687991523, 22.983017438131991 ], [ -109.909710484291878, 22.982761326224381 ], [ -109.909043653204265, 22.982498670614699 ], [ -109.908543096267778, 22.982355868047701 ], [ -109.907403745027466, 22.982104144178123 ], [ -109.907328816189448, 22.982047791412462 ], [ -109.907015878779262, 22.981812435382732 ], [ -109.906991628290854, 22.981189038196078 ], [ -109.907339072535095, 22.980441751614293 ], [ -109.908405638387265, 22.978823283429122 ], [ -109.908860295366708, 22.978085763553441 ], [ -109.909157715962792, 22.977491677298207 ], [ -109.909198763884376, 22.977239054645128 ], [ -109.909024489128186, 22.977075273289941 ], [ -109.909044639182866, 22.97680861093626 ], [ -109.909205723909878, 22.976371999090357 ], [ -109.909503138936543, 22.975777911858266 ], [ -109.910215881103284, 22.974482158053874 ], [ -109.910555200107169, 22.973527063165047 ], [ -109.910674894749576, 22.972911561729674 ], [ -109.910860419063425, 22.971957534151148 ], [ -109.911029798317244, 22.970296747623092 ], [ -109.911232712999578, 22.966883916433208 ], [ -109.911264949788844, 22.965294445298625 ], [ -109.911214494261586, 22.964650375763547 ], [ -109.911158755830641, 22.963938864335358 ], [ -109.910949531921304, 22.963269033941149 ], [ -109.91082500001373, 22.963112876203784 ], [ -109.910428056443124, 22.962615122816434 ], [ -109.910139073851198, 22.962161519696284 ], [ -109.909793600559624, 22.961454622059726 ], [ -109.909506795150492, 22.96073006246181 ], [ -109.909010928490645, 22.959317606023962 ], [ -109.908991856890012, 22.959263280748388 ], [ -109.908588819943574, 22.958438564160414 ], [ -109.908109309918558, 22.957742711247683 ], [ -109.907894647106346, 22.957431195271599 ], [ -109.907140733069269, 22.956576961800238 ], [ -109.905573180905904, 22.955021622513542 ], [ -109.904903786689587, 22.954360529738477 ], [ -109.904297373254281, 22.953576672177675 ], [ -109.904341185043663, 22.952980840150406 ], [ -109.904520660678656, 22.952494333119315 ], [ -109.904757487349457, 22.952152739318141 ], [ -109.905288489816769, 22.95161446381622 ], [ -109.905936664006248, 22.951058929798645 ], [ -109.907350171384422, 22.949930595457992 ], [ -109.908028238862414, 22.949293966937969 ], [ -109.908645330650245, 22.948516973454304 ], [ -109.908926211624404, 22.947990453235175 ], [ -109.909285765948212, 22.946936139373193 ], [ -109.909221264496168, 22.946466013186743 ], [ -109.908668211711145, 22.946109948046111 ], [ -109.907810959628165, 22.945986628701036 ], [ -109.905792255250901, 22.945972719912515 ], [ -109.904806629967723, 22.946047210833793 ], [ -109.903868455420266, 22.946284605713377 ], [ -109.903290454967134, 22.946605776078176 ], [ -109.902494624523797, 22.947331893156452 ], [ -109.902101035750647, 22.947762722595574 ], [ -109.90171610335446, 22.948329096027472 ], [ -109.901468138589749, 22.948842222790965 ], [ -109.901109175262746, 22.949815229629127 ], [ -109.900802690366405, 22.95032794972844 ], [ -109.900242199497384, 22.950893102473394 ], [ -109.899614531714519, 22.95132230205877 ], [ -109.898292013203061, 22.95204474177828 ], [ -109.897489811482231, 22.952346267654946 ], [ -109.896405732260376, 22.952528408306797 ], [ -109.895401138207546, 22.952530448457527 ], [ -109.893471441024573, 22.952354417750943 ], [ -109.892515979694025, 22.952311620782375 ], [ -109.891579288579379, 22.952359272402788 ], [ -109.890973596571314, 22.95248149143881 ], [ -109.890093209304482, 22.952800497257506 ], [ -109.889428850966652, 22.95294036440815 ], [ -109.888316164985582, 22.953040958167616 ], [ -109.887126047622786, 22.953068742393999 ], [ -109.884668383956864, 22.953051481188201 ], [ -109.883458761759996, 22.953079100715854 ], [ -109.882287556366393, 22.953179240065907 ], [ -109.881545168534061, 22.95331852402126 ], [ -109.880489208221491, 22.953636237524044 ], [ -109.879746667670517, 22.953793576411545 ], [ -109.878575007914321, 22.953947878554025 ], [ -109.877364782375082, 22.954047705296524 ], [ -109.874905764696649, 22.954192863664886 ], [ -109.873724270182052, 22.954356092177473 ], [ -109.872638803179285, 22.954700639797959 ], [ -109.872011184983222, 22.955111662329578 ], [ -109.871213793859624, 22.956000184398029 ], [ -109.870838389273345, 22.956575577462417 ], [ -109.870509570800579, 22.95741323698212 ], [ -109.870336945353486, 22.958233943678877 ], [ -109.870147886718087, 22.959858404381759 ], [ -109.869995061756526, 22.960643122312554 ], [ -109.869725647078724, 22.961372815463928 ], [ -109.869429447617435, 22.961804252499338 ], [ -109.868810262520242, 22.962368869104928 ], [ -109.868427556152611, 22.962646138579764 ], [ -109.867898624225674, 22.962913330936345 ], [ -109.867399777681413, 22.963081381554421 ], [ -109.866432169245201, 22.96331833825819 ], [ -109.866174817803696, 22.96376811083605 ], [ -109.866370375850977, 22.964880475720218 ], [ -109.86695366795233, 22.966284643498732 ], [ -109.86827055350993, 22.968911143039143 ], [ -109.868508029895153, 22.969384773065215 ], [ -109.869236542325282, 22.97092545318371 ], [ -109.869867681095997, 22.972447371547272 ], [ -109.870191057472951, 22.973443223946109 ], [ -109.870530043266655, 22.974908863803488 ], [ -109.870738630504803, 22.975632929735283 ], [ -109.870929812458641, 22.976103968517425 ], [ -109.871294772096675, 22.976793018598062 ], [ -109.871816104669691, 22.977447052063951 ], [ -109.872104086684573, 22.978009101012159 ], [ -109.872446700105172, 22.97904121499279 ], [ -109.872729742131753, 22.980199356002814 ], [ -109.873236262375158, 22.982641664407396 ], [ -109.873500257073346, 22.983745475097514 ], [ -109.873785712367521, 22.984614599543541 ], [ -109.873997474214448, 22.984959329728827 ], [ -109.87434730276577, 22.985124395652392 ], [ -109.87451944843113, 22.98554110170495 ], [ -109.874686057804055, 22.986626154290299 ], [ -109.874791594827201, 22.988017869167397 ], [ -109.874941597397267, 22.991107960655192 ], [ -109.874888806431855, 22.992769517507909 ], [ -109.874580422043039, 22.994664096356011 ], [ -109.874119232119369, 22.996160169626609 ], [ -109.873044024574099, 22.998753805005634 ], [ -109.872507004842973, 22.999978365515592 ], [ -109.871971176001622, 23.001058416645193 ], [ -109.871615153282534, 23.001633942495491 ], [ -109.871082916441438, 23.002280469086173 ], [ -109.870581070381348, 23.002791727172003 ], [ -109.869607763983154, 23.003678971809045 ], [ -109.868487423007224, 23.00464644925988 ], [ -109.866099667859046, 23.006661615138761 ], [ -109.864744970739068, 23.00764545002578 ], [ -109.863068666552493, 23.008581802517035 ], [ -109.86162952952192, 23.009158554222189 ], [ -109.858988418312705, 23.009952439114176 ], [ -109.857794764319962, 23.010341248024613 ], [ -109.856854929630515, 23.010713816251915 ], [ -109.856482196650063, 23.01094596107464 ], [ -109.856303835111831, 23.01126983102019 ], [ -109.856048789705, 23.011430567480424 ], [ -109.855462014757563, 23.011588905592067 ], [ -109.854739101635488, 23.011692063657467 ], [ -109.853157136208068, 23.011843190593495 ], [ -109.852278418147748, 23.011909079882525 ], [ -109.851224230991122, 23.011955626750773 ], [ -109.850345971020118, 23.011967315602657 ], [ -109.848765379201296, 23.011955829475074 ], [ -109.847926606817865, 23.011913599097142 ], [ -109.846990882041524, 23.01179840096037 ], [ -109.846270113936981, 23.011648635406555 ], [ -109.845043537471426, 23.011314534345516 ], [ -109.844245798400124, 23.011037748080071 ], [ -109.843079159254685, 23.010541491005775 ], [ -109.841932504688955, 23.009991178893358 ], [ -109.839659200758504, 23.008836484328146 ], [ -109.838513657752316, 23.008159706461338 ], [ -109.837350316241228, 23.007284082894152 ], [ -109.836556954699219, 23.006501491510612 ], [ -109.835340218873412, 23.005029340588365 ], [ -109.834721251518346, 23.004392537348213 ], [ -109.834081070680938, 23.00395428261249 ], [ -109.833633065887881, 23.003860662083646 ], [ -109.832929228556935, 23.004018054728437 ], [ -109.83254757480212, 23.0041507234228 ], [ -109.832106450845643, 23.004391338126823 ], [ -109.831752897464128, 23.004659694016706 ], [ -109.831133358859191, 23.005224146065466 ], [ -109.830836937966367, 23.005655499734395 ], [ -109.830567215282088, 23.006385110046633 ], [ -109.830414098321341, 23.007169773851547 ], [ -109.830224468524975, 23.00879415489042 ], [ -109.830071190442993, 23.00959688102461 ], [ -109.829800987424989, 23.010380678437983 ], [ -109.829503926956747, 23.010884281024527 ], [ -109.828882946297369, 23.011611289964048 ], [ -109.828392150105756, 23.011950878841141 ], [ -109.827540744360135, 23.012242635222574 ], [ -109.826612531513604, 23.012389303867941 ], [ -109.824679298971219, 23.012537540723137 ], [ -109.823682863213364, 23.012674653375864 ], [ -109.822626788023655, 23.012937765522938 ], [ -109.821863097241007, 23.013239175133055 ], [ -109.820628095032404, 23.013880289851645 ], [ -109.819923092793147, 23.014164062784726 ], [ -109.819043094184252, 23.014374270305886 ], [ -109.818281433879747, 23.014440842902008 ], [ -109.816876453794904, 23.014430348201333 ], [ -109.816134621544208, 23.014460930279206 ], [ -109.815314103638499, 23.014563176651421 ], [ -109.814688405237405, 23.014703005962978 ], [ -109.813631825538337, 23.015020245548257 ], [ -109.813113053695119, 23.015206030218359 ], [ -109.812613319812911, 23.015446148385891 ], [ -109.812299202149646, 23.015660561536496 ], [ -109.811856582431233, 23.016063683014831 ], [ -109.811639081715938, 23.016387204796288 ], [ -109.811429199802319, 23.01695464931333 ], [ -109.81129689709843, 23.017576868510435 ], [ -109.811109869352222, 23.01887608145945 ], [ -109.81095757343796, 23.019552342319404 ], [ -109.810687714179949, 23.020281911904942 ], [ -109.810390244048889, 23.020821600012059 ], [ -109.809767689406087, 23.021711093253458 ], [ -109.809197958635721, 23.022140346190604 ], [ -109.808111322472854, 23.022538608520211 ], [ -109.806869992760596, 23.022773119971955 ], [ -109.804232637333158, 23.023078367515588 ], [ -109.802962423936492, 23.02326746941208 ], [ -109.801789142920512, 23.023529551273839 ], [ -109.801103888497252, 23.023777258296576 ], [ -109.80022140492909, 23.024258299959971 ], [ -109.799673068614538, 23.024470910437415 ], [ -109.798910546248123, 23.024627701181473 ], [ -109.798188012980475, 23.024676407536091 ], [ -109.796782937163357, 23.02466573004466 ], [ -109.796060563818116, 23.024696363810833 ], [ -109.795298518390481, 23.024798948433336 ], [ -109.794750815315922, 23.024939290130547 ], [ -109.793869749547596, 23.025257729683663 ], [ -109.793408976704896, 23.025498081394652 ], [ -109.792907724595537, 23.025900699214766 ], [ -109.792533076603149, 23.02633137752979 ], [ -109.791910381147076, 23.027220793880616 ], [ -109.791688670195512, 23.027622885014566 ], [ -109.791530411957964, 23.028247541635459 ], [ -109.791163185981873, 23.030033074239789 ], [ -109.790911585949488, 23.030889192355733 ], [ -109.790863515501897, 23.030986286628057 ], [ -109.790831588918678, 23.031105349122022 ], [ -109.790504016411049, 23.031726053525055 ], [ -109.790129666554279, 23.032120599280198 ], [ -109.789334187212361, 23.032683529830873 ], [ -109.788746284464153, 23.032949989616629 ], [ -109.787778057843013, 23.033186437252056 ], [ -109.786752250053951, 23.033314053302551 ], [ -109.784643053267999, 23.033460438987184 ], [ -109.783568532211106, 23.033578627956128 ], [ -109.782454165902607, 23.033786822726373 ], [ -109.78167140901526, 23.034015627751959 ], [ -109.780437501151312, 23.034493846708809 ], [ -109.779674416144772, 23.034704729272292 ], [ -109.778619073157117, 23.034859159925951 ], [ -109.77762325465433, 23.034905659776712 ], [ -109.775691144581899, 23.03489071771682 ], [ -109.774743871407409, 23.034964670996477 ], [ -109.773834158922995, 23.035201485035014 ], [ -109.773265243120846, 23.035522224654578 ], [ -109.772468204471195, 23.036247630092646 ], [ -109.772111670591272, 23.036822908069155 ], [ -109.771839110371218, 23.037823339016111 ], [ -109.771741378093154, 23.038915446510963 ], [ -109.771720742648625, 23.04119133811195 ], [ -109.771651872051891, 23.042328828891009 ], [ -109.77146589505891, 23.043465409733241 ], [ -109.771224802998574, 23.044222220105901 ], [ -109.770687499948352, 23.045356069141508 ], [ -109.770426553873634, 23.046148851268462 ], [ -109.770181021575752, 23.047393349684274 ], [ -109.769691331935817, 23.049285896670785 ], [ -109.768885155852288, 23.050729000945843 ], [ -109.767758297983349, 23.051809221244284 ], [ -109.766596845801288, 23.052194226427314 ], [ -109.726094149341364, 23.033013481944629 ] ], [ [ -109.846601212480309, 22.942771552664496 ], [ -109.847098628961717, 22.942766135220126 ], [ -109.847626141899184, 22.942661580234024 ], [ -109.848007912888363, 22.942492739848568 ], [ -109.848625711011238, 22.942090773154288 ], [ -109.848822349508993, 22.941902522853272 ], [ -109.848794469312367, 22.941739740357086 ], [ -109.84855136450571, 22.941656686424942 ], [ -109.847849930933933, 22.941570305084451 ], [ -109.847508622102112, 22.941567826636678 ], [ -109.847186128258244, 22.941646774230019 ], [ -109.846989947007415, 22.941780832378569 ], [ -109.846723896476192, 22.942104059338224 ], [ -109.846537312768973, 22.942256251094591 ], [ -109.846243612660615, 22.942389599364841 ], [ -109.84594069629037, 22.942459654443645 ], [ -109.845325647269931, 22.942536470180404 ], [ -109.845159484515762, 22.942580422114148 ], [ -109.845276045727118, 22.942635463732845 ], [ -109.845636477479729, 22.942683247326148 ], [ -109.846601212480309, 22.942771552664496 ] ], [ [ -109.916104975881126, 22.94423702921512 ], [ -109.916953624370848, 22.944215726845634 ], [ -109.917744191093021, 22.944139829498795 ], [ -109.918213153324047, 22.94403463879787 ], [ -109.918829472378206, 22.943794965034989 ], [ -109.918957325440346, 22.943660350361675 ], [ -109.918724567340035, 22.943496181545346 ], [ -109.918208785211817, 22.943357180305544 ], [ -109.917128217859329, 22.943149349334266 ], [ -109.916952999716742, 22.943068610287867 ], [ -109.914501974547278, 22.942238948534765 ], [ -109.91414251738064, 22.942083612908444 ], [ -109.913248732243048, 22.941634234008951 ], [ -109.913164661721268, 22.941616860028795 ], [ -109.912615868611468, 22.941503445472083 ], [ -109.912028589409317, 22.941770391355252 ], [ -109.911682650909825, 22.942346090954882 ], [ -109.911232109224301, 22.943806244108004 ], [ -109.911110171001866, 22.944419608370211 ], [ -109.911194905181318, 22.94479954925065 ], [ -109.911458068088535, 22.944819419588324 ], [ -109.912162820204699, 22.944499087570073 ], [ -109.912671084288888, 22.944358053394886 ], [ -109.913491125864837, 22.944255282209795 ], [ -109.914349598391084, 22.944225028685409 ], [ -109.916104975881126, 22.94423702921512 ] ], [ [ -109.839104473387565, 22.951586512365221 ], [ -109.839434622002571, 22.950613450011691 ], [ -109.839668398568492, 22.949504198753505 ], [ -109.840039573162613, 22.9471495066113 ], [ -109.84004704058988, 22.946273436779354 ], [ -109.839698279055938, 22.945999920332998 ], [ -109.839109539822829, 22.946420127615394 ], [ -109.837692061257044, 22.947954256875295 ], [ -109.837061597317145, 22.948690277336958 ], [ -109.836587702331357, 22.949364217865813 ], [ -109.836428346047185, 22.949751433728753 ], [ -109.836424175296358, 22.950239141878242 ], [ -109.836333237933246, 22.950608794981726 ], [ -109.836064594958557, 22.951230045760749 ], [ -109.835762684637473, 22.951793384706992 ], [ -109.835074436542953, 22.952965991036017 ], [ -109.835056626218986, 22.953013366576936 ], [ -109.834884808303158, 22.953470401063701 ], [ -109.835028543349196, 22.953769519090439 ], [ -109.835457731202297, 22.953763638429709 ], [ -109.836601555999209, 22.953446872843291 ], [ -109.837178728769203, 22.953243364460405 ], [ -109.837766423951081, 22.952949609023861 ], [ -109.838168743125891, 22.952663525873636 ], [ -109.838788003687199, 22.952099031609109 ], [ -109.839084583320911, 22.951631527821473 ], [ -109.839093241728193, 22.951604701996526 ], [ -109.839104473387565, 22.951586512365221 ] ], [ [ -109.831776774172866, 22.962181659466939 ], [ -109.831607503976699, 22.96144880618083 ], [ -109.831472591042626, 22.961258136422824 ], [ -109.831237120974649, 22.961418980298777 ], [ -109.830979582064671, 22.961877722853473 ], [ -109.830442429076101, 22.963093105293087 ], [ -109.830213366693684, 22.963642378044522 ], [ -109.830063338552364, 22.964074815322164 ], [ -109.830042355535639, 22.964246271715648 ], [ -109.830129435372626, 22.964328203725216 ], [ -109.830236954242864, 22.964301900442706 ], [ -109.830472430580301, 22.9641410583645 ], [ -109.830757371495466, 22.963899291127483 ], [ -109.831376714843458, 22.963334829964442 ], [ -109.831633168999844, 22.963002529336794 ], [ -109.831783190871519, 22.96257009026138 ], [ -109.831776774172866, 22.962181659466939 ] ], [ [ -109.829763654684669, 22.969428678118113 ], [ -109.829602786166404, 22.967720411731971 ], [ -109.829451473953611, 22.967168332650683 ], [ -109.829158403689306, 22.967220361662889 ], [ -109.828821261935701, 22.967859155150794 ], [ -109.82810289321587, 22.969723503970286 ], [ -109.827792820038454, 22.970615395189583 ], [ -109.827580981250307, 22.97142672271529 ], [ -109.827537992946631, 22.971887044697475 ], [ -109.827620869044665, 22.972456683394611 ], [ -109.827746188731979, 22.972629221116907 ], [ -109.828039271175314, 22.972577195255333 ], [ -109.828402420881389, 22.972317947117254 ], [ -109.829198782022345, 22.971592225986889 ], [ -109.829534843327536, 22.971079874507041 ], [ -109.829746669936029, 22.970268543830624 ], [ -109.829763654684669, 22.969428678118113 ] ] ] ] } },
{ "type": "Feature", "properties": { "fid": 37.0, "cat": 37, "NOM_ACUIF": "CABO SAN LUCAS", "CLAVE_ACUI": "0317", "VULNERABIL": 4 }, "geometry": { "type": "MultiPolygon", "coordinates": [ [ [ [ -109.899353026747178, 22.890014649143144 ], [ -109.900993346256485, 22.889003753690357 ], [ -109.902252195878589, 22.888145446856996 ], [ -109.903717040981164, 22.886503220274403 ], [ -109.904922486166697, 22.884929657099359 ], [ -109.905212401899021, 22.883506776550398 ], [ -109.905258178402363, 22.881563186317376 ], [ -109.905197141781613, 22.880983352121316 ], [ -109.906005858833126, 22.88087272782435 ], [ -109.907066344900684, 22.881069184125046 ], [ -109.907989501851688, 22.881565094581379 ], [ -109.908668516777595, 22.882698059716184 ], [ -109.908790588217187, 22.883756638766755 ], [ -109.908210753763143, 22.884347916638834 ], [ -109.908691405247126, 22.88514709586283 ], [ -109.909301757243867, 22.88563919119407 ], [ -109.910316466502863, 22.885383606813271 ], [ -109.910774231656532, 22.884817123908899 ], [ -109.910087584547611, 22.883800506382308 ], [ -109.909362792484785, 22.882822037261423 ], [ -109.909255981111187, 22.881988526819182 ], [ -109.910004582493016, 22.882888941234668 ], [ -109.910648941527725, 22.883622508772341 ], [ -109.911287683366339, 22.884229185019329 ], [ -109.912120766443422, 22.885020433352707 ], [ -109.912943651440841, 22.885739624072642 ], [ -109.914771787107341, 22.88754053581728 ], [ -109.915583948462441, 22.88838609449833 ], [ -109.916192269098431, 22.889121870413469 ], [ -109.916196214575265, 22.889129318111937 ], [ -109.916393968328109, 22.889502607820521 ], [ -109.916390741007334, 22.889909045540946 ], [ -109.916281430570621, 22.890170241072013 ], [ -109.915956725422106, 22.890547389458948 ], [ -109.915524859107308, 22.890914773628836 ], [ -109.914553959702417, 22.8916397739895 ], [ -109.913868269440215, 22.892050582062925 ], [ -109.91278209965472, 22.892558005007146 ], [ -109.911657504682992, 22.892992897745096 ], [ -109.909369877796493, 22.893790135498513 ], [ -109.908197315254867, 22.894125317283308 ], [ -109.906967269265451, 22.894333641131904 ], [ -109.906089759536655, 22.894345668991239 ], [ -109.904687281294997, 22.894173427006173 ], [ -109.90391823975223, 22.894032639415958 ], [ -109.90301359299086, 22.8937825234404 ], [ -109.902274891028071, 22.893506451339775 ], [ -109.901921885114149, 22.8933508437967 ], [ -109.900963437211274, 22.892928347411758 ], [ -109.900380863691268, 22.892635281393883 ], [ -109.899963943298019, 22.892310684993955 ], [ -109.899724551787713, 22.891996205467766 ], [ -109.899583304873715, 22.891754380298121 ], [ -109.899238780588846, 22.891385041650615 ], [ -109.898812108467453, 22.891070825658705 ], [ -109.898339866696645, 22.89082390279302 ], [ -109.899353026747178, 22.890014649143144 ] ] ] ] } },
{ "type": "Feature", "properties": { "fid": 38.0, "cat": 38, "NOM_ACUIF": "CABO SAN LUCAS", "CLAVE_ACUI": "0317", "VULNERABIL": 2 }, "geometry": { "type": "MultiPolygon", "coordinates": [ [ [ [ -109.909233094073713, 22.881292343580263 ], [ -109.910522460564593, 22.880571365659542 ], [ -109.910644531311931, 22.879848480809251 ], [ -109.909126281859884, 22.878410338504612 ], [ -109.908493042803045, 22.879199982165289 ], [ -109.90671539257815, 22.879072190948058 ], [ -109.905738830624202, 22.879289627309561 ], [ -109.905746458882092, 22.879959106746135 ], [ -109.905372619505357, 22.88000106813762 ], [ -109.905148192289374, 22.879885708828013 ], [ -109.904556273802825, 22.879581451197069 ], [ -109.903411864212529, 22.879039765539712 ], [ -109.902694701124034, 22.879270553885437 ], [ -109.90036773655855, 22.878368378218749 ], [ -109.899330138780272, 22.878271103599005 ], [ -109.898399351877828, 22.877811431835525 ], [ -109.898098777227716, 22.877721702940484 ], [ -109.898098775925675, 22.877721701426971 ], [ -109.898647958943059, 22.877379393679512 ], [ -109.899247761231848, 22.876798604371533 ], [ -109.899937915761967, 22.875916565644644 ], [ -109.900452891013501, 22.875108587232752 ], [ -109.900881830543113, 22.874289519778912 ], [ -109.901142152341663, 22.873746642231016 ], [ -109.907371521327377, 22.873691559245184 ], [ -109.909118652551825, 22.873666763584627 ], [ -109.910171508199454, 22.873186112549256 ], [ -109.911270142135038, 22.873123168725495 ], [ -109.912240202746915, 22.87354350624992 ], [ -109.91326068067454, 22.874127470589741 ], [ -109.9137373874361, 22.874363057585626 ], [ -109.914364883438282, 22.874700815166868 ], [ -109.915182377302258, 22.875164835300925 ], [ -109.915648257828323, 22.87541035887255 ], [ -109.916346336570427, 22.87585425751713 ], [ -109.916736763622424, 22.87614297717764 ], [ -109.917083040084663, 22.876480374756238 ], [ -109.91746863610102, 22.876918697698585 ], [ -109.917777471380404, 22.877309195135645 ], [ -109.91812322249335, 22.877961884337473 ], [ -109.918314163001753, 22.87846900064384 ], [ -109.918408775199765, 22.878830942332986 ], [ -109.918513922267607, 22.879093598614695 ], [ -109.918732176831398, 22.879844776460196 ], [ -109.919071502573971, 22.881310340866012 ], [ -109.919201819747784, 22.882088017617605 ], [ -109.919253441389884, 22.882955483883425 ], [ -109.919209158789542, 22.883623584273881 ], [ -109.919024686748187, 22.884760418908083 ], [ -109.918863641831351, 22.885400627752414 ], [ -109.918564979042273, 22.886184419466474 ], [ -109.918228251233728, 22.886850529647564 ], [ -109.91747815040695, 22.888031802381196 ], [ -109.916703467808759, 22.888784287770292 ], [ -109.916196214575265, 22.889129318111937 ], [ -109.916192269098431, 22.889121870413469 ], [ -109.915583948462441, 22.88838609449833 ], [ -109.914771787107341, 22.88754053581728 ], [ -109.912943651440841, 22.885739624072642 ], [ -109.912120766443422, 22.885020433352707 ], [ -109.911287683366339, 22.884229185019329 ], [ -109.910648941527725, 22.883622508772341 ], [ -109.910004582493016, 22.882888941234668 ], [ -109.909255981111187, 22.881988526819182 ], [ -109.909233094073713, 22.881292343580263 ] ] ] ] } },
{ "type": "Feature", "properties": { "fid": 41.0, "cat": 40, "NOM_ACUIF": "CABO SAN LUCAS", "CLAVE_ACUI": "0317", "VULNERABIL": 2 }, "geometry": { "type": "MultiPolygon", "coordinates": [ [ [ [ -109.913101195811606, 22.872945786835388 ], [ -109.914207458990376, 22.871969222329035 ], [ -109.915260314063744, 22.87183189433966 ], [ -109.919761658136949, 22.871746063613706 ], [ -109.922775268530557, 22.871501922746422 ], [ -109.927986145342373, 22.871150970605001 ], [ -109.931793212692995, 22.871265412341742 ], [ -109.937400817317126, 22.871601106030315 ], [ -109.945396421982281, 22.87172699000342 ], [ -109.949859619176209, 22.872098923020236 ], [ -109.951499939062003, 22.872552872305388 ], [ -109.953689575732952, 22.872623444742203 ], [ -109.955024719291529, 22.872684479922086 ], [ -109.955810546542224, 22.872753143961905 ], [ -109.956428526758359, 22.872756958831907 ], [ -109.956787109380599, 22.872814178079864 ], [ -109.957275389556955, 22.872989655157848 ], [ -109.958068846690423, 22.873102188157088 ], [ -109.958190916637989, 22.872932434401445 ], [ -109.958740232996817, 22.872600555607775 ], [ -109.959358214580931, 22.872035980751253 ], [ -109.959785461874233, 22.871704102386758 ], [ -109.960205076953656, 22.871589661467954 ], [ -109.960937499449699, 22.871883392123976 ], [ -109.961303710742484, 22.871940613627775 ], [ -109.962150572359562, 22.871946335442402 ], [ -109.963195799426359, 22.87200737006112 ], [ -109.963317869961671, 22.871501922455362 ], [ -109.96398925827414, 22.871334076554493 ], [ -109.964836120118022, 22.871511459990316 ], [ -109.965805053614048, 22.87224960330931 ], [ -109.966415406041151, 22.872650146690805 ], [ -109.967506408542661, 22.8729915617748 ], [ -109.967994690031077, 22.87328338701294 ], [ -109.968605041725993, 22.873395920679531 ], [ -109.969337463315853, 22.873401642241252 ], [ -109.970184325189791, 22.873804093151161 ], [ -109.970733642748868, 22.874431609560251 ], [ -109.971458433893559, 22.8748874662367 ], [ -109.972122191541374, 22.874891281197613 ], [ -109.97267913804157, 22.875120162967789 ], [ -109.973159789844672, 22.875459671141289 ], [ -109.973648069632659, 22.875579835365581 ], [ -109.974922180170665, 22.876201629427801 ], [ -109.975585936436715, 22.876604080206722 ], [ -109.976196289241244, 22.876499175914201 ], [ -109.976982115826232, 22.877235412432324 ], [ -109.977409361718927, 22.877237320377112 ], [ -109.977836608982017, 22.877574922151123 ], [ -109.978866575655488, 22.878032683971615 ], [ -109.979915694061987, 22.878336668283715 ], [ -109.979454698599881, 22.878722088317691 ], [ -109.978870213729209, 22.879340162393497 ], [ -109.978338208432191, 22.880019379960785 ], [ -109.97791582151747, 22.880751040083933 ], [ -109.977294484358424, 22.881924332069609 ], [ -109.976876693403625, 22.882713246837895 ], [ -109.976505801795511, 22.883456962623821 ], [ -109.976292343612428, 22.883956147288369 ], [ -109.975901204805353, 22.884116214692813 ], [ -109.975346179701233, 22.884031345802669 ], [ -109.974902330395025, 22.883618997208579 ], [ -109.97462708500197, 22.883363729303717 ], [ -109.974220632003082, 22.882988864039643 ], [ -109.973681195502039, 22.882566408849208 ], [ -109.973041097454256, 22.882128713087486 ], [ -109.972167464263904, 22.881635310125198 ], [ -109.971351507454841, 22.881250666346876 ], [ -109.969777276430406, 22.880590130984576 ], [ -109.968883897200726, 22.88013271283063 ], [ -109.967777987828555, 22.87942099889856 ], [ -109.966828188036274, 22.878692226732735 ], [ -109.965084715431004, 22.8772176170528 ], [ -109.964173798137054, 22.876507147842602 ], [ -109.963184500092112, 22.875850357987737 ], [ -109.962446583077281, 22.875466178753676 ], [ -109.961222129792887, 22.87497042872414 ], [ -109.95970320416383, 22.874743720054159 ], [ -109.95804837621597, 22.874652147893858 ], [ -109.958865627683181, 22.874647914109197 ], [ -109.957325423103597, 22.874655889662286 ], [ -109.954166069005751, 22.874797732357894 ], [ -109.952664714901019, 22.874823983212611 ], [ -109.951320010411095, 22.874760927540457 ], [ -109.95058019159039, 22.874629592542917 ], [ -109.950142815946023, 22.874464120685403 ], [ -109.949709491164427, 22.874300179824061 ], [ -109.949705441405243, 22.874298647661075 ], [ -109.948790177446497, 22.874166145815199 ], [ -109.946919134666032, 22.874099573639807 ], [ -109.94471599289858, 22.874121101584109 ], [ -109.939977606564284, 22.874252177869259 ], [ -109.937715982446605, 22.874273218922571 ], [ -109.935669500498904, 22.874205342645563 ], [ -109.934520322891814, 22.874071193639676 ], [ -109.933119274805861, 22.873736632340602 ], [ -109.931775162431308, 22.873601156020666 ], [ -109.931920043487082, 22.873606811147773 ], [ -109.931784980175664, 22.873592189468997 ], [ -109.929183143216932, 22.873493401933384 ], [ -109.926181042987295, 22.873473162473033 ], [ -109.919776580763568, 22.873511087870046 ], [ -109.916959611678635, 22.873500963970354 ], [ -109.915511474915562, 22.873452746691449 ], [ -109.914006551582759, 22.873305679576511 ], [ -109.912773132937147, 22.873168945239485 ], [ -109.913101195811606, 22.872945786835388 ] ] ] ] } },
{ "type": "Feature", "properties": { "fid": 42.0, "cat": 42, "NOM_ACUIF": "CABO SAN LUCAS", "CLAVE_ACUI": "0317", "VULNERABIL": 1 }, "geometry": { "type": "MultiPolygon", "coordinates": [ [ [ [ -109.897102355061833, 22.877424241664915 ], [ -109.896621703162907, 22.877229692173454 ], [ -109.895973204884953, 22.876585007067014 ], [ -109.895568847712212, 22.876094818602983 ], [ -109.894958496279429, 22.87631607069817 ], [ -109.894302368738849, 22.876655578975008 ], [ -109.89340972939516, 22.876342773233276 ], [ -109.893463135267325, 22.875629425911335 ], [ -109.89456176628525, 22.87473297273965 ], [ -109.896858216053914, 22.874731064924116 ], [ -109.898544311687999, 22.874118805087818 ], [ -109.899818420532853, 22.873758315830091 ], [ -109.901142152341663, 22.873746642231016 ], [ -109.900881830543113, 22.874289519778912 ], [ -109.900452891013501, 22.875108587232752 ], [ -109.899937915761967, 22.875916565644644 ], [ -109.899247761231848, 22.876798604371533 ], [ -109.898647958943059, 22.877379393679512 ], [ -109.898098775925675, 22.877721701426971 ], [ -109.898098773920736, 22.877721701953266 ], [ -109.897102355061833, 22.877424241664915 ] ] ] ] } },
{ "type": "Feature", "properties": { "fid": 10.0, "cat": 7, "NOM_ACUIF": "CABO SAN LUCAS", "CLAVE_ACUI": "0317", "VULNERABIL": 3 }, "geometry": { "type": "MultiPolygon", "coordinates": [ [ [ [ -109.851645186714578, 22.984112468960024 ], [ -109.851205077473622, 22.984244761800475 ], [ -109.850942004738812, 22.984206725582826 ], [ -109.850592897167232, 22.983960324445444 ], [ -109.850399636976221, 22.983742149863605 ], [ -109.850168964016277, 22.983334027538948 ], [ -109.84997776977157, 22.98287199825603 ], [ -109.849634862194677, 22.981894032492047 ], [ -109.849279221313381, 22.981268229126812 ], [ -109.848555209461921, 22.980368783222296 ], [ -109.847704170096023, 22.979495507274279 ], [ -109.845875088406174, 22.977775114283425 ], [ -109.844906878403108, 22.97691903528986 ], [ -109.843831308233646, 22.976071199800661 ], [ -109.843006896990033, 22.97551422081159 ], [ -109.841609235938307, 22.974691116081875 ], [ -109.840880841760594, 22.974315471822813 ], [ -109.840093311207283, 22.974011649066881 ], [ -109.839509152129324, 22.973880922939028 ], [ -109.838544204019783, 22.973792565948632 ], [ -109.838233621431385, 22.973609646420954 ], [ -109.83826682055421, 22.973149248683345 ], [ -109.838632731749271, 22.972564838298311 ], [ -109.839697252743065, 22.971271999451336 ], [ -109.840072983317128, 22.970678624914513 ], [ -109.84013566735851, 22.9701913455599 ], [ -109.839864413579505, 22.969972588346344 ], [ -109.839426191567796, 22.969888091235678 ], [ -109.838909246447372, 22.969884306038807 ], [ -109.838526035046158, 22.969979553970102 ], [ -109.838609616643765, 22.969499999285862 ], [ -109.83885990490073, 22.968809114855954 ], [ -109.839202072646543, 22.968147754902066 ], [ -109.839316127795485, 22.967927301377635 ], [ -109.840561711869711, 22.965985462222111 ], [ -109.841418955191614, 22.964971090655439 ], [ -109.8427451111246, 22.963869814835878 ], [ -109.844098125213705, 22.963048721093312 ], [ -109.846830990358995, 22.961686690718153 ], [ -109.848318207367967, 22.961137501404192 ], [ -109.850047024430921, 22.960851984111098 ], [ -109.851441180026157, 22.960925313092101 ], [ -109.853894847314393, 22.961430805256228 ], [ -109.855101801944087, 22.961728554928499 ], [ -109.856268989919457, 22.962116331063491 ], [ -109.857007347155402, 22.962464879497219 ], [ -109.858055233092372, 22.96312274984481 ], [ -109.858607909095284, 22.963515114984514 ], [ -109.859218047407197, 22.964034342973985 ], [ -109.859682268582404, 22.964507358264939 ], [ -109.860464797518333, 22.965407175247083 ], [ -109.860810623869583, 22.966041916757067 ], [ -109.86106556943885, 22.967046326413382 ], [ -109.861144650539643, 22.968085601437281 ], [ -109.861126944585862, 22.970199016724113 ], [ -109.861039984304142, 22.97126419523924 ], [ -109.860796807967517, 22.972346315432802 ], [ -109.860478472862781, 22.973084670091112 ], [ -109.859766638616009, 22.974217611766008 ], [ -109.859448444749134, 22.974937900428099 ], [ -109.859205702824127, 22.975965826861639 ], [ -109.859119328353543, 22.976958749417353 ], [ -109.859102948356949, 22.978909590757119 ], [ -109.859026855647173, 22.979839361323588 ], [ -109.85881495680772, 22.980677831693512 ], [ -109.858537884287415, 22.981145511421143 ], [ -109.857918564033184, 22.98171007877286 ], [ -109.857506592466407, 22.981978075567682 ], [ -109.856890000063061, 22.982217498715997 ], [ -109.856274318039269, 22.982348539464134 ], [ -109.855043864196347, 22.982502233775602 ], [ -109.854389084665613, 22.982642016801101 ], [ -109.85365519965481, 22.982907675664286 ], [ -109.853086836505256, 22.983210657898866 ], [ -109.852115627848718, 22.983853943837588 ], [ -109.851645186714578, 22.984112468960024 ] ] ] ] } },
{ "type": "Feature", "properties": { "fid": 5.0, "cat": 4, "NOM_ACUIF": "CABO SAN LUCAS", "CLAVE_ACUI": "0317", "VULNERABIL": 3 }, "geometry": { "type": "MultiPolygon", "coordinates": [ [ [ [ -109.855568094927193, 22.995539483444919 ], [ -109.855692949389706, 22.996931342914465 ], [ -109.855846627795103, 22.999533723631657 ], [ -109.855875449850643, 23.000744244948319 ], [ -109.855808234319198, 23.001773428546695 ], [ -109.855667385468351, 23.0022782132007 ], [ -109.85531205364741, 23.002763383078754 ], [ -109.855172268408865, 23.00314172427084 ], [ -109.855108245732012, 23.00379157851982 ], [ -109.855141327305233, 23.004496327837156 ], [ -109.855304597066592, 23.005960721414418 ], [ -109.855347207470388, 23.00669263597889 ], [ -109.855311766682931, 23.007423986229757 ], [ -109.855210087433008, 23.00791098869815 ], [ -109.854940488806605, 23.008640645484192 ], [ -109.854791625290105, 23.008937630601931 ], [ -109.854614635128854, 23.00909892945171 ], [ -109.854468515637336, 23.009070775785979 ], [ -109.854207148235417, 23.008825015817195 ], [ -109.85409434156476, 23.008318397660624 ], [ -109.854017288914221, 23.007044303306959 ], [ -109.854001673466655, 23.005427430688723 ], [ -109.854031875162406, 23.001850906206194 ], [ -109.853989048394638, 22.999989966737587 ], [ -109.853830372618262, 22.997983673604026 ], [ -109.853608743055759, 22.996500791188105 ], [ -109.853102538758435, 22.994058436305675 ], [ -109.852800742118845, 22.992827873395505 ], [ -109.852401550252338, 22.991578540025621 ], [ -109.85203802661502, 22.990726880493892 ], [ -109.851346651566374, 22.989421234076239 ], [ -109.85101895078391, 22.988949184045051 ], [ -109.850727215251453, 22.988838681816134 ], [ -109.850568687805151, 22.989126561799431 ], [ -109.850384838695717, 22.990100704032919 ], [ -109.850234152385539, 22.990614445098487 ], [ -109.849965942982735, 22.99118152596364 ], [ -109.849669613064549, 22.991612919328084 ], [ -109.849048829787733, 22.992340017100659 ], [ -109.848597021314063, 22.992698021076549 ], [ -109.847862381225553, 22.993044934693927 ], [ -109.847089789569324, 22.993265118100179 ], [ -109.845506652713254, 22.99357874632852 ], [ -109.844725298312838, 22.993681435883502 ], [ -109.843964376524042, 22.993675884641142 ], [ -109.84347752944106, 22.99356394496667 ], [ -109.84277791216563, 22.993233677644376 ], [ -109.842379867072083, 22.993004965216201 ], [ -109.841885348472744, 22.992649096261445 ], [ -109.841459196640983, 22.992284693671017 ], [ -109.840675263670349, 22.991547353423996 ], [ -109.840211486199621, 22.991020093378935 ], [ -109.839604086029397, 22.990175654484702 ], [ -109.839055532571962, 22.989295516005114 ], [ -109.838017285197296, 22.987499536813129 ], [ -109.837499794843382, 22.986411881457709 ], [ -109.836985560341063, 22.984944897649331 ], [ -109.836645991766659, 22.983587580646653 ], [ -109.836141524949369, 22.98098261333303 ], [ -109.835937528133556, 22.979743708475379 ], [ -109.835829994032125, 22.97863196221385 ], [ -109.835854764506166, 22.978017956827436 ], [ -109.836036607722491, 22.977287686795393 ], [ -109.836088318428423, 22.976944844137108 ], [ -109.836061608809331, 22.976646586423715 ], [ -109.836589663137886, 22.976799902459224 ], [ -109.837210203652049, 22.976935014294849 ], [ -109.838348663482662, 22.97726852057777 ], [ -109.839106868391099, 22.97758116977203 ], [ -109.840243026238682, 22.978185611196178 ], [ -109.841378424305447, 22.978880360997106 ], [ -109.843648487237473, 22.980360153646469 ], [ -109.844783230354309, 22.981136164925196 ], [ -109.845917372811954, 22.981984421542354 ], [ -109.846672862310243, 22.982622174739436 ], [ -109.847805190644706, 22.983687177793506 ], [ -109.848356384782164, 22.984260212503766 ], [ -109.848877630331131, 22.984914317545488 ], [ -109.849195176957323, 22.98543145886314 ], [ -109.849626571635454, 22.986328778121827 ], [ -109.849867996758192, 22.986619560798019 ], [ -109.850160873742567, 22.986594589899322 ], [ -109.850407575127136, 22.986262188970343 ], [ -109.850854797902514, 22.985289956353402 ], [ -109.851014771441484, 22.984830474594794 ], [ -109.851047473563185, 22.984424263005092 ], [ -109.850942004738812, 22.984206725582826 ], [ -109.851205077473622, 22.984244761800475 ], [ -109.851645186714578, 22.984112468960024 ], [ -109.852115627848718, 22.983853943837588 ], [ -109.851799583115564, 22.984312296100168 ], [ -109.85182266365652, 22.985044071161109 ], [ -109.85217718074766, 22.985805344031117 ], [ -109.853217666951039, 22.987357383507003 ], [ -109.85373666100989, 22.988282423060056 ], [ -109.854253147379239, 22.989505505361407 ], [ -109.854594962620951, 22.990618936995403 ], [ -109.855103925664011, 22.992736149558937 ], [ -109.855347210427482, 22.993966285981063 ], [ -109.855568094927193, 22.995539483444919 ] ] ] ] } },
{ "type": "Feature", "properties": { "fid": 27.0, "cat": 27, "NOM_ACUIF": "CABO SAN LUCAS", "CLAVE_ACUI": "0317", "VULNERABIL": 3 }, "geometry": { "type": "MultiPolygon", "coordinates": [ [ [ [ -109.846989947007415, 22.941780832378569 ], [ -109.847186128258244, 22.941646774230019 ], [ -109.847508622102112, 22.941567826636678 ], [ -109.847849930933933, 22.941570305084451 ], [ -109.84855136450571, 22.941656686424942 ], [ -109.848794469312367, 22.941739740357086 ], [ -109.848822349508993, 22.941902522853272 ], [ -109.848625711011238, 22.942090773154288 ], [ -109.848007912888363, 22.942492739848568 ], [ -109.847626141899184, 22.942661580234024 ], [ -109.847098628961717, 22.942766135220126 ], [ -109.846601212480309, 22.942771552664496 ], [ -109.845636477479729, 22.942683247326148 ], [ -109.845276045727118, 22.942635463732845 ], [ -109.845159484515762, 22.942580422114148 ], [ -109.845325647269931, 22.942536470180404 ], [ -109.84594069629037, 22.942459654443645 ], [ -109.846243612660615, 22.942389599364841 ], [ -109.846537312768973, 22.942256251094591 ], [ -109.846723896476192, 22.942104059338224 ], [ -109.846989947007415, 22.941780832378569 ] ] ] ] } },
{ "type": "Feature", "properties": { "fid": 4.0, "cat": 6, "NOM_ACUIF": "CABO SAN LUCAS", "CLAVE_ACUI": "0317", "VULNERABIL": 4 }, "geometry": { "type": "MultiPolygon", "coordinates": [ [ [ [ -109.833374702774179, 22.972607518821654 ], [ -109.835932991628539, 22.971163113650906 ], [ -109.83715777531917, 22.970521785665422 ], [ -109.838273867909777, 22.970042230597169 ], [ -109.838909246447372, 22.969884306038807 ], [ -109.839426191567796, 22.969888091235678 ], [ -109.839864413579505, 22.969972588346344 ], [ -109.84013566735851, 22.9701913455599 ], [ -109.840072983317128, 22.970678624914513 ], [ -109.839697252743065, 22.971271999451336 ], [ -109.838632731749271, 22.972564838298311 ], [ -109.83826682055421, 22.973149248683345 ], [ -109.838233849605075, 22.97360648217548 ], [ -109.838233621431385, 22.973609646420954 ], [ -109.838544204019783, 22.973792565948632 ], [ -109.839509152129324, 22.973880922939028 ], [ -109.840093311207283, 22.974011649066881 ], [ -109.840880841760594, 22.974315471822813 ], [ -109.841609235938307, 22.974691116081875 ], [ -109.843006896990033, 22.97551422081159 ], [ -109.843831308233646, 22.976071199800661 ], [ -109.844906878403108, 22.97691903528986 ], [ -109.845875088406174, 22.977775114283425 ], [ -109.847704170096023, 22.979495507274279 ], [ -109.848555209461921, 22.980368783222296 ], [ -109.849279221313381, 22.981268229126812 ], [ -109.849634862194677, 22.981894032492047 ], [ -109.84997776977157, 22.98287199825603 ], [ -109.850168964016277, 22.983334027538948 ], [ -109.850399636976221, 22.983742149863605 ], [ -109.850592897167232, 22.983960324445444 ], [ -109.850942004738812, 22.984206725582826 ], [ -109.851047473563185, 22.984424263005092 ], [ -109.851014771441484, 22.984830474594794 ], [ -109.850854797902514, 22.985289956353402 ], [ -109.850407575127136, 22.986262188970343 ], [ -109.850160873742567, 22.986594589899322 ], [ -109.849867996758192, 22.986619560798019 ], [ -109.849626571635454, 22.986328778121827 ], [ -109.849195176957323, 22.98543145886314 ], [ -109.848877630331131, 22.984914317545488 ], [ -109.848356384782164, 22.984260212503766 ], [ -109.847805190644706, 22.983687177793506 ], [ -109.846672862310243, 22.982622174739436 ], [ -109.845917372811954, 22.981984421542354 ], [ -109.844783230354309, 22.981136164925196 ], [ -109.843648487237473, 22.980360153646469 ], [ -109.841378424305447, 22.978880360997106 ], [ -109.840243026238682, 22.978185611196178 ], [ -109.839106868391099, 22.97758116977203 ], [ -109.838348663482662, 22.97726852057777 ], [ -109.837210203652049, 22.976935014294849 ], [ -109.836589663137886, 22.976799902459224 ], [ -109.836061608809331, 22.976646586423715 ], [ -109.835965382483224, 22.976492332884781 ], [ -109.835703413496972, 22.976327829714918 ], [ -109.835372392279439, 22.976253140446289 ], [ -109.834641297717013, 22.976193573852466 ], [ -109.833753828128579, 22.976168982040896 ], [ -109.831822514414185, 22.9761547597505 ], [ -109.830865679787578, 22.976256090748794 ], [ -109.829926485819811, 22.976574317874597 ], [ -109.829317995052349, 22.977003368075039 ], [ -109.828431711005265, 22.977972291660834 ], [ -109.827970068451719, 22.978339196644487 ], [ -109.827471432730661, 22.978470990665826 ], [ -109.827102018398179, 22.978323742891497 ], [ -109.826714968120399, 22.977959592210837 ], [ -109.826492415149616, 22.977750205172839 ], [ -109.826261825001097, 22.977342051107108 ], [ -109.826179654800882, 22.97669112803554 ], [ -109.826273292667253, 22.976014410433933 ], [ -109.826636370702161, 22.974635179827558 ], [ -109.826963397141043, 22.974041478333003 ], [ -109.827270912272795, 22.973668635158184 ], [ -109.827581401363133, 22.973639603649463 ], [ -109.82805856499742, 22.973587955349604 ], [ -109.828680550819229, 22.973591341454249 ], [ -109.829792829245761, 22.973669469659285 ], [ -109.830219170943053, 22.973639881956082 ], [ -109.830748536040019, 22.97357225250866 ], [ -109.831486218350932, 22.973414015873384 ], [ -109.832072007400072, 22.97323017781255 ], [ -109.833374702774179, 22.972607518821654 ] ] ] ] } },
{ "type": "Feature", "properties": { "fid": 22.0, "cat": 22, "NOM_ACUIF": "CABO SAN LUCAS", "CLAVE_ACUI": "0317", "VULNERABIL": 3 }, "geometry": { "type": "MultiPolygon", "coordinates": [ [ [ [ -109.840039573162613, 22.9471495066113 ], [ -109.839668398568492, 22.949504198753505 ], [ -109.839434622002571, 22.950613450011691 ], [ -109.839104473387565, 22.951586512365221 ], [ -109.839093241728193, 22.951604701996526 ], [ -109.839084583320911, 22.951631527821473 ], [ -109.838788003687199, 22.952099031609109 ], [ -109.838168743125891, 22.952663525873636 ], [ -109.837766423951081, 22.952949609023861 ], [ -109.837178728769203, 22.953243364460405 ], [ -109.836601555999209, 22.953446872843291 ], [ -109.835457731202297, 22.953763638429709 ], [ -109.835028543349196, 22.953769519090439 ], [ -109.834884808303158, 22.953470401063701 ], [ -109.835074436542953, 22.952965991036017 ], [ -109.835762684637473, 22.951793384706992 ], [ -109.836064594958557, 22.951230045760749 ], [ -109.836333237933246, 22.950608794981726 ], [ -109.836424175296358, 22.950239141878242 ], [ -109.836428346047185, 22.949751433728753 ], [ -109.836587702331357, 22.949364217865813 ], [ -109.837061597317145, 22.948690277336958 ], [ -109.837692061257044, 22.947954256875295 ], [ -109.839109539822829, 22.946420127615394 ], [ -109.839698279055938, 22.945999920332998 ], [ -109.84004704058988, 22.946273436779354 ], [ -109.840039573162613, 22.9471495066113 ] ] ] ] } },
{ "type": "Feature", "properties": { "fid": 2.0, "cat": 3, "NOM_ACUIF": "CABO SAN LUCAS", "CLAVE_ACUI": "0317", "VULNERABIL": 3 }, "geometry": { "type": "MultiPolygon", "coordinates": [ [ [ [ -109.714027404987988, 23.027296065737051 ], [ -109.714332579377015, 23.026792527740941 ], [ -109.714706421029859, 23.026397706505872 ], [ -109.714897154938967, 23.025892258551597 ], [ -109.714904784108015, 23.025215149537551 ], [ -109.715034483765606, 23.024196625437416 ], [ -109.71521759060613, 23.023746491219185 ], [ -109.715415954320903, 23.023124694773891 ], [ -109.715484618086975, 23.021942138450481 ], [ -109.715461413790308, 23.021502077634995 ], [ -109.715461067792802, 23.021495488594073 ], [ -109.715431213820054, 23.020929336038993 ], [ -109.715370177896133, 23.020189284704195 ], [ -109.715446471764878, 23.019800186229791 ], [ -109.716655067291995, 23.020514171552012 ], [ -109.717570126619265, 23.021270821245096 ], [ -109.71848104694196, 23.021937524824502 ], [ -109.720392217242676, 23.02414772848303 ], [ -109.721375776876968, 23.025393041965334 ], [ -109.722415259620163, 23.026918788632823 ], [ -109.723164168089156, 23.028216388170758 ], [ -109.724551686125736, 23.03067636926734 ], [ -109.726094149341364, 23.033013481944629 ], [ -109.72609414934135, 23.033013481944629 ], [ -109.714027404987988, 23.027296065737051 ] ] ] ] } },
{ "type": "Feature", "properties": { "fid": 20.0, "cat": 16, "NOM_ACUIF": "CABO SAN LUCAS", "CLAVE_ACUI": "0317", "VULNERABIL": 3 }, "geometry": { "type": "MultiPolygon", "coordinates": [ [ [ [ -110.062484741503042, 22.952737809292941 ], [ -110.062904357664877, 22.953750610702578 ], [ -110.063331604527534, 22.954494477467307 ], [ -110.063568114174132, 22.955680848845915 ], [ -110.064826964679852, 22.958053590168632 ], [ -110.065246581788685, 22.959474565143051 ], [ -110.065910338561423, 22.960771561006595 ], [ -110.06645202549312, 22.961622238803383 ], [ -110.066635132396129, 22.962417603350069 ], [ -110.067108153415759, 22.963659287094696 ], [ -110.067466735062837, 22.964166642075007 ], [ -110.067893981529195, 22.965019226085612 ], [ -110.069152831192625, 22.967227935860961 ], [ -110.070007323429323, 22.968536378506965 ], [ -110.070419311722759, 22.969720841103815 ], [ -110.070899962333399, 22.970798492711566 ], [ -110.071449278943632, 22.971759797296031 ], [ -110.071929931648839, 22.972494126050137 ], [ -110.072830200336512, 22.973520279037913 ], [ -110.071471966522211, 22.97403543443566 ], [ -110.071471011637357, 22.974035280110112 ], [ -110.071161238622736, 22.97354183764979 ], [ -110.070769081677312, 22.972830630578194 ], [ -110.070502439272786, 22.972186995978706 ], [ -110.069924273694312, 22.970644254841854 ], [ -110.069414874555065, 22.969575593616788 ], [ -110.068861678705858, 22.968725615933369 ], [ -110.067729893034965, 22.967267108142867 ], [ -110.066995391512364, 22.966269196682514 ], [ -110.066184791138667, 22.964990821807685 ], [ -110.065568291533992, 22.963858109239446 ], [ -110.064529404055492, 22.961738344775149 ], [ -110.064010282899872, 22.960633298778006 ], [ -110.063491791841173, 22.95943792840011 ], [ -110.063146758153309, 22.95855069113227 ], [ -110.06263014936151, 22.95708434969994 ], [ -110.062401482710058, 22.956297157665638 ], [ -110.062232085824135, 22.955401923911502 ], [ -110.062178422678002, 22.954697059894951 ], [ -110.062185478728296, 22.953673491351058 ], [ -110.062263485312741, 22.953065839470838 ], [ -110.062434085125489, 22.952149241018887 ], [ -110.062484741503042, 22.952737809292941 ] ] ] ] } },
{ "type": "Feature", "properties": { "fid": 32.0, "cat": 32, "NOM_ACUIF": "CABO SAN LUCAS", "CLAVE_ACUI": "0317", "VULNERABIL": 4 }, "geometry": { "type": "MultiPolygon", "coordinates": [ [ [ [ -110.005920409479231, 22.895032882897311 ], [ -110.006889342378287, 22.895824432480573 ], [ -110.007186889823117, 22.896118164506042 ], [ -110.008338927652431, 22.896963119265578 ], [ -110.008697509358186, 22.897254944587232 ], [ -110.009483336599899, 22.897539138899205 ], [ -110.009910582734378, 22.897939682199361 ], [ -110.010459899260994, 22.89827728264536 ], [ -110.010940551142824, 22.89873123186474 ], [ -110.012153625663913, 22.899644852042861 ], [ -110.01294708312868, 22.900550843570031 ], [ -110.014160156297578, 22.901462556615609 ], [ -110.01494598262255, 22.901973725717077 ], [ -110.015487670416164, 22.902545929387134 ], [ -110.016098022302742, 22.903110504027609 ], [ -110.017608641478262, 22.904310226098609 ], [ -110.01790618942573, 22.90459251536846 ], [ -110.018638609572179, 22.904932022505299 ], [ -110.019660950222658, 22.906013489496925 ], [ -110.020271301077145, 22.90681076110031 ], [ -110.020454405321303, 22.907037735718298 ], [ -110.020866392707163, 22.90760040376373 ], [ -110.021057127450305, 22.907773971284854 ], [ -110.021667479276331, 22.907886506560612 ], [ -110.021972655681338, 22.907835006776001 ], [ -110.022270201949041, 22.907663346245165 ], [ -110.022460936710345, 22.907438279167707 ], [ -110.022521972590226, 22.90744018507765 ], [ -110.02306365937909, 22.907388687813437 ], [ -110.02342987102989, 22.907789230703546 ], [ -110.023124694978463, 22.908411025511011 ], [ -110.022880554353023, 22.908569336470784 ], [ -110.022811889016737, 22.908914567164668 ], [ -110.022804259789865, 22.909538269479665 ], [ -110.022933958623852, 22.90998840453415 ], [ -110.023414611679669, 22.910606384290414 ], [ -110.023597716587545, 22.911058425794181 ], [ -110.023712157723637, 22.911458969101876 ], [ -110.023590087140022, 22.911573409778029 ], [ -110.023101806332065, 22.911733627704912 ], [ -110.022789001080824, 22.911958695369858 ], [ -110.022544860898449, 22.912181855442757 ], [ -110.022483825833149, 22.912406921609566 ], [ -110.022300718699412, 22.912694931481582 ], [ -110.021965026428362, 22.912763596077554 ], [ -110.021690368391049, 22.91279983639706 ], [ -110.021690367906274, 22.912918091819211 ], [ -110.021873473787991, 22.913198472580479 ], [ -110.02217102089817, 22.913372040396322 ], [ -110.022605895637398, 22.913537978590366 ], [ -110.022842406903635, 22.913656235542817 ], [ -110.02308654792823, 22.913829804184349 ], [ -110.023574829505975, 22.913940429455597 ], [ -110.023750304149885, 22.913887024423648 ], [ -110.023750304871029, 22.913543702439952 ], [ -110.023513793077299, 22.913316726388096 ], [ -110.023269652328366, 22.913036347507305 ], [ -110.02321624665835, 22.912412645047887 ], [ -110.023582457742762, 22.912586212518374 ], [ -110.023696899340337, 22.912866592701548 ], [ -110.024002075091815, 22.913318635158145 ], [ -110.024238585706058, 22.913494110994581 ], [ -110.025642393477796, 22.913619995934408 ], [ -110.026435852012924, 22.913623810115201 ], [ -110.026985167821564, 22.913854599514973 ], [ -110.027587891020843, 22.914245606850361 ], [ -110.028198242259137, 22.915044785240937 ], [ -110.028617858567031, 22.91549873387228 ], [ -110.029037474354027, 22.916061402291948 ], [ -110.029335021575577, 22.916513444311189 ], [ -110.029609679648829, 22.916860581352264 ], [ -110.029762268283065, 22.917087556005686 ], [ -110.030006407415016, 22.917314529379045 ], [ -110.029998777749626, 22.917764664971113 ], [ -110.029640196594002, 22.918159485268049 ], [ -110.029151915162899, 22.918491364700618 ], [ -110.028900145751891, 22.918832779284013 ], [ -110.029014587527357, 22.91916847347537 ], [ -110.02925872710864, 22.919061660386532 ], [ -110.029563902388617, 22.918998718626145 ], [ -110.030052185362649, 22.919174194910923 ], [ -110.030776977313906, 22.919576645550826 ], [ -110.031021118714094, 22.919750213741587 ], [ -110.031333921865325, 22.920139312872372 ], [ -110.031631468620205, 22.920312882237333 ], [ -110.031990050558861, 22.920658112928415 ], [ -110.032234191007205, 22.920768738738275 ], [ -110.032478331269871, 22.920661926000548 ], [ -110.031822204898063, 22.91986083941017 ], [ -110.031578063715884, 22.9196891783211 ], [ -110.031509399497168, 22.919580460396677 ], [ -110.031509398207973, 22.919355393250154 ], [ -110.031639099130516, 22.919239044232878 ], [ -110.031822203912029, 22.919239043397823 ], [ -110.031997680869992, 22.919467926554404 ], [ -110.032554624978957, 22.920038224327666 ], [ -110.033035278536815, 22.920665741125056 ], [ -110.033935545564177, 22.921510697516243 ], [ -110.035385131616465, 22.923101426164251 ], [ -110.035865783691918, 22.923843383575516 ], [ -110.036781310648493, 22.924861908178812 ], [ -110.037384032186779, 22.925767898796988 ], [ -110.037803648525667, 22.926221848052553 ], [ -110.038352966251793, 22.926731109229252 ], [ -110.038650512455931, 22.927076339478159 ], [ -110.03895568764186, 22.927474976856701 ], [ -110.039321898695533, 22.928092956039809 ], [ -110.040466307131183, 22.929174424127879 ], [ -110.040946960398131, 22.929521562220554 ], [ -110.041740416912731, 22.930482864760712 ], [ -110.042343139799371, 22.931045532766465 ], [ -110.042823791856279, 22.931789398384783 ], [ -110.043434143237278, 22.932245256101428 ], [ -110.043792725209457, 22.93263626159542 ], [ -110.044403074582235, 22.933036804098087 ], [ -110.044792175238058, 22.933734893347292 ], [ -110.044883727777005, 22.933889389493668 ], [ -110.045372008399028, 22.934062959364287 ], [ -110.046104430381263, 22.934068680756663 ], [ -110.046664526029403, 22.934636144575204 ], [ -110.046829222409514, 22.934803009665043 ], [ -110.047485351717782, 22.935819626443173 ], [ -110.047729491806052, 22.936271667959961 ], [ -110.049430846843663, 22.938234330163894 ], [ -110.049972533925839, 22.938833236643013 ], [ -110.050148010404811, 22.93911552497563 ], [ -110.050697325800897, 22.93984985365887 ], [ -110.051483153830858, 22.94064903358268 ], [ -110.053176879017769, 22.942237854680524 ], [ -110.0535354607416, 22.942468644000662 ], [ -110.053901671207299, 22.943084716301264 ], [ -110.054328918810242, 22.943429947823713 ], [ -110.054748534363668, 22.94371223604762 ], [ -110.053574528879878, 22.9434641550517 ], [ -110.052772538858548, 22.943142950600095 ], [ -110.051932711712254, 22.942722103074097 ], [ -110.050738394329187, 22.94196525378366 ], [ -110.050313590520844, 22.941661454375723 ], [ -110.050272550383738, 22.941637291346375 ], [ -110.049399193707842, 22.941008809859781 ], [ -110.048672065453175, 22.940390233015012 ], [ -110.047364047655591, 22.939162980240262 ], [ -110.046628198445632, 22.938399819819921 ], [ -110.045728662172067, 22.9373375949395 ], [ -110.044965286603826, 22.936330380390757 ], [ -110.043574713162201, 22.934370957262733 ], [ -110.042666173528275, 22.933209302619879 ], [ -110.041331121595064, 22.931683762353629 ], [ -110.040014583684581, 22.930302845559961 ], [ -110.03740006890331, 22.927685615448574 ], [ -110.036161171311534, 22.92636836733795 ], [ -110.03505894077324, 22.925033875352629 ], [ -110.034460774646689, 22.924126975740361 ], [ -110.034025233496862, 22.923254853859291 ], [ -110.032885783933267, 22.922085048613777 ], [ -110.032100005570456, 22.921511205280357 ], [ -110.031341559973384, 22.921208503873043 ], [ -110.030596780165382, 22.92104137180112 ], [ -110.030357885806538, 22.921039913308778 ], [ -110.029831857677777, 22.920964439516982 ], [ -110.029219102800667, 22.920743911809701 ], [ -110.028723874008278, 22.920451839615676 ], [ -110.028653949292774, 22.920399316781626 ], [ -110.02785094677742, 22.919796149233694 ], [ -110.027346231656765, 22.919467884315523 ], [ -110.026705009993591, 22.919138781320971 ], [ -110.026141021882083, 22.91891854091822 ], [ -110.025609663477582, 22.918750841649878 ], [ -110.025090280672131, 22.918586919841822 ], [ -110.024526426954068, 22.918348609408575 ], [ -110.023885605879357, 22.917965302058672 ], [ -110.023381425228862, 22.917564767247047 ], [ -110.022918660928113, 22.917130362465603 ], [ -110.019945850537127, 22.915303515665286 ], [ -110.017830428375774, 22.913881361103211 ], [ -110.01688417761018, 22.913107543042447 ], [ -110.017278246155414, 22.913381152088327 ], [ -110.016162514059886, 22.912606473458016 ], [ -110.015174655180431, 22.911679025703549 ], [ -110.014643950271278, 22.910907962742705 ], [ -110.014039693336315, 22.909522224063977 ], [ -110.013929469410428, 22.909346399138283 ], [ -110.013324474540624, 22.908650652969701 ], [ -110.011841584420594, 22.907422034175873 ], [ -110.010530282695598, 22.906736427308982 ], [ -110.009772953941535, 22.906298143889156 ], [ -110.009074521814199, 22.90580602867383 ], [ -110.008667794877269, 22.905424122055305 ], [ -110.00822575739312, 22.904870374535328 ], [ -110.00814604609333, 22.904770518303657 ], [ -110.007836294443138, 22.904461475835141 ], [ -110.007428786083977, 22.904187952576944 ], [ -110.007059356674915, 22.904041122734583 ], [ -110.006358576926459, 22.903874155107594 ], [ -110.005833816369346, 22.903636025016432 ], [ -110.004960317970401, 22.903088601331049 ], [ -110.004029253788886, 22.902414355803501 ], [ -110.00178994136617, 22.900774443040099 ], [ -110.000113022811149, 22.899800034429877 ], [ -109.999270086102584, 22.899497449447257 ], [ -109.998599412274359, 22.899284634657249 ], [ -109.998064203059641, 22.899077920187786 ], [ -109.997686797436501, 22.898726494762652 ], [ -109.997502598315904, 22.898382362832127 ], [ -109.99740143361916, 22.898087300547139 ], [ -109.997794312158476, 22.898109335320779 ], [ -109.998646684988614, 22.897896242113237 ], [ -110.000440219485341, 22.897256962490651 ], [ -110.002485945992618, 22.896136050214551 ], [ -110.003631056314248, 22.895529015753741 ], [ -110.004551142613863, 22.895108272648017 ], [ -110.005363463268608, 22.89485931491085 ], [ -110.005920409479231, 22.895032882897311 ] ] ] ] } },
{ "type": "Feature", "properties": { "fid": 25.0, "cat": 18, "NOM_ACUIF": "CABO SAN LUCAS", "CLAVE_ACUI": "0317", "VULNERABIL": 3 }, "geometry": { "type": "MultiPolygon", "coordinates": [ [ [ [ -110.054992675351059, 22.943714141817942 ], [ -110.055114746098042, 22.94354248182243 ], [ -110.055603027686516, 22.943546295449238 ], [ -110.055908202317468, 22.943836211482264 ], [ -110.056205749256051, 22.944065094127016 ], [ -110.056686399915748, 22.944347383230163 ], [ -110.056877135576798, 22.944576264360567 ], [ -110.057109650687792, 22.944764817242611 ], [ -110.056574093575833, 22.94530739678455 ], [ -110.055864648702638, 22.946156233426855 ], [ -110.055237941270846, 22.947077487127196 ], [ -110.054477756315279, 22.948400757590651 ], [ -110.053509408400785, 22.950165853503652 ], [ -110.052761791663201, 22.951500224553822 ], [ -110.052226581670823, 22.952344586341539 ], [ -110.051822212476296, 22.952982521645296 ], [ -110.050256897945673, 22.955059695296029 ], [ -110.048703246619127, 22.95685691025788 ], [ -110.045607538341585, 22.96017134863952 ], [ -110.044074797608715, 22.961751857006494 ], [ -110.042572363779172, 22.963178977946278 ], [ -110.041601067665539, 22.963977012410737 ], [ -110.040189620964924, 22.964943996327694 ], [ -110.039445639894097, 22.965318860397634 ], [ -110.038625155456842, 22.965476474722568 ], [ -110.038001666568022, 22.965364302177576 ], [ -110.036951690724663, 22.964870168610439 ], [ -110.036348610293757, 22.964631657320773 ], [ -110.035589341354878, 22.964410259129785 ], [ -110.034926972903065, 22.964279773036932 ], [ -110.033699137045332, 22.964109709049627 ], [ -110.033083748900751, 22.963956655074679 ], [ -110.032571156709935, 22.96361507174807 ], [ -110.031436326028484, 22.962713918434893 ], [ -110.030913998977951, 22.962096511562809 ], [ -110.030481842306642, 22.961145448676696 ], [ -110.030283906519756, 22.960177751809582 ], [ -110.030122254298064, 22.958225724497069 ], [ -110.030011782901198, 22.957303724891755 ], [ -110.029842019810118, 22.956489753578118 ], [ -110.0296695525643, 22.956055134293749 ], [ -110.029321914331049, 22.955565247413208 ], [ -110.028904523022376, 22.955282682343658 ], [ -110.027999988972084, 22.954924871145199 ], [ -110.026909826367415, 22.954611079190041 ], [ -110.024543883729876, 22.954027494771662 ], [ -110.023405295801581, 22.953668218422703 ], [ -110.02235546546558, 22.953173992408011 ], [ -110.021744334486186, 22.952709563328316 ], [ -110.020960773509159, 22.951810504172332 ], [ -110.020594451981253, 22.9512120928588 ], [ -110.020279044153881, 22.950315920094091 ], [ -110.020119684941633, 22.949420710606685 ], [ -110.019957014727595, 22.947631255020426 ], [ -110.019816905060352, 22.946772294309934 ], [ -110.019559245925976, 22.94598486778068 ], [ -110.019269923969361, 22.94553145067658 ], [ -110.018659618781143, 22.944958624681345 ], [ -110.018174080429432, 22.944666578499401 ], [ -110.017797941868039, 22.944531772816617 ], [ -110.01739649315914, 22.944300462015864 ], [ -110.016550186632145, 22.943997143986437 ], [ -110.01574184847108, 22.943838578283088 ], [ -110.014163140981537, 22.943666191750001 ], [ -110.013393686501217, 22.943525920920834 ], [ -110.012683486807219, 22.943284127684134 ], [ -110.012217388568985, 22.943003746389792 ], [ -110.011607125072061, 22.942430894514683 ], [ -110.011298726431789, 22.94192314940522 ], [ -110.010983793353503, 22.940972767035287 ], [ -110.010767304202318, 22.939896541713523 ], [ -110.010432773506295, 22.937618247868841 ], [ -110.010216292995324, 22.936542021686655 ], [ -110.009901378478901, 22.935591637234264 ], [ -110.009593000790318, 22.935083889143932 ], [ -110.008982782895103, 22.934511028242575 ], [ -110.008536178016001, 22.934237262070958 ], [ -110.007806579706397, 22.9339888237499 ], [ -110.007037187328777, 22.933848524074186 ], [ -110.005458609740259, 22.933676055170746 ], [ -110.004650215567594, 22.933535499669553 ], [ -110.003803609725693, 22.933286309502368 ], [ -110.003200994698844, 22.933011549537895 ], [ -110.002239758789358, 22.932436459037149 ], [ -110.001756022620285, 22.931909529141038 ], [ -110.001266049179037, 22.930903832749248 ], [ -110.000933164167904, 22.92975460256292 ], [ -110.00042448891675, 22.927312608167629 ], [ -110.000072116473589, 22.92616325344774 ], [ -109.999523668642254, 22.925157183677026 ], [ -109.998961960381422, 22.924629754539801 ], [ -109.997825284749595, 22.924053532828555 ], [ -109.997144715699562, 22.923778259076311 ], [ -109.996239679953888, 22.923528661390225 ], [ -109.995411855322303, 22.923387937855832 ], [ -109.993833417926382, 22.923215357935231 ], [ -109.993064103143297, 22.923074993010673 ], [ -109.992334594950194, 22.922826486350466 ], [ -109.991888062816827, 22.922552675486088 ], [ -109.991277976174388, 22.921979750261748 ], [ -109.990988664465959, 22.921544349632494 ], [ -109.990730814316478, 22.920811074179415 ], [ -109.990590375475463, 22.920024349326876 ], [ -109.990426909417167, 22.918397450242004 ], [ -109.990286608086976, 22.917592660774083 ], [ -109.990029169956031, 22.916805191434442 ], [ -109.989740408238816, 22.91629753173488 ], [ -109.989131563685518, 22.915562020790233 ], [ -109.988607729747756, 22.91519738378782 ], [ -109.987645071663607, 22.914838981389263 ], [ -109.98656447637822, 22.914606276594196 ], [ -109.984285353558533, 22.914266546844466 ], [ -109.983165634112851, 22.914051634109871 ], [ -109.982085593538955, 22.91374664240988 ], [ -109.981405244702813, 22.913453239607346 ], [ -109.980444240861971, 22.912878023979015 ], [ -109.980341246608518, 22.912308312665822 ], [ -109.980993254763931, 22.911174395911392 ], [ -109.982182910099297, 22.909854238061108 ], [ -109.985099794585281, 22.907027644139262 ], [ -109.986778261105158, 22.90552088673007 ], [ -109.988896822069961, 22.903827227361365 ], [ -109.990749291825168, 22.902511216157112 ], [ -109.993785555110478, 22.900520717056555 ], [ -109.994887599199402, 22.899711483063218 ], [ -109.995692368746859, 22.899200785661822 ], [ -109.996673123093757, 22.898609328390968 ], [ -109.99740143361916, 22.898087300547139 ], [ -109.997502598315904, 22.898382362832127 ], [ -109.997686797436501, 22.898726494762652 ], [ -109.998064203059641, 22.899077920187786 ], [ -109.998599412274359, 22.899284634657249 ], [ -109.999270086102584, 22.899497449447257 ], [ -110.000113022811149, 22.899800034429877 ], [ -110.00178994136617, 22.900774443040099 ], [ -110.004029253788886, 22.902414355803501 ], [ -110.004960317970401, 22.903088601331049 ], [ -110.005833816369346, 22.903636025016432 ], [ -110.006358576926459, 22.903874155107594 ], [ -110.006880726368735, 22.903998562647217 ], [ -110.007059356674915, 22.904041122734583 ], [ -110.007428786083977, 22.904187952576944 ], [ -110.007836294443138, 22.904461475835141 ], [ -110.00814604609333, 22.904770518303657 ], [ -110.00822575739312, 22.904870374535328 ], [ -110.008667794877269, 22.905424122055305 ], [ -110.009074521814199, 22.90580602867383 ], [ -110.009772953941535, 22.906298143889156 ], [ -110.010530282695598, 22.906736427308982 ], [ -110.011841584420594, 22.907422034175873 ], [ -110.013324474540624, 22.908650652969701 ], [ -110.013929469410428, 22.909346399138283 ], [ -110.014039693336315, 22.909522224063977 ], [ -110.014643950271278, 22.910907962742705 ], [ -110.015174655180431, 22.911679025703549 ], [ -110.016162514059886, 22.912606473458016 ], [ -110.01688417761018, 22.913107543042447 ], [ -110.017830428375774, 22.913881361103211 ], [ -110.019945850537127, 22.915303515665286 ], [ -110.022918660928113, 22.917130362465603 ], [ -110.023381425228862, 22.917564767247047 ], [ -110.023885605879357, 22.917965302058672 ], [ -110.024526426954068, 22.918348609408575 ], [ -110.025090280672131, 22.918586919841822 ], [ -110.025609663477582, 22.918750841649878 ], [ -110.026141021882083, 22.91891854091822 ], [ -110.026705009993591, 22.919138781320971 ], [ -110.027346231656765, 22.919467884315523 ], [ -110.02785094677742, 22.919796149233694 ], [ -110.028653949292774, 22.920399316781626 ], [ -110.028723874008278, 22.920451839615676 ], [ -110.029219102800667, 22.920743911809701 ], [ -110.029831857677777, 22.920964439516982 ], [ -110.030357885806538, 22.921039913308778 ], [ -110.030596780165382, 22.92104137180112 ], [ -110.031341559973384, 22.921208503873043 ], [ -110.032100005570456, 22.921511205280357 ], [ -110.032885783933267, 22.922085048613777 ], [ -110.034025233496862, 22.923254853859291 ], [ -110.034460774646689, 22.924126975740361 ], [ -110.03505894077324, 22.925033875352629 ], [ -110.036161171311534, 22.92636836733795 ], [ -110.03740006890331, 22.927685615448574 ], [ -110.040014583684581, 22.930302845559961 ], [ -110.041331121595064, 22.931683762353629 ], [ -110.042666173528275, 22.933209302619879 ], [ -110.043574713162201, 22.934370957262733 ], [ -110.044965286603826, 22.936330380390757 ], [ -110.045728662172067, 22.9373375949395 ], [ -110.046628198445632, 22.938399819819921 ], [ -110.047364047655591, 22.939162980240262 ], [ -110.048672065453175, 22.940390233015012 ], [ -110.049399193707842, 22.941008809859781 ], [ -110.050272550383738, 22.941637291346375 ], [ -110.050313590520844, 22.941661454375723 ], [ -110.050738394329187, 22.94196525378366 ], [ -110.051932711712254, 22.942722103074097 ], [ -110.052772538858548, 22.943142950600095 ], [ -110.053574528879878, 22.9434641550517 ], [ -110.054748534363668, 22.94371223604762 ], [ -110.054992675351059, 22.943714141817942 ] ] ] ] } },
{ "type": "Feature", "properties": { "fid": 36.0, "cat": 36, "NOM_ACUIF": "CABO SAN LUCAS", "CLAVE_ACUI": "0317", "VULNERABIL": 3 }, "geometry": { "type": "MultiPolygon", "coordinates": [ [ [ [ -109.98069000276611, 22.878561020638401 ], [ -109.981781006248411, 22.878955840455909 ], [ -109.982940672977051, 22.879587173559809 ], [ -109.984939574135254, 22.880846024359897 ], [ -109.986938475374657, 22.88192558250681 ], [ -109.987487793107405, 22.882669449717085 ], [ -109.988334656410203, 22.88306236349197 ], [ -109.988815307980431, 22.883462905885622 ], [ -109.989181519158578, 22.883691787518973 ], [ -109.989791868703861, 22.883749008894412 ], [ -109.990402220341949, 22.883871078646855 ], [ -109.990699766763214, 22.884098053040255 ], [ -109.991188049871141, 22.884660721590301 ], [ -109.991668700715579, 22.885061265044765 ], [ -109.992210387259078, 22.885633469859997 ], [ -109.992332457889304, 22.886087418260175 ], [ -109.992752074611914, 22.886478425200153 ], [ -109.99347686795177, 22.886997224185947 ], [ -109.99584198020321, 22.888753891327259 ], [ -109.996574402301121, 22.889211654414979 ], [ -109.997604370439561, 22.88973236144405 ], [ -109.998512267278386, 22.890415191740757 ], [ -109.999999998707253, 22.891138076502141 ], [ -110.001068115802852, 22.89161682108054 ], [ -110.001426695928288, 22.891952515297813 ], [ -110.001724242657161, 22.892297744840409 ], [ -110.002151488220264, 22.892526626250874 ], [ -110.002700804608978, 22.892639160373463 ], [ -110.003005980358822, 22.892864227275531 ], [ -110.003669738617418, 22.893384933875648 ], [ -110.004096983906734, 22.893495559511191 ], [ -110.004577636014687, 22.89384269810926 ], [ -110.005249022719582, 22.89452362063734 ], [ -110.005363463268608, 22.89485931491085 ], [ -110.004551142613863, 22.895108272648017 ], [ -110.003631056314248, 22.895529015753741 ], [ -110.002485945992618, 22.896136050214551 ], [ -110.000440219485341, 22.897256962490651 ], [ -109.998646684988614, 22.897896242113237 ], [ -109.997794312158476, 22.898109335320779 ], [ -109.99740143361916, 22.898087300547139 ], [ -109.997001154081715, 22.897950841724089 ], [ -109.996493915381023, 22.897599235019971 ], [ -109.996083345609009, 22.8970893223964 ], [ -109.994776817759302, 22.895780371290368 ], [ -109.993904880602059, 22.895034181972953 ], [ -109.992595592333714, 22.894104564995533 ], [ -109.991285387266927, 22.893301388029794 ], [ -109.988664086985452, 22.891821453300448 ], [ -109.987382369034776, 22.891126817454978 ], [ -109.986158484206143, 22.890522866237923 ], [ -109.985400386310943, 22.890210921860696 ], [ -109.984721610245202, 22.889996461924071 ], [ -109.984039772298217, 22.889642212357685 ], [ -109.981641487123014, 22.888344241999011 ], [ -109.980893600752097, 22.88790086802296 ], [ -109.978304163233346, 22.88617307826097 ], [ -109.977668648626377, 22.885665503606869 ], [ -109.977214040250828, 22.885266858641703 ], [ -109.976715726407051, 22.884602578379305 ], [ -109.976449475870567, 22.884178366878341 ], [ -109.976292343612428, 22.883956147288369 ], [ -109.976505801795511, 22.883456962623821 ], [ -109.976876693403625, 22.882713246837895 ], [ -109.977294484358424, 22.881924332069609 ], [ -109.97791582151747, 22.880751040083933 ], [ -109.978338208432191, 22.880019379960785 ], [ -109.978870213729209, 22.879340162393497 ], [ -109.979454698599881, 22.878722088317691 ], [ -109.979915694061987, 22.878336668283715 ], [ -109.98069000276611, 22.878561020638401 ] ] ] ] } },
{ "type": "Feature", "properties": { "fid": 8.0, "cat": 5, "NOM_ACUIF": "CABO SAN LUCAS", "CLAVE_ACUI": "0317", "VULNERABIL": 2 }, "geometry": { "type": "MultiPolygon", "coordinates": [ [ [ [ -110.05899810772415, 22.946899415328641 ], [ -110.05929565372135, 22.947631837337518 ], [ -110.059715270233411, 22.948312760401794 ], [ -110.060317992363409, 22.949111938495832 ], [ -110.060981749395381, 22.949901581768998 ], [ -110.061958313008617, 22.949907303350017 ], [ -110.062324522489433, 22.950876236747948 ], [ -110.062434085125489, 22.952149241018887 ], [ -110.062263485312741, 22.953065839470838 ], [ -110.062185478728296, 22.953673491351058 ], [ -110.062178422678002, 22.954697059894951 ], [ -110.062232085824135, 22.955401923911502 ], [ -110.062401482710058, 22.956297157665638 ], [ -110.06263014936151, 22.95708434969994 ], [ -110.063146758153309, 22.95855069113227 ], [ -110.063491791841173, 22.95943792840011 ], [ -110.064010282899872, 22.960633298778006 ], [ -110.064529404055492, 22.961738344775149 ], [ -110.065568291533992, 22.963858109239446 ], [ -110.066184791138667, 22.964990821807685 ], [ -110.066995391512364, 22.966269196682514 ], [ -110.067729893034965, 22.967267108142867 ], [ -110.068861678705858, 22.968725615933369 ], [ -110.069414874555065, 22.969575593616788 ], [ -110.069924273694312, 22.970644254841854 ], [ -110.070502439272786, 22.972186995978706 ], [ -110.070769081677312, 22.972830630578194 ], [ -110.071161238622736, 22.97354183764979 ], [ -110.071471011637357, 22.974035280110112 ], [ -110.070291037170776, 22.97448237631966 ], [ -110.070290043767926, 22.974483705157215 ], [ -110.016741900146755, 22.994771933414889 ], [ -110.016706765108168, 22.99475705024394 ], [ -110.016675780896961, 22.99474147818103 ], [ -110.016605728141244, 22.994698706985602 ], [ -110.016584476117558, 22.994684854690927 ], [ -110.016534651595762, 22.994652378516708 ], [ -110.0164771464529, 22.994614896040236 ], [ -110.016017425602897, 22.994315244998873 ], [ -110.01528272222815, 22.99376765804432 ], [ -110.014147767368229, 22.992866379570177 ], [ -110.01360484929593, 22.99239330902709 ], [ -110.013111042334714, 22.991875380050686 ], [ -110.012830947038751, 22.991485236672254 ], [ -110.012484467767976, 22.990832736011267 ], [ -110.012331923196939, 22.99034402908563 ], [ -110.012220767357078, 22.989530409356981 ], [ -110.01218805152341, 22.988663083443679 ], [ -110.012201058237807, 22.986874725234724 ], [ -110.012110598402842, 22.985898648779916 ], [ -110.011894514467471, 22.985032535498224 ], [ -110.011594586095754, 22.984414097023652 ], [ -110.010899308769169, 22.983434246218771 ], [ -110.010553252620582, 22.982727549039563 ], [ -110.010210358520936, 22.981587309718659 ], [ -110.010116427271129, 22.981089934169525 ], [ -110.009830687879216, 22.980139734030161 ], [ -110.009662208488436, 22.979163168546055 ], [ -110.009499656657425, 22.977373712394137 ], [ -110.009359834535317, 22.976768693928367 ], [ -110.009359297968203, 22.976766372161432 ], [ -110.009357725268586, 22.976759566969598 ], [ -110.009352891012583, 22.976738648769196 ], [ -110.009301062187149, 22.976514381044339 ], [ -110.0088678316488, 22.975725842699621 ], [ -110.008344376192028, 22.975270942371466 ], [ -110.007207243684547, 22.974694775213838 ], [ -110.006584800067742, 22.974437964866752 ], [ -110.005854596616302, 22.974243704027415 ], [ -110.005260033075103, 22.974176746436804 ], [ -110.004206544686411, 22.974170132035468 ], [ -110.003631623990429, 22.97408522671849 ], [ -110.002960351730934, 22.973837127991793 ], [ -110.002624632337742, 22.973634293424091 ], [ -110.002182644856234, 22.973470933825549 ], [ -110.00175543861404, 22.973197268662876 ], [ -110.001145090539865, 22.97262437546275 ], [ -110.000855778297918, 22.972170926426742 ], [ -110.000598188093761, 22.971383473731752 ], [ -110.000458183057873, 22.970524501875591 ], [ -110.000295758487525, 22.968735038986932 ], [ -110.000185086008074, 22.967867219171062 ], [ -110.000015492156066, 22.967053222759464 ], [ -109.999843508202702, 22.96656438184797 ], [ -109.999497151120863, 22.965911855191663 ], [ -109.99925576304139, 22.965576128598325 ], [ -109.998877955046794, 22.965221475371809 ], [ -109.998489663379232, 22.964966112799814 ], [ -109.997702598306844, 22.964554676367928 ], [ -109.997177358060839, 22.964352640105009 ], [ -109.996388700752092, 22.964157967689413 ], [ -109.995599512116982, 22.964035548174358 ], [ -109.994020605014455, 22.963862954219774 ], [ -109.993251061923971, 22.963722582724689 ], [ -109.992521338513086, 22.963474070403137 ], [ -109.992074675991191, 22.963200256677581 ], [ -109.991464413404657, 22.962627328532324 ], [ -109.991156048879361, 22.962119546569742 ], [ -109.990841217230525, 22.961169129911301 ], [ -109.990624863008179, 22.960092884296056 ], [ -109.990290635650425, 22.957814563862911 ], [ -109.990074290049776, 22.956738317394304 ], [ -109.989759476944855, 22.955787898667623 ], [ -109.989451133370423, 22.955280113738965 ], [ -109.988840916411235, 22.954707176596248 ], [ -109.988394289791884, 22.954433353497603 ], [ -109.987664625325934, 22.954184820634786 ], [ -109.98689514443042, 22.954044420314464 ], [ -109.985316367455127, 22.953871744011728 ], [ -109.984527250389064, 22.953749271722398 ], [ -109.983738674668942, 22.953554538978029 ], [ -109.983213498900099, 22.953352458444687 ], [ -109.982426548955431, 22.952940949648987 ], [ -109.982038323962058, 22.952685548759661 ], [ -109.981660596990551, 22.952330856827469 ], [ -109.981419276786838, 22.951995104950583 ], [ -109.981073043982803, 22.951342541355643 ], [ -109.98090114649473, 22.950853682088841 ], [ -109.980731685907145, 22.950039668215936 ], [ -109.980621149091746, 22.949171837736024 ], [ -109.980459000201591, 22.947382360023248 ], [ -109.980260762071765, 22.946504933050694 ], [ -109.979828197842693, 22.94566212940223 ], [ -109.979305496957068, 22.945134882539705 ], [ -109.978169963407353, 22.944395941149889 ], [ -109.977550656269045, 22.944088104317373 ], [ -109.976593757487777, 22.943898027966494 ], [ -109.974314178378108, 22.943558139477442 ], [ -109.973233247587316, 22.943343401456467 ], [ -109.972999739599459, 22.94326963039088 ], [ -109.972270028851966, 22.943039093650714 ], [ -109.972211652104406, 22.943020650570112 ], [ -109.971745593957493, 22.942746656462749 ], [ -109.97113550841469, 22.942173655039888 ], [ -109.970846222468708, 22.941738219561223 ], [ -109.970588448502482, 22.941004915758366 ], [ -109.970448110867707, 22.940218178505713 ], [ -109.970284872233691, 22.938591270570967 ], [ -109.970144674902485, 22.937786468865564 ], [ -109.96988732135496, 22.936998971662806 ], [ -109.969598596614574, 22.936491277762222 ], [ -109.96898977841289, 22.935755692078427 ], [ -109.968446422551693, 22.935390861915781 ], [ -109.967425172579453, 22.935031954292572 ], [ -109.966266446246138, 22.934798599842107 ], [ -109.963811522726942, 22.934457423348519 ], [ -109.962603982100035, 22.934232756285081 ], [ -109.961436278506454, 22.933899951016599 ], [ -109.96069764594229, 22.933569947215222 ], [ -109.959649454668806, 22.932912742273857 ], [ -109.958949699559938, 22.932601050337102 ], [ -109.957898621696629, 22.932323179329174 ], [ -109.956846579828223, 22.932171749790697 ], [ -109.954741533474419, 22.931995318243274 ], [ -109.95377691359711, 22.931889606487882 ], [ -109.952988097081828, 22.931748918675186 ], [ -109.952638021921373, 22.931620154789883 ], [ -109.952376612388221, 22.931374553252962 ], [ -109.952537634654718, 22.930725278181523 ], [ -109.953282097438489, 22.92902305174594 ], [ -109.954361819094629, 22.926835275598425 ], [ -109.956856411626589, 22.921974144141767 ], [ -109.957945697584634, 22.919795433607124 ], [ -109.958719072314864, 22.918120462715169 ], [ -109.958918771529511, 22.917507562282196 ], [ -109.958744507880567, 22.917343834965951 ], [ -109.958824994451348, 22.917019192803913 ], [ -109.959240714130985, 22.916208992852255 ], [ -109.959853086465827, 22.915183299550709 ], [ -109.961274454953184, 22.91291641043258 ], [ -109.961966033874575, 22.911728640440902 ], [ -109.962619425826617, 22.910432227413402 ], [ -109.963016838644023, 22.909459310873324 ], [ -109.963555684655944, 22.907836974765786 ], [ -109.963873987781156, 22.907008059511323 ], [ -109.964290056551164, 22.906143650687973 ], [ -109.964665201866239, 22.905531884417471 ], [ -109.965374565842026, 22.904560992910007 ], [ -109.965690246448844, 22.904075291936238 ], [ -109.965872256506614, 22.903702969558218 ], [ -109.965927929965929, 22.903589082660837 ], [ -109.966008390059656, 22.903264435379146 ], [ -109.96601208792579, 22.902776703087142 ], [ -109.966409246899104, 22.901830871676982 ], [ -109.967596997832004, 22.899481102384065 ], [ -109.969179371530473, 22.896510637184871 ], [ -109.972738534903684, 22.889948953218042 ], [ -109.973829041516439, 22.887600292172614 ], [ -109.974701032938057, 22.885324025243744 ], [ -109.975346179701233, 22.884031345802669 ], [ -109.975901204805353, 22.884116214692813 ], [ -109.976292343612428, 22.883956147288369 ], [ -109.976456686815638, 22.884189855968085 ], [ -109.976715726407051, 22.884602578379305 ], [ -109.977214040250828, 22.885266858641703 ], [ -109.977668648626377, 22.885665503606869 ], [ -109.978304163233346, 22.88617307826097 ], [ -109.980893600752097, 22.88790086802296 ], [ -109.981641487123014, 22.888344241999011 ], [ -109.984039772298217, 22.889642212357685 ], [ -109.984721610245202, 22.889996461924071 ], [ -109.985400386310943, 22.890210921860696 ], [ -109.986158484206143, 22.890522866237923 ], [ -109.987382369034776, 22.891126817454978 ], [ -109.988664086985452, 22.891821453300448 ], [ -109.991285387266927, 22.893301388029794 ], [ -109.992595592333714, 22.894104564995533 ], [ -109.993904880602059, 22.895034181972953 ], [ -109.994776817759302, 22.895780371290368 ], [ -109.996083345609009, 22.8970893223964 ], [ -109.996493915381023, 22.897599235019971 ], [ -109.997001154081715, 22.897950841724089 ], [ -109.99740143361916, 22.898087300547139 ], [ -109.996673123093757, 22.898609328390968 ], [ -109.995692368746859, 22.899200785661822 ], [ -109.994887599199402, 22.899711483063218 ], [ -109.993785555110478, 22.900520717056555 ], [ -109.990749291825168, 22.902511216157112 ], [ -109.988896822069961, 22.903827227361365 ], [ -109.986778261105158, 22.90552088673007 ], [ -109.985099794585281, 22.907027644139262 ], [ -109.982182910099297, 22.909854238061108 ], [ -109.980993254763931, 22.911174395911392 ], [ -109.980341246608518, 22.912308312665822 ], [ -109.980444240861971, 22.912878023979015 ], [ -109.981405244702813, 22.913453239607346 ], [ -109.982085593538955, 22.91374664240988 ], [ -109.983165634112851, 22.914051634109871 ], [ -109.984285353558533, 22.914266546844466 ], [ -109.98656447637822, 22.914606276594196 ], [ -109.987645071663607, 22.914838981389263 ], [ -109.988607729747756, 22.91519738378782 ], [ -109.989131563685518, 22.915562020790233 ], [ -109.989740408238816, 22.91629753173488 ], [ -109.990029169956031, 22.916805191434442 ], [ -109.990286608086976, 22.917592660774083 ], [ -109.990426909417167, 22.918397450242004 ], [ -109.990590375475463, 22.920024349326876 ], [ -109.990730814316478, 22.920811074179415 ], [ -109.990988664465959, 22.921544349632494 ], [ -109.991277976174388, 22.921979750261748 ], [ -109.991888062816827, 22.922552675486088 ], [ -109.992334594950194, 22.922826486350466 ], [ -109.993064103143297, 22.923074993010673 ], [ -109.993833417926382, 22.923215357935231 ], [ -109.995411855322303, 22.923387937855832 ], [ -109.996239679953888, 22.923528661390225 ], [ -109.997144715699562, 22.923778259076311 ], [ -109.997825284749595, 22.924053532828555 ], [ -109.998961960381422, 22.924629754539801 ], [ -109.999523668642254, 22.925157183677026 ], [ -110.000072116473589, 22.92616325344774 ], [ -110.00042448891675, 22.927312608167629 ], [ -110.000933164167904, 22.92975460256292 ], [ -110.001266049179037, 22.930903832749248 ], [ -110.001756022620285, 22.931909529141038 ], [ -110.002239758789358, 22.932436459037149 ], [ -110.003200994698844, 22.933011549537895 ], [ -110.003803609725693, 22.933286309502368 ], [ -110.004650215567594, 22.933535499669553 ], [ -110.005458609740259, 22.933676055170746 ], [ -110.007037187328777, 22.933848524074186 ], [ -110.007806579706397, 22.9339888237499 ], [ -110.008536178016001, 22.934237262070958 ], [ -110.008982782895103, 22.934511028242575 ], [ -110.009593000790318, 22.935083889143932 ], [ -110.009901378478901, 22.935591637234264 ], [ -110.010216292995324, 22.936542021686655 ], [ -110.010432773506295, 22.937618247868841 ], [ -110.010767304202318, 22.939896541713523 ], [ -110.010983793353503, 22.940972767035287 ], [ -110.011298726431789, 22.94192314940522 ], [ -110.011607125072061, 22.942430894514683 ], [ -110.012217388568985, 22.943003746389792 ], [ -110.012683486807219, 22.943284127684134 ], [ -110.013393686501217, 22.943525920920834 ], [ -110.014163140981537, 22.943666191750001 ], [ -110.01574184847108, 22.943838578283088 ], [ -110.016550186632145, 22.943997143986437 ], [ -110.01739649315914, 22.944300462015864 ], [ -110.017797941868039, 22.944531772816617 ], [ -110.018174080429432, 22.944666578499401 ], [ -110.018659618781143, 22.944958624681345 ], [ -110.019269923969361, 22.94553145067658 ], [ -110.019559245925976, 22.94598486778068 ], [ -110.019816905060352, 22.946772294309934 ], [ -110.019957014727595, 22.947631255020426 ], [ -110.020119684941633, 22.949420710606685 ], [ -110.020279044153881, 22.950315920094091 ], [ -110.020594451981253, 22.9512120928588 ], [ -110.020960773509159, 22.951810504172332 ], [ -110.021744334486186, 22.952709563328316 ], [ -110.02235546546558, 22.953173992408011 ], [ -110.023405295801581, 22.953668218422703 ], [ -110.024543883729876, 22.954027494771662 ], [ -110.026909826367415, 22.954611079190041 ], [ -110.027999988972084, 22.954924871145199 ], [ -110.028904523022376, 22.955282682343658 ], [ -110.029321914331049, 22.955565247413208 ], [ -110.0296695525643, 22.956055134293749 ], [ -110.029842019810118, 22.956489753578118 ], [ -110.030011782901198, 22.957303724891755 ], [ -110.030122254298064, 22.958225724497069 ], [ -110.030283906519756, 22.960177751809582 ], [ -110.030481842306642, 22.961145448676696 ], [ -110.030913998977951, 22.962096511562809 ], [ -110.031436326028484, 22.962713918434893 ], [ -110.032571156709935, 22.96361507174807 ], [ -110.033083748900751, 22.963956655074679 ], [ -110.033699137045332, 22.964109709049627 ], [ -110.034926972903065, 22.964279773036932 ], [ -110.035589341354878, 22.964410259129785 ], [ -110.036348610293757, 22.964631657320773 ], [ -110.036951690724663, 22.964870168610439 ], [ -110.038001666568022, 22.965364302177576 ], [ -110.038625155456842, 22.965476474722568 ], [ -110.039445639894097, 22.965318860397634 ], [ -110.040189620964924, 22.964943996327694 ], [ -110.041601067665539, 22.963977012410737 ], [ -110.042572363779172, 22.963178977946278 ], [ -110.044074797608715, 22.961751857006494 ], [ -110.045607538341585, 22.96017134863952 ], [ -110.048703246619127, 22.95685691025788 ], [ -110.050256897945673, 22.955059695296029 ], [ -110.051822212476296, 22.952982521645296 ], [ -110.052226581670823, 22.952344586341539 ], [ -110.052761791663201, 22.951500224553822 ], [ -110.053509408400785, 22.950165853503652 ], [ -110.054477756315279, 22.948400757590651 ], [ -110.055237941270846, 22.947077487127196 ], [ -110.055864648702638, 22.946156233426855 ], [ -110.056574093575833, 22.94530739678455 ], [ -110.057109650687792, 22.944764817242611 ], [ -110.057785034973591, 22.945312500074646 ], [ -110.058387755729186, 22.946046829638554 ], [ -110.05899810772415, 22.946899415328641 ] ] ] ] } },
{ "type": "Feature", "properties": { "fid": 16.0, "cat": 19, "NOM_ACUIF": "CABO SAN LUCAS", "CLAVE_ACUI": "0317", "VULNERABIL": 3 }, "geometry": { "type": "MultiPolygon", "coordinates": [ [ [ [ -109.830979582064671, 22.961877722853473 ], [ -109.831237120974649, 22.961418980298777 ], [ -109.831472591042626, 22.961258136422824 ], [ -109.831607503976699, 22.96144880618083 ], [ -109.831776774172866, 22.962181659466939 ], [ -109.831783190871519, 22.96257009026138 ], [ -109.831633168999844, 22.963002529336794 ], [ -109.831376714843458, 22.963334829964442 ], [ -109.830757371495466, 22.963899291127483 ], [ -109.830472430580301, 22.9641410583645 ], [ -109.830236954242864, 22.964301900442706 ], [ -109.830129435372626, 22.964328203725216 ], [ -109.830042355535639, 22.964246271715648 ], [ -109.830063338552364, 22.964074815322164 ], [ -109.830213366693684, 22.963642378044522 ], [ -109.830442429076101, 22.963093105293087 ], [ -109.830979582064671, 22.961877722853473 ] ] ] ] } },
{ "type": "Feature", "properties": { "fid": 13.0, "cat": 17, "NOM_ACUIF": "CABO SAN LUCAS", "CLAVE_ACUI": "0317", "VULNERABIL": 1 }, "geometry": { "type": "MultiPolygon", "coordinates": [ [ [ [ -109.79975891039868, 22.954887391170196 ], [ -109.79992675778864, 22.954473495570458 ], [ -109.800979613118571, 22.954147339191557 ], [ -109.801048278986272, 22.953496932801112 ], [ -109.80074310198377, 22.953432084165986 ], [ -109.80046844424173, 22.952896119752442 ], [ -109.800514219676032, 22.952110292129685 ], [ -109.801002502649311, 22.951616286812893 ], [ -109.801452635963372, 22.952117919728284 ], [ -109.801849364120059, 22.95219421442086 ], [ -109.802337646316843, 22.952232360290154 ], [ -109.803176879430495, 22.952085494500558 ], [ -109.803519140398762, 22.951936345550386 ], [ -109.804008483091266, 22.951723098796549 ], [ -109.804786681131574, 22.951150893855793 ], [ -109.80493926870318, 22.95078849873752 ], [ -109.80580139188676, 22.949802399103127 ], [ -109.805938721122118, 22.949405670790203 ], [ -109.806182861820147, 22.948991776542353 ], [ -109.806142222381027, 22.948090090747314 ], [ -109.806142222442858, 22.948090090731963 ], [ -109.806897119679121, 22.948574474085458 ], [ -109.808013921974052, 22.949152100453443 ], [ -109.809498879581454, 22.949976143254638 ], [ -109.810264956009746, 22.950478658009146 ], [ -109.811078220874478, 22.95116216570182 ], [ -109.811667585669781, 22.951798831623194 ], [ -109.812622421024685, 22.95302532081017 ], [ -109.813103893894748, 22.953733431236373 ], [ -109.813593470008385, 22.954631275909325 ], [ -109.813927956354917, 22.955419573826386 ], [ -109.814441842045611, 22.956886622820399 ], [ -109.814668507417963, 22.957737338291995 ], [ -109.814834612404738, 22.958822436551522 ], [ -109.814884786906021, 22.959780218335226 ], [ -109.814869202893277, 22.961568465290259 ], [ -109.81482184702331, 22.962525517877101 ], [ -109.814695362843992, 22.96360842873802 ], [ -109.81453191071347, 22.96445622743607 ], [ -109.814168034425904, 22.965916711938814 ], [ -109.813738658936444, 22.967082146390393 ], [ -109.813263067303609, 22.966972568550265 ], [ -109.812280573019152, 22.966644964387136 ], [ -109.811374562645554, 22.966356433368414 ], [ -109.810894599060873, 22.966168192704689 ], [ -109.810501660691216, 22.965964723780335 ], [ -109.80931519860836, 22.965073719517004 ], [ -109.808427915581177, 22.964238864289396 ], [ -109.806163516873141, 22.962189605653567 ], [ -109.805118921177893, 22.961188205293393 ], [ -109.804249495320107, 22.960233279927664 ], [ -109.803845038376508, 22.959643142355965 ], [ -109.803501087939694, 22.958827657480271 ], [ -109.80325141021045, 22.958383200009617 ], [ -109.802846326871574, 22.957865312284156 ], [ -109.802420866528919, 22.957446622982587 ], [ -109.801549573145664, 22.956708440458588 ], [ -109.800750941145679, 22.95606511028025 ], [ -109.800216673829539, 22.955549241063604 ], [ -109.79975891039868, 22.954887391170196 ] ] ] ] } },
{ "type": "Feature", "properties": { "fid": 15.0, "cat": 15, "NOM_ACUIF": "CABO SAN LUCAS", "CLAVE_ACUI": "0317", "VULNERABIL": 3 }, "geometry": { "type": "MultiPolygon", "coordinates": [ [ [ [ -109.798110961069014, 22.959968567558839 ], [ -109.799201964343879, 22.958162308472453 ], [ -109.799903869978365, 22.957263947253342 ], [ -109.800231932446508, 22.95639991841287 ], [ -109.800216673829539, 22.955549241063604 ], [ -109.800750941145679, 22.95606511028025 ], [ -109.801549573145664, 22.956708440458588 ], [ -109.802420866528919, 22.957446622982587 ], [ -109.802846326871574, 22.957865312284156 ], [ -109.80325141021045, 22.958383200009617 ], [ -109.803501087939694, 22.958827657480271 ], [ -109.803845038376508, 22.959643142355965 ], [ -109.804249495320107, 22.960233279927664 ], [ -109.805118921177893, 22.961188205293393 ], [ -109.806163516873141, 22.962189605653567 ], [ -109.808427915581177, 22.964238864289396 ], [ -109.80931519860836, 22.965073719517004 ], [ -109.810501660691216, 22.965964723780335 ], [ -109.810429392172239, 22.967360942495013 ], [ -109.810416589093705, 22.968824049903546 ], [ -109.810383342289938, 22.969220816042064 ], [ -109.810389152985081, 22.969589471226204 ], [ -109.810434579965815, 22.969924590738557 ], [ -109.810492021536177, 22.970159928422248 ], [ -109.810551974365211, 22.970359771185677 ], [ -109.810209775762772, 22.970267669760403 ], [ -109.809691355486336, 22.970153379593775 ], [ -109.809303367870115, 22.970080189334968 ], [ -109.808923927528014, 22.969968953634258 ], [ -109.808564311637255, 22.96982173757717 ], [ -109.807864906208167, 22.969491323724682 ], [ -109.807399588712215, 22.969162667988769 ], [ -109.806703043788005, 22.968507114717209 ], [ -109.806007457461021, 22.967743180458804 ], [ -109.804617260996906, 22.966106925434769 ], [ -109.803815207513153, 22.965251858382182 ], [ -109.802799230721249, 22.964322915634245 ], [ -109.801907988860961, 22.963629744002784 ], [ -109.800250249766975, 22.962479165003174 ], [ -109.799386359216342, 22.961820054991684 ], [ -109.798781977216692, 22.961377161656202 ], [ -109.798235583053867, 22.96086596436928 ], [ -109.797828673713965, 22.960401535880177 ], [ -109.798110961069014, 22.959968567558839 ] ] ] ] } },
{ "type": "Feature", "properties": { "fid": 14.0, "cat": 12, "NOM_ACUIF": "CABO SAN LUCAS", "CLAVE_ACUI": "0317", "VULNERABIL": 3 }, "geometry": { "type": "MultiPolygon", "coordinates": [ [ [ [ -109.828821261935701, 22.967859155150794 ], [ -109.829158403689306, 22.967220361662889 ], [ -109.829451473953611, 22.967168332650683 ], [ -109.829602786166404, 22.967720411731971 ], [ -109.829763654684669, 22.969428678118113 ], [ -109.829746669936029, 22.970268543830624 ], [ -109.829534843327536, 22.971079874507041 ], [ -109.829198782022345, 22.971592225986889 ], [ -109.828402420881389, 22.972317947117254 ], [ -109.828039271175314, 22.972577195255333 ], [ -109.827746188731979, 22.972629221116907 ], [ -109.827620869044665, 22.972456683394611 ], [ -109.827537992946631, 22.971887044697475 ], [ -109.827580981250307, 22.97142672271529 ], [ -109.827792820038454, 22.970615395189583 ], [ -109.82810289321587, 22.969723503970286 ], [ -109.828821261935701, 22.967859155150794 ] ] ] ] } },
{ "type": "Feature", "properties": { "fid": 12.0, "cat": 14, "NOM_ACUIF": "CABO SAN LUCAS", "CLAVE_ACUI": "0317", "VULNERABIL": 2 }, "geometry": { "type": "MultiPolygon", "coordinates": [ [ [ [ -109.813263067303609, 22.966972568550265 ], [ -109.813738658936444, 22.967082146390393 ], [ -109.813419850717167, 22.967373380526702 ], [ -109.813105262779914, 22.96768748083224 ], [ -109.812842715653744, 22.9680112799551 ], [ -109.81248827774229, 22.968387974816938 ], [ -109.81207539574109, 22.968755198773032 ], [ -109.811438215764767, 22.969360483317089 ], [ -109.811052867189716, 22.969812992625897 ], [ -109.810551974365211, 22.970359771185677 ], [ -109.810492021536177, 22.970159928422248 ], [ -109.810434579965815, 22.969924590738557 ], [ -109.810389152985081, 22.969589471226204 ], [ -109.810383342289938, 22.969220816042064 ], [ -109.810416589093705, 22.968824049903546 ], [ -109.810429392172239, 22.967360942495013 ], [ -109.810501660691216, 22.965964723780335 ], [ -109.810894599060873, 22.966168192704689 ], [ -109.811374562645554, 22.966356433368414 ], [ -109.812280573019152, 22.966644964387136 ], [ -109.813263067303609, 22.966972568550265 ] ] ] ] } },
{ "type": "Feature", "properties": { "fid": 9.0, "cat": 11, "NOM_ACUIF": "CABO SAN LUCAS", "CLAVE_ACUI": "0317", "VULNERABIL": 1 }, "geometry": { "type": "MultiPolygon", "coordinates": [ [ [ [ -109.789062498847997, 22.966827394060182 ], [ -109.789939879874936, 22.966068268639717 ], [ -109.792167662892368, 22.96492958021323 ], [ -109.793823242252813, 22.963613510262377 ], [ -109.795280455947903, 22.962285995526855 ], [ -109.795837401322316, 22.961597442173048 ], [ -109.796943663487127, 22.961044312751085 ], [ -109.797828673713965, 22.960401535880177 ], [ -109.798235583053867, 22.96086596436928 ], [ -109.798781977216692, 22.961377161656202 ], [ -109.799386359216342, 22.961820054991684 ], [ -109.800250249766975, 22.962479165003174 ], [ -109.801907988860961, 22.963629744002784 ], [ -109.802799230721249, 22.964322915634245 ], [ -109.803815207513153, 22.965251858382182 ], [ -109.804617260996906, 22.966106925434769 ], [ -109.806007457461021, 22.967743180458804 ], [ -109.806703043788005, 22.968507114717209 ], [ -109.807399588712215, 22.969162667988769 ], [ -109.807864906208167, 22.969491323724682 ], [ -109.808564311637255, 22.96982173757717 ], [ -109.808923927528014, 22.969968953634258 ], [ -109.809303367870115, 22.970080189334968 ], [ -109.809691355486336, 22.970153379593775 ], [ -109.810209775762772, 22.970267669760403 ], [ -109.810551974365211, 22.970359771185677 ], [ -109.809381973445483, 22.971128505048625 ], [ -109.808230816789603, 22.972257901135091 ], [ -109.80760182318005, 22.972795097621479 ], [ -109.806866008371969, 22.973277294766593 ], [ -109.806268646125716, 22.97354376049449 ], [ -109.805212374539408, 22.973860958136083 ], [ -109.804489159885151, 22.974018083063335 ], [ -109.803375789156391, 22.974172259756187 ], [ -109.802243386129433, 22.974272092152297 ], [ -109.79995954703098, 22.97441739585383 ], [ -109.798711052199664, 22.97440793885173 ], [ -109.797249411910414, 22.974234277341591 ], [ -109.796061843309928, 22.973954299395309 ], [ -109.793960789419117, 22.973288017927636 ], [ -109.792862544783489, 22.972837086654177 ], [ -109.791668858440971, 22.972150586633543 ], [ -109.790777627098066, 22.971457353319508 ], [ -109.789518075363659, 22.970325775863476 ], [ -109.788662175381006, 22.96967922328124 ], [ -109.788639292055052, 22.969661936918861 ], [ -109.787791478611524, 22.968991542260703 ], [ -109.786796568382471, 22.968111038121684 ], [ -109.789062498847997, 22.966827394060182 ] ] ] ] } },
{ "type": "Feature", "properties": { "fid": 7.0, "cat": 10, "NOM_ACUIF": "CABO SAN LUCAS", "CLAVE_ACUI": "0317", "VULNERABIL": 4 }, "geometry": { "type": "MultiPolygon", "coordinates": [ [ [ [ -109.820461326249671, 22.97467967018806 ], [ -109.819877029853174, 22.974566935470111 ], [ -109.819273540517258, 22.974417927129405 ], [ -109.818047372496025, 22.974083632069171 ], [ -109.817240313427718, 22.973788583992732 ], [ -109.81604530662014, 22.97323773522724 ], [ -109.815703729959765, 22.973058087452291 ], [ -109.814663223438174, 22.972576872787585 ], [ -109.813384637543564, 22.97203186268964 ], [ -109.812422459186877, 22.971519945315581 ], [ -109.811174329852136, 22.970731122283613 ], [ -109.810551974365211, 22.970359771185677 ], [ -109.811052867189716, 22.969812992625897 ], [ -109.811438215764767, 22.969360483317089 ], [ -109.81207539574109, 22.968755198773032 ], [ -109.81248827774229, 22.968387974816938 ], [ -109.812842715653744, 22.9680112799551 ], [ -109.813105262779914, 22.96768748083224 ], [ -109.813419850717167, 22.967373380526702 ], [ -109.813738658936444, 22.967082146390393 ], [ -109.814135616490063, 22.967404321166381 ], [ -109.814479527355687, 22.967640767008373 ], [ -109.815231146047267, 22.968095655855649 ], [ -109.816978191411366, 22.969162176608133 ], [ -109.818016324449331, 22.969802169347499 ], [ -109.819472776331409, 22.9705717211306 ], [ -109.820862065993666, 22.971214310505012 ], [ -109.823573503803132, 22.97237250560498 ], [ -109.824671310367165, 22.972886449177889 ], [ -109.82563863275314, 22.97330762470844 ], [ -109.825911034539274, 22.973416185920101 ], [ -109.825525776961058, 22.973431372919325 ], [ -109.824471858892863, 22.973390770443615 ], [ -109.823817879936129, 22.973440112160258 ], [ -109.823172716057542, 22.973597902324528 ], [ -109.822751421129951, 22.973811545445479 ], [ -109.822132698234967, 22.97429468468707 ], [ -109.821845191646119, 22.974543949076562 ], [ -109.821651466297951, 22.974670457836339 ], [ -109.821358377426549, 22.974722471582432 ], [ -109.820831663302073, 22.97471855415511 ], [ -109.820461326249671, 22.97467967018806 ] ] ] ] } },
{ "type": "Feature", "properties": { "fid": 6.0, "cat": 9, "NOM_ACUIF": "CABO SAN LUCAS", "CLAVE_ACUI": "0317", "VULNERABIL": 3 }, "geometry": { "type": "MultiPolygon", "coordinates": [ [ [ [ -109.822132698234967, 22.97429468468707 ], [ -109.822751421129951, 22.973811545445479 ], [ -109.823172716057542, 22.973597902324528 ], [ -109.823817879936129, 22.973440112160258 ], [ -109.824471858892863, 22.973390770443615 ], [ -109.825525776961058, 22.973431372919325 ], [ -109.825911034539274, 22.973416185920101 ], [ -109.826437164474385, 22.973579574444926 ], [ -109.826903918415383, 22.973644958135125 ], [ -109.827270912272795, 22.973668635158184 ], [ -109.826963397141043, 22.974041478333003 ], [ -109.826636370702161, 22.974635179827558 ], [ -109.826273292667253, 22.976014410433933 ], [ -109.826179654800882, 22.97669112803554 ], [ -109.826261825001097, 22.977342051107108 ], [ -109.825380026320445, 22.976723335991874 ], [ -109.824554154030153, 22.976281667121942 ], [ -109.82298103247355, 22.975457100345437 ], [ -109.822113255204712, 22.975027365965747 ], [ -109.821358377426549, 22.974722471582432 ], [ -109.821651466297951, 22.974670457836339 ], [ -109.821845191646119, 22.974543949076562 ], [ -109.822132698234967, 22.97429468468707 ] ] ] ] } }
]
}
