{
"type": "FeatureCollection",
"name": "0319",
"crs": { "type": "name", "properties": { "name": "urn:ogc:def:crs:OGC:1.3:CRS84" } },
"features": [
{ "type": "Feature", "properties": { "fid": 9.0, "cat": 7, "CLAVE_ACUI": "0319", "NOM_ACUIF": "SAN JOSE DEL CABO", "VULNERABIL": 2 }, "geometry": { "type": "MultiPolygon", "coordinates": [ [ [ [ -109.750368084999053, 23.124461629550165 ], [ -109.749778197897726, 23.124890481243519 ], [ -109.748983502636023, 23.125290610652463 ], [ -109.748248898649408, 23.125528640387799 ], [ -109.746839781029749, 23.125842594410532 ], [ -109.746144564880737, 23.126044799871615 ], [ -109.7454680361421, 23.126337468799491 ], [ -109.745035704507004, 23.126623046393718 ], [ -109.744415236763018, 23.127187110470835 ], [ -109.744118765125762, 23.127564084913683 ], [ -109.743849819842225, 23.128130945572568 ], [ -109.743698049572032, 23.128698739219121 ], [ -109.743511683203693, 23.129835259553115 ], [ -109.7433203447425, 23.13045692800695 ], [ -109.742932695247362, 23.131185412577935 ], [ -109.742477949486087, 23.131777884137126 ], [ -109.741501354389612, 23.132826810476264 ], [ -109.740773848132534, 23.133344844926203 ], [ -109.739567928887098, 23.133850020069879 ], [ -109.738285569619279, 23.134173938528527 ], [ -109.735644406112556, 23.134640495138154 ], [ -109.734421300739257, 23.134892602614055 ], [ -109.733393156108818, 23.135182393884484 ], [ -109.732902689087567, 23.135413278334639 ], [ -109.732459433626687, 23.135816144100527 ], [ -109.732241371398246, 23.136157597311499 ], [ -109.732030440552762, 23.136779091823691 ], [ -109.731896951035466, 23.137473462904868 ], [ -109.731707411435295, 23.138935081464222 ], [ -109.73155387666624, 23.139683481135858 ], [ -109.731282812996625, 23.140467061586371 ], [ -109.73098457446666, 23.141024628998004 ], [ -109.730360919185586, 23.141913749283212 ], [ -109.729966207419523, 23.142344092909031 ], [ -109.729405730804658, 23.142746004013958 ], [ -109.728866315437031, 23.142985511577439 ], [ -109.727808545056646, 23.143302119715052 ], [ -109.727162639236326, 23.143441412593969 ], [ -109.726282694535186, 23.143542684666329 ], [ -109.72546202670793, 23.14357217730991 ], [ -109.723879969392769, 23.143559375903664 ], [ -109.723078662038603, 23.143607076304001 ], [ -109.722256795414225, 23.143762986575538 ], [ -109.721688323985362, 23.143975138199142 ], [ -109.720804773359717, 23.14445568220534 ], [ -109.72019723354407, 23.144667511137513 ], [ -109.719258167560284, 23.14482245364001 ], [ -109.718300598562138, 23.144868859479342 ], [ -109.716366959931307, 23.144853122485831 ], [ -109.715399538715303, 23.14490846210062 ], [ -109.71443091102573, 23.145090229694347 ], [ -109.713783951336822, 23.14533783863321 ], [ -109.712811696232393, 23.14589889763883 ], [ -109.712338963441923, 23.146310493756708 ], [ -109.711893022397675, 23.146984226360374 ], [ -109.711622519994918, 23.147695518646312 ], [ -109.71125695107024, 23.149155662934259 ], [ -109.711005800000052, 23.149885175325473 ], [ -109.710617918621267, 23.150613568383768 ], [ -109.71022260074588, 23.151098043974677 ], [ -109.709424525677079, 23.151823075498793 ], [ -109.708727914193958, 23.152151540345212 ], [ -109.707436157561361, 23.15241189913954 ], [ -109.705979842685593, 23.152517357360136 ], [ -109.702902658075772, 23.152573340292687 ], [ -109.701501699843377, 23.152001838134364 ], [ -109.700376028531721, 23.150231384152562 ], [ -109.699900869681144, 23.147852138146533 ], [ -109.699601053634339, 23.142484856806242 ], [ -109.699528402466427, 23.139892169037829 ], [ -109.699610253154447, 23.137481388507222 ], [ -109.69981931785108, 23.136056108730891 ], [ -109.70036465382303, 23.134191048526866 ], [ -109.700519483628327, 23.133325283745705 ], [ -109.700438648424139, 23.132593051561933 ], [ -109.701190167121482, 23.132857617197473 ], [ -109.702171846962131, 23.133122133658549 ], [ -109.70365963307124, 23.133784654782271 ], [ -109.704360109843861, 23.134061363353801 ], [ -109.704973745017412, 23.134228975352556 ], [ -109.705295991163851, 23.134231621979577 ], [ -109.705649092799135, 23.134071950856168 ], [ -109.706078753953051, 23.134075477683172 ], [ -109.707014638079912, 23.134245726206448 ], [ -109.70814478781287, 23.134525941533671 ], [ -109.710599368622667, 23.135196317841256 ], [ -109.712022834613592, 23.13544277775237 ], [ -109.713838636247928, 23.135511792075349 ], [ -109.715441499807199, 23.135380352984786 ], [ -109.718434275095063, 23.134916996763469 ], [ -109.719784264984071, 23.134675076601518 ], [ -109.720841468637204, 23.134412705997534 ], [ -109.721253487325342, 23.134217350340702 ], [ -109.7214323416583, 23.13389365866033 ], [ -109.721786109993062, 23.13366170219718 ], [ -109.72266855814496, 23.13328952120759 ], [ -109.723785532823072, 23.132901170128633 ], [ -109.726253993642331, 23.132108274645873 ], [ -109.727390649666958, 23.131701992722387 ], [ -109.728332171280627, 23.131276065178202 ], [ -109.728764721598338, 23.130972473650409 ], [ -109.729120853015289, 23.130487629919823 ], [ -109.729553909455504, 23.130129849603829 ], [ -109.73049694371764, 23.129541348985015 ], [ -109.731635604679909, 23.128918288990924 ], [ -109.734108528290832, 23.127637586277142 ], [ -109.73524715738624, 23.127014498601145 ], [ -109.736190146075643, 23.126425961636293 ], [ -109.73662317116397, 23.126068160314652 ], [ -109.73697926138145, 23.125583296714691 ], [ -109.737432148760931, 23.125189524920078 ], [ -109.738434715613934, 23.124493069172559 ], [ -109.739652764224516, 23.123726074462809 ], [ -109.742304308829446, 23.122121518885031 ], [ -109.74352231486553, 23.121354492148516 ], [ -109.74452482274269, 23.120657994711244 ], [ -109.744977671933285, 23.120264199308433 ], [ -109.745333716695768, 23.119779314498935 ], [ -109.745698011979755, 23.119457066832425 ], [ -109.746434851357378, 23.118975206804333 ], [ -109.747298618289989, 23.118494351144996 ], [ -109.749153066064366, 23.117533631278572 ], [ -109.750173923057858, 23.116915792759901 ], [ -109.750886240278646, 23.116530548344908 ], [ -109.75136191143379, 23.117509291509112 ], [ -109.751955159268462, 23.118630611744933 ], [ -109.752338374880893, 23.119428443367852 ], [ -109.752624286747803, 23.12018937741448 ], [ -109.752717587897962, 23.120659769809048 ], [ -109.752711577314443, 23.12131001320898 ], [ -109.752580717581324, 23.121733473769293 ], [ -109.75225271826038, 23.122259651159148 ], [ -109.752183463585382, 23.1224528767744 ], [ -109.751796888673582, 23.123073013126632 ], [ -109.751343045552431, 23.123575202243007 ], [ -109.750368084999053, 23.124461629550165 ] ] ] ] } },
{ "type": "Feature", "properties": { "fid": 6.0, "cat": 6, "CLAVE_ACUI": "0319", "NOM_ACUIF": "SAN JOSE DEL CABO", "VULNERABIL": 3 }, "geometry": { "type": "MultiPolygon", "coordinates": [ [ [ [ -109.657205275557388, 23.144743906562486 ], [ -109.653409175446171, 23.138927903376814 ], [ -109.653409033217798, 23.138924729011617 ], [ -109.65509049072601, 23.140166941123699 ], [ -109.656184813135511, 23.140983798419235 ], [ -109.657709761401946, 23.142091439154221 ], [ -109.657848637629215, 23.142204083924675 ], [ -109.658508860930198, 23.142739597660459 ], [ -109.659017349926586, 23.143289766082781 ], [ -109.659130132877635, 23.143382022944689 ], [ -109.659273554784662, 23.143470625747437 ], [ -109.659254366069035, 23.143664117522391 ], [ -109.659233128138851, 23.143835536532247 ], [ -109.659205170506965, 23.14416281537676 ], [ -109.659108484440182, 23.144584095718194 ], [ -109.658750721608712, 23.145204229064763 ], [ -109.658275047829378, 23.145895610073335 ], [ -109.657205775898689, 23.147349614696036 ], [ -109.656592554182382, 23.148121101687096 ], [ -109.655822170035222, 23.148981560890562 ], [ -109.655151418584239, 23.149644172227969 ], [ -109.653909541157645, 23.150771542635184 ], [ -109.653297909398859, 23.151380461047133 ], [ -109.652704901237783, 23.152079851436618 ], [ -109.652328187949095, 23.152636584949729 ], [ -109.651791055049458, 23.153607395279774 ], [ -109.651256626591291, 23.154307280619701 ], [ -109.650190467470424, 23.155436122374152 ], [ -109.648947951117563, 23.156617632865679 ], [ -109.646286509578843, 23.159033294599002 ], [ -109.645103252637099, 23.160143028826543 ], [ -109.644214978874075, 23.161056599456856 ], [ -109.643917793670525, 23.161469490383475 ], [ -109.64391451986404, 23.161794596312728 ], [ -109.643844060604408, 23.162001714246923 ], [ -109.643635956046978, 23.162297961910053 ], [ -109.643359573616635, 23.162584589678012 ], [ -109.642738528043893, 23.163148223715108 ], [ -109.64257670323498, 23.163269123703213 ], [ -109.642326133741875, 23.163361425400652 ], [ -109.641709999496072, 23.163437396613645 ], [ -109.641095505136732, 23.163350812645135 ], [ -109.639868161084522, 23.163015084962563 ], [ -109.639313183870328, 23.162838693197475 ], [ -109.638988812611416, 23.162695301314873 ], [ -109.638531372724003, 23.162515091263618 ], [ -109.638120489062047, 23.162325737707228 ], [ -109.657205275557388, 23.144743906562486 ] ] ] ] } },
{ "type": "Feature", "properties": { "fid": 5.0, "cat": 5, "CLAVE_ACUI": "0319", "NOM_ACUIF": "SAN JOSE DEL CABO", "VULNERABIL": 2 }, "geometry": { "type": "MultiPolygon", "coordinates": [ [ [ [ -109.638120489062047, 23.162325737707228 ], [ -109.638531372724003, 23.162515091263618 ], [ -109.638988812611416, 23.162695301314873 ], [ -109.639313183870328, 23.162838693197475 ], [ -109.639868161084522, 23.163015084962563 ], [ -109.641095505136732, 23.163350812645135 ], [ -109.641709999496072, 23.163437396613645 ], [ -109.642326133741875, 23.163361425400652 ], [ -109.64257670323498, 23.163269123703213 ], [ -109.642738528043893, 23.163148223715108 ], [ -109.643359573616635, 23.162584589678012 ], [ -109.643635956046978, 23.162297961910053 ], [ -109.643844060604408, 23.162001714246923 ], [ -109.64391451986404, 23.161794596312728 ], [ -109.643917793670525, 23.161469490383475 ], [ -109.644214978874075, 23.161056599456856 ], [ -109.645103252637099, 23.160143028826543 ], [ -109.646286509578843, 23.159033294599002 ], [ -109.648947951117563, 23.156617632865679 ], [ -109.650190467470424, 23.155436122374152 ], [ -109.65112739614122, 23.154444110360814 ], [ -109.651256626591291, 23.154307280619701 ], [ -109.651791055049458, 23.153607395279774 ], [ -109.652328187949095, 23.152636584949729 ], [ -109.65243729103311, 23.152475345300779 ], [ -109.652704901237783, 23.152079851436618 ], [ -109.653297909398859, 23.151380461047133 ], [ -109.653909541157645, 23.150771542635184 ], [ -109.655151418584239, 23.149644172227969 ], [ -109.655822170035222, 23.148981560890562 ], [ -109.656592554182382, 23.148121101687096 ], [ -109.657205775898689, 23.147349614696036 ], [ -109.658275047829378, 23.145895610073335 ], [ -109.658750721608712, 23.145204229064763 ], [ -109.659108484440182, 23.144584095718194 ], [ -109.659205170506965, 23.14416281537676 ], [ -109.659233128138851, 23.143835536532247 ], [ -109.659254366069035, 23.143664117522391 ], [ -109.659273554784662, 23.143470625747437 ], [ -109.659392251297675, 23.143547880116721 ], [ -109.659566528234734, 23.143730177932149 ], [ -109.659654735704862, 23.144074589304747 ], [ -109.659693971680213, 23.144634233788185 ], [ -109.659704072995865, 23.145582633681588 ], [ -109.659683055992915, 23.147695840000605 ], [ -109.659487533364015, 23.148696679833709 ], [ -109.658921979010316, 23.149585991752144 ], [ -109.658174909497319, 23.150067335794425 ], [ -109.656499251797086, 23.150622045315437 ], [ -109.655665805538575, 23.1509491040655 ], [ -109.654841129723209, 23.151375580077662 ], [ -109.654300116936156, 23.15175931675461 ], [ -109.653501752040953, 23.152484050820178 ], [ -109.653203531372057, 23.153005331118379 ], [ -109.653107238993755, 23.153844440822578 ], [ -109.653244975465697, 23.154721677158484 ], [ -109.653754486478348, 23.156514275658434 ], [ -109.653890965444347, 23.157517942137947 ], [ -109.653790881491048, 23.158736343793819 ], [ -109.653487590612229, 23.159763346113245 ], [ -109.652677787809608, 23.161625947873905 ], [ -109.652161236386974, 23.162488554909274 ], [ -109.651421395321194, 23.163213775407634 ], [ -109.650704880922092, 23.163559868121979 ], [ -109.649295180185831, 23.163872919749572 ], [ -109.648414703440693, 23.164009870671606 ], [ -109.64718297703422, 23.164107673957307 ], [ -109.646010577679561, 23.164133725518759 ], [ -109.643725108529878, 23.164114061303145 ], [ -109.64243332123165, 23.164355813975959 ], [ -109.640843415527499, 23.165100747001102 ], [ -109.639485347297608, 23.166100547795651 ], [ -109.637001004172916, 23.168354999274609 ], [ -109.635867797605002, 23.169329617781528 ], [ -109.63495257046354, 23.169999047139417 ], [ -109.634560410923342, 23.170140150657858 ], [ -109.634299166077184, 23.169894035464473 ], [ -109.634203325231127, 23.169712574844763 ], [ -109.634177046955998, 23.169414308436167 ], [ -109.634229090250827, 23.169098658382076 ], [ -109.634411497076655, 23.168449974403654 ], [ -109.634444188111331, 23.168116093447043 ], [ -109.634359855932217, 23.167763134760577 ], [ -109.634186611943036, 23.167508751128395 ], [ -109.633355846927472, 23.166714037724514 ], [ -109.638120489062047, 23.162325737707228 ] ] ] ] } },
{ "type": "Feature", "properties": { "fid": 4.0, "cat": 4, "CLAVE_ACUI": "0319", "NOM_ACUIF": "SAN JOSE DEL CABO", "VULNERABIL": 2 }, "geometry": { "type": "MultiPolygon", "coordinates": [ [ [ [ -109.608896184813261, 23.302423202485905 ], [ -109.609690365292806, 23.302213496967838 ], [ -109.610571972384093, 23.302058749718718 ], [ -109.611247138623767, 23.302010544128713 ], [ -109.612391031861108, 23.302020672420934 ], [ -109.61295771570461, 23.302061811958339 ], [ -109.613513874268051, 23.302175106551861 ], [ -109.613874121659606, 23.30232279232883 ], [ -109.614398706332523, 23.302652555255957 ], [ -109.614788473926907, 23.302782437358598 ], [ -109.615433190760101, 23.302842320086373 ], [ -109.616117950464869, 23.302812240872861 ], [ -109.617527510620036, 23.302662113700457 ], [ -109.618259195028827, 23.302822095796941 ], [ -109.619044694714589, 23.303452175391101 ], [ -109.619622180885088, 23.304342327132641 ], [ -109.620569153061084, 23.306382701945633 ], [ -109.620744581627278, 23.307386718235854 ], [ -109.620323872528118, 23.30835839450825 ], [ -109.619447253985101, 23.308973834560057 ], [ -109.617238093428114, 23.309848457722453 ], [ -109.616078371319787, 23.310416223704745 ], [ -109.614808373570753, 23.311244912815642 ], [ -109.613851431091632, 23.312058297440153 ], [ -109.612250585858291, 23.313669757273548 ], [ -109.611342593181419, 23.314474527240282 ], [ -109.610219477360843, 23.315277383806936 ], [ -109.60925561308305, 23.315810707743886 ], [ -109.607487131451137, 23.316607814803575 ], [ -109.606582291589035, 23.317105520945553 ], [ -109.605636260637382, 23.317801542184885 ], [ -109.604964382140139, 23.318463873301503 ], [ -109.60389477011752, 23.319754843906832 ], [ -109.603006620398517, 23.320523613262239 ], [ -109.601411781399392, 23.321538944703804 ], [ -109.599641855310438, 23.32246238186978 ], [ -109.59592686926662, 23.324217311473152 ], [ -109.59415744235406, 23.325086500741463 ], [ -109.592564197121249, 23.325939189571468 ], [ -109.591678227349576, 23.326491160990152 ], [ -109.590613567975012, 23.327294392647033 ], [ -109.590111331929322, 23.32762402694366 ], [ -109.58966929083121, 23.327809702595779 ], [ -109.58943479373302, 23.327789528837002 ], [ -109.589173344960358, 23.327543332518363 ], [ -109.589078992017946, 23.327217360271312 ], [ -109.589057381326839, 23.326485640075042 ], [ -109.589115715219535, 23.32559207857291 ], [ -109.589312322685174, 23.32364311363726 ], [ -109.589538122609, 23.322633653917155 ], [ -109.59001891435679, 23.321554239024277 ], [ -109.590594431517204, 23.320764672398816 ], [ -109.591840180579894, 23.319475381225477 ], [ -109.592395360822664, 23.318757873818655 ], [ -109.592815164828366, 23.317894649305515 ], [ -109.592959661365569, 23.317173450828584 ], [ -109.592973350098802, 23.315873080749224 ], [ -109.59303962100536, 23.315151179545889 ], [ -109.593224743846974, 23.314285845878857 ], [ -109.593467009509823, 23.313565523953095 ], [ -109.594008678051935, 23.31226989040109 ], [ -109.594456167622283, 23.311560438535292 ], [ -109.595256968504373, 23.310727715108076 ], [ -109.596144143851561, 23.310049291438183 ], [ -109.59800485381129, 23.308846731032283 ], [ -109.598949531210124, 23.308277179287387 ], [ -109.599922870583015, 23.30777109609966 ], [ -109.600600429650058, 23.307497178306257 ], [ -109.601659769142486, 23.307181507459457 ], [ -109.602268976125885, 23.306897941184992 ], [ -109.603037256638359, 23.306362915419278 ], [ -109.603708514282602, 23.305754771514057 ], [ -109.604953994629213, 23.304465360788054 ], [ -109.605674307164563, 23.303839581615996 ], [ -109.606589775271914, 23.303251658481642 ], [ -109.607395245023923, 23.302897565221848 ], [ -109.608896184813261, 23.302423202485905 ] ] ] ] } },
{ "type": "Feature", "properties": { "fid": 3.0, "cat": 3, "CLAVE_ACUI": "0319", "NOM_ACUIF": "SAN JOSE DEL CABO", "VULNERABIL": 2 }, "geometry": { "type": "MultiPolygon", "coordinates": [ [ [ [ -109.558433854752735, 23.344222469389873 ], [ -109.558411270410161, 23.344213001489614 ], [ -109.559188992547845, 23.344060034455609 ], [ -109.560509062014219, 23.34385908704979 ], [ -109.561880678094298, 23.343704652068073 ], [ -109.563046310188895, 23.343543763868464 ], [ -109.564076967036002, 23.343201007136514 ], [ -109.564629095522662, 23.342790639465637 ], [ -109.565254821750841, 23.341902295886491 ], [ -109.565514912934631, 23.34136281298003 ], [ -109.565669464667494, 23.340632709645735 ], [ -109.565666961329313, 23.339955354074998 ], [ -109.565504902480995, 23.338653390751187 ], [ -109.565580245794521, 23.3380128725715 ], [ -109.565968330484395, 23.337393280711765 ], [ -109.566539793063995, 23.337001144073184 ], [ -109.567866091556496, 23.336444318927839 ], [ -109.56855431400308, 23.336107428901045 ], [ -109.569292686610567, 23.335653589342954 ], [ -109.569835085153443, 23.335234081019767 ], [ -109.570723904310981, 23.334429394342383 ], [ -109.571158047766062, 23.334072110877333 ], [ -109.571571665027335, 23.333804950140291 ], [ -109.571826885269303, 23.333716966430707 ], [ -109.572178929857785, 23.333720176300563 ], [ -109.572383806576823, 23.33376719959594 ], [ -109.572646392476699, 23.333905059862001 ], [ -109.572879159311256, 23.334087803630695 ], [ -109.57331487532592, 23.334498174213682 ], [ -109.573507370236086, 23.334788923792871 ], [ -109.573649137765514, 23.335250802610897 ], [ -109.573692921591217, 23.335729851206317 ], [ -109.57368250456598, 23.336705118161696 ], [ -109.573716027127603, 23.337229228865578 ], [ -109.573827012775411, 23.337826294056381 ], [ -109.573978466962615, 23.338297291929283 ], [ -109.574321845950109, 23.339113219987063 ], [ -109.574639457469814, 23.339594761133274 ], [ -109.575248914210562, 23.340223455507168 ], [ -109.575947066914622, 23.340789736475841 ], [ -109.577432080568727, 23.341859877726908 ], [ -109.578229202164508, 23.342318674680037 ], [ -109.579135540156926, 23.342624929626087 ], [ -109.579848977973171, 23.342676558056414 ], [ -109.581082948981646, 23.342525185193267 ], [ -109.581748160563066, 23.34251314991641 ], [ -109.582509826814686, 23.342628421098539 ], [ -109.583114060523869, 23.342832575480735 ], [ -109.584165099804707, 23.343329765403759 ], [ -109.58480903309723, 23.343480085546929 ], [ -109.584804592172517, 23.343479048865127 ], [ -109.585611549769126, 23.343433150434727 ], [ -109.586357299994901, 23.343205075558771 ], [ -109.587772466007124, 23.342567603139756 ], [ -109.588518208206395, 23.342339517528238 ], [ -109.589340277213552, 23.342292739217765 ], [ -109.589426996001805, 23.34231358974715 ], [ -109.588909396957533, 23.342343043547853 ], [ -109.589731465966551, 23.342296263177253 ], [ -109.590297164049446, 23.342445856105421 ], [ -109.591172193958201, 23.342941415086795 ], [ -109.591698205894573, 23.3431448330184 ], [ -109.592398279088826, 23.343259050943125 ], [ -109.59304686563172, 23.343247269820907 ], [ -109.594280832921527, 23.343095792447318 ], [ -109.594994092953144, 23.343165412897847 ], [ -109.59589991068647, 23.343525754853367 ], [ -109.5966963512939, 23.3440567038759 ], [ -109.598179870330668, 23.345289203719418 ], [ -109.598770097235757, 23.345899576905627 ], [ -109.599057242179086, 23.346498204940037 ], [ -109.598945585319356, 23.346885546649904 ], [ -109.598323464661604, 23.347448942198962 ], [ -109.597948783939728, 23.347734584761469 ], [ -109.597446864494998, 23.348028117592609 ], [ -109.596985012999667, 23.348231696054043 ], [ -109.596101376753325, 23.348548896288641 ], [ -109.595571915341196, 23.348670583492655 ], [ -109.594867169774489, 23.348718446207862 ], [ -109.594222056382989, 23.348676529555782 ], [ -109.592991464486062, 23.34850291266638 ], [ -109.592307041930567, 23.348478697190565 ], [ -109.591484362998486, 23.348579671078433 ], [ -109.590797652204955, 23.348772176261122 ], [ -109.589560193838835, 23.349248714017204 ], [ -109.588824194089412, 23.349476890776494 ], [ -109.587853656992721, 23.349684886012433 ], [ -109.586972095757545, 23.349803366816712 ], [ -109.585297949158331, 23.349950806045772 ], [ -109.584563471840497, 23.350034477774223 ], [ -109.584034187794046, 23.350138064572004 ], [ -109.583662934260175, 23.350218664219067 ], [ -109.583627382430805, 23.350221969729162 ], [ -109.558433854752735, 23.344222469389873 ] ] ] ] } },
{ "type": "Feature", "properties": { "fid": 1.0, "cat": 2, "CLAVE_ACUI": "0319", "NOM_ACUIF": "SAN JOSE DEL CABO", "VULNERABIL": 2 }, "geometry": { "type": "MultiPolygon", "coordinates": [ [ [ [ -109.757044359607534, 23.40810742792123 ], [ -109.714930159731693, 23.389201982764284 ], [ -109.71712868591014, 23.388874368213358 ], [ -109.718980922995968, 23.388564424060394 ], [ -109.720273577686712, 23.388448570097797 ], [ -109.722299309829637, 23.388410949720843 ], [ -109.724382879213707, 23.388464089526472 ], [ -109.728607867323063, 23.388661071081948 ], [ -109.730602705760191, 23.388785658347054 ], [ -109.732362224516507, 23.388962501291449 ], [ -109.73329991545404, 23.389132668086297 ], [ -109.734353469460643, 23.389466334007786 ], [ -109.734900159201743, 23.389597199579974 ], [ -109.735486671105491, 23.389656133513114 ], [ -109.73591750015072, 23.389623491699407 ], [ -109.736623473955916, 23.389466631601579 ], [ -109.737190932535384, 23.389471216246729 ], [ -109.738187337385725, 23.389641828292756 ], [ -109.739280557403788, 23.389921592738819 ], [ -109.741563827001144, 23.39059025658236 ], [ -109.742696028071705, 23.390888374405126 ], [ -109.743809348154684, 23.391114080460483 ], [ -109.744532677006703, 23.39119214314232 ], [ -109.745589341039476, 23.391200625556344 ], [ -109.746410171193205, 23.391315587965629 ], [ -109.747816002424045, 23.391651989302492 ], [ -109.749338231708705, 23.392097687659135 ], [ -109.752499116768831, 23.393098348286191 ], [ -109.754313214841275, 23.393726958690436 ], [ -109.756594611573576, 23.394612149218652 ], [ -109.758582847987327, 23.395458853216883 ], [ -109.762266202614285, 23.397113740583162 ], [ -109.764097963363241, 23.397959137428018 ], [ -109.765909844224723, 23.398840482716487 ], [ -109.767097874803667, 23.399464004257705 ], [ -109.76885008695038, 23.400453224539962 ], [ -109.769793861632408, 23.401038675807683 ], [ -109.770872964154464, 23.40180581710846 ], [ -109.771727694073931, 23.402498935501473 ], [ -109.773205656353468, 23.403760882920576 ], [ -109.774684962578121, 23.404939793761194 ], [ -109.774660066526991, 23.404947867013188 ], [ -109.757044359607534, 23.40810742792123 ] ] ] ] } },
{ "type": "Feature", "properties": { "fid": 2.0, "cat": 1, "CLAVE_ACUI": "0319", "NOM_ACUIF": "SAN JOSE DEL CABO", "VULNERABIL": 1 }, "geometry": { "type": "MultiPolygon", "coordinates": [ [ [ [ -109.794743484470445, 23.065514395675134 ], [ -109.819304638344548, 23.081739468356844 ], [ -109.910538569012573, 23.106102478493899 ], [ -109.943283343947016, 23.141941247325303 ], [ -109.939282234362835, 23.175919076840223 ], [ -109.954961124782017, 23.212397443828834 ], [ -109.956775049641806, 23.242999258867329 ], [ -109.928657023426368, 23.287627407834815 ], [ -109.939093863798306, 23.3033195344162 ], [ -109.957927024919158, 23.380762759749683 ], [ -109.986185294226814, 23.392643294545881 ], [ -109.980584337304691, 23.411659095040726 ], [ -109.990085955797142, 23.467259406843002 ], [ -109.833539814489527, 23.394371524654442 ], [ -109.774706201334425, 23.404939589423151 ], [ -109.774684962578121, 23.404939793761194 ], [ -109.773205656353468, 23.403760882920576 ], [ -109.771727694073931, 23.402498935501473 ], [ -109.770872964154464, 23.40180581710846 ], [ -109.769793861632408, 23.401038675807683 ], [ -109.76885008695038, 23.400453224539962 ], [ -109.767097874803667, 23.399464004257705 ], [ -109.765909844224723, 23.398840482716487 ], [ -109.764097963363241, 23.397959137428018 ], [ -109.762266202614285, 23.397113740583162 ], [ -109.758582847987327, 23.395458853216883 ], [ -109.756594611573576, 23.394612149218652 ], [ -109.754313214841275, 23.393726958690436 ], [ -109.752499116768831, 23.393098348286191 ], [ -109.749338231708705, 23.392097687659135 ], [ -109.747816002424045, 23.391651989302492 ], [ -109.746410171193205, 23.391315587965629 ], [ -109.745589341039476, 23.391200625556344 ], [ -109.744532677006703, 23.39119214314232 ], [ -109.743809348154684, 23.391114080460483 ], [ -109.742696028071705, 23.390888374405126 ], [ -109.741563827001144, 23.39059025658236 ], [ -109.739280557403788, 23.389921592738819 ], [ -109.738187337385725, 23.389641828292756 ], [ -109.737190932535384, 23.389471216246729 ], [ -109.736623473955916, 23.389466631601579 ], [ -109.73591750015072, 23.389623491699407 ], [ -109.735486671105491, 23.389656133513114 ], [ -109.734900159201743, 23.389597199579974 ], [ -109.734353469460643, 23.389466334007786 ], [ -109.73329991545404, 23.389132668086297 ], [ -109.732362224516507, 23.388962501291449 ], [ -109.730602705760191, 23.388785658347054 ], [ -109.728607867323063, 23.388661071081948 ], [ -109.724382879213707, 23.388464089526472 ], [ -109.722299309829637, 23.388410949720843 ], [ -109.722287865014664, 23.388411162339242 ], [ -109.722269958923818, 23.388410709849406 ], [ -109.720156174125762, 23.388447609056559 ], [ -109.718980922995968, 23.388564424060394 ], [ -109.71712868591014, 23.388874368213358 ], [ -109.714930159731693, 23.389201982764284 ], [ -109.678212173794179, 23.372705532701868 ], [ -109.583681025595922, 23.350234739284474 ], [ -109.583662934260175, 23.350218664219067 ], [ -109.584034187794046, 23.350138064572004 ], [ -109.584563471840497, 23.350034477774223 ], [ -109.585297949158331, 23.349950806045772 ], [ -109.586972095757545, 23.349803366816712 ], [ -109.587853656992721, 23.349684886012433 ], [ -109.588824194089412, 23.349476890776494 ], [ -109.589560193838835, 23.349248714017204 ], [ -109.590797652204955, 23.348772176261122 ], [ -109.591484362998486, 23.348579671078433 ], [ -109.592307041930567, 23.348478697190565 ], [ -109.592991464486062, 23.34850291266638 ], [ -109.594222056382989, 23.348676529555782 ], [ -109.594867169774489, 23.348718446207862 ], [ -109.595571915341196, 23.348670583492655 ], [ -109.596101376753325, 23.348548896288641 ], [ -109.596985012999667, 23.348231696054043 ], [ -109.597446864494998, 23.348028117592609 ], [ -109.597948783939728, 23.347734584761469 ], [ -109.598323464661604, 23.347448942198962 ], [ -109.598945585319356, 23.346885546649904 ], [ -109.599057242179086, 23.346498204940037 ], [ -109.598770097235757, 23.345899576905627 ], [ -109.598179870330668, 23.345289203719418 ], [ -109.5966963512939, 23.3440567038759 ], [ -109.59589991068647, 23.343525754853367 ], [ -109.594994092953144, 23.343165412897847 ], [ -109.594280832921527, 23.343095792447318 ], [ -109.59304686563172, 23.343247269820907 ], [ -109.592398279088826, 23.343259050943125 ], [ -109.591698205894573, 23.3431448330184 ], [ -109.591172193958201, 23.342941415086795 ], [ -109.590297164049446, 23.342445856105421 ], [ -109.589731465966551, 23.342296263177253 ], [ -109.589426996001805, 23.34231358974715 ], [ -109.589340277213552, 23.342292739217765 ], [ -109.588518208206395, 23.342339517528238 ], [ -109.587772466007124, 23.342567603139756 ], [ -109.586357299994901, 23.343205075558771 ], [ -109.585611549769126, 23.343433150434727 ], [ -109.584804592172517, 23.343479048865127 ], [ -109.584165099804707, 23.343329765403759 ], [ -109.583114060523869, 23.342832575480735 ], [ -109.582509826814686, 23.342628421098539 ], [ -109.581748160563066, 23.34251314991641 ], [ -109.581082948981646, 23.342525185193267 ], [ -109.579848977973171, 23.342676558056414 ], [ -109.579135540156926, 23.342624929626087 ], [ -109.578229202164508, 23.342318674680037 ], [ -109.577432080568727, 23.341859877726908 ], [ -109.575947066914622, 23.340789736475841 ], [ -109.575248914210562, 23.340223455507168 ], [ -109.574639457469814, 23.339594761133274 ], [ -109.574321845950109, 23.339113219987063 ], [ -109.573978466962615, 23.338297291929283 ], [ -109.573827012775411, 23.337826294056381 ], [ -109.573716027127603, 23.337229228865578 ], [ -109.57368250456598, 23.336705118161696 ], [ -109.573692921591217, 23.335729851206317 ], [ -109.573649137765514, 23.335250802610897 ], [ -109.573507370236086, 23.334788923792871 ], [ -109.57331487532592, 23.334498174213682 ], [ -109.572879159311256, 23.334087803630695 ], [ -109.572646392476699, 23.333905059862001 ], [ -109.572383806576823, 23.33376719959594 ], [ -109.572178929857785, 23.333720176300563 ], [ -109.571826885269303, 23.333716966430707 ], [ -109.571571665027335, 23.333804950140291 ], [ -109.571158047766062, 23.334072110877333 ], [ -109.570723904310981, 23.334429394342383 ], [ -109.569835085153443, 23.335234081019767 ], [ -109.569292686610567, 23.335653589342954 ], [ -109.56855431400308, 23.336107428901045 ], [ -109.567866091556496, 23.336444318927839 ], [ -109.566539793063995, 23.337001144073184 ], [ -109.565968330484395, 23.337393280711765 ], [ -109.565580245794521, 23.3380128725715 ], [ -109.565504902480995, 23.338653390751187 ], [ -109.565666961329313, 23.339955354074998 ], [ -109.565669464667494, 23.340632709645735 ], [ -109.565514912934631, 23.34136281298003 ], [ -109.565254821750841, 23.341902295886491 ], [ -109.564629095522662, 23.342790639465637 ], [ -109.564076967036002, 23.343201007136514 ], [ -109.563046310188895, 23.343543763868464 ], [ -109.561880678094298, 23.343704652068073 ], [ -109.560509062014219, 23.34385908704979 ], [ -109.559188992547845, 23.344060034455609 ], [ -109.558411270410161, 23.344213001489614 ], [ -109.55839946234093, 23.344214276195665 ], [ -109.548873679613706, 23.341944653791217 ], [ -109.569499972051162, 23.324986852338508 ], [ -109.551541975207002, 23.304356557185827 ], [ -109.618242419794882, 23.180630748140906 ], [ -109.633355831061294, 23.16671405233674 ], [ -109.633751213660005, 23.16709855821227 ], [ -109.634186611943036, 23.167508751128395 ], [ -109.634359855932217, 23.167763134760577 ], [ -109.634444188111331, 23.168116093447043 ], [ -109.634411497076655, 23.168449974403654 ], [ -109.634229090250827, 23.169098658382076 ], [ -109.634177046955998, 23.169414308436167 ], [ -109.634203325231127, 23.169712574844763 ], [ -109.634299166077184, 23.169894035464473 ], [ -109.634560410923342, 23.170140150657858 ], [ -109.63495257046354, 23.169999047139417 ], [ -109.635867797605002, 23.169329617781528 ], [ -109.637001004172916, 23.168354999274609 ], [ -109.639485347297608, 23.166100547795651 ], [ -109.640843415527499, 23.165100747001102 ], [ -109.64243332123165, 23.164355813975959 ], [ -109.643725108529878, 23.164114061303145 ], [ -109.646010577679561, 23.164133725518759 ], [ -109.64718297703422, 23.164107673957307 ], [ -109.648414703440693, 23.164009870671606 ], [ -109.649295180185831, 23.163872919749572 ], [ -109.650704880922092, 23.163559868121979 ], [ -109.651421395321194, 23.163213775407634 ], [ -109.652161236386974, 23.162488554909274 ], [ -109.652677787809608, 23.161625947873905 ], [ -109.653487590612229, 23.159763346113245 ], [ -109.653790881491048, 23.158736343793819 ], [ -109.653890965444347, 23.157517942137947 ], [ -109.653754486478348, 23.156514275658434 ], [ -109.653244975465697, 23.154721677158484 ], [ -109.653107238993755, 23.153844440822578 ], [ -109.653203531372057, 23.153005331118379 ], [ -109.653501752040953, 23.152484050820178 ], [ -109.654300116936156, 23.15175931675461 ], [ -109.654841129723209, 23.151375580077662 ], [ -109.655665805538575, 23.1509491040655 ], [ -109.656499251797086, 23.150622045315437 ], [ -109.658174909497319, 23.150067335794425 ], [ -109.658921979010316, 23.149585991752144 ], [ -109.659487533364015, 23.148696679833709 ], [ -109.659683055992915, 23.147695840000605 ], [ -109.659704072995865, 23.145582633681588 ], [ -109.659693971680213, 23.144634233788185 ], [ -109.659654735704862, 23.144074589304747 ], [ -109.659566528234734, 23.143730177932149 ], [ -109.659392251297675, 23.143547880116721 ], [ -109.659273554784662, 23.143470625747437 ], [ -109.659130132877635, 23.143382022944689 ], [ -109.659017349926586, 23.143289766082781 ], [ -109.658508860930198, 23.142739597660459 ], [ -109.657848637629215, 23.142204083924675 ], [ -109.657709761401946, 23.142091439154221 ], [ -109.656184813135511, 23.140983798419235 ], [ -109.65509049072601, 23.140166941123699 ], [ -109.653409033217798, 23.138924729011617 ], [ -109.65340757796568, 23.13892545575797 ], [ -109.645684799386501, 23.127091634442824 ], [ -109.645684048409947, 23.127083267336271 ], [ -109.64667367898214, 23.12656449137625 ], [ -109.64785042802572, 23.125819712341464 ], [ -109.650237767523691, 23.124377051074788 ], [ -109.651572365559815, 23.12372013198091 ], [ -109.653188845551639, 23.123192050373955 ], [ -109.654548387778661, 23.122968833473788 ], [ -109.657010540331612, 23.122827250053049 ], [ -109.658213041893475, 23.122683948087214 ], [ -109.659358393088155, 23.122395645699523 ], [ -109.66006480910886, 23.12205844844501 ], [ -109.661038702074151, 23.121335160396335 ], [ -109.661531556827484, 23.120869700763631 ], [ -109.662036231585844, 23.120196613022053 ], [ -109.662384501336405, 23.11954026034855 ], [ -109.662924631946126, 23.118244289645805 ], [ -109.663253006782071, 23.117623892309812 ], [ -109.66369800545823, 23.117058671719793 ], [ -109.664111296030782, 23.116737034486626 ], [ -109.664906168561544, 23.116337341525966 ], [ -109.66539577655729, 23.116196978727409 ], [ -109.66606973101284, 23.116175584196206 ], [ -109.666703382092237, 23.116280288697627 ], [ -109.667930385297396, 23.11661579247593 ], [ -109.668650042051738, 23.116910879427721 ], [ -109.669582009907018, 23.117460639228 ], [ -109.670415636486581, 23.118081817850861 ], [ -109.671984563661056, 23.119395587779003 ], [ -109.672818213465376, 23.120016754622174 ], [ -109.67375022041243, 23.120566491363554 ], [ -109.674469911944072, 23.120861553181967 ], [ -109.6756969787928, 23.121196999171648 ], [ -109.676370250305283, 23.121247808806416 ], [ -109.677162992311722, 23.121064795181731 ], [ -109.677810954287082, 23.120708962851381 ], [ -109.678962089536398, 23.119824476079316 ], [ -109.679523315062539, 23.119350498487631 ], [ -109.680055863520096, 23.11881305726267 ], [ -109.680382220236979, 23.118391300611922 ], [ -109.6808287414635, 23.117663472203304 ], [ -109.68116459183031, 23.117268888008951 ], [ -109.681725622500238, 23.116812963404843 ], [ -109.682324822300288, 23.11644767196492 ], [ -109.683561385961013, 23.115807716855716 ], [ -109.684306062078406, 23.115542979598047 ], [ -109.685303533050231, 23.115388725513984 ], [ -109.686221311074092, 23.115396371290142 ], [ -109.687977179240193, 23.115573554086549 ], [ -109.688904547673786, 23.115599327390708 ], [ -109.689930780266806, 23.115499472901671 ], [ -109.690713797341559, 23.1153072766032 ], [ -109.692036610853776, 23.114830538995225 ], [ -109.692567605813963, 23.114446578317644 ], [ -109.693064603319215, 23.11495579099919 ], [ -109.693445861197688, 23.115510560824681 ], [ -109.693973248280471, 23.116508412612983 ], [ -109.694829186702577, 23.118872765204625 ], [ -109.695206993039392, 23.120194516000925 ], [ -109.695484458668091, 23.12179541810637 ], [ -109.695569090417365, 23.123141837958556 ], [ -109.695545514169311, 23.125580195228356 ], [ -109.695475400093727, 23.12677179608631 ], [ -109.695288633818592, 23.12790824155844 ], [ -109.695047470057403, 23.128610716262198 ], [ -109.694510742143322, 23.129581693719999 ], [ -109.694418052209869, 23.130077667941709 ], [ -109.694676716927276, 23.130594614435307 ], [ -109.695200517648473, 23.130960216493712 ], [ -109.696513261655014, 23.131540069447151 ], [ -109.697135941004461, 23.131780039370941 ], [ -109.69769122805252, 23.131920101891343 ], [ -109.697994025258012, 23.131913570927935 ], [ -109.698347128456916, 23.131753916233251 ], [ -109.698591597787981, 23.131719807548855 ], [ -109.698971903365717, 23.131777136142954 ], [ -109.699361277382081, 23.131906792048223 ], [ -109.700149096300535, 23.132238429255437 ], [ -109.700438648424139, 23.132593051561933 ], [ -109.700519483628327, 23.133325283745705 ], [ -109.70036465382303, 23.134191048526866 ], [ -109.69981931785108, 23.136056108730891 ], [ -109.699610253154447, 23.137481388507222 ], [ -109.699528402466427, 23.139892169037829 ], [ -109.699601053634339, 23.142484856806242 ], [ -109.699900869681144, 23.147852138146533 ], [ -109.700376028531721, 23.150231384152562 ], [ -109.701501699843377, 23.152001838134364 ], [ -109.701606640104615, 23.152044647699249 ], [ -109.702902658075772, 23.152573340292687 ], [ -109.705979842685593, 23.152517357360136 ], [ -109.707436157561361, 23.15241189913954 ], [ -109.708727914193958, 23.152151540345212 ], [ -109.709424525677079, 23.151823075498793 ], [ -109.71022260074588, 23.151098043974677 ], [ -109.710617918621267, 23.150613568383768 ], [ -109.711005800000052, 23.149885175325473 ], [ -109.71125695107024, 23.149155662934259 ], [ -109.711622519994918, 23.147695518646312 ], [ -109.711893022397675, 23.146984226360374 ], [ -109.712338963441923, 23.146310493756708 ], [ -109.712811696232393, 23.14589889763883 ], [ -109.713783951336822, 23.14533783863321 ], [ -109.71443091102573, 23.145090229694347 ], [ -109.715399538715303, 23.14490846210062 ], [ -109.716366959931307, 23.144853122485831 ], [ -109.718300598562138, 23.144868859479342 ], [ -109.719258167560284, 23.14482245364001 ], [ -109.72019723354407, 23.144667511137513 ], [ -109.720804773359717, 23.14445568220534 ], [ -109.721688323985362, 23.143975138199142 ], [ -109.722256795414225, 23.143762986575538 ], [ -109.723078662038603, 23.143607076304001 ], [ -109.723879969392769, 23.143559375903664 ], [ -109.72546202670793, 23.14357217730991 ], [ -109.726282694535186, 23.143542684666329 ], [ -109.727162639236326, 23.143441412593969 ], [ -109.727808545056646, 23.143302119715052 ], [ -109.728866315437031, 23.142985511577439 ], [ -109.729405730804658, 23.142746004013958 ], [ -109.729966207419523, 23.142344092909031 ], [ -109.730360919185586, 23.141913749283212 ], [ -109.73098457446666, 23.141024628998004 ], [ -109.731282812996625, 23.140467061586371 ], [ -109.73155387666624, 23.139683481135858 ], [ -109.731707411435295, 23.138935081464222 ], [ -109.731896951035466, 23.137473462904868 ], [ -109.732030440552762, 23.136779091823691 ], [ -109.732241371398246, 23.136157597311499 ], [ -109.732459433626687, 23.135816144100527 ], [ -109.732902689087567, 23.135413278334639 ], [ -109.733393156108818, 23.135182393884484 ], [ -109.734421300739257, 23.134892602614055 ], [ -109.735644406112556, 23.134640495138154 ], [ -109.738285569619279, 23.134173938528527 ], [ -109.739567928887098, 23.133850020069879 ], [ -109.740773848132534, 23.133344844926203 ], [ -109.741501354389612, 23.132826810476264 ], [ -109.742477949486087, 23.131777884137126 ], [ -109.742932695247362, 23.131185412577935 ], [ -109.7433203447425, 23.13045692800695 ], [ -109.743511683203693, 23.129835259553115 ], [ -109.743698049572032, 23.128698739219121 ], [ -109.743849819842225, 23.128130945572568 ], [ -109.744118765125762, 23.127564084913683 ], [ -109.744415236763018, 23.127187110470835 ], [ -109.745035704507004, 23.126623046393718 ], [ -109.7454680361421, 23.126337468799491 ], [ -109.746144564880737, 23.126044799871615 ], [ -109.746839781029749, 23.125842594410532 ], [ -109.748248898649408, 23.125528640387799 ], [ -109.748983502636023, 23.125290610652463 ], [ -109.749778197897726, 23.124890481243519 ], [ -109.750368084999053, 23.124461629550165 ], [ -109.751343045552431, 23.123575202243007 ], [ -109.751796888673582, 23.123073013126632 ], [ -109.752183463585382, 23.1224528767744 ], [ -109.75225271826038, 23.122259651159148 ], [ -109.752580717581324, 23.121733473769293 ], [ -109.752711577314443, 23.12131001320898 ], [ -109.752717587897962, 23.120659769809048 ], [ -109.752624286747803, 23.12018937741448 ], [ -109.752338374880893, 23.119428443367852 ], [ -109.751955159268462, 23.118630611744933 ], [ -109.75136191143379, 23.117509291509112 ], [ -109.750886240278646, 23.116530548344908 ], [ -109.750484327998748, 23.115506703655551 ], [ -109.750043746079569, 23.114144727834841 ], [ -109.749191368880801, 23.111292949307046 ], [ -109.748658339000826, 23.109807504330387 ], [ -109.747911615747768, 23.108202948568234 ], [ -109.747520785939031, 23.10754993750767 ], [ -109.747124851113284, 23.10670645354848 ], [ -109.746547610015227, 23.105780623958779 ], [ -109.745505273201147, 23.104471759622431 ], [ -109.744811736068854, 23.103454681532565 ], [ -109.743773465540045, 23.101712311719769 ], [ -109.742736566000886, 23.099825437511964 ], [ -109.740664197791347, 23.095907172842129 ], [ -109.739559300083087, 23.093992641725887 ], [ -109.738316919846696, 23.092167323113959 ], [ -109.737351172325162, 23.09103965770505 ], [ -109.735696313545873, 23.089481975254394 ], [ -109.734834605139753, 23.088716400991125 ], [ -109.733904320116579, 23.087977367892005 ], [ -109.73321554951653, 23.087511221541174 ], [ -109.732205748024924, 23.086925081734588 ], [ -109.731847699746496, 23.086588029896184 ], [ -109.73155840868732, 23.086206370580122 ], [ -109.731559849491362, 23.08605284146169 ], [ -109.731561459787173, 23.085881250090406 ], [ -109.731651263699163, 23.085674239869363 ], [ -109.731917623587549, 23.085378329363778 ], [ -109.732271751861944, 23.085092154766862 ], [ -109.733067773220313, 23.084529538925054 ], [ -109.73365617357932, 23.084245240282044 ], [ -109.734625355067223, 23.083954958996301 ], [ -109.735652256941464, 23.083755451891847 ], [ -109.737763778196381, 23.083447196842346 ], [ -109.738771149641551, 23.083247513027221 ], [ -109.739681745741919, 23.082956732125481 ], [ -109.740192034914045, 23.08267178495198 ], [ -109.740812305334458, 23.08210772615362 ], [ -109.741109015942996, 23.081694627167931 ], [ -109.741243947776951, 23.081357008857434 ], [ -109.741378878899269, 23.08101939038783 ], [ -109.741531939925366, 23.080307095041206 ], [ -109.741721258680201, 23.078845445758159 ], [ -109.741894173227351, 23.078097180514813 ], [ -109.742223598701656, 23.07731403389452 ], [ -109.742505694299396, 23.076896299215306 ], [ -109.742599725768898, 23.076757054188384 ], [ -109.743398677116076, 23.075869259243245 ], [ -109.743988361171546, 23.07544042029317 ], [ -109.744958465396877, 23.075041697302087 ], [ -109.745985622067721, 23.074805994369203 ], [ -109.748096986026368, 23.074497593607827 ], [ -109.749143655825549, 23.07426202439903 ], [ -109.750172302893304, 23.073863731984336 ], [ -109.750840044200203, 23.073435483759674 ], [ -109.751814616392636, 23.072549031710043 ], [ -109.75226894320528, 23.071974580800539 ], [ -109.752657356613526, 23.071137683733497 ], [ -109.752850386548303, 23.070317307073957 ], [ -109.75304106258335, 23.068693074492806 ], [ -109.753194711343724, 23.067908513686618 ], [ -109.753464983237819, 23.067179063916253 ], [ -109.753761787692923, 23.066747874817239 ], [ -109.754381927780031, 23.06618375592776 ], [ -109.75483356158081, 23.065898295091966 ], [ -109.755568324319697, 23.065606030896149 ], [ -109.756341294878936, 23.065404382736411 ], [ -109.757925441472196, 23.065091694019973 ], [ -109.758718092287708, 23.064872124879301 ], [ -109.759511899907054, 23.064526114197456 ], [ -109.760042261495542, 23.064169000609859 ], [ -109.760839535548527, 23.063443670342153 ], [ -109.761235562962753, 23.06283260580047 ], [ -109.761626372306097, 23.06172474448547 ], [ -109.761881692559911, 23.060489373814626 ], [ -109.76225683725616, 23.057891122481141 ], [ -109.762561436417698, 23.05660194406752 ], [ -109.763100093391103, 23.0553326600776 ], [ -109.76369325506036, 23.05450636391015 ], [ -109.764934075348592, 23.053296753790143 ], [ -109.766596845801288, 23.052194226427314 ], [ -109.794743484470445, 23.065514395675134 ] ], [ [ -109.592959661365569, 23.317173450828584 ], [ -109.592815164828366, 23.317894649305515 ], [ -109.592395360822664, 23.318757873818655 ], [ -109.591840180579894, 23.319475381225477 ], [ -109.590594431517204, 23.320764672398816 ], [ -109.59001891435679, 23.321554239024277 ], [ -109.589538122609, 23.322633653917155 ], [ -109.589312322685174, 23.32364311363726 ], [ -109.589115715219535, 23.32559207857291 ], [ -109.589057381326839, 23.326485640075042 ], [ -109.589078992017946, 23.327217360271312 ], [ -109.589173344960358, 23.327543332518363 ], [ -109.58943479373302, 23.327789528837002 ], [ -109.58966929083121, 23.327809702595779 ], [ -109.590111331929322, 23.32762402694366 ], [ -109.590613567975012, 23.327294392647033 ], [ -109.591678227349576, 23.326491160990152 ], [ -109.592564197121249, 23.325939189571468 ], [ -109.59415744235406, 23.325086500741463 ], [ -109.59592686926662, 23.324217311473152 ], [ -109.599641855310438, 23.32246238186978 ], [ -109.601411781399392, 23.321538944703804 ], [ -109.603006620398517, 23.320523613262239 ], [ -109.60389477011752, 23.319754843906832 ], [ -109.604964382140139, 23.318463873301503 ], [ -109.605636260637382, 23.317801542184885 ], [ -109.606582291589035, 23.317105520945553 ], [ -109.607487131451137, 23.316607814803575 ], [ -109.60925561308305, 23.315810707743886 ], [ -109.610219477360843, 23.315277383806936 ], [ -109.611342593181419, 23.314474527240282 ], [ -109.612250585858291, 23.313669757273548 ], [ -109.613851431091632, 23.312058297440153 ], [ -109.614808373570753, 23.311244912815642 ], [ -109.616078371319787, 23.310416223704745 ], [ -109.617238093428114, 23.309848457722453 ], [ -109.619447253985101, 23.308973834560057 ], [ -109.620323872528118, 23.30835839450825 ], [ -109.620744581627278, 23.307386718235854 ], [ -109.620569153061084, 23.306382701945633 ], [ -109.619622180885088, 23.304342327132641 ], [ -109.619044694714589, 23.303452175391101 ], [ -109.618259195028827, 23.302822095796941 ], [ -109.617527510620036, 23.302662113700457 ], [ -109.616117950464869, 23.302812240872861 ], [ -109.615433190760101, 23.302842320086373 ], [ -109.614788473926907, 23.302782437358598 ], [ -109.614398706332523, 23.302652555255957 ], [ -109.613874121659606, 23.30232279232883 ], [ -109.613513874268051, 23.302175106551861 ], [ -109.61295771570461, 23.302061811958339 ], [ -109.612391031861108, 23.302020672420934 ], [ -109.611247138623767, 23.302010544128713 ], [ -109.610571972384093, 23.302058749718718 ], [ -109.609690365292806, 23.302213496967838 ], [ -109.608896184813261, 23.302423202485905 ], [ -109.607395245023923, 23.302897565221848 ], [ -109.606589775271914, 23.303251658481642 ], [ -109.605674307164563, 23.303839581615996 ], [ -109.604953994629213, 23.304465360788054 ], [ -109.603708514282602, 23.305754771514057 ], [ -109.603037256638359, 23.306362915419278 ], [ -109.602268976125885, 23.306897941184992 ], [ -109.601659769142486, 23.307181507459457 ], [ -109.600600429650058, 23.307497178306257 ], [ -109.599922870583015, 23.30777109609966 ], [ -109.598949531210124, 23.308277179287387 ], [ -109.59800485381129, 23.308846731032283 ], [ -109.596144143851561, 23.310049291438183 ], [ -109.595256968504373, 23.310727715108076 ], [ -109.594456167622283, 23.311560438535292 ], [ -109.594008678051935, 23.31226989040109 ], [ -109.593467009509823, 23.313565523953095 ], [ -109.593224743846974, 23.314285845878857 ], [ -109.59303962100536, 23.315151179545889 ], [ -109.592973350098802, 23.315873080749224 ], [ -109.592959661365569, 23.317173450828584 ] ] ] ] } },
{ "type": "Feature", "properties": { "fid": 18.0, "cat": 20, "CLAVE_ACUI": "0319", "NOM_ACUIF": "SAN JOSE DEL CABO", "VULNERABIL": 2 }, "geometry": { "type": "MultiPolygon", "coordinates": [ [ [ [ -109.766596845801288, 23.052194226427314 ], [ -109.764934075348592, 23.053296753790143 ], [ -109.76369325506036, 23.05450636391015 ], [ -109.763100093391103, 23.0553326600776 ], [ -109.762561436417698, 23.05660194406752 ], [ -109.76225683725616, 23.057891122481141 ], [ -109.761881692559911, 23.060489373814626 ], [ -109.761626372306097, 23.06172474448547 ], [ -109.761235562962753, 23.06283260580047 ], [ -109.760839535548527, 23.063443670342153 ], [ -109.760042261495542, 23.064169000609859 ], [ -109.759511899907054, 23.064526114197456 ], [ -109.758718092287708, 23.064872124879301 ], [ -109.757925441472196, 23.065091694019973 ], [ -109.756341294878936, 23.065404382736411 ], [ -109.755568324319697, 23.065606030896149 ], [ -109.75483356158081, 23.065898295091966 ], [ -109.754381927780031, 23.06618375592776 ], [ -109.753761787692923, 23.066747874817239 ], [ -109.753464983237819, 23.067179063916253 ], [ -109.753194711343724, 23.067908513686618 ], [ -109.75304106258335, 23.068693074492806 ], [ -109.752850386548303, 23.070317307073957 ], [ -109.752657356613526, 23.071137683733497 ], [ -109.75226894320528, 23.071974580800539 ], [ -109.751814616392636, 23.072549031710043 ], [ -109.750840044200203, 23.073435483759674 ], [ -109.750172302893304, 23.073863731984336 ], [ -109.749143655825549, 23.07426202439903 ], [ -109.748096986026368, 23.074497593607827 ], [ -109.745985622067721, 23.074805994369203 ], [ -109.744958465396877, 23.075041697302087 ], [ -109.743988361171546, 23.07544042029317 ], [ -109.743398677116076, 23.075869259243245 ], [ -109.742599725768898, 23.076757054188384 ], [ -109.742505694299396, 23.076896299215306 ], [ -109.742223598701656, 23.07731403389452 ], [ -109.741894173227351, 23.078097180514813 ], [ -109.741721258680201, 23.078845445758159 ], [ -109.741531939925366, 23.080307095041206 ], [ -109.741378878899269, 23.08101939038783 ], [ -109.741243947776951, 23.081357008857434 ], [ -109.741109015942996, 23.081694627167931 ], [ -109.740812305334458, 23.08210772615362 ], [ -109.740192034914045, 23.08267178495198 ], [ -109.739681745741919, 23.082956732125481 ], [ -109.738771149641551, 23.083247513027221 ], [ -109.737763778196381, 23.083447196842346 ], [ -109.735652256941464, 23.083755451891847 ], [ -109.734625355067223, 23.083954958996301 ], [ -109.73365617357932, 23.084245240282044 ], [ -109.733067773220313, 23.084529538925054 ], [ -109.732271751861944, 23.085092154766862 ], [ -109.731917623587549, 23.085378329363778 ], [ -109.731651263699163, 23.085674239869363 ], [ -109.731561459787173, 23.085881250090406 ], [ -109.731559849491362, 23.08605284146169 ], [ -109.73155840868732, 23.086206370580122 ], [ -109.731045684979719, 23.085904059668131 ], [ -109.730702425602701, 23.08573058892317 ], [ -109.730373763587451, 23.085528497039657 ], [ -109.729588420837842, 23.084953177553611 ], [ -109.72893796279935, 23.084568607875365 ], [ -109.727771933791928, 23.083990215287614 ], [ -109.726479016330856, 23.083410791238247 ], [ -109.723766318404842, 23.082250887353393 ], [ -109.721677366405245, 23.081307055285308 ], [ -109.719916181395504, 23.080350954913872 ], [ -109.717966714864275, 23.079097793509916 ], [ -109.715969825628292, 23.077780187231713 ], [ -109.71427290116128, 23.076583221615042 ], [ -109.712674474946482, 23.075296723698838 ], [ -109.711707342172048, 23.074349535429711 ], [ -109.710404369375368, 23.0727944720824 ], [ -109.709862209227651, 23.072032350402409 ], [ -109.70963697856547, 23.07176876854848 ], [ -109.709555406385093, 23.070719265190466 ], [ -109.70957507476146, 23.069680772432168 ], [ -109.709945051744796, 23.067732931110736 ], [ -109.710178406087465, 23.066804563476364 ], [ -109.710508497312077, 23.065967302464955 ], [ -109.710825296036361, 23.06550023494809 ], [ -109.711445600421996, 23.064936292243765 ], [ -109.711819233880419, 23.064650321493765 ], [ -109.712319831898128, 23.064356352623712 ], [ -109.712780528653468, 23.06415237489999 ], [ -109.713662019702923, 23.063834408317078 ], [ -109.714209951801124, 23.063694358830105 ], [ -109.714972259021067, 23.063592177876306 ], [ -109.715694839670135, 23.063561924681188 ], [ -109.717100275635417, 23.063573340209448 ], [ -109.717803336268275, 23.063542918881652 ], [ -109.718507081000141, 23.063440245575048 ], [ -109.718976927646111, 23.063299546084632 ], [ -109.71968272131916, 23.062980120832457 ], [ -109.720045804014546, 23.062775330456763 ], [ -109.720429259461156, 23.062480386114405 ], [ -109.720705269092761, 23.062193602861438 ], [ -109.721149841129346, 23.061628197151087 ], [ -109.721368653784324, 23.061196440836802 ], [ -109.721580520577277, 23.060466578274145 ], [ -109.721714818974021, 23.059681897086968 ], [ -109.721905845292468, 23.05805771588172 ], [ -109.722059657773784, 23.057273191803489 ], [ -109.722330070564809, 23.056543800842569 ], [ -109.722626946132195, 23.056112673031347 ], [ -109.72324715866425, 23.055548679194604 ], [ -109.723728009940146, 23.055272575834749 ], [ -109.72455035266897, 23.055008258440839 ], [ -109.725440072611363, 23.054843829971876 ], [ -109.727286888291843, 23.054614850334776 ], [ -109.728131115511687, 23.054097798781441 ], [ -109.728816975640427, 23.052775635809905 ], [ -109.729115846878557, 23.05108908527658 ], [ -109.72932659840896, 23.047351597493126 ], [ -109.729381733763361, 23.045635990365952 ], [ -109.729336399748689, 23.044226658305622 ], [ -109.729205710585475, 23.043593378938777 ], [ -109.728858978629916, 23.043102872590431 ], [ -109.728687224149184, 23.042686027045331 ], [ -109.728518692142302, 23.04192599709944 ], [ -109.728409560021191, 23.041076126114145 ], [ -109.72825069652778, 23.039286542970558 ], [ -109.728122220523403, 23.038418452421531 ], [ -109.727895655679546, 23.037603763972736 ], [ -109.727646523904909, 23.03711404026615 ], [ -109.727125695072161, 23.036459556756142 ], [ -109.726875634572707, 23.036069174805238 ], [ -109.72664627971146, 23.035552513299688 ], [ -109.726514081657513, 23.035081792943757 ], [ -109.726346842521565, 23.034186293455221 ], [ -109.726234395716531, 23.033664731775961 ], [ -109.726094149341364, 23.033013481944629 ], [ -109.766596845801288, 23.052194226427314 ] ] ] ] } },
{ "type": "Feature", "properties": { "fid": 17.0, "cat": 19, "CLAVE_ACUI": "0319", "NOM_ACUIF": "SAN JOSE DEL CABO", "VULNERABIL": 3 }, "geometry": { "type": "MultiPolygon", "coordinates": [ [ [ [ -109.614891050993563, 23.078220367790625 ], [ -109.615325926204918, 23.077999115106714 ], [ -109.616302489273025, 23.077610016310089 ], [ -109.617218015978011, 23.07694053666135 ], [ -109.618446350130839, 23.076391220838044 ], [ -109.619987488151807, 23.07583618274511 ], [ -109.621383666487191, 23.075061798309033 ], [ -109.621765137280576, 23.074388503738223 ], [ -109.622016907060257, 23.073991776752926 ], [ -109.622566223046903, 23.073600769206376 ], [ -109.623184204742472, 23.072927475357041 ], [ -109.62361145029098, 23.072425841959621 ], [ -109.624717711799335, 23.071876525746717 ], [ -109.62869262705749, 23.070663453317767 ], [ -109.630714415035598, 23.0700588234984 ], [ -109.631935118862245, 23.069509507293589 ], [ -109.636520385398839, 23.068645478532158 ], [ -109.638236998742357, 23.068155288196024 ], [ -109.64000701815489, 23.067882537823401 ], [ -109.641662596512504, 23.067390442879745 ], [ -109.643676757037113, 23.066955566590885 ], [ -109.645637512859125, 23.066240311724869 ], [ -109.647964476381844, 23.065690994272824 ], [ -109.64967346261254, 23.065145493430744 ], [ -109.651390075454415, 23.064537049763324 ], [ -109.653221129140945, 23.064155579807196 ], [ -109.655059814734784, 23.063556671381541 ], [ -109.656829833735998, 23.063175201891458 ], [ -109.658302306792763, 23.062789916789335 ], [ -109.660133361628425, 23.062471389655819 ], [ -109.661727905552169, 23.06174278353868 ], [ -109.662704466111293, 23.061418534274132 ], [ -109.663688659497765, 23.060974120691419 ], [ -109.665214537572382, 23.060363769596172 ], [ -109.666076660066977, 23.060262679499321 ], [ -109.668090818946297, 23.059539796278706 ], [ -109.669868469577338, 23.058652878191594 ], [ -109.670791625735035, 23.057926178393526 ], [ -109.671714783323253, 23.057655333823948 ], [ -109.672508238483104, 23.05693054136664 ], [ -109.673675537168904, 23.056262971310701 ], [ -109.675155639565631, 23.054857253304178 ], [ -109.675590515564892, 23.054300308946292 ], [ -109.676162413076682, 23.053820175218323 ], [ -109.676432308409787, 23.054318604414817 ], [ -109.676688550190065, 23.054849664613375 ], [ -109.677206015186826, 23.05582941962362 ], [ -109.677552407599393, 23.056338093374794 ], [ -109.678074117830803, 23.056884359552075 ], [ -109.678077881309662, 23.056887249983202 ], [ -109.678083788970952, 23.056893472136927 ], [ -109.678597242945756, 23.057286128679891 ], [ -109.679644912206939, 23.057945166577685 ], [ -109.680129360661979, 23.058310480988009 ], [ -109.680535031560638, 23.058747390043184 ], [ -109.680726699946064, 23.059110258335 ], [ -109.680896033451333, 23.059761954678905 ], [ -109.681068008915005, 23.060142721658323 ], [ -109.681414602458844, 23.060633325909105 ], [ -109.681820284245646, 23.061070232054071 ], [ -109.682690741452419, 23.061890343760414 ], [ -109.683115599040917, 23.062363533492682 ], [ -109.683519709899429, 23.062962993301941 ], [ -109.683768369528224, 23.063488903809045 ], [ -109.684110238295503, 23.06446717570989 ], [ -109.684240553772639, 23.065118544004527 ], [ -109.684289628587521, 23.06609437734059 ], [ -109.684241102732912, 23.067069397889444 ], [ -109.684046445392966, 23.069018625622039 ], [ -109.683801654916152, 23.070100391233822 ], [ -109.683261938290315, 23.071396459295308 ], [ -109.682607195939156, 23.072474805011108 ], [ -109.681182665013537, 23.074413765650121 ], [ -109.680606681069747, 23.075420505480725 ], [ -109.6803032844158, 23.076501773833403 ], [ -109.680373614826678, 23.077297149965023 ], [ -109.680888012466511, 23.078602009690858 ], [ -109.681174673869407, 23.079236621622194 ], [ -109.681520256184257, 23.07983559820185 ], [ -109.681809564485093, 23.080199280546879 ], [ -109.682331907632403, 23.080691350386893 ], [ -109.682581119449949, 23.081163077177212 ], [ -109.682806411058522, 23.082086188573346 ], [ -109.682932685153517, 23.083152980929597 ], [ -109.683086216068901, 23.08543024642556 ], [ -109.68318329757993, 23.086487763211139 ], [ -109.683321010129461, 23.087383048348372 ], [ -109.683453449299066, 23.087817673484025 ], [ -109.68371305426821, 23.088226263593508 ], [ -109.683878034468506, 23.088326987345056 ], [ -109.684113368844962, 23.088220568494066 ], [ -109.68434061164551, 23.08794247981692 ], [ -109.684787002606569, 23.087214631849882 ], [ -109.685046250645414, 23.086656826203942 ], [ -109.685377603798301, 23.085711257586382 ], [ -109.685670608968294, 23.084693115286626 ], [ -109.686218262121997, 23.082584255527873 ], [ -109.686225839028211, 23.082557976108522 ], [ -109.686557514290755, 23.08182841466536 ], [ -109.687180624258986, 23.080993647296957 ], [ -109.687650560509283, 23.080853045564538 ], [ -109.688437267820092, 23.081266007188582 ], [ -109.688813835654258, 23.081693623996888 ], [ -109.689101465593026, 23.082423099443663 ], [ -109.689126759448172, 23.08264455058908 ], [ -109.689126311910286, 23.082690702860376 ], [ -109.689115724882697, 23.083782453644297 ], [ -109.689147763954622, 23.084505255797399 ], [ -109.6892549170135, 23.085535759228403 ], [ -109.689566792260905, 23.086922551581861 ], [ -109.689921328260624, 23.088005263303781 ], [ -109.690180557181947, 23.088740662121449 ], [ -109.690290870680144, 23.089446049781351 ], [ -109.690174952823824, 23.089676608780898 ], [ -109.690081169777685, 23.089895374199365 ], [ -109.689859740674649, 23.090229265591347 ], [ -109.689607064938798, 23.090497084841896 ], [ -109.689164191670173, 23.090863708127333 ], [ -109.688190668663168, 23.091587189668971 ], [ -109.68746513128761, 23.091906300543194 ], [ -109.68626204658041, 23.092140149743869 ], [ -109.684982444782719, 23.092210781992744 ], [ -109.682346728710527, 23.092188806468059 ], [ -109.680942249035695, 23.092050635093464 ], [ -109.679364530569146, 23.091658115566659 ], [ -109.678139484447584, 23.09114209033724 ], [ -109.676042082480066, 23.089986526837361 ], [ -109.674622717390108, 23.089378529145666 ], [ -109.672500299398735, 23.088721942047894 ], [ -109.67090353187757, 23.088353784513469 ], [ -109.667220068933872, 23.087672458205901 ], [ -109.665368948313841, 23.08729555740419 ], [ -109.663810682673031, 23.086921113644802 ], [ -109.66349903067541, 23.086846223093541 ], [ -109.661940776340359, 23.08647176134069 ], [ -109.660909109081715, 23.08615594064824 ], [ -109.659684010894892, 23.085657839193143 ], [ -109.659041912592755, 23.085435628972181 ], [ -109.65841862205481, 23.085285828983498 ], [ -109.657814138217503, 23.085208439403857 ], [ -109.656935621059858, 23.085200970090302 ], [ -109.656331318309697, 23.085105513181009 ], [ -109.655396929726081, 23.084826611450616 ], [ -109.654443921765363, 23.084457229542476 ], [ -109.652519300135992, 23.08362797416488 ], [ -109.651585831547123, 23.08325874229001 ], [ -109.65071003355078, 23.082980313866109 ], [ -109.650183835197737, 23.082885501227778 ], [ -109.649481035728286, 23.082879492784478 ], [ -109.648915974999412, 23.082766280427073 ], [ -109.647923595591564, 23.082432649868942 ], [ -109.646834695775283, 23.081989807122632 ], [ -109.644560395531087, 23.080994892591953 ], [ -109.6434910411635, 23.080552195315867 ], [ -109.642557258284441, 23.080219035334409 ], [ -109.642070302703559, 23.080106470349683 ], [ -109.641543215685587, 23.080101937749738 ], [ -109.641056443084025, 23.079971308090471 ], [ -109.64012321593809, 23.079583949364906 ], [ -109.639054615898118, 23.079068976813446 ], [ -109.636782065991227, 23.077911400727697 ], [ -109.63570373215839, 23.07739632239419 ], [ -109.634741257627212, 23.077008680406507 ], [ -109.634215461313588, 23.076877693000014 ], [ -109.633600543168214, 23.076872374920502 ], [ -109.633259469729651, 23.076815234735392 ], [ -109.633061645472878, 23.076734757663097 ], [ -109.632754931569622, 23.076586844045309 ], [ -109.632511739561821, 23.07642943747296 ], [ -109.63190175770913, 23.075936451131202 ], [ -109.631415010860678, 23.075805792846658 ], [ -109.631317964106017, 23.075817322090575 ], [ -109.630564748502351, 23.075906802689744 ], [ -109.62963438752972, 23.07620580732674 ], [ -109.627693553128537, 23.077001797801593 ], [ -109.626574058431871, 23.077660402469359 ], [ -109.625156406855723, 23.078840233292016 ], [ -109.623913138064339, 23.080148011213875 ], [ -109.621600936273438, 23.082891497342001 ], [ -109.621477623942141, 23.083025603544087 ], [ -109.620505209482175, 23.084083122871483 ], [ -109.619858584615827, 23.084646628514122 ], [ -109.619268145034056, 23.085183061072815 ], [ -109.618652582239037, 23.085647319091315 ], [ -109.618648858366441, 23.08564520742399 ], [ -109.613914489123729, 23.078384398912871 ], [ -109.614891050993563, 23.078220367790625 ] ] ] ] } },
{ "type": "Feature", "properties": { "fid": 19.0, "cat": 16, "CLAVE_ACUI": "0319", "NOM_ACUIF": "SAN JOSE DEL CABO", "VULNERABIL": 4 }, "geometry": { "type": "MultiPolygon", "coordinates": [ [ [ [ -109.641965457173484, 23.08957066584728 ], [ -109.64219311051275, 23.090231928804481 ], [ -109.642183310190376, 23.09120725465473 ], [ -109.642237161574442, 23.091677359657094 ], [ -109.642408517094964, 23.092112348792273 ], [ -109.642640258710486, 23.092367225458723 ], [ -109.64316412908498, 23.092696865340361 ], [ -109.643395873129435, 23.092951740994426 ], [ -109.643567233839974, 23.093386729057546 ], [ -109.643621090514429, 23.093856833731834 ], [ -109.643611298781565, 23.094832159713299 ], [ -109.643664611915867, 23.095356449094705 ], [ -109.643834344316659, 23.095953991236915 ], [ -109.644063919499843, 23.096425605223438 ], [ -109.644582915806367, 23.097242904150331 ], [ -109.644812676803454, 23.097696455607565 ], [ -109.64498296025954, 23.098239811942978 ], [ -109.645037004063823, 23.098691854586214 ], [ -109.645028850934892, 23.099504626226299 ], [ -109.644867036920417, 23.100063194546326 ], [ -109.644765458905141, 23.100416918942326 ], [ -109.644543486813973, 23.100927454752039 ], [ -109.643999291470536, 23.100320226983619 ], [ -109.643447089283569, 23.099518134385026 ], [ -109.642232565203187, 23.097963293540161 ], [ -109.641267431076898, 23.09685313770985 ], [ -109.639586563714545, 23.095077505815564 ], [ -109.63775027973756, 23.093228263881809 ], [ -109.633922407970417, 23.089456124508466 ], [ -109.63222156560812, 23.087743468000436 ], [ -109.630946785292679, 23.086377687895006 ], [ -109.630522962225214, 23.085814056718238 ], [ -109.630526256248586, 23.085488949476034 ], [ -109.630596506134296, 23.085299896126752 ], [ -109.630803961306356, 23.085057843120016 ], [ -109.631079469515456, 23.084843474404749 ], [ -109.631698537068587, 23.084442419726926 ], [ -109.63213979905224, 23.08424754824787 ], [ -109.632844518685417, 23.084063988076444 ], [ -109.633577789583313, 23.083952924203611 ], [ -109.635072882126465, 23.083803285370962 ], [ -109.635667316929741, 23.083686025496757 ], [ -109.636475306051395, 23.083400378807461 ], [ -109.637195888687799, 23.08430932512309 ], [ -109.63825778862396, 23.085492589762978 ], [ -109.640345777933646, 23.087542685845914 ], [ -109.641272703917124, 23.0885622011265 ], [ -109.641965457173484, 23.08957066584728 ] ] ] ] } },
{ "type": "Feature", "properties": { "fid": 14.0, "cat": 14, "CLAVE_ACUI": "0319", "NOM_ACUIF": "SAN JOSE DEL CABO", "VULNERABIL": 5 }, "geometry": { "type": "MultiPolygon", "coordinates": [ [ [ [ -109.618656236019973, 23.085656521385044 ], [ -109.618652582239037, 23.085647319091315 ], [ -109.619268145034056, 23.085183061072815 ], [ -109.619858584615827, 23.084646628514122 ], [ -109.620505209482175, 23.084083122871483 ], [ -109.621477623942141, 23.083025603544087 ], [ -109.621600936273438, 23.082891497342001 ], [ -109.623913138064339, 23.080148011213875 ], [ -109.625156406855723, 23.078840233292016 ], [ -109.626574058431871, 23.077660402469359 ], [ -109.627693553128537, 23.077001797801593 ], [ -109.62963438752972, 23.07620580732674 ], [ -109.630564748502351, 23.075906802689744 ], [ -109.631317964106017, 23.075817322090575 ], [ -109.631415010860678, 23.075805792846658 ], [ -109.63190175770913, 23.075936451131202 ], [ -109.632511739561821, 23.07642943747296 ], [ -109.632754931569622, 23.076586844045309 ], [ -109.633061645472878, 23.076734757663097 ], [ -109.633205098437628, 23.077365689834899 ], [ -109.633372575147845, 23.078179979887057 ], [ -109.633562221893243, 23.078732546160506 ], [ -109.633963687432242, 23.079575954458218 ], [ -109.634443153435285, 23.080429067829275 ], [ -109.635480099718862, 23.08214499628216 ], [ -109.636475306051395, 23.083400378807461 ], [ -109.635667316929741, 23.083686025496757 ], [ -109.635072882126465, 23.083803285370962 ], [ -109.633577789583313, 23.083952924203611 ], [ -109.632844518685417, 23.084063988076444 ], [ -109.63213979905224, 23.08424754824787 ], [ -109.631698537068587, 23.084442419726926 ], [ -109.631079469515456, 23.084843474404749 ], [ -109.630803961306356, 23.085057843120016 ], [ -109.630596506134296, 23.085299896126752 ], [ -109.630526256248586, 23.085488949476034 ], [ -109.630522962225214, 23.085814056718238 ], [ -109.630946785292679, 23.086377687895006 ], [ -109.63222156560812, 23.087743468000436 ], [ -109.633922407970417, 23.089456124508466 ], [ -109.63775027973756, 23.093228263881809 ], [ -109.639586563714545, 23.095077505815564 ], [ -109.641267431076898, 23.09685313770985 ], [ -109.642232565203187, 23.097963293540161 ], [ -109.643447089283569, 23.099518134385026 ], [ -109.643999291470536, 23.100320226983619 ], [ -109.644543486813973, 23.100927454752039 ], [ -109.643419514931409, 23.102263493923608 ], [ -109.642239046648783, 23.1037169871556 ], [ -109.641539663356767, 23.104731003445742 ], [ -109.640585539041709, 23.106402656604853 ], [ -109.639787960310741, 23.108039526062996 ], [ -109.638349316313452, 23.111278474305479 ], [ -109.637601368551444, 23.112833505681508 ], [ -109.637000252426205, 23.113772064803761 ], [ -109.636990870922318, 23.113766878920103 ], [ -109.618656236019973, 23.085656521385044 ] ] ] ] } },
{ "type": "Feature", "properties": { "fid": 20.0, "cat": 17, "CLAVE_ACUI": "0319", "NOM_ACUIF": "SAN JOSE DEL CABO", "VULNERABIL": 5 }, "geometry": { "type": "MultiPolygon", "coordinates": [ [ [ [ -109.677124023513613, 23.053012847134191 ], [ -109.678047179320828, 23.052118303210786 ], [ -109.678718567510174, 23.051338196496388 ], [ -109.679214477277114, 23.050600051799737 ], [ -109.680267332434568, 23.049995423072289 ], [ -109.681556701025372, 23.04910278310976 ], [ -109.682411193486999, 23.048658371748914 ], [ -109.683517456064251, 23.048215866538971 ], [ -109.68498229893126, 23.04771423398514 ], [ -109.686271666804259, 23.047218323572384 ], [ -109.687675475643559, 23.046552658721833 ], [ -109.69110870373413, 23.045053483287759 ], [ -109.692337036517827, 23.044504165375564 ], [ -109.693008422856082, 23.044231414501542 ], [ -109.69361877336226, 23.043838500882885 ], [ -109.694351196036166, 23.043500899828349 ], [ -109.69515228165676, 23.043056488261008 ], [ -109.698158264533234, 23.041337967117599 ], [ -109.698829649557538, 23.040773390994246 ], [ -109.699882507958165, 23.040105820381275 ], [ -109.701530457035005, 23.03927040136017 ], [ -109.702827453362701, 23.038494110800322 ], [ -109.702996952592599, 23.038378305061823 ], [ -109.703519823386131, 23.039399535046602 ], [ -109.703801149397293, 23.0400954182772 ], [ -109.703961221564597, 23.040595801107187 ], [ -109.703991593646279, 23.041148866574346 ], [ -109.703747282560855, 23.04220358317178 ], [ -109.703364792603963, 23.043419738285671 ], [ -109.70246161198672, 23.046013482445481 ], [ -109.702057589673913, 23.047437187127979 ], [ -109.701748722183723, 23.04911456119342 ], [ -109.701637970353204, 23.050486480959616 ], [ -109.701614586050454, 23.052924866542718 ], [ -109.701659629165761, 23.054334192130064 ], [ -109.701818146895917, 23.056123783583505 ], [ -109.702037303182451, 23.057697110289027 ], [ -109.702536264564145, 23.060627498094522 ], [ -109.703008929438852, 23.062229999514901 ], [ -109.703927966735833, 23.06410711399041 ], [ -109.704335300290268, 23.064694044982986 ], [ -109.704389872725315, 23.064797315550827 ], [ -109.705910878475763, 23.067013529070049 ], [ -109.70920853309218, 23.071267369444687 ], [ -109.70963697856547, 23.07176876854848 ], [ -109.709862209227651, 23.072032350402409 ], [ -109.710404369375368, 23.0727944720824 ], [ -109.711707342172048, 23.074349535429711 ], [ -109.712674474946482, 23.075296723698838 ], [ -109.71427290116128, 23.076583221615042 ], [ -109.715969825628292, 23.077780187231713 ], [ -109.717966714864275, 23.079097793509916 ], [ -109.719916181395504, 23.080350954913872 ], [ -109.721677366405245, 23.081307055285308 ], [ -109.721318275854514, 23.081685699452674 ], [ -109.720705829029427, 23.082527278775768 ], [ -109.720241976410577, 23.083306182237656 ], [ -109.718989701202588, 23.085653323208938 ], [ -109.718167414192763, 23.086920130599243 ], [ -109.716952840812596, 23.088373412989842 ], [ -109.71575083503312, 23.089528738863006 ], [ -109.713359361429823, 23.091541414653662 ], [ -109.712002395123477, 23.092559970163272 ], [ -109.710323000149657, 23.093602974747878 ], [ -109.708880979135273, 23.094322759239937 ], [ -109.706234300083366, 23.095439089904072 ], [ -109.704755008311864, 23.095968863222421 ], [ -109.702963832271266, 23.096441869575944 ], [ -109.701457835401825, 23.096700440008384 ], [ -109.698731022034366, 23.097003127114693 ], [ -109.697539758432541, 23.097020397625897 ], [ -109.69680681568201, 23.09693417683172 ], [ -109.69619491287699, 23.096765439495226 ], [ -109.696472439798924, 23.096334209511337 ], [ -109.696658354212047, 23.095279034674743 ], [ -109.696704372463614, 23.094556877809094 ], [ -109.696656515227488, 23.093445582287419 ], [ -109.696530736758021, 23.092315579901115 ], [ -109.696201264453151, 23.090036867804105 ], [ -109.696095450577815, 23.08886187114641 ], [ -109.696107474632797, 23.087615593682216 ], [ -109.696233325963249, 23.086713461136647 ], [ -109.696598850658845, 23.085253340119177 ], [ -109.696712583292481, 23.084594963181907 ], [ -109.696688262348985, 23.084079954348791 ], [ -109.696533996188549, 23.083879983271807 ], [ -109.696095519005553, 23.083795078096959 ], [ -109.695763633025834, 23.08379233752899 ], [ -109.695206451507801, 23.083869020464938 ], [ -109.694609700752238, 23.083999564635491 ], [ -109.693376626841982, 23.084314508938046 ], [ -109.69275965121858, 23.084517132316261 ], [ -109.692141800050919, 23.084810063051489 ], [ -109.691729023742766, 23.085095658630657 ], [ -109.691108544259038, 23.085659514523655 ], [ -109.690812113798884, 23.086027357151053 ], [ -109.690543303859101, 23.086567030555699 ], [ -109.690391718025495, 23.087098643932467 ], [ -109.69020576973378, 23.088153810726553 ], [ -109.690180557181947, 23.088740662121449 ], [ -109.689921328260624, 23.088005263303781 ], [ -109.689566792260905, 23.086922551581861 ], [ -109.6892549170135, 23.085535759228403 ], [ -109.689147763954622, 23.084505255797399 ], [ -109.689115724882697, 23.083782453644297 ], [ -109.689126311910286, 23.082690702860376 ], [ -109.689126759448172, 23.08264455058908 ], [ -109.689101465593026, 23.082423099443663 ], [ -109.688813835654258, 23.081693623996888 ], [ -109.688437267820092, 23.081266007188582 ], [ -109.687650560509283, 23.080853045564538 ], [ -109.687180624258986, 23.080993647296957 ], [ -109.686557514290755, 23.08182841466536 ], [ -109.686225839028211, 23.082557976108522 ], [ -109.686218262121997, 23.082584255527873 ], [ -109.685670608968294, 23.084693115286626 ], [ -109.685377603798301, 23.085711257586382 ], [ -109.685046250645414, 23.086656826203942 ], [ -109.684787002606569, 23.087214631849882 ], [ -109.68434061164551, 23.08794247981692 ], [ -109.684113368844962, 23.088220568494066 ], [ -109.683878034468506, 23.088326987345056 ], [ -109.68371305426821, 23.088226263593508 ], [ -109.683453449299066, 23.087817673484025 ], [ -109.683321010129461, 23.087383048348372 ], [ -109.68318329757993, 23.086487763211139 ], [ -109.683086216068901, 23.08543024642556 ], [ -109.682932685153517, 23.083152980929597 ], [ -109.682806411058522, 23.082086188573346 ], [ -109.682581119449949, 23.081163077177212 ], [ -109.682331907632403, 23.080691350386893 ], [ -109.681809564485093, 23.080199280546879 ], [ -109.681520256184257, 23.07983559820185 ], [ -109.681174673869407, 23.079236621622194 ], [ -109.680888012466511, 23.078602009690858 ], [ -109.680373614826678, 23.077297149965023 ], [ -109.6803032844158, 23.076501773833403 ], [ -109.680606681069747, 23.075420505480725 ], [ -109.681182665013537, 23.074413765650121 ], [ -109.682607195939156, 23.072474805011108 ], [ -109.683261938290315, 23.071396459295308 ], [ -109.683801654916152, 23.070100391233822 ], [ -109.684046445392966, 23.069018625622039 ], [ -109.684241102732912, 23.067069397889444 ], [ -109.684289628587521, 23.06609437734059 ], [ -109.684240553772639, 23.065118544004527 ], [ -109.684110238295503, 23.06446717570989 ], [ -109.683768369528224, 23.063488903809045 ], [ -109.683519709899429, 23.062962993301941 ], [ -109.683115599040917, 23.062363533492682 ], [ -109.682690741452419, 23.061890343760414 ], [ -109.681820284245646, 23.061070232054071 ], [ -109.681414602458844, 23.060633325909105 ], [ -109.681068008915005, 23.060142721658323 ], [ -109.680896033451333, 23.059761954678905 ], [ -109.680726699946064, 23.059110258335 ], [ -109.680535031560638, 23.058747390043184 ], [ -109.680129360661979, 23.058310480988009 ], [ -109.679644912206939, 23.057945166577685 ], [ -109.678597242945756, 23.057286128679891 ], [ -109.678083788970952, 23.056893472136927 ], [ -109.678077881309662, 23.056887249983202 ], [ -109.678074117830803, 23.056884359552075 ], [ -109.677552407599393, 23.056338093374794 ], [ -109.677206015186826, 23.05582941962362 ], [ -109.676688550190065, 23.054849664613375 ], [ -109.676432308409787, 23.054318604414817 ], [ -109.676162413076682, 23.053820175218323 ], [ -109.677124023513613, 23.053012847134191 ] ] ] ] } },
{ "type": "Feature", "properties": { "fid": 21.0, "cat": 21, "CLAVE_ACUI": "0319", "NOM_ACUIF": "SAN JOSE DEL CABO", "VULNERABIL": 3 }, "geometry": { "type": "MultiPolygon", "coordinates": [ [ [ [ -109.704055785387396, 23.037654877491235 ], [ -109.706077575479654, 23.036371230585974 ], [ -109.708717346769362, 23.034360885997565 ], [ -109.709571838442372, 23.033689500430306 ], [ -109.710746765960465, 23.032688141637319 ], [ -109.711784362209443, 23.031738281713515 ], [ -109.713394164691081, 23.030000687462572 ], [ -109.713577269609871, 23.029270173424639 ], [ -109.713653563156058, 23.028476714616783 ], [ -109.71401977479394, 23.027919769685099 ], [ -109.714027404987988, 23.027296065737051 ], [ -109.726094149341364, 23.033013481944629 ], [ -109.726234395716531, 23.033664731775961 ], [ -109.726346842521565, 23.034186293455221 ], [ -109.726514081657513, 23.035081792943757 ], [ -109.72664627971146, 23.035552513299688 ], [ -109.726875634572707, 23.036069174805238 ], [ -109.727125695072161, 23.036459556756142 ], [ -109.727646523904909, 23.03711404026615 ], [ -109.727895655679546, 23.037603763972736 ], [ -109.728122220523403, 23.038418452421531 ], [ -109.72825069652778, 23.039286542970558 ], [ -109.728409560021191, 23.041076126114145 ], [ -109.728518692142302, 23.04192599709944 ], [ -109.728687224149184, 23.042686027045331 ], [ -109.728858978629916, 23.043102872590431 ], [ -109.729205710585475, 23.043593378938777 ], [ -109.729336399748689, 23.044226658305622 ], [ -109.729381733763361, 23.045635990365952 ], [ -109.72932659840896, 23.047351597493126 ], [ -109.729115846878557, 23.05108908527658 ], [ -109.728816975640427, 23.052775635809905 ], [ -109.728131115511687, 23.054097798781441 ], [ -109.727286888291843, 23.054614850334776 ], [ -109.725440072611363, 23.054843829971876 ], [ -109.72455035266897, 23.055008258440839 ], [ -109.723728009940146, 23.055272575834749 ], [ -109.72324715866425, 23.055548679194604 ], [ -109.722626946132195, 23.056112673031347 ], [ -109.722330070564809, 23.056543800842569 ], [ -109.722059657773784, 23.057273191803489 ], [ -109.721905845292468, 23.05805771588172 ], [ -109.721714818974021, 23.059681897086968 ], [ -109.721580520577277, 23.060466578274145 ], [ -109.721368653784324, 23.061196440836802 ], [ -109.721149841129346, 23.061628197151087 ], [ -109.720705269092761, 23.062193602861438 ], [ -109.720429259461156, 23.062480386114405 ], [ -109.720045804014546, 23.062775330456763 ], [ -109.71968272131916, 23.062980120832457 ], [ -109.718976927646111, 23.063299546084632 ], [ -109.718507081000141, 23.063440245575048 ], [ -109.717803336268275, 23.063542918881652 ], [ -109.717100275635417, 23.063573340209448 ], [ -109.715694839670135, 23.063561924681188 ], [ -109.714972259021067, 23.063592177876306 ], [ -109.714209951801124, 23.063694358830105 ], [ -109.713662019702923, 23.063834408317078 ], [ -109.712780528653468, 23.06415237489999 ], [ -109.712319831898128, 23.064356352623712 ], [ -109.711819233880419, 23.064650321493765 ], [ -109.711445600421996, 23.064936292243765 ], [ -109.710825296036361, 23.06550023494809 ], [ -109.710508497312077, 23.065967302464955 ], [ -109.710178406087465, 23.066804563476364 ], [ -109.709945051744796, 23.067732931110736 ], [ -109.70957507476146, 23.069680772432168 ], [ -109.709555406385093, 23.070719265190466 ], [ -109.70963697856547, 23.07176876854848 ], [ -109.70920853309218, 23.071267369444687 ], [ -109.705910878475763, 23.067013529070049 ], [ -109.704389872725315, 23.064797315550827 ], [ -109.704335300290268, 23.064694044982986 ], [ -109.703927966735833, 23.06410711399041 ], [ -109.703008929438852, 23.062229999514901 ], [ -109.702536264564145, 23.060627498094522 ], [ -109.702037303182451, 23.057697110289027 ], [ -109.701818146895917, 23.056123783583505 ], [ -109.701659629165761, 23.054334192130064 ], [ -109.701614586050454, 23.052924866542718 ], [ -109.701637970353204, 23.050486480959616 ], [ -109.701748722183723, 23.04911456119342 ], [ -109.702057589673913, 23.047437187127979 ], [ -109.70246161198672, 23.046013482445481 ], [ -109.703364792603963, 23.043419738285671 ], [ -109.703747282560855, 23.04220358317178 ], [ -109.703991593646279, 23.041148866574346 ], [ -109.703961221564597, 23.040595801107187 ], [ -109.703801149397293, 23.0400954182772 ], [ -109.703519823386131, 23.039399535046602 ], [ -109.702996952592599, 23.038378305061823 ], [ -109.704055785387396, 23.037654877491235 ] ] ] ] } },
{ "type": "Feature", "properties": { "fid": 13.0, "cat": 13, "CLAVE_ACUI": "0319", "NOM_ACUIF": "SAN JOSE DEL CABO", "VULNERABIL": 3 }, "geometry": { "type": "MultiPolygon", "coordinates": [ [ [ [ -109.698031798614892, 23.113832453735839 ], [ -109.695491888736782, 23.114135146270169 ], [ -109.693930042206119, 23.114338206906556 ], [ -109.692567605813963, 23.114446578317644 ], [ -109.692837781172116, 23.113771441164698 ], [ -109.692757081400217, 23.11303017475446 ], [ -109.692244815896885, 23.111481512157106 ], [ -109.691920388013727, 23.11070209827167 ], [ -109.69145936608335, 23.109912519375566 ], [ -109.691015424034745, 23.109375967992104 ], [ -109.690144623388193, 23.108555890585823 ], [ -109.689759181769446, 23.108028853215995 ], [ -109.689473652523375, 23.107267821155752 ], [ -109.68938321032762, 23.106526472369662 ], [ -109.689397410203227, 23.105063458179167 ], [ -109.689463524783008, 23.104287282656141 ], [ -109.689482013142594, 23.104200383832598 ], [ -109.689647667653801, 23.103421770186753 ], [ -109.689888456630285, 23.102755424611967 ], [ -109.690426676154345, 23.101621899028224 ], [ -109.69068707035369, 23.100946682803801 ], [ -109.690930037389052, 23.100054560907076 ], [ -109.691074588864808, 23.099242907553226 ], [ -109.691262424852027, 23.098124315657685 ], [ -109.691499153243015, 23.097225809143865 ], [ -109.691779147816803, 23.096503550974834 ], [ -109.692193164405197, 23.096651051232836 ], [ -109.693214352456337, 23.096739776110073 ], [ -109.694748000216052, 23.096970243020344 ], [ -109.695548247302838, 23.097003953095495 ], [ -109.69590338927091, 23.097480228176028 ], [ -109.696104959612569, 23.097993008482018 ], [ -109.696292537063371, 23.098789347876615 ], [ -109.696276062566994, 23.100496203803811 ], [ -109.69630639577035, 23.101399624587355 ], [ -109.696413871723848, 23.102403031181147 ], [ -109.696562666217574, 23.103171954682225 ], [ -109.696901576883803, 23.104475318248635 ], [ -109.697185836705259, 23.105371803478839 ], [ -109.697699708151021, 23.106757895075976 ], [ -109.698271906996212, 23.108171561438347 ], [ -109.699474657598856, 23.111026464642233 ], [ -109.70004538849237, 23.112518837353409 ], [ -109.700531959559456, 23.113780812952893 ], [ -109.700132350323287, 23.113705267421544 ], [ -109.699194790540872, 23.113724635015728 ], [ -109.698031798614892, 23.113832453735839 ] ] ] ] } },
{ "type": "Feature", "properties": { "fid": 12.0, "cat": 12, "CLAVE_ACUI": "0319", "NOM_ACUIF": "SAN JOSE DEL CABO", "VULNERABIL": 2 }, "geometry": { "type": "MultiPolygon", "coordinates": [ [ [ [ -109.636997761961197, 23.113777441655937 ], [ -109.637000252426205, 23.113772064803761 ], [ -109.637601368551444, 23.112833505681508 ], [ -109.638349316313452, 23.111278474305479 ], [ -109.639787960310741, 23.108039526062996 ], [ -109.640585539041709, 23.106402656604853 ], [ -109.641539663356767, 23.104731003445742 ], [ -109.642239046648783, 23.1037169871556 ], [ -109.643419514931409, 23.102263493923608 ], [ -109.644543486813973, 23.100927454752039 ], [ -109.644765458905141, 23.100416918942326 ], [ -109.644867036920417, 23.100063194546326 ], [ -109.645028850934892, 23.099504626226299 ], [ -109.645037004063823, 23.098691854586214 ], [ -109.64498296025954, 23.098239811942978 ], [ -109.644812676803454, 23.097696455607565 ], [ -109.644582915806367, 23.097242904150331 ], [ -109.644063919499843, 23.096425605223438 ], [ -109.643834344316659, 23.095953991236915 ], [ -109.643664611915867, 23.095356449094705 ], [ -109.643611298781565, 23.094832159713299 ], [ -109.643621090514429, 23.093856833731834 ], [ -109.643567233839974, 23.093386729057546 ], [ -109.643395873129435, 23.092951740994426 ], [ -109.64316412908498, 23.092696865340361 ], [ -109.642640258710486, 23.092367225458723 ], [ -109.642408517094964, 23.092112348792273 ], [ -109.642237161574442, 23.091677359657094 ], [ -109.642183310190376, 23.09120725465473 ], [ -109.64219311051275, 23.090231928804481 ], [ -109.641965457173484, 23.08957066584728 ], [ -109.641272703917124, 23.0885622011265 ], [ -109.640345777933646, 23.087542685845914 ], [ -109.63825778862396, 23.085492589762978 ], [ -109.637195888687799, 23.08430932512309 ], [ -109.636475306051395, 23.083400378807461 ], [ -109.635480099718862, 23.08214499628216 ], [ -109.634443153435285, 23.080429067829275 ], [ -109.633963687432242, 23.079575954458218 ], [ -109.633562221893243, 23.078732546160506 ], [ -109.633372575147845, 23.078179979887057 ], [ -109.633205098437628, 23.077365689834899 ], [ -109.633061645472878, 23.076734757663097 ], [ -109.633259469729651, 23.076815234735392 ], [ -109.633600543168214, 23.076872374920502 ], [ -109.634215461313588, 23.076877693000014 ], [ -109.634741257627212, 23.077008680406507 ], [ -109.63570373215839, 23.07739632239419 ], [ -109.636782065991227, 23.077911400727697 ], [ -109.639054615898118, 23.079068976813446 ], [ -109.64012321593809, 23.079583949364906 ], [ -109.641056443084025, 23.079971308090471 ], [ -109.641543215685587, 23.080101937749738 ], [ -109.642070302703559, 23.080106470349683 ], [ -109.642557258284441, 23.080219035334409 ], [ -109.6434910411635, 23.080552195315867 ], [ -109.644560395531087, 23.080994892591953 ], [ -109.646834695775283, 23.081989807122632 ], [ -109.647923595591564, 23.082432649868942 ], [ -109.648915974999412, 23.082766280427073 ], [ -109.649481035728286, 23.082879492784478 ], [ -109.650183835197737, 23.082885501227778 ], [ -109.65071003355078, 23.082980313866109 ], [ -109.651585831547123, 23.08325874229001 ], [ -109.652519300135992, 23.08362797416488 ], [ -109.654443921765363, 23.084457229542476 ], [ -109.655396929726081, 23.084826611450616 ], [ -109.656331318309697, 23.085105513181009 ], [ -109.656935621059858, 23.085200970090302 ], [ -109.657814138217503, 23.085208439403857 ], [ -109.65841862205481, 23.085285828983498 ], [ -109.659041912592755, 23.085435628972181 ], [ -109.659684010894892, 23.085657839193143 ], [ -109.660909109081715, 23.08615594064824 ], [ -109.661940776340359, 23.08647176134069 ], [ -109.66349903067541, 23.086846223093541 ], [ -109.663810682673031, 23.086921113644802 ], [ -109.665368948313841, 23.08729555740419 ], [ -109.667220068933872, 23.087672458205901 ], [ -109.67090353187757, 23.088353784513469 ], [ -109.672500299398735, 23.088721942047894 ], [ -109.674622717390108, 23.089378529145666 ], [ -109.676042082480066, 23.089986526837361 ], [ -109.678139484447584, 23.09114209033724 ], [ -109.679364530569146, 23.091658115566659 ], [ -109.680942249035695, 23.092050635093464 ], [ -109.682346728710527, 23.092188806468059 ], [ -109.684982444782719, 23.092210781992744 ], [ -109.68626204658041, 23.092140149743869 ], [ -109.68746513128761, 23.091906300543194 ], [ -109.688190668663168, 23.091587189668971 ], [ -109.689164191670173, 23.090863708127333 ], [ -109.689607064938798, 23.090497084841896 ], [ -109.689859740674649, 23.090229265591347 ], [ -109.690081169777685, 23.089895374199365 ], [ -109.690174952823824, 23.089676608780898 ], [ -109.690290870680144, 23.089446049781351 ], [ -109.69049994070636, 23.090034844342672 ], [ -109.691016841823199, 23.091095839451064 ], [ -109.691244916220867, 23.091738980883054 ], [ -109.691336111914069, 23.092212314397834 ], [ -109.691419547382012, 23.092860359116006 ], [ -109.691458124218514, 23.093917387573704 ], [ -109.691448065444661, 23.094955949382086 ], [ -109.691580224208309, 23.096019696403651 ], [ -109.691779147816803, 23.096503550974834 ], [ -109.691499153243015, 23.097225809143865 ], [ -109.691262424852027, 23.098124315657685 ], [ -109.691074588864808, 23.099242907553226 ], [ -109.690930037389052, 23.100054560907076 ], [ -109.69068707035369, 23.100946682803801 ], [ -109.690426676154345, 23.101621899028224 ], [ -109.689888456630285, 23.102755424611967 ], [ -109.689647667653801, 23.103421770186753 ], [ -109.689482013142594, 23.104200383832598 ], [ -109.689463524783008, 23.104287282656141 ], [ -109.689397410203227, 23.105063458179167 ], [ -109.68938321032762, 23.106526472369662 ], [ -109.689473652523375, 23.107267821155752 ], [ -109.689759181769446, 23.108028853215995 ], [ -109.690144623388193, 23.108555890585823 ], [ -109.691015424034745, 23.109375967992104 ], [ -109.69145936608335, 23.109912519375566 ], [ -109.691920388013727, 23.11070209827167 ], [ -109.692244815896885, 23.111481512157106 ], [ -109.692757081400217, 23.11303017475446 ], [ -109.692837781172116, 23.113771441164698 ], [ -109.692567605813963, 23.114446578317644 ], [ -109.692036610853776, 23.114830538995225 ], [ -109.690713797341559, 23.1153072766032 ], [ -109.689930780266806, 23.115499472901671 ], [ -109.688904547673786, 23.115599327390708 ], [ -109.687977179240193, 23.115573554086549 ], [ -109.686221311074092, 23.115396371290142 ], [ -109.685303533050231, 23.115388725513984 ], [ -109.684306062078406, 23.115542979598047 ], [ -109.683561385961013, 23.115807716855716 ], [ -109.682324822300288, 23.11644767196492 ], [ -109.681725622500238, 23.116812963404843 ], [ -109.68116459183031, 23.117268888008951 ], [ -109.6808287414635, 23.117663472203304 ], [ -109.680382220236979, 23.118391300611922 ], [ -109.680055863520096, 23.11881305726267 ], [ -109.679523315062539, 23.119350498487631 ], [ -109.678962089536398, 23.119824476079316 ], [ -109.677810954287082, 23.120708962851381 ], [ -109.677162992311722, 23.121064795181731 ], [ -109.676370250305283, 23.121247808806416 ], [ -109.6756969787928, 23.121196999171648 ], [ -109.674469911944072, 23.120861553181967 ], [ -109.67375022041243, 23.120566491363554 ], [ -109.672818213465376, 23.120016754622174 ], [ -109.671984563661056, 23.119395587779003 ], [ -109.670415636486581, 23.118081817850861 ], [ -109.669582009907018, 23.117460639228 ], [ -109.668650042051738, 23.116910879427721 ], [ -109.667930385297396, 23.11661579247593 ], [ -109.666703382092237, 23.116280288697627 ], [ -109.66606973101284, 23.116175584196206 ], [ -109.66539577655729, 23.116196978727409 ], [ -109.664906168561544, 23.116337341525966 ], [ -109.664111296030782, 23.116737034486626 ], [ -109.66369800545823, 23.117058671719793 ], [ -109.663253006782071, 23.117623892309812 ], [ -109.662924631946126, 23.118244289645805 ], [ -109.662384501336405, 23.11954026034855 ], [ -109.662036231585844, 23.120196613022053 ], [ -109.661531556827484, 23.120869700763631 ], [ -109.661038702074151, 23.121335160396335 ], [ -109.66006480910886, 23.12205844844501 ], [ -109.659358393088155, 23.122395645699523 ], [ -109.658213041893475, 23.122683948087214 ], [ -109.657010540331612, 23.122827250053049 ], [ -109.654548387778661, 23.122968833473788 ], [ -109.653188845551639, 23.123192050373955 ], [ -109.651572365559815, 23.12372013198091 ], [ -109.650237767523691, 23.124377051074788 ], [ -109.64785042802572, 23.125819712341464 ], [ -109.64667367898214, 23.12656449137625 ], [ -109.645684048409947, 23.127083267336271 ], [ -109.64567562426069, 23.127077573751251 ], [ -109.636997761961197, 23.113777441655937 ] ] ] ] } },
{ "type": "Feature", "properties": { "fid": 11.0, "cat": 11, "CLAVE_ACUI": "0319", "NOM_ACUIF": "SAN JOSE DEL CABO", "VULNERABIL": 2 }, "geometry": { "type": "MultiPolygon", "coordinates": [ [ [ [ -109.700531959559456, 23.113780812952893 ], [ -109.700793228102128, 23.114026820600074 ], [ -109.700927484211022, 23.11428081373753 ], [ -109.701068984016572, 23.114796785693599 ], [ -109.701170561145076, 23.115402745840257 ], [ -109.701333793730342, 23.116704654241204 ], [ -109.701464056164212, 23.117374072189577 ], [ -109.701691610688243, 23.118080417602634 ], [ -109.701940606331888, 23.118588241820827 ], [ -109.702460041349809, 23.11940536824498 ], [ -109.702687951324023, 23.120075588502313 ], [ -109.702852243719335, 23.121269123712025 ], [ -109.702898152891436, 23.122588128879961 ], [ -109.702871583715364, 23.125351608653094 ], [ -109.702779834345222, 23.126768829512773 ], [ -109.702531153911693, 23.128257012373457 ], [ -109.702208433666456, 23.129320095767948 ], [ -109.701488944845352, 23.131021160724231 ], [ -109.701081630248211, 23.13174034033371 ], [ -109.700438648424139, 23.132593051561933 ], [ -109.700149096300535, 23.132238429255437 ], [ -109.699361277382081, 23.131906792048223 ], [ -109.698971903365717, 23.131777136142954 ], [ -109.698591597787981, 23.131719807548855 ], [ -109.698347128456916, 23.131753916233251 ], [ -109.697994025258012, 23.131913570927935 ], [ -109.69769122805252, 23.131920101891343 ], [ -109.697135941004461, 23.131780039370941 ], [ -109.696513261655014, 23.131540069447151 ], [ -109.695200517648473, 23.130960216493712 ], [ -109.694676716927276, 23.130594614435307 ], [ -109.694418052209869, 23.130077667941709 ], [ -109.694510742143322, 23.129581693719999 ], [ -109.695047470057403, 23.128610716262198 ], [ -109.695288633818592, 23.12790824155844 ], [ -109.695475400093727, 23.12677179608631 ], [ -109.695545514169311, 23.125580195228356 ], [ -109.695569090417365, 23.123141837958556 ], [ -109.695484458668091, 23.12179541810637 ], [ -109.695206993039392, 23.120194516000925 ], [ -109.694829186702577, 23.118872765204625 ], [ -109.693973248280471, 23.116508412612983 ], [ -109.693445861197688, 23.115510560824681 ], [ -109.693064603319215, 23.11495579099919 ], [ -109.692567605813963, 23.114446578317644 ], [ -109.693930042206119, 23.114338206906556 ], [ -109.695491888736782, 23.114135146270169 ], [ -109.698031798614892, 23.113832453735839 ], [ -109.699194790540872, 23.113724635015728 ], [ -109.700132350323287, 23.113705267421544 ], [ -109.700531959559456, 23.113780812952893 ] ] ] ] } },
{ "type": "Feature", "properties": { "fid": 10.0, "cat": 10, "CLAVE_ACUI": "0319", "NOM_ACUIF": "SAN JOSE DEL CABO", "VULNERABIL": 3 }, "geometry": { "type": "MultiPolygon", "coordinates": [ [ [ [ -109.745698011979755, 23.119457066832425 ], [ -109.745333716695768, 23.119779314498935 ], [ -109.744977671933285, 23.120264199308433 ], [ -109.74452482274269, 23.120657994711244 ], [ -109.74352231486553, 23.121354492148516 ], [ -109.742304308829446, 23.122121518885031 ], [ -109.739652764224516, 23.123726074462809 ], [ -109.738434715613934, 23.124493069172559 ], [ -109.737432148760931, 23.125189524920078 ], [ -109.73697926138145, 23.125583296714691 ], [ -109.73662317116397, 23.126068160314652 ], [ -109.736190146075643, 23.126425961636293 ], [ -109.73524715738624, 23.127014498601145 ], [ -109.734108528290832, 23.127637586277142 ], [ -109.731635604679909, 23.128918288990924 ], [ -109.73049694371764, 23.129541348985015 ], [ -109.729553909455504, 23.130129849603829 ], [ -109.729120853015289, 23.130487629919823 ], [ -109.728764721598338, 23.130972473650409 ], [ -109.728332171280627, 23.131276065178202 ], [ -109.727390649666958, 23.131701992722387 ], [ -109.726253993642331, 23.132108274645873 ], [ -109.723785532823072, 23.132901170128633 ], [ -109.72266855814496, 23.13328952120759 ], [ -109.721786109993062, 23.13366170219718 ], [ -109.7214323416583, 23.13389365866033 ], [ -109.721253487325342, 23.134217350340702 ], [ -109.720841468637204, 23.134412705997534 ], [ -109.719784264984071, 23.134675076601518 ], [ -109.718434275095063, 23.134916996763469 ], [ -109.715441499807199, 23.135380352984786 ], [ -109.713838636247928, 23.135511792075349 ], [ -109.712022834613592, 23.13544277775237 ], [ -109.710599368622667, 23.135196317841256 ], [ -109.70814478781287, 23.134525941533671 ], [ -109.707014638079912, 23.134245726206448 ], [ -109.706078753953051, 23.134075477683172 ], [ -109.705649092799135, 23.134071950856168 ], [ -109.705295991163851, 23.134231621979577 ], [ -109.704973745017412, 23.134228975352556 ], [ -109.704360109843861, 23.134061363353801 ], [ -109.70365963307124, 23.133784654782271 ], [ -109.702171846962131, 23.133122133658549 ], [ -109.701190167121482, 23.132857617197473 ], [ -109.700438648424139, 23.132593051561933 ], [ -109.701081630248211, 23.13174034033371 ], [ -109.701488944845352, 23.131021160724231 ], [ -109.702208433666456, 23.129320095767948 ], [ -109.702531153911693, 23.128257012373457 ], [ -109.702779834345222, 23.126768829512773 ], [ -109.702871583715364, 23.125351608653094 ], [ -109.702898152891436, 23.122588128879961 ], [ -109.702852243719335, 23.121269123712025 ], [ -109.702687951324023, 23.120075588502313 ], [ -109.702460041349809, 23.11940536824498 ], [ -109.701940606331888, 23.118588241820827 ], [ -109.701691610688243, 23.118080417602634 ], [ -109.701464056164212, 23.117374072189577 ], [ -109.701333793730342, 23.116704654241204 ], [ -109.701170561145076, 23.115402745840257 ], [ -109.701068984016572, 23.114796785693599 ], [ -109.700930258707544, 23.114290930835772 ], [ -109.700927484211022, 23.11428081373753 ], [ -109.700793228102128, 23.114026820600074 ], [ -109.701558260550584, 23.113671850775486 ], [ -109.702497903803547, 23.113435725335528 ], [ -109.704696256775918, 23.113291218694638 ], [ -109.70577128307734, 23.113191660566148 ], [ -109.706798009737398, 23.113037508863805 ], [ -109.707434194411874, 23.112880151299557 ], [ -109.708316020487018, 23.112562231417218 ], [ -109.708777063680643, 23.112340212263859 ], [ -109.709278368109253, 23.111992076956255 ], [ -109.709652831875857, 23.111633870939045 ], [ -109.710274915930739, 23.110907387464483 ], [ -109.710552603173198, 23.110458070700563 ], [ -109.710763583975719, 23.109836605485455 ], [ -109.710837532305646, 23.109250147283703 ], [ -109.710848397419568, 23.108112238059316 ], [ -109.710922516485283, 23.107507717579345 ], [ -109.711134007507368, 23.10683206518614 ], [ -109.711412372337165, 23.106310497934604 ], [ -109.712035971729762, 23.105421446908235 ], [ -109.71258700352486, 23.10497435624459 ], [ -109.713616500696943, 23.104522132532679 ], [ -109.714781296522929, 23.104215511621462 ], [ -109.717246181152362, 23.10374785110011 ], [ -109.7184106205559, 23.103477326926818 ], [ -109.71943906094171, 23.103133436493799 ], [ -109.71998869032403, 23.102830815365976 ], [ -109.720609137921812, 23.102266845243321 ], [ -109.720926336611825, 23.101763637530269 ], [ -109.721257485237544, 23.100817985645836 ], [ -109.721492199541046, 23.09974510697808 ], [ -109.721865187450732, 23.097472122147014 ], [ -109.722138939223825, 23.096399557764215 ], [ -109.722587211939768, 23.095454849724973 ], [ -109.723060582341333, 23.094952900071529 ], [ -109.724032419940499, 23.09439175600362 ], [ -109.724620711092086, 23.094125556328358 ], [ -109.725413750469016, 23.093888102882254 ], [ -109.72614719240913, 23.093758545879531 ], [ -109.727554478916744, 23.093607322600779 ], [ -109.728248869078442, 23.093477440936322 ], [ -109.72892475322206, 23.093239025677374 ], [ -109.729356836237642, 23.092971550055836 ], [ -109.729977199194835, 23.092407538649844 ], [ -109.730274560163139, 23.091931245230942 ], [ -109.730546281066452, 23.09106637770897 ], [ -109.730701787936553, 23.0901012255095 ], [ -109.730896585186258, 23.088070636236392 ], [ -109.73097719939814, 23.086776733939356 ], [ -109.731045684979719, 23.085904059668131 ], [ -109.73155840868732, 23.086206370580122 ], [ -109.731847699746496, 23.086588029896184 ], [ -109.732205748024924, 23.086925081734588 ], [ -109.73321554951653, 23.087511221541174 ], [ -109.733904320116579, 23.087977367892005 ], [ -109.734834605139753, 23.088716400991125 ], [ -109.735696313545873, 23.089481975254394 ], [ -109.737351172325162, 23.09103965770505 ], [ -109.738316919846696, 23.092167323113959 ], [ -109.739559300083087, 23.093992641725887 ], [ -109.740664197791347, 23.095907172842129 ], [ -109.742736566000886, 23.099825437511964 ], [ -109.743773465540045, 23.101712311719769 ], [ -109.744811736068854, 23.103454681532565 ], [ -109.745505273201147, 23.104471759622431 ], [ -109.746547610015227, 23.105780623958779 ], [ -109.747124851113284, 23.10670645354848 ], [ -109.747520785939031, 23.10754993750767 ], [ -109.747911615747768, 23.108202948568234 ], [ -109.748658339000826, 23.109807504330387 ], [ -109.749191368880801, 23.111292949307046 ], [ -109.750043746079569, 23.114144727834841 ], [ -109.750484327998748, 23.115506703655551 ], [ -109.750886240278646, 23.116530548344908 ], [ -109.750173923057858, 23.116915792759901 ], [ -109.749153066064366, 23.117533631278572 ], [ -109.747298618289989, 23.118494351144996 ], [ -109.746434851357378, 23.118975206804333 ], [ -109.745698011979755, 23.119457066832425 ] ] ] ] } },
{ "type": "Feature", "properties": { "fid": 15.0, "cat": 15, "CLAVE_ACUI": "0319", "NOM_ACUIF": "SAN JOSE DEL CABO", "VULNERABIL": 4 }, "geometry": { "type": "MultiPolygon", "coordinates": [ [ [ [ -109.723766318404842, 23.082250887353393 ], [ -109.726479016330856, 23.083410791238247 ], [ -109.727771933791928, 23.083990215287614 ], [ -109.72893796279935, 23.084568607875365 ], [ -109.729588420837842, 23.084953177553611 ], [ -109.730373763587451, 23.085528497039657 ], [ -109.730702425602701, 23.08573058892317 ], [ -109.731045684979719, 23.085904059668131 ], [ -109.73097719939814, 23.086776733939356 ], [ -109.730896585186258, 23.088070636236392 ], [ -109.730701787936553, 23.0901012255095 ], [ -109.730546281066452, 23.09106637770897 ], [ -109.730274560163139, 23.091931245230942 ], [ -109.729977199194835, 23.092407538649844 ], [ -109.729356836237642, 23.092971550055836 ], [ -109.72892475322206, 23.093239025677374 ], [ -109.728248869078442, 23.093477440936322 ], [ -109.727554478916744, 23.093607322600779 ], [ -109.72614719240913, 23.093758545879531 ], [ -109.725413750469016, 23.093888102882254 ], [ -109.724620711092086, 23.094125556328358 ], [ -109.724032419940499, 23.09439175600362 ], [ -109.723060582341333, 23.094952900071529 ], [ -109.722587211939768, 23.095454849724973 ], [ -109.722138939223825, 23.096399557764215 ], [ -109.721865187450732, 23.097472122147014 ], [ -109.721492199541046, 23.09974510697808 ], [ -109.721257485237544, 23.100817985645836 ], [ -109.720926336611825, 23.101763637530269 ], [ -109.720609137921812, 23.102266845243321 ], [ -109.71998869032403, 23.102830815365976 ], [ -109.71943906094171, 23.103133436493799 ], [ -109.7184106205559, 23.103477326926818 ], [ -109.717246181152362, 23.10374785110011 ], [ -109.714781296522929, 23.104215511621462 ], [ -109.713616500696943, 23.104522132532679 ], [ -109.71258700352486, 23.10497435624459 ], [ -109.712035971729762, 23.105421446908235 ], [ -109.711412372337165, 23.106310497934604 ], [ -109.711134007507368, 23.10683206518614 ], [ -109.710922516485283, 23.107507717579345 ], [ -109.710848397419568, 23.108112238059316 ], [ -109.710837532305646, 23.109250147283703 ], [ -109.710763583975719, 23.109836605485455 ], [ -109.710552603173198, 23.110458070700563 ], [ -109.710274915930739, 23.110907387464483 ], [ -109.709652831875857, 23.111633870939045 ], [ -109.709278368109253, 23.111992076956255 ], [ -109.708777063680643, 23.112340212263859 ], [ -109.708316020487018, 23.112562231417218 ], [ -109.707434194411874, 23.112880151299557 ], [ -109.706798009737398, 23.113037508863805 ], [ -109.70577128307734, 23.113191660566148 ], [ -109.704696256775918, 23.113291218694638 ], [ -109.702497903803547, 23.113435725335528 ], [ -109.701558260550584, 23.113671850775486 ], [ -109.700793228102128, 23.114026820600074 ], [ -109.700531959559456, 23.113780812952893 ], [ -109.70004538849237, 23.112518837353409 ], [ -109.699474657598856, 23.111026464642233 ], [ -109.698271906996212, 23.108171561438347 ], [ -109.697699708151021, 23.106757895075976 ], [ -109.697185836705259, 23.105371803478839 ], [ -109.696901576883803, 23.104475318248635 ], [ -109.696562666217574, 23.103171954682225 ], [ -109.696413871723848, 23.102403031181147 ], [ -109.69630639577035, 23.101399624587355 ], [ -109.696276062566994, 23.100496203803811 ], [ -109.696292537063371, 23.098789347876615 ], [ -109.696104959612569, 23.097993008482018 ], [ -109.69590338927091, 23.097480228176028 ], [ -109.695548247302838, 23.097003953095495 ], [ -109.69619491287699, 23.096765439495226 ], [ -109.69680681568201, 23.09693417683172 ], [ -109.697539758432541, 23.097020397625897 ], [ -109.698731022034366, 23.097003127114693 ], [ -109.701457835401825, 23.096700440008384 ], [ -109.702963832271266, 23.096441869575944 ], [ -109.704755008311864, 23.095968863222421 ], [ -109.706234300083366, 23.095439089904072 ], [ -109.708880979135273, 23.094322759239937 ], [ -109.710323000149657, 23.093602974747878 ], [ -109.712002395123477, 23.092559970163272 ], [ -109.713359361429823, 23.091541414653662 ], [ -109.71575083503312, 23.089528738863006 ], [ -109.716952840812596, 23.088373412989842 ], [ -109.718167414192763, 23.086920130599243 ], [ -109.718989701202588, 23.085653323208938 ], [ -109.720241976410577, 23.083306182237656 ], [ -109.720705829029427, 23.082527278775768 ], [ -109.721318275854514, 23.081685699452674 ], [ -109.721677366405245, 23.081307055285308 ], [ -109.723766318404842, 23.082250887353393 ] ] ] ] } },
{ "type": "Feature", "properties": { "fid": 16.0, "cat": 18, "CLAVE_ACUI": "0319", "NOM_ACUIF": "SAN JOSE DEL CABO", "VULNERABIL": 4 }, "geometry": { "type": "MultiPolygon", "coordinates": [ [ [ [ -109.690290870680144, 23.089446049781351 ], [ -109.690180557181947, 23.088740662121449 ], [ -109.69020576973378, 23.088153810726553 ], [ -109.690391718025495, 23.087098643932467 ], [ -109.690543303859101, 23.086567030555699 ], [ -109.690812113798884, 23.086027357151053 ], [ -109.691108544259038, 23.085659514523655 ], [ -109.691729023742766, 23.085095658630657 ], [ -109.692141800050919, 23.084810063051489 ], [ -109.69275965121858, 23.084517132316261 ], [ -109.693376626841982, 23.084314508938046 ], [ -109.694609700752238, 23.083999564635491 ], [ -109.695206451507801, 23.083869020464938 ], [ -109.695763633025834, 23.08379233752899 ], [ -109.696095519005553, 23.083795078096959 ], [ -109.696533996188549, 23.083879983271807 ], [ -109.696688262348985, 23.084079954348791 ], [ -109.696712583292481, 23.084594963181907 ], [ -109.696598850658845, 23.085253340119177 ], [ -109.696233325963249, 23.086713461136647 ], [ -109.696107474632797, 23.087615593682216 ], [ -109.696095450577815, 23.08886187114641 ], [ -109.696201264453151, 23.090036867804105 ], [ -109.696530736758021, 23.092315579901115 ], [ -109.696656515227488, 23.093445582287419 ], [ -109.696704372463614, 23.094556877809094 ], [ -109.696658354212047, 23.095279034674743 ], [ -109.696472439798924, 23.096334209511337 ], [ -109.69619491287699, 23.096765439495226 ], [ -109.695548247302838, 23.097003953095495 ], [ -109.694748000216052, 23.096970243020344 ], [ -109.693214352456337, 23.096739776110073 ], [ -109.692193164405197, 23.096651051232836 ], [ -109.691779147816803, 23.096503550974834 ], [ -109.691580224208309, 23.096019696403651 ], [ -109.691448065444661, 23.094955949382086 ], [ -109.691458124218514, 23.093917387573704 ], [ -109.691419547382012, 23.092860359116006 ], [ -109.691336111914069, 23.092212314397834 ], [ -109.691244916220867, 23.091738980883054 ], [ -109.691016841823199, 23.091095839451064 ], [ -109.69049994070636, 23.090034844342672 ], [ -109.690290870680144, 23.089446049781351 ] ] ] ] } }
]
}
