{
"type": "FeatureCollection",
"name": "1433",
"crs": { "type": "name", "properties": { "name": "urn:ogc:def:crs:OGC:1.3:CRS84" } },
"features": [
{ "type": "Feature", "properties": { "fid": 1.0, "cat": 2, "CLAVE_ACUI": "1433", "NOM_ACUIF": "CIHUATLAN", "VULNERABIL": 2 }, "geometry": { "type": "MultiPolygon", "coordinates": [ [ [ [ -104.579721268443137, 19.389134424772347 ], [ -104.579646974971141, 19.388897410234463 ], [ -104.579556214534634, 19.388822764118885 ], [ -104.57920695947216, 19.388711429734514 ], [ -104.579089227199134, 19.388722999445033 ], [ -104.578889064446898, 19.38888832607423 ], [ -104.578720849548901, 19.389112937183313 ], [ -104.578416852912326, 19.389571839209701 ], [ -104.578187869840121, 19.389938647130908 ], [ -104.57802660095831, 19.390235767027203 ], [ -104.577897187216394, 19.390471541682839 ], [ -104.576840619687019, 19.390087335322217 ], [ -104.561094734496606, 19.38436155909341 ], [ -104.561206634794885, 19.383007229322423 ], [ -104.561212104970394, 19.380964757281955 ], [ -104.561235153234364, 19.380349022088271 ], [ -104.561336791491755, 19.379686107816713 ], [ -104.561927328356333, 19.378471738281128 ], [ -104.562604989189765, 19.37779498337914 ], [ -104.56395702096188, 19.37700142167613 ], [ -104.564832124475259, 19.376506146707392 ], [ -104.565845072935346, 19.375806496451467 ], [ -104.566107935948665, 19.37553137064512 ], [ -104.566809293123171, 19.374648828105048 ], [ -104.567098806854361, 19.374409290646817 ], [ -104.567748517264533, 19.374173992062946 ], [ -104.570717787941206, 19.373861846211373 ], [ -104.572235157243099, 19.373232709769724 ], [ -104.572820258650808, 19.372239343057785 ], [ -104.572983440278833, 19.371889536521682 ], [ -104.573159856629047, 19.371250473874799 ], [ -104.573248698408406, 19.370687333843282 ], [ -104.573486874078441, 19.368698409304276 ], [ -104.573506236872234, 19.36810973008345 ], [ -104.573358425507848, 19.367351485349026 ], [ -104.573127904938573, 19.366856957594297 ], [ -104.572199963380442, 19.365307403407265 ], [ -104.571948104873059, 19.364792523162173 ], [ -104.571786019456411, 19.364233550260966 ], [ -104.571700697720232, 19.363939305477153 ], [ -104.57159911680418, 19.363235303530079 ], [ -104.571372481790775, 19.360803178532002 ], [ -104.571083979820799, 19.359303618939297 ], [ -104.570892606361951, 19.35884639867297 ], [ -104.570197131704575, 19.357518435490082 ], [ -104.570016327791365, 19.357111991398213 ], [ -104.569868044722952, 19.356543217001143 ], [ -104.569837015047199, 19.356137126376026 ], [ -104.569840492188703, 19.354810811154493 ], [ -104.569809462817233, 19.35440472045536 ], [ -104.569661182715635, 19.353835945782357 ], [ -104.569480384004393, 19.353429501098429 ], [ -104.568784942915613, 19.352101532398411 ], [ -104.568604094849107, 19.351715387594655 ], [ -104.568455572070519, 19.351241348729346 ], [ -104.568424244114027, 19.350950295295959 ], [ -104.568426569180403, 19.350066084831631 ], [ -104.568577421013416, 19.349653657598438 ], [ -104.569279065793282, 19.348613205876489 ], [ -104.570130554780391, 19.347539269968788 ], [ -104.573402434126535, 19.343567984037801 ], [ -104.574301993674922, 19.342499214897881 ], [ -104.575228148491959, 19.341482947005943 ], [ -104.57565167557523, 19.341099908059871 ], [ -104.57670198150187, 19.340328660100504 ], [ -104.577023371042642, 19.340143314516965 ], [ -104.577472888633835, 19.340049619568301 ], [ -104.577793667871561, 19.340101115244885 ], [ -104.577874216122041, 19.340126800168665 ], [ -104.57884112300944, 19.340435120417045 ], [ -104.579166822788537, 19.340654107664125 ], [ -104.57963929968065, 19.341342045862145 ], [ -104.579988568857317, 19.342105827383502 ], [ -104.581146036483815, 19.344982199131838 ], [ -104.581447013757909, 19.345811844753761 ], [ -104.581694084411268, 19.346807156890154 ], [ -104.581746062974204, 19.347399386147668 ], [ -104.581741556901406, 19.349167810572595 ], [ -104.581761701968361, 19.349658462069716 ], [ -104.581860219012782, 19.350179744796915 ], [ -104.581980812815985, 19.350433782864499 ], [ -104.582445068756087, 19.351098010457726 ], [ -104.582565431759363, 19.351443401678264 ], [ -104.582662868186858, 19.352391000407366 ], [ -104.582681699748292, 19.353399321635109 ], [ -104.58267214197663, 19.357157221104178 ], [ -104.582717731889403, 19.35816052790808 ], [ -104.582940045395333, 19.359084727607321 ], [ -104.58321204672913, 19.359401705844505 ], [ -104.584259075675931, 19.359956734516508 ], [ -104.584579519058138, 19.360157091226206 ], [ -104.585027889471789, 19.360537063471924 ], [ -104.58534797571437, 19.36087952425871 ], [ -104.586393349224792, 19.362097699440184 ], [ -104.58666525989554, 19.362455274174646 ], [ -104.586888794192319, 19.362905784488976 ], [ -104.586936217362094, 19.363191796240748 ], [ -104.586933990383443, 19.364076007548789 ], [ -104.586890386439322, 19.364397339286779 ], [ -104.586689127476532, 19.365012675964412 ], [ -104.586445217335054, 19.365570396311451 ], [ -104.585508215884232, 19.36755775131806 ], [ -104.585167956957392, 19.368135551134454 ], [ -104.583927548167281, 19.369279719271923 ], [ -104.582877368363057, 19.369940477332861 ], [ -104.581280598480092, 19.370965388017495 ], [ -104.580830271089809, 19.371343300813805 ], [ -104.58073352980098, 19.371519018744742 ], [ -104.580732399082095, 19.371961123656003 ], [ -104.580817541790196, 19.372137260512723 ], [ -104.581216006286851, 19.372517127094305 ], [ -104.581296170238375, 19.372577822916252 ], [ -104.581700100269487, 19.372883655743962 ], [ -104.583560758348398, 19.374214245387506 ], [ -104.584001808011834, 19.374682173787509 ], [ -104.584199364446491, 19.375535261181398 ], [ -104.584040534830436, 19.376286029754262 ], [ -104.583571138648324, 19.37761130481438 ], [ -104.583101753411441, 19.378936525438569 ], [ -104.58287345831657, 19.379651606921076 ], [ -104.582746880862871, 19.380338161809565 ], [ -104.582794352891, 19.380603873332888 ], [ -104.583142468567743, 19.381157305251879 ], [ -104.583265226587443, 19.381270932836461 ], [ -104.583489980221415, 19.381247763207696 ], [ -104.583688298376444, 19.381101036030984 ], [ -104.584389026065693, 19.380439477272805 ], [ -104.584608664493928, 19.380323249018463 ], [ -104.584932919864087, 19.380442410641471 ], [ -104.585176504375852, 19.380728869745948 ], [ -104.585988983699181, 19.381946515457923 ], [ -104.586200165364545, 19.382354704525714 ], [ -104.586373194062404, 19.38304194318102 ], [ -104.58640919554945, 19.383615523795442 ], [ -104.586404172568635, 19.385604994524478 ], [ -104.586359834742481, 19.386213918762984 ], [ -104.58615794691498, 19.387066094537111 ], [ -104.585913872303337, 19.387674563969139 ], [ -104.584976732555276, 19.389661908969117 ], [ -104.584743465620932, 19.390224724337099 ], [ -104.584592039644974, 19.390863854387781 ], [ -104.584602949484079, 19.391089337275371 ], [ -104.584637237869742, 19.391346962556156 ], [ -104.584672459321368, 19.391585992642092 ], [ -104.584733513210594, 19.391851924179313 ], [ -104.584820511127845, 19.392124668749595 ], [ -104.58489024114553, 19.392415115411087 ], [ -104.584976867964087, 19.392766356523833 ], [ -104.585055667745735, 19.393074625418922 ], [ -104.583812989622587, 19.392622742481155 ], [ -104.579755338231024, 19.391159671331543 ], [ -104.579757715145888, 19.391042389841054 ], [ -104.579767864204442, 19.390901031811474 ], [ -104.579783323282001, 19.390581827046518 ], [ -104.579756289522493, 19.390147009679485 ], [ -104.579735587848063, 19.389808949561889 ], [ -104.579736641502151, 19.389398370884653 ], [ -104.579721268443137, 19.389134424772347 ] ] ] ] } },
{ "type": "Feature", "properties": { "fid": 2.0, "cat": 3, "CLAVE_ACUI": "1433", "NOM_ACUIF": "CIHUATLAN", "VULNERABIL": 1 }, "geometry": { "type": "MultiPolygon", "coordinates": [ [ [ [ -104.579057359198089, 19.39089342238843 ], [ -104.577897187216394, 19.390471541682839 ], [ -104.57802660095831, 19.390235767027203 ], [ -104.578187869840121, 19.389938647130908 ], [ -104.578416852912326, 19.389571839209701 ], [ -104.578720849548901, 19.389112937183313 ], [ -104.578889064446898, 19.38888832607423 ], [ -104.579089227199134, 19.388722999445033 ], [ -104.57920695947216, 19.388711429734514 ], [ -104.579556214534634, 19.388822764118885 ], [ -104.579646974971141, 19.388897410234463 ], [ -104.579721268443137, 19.389134424772347 ], [ -104.579736641502151, 19.389398370884653 ], [ -104.579735587848063, 19.389808949561889 ], [ -104.579756289522493, 19.390147009679485 ], [ -104.579783323282001, 19.390581827046518 ], [ -104.579767864204442, 19.390901031811474 ], [ -104.579757715145888, 19.391042389841054 ], [ -104.579755338231024, 19.391159671331543 ], [ -104.579057359198089, 19.39089342238843 ] ] ] ] } },
{ "type": "Feature", "properties": { "fid": 3.0, "cat": 1, "CLAVE_ACUI": "1433", "NOM_ACUIF": "CIHUATLAN", "VULNERABIL": 1 }, "geometry": { "type": "MultiPolygon", "coordinates": [ [ [ [ -104.51775369017777, 19.375419242937898 ], [ -104.515786277221281, 19.375113200914317 ], [ -104.499081115521307, 19.372514620136421 ], [ -104.46753922857792, 19.367608104259357 ], [ -104.482291384613475, 19.338103790575452 ], [ -104.539455992789627, 19.31597555434962 ], [ -104.548206799971524, 19.292640070781285 ], [ -104.55052011110007, 19.286471241699996 ], [ -104.554208150374308, 19.269875063563564 ], [ -104.510387508396335, 19.266223343194767 ], [ -104.510373558858802, 19.265938114293931 ], [ -104.510406143661157, 19.265473017137829 ], [ -104.510484929568705, 19.265067109048754 ], [ -104.510616706874345, 19.264688003273651 ], [ -104.510910565754841, 19.263927503071336 ], [ -104.511102342053249, 19.263555831997042 ], [ -104.51152799813849, 19.263035911990077 ], [ -104.511944301119826, 19.262664839543838 ], [ -104.513461380439722, 19.261453080754588 ], [ -104.514027225230933, 19.261128078256068 ], [ -104.515150765987784, 19.260823162501644 ], [ -104.516189980228617, 19.260712567558219 ], [ -104.519916103671576, 19.26050133160679 ], [ -104.520939025169952, 19.260476945928566 ], [ -104.521986540915336, 19.260574424642169 ], [ -104.522460071442808, 19.26073806946696 ], [ -104.523622369756154, 19.261404265837918 ], [ -104.524021032393691, 19.261577862135667 ], [ -104.524719154730207, 19.261721784609243 ], [ -104.525317809225967, 19.261753790909729 ], [ -104.528951552809303, 19.262280861617171 ], [ -104.529591588369499, 19.262800184223138 ], [ -104.532854838722358, 19.265799561714857 ], [ -104.533132411853387, 19.265949144555481 ], [ -104.533830338193042, 19.266171980451766 ], [ -104.534038772505056, 19.266194504478424 ], [ -104.534313538209247, 19.266076782046643 ], [ -104.534497625916131, 19.26588608314994 ], [ -104.535081933063765, 19.265113876410979 ], [ -104.535266476466575, 19.264760769892209 ], [ -104.535543373367688, 19.263885147110287 ], [ -104.535754395604997, 19.262987363802058 ], [ -104.536462252819973, 19.259673328737591 ], [ -104.536662515492978, 19.258795817522259 ], [ -104.536770926540797, 19.258422357435929 ], [ -104.536889234234309, 19.258014802760474 ], [ -104.537012857067396, 19.257776578814653 ], [ -104.537363045379507, 19.257445881635377 ], [ -104.537839715728097, 19.257127345620212 ], [ -104.539713974106448, 19.255971529747278 ], [ -104.541914787366807, 19.254638878029301 ], [ -104.550310697008229, 19.249575422557744 ], [ -104.552548663284568, 19.248278257084525 ], [ -104.554596891221877, 19.247288501374442 ], [ -104.555284993648186, 19.247171751926384 ], [ -104.556447928939718, 19.247616686738876 ], [ -104.556788017010831, 19.247707173845889 ], [ -104.557212155437327, 19.247684516025227 ], [ -104.557477978745368, 19.247561660798333 ], [ -104.55829434586451, 19.247010992527898 ], [ -104.558452637069394, 19.246612185559492 ], [ -104.558454004789539, 19.246608739646007 ], [ -104.558382716489618, 19.245282229978812 ], [ -104.558121221586589, 19.243789468753288 ], [ -104.557202762577177, 19.239281272301728 ], [ -104.556941268090497, 19.238177292289855 ], [ -104.556664880792781, 19.237279950329086 ], [ -104.55649657256572, 19.236803654275018 ], [ -104.555955451384122, 19.235798281278829 ], [ -104.555641173878797, 19.235326767295096 ], [ -104.556137084270745, 19.234828949513098 ], [ -104.556404113927357, 19.234334946254499 ], [ -104.556678770738657, 19.233697891358169 ], [ -104.556823729531388, 19.233060836937483 ], [ -104.556968688152978, 19.231763839498619 ], [ -104.557090758644819, 19.231103898337238 ], [ -104.557219464041381, 19.231394624279378 ], [ -104.55742510811514, 19.231732079683852 ], [ -104.557620274174923, 19.231982291038882 ], [ -104.557864525655305, 19.232212310842591 ], [ -104.558180465904172, 19.232476251696387 ], [ -104.558724141669174, 19.232867801605074 ], [ -104.561397286558076, 19.234421620463539 ], [ -104.562178406102205, 19.234815978216616 ], [ -104.563150457004838, 19.235102515690009 ], [ -104.563757978523796, 19.235117498257328 ], [ -104.565621023213978, 19.234900870958374 ], [ -104.566159191716849, 19.23486492818423 ], [ -104.566807603023477, 19.234913832718604 ], [ -104.567195736993796, 19.235019639769721 ], [ -104.568358621169622, 19.235464498440486 ], [ -104.568687868656696, 19.235605690505459 ], [ -104.569061469464017, 19.235819732106819 ], [ -104.569265937276413, 19.235984314064027 ], [ -104.569846521363772, 19.236538320958587 ], [ -104.570018708652796, 19.23678403077049 ], [ -104.570241663830316, 19.23737667058785 ], [ -104.570387984373227, 19.237977589105984 ], [ -104.570847864555731, 19.240189234996151 ], [ -104.570994189587026, 19.240790152936821 ], [ -104.571217153390421, 19.241382791480291 ], [ -104.571389347642665, 19.241628500010751 ], [ -104.571969958434039, 19.242182500352619 ], [ -104.572249245129996, 19.242357404556738 ], [ -104.572971971313137, 19.242619623216608 ], [ -104.57372515168619, 19.242819314845036 ], [ -104.57651728008473, 19.243488966534713 ], [ -104.577238734671539, 19.243556613060868 ], [ -104.577813378597952, 19.243202669655791 ], [ -104.577912842731081, 19.242629392014457 ], [ -104.577862409841586, 19.241569679534571 ], [ -104.57780236771039, 19.240308040531481 ], [ -104.577805771328698, 19.239673637741372 ], [ -104.577932127808722, 19.239034443139907 ], [ -104.578109233000021, 19.238755710660268 ], [ -104.578809364632008, 19.238094152061876 ], [ -104.579034535107155, 19.237830755053412 ], [ -104.579385200951265, 19.237263128874812 ], [ -104.5796609807159, 19.236715631185493 ], [ -104.580597274663106, 19.234728265176702 ], [ -104.580953440810958, 19.23409466943291 ], [ -104.581679264268203, 19.233125256824255 ], [ -104.582359985848456, 19.232373975780142 ], [ -104.584810822537833, 19.229837390888761 ], [ -104.585641224349047, 19.22906613500454 ], [ -104.587065630808226, 19.22800353995753 ], [ -104.588270092780533, 19.22725679933923 ], [ -104.592466445999648, 19.224834551696816 ], [ -104.593766929078669, 19.224143815817186 ], [ -104.595848358802797, 19.223273759605895 ], [ -104.597014266794829, 19.222888929520956 ], [ -104.598820060770763, 19.222340532593247 ], [ -104.600702558274151, 19.221796232196894 ], [ -104.602556487524708, 19.221355679666136 ], [ -104.604197572938943, 19.22103105931156 ], [ -104.605724556406244, 19.220812882862042 ], [ -104.607322874973448, 19.220664027228782 ], [ -104.610590760373356, 19.220508082701677 ], [ -104.611757693036949, 19.220502100378614 ], [ -104.613129317545841, 19.220576056200766 ], [ -104.613921849380404, 19.220687693117991 ], [ -104.61508527998528, 19.220911199216136 ], [ -104.616248713872508, 19.221134697975263 ], [ -104.616896956516484, 19.221240944484759 ], [ -104.617595216673308, 19.221289772883836 ], [ -104.617944487674194, 19.221253282600237 ], [ -104.618876157125726, 19.221034164917036 ], [ -104.619225707897584, 19.220875865177938 ], [ -104.619925274171308, 19.22035625196537 ], [ -104.62057510045274, 19.219772245636417 ], [ -104.621741568853068, 19.218669366061619 ], [ -104.622908021693178, 19.217566478662498 ], [ -104.623595272874553, 19.21696731217413 ], [ -104.624469557835312, 19.216376985249223 ], [ -104.625031288008017, 19.216132828362188 ], [ -104.626778407410967, 19.215583748848253 ], [ -104.627232852991398, 19.215511927539289 ], [ -104.627428448300819, 19.215623915270339 ], [ -104.627606487098532, 19.215725850741318 ], [ -104.62768580514107, 19.216103277551504 ], [ -104.627682321103251, 19.217650679760478 ], [ -104.627649187062332, 19.218124309099881 ], [ -104.627498045014903, 19.218787177183259 ], [ -104.627315261119804, 19.219260502086531 ], [ -104.626613404318647, 19.220806481744372 ], [ -104.626387559963888, 19.221411676075938 ], [ -104.626035481135617, 19.222689937982217 ], [ -104.625758353555625, 19.223910831829439 ], [ -104.624817141906732, 19.228330070374739 ], [ -104.624534753971233, 19.229505272749375 ], [ -104.624158184091399, 19.230570316101836 ], [ -104.623902617680002, 19.230916604456812 ], [ -104.623086544039694, 19.231467571738389 ], [ -104.622799599123354, 19.231509275180446 ], [ -104.622276601149352, 19.23115292535411 ], [ -104.621816408815874, 19.230602150149434 ], [ -104.620191867444973, 19.228388207957341 ], [ -104.619742262665, 19.227888202673658 ], [ -104.619268622571042, 19.227768794758052 ], [ -104.619247609220295, 19.227799285848182 ], [ -104.6190415955639, 19.228098217964263 ], [ -104.618455768560082, 19.229754933471188 ], [ -104.618287261968717, 19.230201209655505 ], [ -104.618086731544508, 19.230627117627836 ], [ -104.617968766693892, 19.230789281497138 ], [ -104.617618794268836, 19.231120137976365 ], [ -104.61747427989873, 19.231206116426112 ], [ -104.617149852619434, 19.231276492788172 ], [ -104.616830899535657, 19.231291051625298 ], [ -104.615666879359125, 19.231288612363389 ], [ -104.61533721255843, 19.231313296727627 ], [ -104.614962787242092, 19.231430933709944 ], [ -104.614757560506789, 19.231574302480897 ], [ -104.614174259010426, 19.232125719045065 ], [ -104.614033076132046, 19.232309824354427 ], [ -104.613957526382521, 19.232617567061787 ], [ -104.613990781397362, 19.232873094282187 ], [ -104.614221522841717, 19.233757811762718 ], [ -104.614308252934407, 19.234003300948164 ], [ -104.61448225080494, 19.234264199769413 ], [ -104.614644089097567, 19.234391423103045 ], [ -104.615225337697524, 19.234724232168237 ], [ -104.615335315151356, 19.234781188104865 ], [ -104.61543430105813, 19.234823872993125 ], [ -104.615579545111643, 19.234869201779855 ], [ -104.615820783243748, 19.234935106279295 ], [ -104.616046420338648, 19.235005350064331 ], [ -104.61624453721339, 19.235081078687241 ], [ -104.616477291427103, 19.235164907962844 ], [ -104.616655049966084, 19.235237992655318 ], [ -104.617231029530174, 19.235458152439918 ], [ -104.617342933983949, 19.235516240047065 ], [ -104.617433612159843, 19.235564082159463 ], [ -104.617590240963665, 19.235648622855578 ], [ -104.617732149752939, 19.235746663001265 ], [ -104.618024424387215, 19.235973587224741 ], [ -104.618362206817906, 19.236273514134716 ], [ -104.618550122339457, 19.236466191420963 ], [ -104.618984212189346, 19.237014853241355 ], [ -104.619337019853134, 19.237519734297663 ], [ -104.619803246307256, 19.238186916188003 ], [ -104.619803248265114, 19.238186918989737 ], [ -104.618996055516305, 19.238401030490163 ], [ -104.617614008513982, 19.239455566797027 ], [ -104.616603160001731, 19.240447605858353 ], [ -104.615726640006912, 19.24095188222968 ], [ -104.614299172803669, 19.241066370623987 ], [ -104.608460988796111, 19.243467054287787 ], [ -104.607376865375983, 19.243229750297438 ], [ -104.606966892553359, 19.243581342491225 ], [ -104.60672768896022, 19.244141168941333 ], [ -104.606764327550607, 19.244737738926972 ], [ -104.607399478599874, 19.245724216929364 ], [ -104.608786339095801, 19.246703263607976 ], [ -104.609839229908332, 19.24808828667862 ], [ -104.609898017821365, 19.251396226219093 ], [ -104.608707009850079, 19.256084269216348 ], [ -104.606608539972498, 19.258203635519081 ], [ -104.603504890007272, 19.258847650155385 ], [ -104.601725662408072, 19.258762444756879 ], [ -104.600247367407448, 19.26015102938403 ], [ -104.600320471337227, 19.261398395150838 ], [ -104.601721582357712, 19.260452490806436 ], [ -104.60327440661078, 19.259723810016617 ], [ -104.609174927393084, 19.259402118388167 ], [ -104.609936993478826, 19.259060311395821 ], [ -104.610671447928866, 19.258320782022825 ], [ -104.610835217214813, 19.257471583338098 ], [ -104.610033100903649, 19.254632025326757 ], [ -104.610889389953556, 19.250639166952094 ], [ -104.610923410221304, 19.24831653887777 ], [ -104.610231949144492, 19.246986518603801 ], [ -104.608000482788938, 19.245065749833511 ], [ -104.60885940969797, 19.243974020154418 ], [ -104.612115208072325, 19.243239853958098 ], [ -104.615293323851404, 19.243165222189482 ], [ -104.617150941692955, 19.242202077501283 ], [ -104.618773238200689, 19.240126779051867 ], [ -104.620392294490202, 19.23901097750462 ], [ -104.620534560306766, 19.239229049169495 ], [ -104.62072932870683, 19.239512144269383 ], [ -104.621155680438264, 19.240066235497455 ], [ -104.621752995360396, 19.240659589770438 ], [ -104.622179949540552, 19.24095314750225 ], [ -104.623048981683056, 19.241394448365178 ], [ -104.623470972517424, 19.241608735845947 ], [ -104.624056204967701, 19.241867927959046 ], [ -104.624229687477765, 19.242365664225826 ], [ -104.624036682580609, 19.242738742178403 ], [ -104.62355519672451, 19.243659726364676 ], [ -104.62323421512933, 19.244316300777825 ], [ -104.623110405496931, 19.244695001947456 ], [ -104.623234375479697, 19.245026843759511 ], [ -104.623381512833973, 19.245073471530656 ], [ -104.623535285885367, 19.245122201997688 ], [ -104.624815565333336, 19.245235359929694 ], [ -104.625186175336466, 19.245239502849664 ], [ -104.625635407771568, 19.24514568328944 ], [ -104.625906557981054, 19.24500751271421 ], [ -104.626722690201319, 19.24445653464652 ], [ -104.626945821358603, 19.244277662096412 ], [ -104.626949072000329, 19.2442735652828 ], [ -104.626956535128031, 19.24426753332078 ], [ -104.627231681846652, 19.243936507217427 ], [ -104.627390903643601, 19.243652614241725 ], [ -104.627858789176315, 19.242658805879138 ], [ -104.628082004303721, 19.242441021330219 ], [ -104.628655792764476, 19.242418501553011 ], [ -104.629252277106175, 19.242604113599423 ], [ -104.631462097003322, 19.243492808010465 ], [ -104.632133322376021, 19.243724239012458 ], [ -104.633055874211024, 19.24391556915073 ], [ -104.633702578712757, 19.243957467050649 ], [ -104.635797980202497, 19.243961648685236 ], [ -104.636407312562426, 19.243983161425444 ], [ -104.637155462318361, 19.244079385294157 ], [ -104.637614915722821, 19.244195335973039 ], [ -104.639010885963273, 19.244640210718053 ], [ -104.639411442700947, 19.244801718549386 ], [ -104.639884733647307, 19.245110552688672 ], [ -104.640160306948559, 19.245390236874609 ], [ -104.640973029589063, 19.246386594174627 ], [ -104.641195019448489, 19.246727075428346 ], [ -104.641418244508088, 19.247319632633459 ], [ -104.64147406266035, 19.247611117019702 ], [ -104.64151514730132, 19.247825661840633 ], [ -104.64174413710073, 19.249594574108972 ], [ -104.641841064133246, 19.250090452478982 ], [ -104.642064398587863, 19.250635639432812 ], [ -104.642286520947152, 19.250918599400517 ], [ -104.643099761262022, 19.251693890307088 ], [ -104.643338099334045, 19.251895675687884 ], [ -104.643637099086177, 19.252062051758852 ], [ -104.643825903093429, 19.252097946574544 ], [ -104.644407988363838, 19.252099078811785 ], [ -104.644527233131399, 19.252165289561425 ], [ -104.644501623353875, 19.252473141937489 ], [ -104.64434579249729, 19.252846720226309 ], [ -104.644247083790987, 19.25304868283304 ], [ -104.644224761239315, 19.253057956134366 ], [ -104.643990700416182, 19.253350176986885 ], [ -104.643522641010449, 19.254454555007502 ], [ -104.643400607697828, 19.254853574748768 ], [ -104.643299181579508, 19.255611289641735 ], [ -104.643276320748626, 19.256294719791292 ], [ -104.643271063110348, 19.258726345284551 ], [ -104.643296369629368, 19.259384492608479 ], [ -104.643570641655813, 19.260279972814352 ], [ -104.64415156359685, 19.260833748352521 ], [ -104.644345665333219, 19.260896721342235 ], [ -104.644670548507406, 19.260636820493872 ], [ -104.645875742806979, 19.25843591106657 ], [ -104.646188583990337, 19.257971279967869 ], [ -104.646713341715881, 19.257569653170769 ], [ -104.647150155458988, 19.25746053130527 ], [ -104.648663862347789, 19.257352916054121 ], [ -104.649089993399727, 19.257238693699456 ], [ -104.649564897667233, 19.256813278136676 ], [ -104.64981720047129, 19.256319764487422 ], [ -104.650519700869168, 19.254442115113331 ], [ -104.650665114427582, 19.253933169920867 ], [ -104.650958254249232, 19.253906586307995 ], [ -104.651294654347609, 19.253924115830134 ], [ -104.651776709734492, 19.253967490831446 ], [ -104.652280726412343, 19.254069570886784 ], [ -104.652634115508079, 19.254198468475554 ], [ -104.652872375406034, 19.254345200961119 ], [ -104.653156802762354, 19.254560326959744 ], [ -104.653455184927637, 19.254684231418207 ], [ -104.653636323448254, 19.254708763340101 ], [ -104.653741048308731, 19.254710847873561 ], [ -104.653885550051555, 19.25469492765156 ], [ -104.653988179225991, 19.254682530012456 ], [ -104.654102249480601, 19.254684358871657 ], [ -104.654207494650876, 19.254706468554819 ], [ -104.65429471850149, 19.254751727451904 ], [ -104.654369700755879, 19.25478909013777 ], [ -104.654455869735386, 19.254814994238508 ], [ -104.654541350499969, 19.254823840222208 ], [ -104.654632775619021, 19.254825499405605 ], [ -104.65476276672527, 19.255099951462647 ], [ -104.654838523303184, 19.255256066176059 ], [ -104.654950834157631, 19.255438889160143 ], [ -104.655115579996163, 19.255633305422805 ], [ -104.655281048601879, 19.255775194401316 ], [ -104.655479874383573, 19.255931028214299 ], [ -104.655796855620579, 19.256200916979999 ], [ -104.656152225806494, 19.256508854184656 ], [ -104.656516925523505, 19.256797140404302 ], [ -104.656940536398636, 19.257034783274033 ], [ -104.657180994119301, 19.257085987210328 ], [ -104.657563423652846, 19.257086703208 ], [ -104.65787951856089, 19.257087295011697 ], [ -104.658088048805325, 19.257067383659887 ], [ -104.658362665283349, 19.256973157582348 ], [ -104.65854644411688, 19.256858460293213 ], [ -104.658978938617508, 19.256531295292536 ], [ -104.6591294604967, 19.256417431438475 ], [ -104.659432767298668, 19.256235611599482 ], [ -104.659432447287813, 19.256390648007031 ], [ -104.659472403389529, 19.25682455481385 ], [ -104.659513837280286, 19.257054621626065 ], [ -104.659611866422352, 19.257524748133989 ], [ -104.659792139714853, 19.258245778006074 ], [ -104.66048520979632, 19.260899762538262 ], [ -104.660734977906955, 19.261625995629071 ], [ -104.661207481750196, 19.262361099969759 ], [ -104.66163271872631, 19.262685015418796 ], [ -104.663144660303061, 19.263461509747028 ], [ -104.663655668800885, 19.263673921662544 ], [ -104.664528426232863, 19.263888687927242 ], [ -104.665264213688403, 19.263983083655802 ], [ -104.667825134245959, 19.264208811587785 ], [ -104.668539520472493, 19.264313305926912 ], [ -104.669312399209716, 19.264575237993459 ], [ -104.669507262317737, 19.264710086092155 ], [ -104.669702125746042, 19.264844933985966 ], [ -104.670747977000488, 19.265841581599961 ], [ -104.671041275699977, 19.266212607375834 ], [ -104.671364145755021, 19.266947416610325 ], [ -104.671532090012832, 19.267626118551917 ], [ -104.671992966018053, 19.270058584425726 ], [ -104.672081638985489, 19.270655887212783 ], [ -104.671991099072912, 19.270996949743562 ], [ -104.671523173845941, 19.272101399414289 ], [ -104.671456763060178, 19.272478566291742 ], [ -104.671513046286208, 19.272712110194398 ], [ -104.671703460378737, 19.272849485641391 ], [ -104.672517825933298, 19.273182533347107 ], [ -104.672761826172575, 19.27325909997689 ], [ -104.673086126437568, 19.273283365042339 ], [ -104.673305412003174, 19.27324146284116 ], [ -104.673917064405202, 19.273049129269491 ], [ -104.673960753808998, 19.273035391077947 ], [ -104.674004443205689, 19.273021652875848 ], [ -104.674255686102157, 19.273040710246132 ], [ -104.674729123941447, 19.273349455513983 ], [ -104.675154222610146, 19.273771462275118 ], [ -104.676664595910765, 19.275432075137243 ], [ -104.676964605441015, 19.275796177196916 ], [ -104.676976242036886, 19.275853313032076 ], [ -104.676974508968016, 19.276737541771162 ], [ -104.676915216591709, 19.276982743603178 ], [ -104.676640251435401, 19.277242789868787 ], [ -104.676306736172762, 19.277369082200913 ], [ -104.67502529426929, 19.277698394907343 ], [ -104.674665074287091, 19.277809410796142 ], [ -104.674265492085283, 19.277998177204474 ], [ -104.674054880410893, 19.278156828010292 ], [ -104.673471606310926, 19.278708431384857 ], [ -104.673394606801423, 19.278892696619469 ], [ -104.674015476207316, 19.279457164301132 ], [ -104.675643850055465, 19.280344293192098 ], [ -104.676067522566612, 19.28059542655793 ], [ -104.676416277096067, 19.280880261682118 ], [ -104.676490824353465, 19.281036036435008 ], [ -104.676489956277038, 19.281478150543531 ], [ -104.676425470859087, 19.281643829723343 ], [ -104.67612540626574, 19.281974884816496 ], [ -104.675761226938661, 19.282282140865 ], [ -104.674361777397195, 19.283384940894159 ], [ -104.673997591678244, 19.283692193286438 ], [ -104.673697518473205, 19.284023244192397 ], [ -104.673633029225286, 19.284188922284994 ], [ -104.673632153326039, 19.284631036115371 ], [ -104.673722770001831, 19.284771614714863 ], [ -104.673825939608832, 19.284823696780268 ], [ -104.673924379076965, 19.284963708363577 ], [ -104.674348134245847, 19.285177626959477 ], [ -104.674837977714716, 19.285318916191194 ], [ -104.676700164348006, 19.285764336485013 ], [ -104.677211339182108, 19.285936108969242 ], [ -104.677472984406819, 19.286114206745637 ], [ -104.677743203683988, 19.28630452981054 ], [ -104.677971013857359, 19.286629382875681 ], [ -104.678550850323006, 19.287846221494817 ], [ -104.678728471772558, 19.288157819295986 ], [ -104.678977530708337, 19.28839510468574 ], [ -104.67915570722549, 19.288422486013296 ], [ -104.67973813781451, 19.288312979220645 ], [ -104.679991486205054, 19.288178081762137 ], [ -104.680591346261465, 19.287658066969836 ], [ -104.681194937367039, 19.287050084675112 ], [ -104.683411800174142, 19.284732832774345 ], [ -104.68406371466817, 19.284008192173278 ], [ -104.68488915091659, 19.282943802732813 ], [ -104.685416431588138, 19.282147887672004 ], [ -104.687051612778262, 19.279497999458457 ], [ -104.687487932045769, 19.278727298628379 ], [ -104.687888936794536, 19.277780592134672 ], [ -104.688025484111691, 19.277198855976351 ], [ -104.688261699763189, 19.275430793928443 ], [ -104.688349904990787, 19.274965707132989 ], [ -104.688525316460527, 19.274563364450888 ], [ -104.688687699303983, 19.274453675922064 ], [ -104.689270074511498, 19.274344137789228 ], [ -104.689458968842658, 19.274351225899366 ], [ -104.689758101284909, 19.274493842719252 ], [ -104.689996539482294, 19.274690492827773 ], [ -104.690810122955753, 19.275465574634705 ], [ -104.691032324606439, 19.275768777568263 ], [ -104.691255678556189, 19.276408644780357 ], [ -104.691352553866892, 19.277019538022753 ], [ -104.691581287119732, 19.279230505674057 ], [ -104.691667471925371, 19.279841380553272 ], [ -104.692002546743552, 19.280784262178528 ], [ -104.692787834740386, 19.281780909460313 ], [ -104.693161616432704, 19.28204207025982 ], [ -104.693491048166422, 19.282193190792807 ], [ -104.694654617708068, 19.28263725514665 ], [ -104.695053624940329, 19.282752961947644 ], [ -104.695752085801217, 19.282848865509763 ], [ -104.696350879469094, 19.282870162866594 ], [ -104.698980074276719, 19.282901158749887 ], [ -104.69901816610313, 19.282903124744831 ], [ -104.700264041837102, 19.283221745587849 ], [ -104.701660117209499, 19.283887205040845 ], [ -104.701996585579991, 19.284095842074009 ], [ -104.702170689408405, 19.284404028421555 ], [ -104.702082939850499, 19.284635658076571 ], [ -104.701499334353201, 19.285408409004813 ], [ -104.701363434502397, 19.285655185534942 ], [ -104.701312843887237, 19.286034059610163 ], [ -104.701376471967166, 19.286328531830854 ], [ -104.70186789281712, 19.287582936914543 ], [ -104.702029888168084, 19.287689782800879 ], [ -104.702191883730336, 19.28779662854512 ], [ -104.702510831125522, 19.287842826053723 ], [ -104.703675260959798, 19.287844718635384 ], [ -104.704042467562985, 19.287814862044126 ], [ -104.704591667902648, 19.287673642198151 ], [ -104.705009032586446, 19.287501755958214 ], [ -104.70640752792022, 19.286840834409716 ], [ -104.706798018954842, 19.286745030562226 ], [ -104.707221822532972, 19.286958873517104 ], [ -104.707436766439045, 19.287360167797381 ], [ -104.708016040701239, 19.289019030870357 ], [ -104.708198817693926, 19.28947102594076 ], [ -104.70847249667932, 19.289921474150596 ], [ -104.708477616162639, 19.289926183227244 ], [ -104.708477834636838, 19.289926557984366 ], [ -104.708680689237781, 19.290112976486348 ], [ -104.709378576917246, 19.290556204491704 ], [ -104.709549208278219, 19.290823775790681 ], [ -104.709647598539632, 19.29162921538185 ], [ -104.70961752389465, 19.292512272126036 ], [ -104.70937877831787, 19.295827763080521 ], [ -104.709359305859323, 19.296761589334466 ], [ -104.709507187465633, 19.297803955096686 ], [ -104.709737920918442, 19.298359222614774 ], [ -104.710666804872403, 19.299908102510319 ], [ -104.710908310992394, 19.300422783096945 ], [ -104.711106446280667, 19.301275748666654 ], [ -104.711147989569696, 19.301979590551809 ], [ -104.711143721362902, 19.304411220215385 ], [ -104.711078298856265, 19.305125043200619 ], [ -104.710777260385626, 19.306024587480454 ], [ -104.710594943654954, 19.306310207413972 ], [ -104.710412626286782, 19.306595827148232 ], [ -104.709712328252323, 19.307478945707047 ], [ -104.709012022669981, 19.308362061395588 ], [ -104.708657946478638, 19.309004368369511 ], [ -104.708406210501153, 19.310235573296882 ], [ -104.708400666082596, 19.311352131041065 ], [ -104.708513600982386, 19.313341847470241 ], [ -104.708626536262415, 19.315331528127146 ], [ -104.708663829046529, 19.316417701882187 ], [ -104.708611985588121, 19.317507116694028 ], [ -104.708500629833168, 19.317977249838311 ], [ -104.708032809711398, 19.319081788933691 ], [ -104.707975110509508, 19.319450501559206 ], [ -104.708173672445383, 19.320066622097691 ], [ -104.708515033579204, 19.320578081157368 ], [ -104.709909507546826, 19.322348763266277 ], [ -104.710282895282788, 19.322900872313316 ], [ -104.71063088129381, 19.323706705114571 ], [ -104.71075461505302, 19.324305786339202 ], [ -104.710984054373867, 19.326295665944382 ], [ -104.710979328656265, 19.326955446788855 ], [ -104.710727830737454, 19.328044544536766 ], [ -104.710373270440485, 19.328940616955599 ], [ -104.709671671517029, 19.330486972200926 ], [ -104.708970123241471, 19.332033183203286 ], [ -104.708814245647602, 19.332471101109039 ], [ -104.708658367207775, 19.332909018849687 ], [ -104.708632526178008, 19.33340635601547 ], [ -104.708606684970007, 19.333903693148468 ], [ -104.708844613435559, 19.334448821073384 ], [ -104.71000664218991, 19.335998072687303 ], [ -104.710308831371123, 19.336502698569191 ], [ -104.710432918886326, 19.336905535327794 ], [ -104.710557006997178, 19.337308371992062 ], [ -104.710609353178398, 19.337954708524766 ], [ -104.710605457961208, 19.340165272157968 ], [ -104.710625767156642, 19.340781105901975 ], [ -104.710845090867537, 19.341776210195132 ], [ -104.711309461330785, 19.342661174047258 ], [ -104.711489066132202, 19.3429270651149 ], [ -104.71186284938473, 19.343282926515055 ], [ -104.712217221060726, 19.343525408447132 ], [ -104.713497178701857, 19.344301124454006 ], [ -104.713883718093953, 19.344503051455614 ], [ -104.714407604217001, 19.344669665952409 ], [ -104.714769472900841, 19.344705759741665 ], [ -104.715934306724975, 19.344707579315468 ], [ -104.716280155997367, 19.344728419275853 ], [ -104.716729285690803, 19.344823856702519 ], [ -104.717025050542219, 19.344939356075315 ], [ -104.71749060674901, 19.345161136497168 ], [ -104.717956159581064, 19.345382913527299 ], [ -104.718225104158321, 19.345544047032281 ], [ -104.718549067467322, 19.3458524484534 ], [ -104.718742927723369, 19.346131888565818 ], [ -104.719033287544278, 19.346629714623525 ], [ -104.719323649111601, 19.347127540213535 ], [ -104.71946582608787, 19.347744021316991 ], [ -104.719459594765297, 19.348283116649515 ], [ -104.719445599050644, 19.349493938967058 ], [ -104.719445599049777, 19.349493939042443 ], [ -104.719334488437354, 19.349825353190234 ], [ -104.718934536441324, 19.350156321859707 ], [ -104.716726403920291, 19.350626594929739 ], [ -104.716232766003941, 19.351062983874492 ], [ -104.716077618834717, 19.351530677098268 ], [ -104.716177929364576, 19.352293817570327 ], [ -104.716524905130001, 19.353731191322098 ], [ -104.716871903856457, 19.355168634894532 ], [ -104.717121994685925, 19.355932007381583 ], [ -104.717595098769081, 19.356619596217641 ], [ -104.718020869949882, 19.356838492979179 ], [ -104.719534699492769, 19.357172415510814 ], [ -104.719950053687157, 19.357228882760744 ], [ -104.720374539662927, 19.357158481058491 ], [ -104.720565593441023, 19.357001440574109 ], [ -104.721032689673578, 19.356338986501171 ], [ -104.721223767735921, 19.356166719486055 ], [ -104.721648370992881, 19.356025260998955 ], [ -104.722063869235456, 19.355995443831119 ], [ -104.723578258345725, 19.355997748498101 ], [ -104.72388683406021, 19.355932237879248 ], [ -104.723812464984931, 19.355624224613042 ], [ -104.723474764728579, 19.355319338189741 ], [ -104.723491428175237, 19.355325423650974 ], [ -104.725005070318844, 19.35576982884961 ], [ -104.725484606487825, 19.355829763883644 ], [ -104.725755674265159, 19.355957974826143 ], [ -104.725773650942457, 19.355961381897991 ], [ -104.726164439648656, 19.356035446569653 ], [ -104.726742419629844, 19.356072143711312 ], [ -104.7279179778524, 19.356114811553535 ], [ -104.728201557020867, 19.35612420412145 ], [ -104.727841374844786, 19.357114705124943 ], [ -104.726276523035637, 19.361418047683859 ], [ -104.724926496825319, 19.36513061983452 ], [ -104.722013935524771, 19.373140163566902 ], [ -104.682162114682328, 19.379782133092824 ], [ -104.631656975108584, 19.389736338721928 ], [ -104.622978604733689, 19.403236025981453 ], [ -104.615060798150864, 19.415552614008046 ], [ -104.589244522591798, 19.410020555868559 ], [ -104.589987470362757, 19.404076975326902 ], [ -104.591088542818042, 19.395268398094309 ], [ -104.58728943139873, 19.39388690308197 ], [ -104.585055667745735, 19.393074625418922 ], [ -104.584976867964087, 19.392766356523833 ], [ -104.58489024114553, 19.392415115411087 ], [ -104.584820511127845, 19.392124668749595 ], [ -104.584733513210594, 19.391851924179313 ], [ -104.584672459321368, 19.391585992642092 ], [ -104.584637237869742, 19.391346962556156 ], [ -104.584602949484079, 19.391089337275371 ], [ -104.584592039644974, 19.390863854387781 ], [ -104.584743465620932, 19.390224724337099 ], [ -104.584976732555276, 19.389661908969117 ], [ -104.585913872303337, 19.387674563969139 ], [ -104.58615794691498, 19.387066094537111 ], [ -104.586359834742481, 19.386213918762984 ], [ -104.586404172568635, 19.385604994524478 ], [ -104.58640919554945, 19.383615523795442 ], [ -104.586373194062404, 19.38304194318102 ], [ -104.586200165364545, 19.382354704525714 ], [ -104.585988983699181, 19.381946515457923 ], [ -104.585176504375852, 19.380728869745948 ], [ -104.584932919864087, 19.380442410641471 ], [ -104.584608664493928, 19.380323249018463 ], [ -104.584389026065693, 19.380439477272805 ], [ -104.583688298376444, 19.381101036030984 ], [ -104.583489980221415, 19.381247763207696 ], [ -104.583265226587443, 19.381270932836461 ], [ -104.583142468567743, 19.381157305251879 ], [ -104.582794352891, 19.380603873332888 ], [ -104.582746880862871, 19.380338161809565 ], [ -104.58287345831657, 19.37965160692108 ], [ -104.583101753411441, 19.378936525438576 ], [ -104.583571138648324, 19.37761130481438 ], [ -104.584040534830436, 19.376286029754262 ], [ -104.584199364446491, 19.375535261181398 ], [ -104.584001808011834, 19.374682173787505 ], [ -104.583560758348398, 19.374214245387506 ], [ -104.581700100269487, 19.372883655743959 ], [ -104.581296170238375, 19.372577822916252 ], [ -104.581216006286851, 19.372517127094305 ], [ -104.580817541790196, 19.372137260512723 ], [ -104.580732399082095, 19.371961123656003 ], [ -104.58073352980098, 19.371519018744742 ], [ -104.580830271089809, 19.371343300813805 ], [ -104.581280598480092, 19.370965388017495 ], [ -104.582877368363057, 19.369940477332861 ], [ -104.583927548167281, 19.369279719271923 ], [ -104.585167956957392, 19.368135551134454 ], [ -104.585508215884232, 19.36755775131806 ], [ -104.586445217335054, 19.365570396311451 ], [ -104.586689127476532, 19.365012675964419 ], [ -104.586890386439322, 19.364397339286779 ], [ -104.586933990383443, 19.364076007548789 ], [ -104.586936217362094, 19.363191796240748 ], [ -104.586888794192319, 19.362905784488976 ], [ -104.58666525989554, 19.362455274174646 ], [ -104.586393349224792, 19.362097699440184 ], [ -104.58534797571437, 19.36087952425871 ], [ -104.585027889471789, 19.360537063471924 ], [ -104.584579519058138, 19.360157091226206 ], [ -104.584259075675931, 19.359956734516508 ], [ -104.58321204672913, 19.359401705844505 ], [ -104.582940045395333, 19.359084727607321 ], [ -104.582717731889403, 19.358160527908076 ], [ -104.58267214197663, 19.357157221104178 ], [ -104.582681699748292, 19.353399321635109 ], [ -104.582662868186858, 19.352391000407366 ], [ -104.582565431759363, 19.351443401678264 ], [ -104.582445068756087, 19.351098010457726 ], [ -104.581980812815985, 19.350433782864499 ], [ -104.581860219012782, 19.350179744796915 ], [ -104.581761701968361, 19.349658462069716 ], [ -104.581741556901406, 19.349167810572595 ], [ -104.581746062974204, 19.347399386147668 ], [ -104.581694084411268, 19.346807156890154 ], [ -104.581447013757909, 19.345811844753758 ], [ -104.581146036483815, 19.344982199131838 ], [ -104.579988568857317, 19.342105827383502 ], [ -104.57963929968065, 19.341342045862145 ], [ -104.579166822788537, 19.340654107664125 ], [ -104.57884112300944, 19.340435120417045 ], [ -104.577874216122041, 19.340126800168665 ], [ -104.577793667871561, 19.340101115244885 ], [ -104.577472888633835, 19.340049619568301 ], [ -104.577023371042642, 19.340143314516965 ], [ -104.57670198150187, 19.340328660100504 ], [ -104.57565167557523, 19.341099908059871 ], [ -104.575228148491959, 19.341482947005943 ], [ -104.574301993674922, 19.342499214897881 ], [ -104.573402434126535, 19.343567984037801 ], [ -104.570130554780391, 19.347539269968788 ], [ -104.569279065793282, 19.348613205876489 ], [ -104.568577421013416, 19.349653657598438 ], [ -104.568426569180403, 19.350066084831631 ], [ -104.568424244114027, 19.350950295295959 ], [ -104.568455572070519, 19.351241348729346 ], [ -104.568604094849107, 19.351715387594655 ], [ -104.568784942915613, 19.352101532398411 ], [ -104.569480384004393, 19.353429501098429 ], [ -104.569661182715635, 19.353835945782357 ], [ -104.569809462817233, 19.35440472045536 ], [ -104.569840492188703, 19.354810811154493 ], [ -104.569837015047199, 19.356137126376026 ], [ -104.569868044722952, 19.356543217001143 ], [ -104.570016327791365, 19.357111991398213 ], [ -104.570197131704575, 19.357518435490089 ], [ -104.570892606361951, 19.35884639867297 ], [ -104.571083979820799, 19.359303618939297 ], [ -104.571372481790775, 19.360803178532002 ], [ -104.57159911680418, 19.363235303530079 ], [ -104.571700697720232, 19.363939305477153 ], [ -104.571786019456411, 19.364233550260966 ], [ -104.571948104873059, 19.364792523162176 ], [ -104.572199963380442, 19.365307403407275 ], [ -104.573127904938573, 19.366856957594297 ], [ -104.573358425507848, 19.367351485349026 ], [ -104.573506236872234, 19.36810973008345 ], [ -104.573486874078441, 19.368698409304276 ], [ -104.573248698408406, 19.370687333843282 ], [ -104.573159856629047, 19.371250473874799 ], [ -104.572983440278833, 19.371889536521682 ], [ -104.572820258650808, 19.372239343057785 ], [ -104.572235157243099, 19.373232709769724 ], [ -104.570717787941206, 19.373861846211373 ], [ -104.567748517264533, 19.374173992062946 ], [ -104.567098806854361, 19.374409290646817 ], [ -104.566809293123171, 19.374648828105048 ], [ -104.566107935948665, 19.37553137064512 ], [ -104.565845072935346, 19.375806496451467 ], [ -104.564832124475259, 19.376506146707392 ], [ -104.56395702096188, 19.37700142167613 ], [ -104.562604989189765, 19.37779498337914 ], [ -104.561927328356319, 19.378471738281128 ], [ -104.561336791491755, 19.379686107816713 ], [ -104.561235153234364, 19.380349022088271 ], [ -104.561212104970394, 19.380964757281955 ], [ -104.561206634794885, 19.383007229322423 ], [ -104.561094734496606, 19.38436155909341 ], [ -104.550520112309812, 19.380516242071586 ], [ -104.529837321247967, 19.377298918932073 ], [ -104.529896883060047, 19.377148428622153 ], [ -104.529997357262857, 19.376943640374297 ], [ -104.530169083493703, 19.376666375738875 ], [ -104.530336259361277, 19.376438037968537 ], [ -104.530689604762955, 19.375934076219448 ], [ -104.532327901510044, 19.373396189679344 ], [ -104.532807824527893, 19.372685204362508 ], [ -104.533409196180941, 19.371905168131516 ], [ -104.533788377509168, 19.371501816452451 ], [ -104.534956512683749, 19.370399541335861 ], [ -104.535233874688288, 19.370056828563126 ], [ -104.535360104586587, 19.369559782158685 ], [ -104.535263072354113, 19.369192428981204 ], [ -104.534684030975171, 19.367975159528324 ], [ -104.534501238427694, 19.367668488986048 ], [ -104.534227243234966, 19.367454630105392 ], [ -104.534018613507143, 19.367455787910398 ], [ -104.533319001765221, 19.367675048466076 ], [ -104.533062184146047, 19.367691307197976 ], [ -104.532563315314675, 19.367547921563563 ], [ -104.532107464272585, 19.367326825566952 ], [ -104.530479038545053, 19.36643842203172 ], [ -104.52998042807117, 19.366207060126008 ], [ -104.529281995093243, 19.366015781831251 ], [ -104.528782843197263, 19.365973889011887 ], [ -104.52715189989523, 19.365969660221165 ], [ -104.526673940939204, 19.365998869303478 ], [ -104.526074408256378, 19.366139414801971 ], [ -104.525695891409853, 19.366310985387027 ], [ -104.524529007104519, 19.36697109914083 ], [ -104.524155644651472, 19.367208657317104 ], [ -104.52358017457496, 19.367657151918834 ], [ -104.523131435956444, 19.368060299996838 ], [ -104.521612778268775, 19.369493156078153 ], [ -104.521142394912417, 19.369977445016197 ], [ -104.520465942216603, 19.370804610492289 ], [ -104.519925351314782, 19.371513146868452 ], [ -104.518723958273824, 19.37334821026662 ], [ -104.5183318222726, 19.373929233255112 ], [ -104.518011645260003, 19.374679479151069 ], [ -104.51775369017777, 19.375419242937898 ] ], [ [ -104.615353506255204, 19.237751731931112 ], [ -104.615838868562989, 19.237698524554894 ], [ -104.616354054312808, 19.237094074943581 ], [ -104.61674670279001, 19.235992290342931 ], [ -104.616566916359915, 19.235567139020233 ], [ -104.614923173888656, 19.234605686252735 ], [ -104.61431402962053, 19.234703819452218 ], [ -104.613752075638487, 19.234964729884599 ], [ -104.613503351326969, 19.235542621703345 ], [ -104.613607311098775, 19.235841087246854 ], [ -104.614747680981424, 19.236421907211405 ], [ -104.614812553382862, 19.23716314009258 ], [ -104.615353506255204, 19.237751731931112 ] ], [ [ -104.613806996367344, 19.256603118899843 ], [ -104.613010875943402, 19.257188478619323 ], [ -104.610095407501944, 19.259282329974091 ], [ -104.609406239424345, 19.259842524954376 ], [ -104.609105633704445, 19.260362945796643 ], [ -104.609365369499827, 19.260546211160857 ], [ -104.610878080631863, 19.260881021484632 ], [ -104.61135732612513, 19.260927718128183 ], [ -104.612081089503491, 19.260810831262159 ], [ -104.614500618995109, 19.259716864526883 ], [ -104.615012640565695, 19.259462486614044 ], [ -104.615537256553381, 19.259155689015451 ], [ -104.615774687270729, 19.258971785619352 ], [ -104.616358080103495, 19.258420367118934 ], [ -104.616499389494749, 19.258190583457854 ], [ -104.616575442545141, 19.257669679355196 ], [ -104.616542780853848, 19.257155314375201 ], [ -104.616371427115297, 19.255745714843989 ], [ -104.616314309802476, 19.255275848261054 ], [ -104.615993321258259, 19.254613694541966 ], [ -104.615770247024784, 19.254757026197051 ], [ -104.614953253802895, 19.255639537597528 ], [ -104.614606797526321, 19.255965318637383 ], [ -104.613806996367344, 19.256603118899843 ] ], [ [ -104.692392593789137, 19.315577819149713 ], [ -104.692221262588546, 19.315685803156235 ], [ -104.691522072541744, 19.315905679599073 ], [ -104.691365928787761, 19.315989593925377 ], [ -104.691340063927356, 19.316003494122732 ], [ -104.691189881288921, 19.316240087020244 ], [ -104.691157343374101, 19.31648026249654 ], [ -104.69115568261924, 19.317364488518773 ], [ -104.691139394459128, 19.317494726792081 ], [ -104.691123106271633, 19.317624965061714 ], [ -104.690972743753278, 19.317956296204333 ], [ -104.690790516194028, 19.3181691497131 ], [ -104.690440498994889, 19.318500141870519 ], [ -104.690090480386601, 19.31883113332481 ], [ -104.689908288999902, 19.319023684802019 ], [ -104.689758101493894, 19.319260276375797 ], [ -104.689725739613593, 19.319405713016778 ], [ -104.689724905262139, 19.319847825836973 ], [ -104.689746003171336, 19.320003503973737 ], [ -104.689845294650652, 19.320287889102843 ], [ -104.689966041988797, 19.320538475370657 ], [ -104.69027554339722, 19.321128555366652 ], [ -104.69043024088387, 19.321423492132929 ], [ -104.69058841612862, 19.321679216785963 ], [ -104.69086236599712, 19.321987582217467 ], [ -104.69109554773928, 19.322172379475912 ], [ -104.691909782060549, 19.322726399316899 ], [ -104.692266027180665, 19.322880951178952 ], [ -104.693114267820746, 19.323048173159584 ], [ -104.693969795264735, 19.323132507025683 ], [ -104.697114020700852, 19.323358812628872 ], [ -104.697910835735868, 19.323382127036549 ], [ -104.698485074229737, 19.323264653738288 ], [ -104.698508599614371, 19.323073523282883 ], [ -104.698044149366055, 19.322299054839277 ], [ -104.697998319162437, 19.322016454337295 ], [ -104.698248891471778, 19.321472120917925 ], [ -104.698652679914787, 19.320977101454218 ], [ -104.700286433346335, 19.319211334906427 ], [ -104.700695539463254, 19.318726469987553 ], [ -104.700970968236007, 19.318229542675741 ], [ -104.700955333884394, 19.318004512258781 ], [ -104.700606947237347, 19.317451297502036 ], [ -104.700478888931357, 19.317292061356842 ], [ -104.700229669088543, 19.317102174303461 ], [ -104.700001699104348, 19.316990143065691 ], [ -104.699187060700041, 19.316657215691716 ], [ -104.69899659170521, 19.316509717961885 ], [ -104.698929193831205, 19.31618698627301 ], [ -104.69900660399432, 19.315909157744645 ], [ -104.699474475064079, 19.314804642098629 ], [ -104.699574954832229, 19.314446153216203 ], [ -104.699575655320615, 19.314062687436216 ], [ -104.6995759931973, 19.313877721583633 ], [ -104.699576693661015, 19.313494255779752 ], [ -104.699477611761793, 19.313088068770714 ], [ -104.699014195701082, 19.311760960302987 ], [ -104.698845494726882, 19.311410486351878 ], [ -104.698521635858498, 19.311102050139219 ], [ -104.698227680982143, 19.31101190066558 ], [ -104.697179750612904, 19.310899636037199 ], [ -104.696864219344647, 19.31091095454461 ], [ -104.696439669029289, 19.311076041908333 ], [ -104.696148699203803, 19.311300562547988 ], [ -104.695682047891026, 19.311741895367483 ], [ -104.695215384762008, 19.312183235744921 ], [ -104.694929749565503, 19.312412838577227 ], [ -104.694530105287498, 19.312601647756058 ], [ -104.694244820650425, 19.312641772335429 ], [ -104.69331313722779, 19.312640208847014 ], [ -104.693054637981675, 19.31265500009636 ], [ -104.692779991394715, 19.312725592049791 ], [ -104.692646138290144, 19.312811646674252 ], [ -104.692296136340062, 19.313142642794929 ], [ -104.692215664577603, 19.313279540056573 ], [ -104.692190132428181, 19.313587398241001 ], [ -104.692234129936949, 19.313890298403518 ], [ -104.692464985675585, 19.314995974087655 ], [ -104.692492950243533, 19.315293771832739 ], [ -104.692442772060502, 19.315435795499823 ], [ -104.692392593789137, 19.315577819149713 ] ], [ [ -104.704426850668085, 19.328492344435443 ], [ -104.702565503036993, 19.327273503680164 ], [ -104.702091698820794, 19.327052800985985 ], [ -104.701741942772685, 19.327241706829511 ], [ -104.701716094248482, 19.327732276023653 ], [ -104.70194522765145, 19.329832693082022 ], [ -104.702042223347448, 19.33041481816343 ], [ -104.702265734207955, 19.331030985060703 ], [ -104.702488039864676, 19.331329098242019 ], [ -104.703301959064675, 19.332104124185133 ], [ -104.703588585237412, 19.332326211352935 ], [ -104.704112251202901, 19.3325875934725 ], [ -104.704573719341411, 19.332738908726117 ], [ -104.706203575811173, 19.333183656572373 ], [ -104.70662240581477, 19.333253693321829 ], [ -104.706947083606678, 19.333135792073048 ], [ -104.70699207858982, 19.332897325766339 ], [ -104.706877378455232, 19.331902384507671 ], [ -104.706815534006907, 19.331592692345652 ], [ -104.706641626494488, 19.331142403506856 ], [ -104.706455032086168, 19.33080882575911 ], [ -104.705758170779333, 19.32970241692497 ], [ -104.705624772562274, 19.329530487590745 ], [ -104.705491374623179, 19.329358558159381 ], [ -104.704943183565661, 19.328860293386835 ], [ -104.704426850668085, 19.328492344435443 ] ] ] ] } },
{ "type": "Feature", "properties": { "fid": 4.0, "cat": 4, "CLAVE_ACUI": "1433", "NOM_ACUIF": "CIHUATLAN", "VULNERABIL": 2 }, "geometry": { "type": "MultiPolygon", "coordinates": [ [ [ [ -104.519292499780391, 19.375658613326884 ], [ -104.51775369017777, 19.375419242937898 ], [ -104.518011645260003, 19.374679479151069 ], [ -104.5183318222726, 19.373929233255112 ], [ -104.519969963325963, 19.371501986354808 ], [ -104.519925351314782, 19.371513146868452 ], [ -104.520465942216603, 19.370804610492289 ], [ -104.521142394912417, 19.369977445016197 ], [ -104.521612778268775, 19.369493156078153 ], [ -104.523131435956444, 19.368060299996838 ], [ -104.52358017457496, 19.367657151918834 ], [ -104.524155644651472, 19.367208657317104 ], [ -104.524529007104519, 19.36697109914083 ], [ -104.525695891409853, 19.366310985387027 ], [ -104.526074408256378, 19.366139414801971 ], [ -104.526673940939204, 19.365998869303478 ], [ -104.52715189989523, 19.365969660221165 ], [ -104.528782843197263, 19.365973889011887 ], [ -104.529281995093243, 19.366015781831251 ], [ -104.52998042807117, 19.366207060126008 ], [ -104.530479038545053, 19.36643842203172 ], [ -104.532107464272585, 19.367326825566952 ], [ -104.532563315314675, 19.367547921563563 ], [ -104.533062184146047, 19.367691307197976 ], [ -104.533319001765221, 19.367675048466076 ], [ -104.534018613507143, 19.367455787910398 ], [ -104.534227243234966, 19.367454630105392 ], [ -104.534501238427694, 19.367668488986048 ], [ -104.534684030975171, 19.367975159528324 ], [ -104.535263072354113, 19.369192428981204 ], [ -104.535360104586587, 19.369559782158685 ], [ -104.535233874688288, 19.370056828563126 ], [ -104.534956512683749, 19.370399541335861 ], [ -104.533788377509168, 19.371501816452451 ], [ -104.533409196180941, 19.371905168131516 ], [ -104.532807824527893, 19.372685204362508 ], [ -104.532327901510044, 19.373396189679344 ], [ -104.530689604762955, 19.375934076219448 ], [ -104.530336259361277, 19.376438037968537 ], [ -104.530169083493703, 19.376666375738875 ], [ -104.529997357262857, 19.376943640374297 ], [ -104.529896883060047, 19.377148428622153 ], [ -104.529837321247967, 19.377298918932073 ], [ -104.519292499780391, 19.375658613326884 ] ] ] ] } },
{ "type": "Feature", "properties": { "fid": 5.0, "cat": 6, "CLAVE_ACUI": "1433", "NOM_ACUIF": "CIHUATLAN", "VULNERABIL": 2 }, "geometry": { "type": "MultiPolygon", "coordinates": [ [ [ [ -104.728932824606147, 19.354113218222786 ], [ -104.728561150723706, 19.355135321419386 ], [ -104.728369539860751, 19.355662251302782 ], [ -104.728201557020867, 19.35612420412145 ], [ -104.7279179778524, 19.356114811553535 ], [ -104.726742419629844, 19.356072143711312 ], [ -104.726164439648656, 19.356035446569653 ], [ -104.725773650942457, 19.355961381897991 ], [ -104.725484606487825, 19.355829763883644 ], [ -104.725767609318211, 19.355765400311832 ], [ -104.726005508670369, 19.355692578568444 ], [ -104.726367355603188, 19.355535174973813 ], [ -104.726642555783101, 19.355374165982784 ], [ -104.727553564858496, 19.354943681806827 ], [ -104.728088501678897, 19.354668213135142 ], [ -104.728601741474037, 19.354349416783311 ], [ -104.728932824606147, 19.354113218222786 ] ] ] ] } },
{ "type": "Feature", "properties": { "fid": 6.0, "cat": 7, "CLAVE_ACUI": "1433", "NOM_ACUIF": "CIHUATLAN", "VULNERABIL": 3 }, "geometry": { "type": "MultiPolygon", "coordinates": [ [ [ [ -104.725484606487825, 19.355829763883644 ], [ -104.725005070318844, 19.35576982884961 ], [ -104.723491428175237, 19.355325423650974 ], [ -104.723474764728579, 19.355319338189741 ], [ -104.723049509124877, 19.355164034928741 ], [ -104.72250085855633, 19.354855299351716 ], [ -104.722158991323084, 19.354575637613891 ], [ -104.721112267924596, 19.353579282453197 ], [ -104.720818598612155, 19.353269240301561 ], [ -104.720494858575734, 19.352818735360337 ], [ -104.720326041757104, 19.352485199288072 ], [ -104.719861972644409, 19.351379202156476 ], [ -104.719816106094058, 19.351091532175573 ], [ -104.720066127123104, 19.350855069930297 ], [ -104.72046916624231, 19.350804935958649 ], [ -104.722099995026724, 19.350807431023593 ], [ -104.722524532143524, 19.350696421863514 ], [ -104.722874875060739, 19.350175892471231 ], [ -104.722950827777268, 19.349543288991566 ], [ -104.722954931852925, 19.347111668861757 ], [ -104.723004215812708, 19.34643334698562 ], [ -104.723230102673099, 19.345699465199878 ], [ -104.723503513554277, 19.345329384208945 ], [ -104.724553537677735, 19.344336217756712 ], [ -104.724933798392257, 19.344037350044495 ], [ -104.725658329846581, 19.343635802554576 ], [ -104.72631311339974, 19.343361029663011 ], [ -104.728644225686011, 19.342480287103051 ], [ -104.729330999637526, 19.342261379077431 ], [ -104.730204846559019, 19.342120566635558 ], [ -104.730766427005634, 19.342138314783444 ], [ -104.731756686859484, 19.342265087598207 ], [ -104.732457758829113, 19.342442489379266 ], [ -104.73305528559375, 19.342776450286241 ], [ -104.731863119592077, 19.346054906854658 ], [ -104.729895700443208, 19.351465309619343 ], [ -104.728932824606147, 19.354113218222786 ], [ -104.728601741474037, 19.354349416783311 ], [ -104.728088501678897, 19.354668213135142 ], [ -104.727553564858496, 19.354943681806827 ], [ -104.726642555783101, 19.355374165982784 ], [ -104.726367355603188, 19.355535174973813 ], [ -104.726005508670369, 19.355692578568444 ], [ -104.725767609318211, 19.355765400311832 ], [ -104.725484606487825, 19.355829763883644 ] ] ] ] } },
{ "type": "Feature", "properties": { "fid": 7.0, "cat": 5, "CLAVE_ACUI": "1433", "NOM_ACUIF": "CIHUATLAN", "VULNERABIL": 2 }, "geometry": { "type": "MultiPolygon", "coordinates": [ [ [ [ -104.674482478232775, 19.269196847405091 ], [ -104.673315993334668, 19.270300056983071 ], [ -104.673049820262662, 19.270622709328954 ], [ -104.672974173402011, 19.271025215404258 ], [ -104.673132280827204, 19.2712775719734 ], [ -104.673945767216992, 19.27205272775107 ], [ -104.674285753377546, 19.272254654536443 ], [ -104.675058865408275, 19.272421823953596 ], [ -104.675823324627359, 19.27245870843884 ], [ -104.678617688490277, 19.272463642658696 ], [ -104.679419583342138, 19.272495502616096 ], [ -104.680367395986536, 19.272639271160728 ], [ -104.680919519895056, 19.272812796418837 ], [ -104.68254829254542, 19.273478806656417 ], [ -104.683079036047843, 19.273652288306792 ], [ -104.683927059237249, 19.273795865453913 ], [ -104.684607776722018, 19.273827493161104 ], [ -104.686936434546638, 19.273831496347061 ], [ -104.687569160297699, 19.273797051728881 ], [ -104.68819322155538, 19.2736323236965 ], [ -104.688452011548065, 19.273431444096424 ], [ -104.689035634322778, 19.272658734083649 ], [ -104.689187590142581, 19.272406918448993 ], [ -104.689250343599937, 19.272205705166687 ], [ -104.689313097485027, 19.272004489982514 ], [ -104.689340438167363, 19.271681407912279 ], [ -104.689342520969589, 19.270576120038037 ], [ -104.689364524582615, 19.270247953522741 ], [ -104.689465125068992, 19.269821797690081 ], [ -104.689586836162107, 19.269541170090896 ], [ -104.690054218028223, 19.268657729691093 ], [ -104.690240062969863, 19.2683873609503 ], [ -104.690639959458352, 19.268009080823241 ], [ -104.691025394667705, 19.267739048844735 ], [ -104.691724793146918, 19.267298112606422 ], [ -104.692424187908628, 19.266857173619591 ], [ -104.692857874923604, 19.266511089013374 ], [ -104.693482960062127, 19.265777908037855 ], [ -104.693942250015539, 19.265076591085283 ], [ -104.695460492742185, 19.262536952523536 ], [ -104.695898306171017, 19.261876197037726 ], [ -104.69642321930759, 19.261332317505893 ], [ -104.696735284422388, 19.261216102745198 ], [ -104.69766667731345, 19.261217644810422 ], [ -104.697924928158955, 19.261294201440425 ], [ -104.698198706539785, 19.261649926280874 ], [ -104.698331568036735, 19.262081548210826 ], [ -104.698677813342542, 19.263740058768185 ], [ -104.698810622087294, 19.264202132150423 ], [ -104.699084147834796, 19.264699964315067 ], [ -104.699342090202862, 19.26494907952663 ], [ -104.700272299085228, 19.265613782426421 ], [ -104.700503504677641, 19.26586792750912 ], [ -104.700652251212134, 19.266389237752374 ], [ -104.700633539951369, 19.266879821809706 ], [ -104.700397470399764, 19.268647903484169 ], [ -104.700421399027647, 19.269209611778738 ], [ -104.700769140903716, 19.270062835492169 ], [ -104.701241989456747, 19.27072001721039 ], [ -104.703100902221991, 19.272933630541296 ], [ -104.703605737169198, 19.273651761957058 ], [ -104.704102694716838, 19.274789439112286 ], [ -104.704307797265415, 19.27569656171211 ], [ -104.7047679908232, 19.278792123007708 ], [ -104.704876953652999, 19.279648336139559 ], [ -104.70489879830491, 19.280055510972566 ], [ -104.704925243590338, 19.280548437267957 ], [ -104.70490944441049, 19.280718230901932 ], [ -104.704885265286521, 19.280978082974524 ], [ -104.704767836889545, 19.281530539002397 ], [ -104.704650407678884, 19.282082994911018 ], [ -104.704557143259009, 19.282411047979124 ], [ -104.704356768246342, 19.282837050496234 ], [ -104.704163782409353, 19.283117572319238 ], [ -104.703463552910165, 19.284000670054869 ], [ -104.703404297041686, 19.284245880798004 ], [ -104.703828004552008, 19.28450710101523 ], [ -104.704492557924738, 19.284635059990411 ], [ -104.70717010564033, 19.284970958503052 ], [ -104.707914838429446, 19.285114259520721 ], [ -104.708712705406697, 19.285447120738507 ], [ -104.70910778280448, 19.285779337595418 ], [ -104.710153617727713, 19.286996820196514 ], [ -104.710436319571258, 19.287384684346609 ], [ -104.710709751736971, 19.287977237800696 ], [ -104.710817666643081, 19.28843587888905 ], [ -104.711047838694995, 19.289983650469342 ], [ -104.711177161421958, 19.290432174505771 ], [ -104.711550494419356, 19.290977514932763 ], [ -104.711954505342263, 19.291308047986043 ], [ -104.713466566334304, 19.292305188082192 ], [ -104.713977666088837, 19.292554679633227 ], [ -104.714850727220622, 19.292721838442912 ], [ -104.715586856279657, 19.292711143872971 ], [ -104.718149059183716, 19.29249405771268 ], [ -104.718922850321334, 19.292346374251444 ], [ -104.719971672911498, 19.291874289087382 ], [ -104.720696196976434, 19.291347565456583 ], [ -104.723028456195806, 19.289361591956876 ], [ -104.723324776657279, 19.289118183093898 ], [ -104.723651342580141, 19.288849928053335 ], [ -104.724442849023447, 19.28820805317439 ], [ -104.725009253781892, 19.290247110405783 ], [ -104.725961439998969, 19.293674980956993 ], [ -104.728087035084116, 19.301327123642494 ], [ -104.728702042230609, 19.3035411494795 ], [ -104.729233046691618, 19.305452765633806 ], [ -104.729082003019712, 19.305416773523614 ], [ -104.728776517740286, 19.30540078649716 ], [ -104.728545778266493, 19.30543946649259 ], [ -104.72824994793686, 19.305537324397772 ], [ -104.728104787511043, 19.305596400880045 ], [ -104.727962936627037, 19.305708393660712 ], [ -104.727841752513484, 19.30585491917267 ], [ -104.727482948142239, 19.30665256384205 ], [ -104.727413046728799, 19.306884232021545 ], [ -104.727437491653944, 19.307192170748969 ], [ -104.72754231478298, 19.307400415014584 ], [ -104.727880332515753, 19.307883272265684 ], [ -104.728007046674023, 19.308064282147722 ], [ -104.728117176678225, 19.30829791054008 ], [ -104.728166382687888, 19.308724309939564 ], [ -104.728126546555998, 19.309099823582407 ], [ -104.72789143606505, 19.310425820872378 ], [ -104.727750035890864, 19.31077580633794 ], [ -104.72755893103178, 19.310950969308127 ], [ -104.72732528032904, 19.311083074264356 ], [ -104.72685988694748, 19.311172042075341 ], [ -104.72511280643478, 19.311279947712137 ], [ -104.724626020790907, 19.311368877580026 ], [ -104.724101435037525, 19.311675987229883 ], [ -104.72383881194132, 19.312025786198841 ], [ -104.723488325476168, 19.312688411259657 ], [ -104.723137817501936, 19.313351070837363 ], [ -104.722912632249887, 19.31369584985265 ], [ -104.722562768374232, 19.313979535367178 ], [ -104.722288148730243, 19.314040021276124 ], [ -104.721356455048394, 19.314038600870088 ], [ -104.721097955548657, 19.314053431849743 ], [ -104.720823318041951, 19.314124066129335 ], [ -104.720689478163266, 19.314210141489575 ], [ -104.720339528854069, 19.314541192051987 ], [ -104.720226958507723, 19.314698353927113 ], [ -104.719913608861276, 19.315518380726822 ], [ -104.719339213381602, 19.317492918928071 ], [ -104.71931348859934, 19.317942889524527 ], [ -104.719382644064979, 19.318157850384988 ], [ -104.719731095862898, 19.318711030080948 ], [ -104.71990729643781, 19.318875402136836 ], [ -104.72038111333255, 19.319089291700699 ], [ -104.72088179448204, 19.319230475147293 ], [ -104.722744495133171, 19.319675430923954 ], [ -104.7233575462825, 19.319781251240919 ], [ -104.72435574512987, 19.319830131782904 ], [ -104.725168691379423, 19.319794139472258 ], [ -104.727964237165864, 19.319577272056883 ], [ -104.728734364788721, 19.31956150119419 ], [ -104.729532752908597, 19.319704795206345 ], [ -104.729903180680708, 19.319925273932167 ], [ -104.730833460709619, 19.320810879894328 ], [ -104.731134336010868, 19.321051554712298 ], [ -104.731984116191768, 19.321387775401735 ], [ -104.732624505021292, 19.32149924407987 ], [ -104.733705988539739, 19.321555357084488 ], [ -104.735667152972994, 19.328615549393842 ], [ -104.736766092375348, 19.332571731438232 ], [ -104.735305091178361, 19.336589484808123 ], [ -104.734279356978348, 19.339410253913073 ], [ -104.73305528559375, 19.342776450286241 ], [ -104.732457758829113, 19.342442489379266 ], [ -104.731756686859484, 19.342265087598207 ], [ -104.730766427005634, 19.342138314783444 ], [ -104.730204846559019, 19.342120566635558 ], [ -104.729330999637526, 19.342261379077431 ], [ -104.728644225686011, 19.342480287103051 ], [ -104.72631311339974, 19.343361029663011 ], [ -104.725658329846581, 19.343635802554576 ], [ -104.724933798392257, 19.344037350044495 ], [ -104.724553537677735, 19.344336217756712 ], [ -104.723503513554277, 19.345329384208945 ], [ -104.723230102673099, 19.345699465199878 ], [ -104.723004215812708, 19.34643334698562 ], [ -104.722954931852925, 19.347111668861757 ], [ -104.722950827777268, 19.349543288991566 ], [ -104.722874875060739, 19.350175892471231 ], [ -104.722524532143524, 19.350696421863514 ], [ -104.722099995026724, 19.350807431023593 ], [ -104.72046916624231, 19.350804935958649 ], [ -104.720066127123104, 19.350855069930297 ], [ -104.719816106094058, 19.351091532175573 ], [ -104.719861972644409, 19.35137920215648 ], [ -104.720326041757104, 19.352485199288072 ], [ -104.720494858575734, 19.352818735360337 ], [ -104.720818598612155, 19.353269240301561 ], [ -104.721112267924596, 19.353579282453197 ], [ -104.722158991323084, 19.354575637613891 ], [ -104.72250085855633, 19.354855299351716 ], [ -104.723049509124877, 19.355164034928741 ], [ -104.723474764728579, 19.355319338189741 ], [ -104.723812464984931, 19.355624224613042 ], [ -104.72388683406021, 19.355932237879248 ], [ -104.723578258345725, 19.355997748498101 ], [ -104.722063869235456, 19.355995443831119 ], [ -104.721648370992881, 19.356025260998955 ], [ -104.721223767735921, 19.356166719486055 ], [ -104.721032689673578, 19.356338986501171 ], [ -104.720565593441023, 19.357001440574109 ], [ -104.720374539662927, 19.357158481058491 ], [ -104.719950053687157, 19.357228882760744 ], [ -104.719534699492769, 19.357172415510814 ], [ -104.718020869949882, 19.356838492979179 ], [ -104.717595098769081, 19.356619596217641 ], [ -104.717121994685925, 19.355932007381583 ], [ -104.716871903856457, 19.355168634894532 ], [ -104.716524905130001, 19.353731191322098 ], [ -104.716177929364591, 19.352293817570327 ], [ -104.716077618834731, 19.351530677098268 ], [ -104.716232766003941, 19.351062983874492 ], [ -104.716726403920291, 19.350626594929739 ], [ -104.718934536441324, 19.350156321859707 ], [ -104.719334488437354, 19.349825353190234 ], [ -104.719445599049777, 19.349493939042446 ], [ -104.719445599050019, 19.34949393902065 ], [ -104.719445599050644, 19.349493938967058 ], [ -104.719459594765297, 19.348283116649515 ], [ -104.71946582608787, 19.347744021316991 ], [ -104.719323649111601, 19.347127540213535 ], [ -104.719033287544278, 19.346629714623525 ], [ -104.718742927723369, 19.346131888565818 ], [ -104.718549067467322, 19.3458524484534 ], [ -104.718225104158321, 19.345544047032281 ], [ -104.717956159581064, 19.345382913527299 ], [ -104.71749060674901, 19.345161136497168 ], [ -104.717025050542219, 19.344939356075308 ], [ -104.716729285690803, 19.344823856702519 ], [ -104.716280155997367, 19.344728419275853 ], [ -104.715934306724975, 19.344707579315468 ], [ -104.714769472900841, 19.344705759741665 ], [ -104.714407604217001, 19.344669665952409 ], [ -104.713883718093953, 19.344503051455614 ], [ -104.713497178701857, 19.344301124454006 ], [ -104.712217221060726, 19.343525408447132 ], [ -104.71186284938473, 19.343282926515055 ], [ -104.711489066132202, 19.3429270651149 ], [ -104.711309461330785, 19.342661174047258 ], [ -104.710845090867537, 19.341776210195132 ], [ -104.710625767156642, 19.340781105901975 ], [ -104.710605457961208, 19.340165272157968 ], [ -104.710609353178398, 19.337954708524766 ], [ -104.710557006997178, 19.337308371992062 ], [ -104.710432918886326, 19.336905535327794 ], [ -104.710308831371123, 19.336502698569191 ], [ -104.71000664218991, 19.335998072687303 ], [ -104.708844613435559, 19.334448821073384 ], [ -104.708606684970007, 19.333903693148468 ], [ -104.708632526178008, 19.33340635601547 ], [ -104.708658367207775, 19.332909018849687 ], [ -104.708814245647602, 19.332471101109039 ], [ -104.708970123241471, 19.332033183203286 ], [ -104.709671671517029, 19.330486972200926 ], [ -104.710373270440485, 19.328940616955599 ], [ -104.710727830737454, 19.328044544536766 ], [ -104.710979328656265, 19.326955446788855 ], [ -104.710984054373867, 19.326295665944382 ], [ -104.71075461505302, 19.324305786339202 ], [ -104.71063088129381, 19.323706705114571 ], [ -104.710282895282788, 19.322900872313316 ], [ -104.709909507546826, 19.322348763266277 ], [ -104.708515033579204, 19.320578081157368 ], [ -104.708173672445383, 19.320066622097691 ], [ -104.707975110509508, 19.319450501559206 ], [ -104.708032809711398, 19.319081788933691 ], [ -104.708500629833182, 19.317977249838311 ], [ -104.708611985588121, 19.317507116694028 ], [ -104.708663829046529, 19.316417701882187 ], [ -104.708626536262415, 19.315331528127146 ], [ -104.708513600982386, 19.313341847470241 ], [ -104.708400666082596, 19.311352131041065 ], [ -104.708406210501153, 19.310235573296882 ], [ -104.708657946478638, 19.309004368369511 ], [ -104.709012022669981, 19.308362061395588 ], [ -104.709712328252323, 19.307478945707047 ], [ -104.710412626286782, 19.306595827148232 ], [ -104.710594943654954, 19.306310207413972 ], [ -104.710777260385626, 19.306024587480454 ], [ -104.711078298856265, 19.305125043200619 ], [ -104.711143721362902, 19.304411220215385 ], [ -104.711147989569696, 19.301979590551809 ], [ -104.711106446280667, 19.301275748666654 ], [ -104.710908310992394, 19.300422783096945 ], [ -104.710666804872403, 19.299908102510319 ], [ -104.709737920918457, 19.298359222614771 ], [ -104.709507187465633, 19.297803955096679 ], [ -104.709359305859323, 19.296761589334469 ], [ -104.70937877831787, 19.295827763080531 ], [ -104.70961752389465, 19.292512272126036 ], [ -104.709647598539632, 19.29162921538185 ], [ -104.709549208278219, 19.290823775790681 ], [ -104.709378576917246, 19.290556204491704 ], [ -104.708680689237781, 19.290112976486348 ], [ -104.70847249667932, 19.289921474150596 ], [ -104.708198817693926, 19.28947102594076 ], [ -104.708016040701239, 19.289019030870357 ], [ -104.707436766439045, 19.287360167797381 ], [ -104.707221822532972, 19.286958873517104 ], [ -104.706798018954842, 19.286745030562226 ], [ -104.70640752792022, 19.286840834409716 ], [ -104.705009032586446, 19.287501755958214 ], [ -104.704591667902648, 19.287673642198151 ], [ -104.704042467562985, 19.287814862044126 ], [ -104.703675260959798, 19.287844718635384 ], [ -104.702510831125522, 19.287842826053723 ], [ -104.702191883730336, 19.28779662854512 ], [ -104.702029888168084, 19.287689782800879 ], [ -104.70186789281712, 19.287582936914543 ], [ -104.701376471967166, 19.286328531830854 ], [ -104.701312843887237, 19.286034059610163 ], [ -104.701363434502397, 19.285655185534942 ], [ -104.701499334353201, 19.285408409004813 ], [ -104.702082939850499, 19.284635658076571 ], [ -104.702170689408405, 19.284404028421555 ], [ -104.701996585579991, 19.284095842074009 ], [ -104.701660117209499, 19.283887205040845 ], [ -104.700264041837102, 19.283221745587849 ], [ -104.69901816610313, 19.282903124744831 ], [ -104.698980074276719, 19.282901158749887 ], [ -104.696350879469094, 19.282870162866594 ], [ -104.695752085801217, 19.282848865509763 ], [ -104.695053624940329, 19.282752961947644 ], [ -104.694654617708068, 19.28263725514665 ], [ -104.693491048166422, 19.282193190792807 ], [ -104.693161616432704, 19.28204207025982 ], [ -104.692787834740386, 19.281780909460313 ], [ -104.692002546743552, 19.280784262178528 ], [ -104.691667471925371, 19.279841380553272 ], [ -104.691581287119732, 19.279230505674057 ], [ -104.691352553866892, 19.277019538022753 ], [ -104.691255678556189, 19.276408644780357 ], [ -104.691032324606439, 19.275768777568263 ], [ -104.690810122955753, 19.275465574634705 ], [ -104.689996539482294, 19.274690492827773 ], [ -104.689758101284909, 19.274493842719252 ], [ -104.689458968842658, 19.274351225899366 ], [ -104.689270074511498, 19.274344137789228 ], [ -104.688687699303983, 19.274453675922064 ], [ -104.688525316460527, 19.274563364450888 ], [ -104.688349904990787, 19.274965707132989 ], [ -104.688261699763189, 19.275430793928443 ], [ -104.688025484111691, 19.277198855976351 ], [ -104.687888936794536, 19.277780592134672 ], [ -104.687487932045769, 19.278727298628379 ], [ -104.687051612778262, 19.279497999458457 ], [ -104.685416431588138, 19.282147887672004 ], [ -104.68488915091659, 19.282943802732813 ], [ -104.68406371466817, 19.284008192173278 ], [ -104.683411800174142, 19.284732832774345 ], [ -104.681194937367039, 19.287050084675112 ], [ -104.680591346261465, 19.287658066969836 ], [ -104.679991486205054, 19.288178081762137 ], [ -104.67973813781451, 19.288312979220645 ], [ -104.67915570722549, 19.288422486013296 ], [ -104.678977530708337, 19.28839510468574 ], [ -104.678728471772558, 19.288157819295986 ], [ -104.678550850323006, 19.287846221494817 ], [ -104.677971013857359, 19.286629382875681 ], [ -104.677743203683988, 19.28630452981054 ], [ -104.677472984406819, 19.286114206745637 ], [ -104.677211339182108, 19.285936108969242 ], [ -104.676700164348006, 19.285764336485013 ], [ -104.674837977714716, 19.285318916191194 ], [ -104.674348134245847, 19.285177626959477 ], [ -104.673924379076965, 19.284963708363577 ], [ -104.673825939608832, 19.284823696780268 ], [ -104.673722770001831, 19.284771614714863 ], [ -104.673632153326039, 19.284631036115371 ], [ -104.673633029225286, 19.284188922284994 ], [ -104.673697518473205, 19.284023244192397 ], [ -104.673997591678244, 19.283692193286438 ], [ -104.674361777397195, 19.283384940894162 ], [ -104.675761226938661, 19.282282140865 ], [ -104.67612540626574, 19.281974884816496 ], [ -104.676425470859087, 19.281643829723343 ], [ -104.676489956277038, 19.281478150543531 ], [ -104.676490824353465, 19.281036036435008 ], [ -104.676416277096067, 19.280880261682118 ], [ -104.676067522566612, 19.28059542655793 ], [ -104.675643850055465, 19.280344293192098 ], [ -104.674015476207316, 19.279457164301128 ], [ -104.673394606801423, 19.278892696619469 ], [ -104.673471606310926, 19.278708431384857 ], [ -104.674054880410893, 19.278156828010292 ], [ -104.674265492085283, 19.277998177204474 ], [ -104.674665074287091, 19.277809410796142 ], [ -104.67502529426929, 19.277698394907343 ], [ -104.676306736172762, 19.277369082200913 ], [ -104.676640251435401, 19.277242789868787 ], [ -104.676915216591709, 19.276982743603178 ], [ -104.676974508968016, 19.276737541771162 ], [ -104.676976242036886, 19.275853313032076 ], [ -104.676964605441015, 19.275796177196916 ], [ -104.676664595910765, 19.275432075137243 ], [ -104.675154222610146, 19.273771462275118 ], [ -104.674729123941447, 19.273349455513983 ], [ -104.674255686102157, 19.273040710246132 ], [ -104.674004443205689, 19.273021652875848 ], [ -104.673960753808998, 19.273035391077947 ], [ -104.673917064405202, 19.273049129269491 ], [ -104.673305412003174, 19.27324146284116 ], [ -104.673086126437568, 19.273283365042339 ], [ -104.672761826172575, 19.27325909997689 ], [ -104.672517825933298, 19.273182533347107 ], [ -104.671703460378737, 19.272849485641391 ], [ -104.671513046286208, 19.272712110194398 ], [ -104.671456763060178, 19.272478566291742 ], [ -104.671523173845941, 19.272101399414289 ], [ -104.671991099072912, 19.270996949743562 ], [ -104.672081638985489, 19.270655887212783 ], [ -104.671992966018053, 19.270058584425726 ], [ -104.671532090012832, 19.267626118551917 ], [ -104.671364145755021, 19.266947416610325 ], [ -104.671041275699977, 19.266212607375834 ], [ -104.670747977000488, 19.265841581599961 ], [ -104.669702125746042, 19.264844933985962 ], [ -104.669507262317737, 19.264710086092155 ], [ -104.669312399209716, 19.264575237993459 ], [ -104.668539520472493, 19.264313305926912 ], [ -104.667825134245959, 19.264208811587785 ], [ -104.665264213688403, 19.263983083655802 ], [ -104.664528426232863, 19.263888687927242 ], [ -104.663655668800885, 19.263673921662544 ], [ -104.663144660303061, 19.263461509747028 ], [ -104.66163271872631, 19.262685015418796 ], [ -104.661207481750196, 19.262361099969759 ], [ -104.660734977906955, 19.261625995629071 ], [ -104.66048520979632, 19.260899762538262 ], [ -104.659792139714853, 19.258245778006074 ], [ -104.659611866422352, 19.257524748133989 ], [ -104.659513837280286, 19.257054621626065 ], [ -104.659472403389529, 19.25682455481385 ], [ -104.659432447287813, 19.256390648007031 ], [ -104.659432767298668, 19.256235611599482 ], [ -104.659433221929277, 19.25601535564137 ], [ -104.659433550168089, 19.255856329739203 ], [ -104.659460687741699, 19.255658442999817 ], [ -104.659513325549185, 19.255506856997126 ], [ -104.659606385418897, 19.255374739278825 ], [ -104.659737784270661, 19.255224173334348 ], [ -104.66032101920932, 19.254672611800558 ], [ -104.66049418264258, 19.254518982010367 ], [ -104.660719045820571, 19.254353605534774 ], [ -104.660867115647548, 19.254270983258266 ], [ -104.661333244521884, 19.254050788548074 ], [ -104.661491901165903, 19.254018938515038 ], [ -104.661766170858087, 19.25409050022575 ], [ -104.661999328435002, 19.254224581142601 ], [ -104.662813130623363, 19.254778728457207 ], [ -104.663024782528822, 19.254973672236762 ], [ -104.663153718766395, 19.255237316668577 ], [ -104.663198686344941, 19.255329264626113 ], [ -104.663235468147434, 19.255642310165843 ], [ -104.663233212199984, 19.256747596982592 ], [ -104.663286000823447, 19.257075897883304 ], [ -104.663534604547436, 19.257502681812362 ], [ -104.663836964808624, 19.257784071840209 ], [ -104.664999382474122, 19.25867043715742 ], [ -104.665328404883638, 19.25898740078172 ], [ -104.665701419132475, 19.259580203006703 ], [ -104.665905274239151, 19.260110099997608 ], [ -104.666194425086346, 19.261050107406597 ], [ -104.666483590012916, 19.261990149633615 ], [ -104.666709019224186, 19.2624287293607 ], [ -104.667182699222209, 19.262595385603749 ], [ -104.667633953795686, 19.262394885498427 ], [ -104.669266114708776, 19.261292553712515 ], [ -104.669749540778326, 19.261041353297887 ], [ -104.670373381062632, 19.260971424307069 ], [ -104.670781157284893, 19.261122726508528 ], [ -104.672000819726151, 19.261862655919945 ], [ -104.672403646156496, 19.262181869699152 ], [ -104.672726890696836, 19.262727199038508 ], [ -104.672813225700679, 19.263088765101799 ], [ -104.672986937853793, 19.263390838834539 ], [ -104.673160590252934, 19.26388853020832 ], [ -104.673197332291181, 19.264232025546807 ], [ -104.673195142022891, 19.265337312445329 ], [ -104.673230961427606, 19.265616493956028 ], [ -104.673425373585346, 19.266061801987536 ], [ -104.673677808693682, 19.266373538619057 ], [ -104.67460748380168, 19.267259427981564 ], [ -104.674849350665085, 19.267510240429754 ], [ -104.67504838193608, 19.26779481186113 ], [ -104.675090844901504, 19.267950530288182 ], [ -104.675089973706875, 19.268392644967559 ], [ -104.675036184685467, 19.268558342949532 ], [ -104.674786039848073, 19.268889485308375 ], [ -104.674482478232775, 19.269196847405091 ] ] ] ] } },
{ "type": "Feature", "properties": { "fid": 8.0, "cat": 8, "CLAVE_ACUI": "1433", "NOM_ACUIF": "CIHUATLAN", "VULNERABIL": 2 }, "geometry": { "type": "MultiPolygon", "coordinates": [ [ [ [ -104.701716094248482, 19.327732276023653 ], [ -104.701741942772685, 19.327241706829511 ], [ -104.702091698820794, 19.327052800985985 ], [ -104.702565503036993, 19.327273503680164 ], [ -104.704426850668085, 19.328492344435443 ], [ -104.704943183565661, 19.328860293386835 ], [ -104.705491374623179, 19.329358558159381 ], [ -104.705624772562274, 19.329530487590745 ], [ -104.705758170779333, 19.329702416924977 ], [ -104.706455032086168, 19.33080882575911 ], [ -104.706641626494488, 19.33114240350686 ], [ -104.706815534006907, 19.331592692345655 ], [ -104.706877378455218, 19.331902384507675 ], [ -104.70699207858982, 19.332897325766339 ], [ -104.706947083606678, 19.333135792073048 ], [ -104.70662240581477, 19.333253693321829 ], [ -104.706203575811173, 19.333183656572373 ], [ -104.704573719341411, 19.332738908726117 ], [ -104.704112251202901, 19.3325875934725 ], [ -104.703588585237412, 19.332326211352935 ], [ -104.703301959064675, 19.332104124185133 ], [ -104.702488039864676, 19.331329098242019 ], [ -104.702265734207955, 19.331030985060703 ], [ -104.702042223347448, 19.33041481816343 ], [ -104.70194522765145, 19.329832693082022 ], [ -104.701716094248482, 19.327732276023653 ] ] ] ] } },
{ "type": "Feature", "properties": { "fid": 9.0, "cat": 9, "CLAVE_ACUI": "1433", "NOM_ACUIF": "CIHUATLAN", "VULNERABIL": 2 }, "geometry": { "type": "MultiPolygon", "coordinates": [ ] } },
{ "type": "Feature", "properties": { "fid": 10.0, "cat": 10, "CLAVE_ACUI": "1433", "NOM_ACUIF": "CIHUATLAN", "VULNERABIL": 2 }, "geometry": { "type": "MultiPolygon", "coordinates": [ [ [ [ -104.700229669088543, 19.317102174303461 ], [ -104.700478888931357, 19.317292061356842 ], [ -104.700606947237347, 19.317451297502036 ], [ -104.700955333884394, 19.318004512258781 ], [ -104.700970968236007, 19.318229542675741 ], [ -104.700695539463254, 19.318726469987553 ], [ -104.700286433346335, 19.319211334906427 ], [ -104.698652679914787, 19.320977101454218 ], [ -104.698248891471778, 19.321472120917925 ], [ -104.697998319162437, 19.322016454337295 ], [ -104.698044149366055, 19.322299054839277 ], [ -104.698508599614371, 19.323073523282883 ], [ -104.698485074229737, 19.323264653738288 ], [ -104.697910835735868, 19.323382127036549 ], [ -104.697114020700852, 19.323358812628872 ], [ -104.693969795264735, 19.323132507025683 ], [ -104.693114267820746, 19.323048173159584 ], [ -104.692266027180665, 19.322880951178952 ], [ -104.691909782060549, 19.322726399316899 ], [ -104.69109554773928, 19.322172379475912 ], [ -104.69086236599712, 19.321987582217467 ], [ -104.69058841612862, 19.321679216785963 ], [ -104.69043024088387, 19.321423492132929 ], [ -104.69027554339722, 19.321128555366652 ], [ -104.689966041988797, 19.320538475370654 ], [ -104.689845294650652, 19.320287889102833 ], [ -104.689746003171336, 19.320003503973737 ], [ -104.689724905262139, 19.319847825836973 ], [ -104.689725739613593, 19.319405713016778 ], [ -104.689758101493894, 19.319260276375797 ], [ -104.689908288999902, 19.319023684802019 ], [ -104.690090480386601, 19.31883113332481 ], [ -104.690440498994889, 19.318500141870519 ], [ -104.690790516194028, 19.3181691497131 ], [ -104.690972743753278, 19.317956296204333 ], [ -104.691123106271633, 19.317624965061714 ], [ -104.691139394459128, 19.317494726792081 ], [ -104.69115568261924, 19.317364488518777 ], [ -104.691157343374101, 19.31648026249654 ], [ -104.691189881288921, 19.316240087020244 ], [ -104.691340063927356, 19.316003494122732 ], [ -104.691365928787761, 19.315989593925377 ], [ -104.691522072541744, 19.315905679599076 ], [ -104.692221262588546, 19.315685803156235 ], [ -104.692392593789137, 19.315577819149716 ], [ -104.692442772060502, 19.315435795499823 ], [ -104.692492950243533, 19.315293771832739 ], [ -104.692464985675585, 19.314995974087655 ], [ -104.692234129936949, 19.313890298403518 ], [ -104.692190132428181, 19.313587398241001 ], [ -104.692215664577603, 19.313279540056573 ], [ -104.692296136340062, 19.313142642794929 ], [ -104.692646138290144, 19.312811646674252 ], [ -104.692779991394715, 19.312725592049791 ], [ -104.693054637981675, 19.31265500009636 ], [ -104.69331313722779, 19.312640208847014 ], [ -104.694244820650425, 19.312641772335429 ], [ -104.694530105287512, 19.312601647756058 ], [ -104.694929749565503, 19.312412838577227 ], [ -104.695215384762008, 19.312183235744929 ], [ -104.695682047891026, 19.311741895367483 ], [ -104.696148699203803, 19.311300562547988 ], [ -104.696439669029289, 19.311076041908333 ], [ -104.696864219344647, 19.31091095454461 ], [ -104.697179750612904, 19.310899636037199 ], [ -104.698227680982143, 19.31101190066558 ], [ -104.698521635858498, 19.311102050139219 ], [ -104.698845494726882, 19.311410486351878 ], [ -104.699014195701082, 19.311760960302987 ], [ -104.699477611761793, 19.313088068770714 ], [ -104.699576693661015, 19.313494255779752 ], [ -104.6995759931973, 19.313877721583633 ], [ -104.699574954832229, 19.314446153216203 ], [ -104.699474475064079, 19.314804642098629 ], [ -104.69900660399432, 19.315909157744645 ], [ -104.698929193831205, 19.31618698627301 ], [ -104.69899659170521, 19.316509717961885 ], [ -104.699187060700041, 19.316657215691716 ], [ -104.700001699104348, 19.316990143065691 ], [ -104.700229669088543, 19.317102174303461 ] ] ] ] } },
{ "type": "Feature", "properties": { "fid": 11.0, "cat": 11, "CLAVE_ACUI": "1433", "NOM_ACUIF": "CIHUATLAN", "VULNERABIL": 3 }, "geometry": { "type": "MultiPolygon", "coordinates": [ [ [ [ -104.731984116191768, 19.321387775401732 ], [ -104.731134336010868, 19.321051554712298 ], [ -104.730833460709619, 19.320810879894328 ], [ -104.729903180680708, 19.319925273932167 ], [ -104.729532752908597, 19.319704795206345 ], [ -104.728734364788721, 19.31956150119419 ], [ -104.727964237165864, 19.319577272056883 ], [ -104.725168691379423, 19.319794139472258 ], [ -104.72435574512987, 19.319830131782904 ], [ -104.7233575462825, 19.319781251240919 ], [ -104.722744495133171, 19.319675430923954 ], [ -104.72088179448204, 19.319230475147293 ], [ -104.72038111333255, 19.319089291700699 ], [ -104.71990729643781, 19.318875402136836 ], [ -104.719731095862898, 19.318711030080948 ], [ -104.719382644064979, 19.318157850384988 ], [ -104.71931348859934, 19.317942889524527 ], [ -104.719339213381602, 19.317492918928071 ], [ -104.719913608861276, 19.315518380726822 ], [ -104.720226958507723, 19.314698353927113 ], [ -104.720339528854069, 19.314541192051987 ], [ -104.720689478163266, 19.314210141489575 ], [ -104.720823318041951, 19.314124066129335 ], [ -104.721097955548657, 19.314053431849743 ], [ -104.721356455048394, 19.314038600870088 ], [ -104.722288148730243, 19.314040021276124 ], [ -104.722562768374232, 19.313979535367178 ], [ -104.722912632249887, 19.31369584985265 ], [ -104.723137817501936, 19.313351070837363 ], [ -104.723488325476168, 19.312688411259657 ], [ -104.72383881194132, 19.312025786198841 ], [ -104.724101435037525, 19.311675987229883 ], [ -104.724626020790907, 19.311368877580026 ], [ -104.72511280643478, 19.311279947712137 ], [ -104.72685988694748, 19.311172042075341 ], [ -104.72732528032904, 19.311083074264356 ], [ -104.72755893103178, 19.310950969308127 ], [ -104.727750035890864, 19.31077580633794 ], [ -104.72789143606505, 19.310425820872378 ], [ -104.728126546555998, 19.309099823582407 ], [ -104.728166382687888, 19.308724309939564 ], [ -104.728117176678225, 19.30829791054008 ], [ -104.728007046674023, 19.308064282147722 ], [ -104.727880332515753, 19.307883272265684 ], [ -104.72754231478298, 19.307400415014573 ], [ -104.727437491653944, 19.307192170748969 ], [ -104.727413046728799, 19.306884232021545 ], [ -104.727482948142239, 19.30665256384205 ], [ -104.727841752513484, 19.30585491917267 ], [ -104.727962936627037, 19.305708393660712 ], [ -104.728104787511043, 19.305596400880045 ], [ -104.72824994793686, 19.305537324397772 ], [ -104.728545778266493, 19.30543946649259 ], [ -104.728776517740286, 19.30540078649716 ], [ -104.729082003019712, 19.305416773523614 ], [ -104.729233046691618, 19.305452765633806 ], [ -104.729480936397962, 19.306345168620837 ], [ -104.730282934224746, 19.309232360940261 ], [ -104.731023288216591, 19.311897635442879 ], [ -104.733705988539739, 19.321555357084488 ], [ -104.732624505021292, 19.32149924407987 ], [ -104.731984116191768, 19.321387775401732 ] ] ] ] } },
{ "type": "Feature", "properties": { "fid": 12.0, "cat": 13, "CLAVE_ACUI": "1433", "NOM_ACUIF": "CIHUATLAN", "VULNERABIL": 2 }, "geometry": { "type": "MultiPolygon", "coordinates": [ [ [ [ -104.458000182691961, 19.23364830146739 ], [ -104.458436485222606, 19.233243845519329 ], [ -104.458026726934037, 19.233819853637499 ], [ -104.458240955153926, 19.235221316500478 ], [ -104.459674082206107, 19.236534953026837 ], [ -104.459121703769554, 19.236309052267107 ], [ -104.458282469764143, 19.235794067666735 ], [ -104.45793151822221, 19.235309601882655 ], [ -104.457749235286158, 19.235038938724379 ], [ -104.457656860458982, 19.234899521355377 ], [ -104.457557678831492, 19.234733582683329 ], [ -104.457557677934446, 19.234474182039939 ], [ -104.457770983031722, 19.234076074374716 ], [ -104.458000182691961, 19.23364830146739 ] ] ], [ [ [ -104.460276075160237, 19.23258834571703 ], [ -104.462071372965553, 19.230542090755982 ], [ -104.463224096131484, 19.230171098244227 ], [ -104.463852333065759, 19.229968906421323 ], [ -104.465279983827813, 19.23018246921103 ], [ -104.465538024051426, 19.230287551694246 ], [ -104.466484070200764, 19.230897903559395 ], [ -104.466909388350416, 19.231092665579688 ], [ -104.467434253315943, 19.231420682503238 ], [ -104.467926024360452, 19.231885909816622 ], [ -104.46913909452141, 19.232748941755158 ], [ -104.470516228709897, 19.233839033611737 ], [ -104.471391738806588, 19.234536749513552 ], [ -104.473014030213363, 19.235987445725989 ], [ -104.473812897005146, 19.236402680822994 ], [ -104.473838805609219, 19.236423492009116 ], [ -104.474125560831027, 19.236557149353562 ], [ -104.47498972676263, 19.237014373565177 ], [ -104.476748309252343, 19.237507440212458 ], [ -104.478156702085172, 19.237421084187492 ], [ -104.479032752836233, 19.237188601087833 ], [ -104.4806203282578, 19.235191859104006 ], [ -104.482137143374374, 19.233284114511935 ], [ -104.483331113431461, 19.231778202349172 ], [ -104.486045981944841, 19.230692288143512 ], [ -104.487513386767816, 19.229964351732718 ], [ -104.488445936974202, 19.229903695674786 ], [ -104.488986184359931, 19.230564952127068 ], [ -104.489396480776364, 19.231562527370443 ], [ -104.489695087068881, 19.232288544544836 ], [ -104.489765096465689, 19.232707899514736 ], [ -104.48985986059725, 19.23394428034435 ], [ -104.489950060609956, 19.235111029409989 ], [ -104.489967346306088, 19.235847472944904 ], [ -104.489974975885318, 19.237285614898212 ], [ -104.489921569834721, 19.238063813852584 ], [ -104.489822386813543, 19.238912582371114 ], [ -104.489789082445029, 19.239460717867118 ], [ -104.489721828568207, 19.239856868134201 ], [ -104.489654541123571, 19.240091324362901 ], [ -104.489330890029862, 19.240599206528348 ], [ -104.488761900510667, 19.241531371763894 ], [ -104.48841857816511, 19.24200248692312 ], [ -104.488197325534031, 19.242687225710924 ], [ -104.488021850347891, 19.243087769443751 ], [ -104.487731933595015, 19.244621276429502 ], [ -104.487686156524234, 19.245328903080964 ], [ -104.487907410161611, 19.245798110247183 ], [ -104.488105772566257, 19.246482849422041 ], [ -104.488479614788815, 19.247282028823431 ], [ -104.488980195976907, 19.247772299565817 ], [ -104.489303587914961, 19.248153687456533 ], [ -104.489578246610179, 19.248529435621005 ], [ -104.489944232347995, 19.248903382114221 ], [ -104.490989684855805, 19.24999046320335 ], [ -104.492279052171313, 19.251064301064652 ], [ -104.493240356592622, 19.252136230504927 ], [ -104.494064330359393, 19.252975464693957 ], [ -104.496444702386285, 19.253469467159338 ], [ -104.498184202786845, 19.253358841824646 ], [ -104.50010681113784, 19.252584457859072 ], [ -104.501309158623684, 19.25219674366728 ], [ -104.501212318355343, 19.252379391991962 ], [ -104.502678084415635, 19.252238780264307 ], [ -104.503700170581595, 19.25092206047114 ], [ -104.505740704431489, 19.246309347873289 ], [ -104.505906864356945, 19.244836659953258 ], [ -104.506680174541145, 19.243962094124296 ], [ -104.508459818585251, 19.243831317848617 ], [ -104.51039123469107, 19.24520874010253 ], [ -104.510658820009795, 19.245413676370259 ], [ -104.511833190644012, 19.246313094678591 ], [ -104.512924194350333, 19.247371673552692 ], [ -104.513210625143145, 19.247579163790387 ], [ -104.513264492227052, 19.247618185062972 ], [ -104.514190672812902, 19.248289109540138 ], [ -104.515190124859927, 19.249511719563699 ], [ -104.515609740193199, 19.249990463017848 ], [ -104.517242431435008, 19.251750945725842 ], [ -104.51824188167852, 19.252494812309049 ], [ -104.519798278599467, 19.252573014526448 ], [ -104.521286009544383, 19.25208664034361 ], [ -104.522842406026186, 19.252164841910023 ], [ -104.523689732714814, 19.253073165452903 ], [ -104.524236007369964, 19.253658765005962 ], [ -104.524164529377714, 19.255160865879066 ], [ -104.52500548762039, 19.257214599827346 ], [ -104.526153040894158, 19.258546111963494 ], [ -104.528472271441402, 19.259446834157472 ], [ -104.531562935705651, 19.260123563423807 ], [ -104.533030208861589, 19.259467566491789 ], [ -104.534464661501289, 19.25694971486546 ], [ -104.536635477954903, 19.253105179445253 ], [ -104.535933453111923, 19.253465750887376 ], [ -104.537460327239103, 19.25180244456563 ], [ -104.538024901700211, 19.249990463333837 ], [ -104.538169860936549, 19.249345779111316 ], [ -104.538475036336351, 19.249069213526916 ], [ -104.538795470464706, 19.248798370174001 ], [ -104.539100645889803, 19.248546601429013 ], [ -104.539253234393271, 19.248422623880693 ], [ -104.539779662681553, 19.248256683368531 ], [ -104.540420530733329, 19.248136521682632 ], [ -104.540893553439702, 19.247947692573348 ], [ -104.541091919170483, 19.247819900634411 ], [ -104.541763304323297, 19.247386933302327 ], [ -104.541954040658311, 19.247261048028097 ], [ -104.54257964953571, 19.246812819680656 ], [ -104.543121337825028, 19.246599198197249 ], [ -104.543411253982342, 19.246358872222682 ], [ -104.543838500298321, 19.245960236780324 ], [ -104.544364928786706, 19.245340348149682 ], [ -104.545043943542936, 19.24438476550338 ], [ -104.545372008668792, 19.244001389425776 ], [ -104.545616149630106, 19.243482590281676 ], [ -104.546012877999672, 19.243221283624802 ], [ -104.546356201227226, 19.242750167635883 ], [ -104.546752929146905, 19.242347718589794 ], [ -104.547744749782353, 19.241214753010908 ], [ -104.548759459476258, 19.240316390991932 ], [ -104.550534511678165, 19.238907360404703 ], [ -104.551089168448485, 19.238509398902387 ], [ -104.551627133444782, 19.238114784004996 ], [ -104.5523986806474, 19.237548828929341 ], [ -104.552598812407155, 19.237425459993286 ], [ -104.553512572515999, 19.236862183017298 ], [ -104.554328918335528, 19.236389160373363 ], [ -104.555641173878797, 19.235326767295096 ], [ -104.555955451384122, 19.235798281278829 ], [ -104.55649657256572, 19.236803654275018 ], [ -104.556664880792781, 19.237279950329086 ], [ -104.556941268090497, 19.238177292289855 ], [ -104.557202762577177, 19.239281272301728 ], [ -104.558121221586589, 19.243789468753288 ], [ -104.558382716489618, 19.245282229978812 ], [ -104.558454004789539, 19.246608739646007 ], [ -104.558452637069394, 19.246612185559492 ], [ -104.55829434586451, 19.247010992527898 ], [ -104.557477978745368, 19.247561660798333 ], [ -104.557212155437327, 19.247684516025227 ], [ -104.556788017010831, 19.247707173845889 ], [ -104.556447928939718, 19.247616686738876 ], [ -104.555284993648186, 19.247171751926384 ], [ -104.554596891221877, 19.247288501374442 ], [ -104.552548663284568, 19.248278257084525 ], [ -104.550310697008229, 19.249575422557744 ], [ -104.541914787366807, 19.254638878029301 ], [ -104.539713974106448, 19.255971529747278 ], [ -104.537839715728097, 19.257127345620212 ], [ -104.537363045379507, 19.257445881635377 ], [ -104.537012857067396, 19.257776578814653 ], [ -104.536889234234309, 19.258014802760467 ], [ -104.536770926540797, 19.258422357435929 ], [ -104.536662515492978, 19.258795817522259 ], [ -104.536462252819973, 19.259673328737591 ], [ -104.535754395604997, 19.262987363802058 ], [ -104.535543373367688, 19.263885147110287 ], [ -104.535266476466575, 19.264760769892209 ], [ -104.535081933063765, 19.265113876410979 ], [ -104.534497625916131, 19.26588608314994 ], [ -104.534313538209247, 19.266076782046643 ], [ -104.534038772505056, 19.266194504478424 ], [ -104.533830338193042, 19.266171980451766 ], [ -104.533132411853387, 19.265949144555481 ], [ -104.532854838722358, 19.265799561714857 ], [ -104.529591588369499, 19.262800184223138 ], [ -104.529591588369499, 19.262800184223138 ], [ -104.528951552809303, 19.262280861617171 ], [ -104.528951552809303, 19.262280861617171 ], [ -104.525317809225967, 19.261753790909729 ], [ -104.524719154730207, 19.261721784609243 ], [ -104.524021032393691, 19.261577862135667 ], [ -104.523622369756154, 19.261404265837918 ], [ -104.522460071442808, 19.26073806946696 ], [ -104.521986540915336, 19.260574424642169 ], [ -104.520939025169952, 19.260476945928566 ], [ -104.519916103671576, 19.26050133160679 ], [ -104.516189980228617, 19.260712567558212 ], [ -104.515150765987784, 19.260823162501644 ], [ -104.514027225230933, 19.261128078256068 ], [ -104.513461380439722, 19.261453080754588 ], [ -104.511944301119826, 19.262664839543838 ], [ -104.51152799813849, 19.263035911990077 ], [ -104.511102342053249, 19.263555831997042 ], [ -104.510910565754841, 19.263927503071336 ], [ -104.510616706874345, 19.264688003273651 ], [ -104.510484929568705, 19.265067109048754 ], [ -104.510406143661157, 19.265473017137829 ], [ -104.510373558858802, 19.265938114293931 ], [ -104.510387508396335, 19.266223343194767 ], [ -104.509951678417053, 19.26618702401343 ], [ -104.507876710847952, 19.265388959710531 ], [ -104.508035100563774, 19.265006147946682 ], [ -104.508303141153277, 19.264244761625051 ], [ -104.508676411487329, 19.263367749533007 ], [ -104.508734341419498, 19.26324802639224 ], [ -104.508736288227553, 19.263246834233392 ], [ -104.508882579329082, 19.262951412611372 ], [ -104.510340342756066, 19.259928842195272 ], [ -104.511094546762379, 19.258370047228819 ], [ -104.51117017986023, 19.258102953504352 ], [ -104.511171489815894, 19.257660847358228 ], [ -104.511134515576757, 19.257510183135459 ], [ -104.510960659523946, 19.257249189490896 ], [ -104.510854964181206, 19.257138097807182 ], [ -104.510749268401469, 19.25702700545564 ], [ -104.509936636859081, 19.256251138237023 ], [ -104.509564786420185, 19.256058974346622 ], [ -104.504202661047287, 19.256169144825563 ], [ -104.503133436555373, 19.256193311610911 ], [ -104.501636922613827, 19.256094502920817 ], [ -104.500568272129826, 19.255929180913999 ], [ -104.497077767457668, 19.255256454235543 ], [ -104.496105504732057, 19.255040618995103 ], [ -104.495058767754813, 19.254706151043695 ], [ -104.494535691109846, 19.254444178027111 ], [ -104.493141410288061, 19.253556102523291 ], [ -104.492736006309912, 19.253274149518095 ], [ -104.492238394268369, 19.252846449828965 ], [ -104.491932923747243, 19.25251740360245 ], [ -104.491005012642418, 19.251409552267379 ], [ -104.490705621507004, 19.251141824509222 ], [ -104.490614081246122, 19.251059965207688 ], [ -104.489717641808625, 19.250536410423582 ], [ -104.488827947750806, 19.250138059158346 ], [ -104.485572510807074, 19.248802609430012 ], [ -104.482290179259167, 19.246590704120734 ], [ -104.481856745503237, 19.245599808202144 ], [ -104.481870985992757, 19.24503649829694 ], [ -104.482110045521523, 19.243047685530275 ], [ -104.482156260725603, 19.242514917267307 ], [ -104.482132876079746, 19.242017478656237 ], [ -104.482053254672152, 19.24183962034509 ], [ -104.481705073538606, 19.241507053130736 ], [ -104.481571745731642, 19.241410246202804 ], [ -104.481297729826565, 19.241291047898638 ], [ -104.481090744048529, 19.241232128021061 ], [ -104.480998184959446, 19.24116895723671 ], [ -104.480743816852268, 19.241034588137826 ], [ -104.480369876041905, 19.240962473778136 ], [ -104.480097594827114, 19.240992976249039 ], [ -104.479818694260857, 19.240971058719019 ], [ -104.47939426817365, 19.241088274081687 ], [ -104.479207750088264, 19.241200589914442 ], [ -104.479078297963696, 19.241278542060154 ], [ -104.478028190842807, 19.242049240700396 ], [ -104.477733180860412, 19.242371521921015 ], [ -104.477475868855691, 19.242949237038946 ], [ -104.477406578839691, 19.243104805716683 ], [ -104.477235014140717, 19.243830072996925 ], [ -104.476904337162622, 19.245679547099506 ], [ -104.476814390581211, 19.246341503664478 ], [ -104.47680321930298, 19.246925571666843 ], [ -104.476861099641539, 19.247396682835348 ], [ -104.476956498889649, 19.248178070964606 ], [ -104.476956501638654, 19.248178090976705 ], [ -104.477027689683183, 19.24876117014951 ], [ -104.475081511517075, 19.246977173168322 ], [ -104.472070577562391, 19.244217149990963 ], [ -104.46789990689382, 19.241855542180275 ], [ -104.466033934066928, 19.24079895048251 ], [ -104.465461730616084, 19.240140915046801 ], [ -104.464019775436967, 19.239034654427936 ], [ -104.462951659225922, 19.238542556822875 ], [ -104.46186045381269, 19.237806242486904 ], [ -104.462170898096858, 19.237962261175081 ], [ -104.463711002280021, 19.238337321495283 ], [ -104.462867112915987, 19.237449161705044 ], [ -104.461470192247958, 19.236472206088809 ], [ -104.460451900383006, 19.235760049715715 ], [ -104.459791513502765, 19.235298199099343 ], [ -104.459338919141814, 19.234049673370073 ], [ -104.460276075160237, 19.23258834571703 ] ] ] ] } },
{ "type": "Feature", "properties": { "fid": 13.0, "cat": 12, "CLAVE_ACUI": "1433", "NOM_ACUIF": "CIHUATLAN", "VULNERABIL": 3 }, "geometry": { "type": "MultiPolygon", "coordinates": [ [ [ [ -104.703404297041686, 19.284245880798004 ], [ -104.703463552910165, 19.284000670054869 ], [ -104.704163782409353, 19.283117572319238 ], [ -104.704356768246342, 19.282837050496234 ], [ -104.704557143259009, 19.282411047979124 ], [ -104.704650407678884, 19.282082994911018 ], [ -104.704767836889545, 19.281530539002397 ], [ -104.704885265286521, 19.280978082974524 ], [ -104.70490944441049, 19.280718230901932 ], [ -104.704925243590338, 19.280548437267957 ], [ -104.70489879830491, 19.280055510972566 ], [ -104.704876953652999, 19.279648336139559 ], [ -104.7047679908232, 19.278792123007708 ], [ -104.704307797265415, 19.27569656171211 ], [ -104.704102694716838, 19.274789439112286 ], [ -104.703605737169198, 19.273651761957058 ], [ -104.703100902221991, 19.272933630541296 ], [ -104.701241989456747, 19.27072001721039 ], [ -104.700769140903716, 19.270062835492169 ], [ -104.700421399027647, 19.269209611778727 ], [ -104.700397470399764, 19.268647903484169 ], [ -104.700633539951369, 19.266879821809706 ], [ -104.700652251212134, 19.266389237752374 ], [ -104.700503504677641, 19.265867927509113 ], [ -104.700272299085228, 19.265613782426421 ], [ -104.699342090202862, 19.264949079526627 ], [ -104.699084147834796, 19.264699964315067 ], [ -104.698810622087294, 19.264202132150423 ], [ -104.698677813342542, 19.263740058768185 ], [ -104.698331568036735, 19.262081548210826 ], [ -104.698198706539785, 19.261649926280874 ], [ -104.697924928158955, 19.261294201440425 ], [ -104.69766667731345, 19.261217644810422 ], [ -104.696735284422388, 19.261216102745198 ], [ -104.69642321930759, 19.261332317505893 ], [ -104.695898306171017, 19.261876197037726 ], [ -104.695460492742185, 19.262536952523536 ], [ -104.693942250015539, 19.265076591085283 ], [ -104.693482960062127, 19.265777908037855 ], [ -104.692857874923604, 19.266511089013374 ], [ -104.692424187908628, 19.266857173619591 ], [ -104.691724793146918, 19.267298112606422 ], [ -104.691025394667705, 19.267739048844728 ], [ -104.690639959458352, 19.268009080823241 ], [ -104.690240062969863, 19.268387360950296 ], [ -104.690054218028223, 19.268657729691093 ], [ -104.689586836162107, 19.269541170090893 ], [ -104.689465125068992, 19.269821797690081 ], [ -104.689364524582615, 19.270247953522741 ], [ -104.689342520969589, 19.270576120038037 ], [ -104.689340438167363, 19.271681407912279 ], [ -104.689313097485027, 19.272004489982514 ], [ -104.689250343599937, 19.272205705166687 ], [ -104.689187590142581, 19.27240691844899 ], [ -104.689035634322778, 19.272658734083649 ], [ -104.688452011548065, 19.273431444096424 ], [ -104.68819322155538, 19.2736323236965 ], [ -104.687569160297699, 19.273797051728881 ], [ -104.686936434546638, 19.273831496347061 ], [ -104.684607776722018, 19.273827493161104 ], [ -104.683927059237249, 19.273795865453913 ], [ -104.683079036047843, 19.273652288306792 ], [ -104.68254829254542, 19.273478806656417 ], [ -104.680919519895056, 19.272812796418837 ], [ -104.680367395986536, 19.272639271160728 ], [ -104.679419583342138, 19.272495502616096 ], [ -104.678617688490277, 19.272463642658696 ], [ -104.675823324627359, 19.27245870843884 ], [ -104.675058865408275, 19.272421823953596 ], [ -104.674285753377546, 19.272254654536443 ], [ -104.673945767216992, 19.27205272775107 ], [ -104.673132280827204, 19.2712775719734 ], [ -104.672974173402011, 19.271025215404258 ], [ -104.673049820262662, 19.270622709328954 ], [ -104.673315993334668, 19.270300056983071 ], [ -104.674482478232775, 19.269196847405091 ], [ -104.674786039848073, 19.268889485308378 ], [ -104.675036184685467, 19.268558342949536 ], [ -104.675089973706875, 19.268392644967559 ], [ -104.675090844901504, 19.267950530288182 ], [ -104.67504838193608, 19.26779481186113 ], [ -104.674849350665085, 19.267510240429754 ], [ -104.67460748380168, 19.267259427981564 ], [ -104.673677808693682, 19.266373538619057 ], [ -104.673425373585346, 19.266061801987536 ], [ -104.673230961427606, 19.265616493956028 ], [ -104.673195142022891, 19.265337312445329 ], [ -104.673197332291181, 19.264232025546807 ], [ -104.673160590252934, 19.26388853020832 ], [ -104.672986937853793, 19.263390838834539 ], [ -104.672813225700679, 19.263088765101799 ], [ -104.672726890696836, 19.262727199038508 ], [ -104.672403646156496, 19.262181869699152 ], [ -104.672000819726151, 19.261862655919945 ], [ -104.670781157284893, 19.261122726508528 ], [ -104.670373381062632, 19.260971424307069 ], [ -104.669749540778326, 19.261041353297887 ], [ -104.669266114708776, 19.261292553712515 ], [ -104.667633953795686, 19.262394885498427 ], [ -104.667182699222209, 19.262595385603749 ], [ -104.666709019224186, 19.2624287293607 ], [ -104.666483590012916, 19.261990149633615 ], [ -104.666194425086346, 19.261050107406597 ], [ -104.665905274239151, 19.260110099997608 ], [ -104.665701419132475, 19.259580203006703 ], [ -104.665328404883638, 19.25898740078172 ], [ -104.664999382474122, 19.25867043715742 ], [ -104.663836964808624, 19.257784071840206 ], [ -104.663534604547436, 19.257502681812362 ], [ -104.663286000823447, 19.257075897883304 ], [ -104.663233212199984, 19.256747596982592 ], [ -104.663235468147434, 19.255642310165843 ], [ -104.663198686344941, 19.255329264626113 ], [ -104.663153718766395, 19.255237316668577 ], [ -104.663024782528822, 19.254973672236758 ], [ -104.662813130623363, 19.254778728457207 ], [ -104.661999328435002, 19.254224581142601 ], [ -104.661766170858087, 19.25409050022575 ], [ -104.661491901165903, 19.254018938515038 ], [ -104.661333244521884, 19.254050788548074 ], [ -104.660867115647548, 19.254270983258266 ], [ -104.660719045820571, 19.254353605534774 ], [ -104.66049418264258, 19.254518982010367 ], [ -104.66032101920932, 19.254672611800558 ], [ -104.659737784270661, 19.255224173334348 ], [ -104.659606385418897, 19.255374739278825 ], [ -104.659513325549185, 19.255506856997126 ], [ -104.659460687741699, 19.255658442999817 ], [ -104.659433550168089, 19.255856329739203 ], [ -104.659433221929277, 19.25601535564137 ], [ -104.659432767298668, 19.256235611599482 ], [ -104.6591294604967, 19.256417431438475 ], [ -104.658978938617508, 19.256531295292536 ], [ -104.65885842092527, 19.256316184331407 ], [ -104.658676314931569, 19.256056907461733 ], [ -104.658475671105748, 19.255817093155326 ], [ -104.658216708682119, 19.255581646777998 ], [ -104.657720730531906, 19.255176424411939 ], [ -104.657492991209082, 19.255008512802526 ], [ -104.657383099617121, 19.254940292174513 ], [ -104.657243767332034, 19.254889622028276 ], [ -104.657115472153009, 19.254887689835559 ], [ -104.656901950095488, 19.254927511640339 ], [ -104.656765984697543, 19.254997563503647 ], [ -104.656696334658534, 19.255071870743105 ], [ -104.656681673830107, 19.255209435188174 ], [ -104.65669783744687, 19.255280104024155 ], [ -104.656743697010683, 19.255404526283272 ], [ -104.656825373936684, 19.255572877122205 ], [ -104.657288986427403, 19.256568507658944 ], [ -104.657442859556667, 19.256839895693368 ], [ -104.657563423652846, 19.257086703208 ], [ -104.657180994119301, 19.257085987210328 ], [ -104.656940536398636, 19.257034783274033 ], [ -104.656516925523505, 19.256797140404302 ], [ -104.656152225806494, 19.256508854184656 ], [ -104.655796855620579, 19.256200916979999 ], [ -104.655479874383573, 19.255931028214299 ], [ -104.655281048601879, 19.255775194401316 ], [ -104.655115579996163, 19.255633305422805 ], [ -104.654950834157631, 19.255438889160143 ], [ -104.654838523303184, 19.255256066176059 ], [ -104.65476276672527, 19.255099951462647 ], [ -104.654632775619021, 19.254825499405605 ], [ -104.65515903752744, 19.254826492172089 ], [ -104.655447709423242, 19.254827036094056 ], [ -104.655665178450803, 19.254791918360041 ], [ -104.655789291826693, 19.254720015909118 ], [ -104.655865099818541, 19.25462650097862 ], [ -104.655933232675451, 19.25442530836132 ], [ -104.656051264173897, 19.253651826904001 ], [ -104.65606074142471, 19.253379469526795 ], [ -104.655986938060423, 19.252881949956507 ], [ -104.655872027968186, 19.252443565027018 ], [ -104.655409589109183, 19.250895287503447 ], [ -104.655278931151898, 19.250319838967421 ], [ -104.655131628900122, 19.249182690637582 ], [ -104.655051855087521, 19.248133641539415 ], [ -104.654826883722265, 19.244375226543809 ], [ -104.65474704997041, 19.243356628624923 ], [ -104.654599459519844, 19.242361587550441 ], [ -104.654468449555679, 19.241958698246417 ], [ -104.65400466213633, 19.241073588638148 ], [ -104.653835950134024, 19.240807661240687 ], [ -104.65367418068341, 19.240629718405152 ], [ -104.653512412739403, 19.240451776703317 ], [ -104.653218928740074, 19.240209297356376 ], [ -104.652172879284166, 19.239433608374679 ], [ -104.651793853389776, 19.239201114856264 ], [ -104.651071111015298, 19.238891835947843 ], [ -104.650417648328187, 19.238682501147437 ], [ -104.648090908202022, 19.238014868229619 ], [ -104.647399960543893, 19.237840977914161 ], [ -104.646502267552918, 19.23769713783728 ], [ -104.645910795600457, 19.237665542907045 ], [ -104.644048285404764, 19.237661931131267 ], [ -104.643499466340657, 19.237681164518506 ], [ -104.642800820198488, 19.237774541978006 ], [ -104.642351572916581, 19.237888705414953 ], [ -104.640953727782232, 19.238328085722344 ], [ -104.640584601121205, 19.238467778475389 ], [ -104.640259859078768, 19.238680303887445 ], [ -104.640165068895826, 19.238844219462155 ], [ -104.640070673012147, 19.23928758922705 ], [ -104.63963149307591, 19.238952571127843 ], [ -104.639200693726934, 19.238775778328467 ], [ -104.637688364974494, 19.238330675204701 ], [ -104.637241489133004, 19.238174147276819 ], [ -104.636668393435258, 19.237888793179824 ], [ -104.636296561369463, 19.237637672683391 ], [ -104.635134447146811, 19.236751127798911 ], [ -104.63478903164868, 19.236642165724817 ], [ -104.634339198029181, 19.237020224635184 ], [ -104.634041991656972, 19.237669270933729 ], [ -104.633104844769463, 19.240320091772009 ], [ -104.632807559695337, 19.240999587385215 ], [ -104.632357393195448, 19.241519749036321 ], [ -104.632011585168826, 19.24158334142426 ], [ -104.630847984596542, 19.241359940506221 ], [ -104.630502426216268, 19.241311873728684 ], [ -104.630053419038234, 19.241310966812101 ], [ -104.629757538276564, 19.241357738137275 ], [ -104.628825767099826, 19.241576908998635 ], [ -104.62856723438172, 19.241654205968832 ], [ -104.628397178611593, 19.241741830153984 ], [ -104.628248803404603, 19.241844778203525 ], [ -104.628134289742704, 19.241951321918421 ], [ -104.628026654260282, 19.242086979577309 ], [ -104.627912018194053, 19.242231460375066 ], [ -104.627820178507406, 19.242336499920732 ], [ -104.627752700836425, 19.242403594746627 ], [ -104.627693065088025, 19.242449462127293 ], [ -104.627626347780449, 19.242490284059322 ], [ -104.62736958724625, 19.24257096644461 ], [ -104.627236208705668, 19.242572471693123 ], [ -104.627191412316108, 19.242568911855194 ], [ -104.626778247947755, 19.242475022551815 ], [ -104.625767080108446, 19.242335761067764 ], [ -104.62576705174169, 19.242335757054747 ], [ -104.625767009769916, 19.242335751380306 ], [ -104.625260198044529, 19.242265949195165 ], [ -104.624878221494257, 19.242255101927125 ], [ -104.624499897401009, 19.242302946233274 ], [ -104.624229687477765, 19.242365664225826 ], [ -104.624056204967701, 19.241867927959046 ], [ -104.624350724713537, 19.24128967358941 ], [ -104.624607510228302, 19.240610201456121 ], [ -104.624912404657778, 19.239732798194591 ], [ -104.626083992464714, 19.236419326091276 ], [ -104.626437023063517, 19.235521716713311 ], [ -104.626912937493287, 19.23464634995921 ], [ -104.627239786789431, 19.234293435583435 ], [ -104.628289166251676, 19.233521865646317 ], [ -104.628733350763099, 19.233280843530338 ], [ -104.629756835677213, 19.232927643857455 ], [ -104.630774770883733, 19.232664091089319 ], [ -104.632638205047073, 19.232225722552062 ], [ -104.634501629648696, 19.23178733486715 ], [ -104.635540997922959, 19.231493346229307 ], [ -104.636664543632435, 19.230998197705937 ], [ -104.637230241323209, 19.230584834843885 ], [ -104.638746606221986, 19.229150952925743 ], [ -104.639173368767217, 19.228717008431698 ], [ -104.639648576315608, 19.228125823258591 ], [ -104.639900682528832, 19.227715218071172 ], [ -104.640601965801963, 19.226390244651039 ], [ -104.640795284803559, 19.225974447404258 ], [ -104.640996162854123, 19.22535903535633 ], [ -104.641089812870433, 19.224895672669671 ], [ -104.641212709637671, 19.224090628709902 ], [ -104.641325966321745, 19.223348725300209 ], [ -104.641685007000646, 19.22099673267207 ], [ -104.641625031966171, 19.220543305164234 ], [ -104.641888895670391, 19.220434931550631 ], [ -104.64252754851293, 19.219857759660613 ], [ -104.642889159544339, 19.219820302951753 ], [ -104.643298312185578, 19.219777921746463 ], [ -104.64330803990201, 19.219882560062782 ], [ -104.643333306466516, 19.220008004481674 ], [ -104.643354301846216, 19.22018568180372 ], [ -104.643352871236161, 19.220848855075733 ], [ -104.643384534182033, 19.221036703799122 ], [ -104.643533725474185, 19.221250157859057 ], [ -104.643715193107624, 19.221367243363403 ], [ -104.644412852266939, 19.221700186803861 ], [ -104.644583838943461, 19.221720819905187 ], [ -104.644803398224823, 19.221799067398312 ], [ -104.644908078306244, 19.221884623132738 ], [ -104.645151975285629, 19.222083961201186 ], [ -104.645375916007723, 19.222334777616368 ], [ -104.646072399426927, 19.223220359227067 ], [ -104.646371147941693, 19.223481469604465 ], [ -104.647068821477404, 19.22381440308202 ], [ -104.647766750214331, 19.224028910125948 ], [ -104.650326088637769, 19.224696989573033 ], [ -104.65098690124448, 19.224774379729727 ], [ -104.651511340899887, 19.224467474952242 ], [ -104.651599726747889, 19.223951651349488 ], [ -104.651487757001505, 19.221851379944667 ], [ -104.651469343884074, 19.221289675076591 ], [ -104.651490213245125, 19.220872118238017 ], [ -104.651502381540368, 19.220763353432815 ], [ -104.651529288176718, 19.220657333853008 ], [ -104.651560112606205, 19.2205835086883 ], [ -104.651608741627456, 19.220494280443617 ], [ -104.651667038252086, 19.220401631474374 ], [ -104.651696390846013, 19.220354982352948 ], [ -104.651736043846711, 19.220291963080108 ], [ -104.651784019878562, 19.220199388623072 ], [ -104.651815375187127, 19.220116134612383 ], [ -104.651829253015578, 19.220058541961691 ], [ -104.651917424689159, 19.220057580513803 ], [ -104.651990568232478, 19.220059931153145 ], [ -104.652105399928999, 19.220068238863107 ], [ -104.652240949818747, 19.220086204773565 ], [ -104.652368942570561, 19.220108975409161 ], [ -104.652477928595658, 19.220131490835715 ], [ -104.652616286992156, 19.220168904021644 ], [ -104.652836677532164, 19.220224277449525 ], [ -104.653132846610461, 19.22028047518074 ], [ -104.65349849559486, 19.220342381755 ], [ -104.653732001328876, 19.220390539596178 ], [ -104.653988024063025, 19.220452854577967 ], [ -104.65412575354722, 19.220494519053791 ], [ -104.654283581877579, 19.220548773546184 ], [ -104.654416716881613, 19.220602083889172 ], [ -104.654642809090134, 19.22069697182517 ], [ -104.65496038646873, 19.220836119707968 ], [ -104.657634499828788, 19.222278019334837 ], [ -104.658383665241416, 19.222704053984604 ], [ -104.659205631859862, 19.223250337246167 ], [ -104.659630702715077, 19.223604708999915 ], [ -104.660611037198649, 19.224539261156181 ], [ -104.661025133327371, 19.225035718671975 ], [ -104.66163644482269, 19.226669413951978 ], [ -104.661866529793272, 19.227996192028662 ], [ -104.662253701822038, 19.230049031613426 ], [ -104.662526577773605, 19.23078376567269 ], [ -104.662759316662999, 19.231107323721087 ], [ -104.663572558717519, 19.231882525319126 ], [ -104.663842954031992, 19.232089418606346 ], [ -104.664291552781791, 19.232279720517337 ], [ -104.664662012504493, 19.232344686803877 ], [ -104.665942226309895, 19.232457556137931 ], [ -104.666152273806716, 19.232552678694422 ], [ -104.665852279769311, 19.232883719726324 ], [ -104.665213666690462, 19.233261511188463 ], [ -104.662533439154402, 19.234693472914394 ], [ -104.6617664035562, 19.235131919263853 ], [ -104.660478953287949, 19.236075238829308 ], [ -104.660349552196323, 19.236184964208771 ], [ -104.658438705303354, 19.238022624233128 ], [ -104.658113496290028, 19.238472029213415 ], [ -104.658043514181273, 19.238710438699734 ], [ -104.658042141067313, 19.239373611673777 ], [ -104.658143249586146, 19.239592039395525 ], [ -104.658616463732969, 19.239948195086839 ], [ -104.659191376937144, 19.2402385597421 ], [ -104.66064842538178, 19.240897193774952 ], [ -104.662253945600327, 19.241548594143161 ], [ -104.66402412272997, 19.242001863890039 ], [ -104.665700111108549, 19.24233821216292 ], [ -104.665737955414187, 19.242345193905592 ], [ -104.667243476734498, 19.2427650960297 ], [ -104.668803503315061, 19.243180718616024 ], [ -104.670499022793635, 19.243562736459491 ], [ -104.671361161259156, 19.243692861431729 ], [ -104.673688953855262, 19.243918085012464 ], [ -104.674342835096425, 19.243941242710495 ], [ -104.675066483549998, 19.243824104561703 ], [ -104.675446384888474, 19.24363360795002 ], [ -104.676495604011649, 19.242861759879794 ], [ -104.676816990257109, 19.242523972391851 ], [ -104.67726757685152, 19.241719481874654 ], [ -104.677589884120792, 19.240907997119098 ], [ -104.678643377238984, 19.237925554926839 ], [ -104.678933342287991, 19.237245969162068 ], [ -104.679233042552482, 19.237057015416895 ], [ -104.679371223368747, 19.237466667626737 ], [ -104.679716372403931, 19.239567331380936 ], [ -104.679854182550216, 19.240169845094556 ], [ -104.680152143986504, 19.240880912308487 ], [ -104.680439993425495, 19.241294208627028 ], [ -104.681485337169107, 19.242511854283901 ], [ -104.681917665341004, 19.242849269689948 ], [ -104.683846348398575, 19.243378753898401 ], [ -104.685592098337395, 19.243602819939916 ], [ -104.688321119895207, 19.243984189975457 ], [ -104.689418182838253, 19.244270273531288 ], [ -104.69000214886033, 19.244521646643069 ], [ -104.691630269033922, 19.245408632877066 ], [ -104.692160825400521, 19.245639607827481 ], [ -104.693008625450105, 19.245830511023083 ], [ -104.693689211059137, 19.245872254070868 ], [ -104.696017476301449, 19.245876136152354 ], [ -104.696671344808507, 19.245912748407111 ], [ -104.697394466505173, 19.246079739773084 ], [ -104.697773629512284, 19.246281687934353 ], [ -104.698819940258431, 19.247057119454897 ], [ -104.699150821554014, 19.247355416676847 ], [ -104.699648619780419, 19.247972041632856 ], [ -104.70002888005645, 19.248554637035959 ], [ -104.70130564711792, 19.250656786009984 ], [ -104.70180886090202, 19.251244653699594 ], [ -104.70288041033875, 19.251885888943054 ], [ -104.703907981964477, 19.2522140678997 ], [ -104.70763178671946, 19.253104292478746 ], [ -104.709558192551128, 19.253846054984113 ], [ -104.70967068456082, 19.253900983405469 ], [ -104.710113655691288, 19.25431617151694 ], [ -104.71115891494091, 19.255754708429361 ], [ -104.711249300602546, 19.255909550569466 ], [ -104.711348821522506, 19.256529842514006 ], [ -104.711577025974336, 19.259182909939668 ], [ -104.711684440690377, 19.259919002469797 ], [ -104.711744726816804, 19.260091658782386 ], [ -104.711910808944239, 19.260567307361555 ], [ -104.711968141189118, 19.260731502576974 ], [ -104.712240176099328, 19.26108212868391 ], [ -104.713286264614567, 19.26207853663491 ], [ -104.713660038125951, 19.262337964146315 ], [ -104.714358219445984, 19.262552219907569 ], [ -104.71498184714207, 19.262598870893797 ], [ -104.71719392756863, 19.262602305097108 ], [ -104.717769389732879, 19.262679324092986 ], [ -104.718153965707245, 19.262748396200983 ], [ -104.718325897235829, 19.266187025648417 ], [ -104.719329725870338, 19.269800808911594 ], [ -104.720635097232986, 19.274500146049867 ], [ -104.721382767870466, 19.2771917604781 ], [ -104.722979286233013, 19.28293922686791 ], [ -104.724442849023447, 19.28820805317439 ], [ -104.723651342580141, 19.288849928053335 ], [ -104.723324776657279, 19.289118183093898 ], [ -104.723028456195806, 19.289361591956876 ], [ -104.720696196976434, 19.291347565456583 ], [ -104.719971672911498, 19.291874289087382 ], [ -104.718922850321334, 19.292346374251444 ], [ -104.718149059183716, 19.29249405771268 ], [ -104.715586856279657, 19.292711143872971 ], [ -104.714850727220622, 19.292721838442912 ], [ -104.713977666088837, 19.292554679633227 ], [ -104.713466566334304, 19.292305188082192 ], [ -104.711954505342263, 19.291308047986043 ], [ -104.71155049441937, 19.290977514932763 ], [ -104.711177161421958, 19.290432174505771 ], [ -104.711047838694995, 19.289983650469342 ], [ -104.710817666643081, 19.288435878889043 ], [ -104.710709751736971, 19.287977237800693 ], [ -104.710436319571258, 19.287384684346609 ], [ -104.710153617727713, 19.286996820196514 ], [ -104.70910778280448, 19.285779337595418 ], [ -104.708712705406697, 19.285447120738507 ], [ -104.707914838429446, 19.285114259520721 ], [ -104.70717010564033, 19.284970958503052 ], [ -104.704492557924738, 19.284635059990411 ], [ -104.703828004552008, 19.28450710101523 ], [ -104.703404297041686, 19.284245880798004 ] ], [ [ -104.664212676463521, 19.246027077169767 ], [ -104.664917737551136, 19.245558404424873 ], [ -104.664910827168271, 19.244275025338002 ], [ -104.664436351365097, 19.243650548292869 ], [ -104.662907748487214, 19.242039012138331 ], [ -104.662422737353339, 19.241920626921903 ], [ -104.662137147697734, 19.241992402303634 ], [ -104.661860073203172, 19.242552233743663 ], [ -104.662067381923762, 19.24353773591217 ], [ -104.661721589738065, 19.245127748141627 ], [ -104.661758705116512, 19.24558874398593 ], [ -104.662166737760501, 19.246131765032281 ], [ -104.6625944864725, 19.246340423351427 ], [ -104.663270142199295, 19.24629647893417 ], [ -104.664212676463521, 19.246027077169767 ] ] ] ] } },
{ "type": "Feature", "properties": { "fid": 14.0, "cat": 18, "CLAVE_ACUI": "1433", "NOM_ACUIF": "CIHUATLAN", "VULNERABIL": 2 }, "geometry": { "type": "MultiPolygon", "coordinates": [ [ [ [ -104.658475671105748, 19.255817093155326 ], [ -104.658676314931569, 19.256056907461733 ], [ -104.65885842092527, 19.256316184331407 ], [ -104.658978938617508, 19.256531295292536 ], [ -104.65854644411688, 19.256858460293213 ], [ -104.658362665283349, 19.256973157582348 ], [ -104.658088048805325, 19.257067383659887 ], [ -104.65787951856089, 19.257087295011697 ], [ -104.657563423652846, 19.257086703208 ], [ -104.657442859556667, 19.256839895693368 ], [ -104.657288986427403, 19.256568507658944 ], [ -104.656825373936684, 19.255572877122205 ], [ -104.656743697010683, 19.255404526283272 ], [ -104.65669783744687, 19.255280104024155 ], [ -104.656681673830107, 19.255209435188174 ], [ -104.656696334658534, 19.255071870743105 ], [ -104.656765984697543, 19.254997563503647 ], [ -104.656901950095488, 19.254927511640339 ], [ -104.657115472153009, 19.254887689835559 ], [ -104.657243767332034, 19.254889622028276 ], [ -104.657383099617121, 19.254940292174513 ], [ -104.657492991209082, 19.255008512802526 ], [ -104.657720730531906, 19.255176424411939 ], [ -104.658216708682119, 19.255581646777998 ], [ -104.658475671105748, 19.255817093155326 ] ] ] ] } },
{ "type": "Feature", "properties": { "fid": 15.0, "cat": 15, "CLAVE_ACUI": "1433", "NOM_ACUIF": "CIHUATLAN", "VULNERABIL": 4 }, "geometry": { "type": "MultiPolygon", "coordinates": [ [ [ [ -104.716510420476993, 19.244568011676847 ], [ -104.716103813304443, 19.245032325072096 ], [ -104.715654028181874, 19.245500544028079 ], [ -104.715350448273455, 19.245887489820777 ], [ -104.715099968963671, 19.246479223160307 ], [ -104.715045722229874, 19.246937611130811 ], [ -104.715043051065081, 19.248485021740041 ], [ -104.715106249311731, 19.249034948581048 ], [ -104.715370383174857, 19.250081114624304 ], [ -104.715686386339172, 19.251288042838947 ], [ -104.716030414937833, 19.252386520118868 ], [ -104.716441923785652, 19.25326245324764 ], [ -104.716983018677894, 19.254174884649675 ], [ -104.717788800341268, 19.255445091269202 ], [ -104.717986272514096, 19.259394533434492 ], [ -104.718153965707245, 19.262748396200983 ], [ -104.717769389732879, 19.262679324092986 ], [ -104.71719392756863, 19.262602305097108 ], [ -104.71498184714207, 19.262598870893797 ], [ -104.714358219445984, 19.262552219907569 ], [ -104.713660038125951, 19.262337964146315 ], [ -104.713286264614567, 19.26207853663491 ], [ -104.712240176099328, 19.26108212868391 ], [ -104.711968141189118, 19.260731502576974 ], [ -104.711910808944239, 19.260567307361555 ], [ -104.711744726816804, 19.260091658782386 ], [ -104.711684440690377, 19.259919002469797 ], [ -104.711577025974336, 19.259182909939668 ], [ -104.711348821522506, 19.256529842514006 ], [ -104.711249300602546, 19.255909550569466 ], [ -104.71115891494091, 19.255754708429361 ], [ -104.710113655691288, 19.25431617151694 ], [ -104.70967068456082, 19.253900983405469 ], [ -104.709558192551128, 19.253846054984113 ], [ -104.70763178671946, 19.253104292478746 ], [ -104.703907981964477, 19.2522140678997 ], [ -104.70288041033875, 19.251885888943054 ], [ -104.70180886090202, 19.251244653699594 ], [ -104.70130564711792, 19.250656786009984 ], [ -104.70002888005645, 19.248554637035959 ], [ -104.699648619780419, 19.247972041632856 ], [ -104.699150821554014, 19.247355416676847 ], [ -104.698819940258431, 19.247057119454897 ], [ -104.697773629512284, 19.246281687934353 ], [ -104.697394466505173, 19.246079739773084 ], [ -104.696671344808507, 19.245912748407111 ], [ -104.696017476301449, 19.245876136152354 ], [ -104.693689211059137, 19.245872254070868 ], [ -104.693008625450105, 19.245830511023083 ], [ -104.692160825400521, 19.245639607827481 ], [ -104.691630269033922, 19.245408632877066 ], [ -104.69000214886033, 19.244521646643069 ], [ -104.689418182838253, 19.244270273531288 ], [ -104.688321119895207, 19.243984189975457 ], [ -104.685592098337395, 19.243602819939916 ], [ -104.683846348398575, 19.243378753898401 ], [ -104.681917665341004, 19.242849269689948 ], [ -104.681485337169107, 19.242511854283901 ], [ -104.680439993425495, 19.241294208627028 ], [ -104.680152143986504, 19.240880912308487 ], [ -104.679854182550216, 19.240169845094556 ], [ -104.679716372403931, 19.239567331380936 ], [ -104.679371223368747, 19.237466667626737 ], [ -104.679233042552482, 19.237057015416895 ], [ -104.678933342287991, 19.237245969162068 ], [ -104.678643377238984, 19.237925554926839 ], [ -104.677589884120792, 19.240907997119098 ], [ -104.67726757685152, 19.241719481874654 ], [ -104.676816990257109, 19.242523972391851 ], [ -104.676495604011649, 19.242861759879794 ], [ -104.675446384888474, 19.24363360795002 ], [ -104.675066483549998, 19.243824104561703 ], [ -104.674342835096425, 19.243941242710495 ], [ -104.673688953855262, 19.243918085012464 ], [ -104.671361161259156, 19.243692861431729 ], [ -104.670499022793635, 19.243562736459491 ], [ -104.668803503315061, 19.243180718616024 ], [ -104.667243476734498, 19.2427650960297 ], [ -104.665737955414187, 19.242345193905592 ], [ -104.665700111108549, 19.24233821216292 ], [ -104.66402412272997, 19.242001863890039 ], [ -104.662253945600327, 19.241548594143161 ], [ -104.66064842538178, 19.240897193774952 ], [ -104.659191376937144, 19.2402385597421 ], [ -104.658616463732969, 19.239948195086839 ], [ -104.658143249586146, 19.239592039395525 ], [ -104.658042141067313, 19.239373611673777 ], [ -104.658043514181273, 19.238710438699734 ], [ -104.658113496290028, 19.238472029213415 ], [ -104.658438705303354, 19.238022624233128 ], [ -104.660349552196323, 19.236184964208771 ], [ -104.660478953287949, 19.236075238829308 ], [ -104.6617664035562, 19.235131919263853 ], [ -104.662533439154402, 19.234693472914394 ], [ -104.665213666690462, 19.233261511188463 ], [ -104.665852279769311, 19.232883719726324 ], [ -104.666152273806716, 19.232552678694422 ], [ -104.665942226309895, 19.232457556137931 ], [ -104.664662012504493, 19.232344686803877 ], [ -104.664291552781791, 19.232279720517337 ], [ -104.663842954031992, 19.232089418606346 ], [ -104.663572558717519, 19.231882525319126 ], [ -104.662759316662999, 19.231107323721087 ], [ -104.662526577773605, 19.23078376567269 ], [ -104.662253701822038, 19.230049031613426 ], [ -104.661866529793272, 19.227996192028662 ], [ -104.66163644482269, 19.226669413951978 ], [ -104.661025133327371, 19.225035718671975 ], [ -104.660611037198649, 19.224539261156181 ], [ -104.659630702715077, 19.223604708999915 ], [ -104.659205631859862, 19.223250337246167 ], [ -104.658383665241416, 19.222704053984604 ], [ -104.657634499828788, 19.222278019334837 ], [ -104.65496038646873, 19.220836119707968 ], [ -104.654642809090134, 19.22069697182517 ], [ -104.654416716881613, 19.220602083889172 ], [ -104.654283581877579, 19.220548773546184 ], [ -104.65412575354722, 19.220494519053791 ], [ -104.653988024063025, 19.220452854577967 ], [ -104.653732001328876, 19.220390539596178 ], [ -104.65349849559486, 19.220342381755 ], [ -104.653132846610461, 19.22028047518074 ], [ -104.652836677532164, 19.220224277449525 ], [ -104.652616286992156, 19.220168904021644 ], [ -104.652477928595658, 19.220131490835715 ], [ -104.652368942570561, 19.220108975409161 ], [ -104.652240949818747, 19.220086204773565 ], [ -104.652105399928999, 19.220068238863107 ], [ -104.651990568232478, 19.220059931153145 ], [ -104.651917424689159, 19.220057580513803 ], [ -104.651829253015578, 19.220058541961691 ], [ -104.651854603813845, 19.219953336653937 ], [ -104.651880361207361, 19.21980466482162 ], [ -104.651893797542272, 19.219617777617884 ], [ -104.651908295577982, 19.218989692952604 ], [ -104.651910173714256, 19.218097565987687 ], [ -104.651912716511575, 19.216889641728486 ], [ -104.651994066734929, 19.216328126076061 ], [ -104.65236927908451, 19.215807770707841 ], [ -104.652823946164474, 19.215625920640459 ], [ -104.655067813747578, 19.215171686035585 ], [ -104.655641998468326, 19.214912232010274 ], [ -104.655964959346278, 19.214667530711594 ], [ -104.656897920423887, 19.213785043427727 ], [ -104.657178100682955, 19.213550410483965 ], [ -104.657552652946421, 19.213337946582357 ], [ -104.657807547848066, 19.213269059741769 ], [ -104.658622505089411, 19.213160049986296 ], [ -104.658824038774497, 19.213050459617708 ], [ -104.658949572298781, 19.212648049795607 ], [ -104.658927372531835, 19.212182769162077 ], [ -104.658812808465385, 19.211298328025133 ], [ -104.658698243257575, 19.210413869094907 ], [ -104.658585285123806, 19.209902741253014 ], [ -104.658287274988098, 19.20928637809428 ], [ -104.65797450496818, 19.208916986764226 ], [ -104.656812929789808, 19.207809519610628 ], [ -104.656500123691558, 19.207460427080033 ], [ -104.656201928766208, 19.2069387998663 ], [ -104.656088741442673, 19.206542711043774 ], [ -104.655858729860086, 19.205215923790504 ], [ -104.655927288075347, 19.204799874515398 ], [ -104.656477233376904, 19.204185097676358 ], [ -104.65719430823188, 19.203722891910079 ], [ -104.659990683390618, 19.202180683030406 ], [ -104.660471673553175, 19.201867670374469 ], [ -104.660963021355471, 19.20145941001455 ], [ -104.661439648812035, 19.20096020597456 ], [ -104.661682183123133, 19.200649209523469 ], [ -104.661876146524051, 19.200315412042833 ], [ -104.662119970837537, 19.199669994742429 ], [ -104.662247865586721, 19.199244210668244 ], [ -104.662369324783711, 19.198563727065622 ], [ -104.662406669071203, 19.198017613669823 ], [ -104.662738315535847, 19.198190147021176 ], [ -104.6630540521531, 19.198340100704193 ], [ -104.663430860915838, 19.198481029491585 ], [ -104.66392704636003, 19.198694539591816 ], [ -104.664347445453984, 19.198893118181417 ], [ -104.664686189289597, 19.199051962321452 ], [ -104.665047909527487, 19.199186600507687 ], [ -104.665453192498944, 19.19930048727063 ], [ -104.665877205514889, 19.199416263874269 ], [ -104.666411835324595, 19.199567958828272 ], [ -104.666747140092951, 19.199626487902112 ], [ -104.667323575175033, 19.199676755952851 ], [ -104.667786720411442, 19.199671177397079 ], [ -104.668352834843304, 19.199636532285137 ], [ -104.668941674523865, 19.199614866711666 ], [ -104.66931449244349, 19.199615948702071 ], [ -104.670061359901354, 19.199645733081574 ], [ -104.67102820552013, 19.199701490246458 ], [ -104.672196546206735, 19.199811856575348 ], [ -104.673692307667295, 19.200098743884581 ], [ -104.674660770682323, 19.200398218565699 ], [ -104.677684525085255, 19.201508857142336 ], [ -104.67850862515364, 19.201853736004562 ], [ -104.679330649043507, 19.202352559903314 ], [ -104.679680867178348, 19.202720289165651 ], [ -104.68049319875783, 19.203937535190121 ], [ -104.680714986807658, 19.204396394957858 ], [ -104.680937660386249, 19.205320496495457 ], [ -104.681033977208884, 19.206181781914562 ], [ -104.681260785266602, 19.209277011802627 ], [ -104.681378483125556, 19.210138333899589 ], [ -104.681700929292077, 19.211062607490394 ], [ -104.68204386944133, 19.211521675813668 ], [ -104.683321819921417, 19.212739716090173 ], [ -104.683755788547444, 19.213112657583633 ], [ -104.684503016440672, 19.213635014460987 ], [ -104.685136517016304, 19.214008296100985 ], [ -104.687345642214211, 19.21522790605178 ], [ -104.687908513890235, 19.21563918362699 ], [ -104.688016346853118, 19.215717974299412 ], [ -104.689581915552012, 19.217820135175035 ], [ -104.691669989556189, 19.221581673152148 ], [ -104.693175832673447, 19.223281058620341 ], [ -104.693786758812095, 19.223368361706118 ], [ -104.695766124956407, 19.223040070307427 ], [ -104.696334591883073, 19.222964883285488 ], [ -104.697008075889087, 19.222942313468064 ], [ -104.697401729572874, 19.222985258682854 ], [ -104.698565298151124, 19.223208236543027 ], [ -104.698958805034337, 19.223332383745063 ], [ -104.699631601717073, 19.223688762474232 ], [ -104.700199234698417, 19.224073726977196 ], [ -104.702175411138839, 19.225513837948323 ], [ -104.70272159474996, 19.225944437955274 ], [ -104.703294256567659, 19.22651380540675 ], [ -104.703566159906529, 19.226896588500065 ], [ -104.704262384111416, 19.228113541605634 ], [ -104.704545118301539, 19.2284202105212 ], [ -104.705168315145684, 19.228634379365829 ], [ -104.705775861291968, 19.228633664597229 ], [ -104.707987875500137, 19.228416145172684 ], [ -104.708643713418994, 19.228308915553068 ], [ -104.709492277732934, 19.228026043940936 ], [ -104.71089303767215, 19.22717537461072 ], [ -104.711658437710042, 19.226748899446623 ], [ -104.712411967987961, 19.226403990344259 ], [ -104.71269957501805, 19.226299930628794 ], [ -104.713833830931449, 19.227201595852669 ], [ -104.71453960022582, 19.227762639988569 ], [ -104.714681276761894, 19.228232139580108 ], [ -104.714844035312055, 19.228900647537802 ], [ -104.715705681281335, 19.232746282390004 ], [ -104.715908157689768, 19.233117097066526 ], [ -104.716696936773729, 19.233607827058034 ], [ -104.717192901202651, 19.243527112393252 ], [ -104.716890994858872, 19.244041741853994 ], [ -104.716510420476993, 19.244568011676847 ] ], [ [ -104.681428085274703, 19.216757235927265 ], [ -104.681485865867174, 19.216978434432178 ], [ -104.681543626432031, 19.217199555670486 ], [ -104.681589734313008, 19.217309601593605 ], [ -104.681689362954685, 19.217380829510869 ], [ -104.682134973234156, 19.21726261441562 ], [ -104.682220570963707, 19.217218776559861 ], [ -104.682270635687757, 19.217124123606382 ], [ -104.682140803623255, 19.216700953031054 ], [ -104.682094650003364, 19.216614592101088 ], [ -104.681898849001868, 19.2165279714443 ], [ -104.681549671676251, 19.216527364967224 ], [ -104.681464119758076, 19.216547517652216 ], [ -104.68141405475572, 19.216642170387146 ], [ -104.681428085274703, 19.216757235927265 ] ], [ [ -104.655361821438362, 19.219575066779591 ], [ -104.656313033084601, 19.219640118325952 ], [ -104.656828202939224, 19.218945172555532 ], [ -104.656733932024977, 19.218529256614385 ], [ -104.655575804343897, 19.217325054194518 ], [ -104.655216390442106, 19.216321181036527 ], [ -104.653770339695228, 19.216336530003037 ], [ -104.653189103180438, 19.216778283566491 ], [ -104.653177429081822, 19.217808571871842 ], [ -104.653357253962142, 19.218251764860472 ], [ -104.653879164143774, 19.21888539823134 ], [ -104.655361821438362, 19.219575066779591 ] ], [ [ -104.684034963396442, 19.222396509338935 ], [ -104.683967234225278, 19.22241161854107 ], [ -104.683899505042135, 19.222426727717977 ], [ -104.683849348995679, 19.222568750758853 ], [ -104.68391315600708, 19.22274142250399 ], [ -104.684261079837285, 19.22340520054474 ], [ -104.684367674904919, 19.223562719841969 ], [ -104.684517193125586, 19.223634032187768 ], [ -104.684624195283902, 19.223578387668532 ], [ -104.68497401953897, 19.223247400547997 ], [ -104.685059729250256, 19.223146041067125 ], [ -104.685109884445012, 19.223004017691466 ], [ -104.68509582511544, 19.222902486670321 ], [ -104.684980060045859, 19.222570698576739 ], [ -104.684923213851306, 19.222484319988386 ], [ -104.684773696482353, 19.222413007977355 ], [ -104.684616946412177, 19.222397512165539 ], [ -104.684034963396442, 19.222396509338935 ] ], [ [ -104.677368367233385, 19.235121729032876 ], [ -104.67765676104365, 19.235247428528577 ], [ -104.678551950199747, 19.235770633808311 ], [ -104.678776585580678, 19.23569997339084 ], [ -104.678899876353285, 19.235519169433218 ], [ -104.67925059600357, 19.234746077741548 ], [ -104.679331301803074, 19.234473842841702 ], [ -104.679357211129656, 19.233976505457075 ], [ -104.679313519066895, 19.233538258395456 ], [ -104.679083716032679, 19.231990442550135 ], [ -104.678965214365959, 19.231541913540902 ], [ -104.678642008429804, 19.23099659395821 ], [ -104.678298787966128, 19.230666094528097 ], [ -104.677020306517747, 19.229669078435588 ], [ -104.676628848351626, 19.229409545531652 ], [ -104.676080516505294, 19.229195412433373 ], [ -104.675688642609586, 19.229149040903216 ], [ -104.674408228842623, 19.229146769079815 ], [ -104.673935960969231, 19.229211908234475 ], [ -104.67301245584602, 19.229518165350211 ], [ -104.67216542778408, 19.229890534010426 ], [ -104.668459989084567, 19.231750457716945 ], [ -104.668334130493065, 19.232318666892983 ], [ -104.668830454177836, 19.232701906767407 ], [ -104.67127251264796, 19.233922130874983 ], [ -104.672014834424871, 19.234249975036604 ], [ -104.673036924486638, 19.234559706461333 ], [ -104.673754729716833, 19.234674335913905 ], [ -104.676082399160848, 19.234899527457781 ], [ -104.676720100505705, 19.23497847626793 ], [ -104.677368367233385, 19.235121729032876 ] ], [ [ -104.703817953088219, 19.239822768989558 ], [ -104.704193525117134, 19.239041773792646 ], [ -104.70437437654941, 19.23854299072006 ], [ -104.704842774608508, 19.236996331158245 ], [ -104.704964887923339, 19.236461925241144 ], [ -104.705066356690494, 19.23551469137708 ], [ -104.705089199206284, 19.23469590609734 ], [ -104.705094329044726, 19.231822141544345 ], [ -104.705074346981789, 19.231038814381627 ], [ -104.704975968604913, 19.230257052658096 ], [ -104.704623297685131, 19.229536348956948 ], [ -104.704391186027934, 19.229149120274986 ], [ -104.704158185759425, 19.228927120586622 ], [ -104.703535074159277, 19.228665578552057 ], [ -104.702877915519977, 19.228513945019184 ], [ -104.70043429388393, 19.228067845475284 ], [ -104.698548754595237, 19.227394806229789 ], [ -104.697710482463435, 19.226912958640128 ], [ -104.694920148924211, 19.225139856585159 ], [ -104.694172723339705, 19.224678445610731 ], [ -104.693475036216256, 19.224298320371357 ], [ -104.693225762553311, 19.224216697566483 ], [ -104.692760170631772, 19.224215917260626 ], [ -104.692590833520882, 19.224261311271295 ], [ -104.692266185073549, 19.224473930652668 ], [ -104.691971737983962, 19.224732278330389 ], [ -104.690922292861984, 19.225725277982242 ], [ -104.690627765443807, 19.226024226020819 ], [ -104.690302755972766, 19.226426320663922 ], [ -104.690132984568137, 19.226701793820023 ], [ -104.689665725381857, 19.227585240128548 ], [ -104.689533261269901, 19.227916604633634 ], [ -104.689382356907785, 19.228579526718484 ], [ -104.689299243262411, 19.229195193786584 ], [ -104.689062280580217, 19.231405384237885 ], [ -104.689053842109331, 19.232102383182188 ], [ -104.689251430839775, 19.233144854854128 ], [ -104.689542141350842, 19.233937100784424 ], [ -104.689592021194755, 19.23405134368376 ], [ -104.689833703587723, 19.23490980412301 ], [ -104.690256191403861, 19.235742874730185 ], [ -104.690515924751892, 19.236167386599529 ], [ -104.690701222503222, 19.236591772362932 ], [ -104.691082843203489, 19.237368943262585 ], [ -104.69170464077493, 19.238341072538304 ], [ -104.692211302482747, 19.238952657254195 ], [ -104.693860588971162, 19.240733764353955 ], [ -104.693953945872011, 19.240834581296976 ], [ -104.694492827149261, 19.241375158888406 ], [ -104.695264942629834, 19.24201593829121 ], [ -104.695829082659543, 19.242390759719871 ], [ -104.695869443864723, 19.242414801184822 ], [ -104.695894625373313, 19.242429805793929 ], [ -104.696330280692862, 19.242758707896012 ], [ -104.697152648002856, 19.243210083558846 ], [ -104.6972704870619, 19.243249444801858 ], [ -104.69768963227672, 19.243499137582564 ], [ -104.698237922849174, 19.243777494087013 ], [ -104.698936048300027, 19.243968122996414 ], [ -104.699385078199938, 19.24396209395055 ], [ -104.699876281347116, 19.243885192069136 ], [ -104.700122238974316, 19.243917625200144 ], [ -104.700891375126048, 19.243703808612146 ], [ -104.701048183064358, 19.243646935887298 ], [ -104.701779632727352, 19.243093617133894 ], [ -104.702162584560071, 19.242559156207385 ], [ -104.702480939008169, 19.242178941840848 ], [ -104.702956388217558, 19.241350741997827 ], [ -104.703093779631587, 19.241041655943249 ], [ -104.703462271716703, 19.240439692875547 ], [ -104.703817953088219, 19.239822768989558 ] ] ] ] } },
{ "type": "Feature", "properties": { "fid": 16.0, "cat": 17, "CLAVE_ACUI": "1433", "NOM_ACUIF": "CIHUATLAN", "VULNERABIL": 2 }, "geometry": { "type": "MultiPolygon", "coordinates": [ [ [ [ -104.615770247024784, 19.254757026197051 ], [ -104.615993321258259, 19.254613694541966 ], [ -104.616314309802476, 19.255275848261054 ], [ -104.616371427115297, 19.255745714843989 ], [ -104.616542780853848, 19.257155314375201 ], [ -104.616575442545141, 19.257669679355196 ], [ -104.616499389494749, 19.258190583457854 ], [ -104.616358080103495, 19.258420367118934 ], [ -104.615774687270729, 19.258971785619352 ], [ -104.615537256553381, 19.259155689015451 ], [ -104.615012640565695, 19.259462486614044 ], [ -104.614500618995109, 19.259716864526883 ], [ -104.612081089503491, 19.260810831262159 ], [ -104.61135732612513, 19.260927718128183 ], [ -104.610878080631863, 19.260881021484632 ], [ -104.609365369499827, 19.260546211160857 ], [ -104.609105633704445, 19.260362945796643 ], [ -104.609406239424345, 19.259842524954376 ], [ -104.610095407501944, 19.259282329974091 ], [ -104.613010875943402, 19.257188478619323 ], [ -104.613806996367344, 19.256603118899843 ], [ -104.614606797526321, 19.255965318637383 ], [ -104.614953253802895, 19.255639537597528 ], [ -104.615770247024784, 19.254757026197051 ] ] ] ] } },
{ "type": "Feature", "properties": { "fid": 17.0, "cat": 21, "CLAVE_ACUI": "1433", "NOM_ACUIF": "CIHUATLAN", "VULNERABIL": 2 }, "geometry": { "type": "MultiPolygon", "coordinates": [ [ [ [ -104.654059826528311, 19.253578145550158 ], [ -104.654184064000063, 19.253815228384454 ], [ -104.654210438207599, 19.253984455343062 ], [ -104.654209280132847, 19.254537098346905 ], [ -104.654205249044793, 19.254615584126096 ], [ -104.654207494650876, 19.254706468554819 ], [ -104.654102249480601, 19.254684358871657 ], [ -104.653988179225991, 19.254682530012456 ], [ -104.653885550051555, 19.25469492765156 ], [ -104.653741048308731, 19.254710847873561 ], [ -104.653636323448254, 19.254708763340101 ], [ -104.653455184927637, 19.254684231418207 ], [ -104.653156802762354, 19.254560326959744 ], [ -104.652872375406034, 19.254345200961119 ], [ -104.652634115508079, 19.254198468475554 ], [ -104.652280726412343, 19.254069570886784 ], [ -104.651776709734492, 19.253967490831446 ], [ -104.651294654347609, 19.253924115830134 ], [ -104.650958254249232, 19.253906586307995 ], [ -104.650665114427582, 19.253933169920867 ], [ -104.650641220612243, 19.253435743737377 ], [ -104.650918829967736, 19.253329692093324 ], [ -104.651254028945502, 19.253235592205012 ], [ -104.651542711759873, 19.253126597785197 ], [ -104.651859219165672, 19.25300709797661 ], [ -104.652550360151793, 19.25276027152433 ], [ -104.652889031615629, 19.252714365907025 ], [ -104.65312847570533, 19.252731060471564 ], [ -104.653327789325886, 19.252854937542615 ], [ -104.653574344078876, 19.253089954839599 ], [ -104.653908718852932, 19.253408682646029 ], [ -104.654059826528311, 19.253578145550158 ] ] ] ] } },
{ "type": "Feature", "properties": { "fid": 18.0, "cat": 16, "CLAVE_ACUI": "1433", "NOM_ACUIF": "CIHUATLAN", "VULNERABIL": 3 }, "geometry": { "type": "MultiPolygon", "coordinates": [ [ [ [ -104.650641220612243, 19.253435743737377 ], [ -104.650665114427582, 19.253933169920867 ], [ -104.650519700869168, 19.254442115113331 ], [ -104.64981720047129, 19.256319764487422 ], [ -104.649564897667233, 19.256813278136676 ], [ -104.649089993399727, 19.257238693699456 ], [ -104.648663862347789, 19.257352916054121 ], [ -104.647150155458988, 19.25746053130527 ], [ -104.646713341715881, 19.257569653170769 ], [ -104.646188583990337, 19.257971279967869 ], [ -104.645875742806979, 19.25843591106657 ], [ -104.644670548507406, 19.260636820493872 ], [ -104.644345665333219, 19.260896721342235 ], [ -104.64415156359685, 19.260833748352521 ], [ -104.643570641655813, 19.260279972814352 ], [ -104.643296369629368, 19.259384492608479 ], [ -104.643271063110348, 19.258726345284551 ], [ -104.643276320748626, 19.256294719791292 ], [ -104.643299181579508, 19.255611289641735 ], [ -104.643400607697828, 19.254853574748768 ], [ -104.643522641010449, 19.254454555007502 ], [ -104.643990700416182, 19.253350176986885 ], [ -104.644224761239315, 19.253057956134366 ], [ -104.644247083790987, 19.25304868283304 ], [ -104.644848988372956, 19.252798636395312 ], [ -104.64550668081084, 19.252720398732755 ], [ -104.647951684673131, 19.25261459082671 ], [ -104.648625260909654, 19.252607426845358 ], [ -104.649314141652994, 19.252678839090663 ], [ -104.649587102625901, 19.252790291031197 ], [ -104.650009499857006, 19.253058813375041 ], [ -104.650016311576138, 19.253063866552225 ], [ -104.650019163119396, 19.253064956390617 ], [ -104.650284671411114, 19.253233741823589 ], [ -104.650487799580588, 19.253342776005649 ], [ -104.650545958816195, 19.25337438428587 ], [ -104.650641220612243, 19.253435743737377 ] ] ] ] } },
{ "type": "Feature", "properties": { "fid": 19.0, "cat": 20, "CLAVE_ACUI": "1433", "NOM_ACUIF": "CIHUATLAN", "VULNERABIL": 4 }, "geometry": { "type": "MultiPolygon", "coordinates": [ [ [ [ -104.647099563754509, 19.246119932493951 ], [ -104.647100981343272, 19.245456760780328 ], [ -104.647080011744478, 19.245263858378898 ], [ -104.646980736233488, 19.245026818881378 ], [ -104.646859883816035, 19.24488109336712 ], [ -104.646395182722941, 19.244438079793181 ], [ -104.646285065602129, 19.244272073383339 ], [ -104.646235885397033, 19.243940391069852 ], [ -104.646275744760416, 19.243632565640979 ], [ -104.646510933227987, 19.242527729005079 ], [ -104.646556126191214, 19.242224989072547 ], [ -104.646531840254667, 19.241917039643958 ], [ -104.646451953357015, 19.241779851812002 ], [ -104.646103434573845, 19.241447590968882 ], [ -104.645916511008664, 19.241371099730955 ], [ -104.645392719080675, 19.241346400951812 ], [ -104.644831368101137, 19.241387606912713 ], [ -104.642735518925335, 19.241604586457754 ], [ -104.642152884169079, 19.241600064805017 ], [ -104.641529775346413, 19.241361997566887 ], [ -104.641222255646269, 19.241026424308728 ], [ -104.640410279276338, 19.239698482107688 ], [ -104.640129557608844, 19.239332507776041 ], [ -104.640070673012147, 19.23928758922705 ], [ -104.640165068895826, 19.238844219462155 ], [ -104.640259859078768, 19.238680303887445 ], [ -104.640584601121205, 19.238467778475389 ], [ -104.640953727782232, 19.238328085722344 ], [ -104.642351572916581, 19.237888705414953 ], [ -104.642800820198488, 19.237774541978006 ], [ -104.643499466340657, 19.237681164518506 ], [ -104.644048285404764, 19.237661931131267 ], [ -104.645910795600457, 19.237665542907045 ], [ -104.646502267552918, 19.23769713783728 ], [ -104.647399960543893, 19.237840977914161 ], [ -104.648090908202022, 19.238014868229619 ], [ -104.650417648328187, 19.238682501147437 ], [ -104.651071111015298, 19.238891835947843 ], [ -104.651793853389776, 19.239201114856264 ], [ -104.652172879284166, 19.239433608374679 ], [ -104.653218928740074, 19.240209297356376 ], [ -104.653512412739403, 19.240451776703317 ], [ -104.65367418068341, 19.240629718405152 ], [ -104.653835950134024, 19.240807661240687 ], [ -104.65400466213633, 19.241073588638148 ], [ -104.654468449555679, 19.241958698246417 ], [ -104.654599459519844, 19.242361587550441 ], [ -104.65474704997041, 19.243356628624923 ], [ -104.654826883722265, 19.244375226543809 ], [ -104.655051855087521, 19.248133641539415 ], [ -104.655131628900122, 19.249182690637582 ], [ -104.655278931151898, 19.250319838967421 ], [ -104.655409589109183, 19.250895287503447 ], [ -104.655872027968186, 19.252443565027018 ], [ -104.655986938060423, 19.252881949956507 ], [ -104.65606074142471, 19.253379469526795 ], [ -104.656051264173897, 19.253651826904001 ], [ -104.655933232675451, 19.25442530836132 ], [ -104.655865099818541, 19.25462650097862 ], [ -104.655789291826693, 19.254720015909118 ], [ -104.655665178450803, 19.254791918360041 ], [ -104.655447709423242, 19.254827036094056 ], [ -104.65515903752744, 19.254826492172089 ], [ -104.654632775619021, 19.254825499405605 ], [ -104.654541350499969, 19.254823840222208 ], [ -104.654455869735386, 19.254814994238508 ], [ -104.654369700755879, 19.25478909013777 ], [ -104.65429471850149, 19.254751727451904 ], [ -104.654263591263003, 19.254735576091804 ], [ -104.654207494650876, 19.254706468554819 ], [ -104.654205249044793, 19.254615584126096 ], [ -104.654209280132847, 19.254537098346905 ], [ -104.654210438207599, 19.253984455343062 ], [ -104.654184064000063, 19.253815228384454 ], [ -104.654059826528311, 19.253578145550158 ], [ -104.653908718852932, 19.253408682646029 ], [ -104.653574344078876, 19.253089954839599 ], [ -104.653327789325886, 19.252854937542615 ], [ -104.65312847570533, 19.252731060471564 ], [ -104.652889031615629, 19.252714365907025 ], [ -104.652550360151793, 19.25276027152433 ], [ -104.651859219165672, 19.25300709797661 ], [ -104.651542711759873, 19.253126597785197 ], [ -104.651254028945502, 19.253235592205012 ], [ -104.650918829967736, 19.253329692093324 ], [ -104.650641220612243, 19.253435743737377 ], [ -104.650545958816195, 19.25337438428587 ], [ -104.650487799580588, 19.253342776005649 ], [ -104.650284671411114, 19.253233741823589 ], [ -104.650019163119396, 19.253064956390617 ], [ -104.650016311576138, 19.253063866552225 ], [ -104.650009499857006, 19.253058813375041 ], [ -104.649587102625901, 19.252790291031197 ], [ -104.649314141652994, 19.252678839090663 ], [ -104.648625260909654, 19.252607426845358 ], [ -104.647951684673131, 19.25261459082671 ], [ -104.64550668081084, 19.252720398732755 ], [ -104.644848988372956, 19.252798636395312 ], [ -104.644247083790987, 19.25304868283304 ], [ -104.64434579249729, 19.252846720226309 ], [ -104.644501623353875, 19.252473141937489 ], [ -104.644527233131399, 19.252165289561425 ], [ -104.644407988363838, 19.252099078811785 ], [ -104.644570304654152, 19.252023264558076 ], [ -104.64474569491594, 19.251668333476744 ], [ -104.644833935859211, 19.251237103393855 ], [ -104.645070334071661, 19.249579627126071 ], [ -104.645174718815625, 19.249097674946523 ], [ -104.64542545135653, 19.248506041207218 ], [ -104.64567925553898, 19.248142802084399 ], [ -104.646612936019409, 19.247039317072435 ], [ -104.646855946579052, 19.246721733174471 ], [ -104.647056322418962, 19.246343162938036 ], [ -104.647099563754509, 19.246119932493951 ] ] ] ] } },
{ "type": "Feature", "properties": { "fid": 20.0, "cat": 14, "CLAVE_ACUI": "1433", "NOM_ACUIF": "CIHUATLAN", "VULNERABIL": 1 }, "geometry": { "type": "MultiPolygon", "coordinates": [ [ [ [ -104.482132876079746, 19.242017478656237 ], [ -104.482156260725603, 19.242514917267307 ], [ -104.482110045521523, 19.243047685530275 ], [ -104.481870985992757, 19.245036498296937 ], [ -104.481856745503237, 19.245599808202144 ], [ -104.482290179259167, 19.246590704120734 ], [ -104.485572510807074, 19.248802609430019 ], [ -104.488827947750806, 19.250138059158346 ], [ -104.489717641808625, 19.250536410423582 ], [ -104.490614081246122, 19.251059965207688 ], [ -104.490705621507004, 19.251141824509222 ], [ -104.491005012642418, 19.251409552267379 ], [ -104.491932923747243, 19.25251740360245 ], [ -104.492238394268369, 19.252846449828965 ], [ -104.492736006309912, 19.253274149518095 ], [ -104.493141410288061, 19.253556102523291 ], [ -104.494535691109846, 19.254444178027111 ], [ -104.495058767754813, 19.254706151043695 ], [ -104.496105504732057, 19.255040618995103 ], [ -104.497077767457668, 19.255256454235543 ], [ -104.500568272129826, 19.255929180913999 ], [ -104.501636922613827, 19.256094502920817 ], [ -104.503133436555373, 19.256193311610911 ], [ -104.504202661047287, 19.256169144825563 ], [ -104.509564786420185, 19.256058974346622 ], [ -104.509936636859081, 19.256251138237023 ], [ -104.510749268401469, 19.25702700545564 ], [ -104.510854964181206, 19.257138097807182 ], [ -104.510960659523946, 19.257249189490903 ], [ -104.511134515576757, 19.257510183135462 ], [ -104.511171489815894, 19.257660847358228 ], [ -104.51117017986023, 19.258102953504352 ], [ -104.511094561802892, 19.258364972031043 ], [ -104.508882579329082, 19.262951412611372 ], [ -104.508736288227553, 19.263246834233392 ], [ -104.508734341419498, 19.26324802639224 ], [ -104.508676411487329, 19.263367749533007 ], [ -104.508303141153277, 19.264244761625051 ], [ -104.508035100563774, 19.265006147946682 ], [ -104.507876710847952, 19.265388959710531 ], [ -104.506815905362302, 19.2649809576757 ], [ -104.505331163353631, 19.26440990316199 ], [ -104.485979424344066, 19.256966927988586 ], [ -104.477027689683183, 19.24876117014951 ], [ -104.476956501638654, 19.248178090976705 ], [ -104.476956498889649, 19.248178070964606 ], [ -104.476861099641539, 19.247396682835348 ], [ -104.47680321930298, 19.246925571666843 ], [ -104.476814390581211, 19.246341503664478 ], [ -104.476904337162622, 19.245679547099506 ], [ -104.477235014140717, 19.243830072996925 ], [ -104.477406578839691, 19.243104805716683 ], [ -104.477475868855691, 19.242949237038946 ], [ -104.477733180860412, 19.242371521921015 ], [ -104.478028190842807, 19.242049240700396 ], [ -104.479078297963696, 19.241278542060154 ], [ -104.47939426817365, 19.241088274081687 ], [ -104.479818694260857, 19.240971058719019 ], [ -104.480097594827114, 19.240992976249039 ], [ -104.480369876041905, 19.240962473778136 ], [ -104.480743816852268, 19.241034588137826 ], [ -104.480998184959446, 19.24116895723671 ], [ -104.481090744048529, 19.241232128021061 ], [ -104.481297729826565, 19.241291047898638 ], [ -104.481571745731642, 19.241410246202804 ], [ -104.481705073538606, 19.241507053130736 ], [ -104.482053254672152, 19.24183962034509 ], [ -104.482132876079746, 19.242017478656237 ] ] ] ] } },
{ "type": "Feature", "properties": { "fid": 21.0, "cat": 19, "CLAVE_ACUI": "1433", "NOM_ACUIF": "CIHUATLAN", "VULNERABIL": 3 }, "geometry": { "type": "MultiPolygon", "coordinates": [ [ [ [ -104.717304568739635, 19.245760462402767 ], [ -104.717443629496984, 19.24854167664061 ], [ -104.717704037949304, 19.253749843984171 ], [ -104.717788800341268, 19.255445091269202 ], [ -104.716983018677894, 19.254174884649675 ], [ -104.716441923785652, 19.25326245324764 ], [ -104.716030414937833, 19.252386520118868 ], [ -104.715686386339172, 19.251288042838947 ], [ -104.715370383174857, 19.250081114624304 ], [ -104.715106249311731, 19.249034948581048 ], [ -104.715043051065081, 19.248485021740041 ], [ -104.715045722229874, 19.246937611130811 ], [ -104.715099968963671, 19.246479223160307 ], [ -104.715350448273455, 19.245887489820777 ], [ -104.715654028181874, 19.245500544028079 ], [ -104.716103813304443, 19.245032325072096 ], [ -104.716510420476993, 19.244568011676847 ], [ -104.716890994858872, 19.244041741853994 ], [ -104.717192901202651, 19.243527112393252 ], [ -104.717233370770799, 19.244336503491596 ], [ -104.717304568739635, 19.245760462402767 ] ] ] ] } },
{ "type": "Feature", "properties": { "fid": 22.0, "cat": 26, "CLAVE_ACUI": "1433", "NOM_ACUIF": "CIHUATLAN", "VULNERABIL": 2 }, "geometry": { "type": "MultiPolygon", "coordinates": [ ] } },
{ "type": "Feature", "properties": { "fid": 25.0, "cat": 28, "CLAVE_ACUI": "1433", "NOM_ACUIF": "CIHUATLAN", "VULNERABIL": 2 }, "geometry": { "type": "MultiPolygon", "coordinates": [ ] } },
{ "type": "Feature", "properties": { "fid": 26.0, "cat": 29, "CLAVE_ACUI": "1433", "NOM_ACUIF": "CIHUATLAN", "VULNERABIL": 5 }, "geometry": { "type": "MultiPolygon", "coordinates": [ ] } },
{ "type": "Feature", "properties": { "fid": 27.0, "cat": 27, "CLAVE_ACUI": "1433", "NOM_ACUIF": "CIHUATLAN", "VULNERABIL": 2 }, "geometry": { "type": "MultiPolygon", "coordinates": [ [ [ [ -104.619337019853134, 19.237519734297663 ], [ -104.618984212189346, 19.237014853241355 ], [ -104.618550122339457, 19.236466191420963 ], [ -104.618362206817906, 19.236273514134716 ], [ -104.618024424387215, 19.235973587224741 ], [ -104.617732149752939, 19.235746663001265 ], [ -104.617590240963665, 19.235648622855578 ], [ -104.617433612159843, 19.235564082159463 ], [ -104.617342933983949, 19.235516240047065 ], [ -104.617231029530174, 19.235458152439918 ], [ -104.616655049966084, 19.235237992655318 ], [ -104.616654268930958, 19.235235887968958 ], [ -104.616477291427103, 19.235164907962844 ], [ -104.61624453721339, 19.235081078687241 ], [ -104.616046420338648, 19.235005350064331 ], [ -104.615820783243748, 19.234935106279295 ], [ -104.615579545111643, 19.234869201779855 ], [ -104.61543430105813, 19.234823872993125 ], [ -104.615335315151356, 19.234781188104865 ], [ -104.615225337697524, 19.234724232168237 ], [ -104.614644089097567, 19.234391423103045 ], [ -104.61448225080494, 19.234264199769413 ], [ -104.614308252934407, 19.234003300948164 ], [ -104.614221522841717, 19.233757811762718 ], [ -104.613990781397362, 19.232873094282187 ], [ -104.613957526382521, 19.232617567061787 ], [ -104.614033076132046, 19.232309824354427 ], [ -104.614174259010426, 19.232125719045065 ], [ -104.614757560506789, 19.231574302480897 ], [ -104.614962787242092, 19.231430933709944 ], [ -104.61533721255843, 19.231313296727627 ], [ -104.615666879359125, 19.231288612363389 ], [ -104.616830899535657, 19.231291051625298 ], [ -104.617149852619434, 19.231276492788172 ], [ -104.61747427989873, 19.231206116426112 ], [ -104.617618794268836, 19.231120137976365 ], [ -104.617968766693892, 19.230789281497138 ], [ -104.618086731544508, 19.230627117627836 ], [ -104.618287261968717, 19.230201209655505 ], [ -104.618455768560082, 19.229754933471188 ], [ -104.6190415955639, 19.228098217964263 ], [ -104.619247609220295, 19.227799285848182 ], [ -104.619268622571042, 19.227768794758052 ], [ -104.619742262665, 19.227888202673658 ], [ -104.620191867444973, 19.228388207957341 ], [ -104.621816408815874, 19.230602150149434 ], [ -104.622276601149352, 19.23115292535411 ], [ -104.622799599123354, 19.231509275180446 ], [ -104.623086544039694, 19.231467571738396 ], [ -104.623902617680002, 19.230916604456812 ], [ -104.624158184091399, 19.230570316101847 ], [ -104.624534753971233, 19.229505272749375 ], [ -104.624817141906732, 19.228330070374739 ], [ -104.625758353555625, 19.223910831829439 ], [ -104.626035481135617, 19.222689937982217 ], [ -104.626387559963888, 19.221411676075938 ], [ -104.626613404318647, 19.220806481744372 ], [ -104.627315261119804, 19.219260502086531 ], [ -104.627498045014903, 19.218787177183259 ], [ -104.627649187062332, 19.218124309099881 ], [ -104.627682321103251, 19.217650679760478 ], [ -104.62768580514107, 19.216103277551504 ], [ -104.627606487098532, 19.215725850741318 ], [ -104.627428448300819, 19.215623915270339 ], [ -104.627232852991398, 19.215511927539289 ], [ -104.626778407410967, 19.215583748848253 ], [ -104.625031288008017, 19.216132828362188 ], [ -104.624469557835312, 19.216376985249223 ], [ -104.623595272874553, 19.21696731217413 ], [ -104.622908021693178, 19.217566478662498 ], [ -104.621741568853068, 19.218669366061619 ], [ -104.62057510045274, 19.219772245636413 ], [ -104.619925274171308, 19.22035625196537 ], [ -104.619225707897584, 19.220875865177938 ], [ -104.618876157125726, 19.221034164917036 ], [ -104.617944487674194, 19.221253282600237 ], [ -104.617595216673308, 19.221289772883836 ], [ -104.616896956516484, 19.221240944484759 ], [ -104.616248713872508, 19.221134697975263 ], [ -104.61508527998528, 19.220911199216136 ], [ -104.613921849380404, 19.220687693117991 ], [ -104.613129317545841, 19.220576056200766 ], [ -104.611757693036949, 19.220502100378614 ], [ -104.610590760373356, 19.220508082701677 ], [ -104.607322874973448, 19.220664027228782 ], [ -104.605724556406244, 19.220812882862042 ], [ -104.604197572938943, 19.22103105931156 ], [ -104.604898503383694, 19.220567848550548 ], [ -104.60572668913963, 19.220055254940675 ], [ -104.606876901755598, 19.219412943080808 ], [ -104.609187747144418, 19.218137744194014 ], [ -104.618395015272625, 19.212851751245594 ], [ -104.620806826217077, 19.211430591782193 ], [ -104.62285500965551, 19.210084781768661 ], [ -104.623369207313246, 19.209583381971107 ], [ -104.623720630416884, 19.208589340105704 ], [ -104.623753296192092, 19.20832549026353 ], [ -104.623554316342663, 19.208088233254415 ], [ -104.623237393987665, 19.208013144062928 ], [ -104.622546773560302, 19.207952087139891 ], [ -104.622974717605842, 19.207846246132018 ], [ -104.623349515165188, 19.207539113540655 ], [ -104.623430421730276, 19.207212767161604 ], [ -104.623433188856936, 19.205996950371905 ], [ -104.623455377907561, 19.20564003134044 ], [ -104.623556159464684, 19.205190226028673 ], [ -104.62367794379675, 19.204904565976385 ], [ -104.62414548639785, 19.204021290269832 ], [ -104.624358210773593, 19.203695213478994 ], [ -104.624883382525482, 19.203056797339851 ], [ -104.62542090098502, 19.202470849880452 ], [ -104.627404120624107, 19.200374831694578 ], [ -104.627957562085371, 19.199829511370496 ], [ -104.628557097856003, 19.199380713968271 ], [ -104.628860138877684, 19.199284896214234 ], [ -104.62930608211262, 19.199285798187301 ], [ -104.629513572515592, 19.199286217429062 ], [ -104.629677194552713, 19.199280777838766 ], [ -104.629756211619835, 19.199278150875681 ], [ -104.62993191678089, 19.19927447341308 ], [ -104.630092085740728, 19.19927868518268 ], [ -104.630081409360628, 19.199596729792528 ], [ -104.630081704481597, 19.19990680222746 ], [ -104.630088219420074, 19.200086506511155 ], [ -104.630095771494624, 19.200620652028299 ], [ -104.630093117502184, 19.201808135686715 ], [ -104.630127685651033, 19.202194850613701 ], [ -104.630147774574084, 19.202368124515345 ], [ -104.630184642117797, 19.202558931455719 ], [ -104.630234926582233, 19.202740837954533 ], [ -104.63029415391334, 19.202893696707939 ], [ -104.630355159275766, 19.203019526253645 ], [ -104.630443959689487, 19.203175798981729 ], [ -104.630540621686592, 19.20336940802984 ], [ -104.630622228505715, 19.203516815494776 ], [ -104.63066367205947, 19.203572043745474 ], [ -104.630658061590097, 19.203628190257675 ], [ -104.630660743410687, 19.203697306045992 ], [ -104.630667873944944, 19.203767096398735 ], [ -104.630687359113423, 19.203879659747457 ], [ -104.630624148135311, 19.204186063448624 ], [ -104.630596218497246, 19.204358254745323 ], [ -104.630575212756355, 19.204576066633958 ], [ -104.630561260117943, 19.204892624889208 ], [ -104.630556571169279, 19.206992673932728 ], [ -104.630533928723267, 19.207559373326259 ], [ -104.630432952872582, 19.208103921684909 ], [ -104.630311343998727, 19.208315148475172 ], [ -104.629844810684006, 19.208756324438831 ], [ -104.629723348246031, 19.208901571846656 ], [ -104.62962305818354, 19.209138217838582 ], [ -104.629536371050094, 19.209799166645286 ], [ -104.629470166448613, 19.210276867858489 ], [ -104.629351139784433, 19.211121598425539 ], [ -104.6292978518171, 19.211536202295008 ], [ -104.629241332349807, 19.212010080766916 ], [ -104.62915815632536, 19.212558047614689 ], [ -104.629134814643024, 19.212645917667185 ], [ -104.629049412365646, 19.212967414408467 ], [ -104.628963150340766, 19.213201094591305 ], [ -104.62888701716625, 19.213353507651984 ], [ -104.628807194469573, 19.213463414435452 ], [ -104.628710901011175, 19.213570717960387 ], [ -104.628632016221601, 19.213665655525965 ], [ -104.628550904522641, 19.21377958561748 ], [ -104.628476543889903, 19.213916109417518 ], [ -104.628407768994578, 19.214052056648065 ], [ -104.628404597105259, 19.214142505154474 ], [ -104.628408121149619, 19.214187753883888 ], [ -104.628424865095425, 19.214229032130081 ], [ -104.628458726426445, 19.214261476891647 ], [ -104.628504961888268, 19.214285722316756 ], [ -104.628605326671277, 19.214326319307638 ], [ -104.628943224060109, 19.214396571823556 ], [ -104.629678844436071, 19.214457271892925 ], [ -104.632588358067281, 19.214573657411428 ], [ -104.633001078269672, 19.214598826247798 ], [ -104.633420203664329, 19.214624384732677 ], [ -104.634379015209262, 19.214748957946718 ], [ -104.634152955960332, 19.216795490928167 ], [ -104.633140822315525, 19.218474497075725 ], [ -104.632747342652266, 19.220019171346888 ], [ -104.631800943988281, 19.222068850136989 ], [ -104.631862467047441, 19.22434649639262 ], [ -104.632858111507474, 19.22583069181746 ], [ -104.63289313546656, 19.227195467655811 ], [ -104.632520005561403, 19.228134648922214 ], [ -104.631556603240071, 19.22925339829434 ], [ -104.629051631634383, 19.230495554920378 ], [ -104.626490212403198, 19.23143931483003 ], [ -104.624785036690369, 19.232384794966837 ], [ -104.623726209615711, 19.233593683616181 ], [ -104.623534875242029, 19.234054216626124 ], [ -104.622539985057543, 19.236420063666024 ], [ -104.621538781790022, 19.237375999865712 ], [ -104.62065259163991, 19.23796162035811 ], [ -104.61980325021905, 19.238186915309772 ], [ -104.619337019853134, 19.237519734297663 ] ], [ [ -104.619597878247248, 19.233223642377659 ], [ -104.619826530479642, 19.233088550750111 ], [ -104.619334562930177, 19.231885505367813 ], [ -104.618331907994119, 19.23347406532919 ], [ -104.617343311251787, 19.233092415732919 ], [ -104.616193986392631, 19.232276611243261 ], [ -104.615812875206359, 19.232510793920646 ], [ -104.615716325513006, 19.233116121598595 ], [ -104.616114240646638, 19.233839977503287 ], [ -104.61604722110367, 19.234020592265395 ], [ -104.617938670203372, 19.234837947852018 ], [ -104.618576230643555, 19.234794088365042 ], [ -104.619290717166137, 19.234397913729655 ], [ -104.619597878247248, 19.233223642377659 ] ] ], [ [ [ -104.624585307024347, 19.236541760275671 ], [ -104.624996456312275, 19.235647863721073 ], [ -104.624924691726747, 19.233731709230678 ], [ -104.625649778817689, 19.23284749139129 ], [ -104.626907321978109, 19.23210896056079 ], [ -104.629039966928474, 19.23145353577512 ], [ -104.632764354478567, 19.229490806550427 ], [ -104.63401408825905, 19.22795688508074 ], [ -104.633804879929713, 19.223618329068692 ], [ -104.633203506262944, 19.220236992216734 ], [ -104.633910422811084, 19.218918888357482 ], [ -104.63523714747258, 19.216942257215049 ], [ -104.635554311524672, 19.215478765053419 ], [ -104.635437363618934, 19.214999269228741 ], [ -104.636578473426709, 19.215311332804411 ], [ -104.636865638823991, 19.215356013513627 ], [ -104.636990681081997, 19.215364656203072 ], [ -104.637166675250242, 19.215337050467504 ], [ -104.637280254511765, 19.21526218746995 ], [ -104.637341984035388, 19.215113845680232 ], [ -104.637356857307964, 19.215025769407667 ], [ -104.637354178938722, 19.214846785829248 ], [ -104.637252684743103, 19.213862252789358 ], [ -104.637258018479741, 19.213744182422225 ], [ -104.637293714833547, 19.213655288666423 ], [ -104.637371139724763, 19.213587016052028 ], [ -104.637510058131511, 19.213542889009069 ], [ -104.637669106516839, 19.213518121374868 ], [ -104.637921794664209, 19.21356161098651 ], [ -104.638222313201268, 19.213634087888568 ], [ -104.640199498641238, 19.21430115658584 ], [ -104.640799484422573, 19.214474894746076 ], [ -104.641622223647929, 19.214618614723108 ], [ -104.642197578732549, 19.214650190938375 ], [ -104.644059829250224, 19.214653817373659 ], [ -104.644629993269234, 19.214614321247002 ], [ -104.645428506852426, 19.214426388910347 ], [ -104.645999075407531, 19.214197410245728 ], [ -104.647863204248353, 19.213316765856945 ], [ -104.648396516599234, 19.213011578013617 ], [ -104.649021188139955, 19.212468022870596 ], [ -104.64938026361348, 19.211996704074966 ], [ -104.650431267215993, 19.210340768814181 ], [ -104.650704974924935, 19.209798229665967 ], [ -104.650931285350964, 19.208922319367261 ], [ -104.650980879390943, 19.208213558423921 ], [ -104.650986008848506, 19.205781917504964 ], [ -104.651019633209074, 19.205042673858888 ], [ -104.651171416705864, 19.20402451132551 ], [ -104.651354624827036, 19.20330923690241 ], [ -104.651797051957274, 19.201849673584071 ], [ -104.652003773891323, 19.201049963844909 ], [ -104.65212065475346, 19.20053371915207 ], [ -104.652232914356759, 19.200123864219389 ], [ -104.652404811787378, 19.199572232976234 ], [ -104.652688639107495, 19.199392962134393 ], [ -104.652857671442192, 19.199281522380439 ], [ -104.652989588980418, 19.199188621433226 ], [ -104.653250642561275, 19.199009547441086 ], [ -104.653443525123279, 19.198881859569138 ], [ -104.653577623308465, 19.198793086423496 ], [ -104.653704887667331, 19.198708837278367 ], [ -104.654196117099318, 19.198383640842948 ], [ -104.654333822268612, 19.198274750942016 ], [ -104.654388404658874, 19.198303823110901 ], [ -104.654474927898491, 19.198322018135443 ], [ -104.654582351415371, 19.198308652084393 ], [ -104.65466665449128, 19.19827780722169 ], [ -104.654756317559219, 19.198235440050023 ], [ -104.654834450164159, 19.198203930057389 ], [ -104.654938219514946, 19.198175061137963 ], [ -104.655093860009501, 19.198145049213029 ], [ -104.655210383172488, 19.198131423509661 ], [ -104.655710834536436, 19.198098887880253 ], [ -104.656569148612974, 19.198209215566621 ], [ -104.657456064840503, 19.198323215406752 ], [ -104.657963684151568, 19.198351231353204 ], [ -104.658587340517087, 19.198257653657823 ], [ -104.658970658077422, 19.198095955788265 ], [ -104.660135811799677, 19.197434940110167 ], [ -104.660476374643409, 19.197273159798041 ], [ -104.660900519509454, 19.197179204695733 ], [ -104.661165878542477, 19.197206763656535 ], [ -104.661572977728881, 19.197318045109427 ], [ -104.661912677146901, 19.197410901884545 ], [ -104.662150552110674, 19.197483396030325 ], [ -104.662262857962261, 19.197550073016444 ], [ -104.662330701850919, 19.197620079809273 ], [ -104.662369419202534, 19.19770548515492 ], [ -104.662395642655284, 19.197839614032205 ], [ -104.662406669071203, 19.198017613669823 ], [ -104.662369324783711, 19.198563727065622 ], [ -104.662247865586721, 19.199244210668244 ], [ -104.662119970837537, 19.199669994742429 ], [ -104.661876146524051, 19.200315412042833 ], [ -104.661682183123133, 19.200649209523469 ], [ -104.661439648812035, 19.20096020597456 ], [ -104.660963021355471, 19.20145941001455 ], [ -104.660471673553175, 19.201867670374469 ], [ -104.659990683390618, 19.202180683030406 ], [ -104.65719430823188, 19.203722891910079 ], [ -104.656477233376904, 19.204185097676358 ], [ -104.655927288075347, 19.204799874515398 ], [ -104.655858729860086, 19.205215923790504 ], [ -104.656088741442673, 19.206542711043774 ], [ -104.656201928766208, 19.2069387998663 ], [ -104.656500123691558, 19.207460427080033 ], [ -104.656812929789808, 19.207809519610628 ], [ -104.65797450496818, 19.208916986764226 ], [ -104.658287274988098, 19.20928637809428 ], [ -104.658585285123806, 19.209902741253014 ], [ -104.658698243257575, 19.210413869094907 ], [ -104.658812808465385, 19.211298328025133 ], [ -104.658927372531835, 19.212182769162077 ], [ -104.658949572298781, 19.212648049795607 ], [ -104.658824038774497, 19.213050459617708 ], [ -104.658622505089411, 19.213160049986296 ], [ -104.657807547848066, 19.213269059741769 ], [ -104.657552652946421, 19.213337946582357 ], [ -104.657178100682955, 19.213550410483965 ], [ -104.656897920423887, 19.213785043427727 ], [ -104.655964959346278, 19.214667530711594 ], [ -104.655641998468326, 19.214912232010274 ], [ -104.655067813747578, 19.215171686035585 ], [ -104.652823946164474, 19.215625920640459 ], [ -104.65236927908451, 19.215807770707841 ], [ -104.651994066734929, 19.216328126076061 ], [ -104.651912716511575, 19.216889641728486 ], [ -104.651910173714256, 19.218097565987687 ], [ -104.651908295577982, 19.218989692952604 ], [ -104.651893797542272, 19.219617777617884 ], [ -104.651880361207361, 19.21980466482162 ], [ -104.651854603813845, 19.219953336653937 ], [ -104.651815375187127, 19.220116134612383 ], [ -104.651784019878562, 19.220199388623072 ], [ -104.651736043846711, 19.220291963080108 ], [ -104.651667038252086, 19.220401631474374 ], [ -104.651608741627456, 19.220494280443617 ], [ -104.651560112606205, 19.2205835086883 ], [ -104.651529288176718, 19.220657333853008 ], [ -104.651502381540368, 19.220763353432815 ], [ -104.651490213245125, 19.220872118238017 ], [ -104.651469343884074, 19.221289675076591 ], [ -104.651487757001505, 19.221851379944667 ], [ -104.651599726747889, 19.223951651349488 ], [ -104.651511340899887, 19.224467474952242 ], [ -104.65098690124448, 19.224774379729727 ], [ -104.650326088637769, 19.224696989573033 ], [ -104.647766750214331, 19.224028910125948 ], [ -104.647068821477404, 19.22381440308202 ], [ -104.646371147941693, 19.223481469604465 ], [ -104.646072399426927, 19.223220359227067 ], [ -104.645375916007723, 19.222334777616368 ], [ -104.645151975285629, 19.222083961201186 ], [ -104.644908078306244, 19.221884623132738 ], [ -104.644803398224823, 19.221799067398312 ], [ -104.644684115702944, 19.221484165824076 ], [ -104.644656381591901, 19.221125455585309 ], [ -104.64461324807003, 19.220855553420421 ], [ -104.644426681451364, 19.219688128319493 ], [ -104.644340266477229, 19.219278550805623 ], [ -104.644166695036915, 19.218804516507483 ], [ -104.644005150901535, 19.218536902090644 ], [ -104.643424852401353, 19.217762068112741 ], [ -104.643225734280946, 19.217570509816547 ], [ -104.642876811914718, 19.217451405781759 ], [ -104.642577469061365, 19.217472815221058 ], [ -104.642390556577823, 19.217511876274152 ], [ -104.64237985938729, 19.217408142168075 ], [ -104.642349683335311, 19.217357329989554 ], [ -104.642233290784631, 19.217357102774926 ], [ -104.642176249240748, 19.217372217379378 ], [ -104.642026447842113, 19.217442979383762 ], [ -104.6418694872592, 19.217528953255037 ], [ -104.641613121169314, 19.21767434281443 ], [ -104.641286804613387, 19.217859401570806 ], [ -104.641167178179174, 19.217980975201694 ], [ -104.641185511054729, 19.218158767181031 ], [ -104.641191605571805, 19.218217871646889 ], [ -104.64134612877308, 19.218434721469787 ], [ -104.641387781669081, 19.218749628647281 ], [ -104.641112145917774, 19.218887947945994 ], [ -104.640816583380968, 19.219185616126168 ], [ -104.640767425946592, 19.219917581449341 ], [ -104.641450884234885, 19.220614830799022 ], [ -104.641625031966171, 19.220543305164234 ], [ -104.641685007000646, 19.22099673267207 ], [ -104.641325966321745, 19.223348725300209 ], [ -104.641212709637671, 19.224090628709902 ], [ -104.641089812870433, 19.224895672669671 ], [ -104.640996162854123, 19.22535903535633 ], [ -104.640795284803559, 19.225974447404258 ], [ -104.640601965801991, 19.226390244651007 ], [ -104.639900682528832, 19.227715218071172 ], [ -104.639648576315608, 19.228125823258591 ], [ -104.639173368767217, 19.228717008431698 ], [ -104.638746606221986, 19.229150952925743 ], [ -104.637230241323209, 19.230584834843881 ], [ -104.636664543632435, 19.230998197705937 ], [ -104.635540997922959, 19.231493346229307 ], [ -104.634501629648696, 19.23178733486715 ], [ -104.632638205047073, 19.232225722552062 ], [ -104.630774770883733, 19.232664091089319 ], [ -104.629756835677213, 19.232927643857455 ], [ -104.628733350763099, 19.233280843530338 ], [ -104.628289166251676, 19.233521865646317 ], [ -104.627239786789431, 19.234293435583435 ], [ -104.626912937493287, 19.23464634995921 ], [ -104.626437023063517, 19.235521716713311 ], [ -104.626083992464714, 19.236419326091276 ], [ -104.624912404657778, 19.239732798194591 ], [ -104.624607510228302, 19.240610201456121 ], [ -104.624350724713537, 19.24128967358941 ], [ -104.624056204967701, 19.241867927959046 ], [ -104.623470972517424, 19.241608735845947 ], [ -104.622179949540552, 19.24095314750225 ], [ -104.621752995360396, 19.240659589770438 ], [ -104.621155680438264, 19.240066235497455 ], [ -104.62072932870683, 19.239512144269383 ], [ -104.620534560306766, 19.239229049169495 ], [ -104.620392294490202, 19.23901097750462 ], [ -104.622041908676778, 19.237874116437059 ], [ -104.623204011637597, 19.237289057236893 ], [ -104.624585307024347, 19.236541760275671 ] ], [ [ -104.637779598023101, 19.216217119099127 ], [ -104.637829168942446, 19.216359326230062 ], [ -104.637964237540501, 19.216508469385246 ], [ -104.638544989056427, 19.217062262554634 ], [ -104.638744182373344, 19.217216606947364 ], [ -104.639092997740036, 19.217383088311895 ], [ -104.639392112036191, 19.217466574209535 ], [ -104.640439164730836, 19.217689690490673 ], [ -104.640652910590219, 19.217707027552681 ], [ -104.640603336845572, 19.217564821160344 ], [ -104.640318771956402, 19.217344331950972 ], [ -104.63904038453795, 19.216457583376581 ], [ -104.638691700533315, 19.216231890031438 ], [ -104.638342887991897, 19.216065407928383 ], [ -104.638193267571978, 19.216053270149661 ], [ -104.637843850779944, 19.216163109273406 ], [ -104.637779598023101, 19.216217119099127 ] ] ] ] } },
{ "type": "Feature", "properties": { "fid": 28.0, "cat": 30, "CLAVE_ACUI": "1433", "NOM_ACUIF": "CIHUATLAN", "VULNERABIL": 2 }, "geometry": { "type": "MultiPolygon", "coordinates": [ ] } },
{ "type": "Feature", "properties": { "fid": 29.0, "cat": 32, "CLAVE_ACUI": "1433", "NOM_ACUIF": "CIHUATLAN", "VULNERABIL": 2 }, "geometry": { "type": "MultiPolygon", "coordinates": [ ] } },
{ "type": "Feature", "properties": { "fid": 30.0, "cat": 33, "CLAVE_ACUI": "1433", "NOM_ACUIF": "CIHUATLAN", "VULNERABIL": 2 }, "geometry": { "type": "MultiPolygon", "coordinates": [ ] } },
{ "type": "Feature", "properties": { "fid": 31.0, "cat": 31, "CLAVE_ACUI": "1433", "NOM_ACUIF": "CIHUATLAN", "VULNERABIL": 5 }, "geometry": { "type": "MultiPolygon", "coordinates": [ [ [ [ -104.67216542778408, 19.229890534010426 ], [ -104.67301245584602, 19.229518165350211 ], [ -104.673935960969231, 19.229211908234475 ], [ -104.674408228842623, 19.229146769079815 ], [ -104.675688642609586, 19.229149040903216 ], [ -104.676080516505294, 19.229195412433373 ], [ -104.676628848351626, 19.229409545531652 ], [ -104.677020306517747, 19.229669078435588 ], [ -104.678298787966128, 19.230666094528097 ], [ -104.678642008429804, 19.23099659395821 ], [ -104.678965214365959, 19.231541913540902 ], [ -104.679083716032679, 19.231990442550135 ], [ -104.679313519066895, 19.233538258395456 ], [ -104.679357211129656, 19.233976505457075 ], [ -104.679331301803074, 19.234473842841702 ], [ -104.67925059600357, 19.234746077741548 ], [ -104.678899876353285, 19.235519169433218 ], [ -104.678776585580678, 19.23569997339084 ], [ -104.678551950199747, 19.235770633808311 ], [ -104.67765676104365, 19.235247428528577 ], [ -104.677368367233385, 19.235121729032876 ], [ -104.677368367233385, 19.235121729032876 ], [ -104.676720100505705, 19.23497847626793 ], [ -104.676082399160848, 19.234899527457781 ], [ -104.673754729716833, 19.234674335913905 ], [ -104.673036924486638, 19.234559706461333 ], [ -104.672014834424871, 19.234249975036604 ], [ -104.67127251264796, 19.233922130874983 ], [ -104.668830454177836, 19.232701906767407 ], [ -104.668334130493065, 19.232318666892983 ], [ -104.668459989084567, 19.231750457716945 ], [ -104.67216542778408, 19.229890534010426 ] ] ] ] } },
{ "type": "Feature", "properties": { "fid": 32.0, "cat": 35, "CLAVE_ACUI": "1433", "NOM_ACUIF": "CIHUATLAN", "VULNERABIL": 3 }, "geometry": { "type": "MultiPolygon", "coordinates": [ [ [ [ -104.668198569477013, 19.197172251761483 ], [ -104.668775617918257, 19.197220664757442 ], [ -104.670520858782126, 19.197444868105006 ], [ -104.670980281978657, 19.197523514938375 ], [ -104.671379013423206, 19.19766633966897 ], [ -104.671489206330861, 19.197791729082738 ], [ -104.671604708393872, 19.198234055419647 ], [ -104.671773705519158, 19.198349399249267 ], [ -104.67244685684166, 19.198445342674976 ], [ -104.673239504486119, 19.198467058103201 ], [ -104.676265375621213, 19.198472424525665 ], [ -104.677095550732318, 19.198433285299611 ], [ -104.677943828370545, 19.198245297064489 ], [ -104.678325477846357, 19.198015884175263 ], [ -104.678599722192331, 19.197756382595813 ], [ -104.678833104474535, 19.199183166141488 ], [ -104.679686988765141, 19.200332466263347 ], [ -104.68135062329992, 19.200868597862378 ], [ -104.681444162966812, 19.201006763957047 ], [ -104.681824831946727, 19.201288261092291 ], [ -104.682323428922402, 19.20138386549463 ], [ -104.682655039744205, 19.201238946221451 ], [ -104.683703953657471, 19.200467048928875 ], [ -104.683992983651152, 19.200230697346832 ], [ -104.684292881562058, 19.199899624041674 ], [ -104.684432277513565, 19.19966301406156 ], [ -104.684668867419887, 19.19914133321603 ], [ -104.684701303747119, 19.199076565605072 ], [ -104.684767018034535, 19.198961459227252 ], [ -104.684887728034212, 19.19877800126789 ], [ -104.684992987119884, 19.198643924891037 ], [ -104.685150146580142, 19.198461533849663 ], [ -104.684280395308548, 19.200376511645747 ], [ -104.684562683697152, 19.20368576047909 ], [ -104.685325622419541, 19.206071854854702 ], [ -104.687072753332032, 19.208461761823234 ], [ -104.688873290511793, 19.210390091897274 ], [ -104.693023680462758, 19.215204239707436 ], [ -104.697044371770829, 19.218492508130101 ], [ -104.699325560863528, 19.219995498125684 ], [ -104.702766418216299, 19.221221924033614 ], [ -104.705184935467145, 19.222274780474219 ], [ -104.707620333240385, 19.222262238939908 ], [ -104.709318086523567, 19.223611850677511 ], [ -104.711151963490195, 19.225069672555403 ], [ -104.71269957501805, 19.226299930628794 ], [ -104.712411967987961, 19.226403990344259 ], [ -104.711658437710042, 19.226748899446623 ], [ -104.71089303767215, 19.22717537461072 ], [ -104.709492277732934, 19.228026043940936 ], [ -104.708643713418994, 19.228308915553068 ], [ -104.707987875500137, 19.228416145172684 ], [ -104.705775861291968, 19.228633664597229 ], [ -104.705168315145684, 19.228634379365829 ], [ -104.704545118301539, 19.2284202105212 ], [ -104.704262384111416, 19.228113541605634 ], [ -104.703566159906529, 19.226896588500065 ], [ -104.703294256567659, 19.22651380540675 ], [ -104.70272159474996, 19.225944437955274 ], [ -104.702175411138839, 19.225513837948323 ], [ -104.700199234698417, 19.224073726977196 ], [ -104.699631601717073, 19.223688762474232 ], [ -104.698958805034337, 19.223332383745063 ], [ -104.698565298151124, 19.223208236543027 ], [ -104.697401729572888, 19.222985258682847 ], [ -104.697008075889087, 19.222942313468064 ], [ -104.696334591883073, 19.222964883285488 ], [ -104.695766124956407, 19.223040070307427 ], [ -104.693786758812095, 19.223368361706118 ], [ -104.693175832673447, 19.223281058620341 ], [ -104.691669989556189, 19.221581673152148 ], [ -104.689581915552012, 19.217820135175035 ], [ -104.688016346853118, 19.215717974299412 ], [ -104.687908513890235, 19.21563918362699 ], [ -104.687345642214211, 19.21522790605178 ], [ -104.685136517016304, 19.214008296100985 ], [ -104.684503016440672, 19.213635014460987 ], [ -104.683755788547444, 19.213112657583633 ], [ -104.683321819921417, 19.212739716090173 ], [ -104.68204386944133, 19.211521675813668 ], [ -104.681700929292077, 19.211062607490394 ], [ -104.681378483125556, 19.210138333899582 ], [ -104.681260785266602, 19.209277011802627 ], [ -104.681033977208884, 19.206181781914562 ], [ -104.680937660386249, 19.205320496495457 ], [ -104.680714986807658, 19.204396394957858 ], [ -104.68049319875783, 19.203937535190121 ], [ -104.679680867178348, 19.202720289165651 ], [ -104.679330649043507, 19.202352559903314 ], [ -104.67850862515364, 19.201853736004562 ], [ -104.677684525085255, 19.201508857142336 ], [ -104.674660770682323, 19.200398218565699 ], [ -104.673692307667295, 19.200098743884581 ], [ -104.672196546206735, 19.199811856575348 ], [ -104.67102820552013, 19.199701490246458 ], [ -104.670061359901354, 19.199645733081574 ], [ -104.66931449244349, 19.199615948702071 ], [ -104.668941674523865, 19.199614866711666 ], [ -104.668352834843304, 19.199636532285137 ], [ -104.667786720411442, 19.199671177397079 ], [ -104.667323575175033, 19.199676755952851 ], [ -104.666747140092951, 19.199626487902112 ], [ -104.666411835324595, 19.199567958828272 ], [ -104.665877205514889, 19.199416263874269 ], [ -104.665453192498944, 19.19930048727063 ], [ -104.665047909527487, 19.199186600507687 ], [ -104.664686189289597, 19.199051962321452 ], [ -104.664347445453984, 19.198893118181417 ], [ -104.66392704636003, 19.198694539591816 ], [ -104.663430860915838, 19.198481029491585 ], [ -104.6630540521531, 19.198340100704193 ], [ -104.662738315535847, 19.198190147021176 ], [ -104.662406669071203, 19.198017613669823 ], [ -104.662395642655284, 19.197839614032205 ], [ -104.662369419202534, 19.19770548515492 ], [ -104.662739960274564, 19.197625485498428 ], [ -104.663159103664754, 19.197529618305879 ], [ -104.663797011627381, 19.197432665412908 ], [ -104.666474169829669, 19.197216493890156 ], [ -104.667250914642167, 19.197170534865517 ], [ -104.668198569477013, 19.197172251761483 ] ] ] ] } },
{ "type": "Feature", "properties": { "fid": 33.0, "cat": 24, "CLAVE_ACUI": "1433", "NOM_ACUIF": "CIHUATLAN", "VULNERABIL": 5 }, "geometry": { "type": "MultiPolygon", "coordinates": [ [ [ [ -104.700122238974316, 19.243917625200144 ], [ -104.699876281347116, 19.243885192069136 ], [ -104.699385078199938, 19.24396209395055 ], [ -104.698936048300027, 19.243968122996414 ], [ -104.698237922849174, 19.243777494087013 ], [ -104.69768963227672, 19.243499137582564 ], [ -104.6972704870619, 19.243249444801858 ], [ -104.697152648002856, 19.243210083558846 ], [ -104.696330280692862, 19.242758707896012 ], [ -104.695894625373313, 19.242429805793929 ], [ -104.695869443864723, 19.242414801184822 ], [ -104.695829082659543, 19.242390759719871 ], [ -104.695264942629834, 19.24201593829121 ], [ -104.694492827149261, 19.241375158888406 ], [ -104.693953945872011, 19.240834581296976 ], [ -104.693860588971162, 19.240733764353955 ], [ -104.692211302482747, 19.238952657254195 ], [ -104.69170464077493, 19.238341072538304 ], [ -104.691082843203489, 19.237368943262585 ], [ -104.690701222503222, 19.236591772362932 ], [ -104.690515924751892, 19.236167386599529 ], [ -104.690256191403861, 19.235742874730185 ], [ -104.689833703587723, 19.23490980412301 ], [ -104.689592021194755, 19.23405134368376 ], [ -104.689542141350842, 19.233937100784424 ], [ -104.689251430839775, 19.233144854854128 ], [ -104.689053842109331, 19.232102383182188 ], [ -104.689062280580217, 19.231405384237885 ], [ -104.689299243262411, 19.229195193786584 ], [ -104.689382356907785, 19.228579526718484 ], [ -104.689533261269901, 19.227916604633634 ], [ -104.689665725381857, 19.227585240128548 ], [ -104.690132984568137, 19.226701793820023 ], [ -104.690302755972766, 19.226426320663922 ], [ -104.690627765443807, 19.226024226020819 ], [ -104.690922292861984, 19.225725277982242 ], [ -104.691971737983962, 19.224732278330389 ], [ -104.692266185073549, 19.224473930652668 ], [ -104.692590833520882, 19.224261311271295 ], [ -104.692760170631772, 19.224215917260626 ], [ -104.693225762553311, 19.224216697566483 ], [ -104.693475036216256, 19.224298320371357 ], [ -104.694172723339705, 19.224678445610731 ], [ -104.694920148924211, 19.225139856585159 ], [ -104.697710482463435, 19.226912958640128 ], [ -104.698548754595237, 19.227394806229789 ], [ -104.70043429388393, 19.228067845475284 ], [ -104.700434293884541, 19.22806784547544 ], [ -104.702877915519977, 19.228513945019184 ], [ -104.703535074159277, 19.228665578552057 ], [ -104.704158185759425, 19.228927120586622 ], [ -104.704391186027934, 19.229149120274986 ], [ -104.704623297685131, 19.229536348956948 ], [ -104.704975968604913, 19.230257052658096 ], [ -104.705074346981789, 19.231038814381627 ], [ -104.705094329044726, 19.231822141544345 ], [ -104.705089199206284, 19.23469590609734 ], [ -104.705066356690494, 19.23551469137708 ], [ -104.704964887923339, 19.236461925241144 ], [ -104.704842774608508, 19.236996331158245 ], [ -104.70437437654941, 19.23854299072006 ], [ -104.704193525117134, 19.239041773792646 ], [ -104.703817953088219, 19.239822768989558 ], [ -104.703462271716703, 19.240439692875547 ], [ -104.703093779631587, 19.241041655943249 ], [ -104.702956388217558, 19.241350741997827 ], [ -104.702480939008169, 19.242178941840848 ], [ -104.702162584560071, 19.242559156207385 ], [ -104.701779632727352, 19.243093617133894 ], [ -104.701048183064358, 19.243646935887298 ], [ -104.700891375126048, 19.243703808612146 ], [ -104.700122238974316, 19.243917625200144 ] ] ] ] } },
{ "type": "Feature", "properties": { "fid": 34.0, "cat": 34, "CLAVE_ACUI": "1433", "NOM_ACUIF": "CIHUATLAN", "VULNERABIL": 3 }, "geometry": { "type": "MultiPolygon", "coordinates": [ [ [ [ -104.714934004588628, 19.229280057662823 ], [ -104.714864111838423, 19.228990253645794 ], [ -104.714844035312055, 19.228900647537802 ], [ -104.714681276761894, 19.228232139580108 ], [ -104.71453960022582, 19.227762639988569 ], [ -104.715225128244072, 19.228307593527493 ], [ -104.716481877010594, 19.22930663320146 ], [ -104.716584718838305, 19.23136346908311 ], [ -104.716696936773729, 19.233607827058034 ], [ -104.715908157689768, 19.233117097066526 ], [ -104.715716345266173, 19.232761524991339 ], [ -104.714934004588628, 19.229280057662823 ] ] ] ] } },
{ "type": "Feature", "properties": { "fid": 35.0, "cat": 36, "CLAVE_ACUI": "1433", "NOM_ACUIF": "CIHUATLAN", "VULNERABIL": 3 }, "geometry": { "type": "MultiPolygon", "coordinates": [ ] } },
{ "type": "Feature", "properties": { "fid": 36.0, "cat": 37, "CLAVE_ACUI": "1433", "NOM_ACUIF": "CIHUATLAN", "VULNERABIL": 5 }, "geometry": { "type": "MultiPolygon", "coordinates": [ [ [ [ -104.68391315600708, 19.22274142250399 ], [ -104.683849348995679, 19.222568750758853 ], [ -104.683899505042135, 19.222426727717977 ], [ -104.683967234225278, 19.22241161854107 ], [ -104.684034963396442, 19.222396509338935 ], [ -104.684616946412177, 19.222397512165539 ], [ -104.684773696482353, 19.222413007977355 ], [ -104.684923213851306, 19.222484319988386 ], [ -104.684980060045859, 19.222570698576739 ], [ -104.68509582511544, 19.222902486670321 ], [ -104.685109884445012, 19.223004017691466 ], [ -104.685059729250256, 19.223146041067125 ], [ -104.68497401953897, 19.223247400547997 ], [ -104.684624195283902, 19.223578387668532 ], [ -104.684517193125586, 19.223634032187768 ], [ -104.684367674904919, 19.223562719841969 ], [ -104.684261079837285, 19.22340520054474 ], [ -104.68391315600708, 19.22274142250399 ] ] ] ] } },
{ "type": "Feature", "properties": { "fid": 37.0, "cat": 38, "CLAVE_ACUI": "1433", "NOM_ACUIF": "CIHUATLAN", "VULNERABIL": 4 }, "geometry": { "type": "MultiPolygon", "coordinates": [ [ [ [ -104.644684115702944, 19.221484165824076 ], [ -104.644803398224823, 19.221799067398312 ], [ -104.644583838943461, 19.221720819905187 ], [ -104.644412852266939, 19.221700186803861 ], [ -104.643715193107624, 19.221367243363403 ], [ -104.643533725474185, 19.221250157859057 ], [ -104.643384534182033, 19.221036703799122 ], [ -104.643352871236161, 19.220848855075733 ], [ -104.643354301846216, 19.22018568180372 ], [ -104.643333306466516, 19.220008004481674 ], [ -104.64330803990201, 19.219882560062782 ], [ -104.643298312185578, 19.219777921746463 ], [ -104.643584435916097, 19.219444079967076 ], [ -104.643119663728427, 19.218801491339203 ], [ -104.642502095570904, 19.218429737509439 ], [ -104.642439246285718, 19.218205695335225 ], [ -104.642409011050603, 19.217932649632758 ], [ -104.642404288450322, 19.217645038493121 ], [ -104.642390556577823, 19.217511876274152 ], [ -104.642577469061365, 19.217472815221058 ], [ -104.642876811914718, 19.217451405781759 ], [ -104.643225734280946, 19.217570509816547 ], [ -104.643424852401353, 19.217762068112741 ], [ -104.644005150901535, 19.218536902090644 ], [ -104.644166695036915, 19.218804516507483 ], [ -104.644340266477229, 19.219278550805623 ], [ -104.64442668145135, 19.219688128319493 ], [ -104.64461324807003, 19.220855553420421 ], [ -104.644656381591901, 19.221125455585302 ], [ -104.644684115702944, 19.221484165824076 ] ] ] ] } },
{ "type": "Feature", "properties": { "fid": 38.0, "cat": 39, "CLAVE_ACUI": "1433", "NOM_ACUIF": "CIHUATLAN", "VULNERABIL": 3 }, "geometry": { "type": "MultiPolygon", "coordinates": [ [ [ [ -104.623369207313246, 19.209583381971107 ], [ -104.62285500965551, 19.210084781768661 ], [ -104.620806826217077, 19.211430591782193 ], [ -104.618395015272625, 19.212851751245594 ], [ -104.609187747144418, 19.218137744194014 ], [ -104.606876901755598, 19.219412943080808 ], [ -104.60572668913963, 19.220055254940675 ], [ -104.604898503383694, 19.220567848550548 ], [ -104.604197572938943, 19.22103105931156 ], [ -104.604052009384077, 19.221059852994312 ], [ -104.60385408764094, 19.220767775094387 ], [ -104.60357692015063, 19.220312743420003 ], [ -104.603405446540179, 19.220026274232655 ], [ -104.603256813319646, 19.219762916985605 ], [ -104.603165415694932, 19.219495469289043 ], [ -104.603125072773196, 19.219311674835268 ], [ -104.60309476068457, 19.219074591114111 ], [ -104.603089332486832, 19.218864928099006 ], [ -104.603108596230186, 19.218547815746927 ], [ -104.603215858518084, 19.217727907544152 ], [ -104.603296490979844, 19.217200500978436 ], [ -104.603345323452572, 19.216784480800236 ], [ -104.603337238389642, 19.216516341143556 ], [ -104.603248570057929, 19.216038929388489 ], [ -104.603157394017671, 19.215794564022055 ], [ -104.603023462474454, 19.215528575210708 ], [ -104.602859193995386, 19.215293421897588 ], [ -104.602629528308043, 19.214964651292309 ], [ -104.602314421486938, 19.214594371860368 ], [ -104.602082855964468, 19.214387281359805 ], [ -104.602539111635451, 19.214206726423701 ], [ -104.603095816420165, 19.214004993529677 ], [ -104.603419571681641, 19.213887673226644 ], [ -104.604020119760392, 19.213708603386994 ], [ -104.604642760170307, 19.213546679141746 ], [ -104.609650113054244, 19.212452121851967 ], [ -104.610664733451245, 19.212199007748122 ], [ -104.612071265912732, 19.211633933213559 ], [ -104.617197460564086, 19.209434127187919 ], [ -104.618611482748307, 19.208851720912524 ], [ -104.620084134254057, 19.208333712487981 ], [ -104.620744307215858, 19.208182876975062 ], [ -104.621421055230101, 19.207961468355347 ], [ -104.62195740366684, 19.207899979564854 ], [ -104.622546773560302, 19.207952087139891 ], [ -104.623237393987665, 19.208013144062928 ], [ -104.623554316342663, 19.208088233254415 ], [ -104.623753296192092, 19.20832549026353 ], [ -104.623720630416884, 19.208589340105704 ], [ -104.623369207313246, 19.209583381971107 ] ] ] ] } },
{ "type": "Feature", "properties": { "fid": 39.0, "cat": 25, "CLAVE_ACUI": "1433", "NOM_ACUIF": "CIHUATLAN", "VULNERABIL": 2 }, "geometry": { "type": "MultiPolygon", "coordinates": [ [ [ [ -104.565782757900109, 19.217995101656989 ], [ -104.566276550781126, 19.217012405456078 ], [ -104.566673278908993, 19.216539383736272 ], [ -104.567337036074889, 19.21580696218809 ], [ -104.567931520570141, 19.215315482229876 ], [ -104.567475973194206, 19.216234493311887 ], [ -104.565782757900109, 19.217995101656989 ] ] ], [ [ [ -104.569318498890652, 19.215192149510145 ], [ -104.569679220637653, 19.214831006989183 ], [ -104.570058686397644, 19.214451098590771 ], [ -104.570373954854603, 19.213936686608889 ], [ -104.56991010395349, 19.21402832358747 ], [ -104.569938659336529, 19.214010238493241 ], [ -104.57077789282863, 19.213371277316487 ], [ -104.571296691950579, 19.212898255182658 ], [ -104.571693420332323, 19.21240234381013 ], [ -104.572212219145456, 19.211906433465366 ], [ -104.572300261558212, 19.2116684421702 ], [ -104.572456358342066, 19.21124649012912 ], [ -104.572654723037544, 19.2108917248914 ], [ -104.572830200285836, 19.210466384944251 ], [ -104.572850525407915, 19.210309714849437 ], [ -104.572843740966022, 19.210538872947208 ], [ -104.5728393280597, 19.210687927686461 ], [ -104.572811491130679, 19.210903253448272 ], [ -104.572757742711588, 19.21124995102463 ], [ -104.572747418166742, 19.21157498067679 ], [ -104.572834836622221, 19.211958970683032 ], [ -104.57294298746163, 19.21219454265443 ], [ -104.573082640906648, 19.212366280908835 ], [ -104.573290280702679, 19.212489886984713 ], [ -104.573437594143002, 19.212558193264226 ], [ -104.573682601962304, 19.212634815101204 ], [ -104.573973449353801, 19.212694236480544 ], [ -104.574436414150156, 19.212752784845527 ], [ -104.577525048236978, 19.213196516081265 ], [ -104.584024452414596, 19.214288276367554 ], [ -104.586225490263331, 19.214638379765113 ], [ -104.588818615397287, 19.214928433371323 ], [ -104.590322034860407, 19.214992704136357 ], [ -104.592256587099968, 19.214997005547541 ], [ -104.591936170477382, 19.215531426796524 ], [ -104.591921951777195, 19.217438362731997 ], [ -104.593501318076463, 19.214999773164578 ], [ -104.594744862891289, 19.21500253814423 ], [ -104.595997295402071, 19.214985002260129 ], [ -104.597419149962377, 19.214893392214492 ], [ -104.598360713336902, 19.214779718938392 ], [ -104.599813183455367, 19.21452110107052 ], [ -104.600410418691425, 19.214342782706371 ], [ -104.600932852903696, 19.214152751044125 ], [ -104.601087477891582, 19.21407791725332 ], [ -104.601201905419273, 19.214010217527218 ], [ -104.601415995982862, 19.214086291681152 ], [ -104.60177438522598, 19.214216947136389 ], [ -104.602082855964468, 19.214387281359805 ], [ -104.602314421486938, 19.214594371860368 ], [ -104.602629528308043, 19.214964651292309 ], [ -104.602859193995386, 19.215293421897588 ], [ -104.603023462474454, 19.215528575210708 ], [ -104.603157394017671, 19.215794564022055 ], [ -104.603248570057929, 19.216038929388489 ], [ -104.603337238389642, 19.216516341143556 ], [ -104.603345323452572, 19.216784480800236 ], [ -104.603296490979844, 19.217200500978436 ], [ -104.603215858518084, 19.217727907544152 ], [ -104.603108596230186, 19.218547815746927 ], [ -104.603089332486832, 19.218864928099006 ], [ -104.60309476068457, 19.219074591114111 ], [ -104.603125072773196, 19.219311674835268 ], [ -104.603165415694932, 19.219495469289043 ], [ -104.603256813319646, 19.219762916985605 ], [ -104.603405446540179, 19.220026274232655 ], [ -104.60357692015063, 19.220312743420003 ], [ -104.603710429395036, 19.220531928704066 ], [ -104.60385408764094, 19.220767775094387 ], [ -104.604052009384077, 19.221059852994312 ], [ -104.604052008706844, 19.22105985377684 ], [ -104.602556487524708, 19.221355679666136 ], [ -104.600702558274151, 19.221796232196894 ], [ -104.598820060770763, 19.222340532593247 ], [ -104.597014266794829, 19.222888929520956 ], [ -104.595848358802797, 19.223273759605895 ], [ -104.593766929078669, 19.224143815817186 ], [ -104.592466445999648, 19.224834551696816 ], [ -104.588270092780533, 19.22725679933923 ], [ -104.587065630808226, 19.22800353995753 ], [ -104.585641224349047, 19.22906613500454 ], [ -104.584810822537833, 19.229837390888761 ], [ -104.582359985848456, 19.232373975780142 ], [ -104.581679264268203, 19.233125256824255 ], [ -104.580953440810958, 19.23409466943291 ], [ -104.580597274663106, 19.234728265176702 ], [ -104.5796609807159, 19.236715631185493 ], [ -104.579385200951265, 19.237263128874812 ], [ -104.579034535107155, 19.237830755053412 ], [ -104.578809364632008, 19.238094152061876 ], [ -104.578109233000021, 19.238755710660268 ], [ -104.577932127808722, 19.239034443139907 ], [ -104.577805771328698, 19.239673637741376 ], [ -104.57780236771039, 19.240308040531481 ], [ -104.577862409841586, 19.241569679534571 ], [ -104.577912842731081, 19.242629392014457 ], [ -104.577813378597952, 19.243202669655791 ], [ -104.577238734671539, 19.243556613060868 ], [ -104.57651728008473, 19.243488966534713 ], [ -104.57372515168619, 19.242819314845036 ], [ -104.572971971313137, 19.242619623216608 ], [ -104.572249245129996, 19.242357404556738 ], [ -104.571969958434039, 19.242182500352619 ], [ -104.571389347642665, 19.241628500010751 ], [ -104.571217153390421, 19.241382791480291 ], [ -104.570994189587026, 19.240790152936821 ], [ -104.570847864555731, 19.240189234996151 ], [ -104.570387984373227, 19.237977589105984 ], [ -104.570241663830316, 19.23737667058785 ], [ -104.570018708652796, 19.23678403077049 ], [ -104.569846521363772, 19.236538320958587 ], [ -104.569265937276413, 19.235984314064027 ], [ -104.569061469464017, 19.235819732106819 ], [ -104.568687868656696, 19.235605690505459 ], [ -104.568358621169622, 19.235464498440486 ], [ -104.567195736993796, 19.235019639769718 ], [ -104.566807603023477, 19.234913832718604 ], [ -104.566159191716849, 19.23486492818423 ], [ -104.565621023213978, 19.234900870958374 ], [ -104.563757978523796, 19.235117498257328 ], [ -104.563150457004838, 19.235102515690009 ], [ -104.562178406102205, 19.234815978216616 ], [ -104.561397286558076, 19.234421620463539 ], [ -104.558724141669174, 19.232867801605074 ], [ -104.558180465904172, 19.232476251696387 ], [ -104.557864525655305, 19.232212310842591 ], [ -104.557620274174923, 19.231982291038882 ], [ -104.55742510811514, 19.231732079683852 ], [ -104.557219464041381, 19.231394624279378 ], [ -104.557090758644819, 19.231103898337238 ], [ -104.557113647322311, 19.230443954269752 ], [ -104.557085173240367, 19.229732752399148 ], [ -104.557052436462655, 19.228915080468969 ], [ -104.557029723676237, 19.22834777943245 ], [ -104.557101825814883, 19.227745727857112 ], [ -104.557273863312034, 19.227073668924955 ], [ -104.557449339882567, 19.226272583302503 ], [ -104.557634283538263, 19.225668877241525 ], [ -104.557716369812994, 19.225400925462456 ], [ -104.557937621644911, 19.225164414041028 ], [ -104.558113098051322, 19.22483444233934 ], [ -104.558433532243455, 19.224597931073362 ], [ -104.558753966851739, 19.224407196193592 ], [ -104.558982849147796, 19.224195480091144 ], [ -104.559169604852514, 19.223896026396904 ], [ -104.559204101129183, 19.223840713294145 ], [ -104.559249876452654, 19.223628998935943 ], [ -104.559295653178793, 19.2230873117404 ], [ -104.559448240788427, 19.222873688843787 ], [ -104.559646604963831, 19.222661973073354 ], [ -104.560043334661216, 19.222425460721539 ], [ -104.561302185117398, 19.221879959075828 ], [ -104.562149047247061, 19.221923829327491 ], [ -104.562477944784433, 19.221896050189763 ], [ -104.56271362277252, 19.221876144503199 ], [ -104.563240050309403, 19.221662521913498 ], [ -104.56345169670017, 19.221594178037968 ], [ -104.563437695375086, 19.221611405128385 ], [ -104.563625146649073, 19.22155813254556 ], [ -104.564446882366539, 19.221324599941941 ], [ -104.56497622156084, 19.220827837101861 ], [ -104.56529679262853, 19.22052699447439 ], [ -104.565772524615042, 19.220080539771466 ], [ -104.567798168092096, 19.216714253741014 ], [ -104.568407233011612, 19.216104478360712 ], [ -104.569114241728755, 19.215396644933517 ], [ -104.569318498890652, 19.215192149510145 ] ] ] ] } },
{ "type": "Feature", "properties": { "fid": 40.0, "cat": 40, "CLAVE_ACUI": "1433", "NOM_ACUIF": "CIHUATLAN", "VULNERABIL": 3 }, "geometry": { "type": "MultiPolygon", "coordinates": [ [ [ [ -104.642439246285718, 19.218205695335225 ], [ -104.642502095570904, 19.218429737509439 ], [ -104.642299106530956, 19.218453069493087 ], [ -104.642119701745244, 19.218473690653358 ], [ -104.641883571135523, 19.218500831998167 ], [ -104.641387781669081, 19.218749628647281 ], [ -104.64134612877308, 19.218434721469787 ], [ -104.641191605571805, 19.218217871646889 ], [ -104.641185511054729, 19.218158767181031 ], [ -104.641167178179174, 19.217980975201694 ], [ -104.641286804613387, 19.217859401570806 ], [ -104.641613121169314, 19.21767434281443 ], [ -104.6418694872592, 19.217528953255037 ], [ -104.642026447842113, 19.217442979383762 ], [ -104.642176249240748, 19.217372217379378 ], [ -104.642233290784631, 19.217357102774926 ], [ -104.642349683335311, 19.217357329989554 ], [ -104.64237985938729, 19.217408142168075 ], [ -104.642390556577823, 19.217511876274152 ], [ -104.642404288450322, 19.217645038493121 ], [ -104.642409011050603, 19.217932649632758 ], [ -104.642439246285718, 19.218205695335225 ] ] ] ] } },
{ "type": "Feature", "properties": { "fid": 41.0, "cat": 42, "CLAVE_ACUI": "1433", "NOM_ACUIF": "CIHUATLAN", "VULNERABIL": 5 }, "geometry": { "type": "MultiPolygon", "coordinates": [ [ [ [ -104.681428085274703, 19.216757235927265 ], [ -104.68141405475572, 19.216642170387146 ], [ -104.681464119758076, 19.216547517652216 ], [ -104.681549671676251, 19.216527364967224 ], [ -104.681898849001868, 19.2165279714443 ], [ -104.682094650003364, 19.216614592101088 ], [ -104.682140803623255, 19.216700953031054 ], [ -104.682270635687757, 19.217124123606382 ], [ -104.682220570963707, 19.217218776559861 ], [ -104.682134973234156, 19.21726261441562 ], [ -104.681689362954685, 19.217380829510869 ], [ -104.681589734313008, 19.217309601593605 ], [ -104.681543626432031, 19.217199555670486 ], [ -104.681485865867174, 19.216978434432178 ], [ -104.681428085274703, 19.216757235927265 ] ] ] ] } },
{ "type": "Feature", "properties": { "fid": 42.0, "cat": 41, "CLAVE_ACUI": "1433", "NOM_ACUIF": "CIHUATLAN", "VULNERABIL": 1 }, "geometry": { "type": "MultiPolygon", "coordinates": [ [ [ [ -104.640318771956402, 19.217344331950972 ], [ -104.640603336845572, 19.217564821160344 ], [ -104.640652910590219, 19.217707027552681 ], [ -104.640439164730836, 19.217689690490673 ], [ -104.639392112036191, 19.217466574209535 ], [ -104.639092997740036, 19.217383088311895 ], [ -104.638744182373344, 19.217216606947364 ], [ -104.638544989056427, 19.217062262554634 ], [ -104.637964237540501, 19.216508469385246 ], [ -104.637829168942446, 19.216359326230062 ], [ -104.637779598023101, 19.216217119099127 ], [ -104.637843850779944, 19.216163109273406 ], [ -104.638193267571978, 19.216053270149661 ], [ -104.638342887991897, 19.216065407928383 ], [ -104.638691700533315, 19.216231890031438 ], [ -104.63904038453795, 19.216457583376581 ], [ -104.640318771956402, 19.217344331950972 ] ] ] ] } },
{ "type": "Feature", "properties": { "fid": 43.0, "cat": 46, "CLAVE_ACUI": "1433", "NOM_ACUIF": "CIHUATLAN", "VULNERABIL": 4 }, "geometry": { "type": "MultiPolygon", "coordinates": [ [ [ [ -104.582616588109786, 19.204127699213227 ], [ -104.581768898555566, 19.204031028430222 ], [ -104.581387978045399, 19.203915118826295 ], [ -104.580458040978058, 19.203470877673841 ], [ -104.580045058340929, 19.203354891942375 ], [ -104.579994592697005, 19.203349982422822 ], [ -104.57995424790208, 19.203339458004553 ], [ -104.578533149439906, 19.203170403530311 ], [ -104.577006803105704, 19.203060307204272 ], [ -104.571304966812647, 19.202715478091005 ], [ -104.570102186507171, 19.202691942266458 ], [ -104.569535144976328, 19.202619214220743 ], [ -104.569171747120109, 19.202536621330278 ], [ -104.568661016152731, 19.202420540830381 ], [ -104.568184330332684, 19.202312196790778 ], [ -104.568479982333258, 19.201722592625071 ], [ -104.568618773278743, 19.201450348389908 ], [ -104.569137572460434, 19.200813293271977 ], [ -104.569679260501104, 19.200294494521899 ], [ -104.570198058016359, 19.199398041230658 ], [ -104.570343016590712, 19.198785781929562 ], [ -104.570388792910592, 19.19815063456312 ], [ -104.570281981104827, 19.197351456608658 ], [ -104.570106505765068, 19.196668625805909 ], [ -104.570106505615541, 19.195751190421824 ], [ -104.570175169529165, 19.194974899433156 ], [ -104.570373535252699, 19.194314958237172 ], [ -104.57109069881561, 19.19367599606004 ], [ -104.571487425893281, 19.193298339861091 ], [ -104.572273254067198, 19.192731856518101 ], [ -104.572669982846634, 19.19235420293948 ], [ -104.572769164564036, 19.192117691031516 ], [ -104.573089599088817, 19.191646575834373 ], [ -104.573211669093311, 19.191268921550883 ], [ -104.573501585461116, 19.190069199473662 ], [ -104.573501586642607, 19.189527511684645 ], [ -104.573425293123719, 19.188867569701777 ], [ -104.573425291389739, 19.188232422808412 ], [ -104.573448180143032, 19.187597275642585 ], [ -104.573493957174961, 19.187103270927601 ], [ -104.574378966646535, 19.185876846892445 ], [ -104.574600220179704, 19.185476304147105 ], [ -104.574714659809018, 19.184469223008186 ], [ -104.57472229078337, 19.183757783235247 ], [ -104.574745177486349, 19.183286667794498 ], [ -104.57481384237299, 19.182767868044504 ], [ -104.574958800175793, 19.182415009522195 ], [ -104.57511138896524, 19.181896209617896 ], [ -104.575355528989761, 19.181354522961595 ], [ -104.575599670314929, 19.180860520581621 ], [ -104.575942992512765, 19.180364609710008 ], [ -104.576683043573837, 19.179586411387881 ], [ -104.577278136823324, 19.17913627713526 ], [ -104.577674864179471, 19.178876877855753 ], [ -104.57897949099825, 19.177623749811836 ], [ -104.579299926386227, 19.177459717816163 ], [ -104.580070494285536, 19.177267075479282 ], [ -104.580612181045453, 19.177265168181901 ], [ -104.581428527326679, 19.177074432062021 ], [ -104.581802368024114, 19.177049636860147 ], [ -104.582443236563108, 19.177354813173849 ], [ -104.582847593479173, 19.177728653657766 ], [ -104.583244323342512, 19.178268432595445 ], [ -104.58359527448043, 19.178808213687166 ], [ -104.583892820505667, 19.179302215395435 ], [ -104.584465027267555, 19.180595399512907 ], [ -104.584686278206263, 19.181346894141036 ], [ -104.584938048073894, 19.181957246197417 ], [ -104.585235596227321, 19.182544708522133 ], [ -104.585388183773034, 19.182804108798873 ], [ -104.585952757839721, 19.18350029104284 ], [ -104.586395263985594, 19.183921813899762 ], [ -104.587463378905312, 19.184673309162005 ], [ -104.587814329576403, 19.18500328083713 ], [ -104.588310240845772, 19.185237885976878 ], [ -104.588684082634003, 19.18537902908249 ], [ -104.589820861764593, 19.185611725954054 ], [ -104.590812682285815, 19.185585023496909 ], [ -104.591506957303821, 19.185514450823792 ], [ -104.592033385924012, 19.185300828079544 ], [ -104.592521667812619, 19.1849689486532 ], [ -104.593170164592649, 19.184120179684374 ], [ -104.593688964544228, 19.183506012922482 ], [ -104.59458160456758, 19.182609558459699 ], [ -104.594970703334354, 19.182229996519276 ], [ -104.595489501414292, 19.181970597121833 ], [ -104.595840453529419, 19.18182754458784 ], [ -104.59646606909611, 19.181760751545916 ], [ -104.596954345138997, 19.181755066600839 ], [ -104.598045349656118, 19.181941986401618 ], [ -104.598452953190844, 19.181964522319287 ], [ -104.598838805381149, 19.181985855630828 ], [ -104.598940835895675, 19.181972473041753 ], [ -104.59907627196155, 19.181940439139716 ], [ -104.599243832172689, 19.181857284262176 ], [ -104.599383703984444, 19.181741120147596 ], [ -104.599555664882274, 19.181578534980257 ], [ -104.599635421358798, 19.181503127022722 ], [ -104.59968149422393, 19.181459566163348 ], [ -104.599746163326643, 19.181413171419099 ], [ -104.599824208317756, 19.181385815341386 ], [ -104.599910790758258, 19.18136661914226 ], [ -104.600029534157372, 19.181357999989334 ], [ -104.600110828329974, 19.181370829063798 ], [ -104.600196129826216, 19.181387553982038 ], [ -104.600260046719896, 19.181410869166925 ], [ -104.600441036025885, 19.181487485917017 ], [ -104.600946231473074, 19.181755885736475 ], [ -104.602805453367083, 19.182865212916532 ], [ -104.603631189695747, 19.183164750898882 ], [ -104.605625393219853, 19.183453265794288 ], [ -104.607648519188388, 19.183565876150904 ], [ -104.611357559008127, 19.183683868090316 ], [ -104.615095582233124, 19.183802706076413 ], [ -104.616102241875637, 19.183849053856598 ], [ -104.617097394011779, 19.18389486636897 ], [ -104.618992105698567, 19.184088289242965 ], [ -104.619697024025129, 19.184272463589721 ], [ -104.621091935186783, 19.184938526484373 ], [ -104.621551104857915, 19.18510188482141 ], [ -104.622298979155147, 19.185198165341077 ], [ -104.622908200422586, 19.185172349847385 ], [ -104.62500335508652, 19.184955584281706 ], [ -104.625607243180426, 19.184924673568734 ], [ -104.626759196601995, 19.185131725609374 ], [ -104.628038022356677, 19.185686970394315 ], [ -104.628392062498321, 19.185872091729262 ], [ -104.628698949752376, 19.186125799938413 ], [ -104.628765419633183, 19.186180751397941 ], [ -104.628814196719802, 19.186250335144564 ], [ -104.628944746614195, 19.186436572872221 ], [ -104.629408250844776, 19.18732174649146 ], [ -104.629528743819563, 19.187602825248394 ], [ -104.629627537467471, 19.188029353167867 ], [ -104.629648177993388, 19.188357600068155 ], [ -104.629645706399359, 19.189462890974845 ], [ -104.629623507018323, 19.189831654046134 ], [ -104.629522381122399, 19.190447257486589 ], [ -104.629400114370227, 19.190957927813816 ], [ -104.628930656287011, 19.192725451595937 ], [ -104.628852619113047, 19.193175946953019 ], [ -104.628840425764253, 19.193246336846929 ], [ -104.628888814564533, 19.193909611907706 ], [ -104.62904817313553, 19.19433626240593 ], [ -104.629743464141427, 19.195664021433458 ], [ -104.629924236015569, 19.196075488369804 ], [ -104.630072541030117, 19.196667909896476 ], [ -104.630103632832942, 19.197102759561496 ], [ -104.630100422101975, 19.198539636419891 ], [ -104.630088769576645, 19.198924795933113 ], [ -104.630086975370673, 19.199100300534052 ], [ -104.630092085740728, 19.19927868518268 ], [ -104.62993191678089, 19.19927447341308 ], [ -104.629756211619835, 19.199278150875681 ], [ -104.629513572515592, 19.199286217429062 ], [ -104.62930608211262, 19.199285798187301 ], [ -104.628860138877684, 19.199284896214234 ], [ -104.628557097856003, 19.199380713968271 ], [ -104.627957562085371, 19.199829511370496 ], [ -104.627404120624107, 19.200374831694578 ], [ -104.62542090098502, 19.202470849880452 ], [ -104.624883382525482, 19.203056797339851 ], [ -104.624358210773593, 19.203695213478994 ], [ -104.62414548639785, 19.204021290269832 ], [ -104.62367794379675, 19.204904565976385 ], [ -104.623556159464684, 19.205190226028673 ], [ -104.623455377907561, 19.20564003134044 ], [ -104.623433188856936, 19.205996950371905 ], [ -104.623430421730276, 19.207212767161604 ], [ -104.623349515165188, 19.207539113540655 ], [ -104.622974717605842, 19.207846246132018 ], [ -104.622546773560302, 19.207952087139891 ], [ -104.62195740366684, 19.207899979564854 ], [ -104.621421055230101, 19.207961468355347 ], [ -104.620744307215858, 19.208182876975062 ], [ -104.620084134254057, 19.208333712487981 ], [ -104.618611482748307, 19.208851720912524 ], [ -104.617197460564086, 19.209434127187919 ], [ -104.612071265912732, 19.211633933213559 ], [ -104.610664733451245, 19.212199007748122 ], [ -104.609650113054244, 19.212452121851967 ], [ -104.604642760170307, 19.213546679141746 ], [ -104.604020119760392, 19.213708603386994 ], [ -104.603419571681641, 19.213887673226644 ], [ -104.603095816420165, 19.214004993529677 ], [ -104.602539111635451, 19.214206726423701 ], [ -104.602082855964468, 19.214387281359805 ], [ -104.60177438522598, 19.214216947136389 ], [ -104.601415995982862, 19.214086291681152 ], [ -104.601201905419273, 19.214010217527218 ], [ -104.601194608839762, 19.213872676910494 ], [ -104.60115840405183, 19.213703231131241 ], [ -104.601038402540638, 19.213432237769403 ], [ -104.60082391059926, 19.213058865498979 ], [ -104.600665648402057, 19.212832302022996 ], [ -104.60039139489335, 19.212439686491706 ], [ -104.599896936538315, 19.211731824660831 ], [ -104.599496654114958, 19.211097664299242 ], [ -104.599248801457819, 19.210457633242896 ], [ -104.599196379048053, 19.210036267704695 ], [ -104.599199592493591, 19.208709926342173 ], [ -104.599163129602132, 19.208319047499028 ], [ -104.598989756774486, 19.207821287605842 ], [ -104.598778544755575, 19.207501080701185 ], [ -104.597966266789669, 19.206504539667431 ], [ -104.597615961946659, 19.206244930120967 ], [ -104.596793479406386, 19.206029959860839 ], [ -104.595968808718851, 19.205982466447786 ], [ -104.592942827474616, 19.205975772677707 ], [ -104.592080736915761, 19.205933254017793 ], [ -104.591083629586521, 19.205741554428052 ], [ -104.590521282017775, 19.205510218523855 ], [ -104.588894109948541, 19.204622345205863 ], [ -104.588331769350617, 19.204391002684879 ], [ -104.587334676041124, 19.204199282926293 ], [ -104.586472596712227, 19.204156738085356 ], [ -104.58344665246679, 19.204149888202409 ], [ -104.582616588109786, 19.204127699213227 ] ], [ [ -104.595020207595454, 19.192273635875139 ], [ -104.595195228245515, 19.192359485417967 ], [ -104.595217689376526, 19.192370502829917 ], [ -104.59579095955344, 19.192490191066678 ], [ -104.596412435477475, 19.192564305703666 ], [ -104.598739389973062, 19.192790468997238 ], [ -104.599409048136181, 19.192829151655484 ], [ -104.600207160626951, 19.192783523175809 ], [ -104.600442406623472, 19.192731591838964 ], [ -104.600677662375134, 19.19267965801264 ], [ -104.602075220549168, 19.192240577952113 ], [ -104.60246564920979, 19.192101007173562 ], [ -104.60267787233164, 19.191994885153385 ], [ -104.602890095185018, 19.191888762881575 ], [ -104.603106018103759, 19.191725128021904 ], [ -104.603689210710229, 19.191173742391772 ], [ -104.603862479586567, 19.190969411850119 ], [ -104.604087876754335, 19.190567255949809 ], [ -104.60423660361981, 19.190197078086648 ], [ -104.604705261162962, 19.188871736558657 ], [ -104.604816616182731, 19.188486251608055 ], [ -104.604842118067495, 19.188249457941623 ], [ -104.604867619872692, 19.188012664264257 ], [ -104.604852295418894, 19.187896784247357 ], [ -104.604829127828268, 19.187721595932977 ], [ -104.604675364472484, 19.187131741473852 ], [ -104.604598496233422, 19.186836864223217 ], [ -104.604522491074022, 19.186591392910916 ], [ -104.604398430715804, 19.186330591979626 ], [ -104.604297206737471, 19.186203490515254 ], [ -104.603948889145471, 19.185871150937086 ], [ -104.603788790050203, 19.185784524734071 ], [ -104.603770102287257, 19.185781154866824 ], [ -104.603389977902765, 19.185712608568839 ], [ -104.603116812446743, 19.18570186441659 ], [ -104.602980345298093, 19.185696496733701 ], [ -104.601467538590654, 19.185693217285809 ], [ -104.60145966086931, 19.185693718102979 ], [ -104.601004361210329, 19.185722662680107 ], [ -104.600355672645918, 19.185863360134309 ], [ -104.599892151398109, 19.1860349110868 ], [ -104.598377734243257, 19.186694778399502 ], [ -104.597914048541213, 19.186932303127175 ], [ -104.5978137569099, 19.18700157741705 ], [ -104.597264604169297, 19.187380890846629 ], [ -104.5968005113955, 19.187784205692157 ], [ -104.595284175676753, 19.189217747330883 ], [ -104.594889515312246, 19.189631360898712 ], [ -104.594564117403166, 19.190128023557829 ], [ -104.594493925068775, 19.1904239288078 ], [ -104.594491759874629, 19.191308157651846 ], [ -104.594507190255996, 19.191553498906426 ], [ -104.594581364106006, 19.191814195948805 ], [ -104.59467189645207, 19.191941279009139 ], [ -104.595020207595454, 19.192273635875139 ] ], [ [ -104.615714828163433, 19.209202160594927 ], [ -104.616258922995513, 19.20839893723975 ], [ -104.61696456104103, 19.207668352082255 ], [ -104.617356442133925, 19.206864807044848 ], [ -104.616184351514022, 19.207739022411864 ], [ -104.614669663004292, 19.208666736846116 ], [ -104.613860192499715, 19.209044620449923 ], [ -104.613316421963461, 19.209703232520457 ], [ -104.614781901184529, 19.209489411485293 ], [ -104.615714828163433, 19.209202160594927 ] ] ] ] } },
{ "type": "Feature", "properties": { "fid": 44.0, "cat": 47, "CLAVE_ACUI": "1433", "NOM_ACUIF": "CIHUATLAN", "VULNERABIL": 5 }, "geometry": { "type": "MultiPolygon", "coordinates": [ [ [ [ -104.602805453367083, 19.182865212916532 ], [ -104.600946231473074, 19.181755885736475 ], [ -104.600441036025885, 19.181487485917017 ], [ -104.600260046719896, 19.181410869166925 ], [ -104.600196129826216, 19.181387553982038 ], [ -104.600110828329974, 19.181370829063798 ], [ -104.600029534157372, 19.181357999989334 ], [ -104.599910790758258, 19.18136661914226 ], [ -104.599824208317756, 19.181385815341386 ], [ -104.599746163326643, 19.181413171419099 ], [ -104.59968149422393, 19.181459566163348 ], [ -104.599635421358798, 19.181503127022722 ], [ -104.599555664882274, 19.181578534980257 ], [ -104.599383703984444, 19.181741120147596 ], [ -104.599243832172689, 19.181857284262176 ], [ -104.59907627196155, 19.181940439139716 ], [ -104.598940835895675, 19.181972473041753 ], [ -104.598838805381149, 19.181985855630828 ], [ -104.59893798756687, 19.18191528331565 ], [ -104.599113464058163, 19.181632995429162 ], [ -104.599159239478681, 19.181303024443999 ], [ -104.598983764737042, 19.180784225088264 ], [ -104.598937988787497, 19.180290222589051 ], [ -104.598983764762309, 19.179559707464655 ], [ -104.599128721871409, 19.179018021463847 ], [ -104.599472045204593, 19.177980423443547 ], [ -104.5996704096857, 19.177579879935294 ], [ -104.599746703848965, 19.177248002236254 ], [ -104.599586486097067, 19.17697906528543 ], [ -104.599296568935387, 19.176519394696495 ], [ -104.598747252511814, 19.176143646350994 ], [ -104.598381041745256, 19.175508500277012 ], [ -104.597877501870599, 19.174873353481718 ], [ -104.597702027112561, 19.174493790054541 ], [ -104.597358702209576, 19.173206329078788 ], [ -104.597007750210281, 19.172283172113929 ], [ -104.596733093789567, 19.17124748359128 ], [ -104.596586459779274, 19.17058396702598 ], [ -104.59650421106231, 19.170211792889344 ], [ -104.596328734056073, 19.169599534228848 ], [ -104.596206663400892, 19.168657302717584 ], [ -104.595878600261713, 19.167621612133345 ], [ -104.595428466319461, 19.166891098180347 ], [ -104.595031738225657, 19.166399002137599 ], [ -104.594512939134887, 19.165998459636391 ], [ -104.593788147034601, 19.165529252321107 ], [ -104.592826843500831, 19.165130615137567 ], [ -104.591880797317458, 19.164897918595074 ], [ -104.590766905976139, 19.164665222579323 ], [ -104.591021608972298, 19.164553074313311 ], [ -104.59141480209037, 19.164405484972622 ], [ -104.591902706200173, 19.164187503096066 ], [ -104.59254025829496, 19.164032498284495 ], [ -104.593265732238279, 19.163949429574956 ], [ -104.593808553008529, 19.163794666718967 ], [ -104.594214000443287, 19.16361993848307 ], [ -104.594816938656322, 19.163218626253041 ], [ -104.596682363326707, 19.161675317913385 ], [ -104.597327956392434, 19.161304542824116 ], [ -104.598475318896803, 19.16111757507673 ], [ -104.599468818698142, 19.161221250820947 ], [ -104.602957807992112, 19.161892003135101 ], [ -104.603657943406361, 19.162130113877971 ], [ -104.605045363756943, 19.163006875475993 ], [ -104.60654370298694, 19.164267084081708 ], [ -104.61176854242153, 19.169030978610088 ], [ -104.613149381723062, 19.170316262373881 ], [ -104.613895391098907, 19.171071622173102 ], [ -104.614199613340304, 19.171379655275068 ], [ -104.614462672627084, 19.17169098806032 ], [ -104.614741321449713, 19.172109215454157 ], [ -104.614909995822288, 19.172436731683376 ], [ -104.615070803002197, 19.172771788995274 ], [ -104.61528015144205, 19.173183441975251 ], [ -104.615333557423284, 19.173913955040245 ], [ -104.615486144243036, 19.175022126076076 ], [ -104.615615844056805, 19.175445556524995 ], [ -104.615715027328562, 19.176435472114672 ], [ -104.615844726675988, 19.177259445589485 ], [ -104.616065979338586, 19.177894591771338 ], [ -104.616294860301835, 19.178035735771299 ], [ -104.616493224801118, 19.178081512346342 ], [ -104.616714476980633, 19.178010940986578 ], [ -104.617088316977643, 19.177984237459739 ], [ -104.617355346571884, 19.177984237695703 ], [ -104.617584227182277, 19.178054810609353 ], [ -104.617729187067255, 19.178241729787469 ], [ -104.61775588974362, 19.178430556980921 ], [ -104.617782592419971, 19.178619384174269 ], [ -104.617820739079193, 19.178756713891264 ], [ -104.61804199168138, 19.179494857076357 ], [ -104.618080138419515, 19.179630279061531 ], [ -104.618278502949067, 19.18000793402102 ], [ -104.618484496671854, 19.180217744219313 ], [ -104.618728636693618, 19.180358886625729 ], [ -104.619102478084798, 19.180311202975879 ], [ -104.619674681758596, 19.180191040663843 ], [ -104.620040893203168, 19.179906845127988 ], [ -104.620559692893195, 19.179740905776711 ], [ -104.622344971354565, 19.17935752823411 ], [ -104.622840881920709, 19.179307938934507 ], [ -104.623115539599169, 19.179166793694606 ], [ -104.623687743460891, 19.178749085503537 ], [ -104.623832701527263, 19.178646088912085 ], [ -104.624176024656194, 19.178268432605531 ], [ -104.624420164415099, 19.178054809638351 ], [ -104.625312805037879, 19.177768708299183 ], [ -104.625686644771974, 19.17760276732535 ], [ -104.625885008785474, 19.177368164397613 ], [ -104.626052854941804, 19.176635741802606 ], [ -104.626037597155232, 19.176403045846278 ], [ -104.626117358971854, 19.176384930721749 ], [ -104.626224588549334, 19.176346620198693 ], [ -104.62630191877399, 19.176315685381496 ], [ -104.626464761732279, 19.176236668370159 ], [ -104.626588677029574, 19.176157181978425 ], [ -104.626763065594915, 19.176051091026093 ], [ -104.62687602050822, 19.175965896191631 ], [ -104.627005251732299, 19.1758647133911 ], [ -104.627181941673641, 19.17570252108597 ], [ -104.627330542444824, 19.175564793541948 ], [ -104.627591499896639, 19.175332831362553 ], [ -104.627689336658122, 19.175235560872061 ], [ -104.627778784202249, 19.175146630894609 ], [ -104.627929686234879, 19.175146103069061 ], [ -104.628150939720541, 19.17500495865108 ], [ -104.628227233808431, 19.174886704698576 ], [ -104.628227234456801, 19.174674988644405 ], [ -104.628155922198033, 19.174576042365725 ], [ -104.628288318325772, 19.174524387374678 ], [ -104.62844697434295, 19.174478484809946 ], [ -104.628668713369564, 19.174440891942584 ], [ -104.628853184537334, 19.174425509551224 ], [ -104.629139085208905, 19.174415170606341 ], [ -104.629246184115175, 19.174420473984092 ], [ -104.629318473162414, 19.17441801326822 ], [ -104.629440401564793, 19.174396148147924 ], [ -104.629517046831197, 19.174370224605077 ], [ -104.629608086853324, 19.174327990075639 ], [ -104.629745029043193, 19.17424383189778 ], [ -104.630129525905872, 19.173952921059346 ], [ -104.630243208170057, 19.173864492644963 ], [ -104.63057283606598, 19.173653304160339 ], [ -104.630891870294974, 19.17348734056316 ], [ -104.631126404222826, 19.173393249686285 ], [ -104.631347655135428, 19.173744202587695 ], [ -104.631744384868071, 19.173955918142273 ], [ -104.632141113657681, 19.17407226588815 ], [ -104.63338470459891, 19.174186707172456 ], [ -104.634002684701443, 19.174278259578244 ], [ -104.634323120304586, 19.174276351807048 ], [ -104.634567260083315, 19.174135207965676 ], [ -104.634643554054094, 19.174039840869209 ], [ -104.634742735497881, 19.173780441115539 ], [ -104.634941101568216, 19.173685073366077 ], [ -104.635063171863465, 19.17366218625191 ], [ -104.635337830000779, 19.173755647056218 ], [ -104.63545226916699, 19.174072265383398 ], [ -104.635535508981405, 19.174334564378579 ], [ -104.635566710251013, 19.174436569903527 ], [ -104.635765074833245, 19.174695968536202 ], [ -104.635932921716872, 19.174860000363392 ], [ -104.63630676326207, 19.175069808615078 ], [ -104.636535643632271, 19.175140381623503 ], [ -104.636932372658563, 19.175209045323328 ], [ -104.637596129832019, 19.17509079012196 ], [ -104.638168335860712, 19.175041199319054 ], [ -104.638442992020103, 19.175064087445303 ], [ -104.638687132528062, 19.175251007940084 ], [ -104.639213561896, 19.175390244493801 ], [ -104.639732359594674, 19.175388336731171 ], [ -104.64022827110287, 19.175292969687966 ], [ -104.641693113796435, 19.175498962527612 ], [ -104.642059325611825, 19.17559242317602 ], [ -104.642311096559098, 19.175897597662956 ], [ -104.64265441925555, 19.176086426290169 ], [ -104.642913818333739, 19.176160812762827 ], [ -104.643104552722221, 19.176200866705052 ], [ -104.643501281594155, 19.176506042685666 ], [ -104.643875121728129, 19.176881791266986 ], [ -104.644248962997054, 19.177635193009305 ], [ -104.644622803251394, 19.178504944506795 ], [ -104.64497375483856, 19.178998948079169 ], [ -104.645195005964752, 19.179233551893105 ], [ -104.645622252672325, 19.179513932402287 ], [ -104.646163939135661, 19.179607391363682 ], [ -104.647605896038911, 19.179954528692807 ], [ -104.647903442384447, 19.180095673105402 ], [ -104.648300171162745, 19.180376052844114 ], [ -104.648696899501502, 19.180540085021416 ], [ -104.649269104167374, 19.180583953809656 ], [ -104.650009155565854, 19.180488587849631 ], [ -104.650382994275574, 19.180534362656228 ], [ -104.650856018128181, 19.180955887134537 ], [ -104.651107786560956, 19.181261063962214 ], [ -104.651626586230279, 19.181566238178728 ], [ -104.652470733759827, 19.181770767468215 ], [ -104.653358457850345, 19.181985854963155 ], [ -104.65495385327246, 19.182537279796957 ], [ -104.65492405824105, 19.183142759455503 ], [ -104.655350131971161, 19.184074458285174 ], [ -104.655453930271648, 19.184472318395063 ], [ -104.655188600259422, 19.188565962678386 ], [ -104.655317512649177, 19.190608756681634 ], [ -104.655542561775093, 19.192163687542912 ], [ -104.656073048317737, 19.193213072066108 ], [ -104.656862162832354, 19.193395306749743 ], [ -104.657022694939101, 19.19340502336291 ], [ -104.657146026110965, 19.193778509300234 ], [ -104.657558489450807, 19.19416162264212 ], [ -104.659185939420013, 19.195048892139614 ], [ -104.659627651516232, 19.195312612792854 ], [ -104.6601280192518, 19.1956294000295 ], [ -104.659846106509434, 19.195615259119609 ], [ -104.659547623126002, 19.19566044336101 ], [ -104.659325863435967, 19.195718004046075 ], [ -104.65869952427677, 19.195972828737915 ], [ -104.656136460008184, 19.197294398346003 ], [ -104.655549671362849, 19.19764857136234 ], [ -104.655239822992101, 19.197798645929041 ], [ -104.65508300109768, 19.197899117517103 ], [ -104.654992088910021, 19.197955343949857 ], [ -104.654883134549124, 19.198001871952698 ], [ -104.654765685508735, 19.198035149929236 ], [ -104.654639686812004, 19.198075354800135 ], [ -104.654528091460506, 19.198128368559193 ], [ -104.654418676474194, 19.19819794125004 ], [ -104.654333822268612, 19.198274750942016 ], [ -104.654196117099318, 19.198383640842948 ], [ -104.653704887667331, 19.198708837278367 ], [ -104.653577623308465, 19.198793086423496 ], [ -104.653443525123279, 19.198881859569138 ], [ -104.653250642561275, 19.199009547441086 ], [ -104.652989588980418, 19.199188621433226 ], [ -104.652857671442192, 19.199281522380439 ], [ -104.652688639107495, 19.199392962134393 ], [ -104.652404811787378, 19.199572232976234 ], [ -104.652180476365686, 19.19969515785326 ], [ -104.652014832107511, 19.199765985053304 ], [ -104.651814781006564, 19.199835494252788 ], [ -104.651603393591287, 19.199858599502821 ], [ -104.651370532270263, 19.19984799542781 ], [ -104.650961540472366, 19.199802717523237 ], [ -104.650315258874414, 19.199778204224859 ], [ -104.649165512812331, 19.199776008195702 ], [ -104.648000094008765, 19.199773774874799 ], [ -104.647216514197268, 19.199675837655629 ], [ -104.646469317121614, 19.199224385226959 ], [ -104.646185473275651, 19.198677392863921 ], [ -104.64560807187479, 19.196576214834753 ], [ -104.645439046912358, 19.196128016478404 ], [ -104.64508034364043, 19.195609718977376 ], [ -104.644811265783204, 19.195335999921415 ], [ -104.644344298120387, 19.195002262323982 ], [ -104.644053535348533, 19.19483827516175 ], [ -104.643564409999172, 19.194586908074594 ], [ -104.642954035678628, 19.19434206687685 ], [ -104.642457176999699, 19.194220471547052 ], [ -104.641815352186796, 19.194152609287062 ], [ -104.641228714327539, 19.194186115260759 ], [ -104.640581715653141, 19.194256638259215 ], [ -104.640105937465322, 19.194370992506038 ], [ -104.639604691339443, 19.1945738556309 ], [ -104.639137890655476, 19.194752723115581 ], [ -104.638547961090168, 19.194895887030277 ], [ -104.637681260071886, 19.195000488877316 ], [ -104.637069880881086, 19.19506790331279 ], [ -104.636591615946884, 19.195158507928038 ], [ -104.636247529017268, 19.195236207729408 ], [ -104.635988588052612, 19.195341704363766 ], [ -104.635713725574192, 19.195496110244449 ], [ -104.63555355655231, 19.195611934541109 ], [ -104.635387073803301, 19.195985486827027 ], [ -104.635134621535997, 19.197014631832431 ], [ -104.635062741646507, 19.197307656846828 ], [ -104.635045977316594, 19.197697794853738 ], [ -104.635069426330318, 19.198023972604492 ], [ -104.635196658767555, 19.198380949933853 ], [ -104.635351107200307, 19.198625061554072 ], [ -104.635585722540554, 19.19884394500906 ], [ -104.636125709011424, 19.199088142712437 ], [ -104.636754584508438, 19.199340755802513 ], [ -104.637604765159935, 19.199818057925 ], [ -104.63848859718837, 19.200355213464832 ], [ -104.638897021929139, 19.200660782027427 ], [ -104.638946354300131, 19.200711765936891 ], [ -104.639013709963123, 19.200798140350194 ], [ -104.639054344789017, 19.2008801864636 ], [ -104.639077918409967, 19.200971924771672 ], [ -104.639082090891947, 19.20105556423621 ], [ -104.639063706785564, 19.201134406821517 ], [ -104.639016628282292, 19.201262448355916 ], [ -104.638884620508804, 19.20142809517592 ], [ -104.638490284413322, 19.201778616149682 ], [ -104.638145187797548, 19.202046029325953 ], [ -104.637699742714162, 19.202324836110062 ], [ -104.637501924596208, 19.202498768031536 ], [ -104.637410901414142, 19.20261313450035 ], [ -104.637361581919876, 19.202753835160017 ], [ -104.637340608204255, 19.202878196898258 ], [ -104.637337232899, 19.202924517870674 ], [ -104.637567092699101, 19.204251326260259 ], [ -104.637690966746874, 19.204627145758206 ], [ -104.637831748756611, 19.204799785460562 ], [ -104.63803918479887, 19.205054161551143 ], [ -104.638412765550243, 19.205288364053484 ], [ -104.639807930156962, 19.205954287303051 ], [ -104.640144139244356, 19.206173186889917 ], [ -104.640317943920508, 19.206528801309126 ], [ -104.640230026198182, 19.206817922789561 ], [ -104.639645934066294, 19.207811540782327 ], [ -104.639435151890297, 19.208075043588625 ], [ -104.639089575571461, 19.208279215141122 ], [ -104.639035597485773, 19.208311106079396 ], [ -104.638675587966375, 19.208384835018567 ], [ -104.637395097715938, 19.208492836006144 ], [ -104.637072363401288, 19.208627539478439 ], [ -104.636846760223506, 19.20914815994248 ], [ -104.636847204691946, 19.209757200447989 ], [ -104.637074886456389, 19.21207876874632 ], [ -104.637027309924207, 19.212652186672592 ], [ -104.63657759965281, 19.213006568463374 ], [ -104.636067219127398, 19.212948947096859 ], [ -104.636067036742219, 19.212948598876142 ], [ -104.635978112182784, 19.212880751235886 ], [ -104.635679034048664, 19.212785417508496 ], [ -104.635340704315453, 19.212717073618283 ], [ -104.635002171864272, 19.212657925023457 ], [ -104.634263696958527, 19.212445931663758 ], [ -104.634181897524158, 19.212312800624758 ], [ -104.634968922845914, 19.209160176670224 ], [ -104.63489459541087, 19.208355663996429 ], [ -104.635374774643225, 19.206295999891879 ], [ -104.635541008131185, 19.204244747855238 ], [ -104.63452960630859, 19.205634556920373 ], [ -104.633743891103393, 19.208199725673612 ], [ -104.633411950900168, 19.210761574954191 ], [ -104.633092457098428, 19.211922674379579 ], [ -104.633028953915456, 19.211924822670149 ], [ -104.632978239078028, 19.211925106301859 ], [ -104.632763710189423, 19.211924688554973 ], [ -104.63258712666088, 19.211868877130133 ], [ -104.63251123258145, 19.211840223597317 ], [ -104.63247194336968, 19.211819208437536 ], [ -104.63240174440628, 19.211774946440521 ], [ -104.632342117575888, 19.211721380966438 ], [ -104.63229348576391, 19.211664432409766 ], [ -104.632204405409539, 19.211520924444972 ], [ -104.631795003555183, 19.210837189006035 ], [ -104.631857723493738, 19.210424013627179 ], [ -104.63185405426232, 19.20991867334817 ], [ -104.63162792485241, 19.206933925914065 ], [ -104.631547788594943, 19.206121712156641 ], [ -104.631489230775713, 19.20580263668273 ], [ -104.631457181373023, 19.205628002816844 ], [ -104.631393433170913, 19.205347273123472 ], [ -104.63134413992438, 19.205189752939038 ], [ -104.631258423334543, 19.204988242080255 ], [ -104.631184925343945, 19.20484733097928 ], [ -104.630920285138743, 19.204387769437272 ], [ -104.6308658467904, 19.204296848128809 ], [ -104.630768973841469, 19.204111614192659 ], [ -104.630721073138361, 19.203990507102596 ], [ -104.630687359113423, 19.203879659747457 ], [ -104.630667873944944, 19.203767096398735 ], [ -104.630660743410687, 19.203697306045992 ], [ -104.630658061590097, 19.203628190257675 ], [ -104.63066367205947, 19.203572043745474 ], [ -104.630673026784805, 19.203535815410813 ], [ -104.630692993461253, 19.203500334391844 ], [ -104.63072937198227, 19.203453254350688 ], [ -104.63079649669811, 19.20338002187745 ], [ -104.630869013190136, 19.203311928782924 ], [ -104.630912157360541, 19.20326472269106 ], [ -104.630980794168394, 19.203173680428453 ], [ -104.631024829152949, 19.203081504045809 ], [ -104.631057173768397, 19.202961722642517 ], [ -104.631074146305664, 19.202857844219693 ], [ -104.631091041642961, 19.202691338053715 ], [ -104.631096837911002, 19.202526454789933 ], [ -104.631100460181202, 19.202373170612365 ], [ -104.631107264304362, 19.202119858118344 ], [ -104.63111349475453, 19.202027439774081 ], [ -104.63107289776363, 19.201413974133995 ], [ -104.631057110044964, 19.200868170145384 ], [ -104.631019050365978, 19.200538319594418 ], [ -104.630960128344512, 19.200343792346416 ], [ -104.630854125090536, 19.200131785838437 ], [ -104.630700758680504, 19.199881437727953 ], [ -104.63059337598888, 19.199722183736142 ], [ -104.630452947881963, 19.19956511950728 ], [ -104.630280410670679, 19.199403859237922 ], [ -104.630092085740728, 19.19927868518268 ], [ -104.630086975370673, 19.199100300534052 ], [ -104.630088769576645, 19.198924795933113 ], [ -104.630100422101975, 19.198539636419891 ], [ -104.630103632832942, 19.197102759561496 ], [ -104.630072541030117, 19.196667909896476 ], [ -104.629924236015569, 19.196075488369804 ], [ -104.629743464141427, 19.195664021433458 ], [ -104.62904817313553, 19.19433626240593 ], [ -104.628888814564533, 19.193909611907706 ], [ -104.628840425764253, 19.193246336846929 ], [ -104.628852619113047, 19.193175946953019 ], [ -104.628930656287011, 19.192725451595937 ], [ -104.629400114370227, 19.190957927813816 ], [ -104.629522381122399, 19.190447257486589 ], [ -104.629623507018323, 19.189831654046134 ], [ -104.629645706399359, 19.189462890974845 ], [ -104.629648177993388, 19.188357600068155 ], [ -104.629627537467471, 19.188029353167867 ], [ -104.629528743819563, 19.187602825248394 ], [ -104.629408250844776, 19.18732174649146 ], [ -104.628944746614195, 19.186436572872221 ], [ -104.628814196719802, 19.186250335144564 ], [ -104.628765419633183, 19.186180751397941 ], [ -104.628698949752376, 19.186125799938413 ], [ -104.628392062498321, 19.185872091729259 ], [ -104.628038022356677, 19.185686970394315 ], [ -104.626759196601995, 19.185131725609374 ], [ -104.625607243180426, 19.184924673568727 ], [ -104.62500335508652, 19.184955584281706 ], [ -104.622908200422586, 19.185172349847385 ], [ -104.622298979155147, 19.185198165341077 ], [ -104.621551104857915, 19.18510188482141 ], [ -104.621091935186783, 19.184938526484373 ], [ -104.619697024025129, 19.184272463589718 ], [ -104.618992105698567, 19.184088289242965 ], [ -104.617097394011779, 19.183894866368963 ], [ -104.616102241875637, 19.183849053856598 ], [ -104.615095582233124, 19.183802706076413 ], [ -104.611357559008127, 19.183683868090316 ], [ -104.607648519188388, 19.183565876150901 ], [ -104.605625393219853, 19.183453265794288 ], [ -104.603631189695747, 19.183164750898882 ], [ -104.602805453367083, 19.182865212916532 ] ] ] ] } },
{ "type": "Feature", "properties": { "fid": 45.0, "cat": 43, "CLAVE_ACUI": "1433", "NOM_ACUIF": "CIHUATLAN", "VULNERABIL": 3 }, "geometry": { "type": "MultiPolygon", "coordinates": [ [ [ [ -104.631612556533057, 19.211198180657213 ], [ -104.631683312674923, 19.211110022840742 ], [ -104.63173078656007, 19.211003797929671 ], [ -104.631795003555183, 19.210837189006035 ], [ -104.632204405409539, 19.211520924444972 ], [ -104.63229348576391, 19.211664432409766 ], [ -104.632342117575888, 19.211721380966438 ], [ -104.63240174440628, 19.211774946440521 ], [ -104.63247194336968, 19.211819208437536 ], [ -104.63251123258145, 19.211840223597317 ], [ -104.63258712666088, 19.211868877130133 ], [ -104.632763710189423, 19.211924688554973 ], [ -104.632627497153578, 19.211924415579698 ], [ -104.632567449282234, 19.211931421446625 ], [ -104.632533262992837, 19.211939682292346 ], [ -104.63250859343087, 19.211954672702269 ], [ -104.632498444183113, 19.211967782147205 ], [ -104.63249282430121, 19.211981100419909 ], [ -104.632492206624704, 19.211996996474877 ], [ -104.632494497253489, 19.212010211641189 ], [ -104.632506102404435, 19.21203921295805 ], [ -104.632622000098834, 19.212260503985235 ], [ -104.632668190364171, 19.212318116936309 ], [ -104.632767847090747, 19.212365686359636 ], [ -104.632864023561481, 19.212376029694603 ], [ -104.632966779819938, 19.212376235502283 ], [ -104.632944887874885, 19.212454932063558 ], [ -104.633788123091179, 19.214002082724523 ], [ -104.634395662191281, 19.214590752749682 ], [ -104.634379015209262, 19.214748957946718 ], [ -104.633420203664329, 19.214624384732673 ], [ -104.633001078269672, 19.214598826247798 ], [ -104.632588358067281, 19.214573657411428 ], [ -104.629678844436071, 19.214457271892925 ], [ -104.628943224060109, 19.214396571823556 ], [ -104.628605326671277, 19.214326319307638 ], [ -104.628504961888268, 19.214285722316756 ], [ -104.628458726426445, 19.214261476891647 ], [ -104.628424865095425, 19.214229032130081 ], [ -104.628408121149619, 19.214187753883888 ], [ -104.628404597105259, 19.214142505154474 ], [ -104.628407768994578, 19.214052056648065 ], [ -104.628476543889903, 19.213916109417518 ], [ -104.628550904522641, 19.21377958561748 ], [ -104.628632016221601, 19.213665655525965 ], [ -104.628710901011175, 19.213570717960387 ], [ -104.628807194469573, 19.213463414435452 ], [ -104.62888701716625, 19.213353507651984 ], [ -104.628963150340766, 19.213201094591305 ], [ -104.629049412365646, 19.212967414408467 ], [ -104.629134814643024, 19.212645917667185 ], [ -104.62915815632536, 19.212558047614689 ], [ -104.629241332349807, 19.212010080766916 ], [ -104.6292978518171, 19.211536202295008 ], [ -104.629351139784433, 19.211121598425539 ], [ -104.629470166448613, 19.210276867858489 ], [ -104.629698965391938, 19.210358718145699 ], [ -104.629841826870148, 19.210424963603074 ], [ -104.630021043831533, 19.210522355871738 ], [ -104.630204038473707, 19.210628153404102 ], [ -104.631366683566483, 19.211183142080181 ], [ -104.631512698498213, 19.211214764350984 ], [ -104.631612556533057, 19.211198180657213 ] ] ] ] } },
{ "type": "Feature", "properties": { "fid": 46.0, "cat": 48, "CLAVE_ACUI": "1433", "NOM_ACUIF": "CIHUATLAN", "VULNERABIL": 4 }, "geometry": { "type": "MultiPolygon", "coordinates": [ [ [ [ -104.635679034048664, 19.212785417508496 ], [ -104.635978112182784, 19.212880751235886 ], [ -104.636067036742219, 19.212948598876142 ], [ -104.636067219127398, 19.212948947096859 ], [ -104.636182939857107, 19.213169887718788 ], [ -104.636175687439021, 19.213227393704038 ], [ -104.636025939469931, 19.213274466095232 ], [ -104.635819266205388, 19.213284206185275 ], [ -104.635004539040395, 19.213282585424068 ], [ -104.634765866451772, 19.213261808630893 ], [ -104.634263696958527, 19.212445931663758 ], [ -104.635002171864272, 19.212657925023457 ], [ -104.635340704315453, 19.212717073618283 ], [ -104.635679034048664, 19.212785417508496 ] ] ] ] } },
{ "type": "Feature", "properties": { "fid": 47.0, "cat": 44, "CLAVE_ACUI": "1433", "NOM_ACUIF": "CIHUATLAN", "VULNERABIL": 3 }, "geometry": { "type": "MultiPolygon", "coordinates": [ [ [ [ -104.582616588109786, 19.204127699213227 ], [ -104.58344665246679, 19.204149888202409 ], [ -104.586472596712227, 19.204156738085356 ], [ -104.587334676041124, 19.204199282926293 ], [ -104.588331769350617, 19.204391002684879 ], [ -104.588894109948541, 19.204622345205863 ], [ -104.590521282017775, 19.205510218523855 ], [ -104.591083629586521, 19.205741554428052 ], [ -104.592080736915761, 19.205933254017793 ], [ -104.592942827474616, 19.205975772677707 ], [ -104.595968808718851, 19.205982466447786 ], [ -104.596793479406386, 19.206029959860839 ], [ -104.597615961946659, 19.206244930120967 ], [ -104.597966266789669, 19.206504539667431 ], [ -104.598778544755575, 19.207501080701185 ], [ -104.598989756774486, 19.207821287605842 ], [ -104.599163129602132, 19.208319047499028 ], [ -104.599199592493591, 19.208709926342173 ], [ -104.599196379048053, 19.210036267704695 ], [ -104.599248801457819, 19.210457633242896 ], [ -104.599496654114958, 19.211097664299242 ], [ -104.599896936538315, 19.211731824660831 ], [ -104.60039139489335, 19.212439686491706 ], [ -104.600665648402057, 19.212832302022996 ], [ -104.60082391059926, 19.213058865498979 ], [ -104.601038402540638, 19.213432237769403 ], [ -104.60115840405183, 19.213703231131241 ], [ -104.601194608839762, 19.213872676910494 ], [ -104.601201905419273, 19.214010217527218 ], [ -104.601087477891582, 19.21407791725332 ], [ -104.600932852903696, 19.214152751044125 ], [ -104.600410418691425, 19.214342782706371 ], [ -104.599813183455367, 19.21452110107052 ], [ -104.598360713336902, 19.214779718938392 ], [ -104.597419149962377, 19.214893392214492 ], [ -104.595997295402071, 19.214985002260129 ], [ -104.594744862891289, 19.21500253814423 ], [ -104.593501318076463, 19.214999773164578 ], [ -104.593955993865791, 19.214297739926995 ], [ -104.59603970752589, 19.214157740865463 ], [ -104.598135061144276, 19.213141079936477 ], [ -104.597213026601409, 19.21284080933356 ], [ -104.595934213645165, 19.212934737673464 ], [ -104.595062695126288, 19.212998750387193 ], [ -104.59303469476265, 19.21369920374941 ], [ -104.592256587099968, 19.214997005547541 ], [ -104.590322034860407, 19.214992704136357 ], [ -104.588818615397287, 19.214928433371323 ], [ -104.586225490263331, 19.214638379765113 ], [ -104.584024452414596, 19.214288276367554 ], [ -104.577525048236978, 19.213196516081265 ], [ -104.574436414150156, 19.212752784845527 ], [ -104.573973449353801, 19.212694236480544 ], [ -104.573682601962304, 19.212634815101204 ], [ -104.573437594143002, 19.212558193264226 ], [ -104.573290280702679, 19.212489886984713 ], [ -104.573082640906648, 19.212366280908835 ], [ -104.57294298746163, 19.21219454265443 ], [ -104.572834836622221, 19.211958970683032 ], [ -104.572747418166742, 19.21157498067679 ], [ -104.572757742711588, 19.21124995102463 ], [ -104.572811491130679, 19.210903253448272 ], [ -104.5728393280597, 19.210687927686461 ], [ -104.572843740966022, 19.210538872947208 ], [ -104.572850525407915, 19.210309714849437 ], [ -104.572875977326035, 19.210113526388188 ], [ -104.572906493205835, 19.20948410145802 ], [ -104.572875976347191, 19.208990098198729 ], [ -104.572753905639729, 19.208520890752979 ], [ -104.57240295458098, 19.208026886297869 ], [ -104.571861266609076, 19.207675934767359 ], [ -104.570739746511265, 19.207044602248345 ], [ -104.569229126224727, 19.205966949143754 ], [ -104.568756102159767, 19.205474854486269 ], [ -104.568428040239226, 19.205217361863646 ], [ -104.568260193374073, 19.204816819747855 ], [ -104.568084715145119, 19.204299928282587 ], [ -104.567932128248444, 19.203548431901279 ], [ -104.567924498945288, 19.202888489621106 ], [ -104.568184330332684, 19.202312196790778 ], [ -104.568661016152731, 19.202420540830381 ], [ -104.569171747120109, 19.202536621330278 ], [ -104.569535144976328, 19.202619214220743 ], [ -104.570102186507171, 19.202691942266458 ], [ -104.571304966812647, 19.202715478091005 ], [ -104.577006803105704, 19.203060307204272 ], [ -104.578533149439906, 19.203170403530311 ], [ -104.57995424790208, 19.203339458004553 ], [ -104.579994592697005, 19.203349982422822 ], [ -104.580045058340929, 19.203354891942375 ], [ -104.580458040978058, 19.203470877673841 ], [ -104.581387978045399, 19.203915118826295 ], [ -104.581768898555566, 19.204031028430222 ], [ -104.582616588109786, 19.204127699213227 ] ] ] ] } },
{ "type": "Feature", "properties": { "fid": 48.0, "cat": 49, "CLAVE_ACUI": "1433", "NOM_ACUIF": "CIHUATLAN", "VULNERABIL": 4 }, "geometry": { "type": "MultiPolygon", "coordinates": [ [ [ [ -104.632668190364171, 19.212318116936309 ], [ -104.632622000098834, 19.212260503985235 ], [ -104.632506102404435, 19.21203921295805 ], [ -104.632494497253489, 19.212010211641189 ], [ -104.632492206624704, 19.211996996474877 ], [ -104.63249282430121, 19.211981100419909 ], [ -104.632498444183113, 19.211967782147205 ], [ -104.63250859343087, 19.211954672702269 ], [ -104.632533262992837, 19.211939682292346 ], [ -104.632567449282234, 19.211931421446625 ], [ -104.632627497153578, 19.211924415579698 ], [ -104.632763710189423, 19.211924688554973 ], [ -104.632978239078113, 19.211925106301859 ], [ -104.633028953915456, 19.211924822670149 ], [ -104.633092457098428, 19.211922674379579 ], [ -104.633087454541609, 19.211942434701044 ], [ -104.63308745455619, 19.211942434708 ], [ -104.63306874375921, 19.212009696103703 ], [ -104.633046483529938, 19.21208971696505 ], [ -104.633016714294797, 19.212196731129588 ], [ -104.632990929310282, 19.212289422747702 ], [ -104.632966779819938, 19.212376235502283 ], [ -104.632864023561481, 19.212376029694603 ], [ -104.632767847090747, 19.212365686359636 ], [ -104.632668190364171, 19.212318116936309 ] ] ] ] } },
{ "type": "Feature", "properties": { "fid": 49.0, "cat": 50, "CLAVE_ACUI": "1433", "NOM_ACUIF": "CIHUATLAN", "VULNERABIL": 4 }, "geometry": { "type": "MultiPolygon", "coordinates": [ ] } },
{ "type": "Feature", "properties": { "fid": 50.0, "cat": 51, "CLAVE_ACUI": "1433", "NOM_ACUIF": "CIHUATLAN", "VULNERABIL": 4 }, "geometry": { "type": "MultiPolygon", "coordinates": [ [ [ [ -104.629698965391938, 19.210358718145699 ], [ -104.629470166448613, 19.210276867858489 ], [ -104.629536371050094, 19.209799166645286 ], [ -104.62962305818354, 19.209138217838582 ], [ -104.629723348246031, 19.208901571846656 ], [ -104.629844810684006, 19.208756324438838 ], [ -104.630311343998727, 19.208315148475172 ], [ -104.630432952872582, 19.208103921684909 ], [ -104.630533928723267, 19.207559373326259 ], [ -104.630556571169279, 19.206992673932728 ], [ -104.630561260117943, 19.204892624889208 ], [ -104.630575212756355, 19.204576066633958 ], [ -104.630596218497246, 19.204358254745323 ], [ -104.630624148135311, 19.204186063448624 ], [ -104.630687359113423, 19.203879659747457 ], [ -104.630721073138361, 19.203990507102596 ], [ -104.630768973841469, 19.204111614192659 ], [ -104.6308658467904, 19.204296848128809 ], [ -104.630920285138743, 19.204387769437272 ], [ -104.631184925343945, 19.20484733097928 ], [ -104.631258423334543, 19.204988242080255 ], [ -104.63134413992438, 19.205189752939038 ], [ -104.631393433170913, 19.205347273123472 ], [ -104.631457181373023, 19.205628002816844 ], [ -104.631489230775713, 19.20580263668273 ], [ -104.631547788594943, 19.206121712156641 ], [ -104.63162792485241, 19.206933925914065 ], [ -104.63185405426232, 19.20991867334817 ], [ -104.631857723493738, 19.210424013627179 ], [ -104.631795003555183, 19.210837189006035 ], [ -104.63173078656007, 19.211003797929671 ], [ -104.631683312674923, 19.211110022840742 ], [ -104.631612556533057, 19.211198180657213 ], [ -104.631512698498213, 19.211214764350984 ], [ -104.631366683566483, 19.211183142080181 ], [ -104.630204038473707, 19.210628153404102 ], [ -104.630021043831533, 19.210522355871738 ], [ -104.629841826870148, 19.210424963603074 ], [ -104.629698965391938, 19.210358718145699 ] ] ] ] } },
{ "type": "Feature", "properties": { "fid": 51.0, "cat": 45, "CLAVE_ACUI": "1433", "NOM_ACUIF": "CIHUATLAN", "VULNERABIL": 3 }, "geometry": { "type": "MultiPolygon", "coordinates": [ [ [ [ -104.640144139244356, 19.206173186889913 ], [ -104.639807930156962, 19.205954287303051 ], [ -104.638412765550243, 19.205288364053484 ], [ -104.63803918479887, 19.205054161551143 ], [ -104.637831748756611, 19.204799785460562 ], [ -104.637690966746874, 19.204627145758202 ], [ -104.637567092699101, 19.204251326260259 ], [ -104.637337232899, 19.202924517870674 ], [ -104.637340608204255, 19.202878196898258 ], [ -104.637361581919876, 19.202753835160017 ], [ -104.637410901414142, 19.20261313450035 ], [ -104.637501924596208, 19.202498768031536 ], [ -104.637699742714162, 19.202324836110062 ], [ -104.638145187797548, 19.202046029325953 ], [ -104.638490284413322, 19.201778616149682 ], [ -104.638884620508804, 19.20142809517592 ], [ -104.639016628282292, 19.201262448355916 ], [ -104.639063706785564, 19.201134406821517 ], [ -104.639082090891947, 19.20105556423621 ], [ -104.639077918409967, 19.200971924771672 ], [ -104.639054344789017, 19.2008801864636 ], [ -104.639013709963123, 19.200798140350194 ], [ -104.638946354300131, 19.200711765936891 ], [ -104.638897021929139, 19.200660782027427 ], [ -104.63848859718837, 19.200355213464832 ], [ -104.637604765159935, 19.199818057925 ], [ -104.636754584508438, 19.199340755802513 ], [ -104.636125709011424, 19.199088142712437 ], [ -104.635585722540554, 19.19884394500906 ], [ -104.635351107200307, 19.198625061554072 ], [ -104.635196658767555, 19.198380949933853 ], [ -104.635069426330318, 19.198023972604492 ], [ -104.635045977316594, 19.197697794853738 ], [ -104.635062741646507, 19.197307656846828 ], [ -104.635134621535997, 19.197014631832431 ], [ -104.635387073803301, 19.195985486827027 ], [ -104.63555355655231, 19.195611934541109 ], [ -104.635713725574192, 19.195496110244449 ], [ -104.635988588052612, 19.195341704363766 ], [ -104.636247529017268, 19.195236207729408 ], [ -104.636591615946884, 19.195158507928038 ], [ -104.637069880881086, 19.19506790331279 ], [ -104.637681260071886, 19.195000488877316 ], [ -104.638547961090168, 19.194895887030277 ], [ -104.639137890655476, 19.194752723115581 ], [ -104.639604691339443, 19.1945738556309 ], [ -104.640105937465322, 19.194370992506038 ], [ -104.640581715653141, 19.194256638259215 ], [ -104.641228714327539, 19.194186115260759 ], [ -104.641815352186796, 19.194152609287062 ], [ -104.642457176999699, 19.194220471547052 ], [ -104.642954035678628, 19.19434206687685 ], [ -104.643564409999172, 19.194586908074594 ], [ -104.644053535348533, 19.19483827516175 ], [ -104.644344298120387, 19.195002262323982 ], [ -104.644811265783204, 19.195335999921415 ], [ -104.64508034364043, 19.195609718977376 ], [ -104.645439046912358, 19.196128016478404 ], [ -104.64560807187479, 19.196576214834753 ], [ -104.646185473275651, 19.198677392863921 ], [ -104.646469317121614, 19.199224385226959 ], [ -104.647216514197268, 19.199675837655629 ], [ -104.648000094008765, 19.199773774874799 ], [ -104.649165512812331, 19.199776008195702 ], [ -104.650315258874414, 19.199778204224859 ], [ -104.650961540472366, 19.199802717523237 ], [ -104.651370532270263, 19.19984799542781 ], [ -104.651603393591287, 19.199858599502821 ], [ -104.651814781006564, 19.199835494252788 ], [ -104.652014832107511, 19.199765985053304 ], [ -104.652180476365686, 19.19969515785326 ], [ -104.652404811787378, 19.199572232976234 ], [ -104.652232914356759, 19.200123864219389 ], [ -104.65212065475346, 19.20053371915207 ], [ -104.652003773891323, 19.201049963844909 ], [ -104.651797051957274, 19.201849673584071 ], [ -104.651354624827036, 19.20330923690241 ], [ -104.651171416705864, 19.20402451132551 ], [ -104.651019633209074, 19.205042673858888 ], [ -104.650986008848506, 19.205781917504964 ], [ -104.650980879390943, 19.208213558423921 ], [ -104.650931285350964, 19.208922319367261 ], [ -104.650704974924935, 19.209798229665964 ], [ -104.650431267215993, 19.210340768814181 ], [ -104.64938026361348, 19.211996704074966 ], [ -104.649021188139955, 19.212468022870596 ], [ -104.648396516599234, 19.213011578013617 ], [ -104.647863204248353, 19.213316765856945 ], [ -104.645999075407531, 19.214197410245728 ], [ -104.645428506852426, 19.214426388910347 ], [ -104.644629993269234, 19.214614321247002 ], [ -104.644059829250224, 19.214653817373659 ], [ -104.642197578732549, 19.214650190938375 ], [ -104.641622223647929, 19.214618614723108 ], [ -104.640799484422573, 19.214474894746076 ], [ -104.640199498641238, 19.21430115658584 ], [ -104.638222313201268, 19.213634087888568 ], [ -104.637921794664209, 19.21356161098651 ], [ -104.637669106516839, 19.213518121374868 ], [ -104.637510058131511, 19.213542889009069 ], [ -104.637371139724763, 19.213587016052028 ], [ -104.637293714833547, 19.213655288666423 ], [ -104.637258018479741, 19.213744182422225 ], [ -104.637252684743103, 19.213862252789358 ], [ -104.637354178938722, 19.214846785829248 ], [ -104.637356857307964, 19.215025769407667 ], [ -104.637341984035388, 19.215113845680232 ], [ -104.637280254511765, 19.21526218746995 ], [ -104.637166675250242, 19.215337050467504 ], [ -104.636990681081997, 19.215364656203072 ], [ -104.636865638823991, 19.215356013513627 ], [ -104.636578473426709, 19.215311332804411 ], [ -104.635437363158189, 19.214999267339685 ], [ -104.635177193538013, 19.213932550960333 ], [ -104.634765866451772, 19.213261808630893 ], [ -104.635004539040395, 19.213282585424068 ], [ -104.635819266205388, 19.213284206185275 ], [ -104.636025939469931, 19.213274466095232 ], [ -104.636175687439021, 19.213227393704038 ], [ -104.636182939857107, 19.213169887718788 ], [ -104.636067219127398, 19.212948947096859 ], [ -104.63657759965281, 19.213006568463374 ], [ -104.637027309924207, 19.212652186672592 ], [ -104.637074886456389, 19.21207876874632 ], [ -104.636847204691946, 19.209757200447989 ], [ -104.636846760223506, 19.20914815994248 ], [ -104.637072363401288, 19.208627539478446 ], [ -104.637395097715938, 19.208492836006151 ], [ -104.638675587966375, 19.208384835018567 ], [ -104.639035597485773, 19.208311106079396 ], [ -104.639089575571461, 19.208279215141122 ], [ -104.639435151890297, 19.208075043588625 ], [ -104.639645934066294, 19.207811540782327 ], [ -104.640230026198182, 19.206817922789561 ], [ -104.640317943920508, 19.206528801309126 ], [ -104.640144139244356, 19.206173186889913 ] ] ] ] } },
{ "type": "Feature", "properties": { "fid": 52.0, "cat": 52, "CLAVE_ACUI": "1433", "NOM_ACUIF": "CIHUATLAN", "VULNERABIL": 3 }, "geometry": { "type": "MultiPolygon", "coordinates": [ [ [ [ -104.630147774574084, 19.202368124515345 ], [ -104.630127685651033, 19.202194850613701 ], [ -104.630093117502184, 19.201808135686715 ], [ -104.630095771494624, 19.200620652028299 ], [ -104.630088219420074, 19.200086506511155 ], [ -104.630081704481597, 19.19990680222746 ], [ -104.630081409360628, 19.199596729792528 ], [ -104.630092085740728, 19.19927868518268 ], [ -104.630280410670679, 19.199403859237922 ], [ -104.630452947881963, 19.19956511950728 ], [ -104.63059337598888, 19.199722183736142 ], [ -104.630700758680504, 19.199881437727953 ], [ -104.630854125090536, 19.200131785838437 ], [ -104.630960128344512, 19.200343792346416 ], [ -104.631019050365978, 19.200538319594418 ], [ -104.631057110044964, 19.200868170145384 ], [ -104.63107289776363, 19.201413974133995 ], [ -104.63111349475453, 19.202027439774081 ], [ -104.631107264304362, 19.202119858118344 ], [ -104.631100460181202, 19.202373170612365 ], [ -104.631096837911002, 19.202526454789933 ], [ -104.631091041642961, 19.202691338053715 ], [ -104.631074146305664, 19.202857844219693 ], [ -104.631057173768397, 19.202961722642517 ], [ -104.631024829152949, 19.203081504045809 ], [ -104.630980794168394, 19.203173680428453 ], [ -104.630912157360541, 19.20326472269106 ], [ -104.630869013190136, 19.203311928782924 ], [ -104.63079649669811, 19.20338002187745 ], [ -104.63072937198227, 19.203453254350688 ], [ -104.630692993461253, 19.203500334391844 ], [ -104.630673026784805, 19.203535815410813 ], [ -104.63066367205947, 19.203572043745474 ], [ -104.630622228505715, 19.203516815494776 ], [ -104.630540621686592, 19.20336940802984 ], [ -104.630443959689487, 19.203175798981729 ], [ -104.630355159275766, 19.203019526253645 ], [ -104.63029415391334, 19.202893696707939 ], [ -104.630234926582233, 19.202740837954533 ], [ -104.630184642117797, 19.202558931455719 ], [ -104.630147774574084, 19.202368124515345 ] ] ] ] } },
{ "type": "Feature", "properties": { "fid": 53.0, "cat": 53, "CLAVE_ACUI": "1433", "NOM_ACUIF": "CIHUATLAN", "VULNERABIL": 4 }, "geometry": { "type": "MultiPolygon", "coordinates": [ ] } },
{ "type": "Feature", "properties": { "fid": 54.0, "cat": 54, "CLAVE_ACUI": "1433", "NOM_ACUIF": "CIHUATLAN", "VULNERABIL": 4 }, "geometry": { "type": "MultiPolygon", "coordinates": [ ] } },
{ "type": "Feature", "properties": { "fid": 55.0, "cat": 56, "CLAVE_ACUI": "1433", "NOM_ACUIF": "CIHUATLAN", "VULNERABIL": 4 }, "geometry": { "type": "MultiPolygon", "coordinates": [ ] } },
{ "type": "Feature", "properties": { "fid": 56.0, "cat": 55, "CLAVE_ACUI": "1433", "NOM_ACUIF": "CIHUATLAN", "VULNERABIL": 4 }, "geometry": { "type": "MultiPolygon", "coordinates": [ [ [ [ -104.661165878542477, 19.197206763656535 ], [ -104.660900519509454, 19.197179204695733 ], [ -104.660476374643409, 19.197273159798041 ], [ -104.660135811799677, 19.197434940110167 ], [ -104.658970658077422, 19.198095955788265 ], [ -104.658587340517087, 19.198257653657823 ], [ -104.657963684151568, 19.198351231353204 ], [ -104.657456064840503, 19.198323215406752 ], [ -104.656569148612974, 19.198209215566621 ], [ -104.655710834536436, 19.198098887880253 ], [ -104.655210383172488, 19.198131423509661 ], [ -104.655093860009501, 19.198145049213029 ], [ -104.654938219514946, 19.198175061137963 ], [ -104.654834450164159, 19.198203930057389 ], [ -104.654756317559219, 19.198235440050023 ], [ -104.65466665449128, 19.19827780722169 ], [ -104.654582351415371, 19.198308652084393 ], [ -104.654474927898491, 19.198322018135443 ], [ -104.654388404658874, 19.198303823110901 ], [ -104.654333822268612, 19.198274750942016 ], [ -104.654418676474194, 19.19819794125004 ], [ -104.654528091460506, 19.198128368559193 ], [ -104.654639686812004, 19.198075354800135 ], [ -104.654765685508735, 19.198035149929236 ], [ -104.654839870885624, 19.19801413027675 ], [ -104.654883134549124, 19.198001871952698 ], [ -104.654992088910021, 19.197955343949857 ], [ -104.65508300109768, 19.197899117517103 ], [ -104.655164196731349, 19.197847097681407 ], [ -104.655239822992101, 19.197798645929041 ], [ -104.655549671362849, 19.19764857136234 ], [ -104.656136460008184, 19.197294398346003 ], [ -104.65869952427677, 19.195972828737915 ], [ -104.659325863435967, 19.195718004046075 ], [ -104.659547623126002, 19.19566044336101 ], [ -104.659846106509434, 19.195615259119609 ], [ -104.6601280192518, 19.1956294000295 ], [ -104.660400165868495, 19.195732651333891 ], [ -104.660637805488633, 19.195861384117858 ], [ -104.661752851959164, 19.196772948689784 ], [ -104.662149404852215, 19.197070175015639 ], [ -104.662253509072983, 19.19718021583606 ], [ -104.662310630639155, 19.19728866125125 ], [ -104.662334931185427, 19.197452660789523 ], [ -104.662369419202534, 19.19770548515492 ], [ -104.662330701850919, 19.197620079809273 ], [ -104.662262857962261, 19.197550073016444 ], [ -104.662150552110674, 19.197483396030325 ], [ -104.661912677146901, 19.197410901884545 ], [ -104.661572977728881, 19.197318045109427 ], [ -104.661165878542477, 19.197206763656535 ] ] ] ] } },
{ "type": "Feature", "properties": { "fid": 57.0, "cat": 58, "CLAVE_ACUI": "1433", "NOM_ACUIF": "CIHUATLAN", "VULNERABIL": 3 }, "geometry": { "type": "MultiPolygon", "coordinates": [ [ [ [ -104.671853050366636, 19.197562297859612 ], [ -104.671689270410297, 19.197511251228196 ], [ -104.671739616760078, 19.197274491608589 ], [ -104.671975319287711, 19.196987310059846 ], [ -104.67210297667242, 19.196866605164825 ], [ -104.672625878982387, 19.196848613191086 ], [ -104.673101822989608, 19.196832236954219 ], [ -104.673826442111945, 19.196883482770275 ], [ -104.673451147644428, 19.197121192910309 ], [ -104.673145605797757, 19.197305763054832 ], [ -104.672895801408657, 19.197518482472091 ], [ -104.672667703314829, 19.197563753669698 ], [ -104.671853050366636, 19.197562297859612 ] ] ] ] } },
{ "type": "Feature", "properties": { "fid": 58.0, "cat": 59, "CLAVE_ACUI": "1433", "NOM_ACUIF": "CIHUATLAN", "VULNERABIL": 3 }, "geometry": { "type": "MultiPolygon", "coordinates": [ [ [ [ -104.599892151398109, 19.1860349110868 ], [ -104.600355672645918, 19.185863360134309 ], [ -104.601004361210329, 19.185722662680107 ], [ -104.601467538590654, 19.185693217285809 ], [ -104.602980345298093, 19.185696496733701 ], [ -104.603389977902765, 19.185712608568842 ], [ -104.603770102287257, 19.185781154866824 ], [ -104.603788790050203, 19.185784524734071 ], [ -104.603948889145471, 19.185871150937086 ], [ -104.604297206737471, 19.186203490515254 ], [ -104.604398430715804, 19.186330591979626 ], [ -104.604522491074022, 19.186591392910916 ], [ -104.604598496233422, 19.186836864223217 ], [ -104.604675364472484, 19.187131741473852 ], [ -104.604829127828268, 19.187721595932977 ], [ -104.604852295418894, 19.187896784247357 ], [ -104.604867619872692, 19.188012664264257 ], [ -104.604842118067495, 19.188249457941623 ], [ -104.604816616182731, 19.188486251608055 ], [ -104.604705261162962, 19.188871736558657 ], [ -104.60423660361981, 19.190197078086644 ], [ -104.604087876754335, 19.190567255949809 ], [ -104.603862479586567, 19.190969411850112 ], [ -104.603689210710229, 19.191173742391772 ], [ -104.603106018103759, 19.191725128021904 ], [ -104.602890095185018, 19.191888762881575 ], [ -104.60267787233164, 19.191994885153385 ], [ -104.60246564920979, 19.192101007173555 ], [ -104.602075220549168, 19.192240577952113 ], [ -104.600677662375134, 19.19267965801264 ], [ -104.600442406623472, 19.192731591838964 ], [ -104.600207160626951, 19.192783523175809 ], [ -104.599409048136181, 19.192829151655484 ], [ -104.598739389973062, 19.192790468997238 ], [ -104.596412435477475, 19.192564305703666 ], [ -104.59579095955344, 19.192490191066678 ], [ -104.595217689376526, 19.192370502829917 ], [ -104.595195228245515, 19.192359485417967 ], [ -104.595020207595454, 19.192273635875139 ], [ -104.59467189645207, 19.191941279009139 ], [ -104.594581364106006, 19.191814195948805 ], [ -104.594507190255996, 19.191553498906426 ], [ -104.594491759874629, 19.191308157651846 ], [ -104.594493925068775, 19.1904239288078 ], [ -104.594564117403166, 19.190128023557829 ], [ -104.594889515312246, 19.189631360898723 ], [ -104.595284175676753, 19.189217747330883 ], [ -104.5968005113955, 19.187784205692157 ], [ -104.597264604169297, 19.187380890846637 ], [ -104.5978137569099, 19.18700157741705 ], [ -104.597914048541213, 19.186932303127175 ], [ -104.598377734243257, 19.186694778399502 ], [ -104.599892151398109, 19.1860349110868 ] ] ] ] } },
{ "type": "Feature", "properties": { "fid": 59.0, "cat": 61, "CLAVE_ACUI": "1433", "NOM_ACUIF": "CIHUATLAN", "VULNERABIL": 4 }, "geometry": { "type": "MultiPolygon", "coordinates": [ ] } },
{ "type": "Feature", "properties": { "fid": 60.0, "cat": 62, "CLAVE_ACUI": "1433", "NOM_ACUIF": "CIHUATLAN", "VULNERABIL": 4 }, "geometry": { "type": "MultiPolygon", "coordinates": [ ] } },
{ "type": "Feature", "properties": { "fid": 61.0, "cat": 57, "CLAVE_ACUI": "1433", "NOM_ACUIF": "CIHUATLAN", "VULNERABIL": 2 }, "geometry": { "type": "MultiPolygon", "coordinates": [ [ [ [ -104.68437074389, 19.185873450335663 ], [ -104.685269698365417, 19.185192911168784 ], [ -104.685689166785608, 19.184874057761107 ], [ -104.685966212196874, 19.184685229817187 ], [ -104.686232217819864, 19.184504889732064 ], [ -104.686232219215611, 19.184504889708503 ], [ -104.68665724834311, 19.184497715967023 ], [ -104.686820346750494, 19.18449363850684 ], [ -104.686859762198907, 19.184483444856379 ], [ -104.686877358007862, 19.184520236093277 ], [ -104.686922077740761, 19.184562324147919 ], [ -104.687040111298231, 19.18463953529718 ], [ -104.68715574974037, 19.184692712099043 ], [ -104.687268677771215, 19.184737665543949 ], [ -104.687406246820231, 19.184777704392641 ], [ -104.687718747144515, 19.184848377542902 ], [ -104.688070301478731, 19.184885840315747 ], [ -104.688282115957747, 19.184871831686621 ], [ -104.68847251442557, 19.184845233681372 ], [ -104.688687158448886, 19.184769636127619 ], [ -104.688948101390153, 19.184632951729817 ], [ -104.689039082267101, 19.18456956180637 ], [ -104.688970580096807, 19.184617289958759 ], [ -104.689155406103936, 19.18448851442076 ], [ -104.689334560507575, 19.184298711019323 ], [ -104.689448511655371, 19.184128948973058 ], [ -104.68953493589288, 19.183947397547879 ], [ -104.689667399263456, 19.183613358627767 ], [ -104.689761554696943, 19.183337678544493 ], [ -104.689860772894775, 19.182951678980345 ], [ -104.689912629566862, 19.1826959249053 ], [ -104.689957868165294, 19.182359004662857 ], [ -104.689976098211204, 19.18208378365668 ], [ -104.689987174160493, 19.181801835208283 ], [ -104.690269207908003, 19.181265010254126 ], [ -104.690509439603218, 19.18081066671818 ], [ -104.690663682425125, 19.180518951669576 ], [ -104.690753450245538, 19.180313308127495 ], [ -104.690826715378549, 19.180266978317665 ], [ -104.69089311815965, 19.180208856616563 ], [ -104.690950744126965, 19.180145986008473 ], [ -104.69100219142527, 19.1800924399808 ], [ -104.691081700625574, 19.18001339954024 ], [ -104.691166953180129, 19.179934073409498 ], [ -104.691879402442268, 19.179277227181526 ], [ -104.692170240057322, 19.179000261645538 ], [ -104.692595112008789, 19.17847990239272 ], [ -104.693644493983768, 19.176857291964769 ], [ -104.694309711021134, 19.175916319751408 ], [ -104.694816588530628, 19.175132751349608 ], [ -104.695220946144659, 19.175006866691472 ], [ -104.696075438778962, 19.17496490539067 ], [ -104.696617125532072, 19.174856187225224 ], [ -104.697158813698081, 19.174640656033091 ], [ -104.697647094125543, 19.174667358616833 ], [ -104.697822570639545, 19.175138473431186 ], [ -104.697700500847034, 19.175960541277181 ], [ -104.69709014708323, 19.177242278709112 ], [ -104.697021484297053, 19.178092956787154 ], [ -104.697532652603357, 19.178247452765834 ], [ -104.697998046433483, 19.178455353111779 ], [ -104.698738098319424, 19.17848396344948 ], [ -104.699256896436111, 19.178602218801792 ], [ -104.699935912406545, 19.179056168303518 ], [ -104.700492859112259, 19.179210663593917 ], [ -104.70146179166963, 19.177991866855873 ], [ -104.701797485557563, 19.177892685384791 ], [ -104.702445982490943, 19.178003311855218 ], [ -104.702651977647562, 19.17854499760956 ], [ -104.702651977879981, 19.178842545751532 ], [ -104.701362608755062, 19.179157256957524 ], [ -104.700775145546771, 19.179986954275261 ], [ -104.70048522820214, 19.180339814464027 ], [ -104.699691771406449, 19.182020187303102 ], [ -104.698265075451403, 19.182415008812967 ], [ -104.697792052859569, 19.183118820581392 ], [ -104.697463988355651, 19.184402466704579 ], [ -104.696861267114187, 19.186290741281034 ], [ -104.696907043012146, 19.18671417318502 ], [ -104.697250366593536, 19.187129974442577 ], [ -104.696861267884088, 19.187456131605295 ], [ -104.696418761747481, 19.187410355138219 ], [ -104.69487762356718, 19.18627738939939 ], [ -104.693916320734516, 19.186674118910219 ], [ -104.693153381986022, 19.186906815050456 ], [ -104.692359923764769, 19.187927247048723 ], [ -104.691696166759016, 19.188034058327922 ], [ -104.691093444538808, 19.18818664681076 ], [ -104.690910338655542, 19.188602448479969 ], [ -104.690711974041093, 19.189180374706162 ], [ -104.690750122697651, 19.190021516548285 ], [ -104.690345762584272, 19.191221236993833 ], [ -104.690467833082579, 19.191999436605762 ], [ -104.690742491463283, 19.192325591963669 ], [ -104.690505982121721, 19.19310379066324 ], [ -104.690361022005149, 19.193471909435353 ], [ -104.690231323479509, 19.193807601476621 ], [ -104.689949034893104, 19.194349288874694 ], [ -104.689987182465771, 19.194728851106767 ], [ -104.690238951254941, 19.19500923258672 ], [ -104.690788268229525, 19.195262909930474 ], [ -104.690834044105671, 19.195760727744986 ], [ -104.690711975257599, 19.195932389227028 ], [ -104.690383910903805, 19.196283341043959 ], [ -104.689949035977136, 19.196084976314403 ], [ -104.688865661812812, 19.196136474465543 ], [ -104.688194274211256, 19.197246551249641 ], [ -104.688255309935784, 19.197734833299624 ], [ -104.688194273900777, 19.198150634302991 ], [ -104.687370300619023, 19.197959901117418 ], [ -104.6869201656515, 19.197660447817192 ], [ -104.686589329859345, 19.197235372425641 ], [ -104.685877014128536, 19.196655731033108 ], [ -104.685097688892228, 19.196301918214466 ], [ -104.684638501045299, 19.196346253684322 ], [ -104.684294304557937, 19.196040100080786 ], [ -104.682925741907226, 19.194735569646276 ], [ -104.682875401380485, 19.194445328955211 ], [ -104.682761638170788, 19.194246299417753 ], [ -104.682367598037402, 19.194203540173859 ], [ -104.682087154183023, 19.193936217707474 ], [ -104.681512892891917, 19.19336847326263 ], [ -104.681040125072755, 19.192822896756059 ], [ -104.680755379590181, 19.192552059648371 ], [ -104.680419921105596, 19.192302704847449 ], [ -104.680775724198782, 19.19204181570629 ], [ -104.681139526829938, 19.191775060982096 ], [ -104.681546806516977, 19.191479934973167 ], [ -104.68212901628921, 19.191049527505413 ], [ -104.682672181056461, 19.190651257247662 ], [ -104.683151244699189, 19.190299988513065 ], [ -104.682792662754096, 19.189647675522352 ], [ -104.682746887287408, 19.189550400366219 ], [ -104.682739256831368, 19.18922233593462 ], [ -104.682807922852732, 19.188915253503701 ], [ -104.682929992078101, 19.188678741930456 ], [ -104.683006286064085, 19.188575745853743 ], [ -104.683204650363606, 19.188304900823034 ], [ -104.683273315595741, 19.188203812237216 ], [ -104.683471678998814, 19.188014984697094 ], [ -104.682655334659941, 19.187856675698587 ], [ -104.681848478869895, 19.187308488594798 ], [ -104.681892270576597, 19.187241488045466 ], [ -104.682010995027383, 19.187149675509094 ], [ -104.682130927749697, 19.187091490326974 ], [ -104.682319994434849, 19.187039732335698 ], [ -104.682489607139786, 19.186980725274825 ], [ -104.682680322331166, 19.186928250254354 ], [ -104.682940454073361, 19.186842225292615 ], [ -104.683157078973679, 19.186742308532548 ], [ -104.68331255194353, 19.186648822202898 ], [ -104.683521607775276, 19.186516266000318 ], [ -104.684253862935179, 19.185961932456461 ], [ -104.684283049830356, 19.185939952183777 ], [ -104.68437074389, 19.185873450335663 ] ] ] ] } },
{ "type": "Feature", "properties": { "fid": 62.0, "cat": 60, "CLAVE_ACUI": "1433", "NOM_ACUIF": "CIHUATLAN", "VULNERABIL": 3 }, "geometry": { "type": "MultiPolygon", "coordinates": [ [ [ [ -104.685268193573535, 19.184503152580607 ], [ -104.686013009633939, 19.184508589194181 ], [ -104.686232217819764, 19.184504889732064 ], [ -104.686232217819864, 19.184504889732064 ], [ -104.685966212196874, 19.184685229817187 ], [ -104.685689166785608, 19.184874057761107 ], [ -104.685269698365417, 19.185192911168784 ], [ -104.68437074389, 19.185873450335663 ], [ -104.684283049830356, 19.185939952183777 ], [ -104.684253862935179, 19.185961932456461 ], [ -104.683521607775276, 19.186516266000318 ], [ -104.68331255194353, 19.186648822202898 ], [ -104.683157078973679, 19.186742308532548 ], [ -104.682940454073361, 19.186842225292615 ], [ -104.682680322331166, 19.186928250254354 ], [ -104.682489607139786, 19.186980725274825 ], [ -104.682319994434849, 19.187039732335698 ], [ -104.682130927749697, 19.187091490326974 ], [ -104.682010995027383, 19.187149675509094 ], [ -104.681892270576597, 19.187241488045466 ], [ -104.681848478869895, 19.187308488594798 ], [ -104.681358335844266, 19.186975479785819 ], [ -104.680838564919654, 19.186563993744929 ], [ -104.680252075178956, 19.186042786659556 ], [ -104.680099486540598, 19.185384750919326 ], [ -104.680068968740187, 19.184844972263573 ], [ -104.68036651591764, 19.184652328247399 ], [ -104.68088531511512, 19.184530259357704 ], [ -104.681274413199304, 19.18429184062969 ], [ -104.681435770481002, 19.184151773544041 ], [ -104.681495863325935, 19.184259694228736 ], [ -104.681610032211111, 19.184402405335202 ], [ -104.681689542684722, 19.184472741523383 ], [ -104.681772719911336, 19.184499383491904 ], [ -104.681891451255069, 19.184507900265302 ], [ -104.682110022076031, 19.184497215301718 ], [ -104.68327569201135, 19.184499230921652 ], [ -104.685263701656112, 19.184502842759613 ], [ -104.685268193573535, 19.184503152580607 ] ] ] ] } },
{ "type": "Feature", "properties": { "fid": 63.0, "cat": 65, "CLAVE_ACUI": "1433", "NOM_ACUIF": "CIHUATLAN", "VULNERABIL": 4 }, "geometry": { "type": "MultiPolygon", "coordinates": [ [ [ [ -104.686965504838241, 19.184243734179962 ], [ -104.686899862346834, 19.184381062907992 ], [ -104.686859762198907, 19.184483444856379 ], [ -104.686820346750494, 19.18449363850684 ], [ -104.68665724834311, 19.184497715967023 ], [ -104.686232219215611, 19.184504889708503 ], [ -104.686013009633939, 19.184508589194181 ], [ -104.685268193573535, 19.184503152580607 ], [ -104.685263701656112, 19.184502842759613 ], [ -104.68327569201135, 19.184499230921652 ], [ -104.682110022076031, 19.184497215301718 ], [ -104.681891451255069, 19.184507900265302 ], [ -104.681772719911336, 19.184499383491904 ], [ -104.681689542684722, 19.184472741523383 ], [ -104.681610032211111, 19.184402405335202 ], [ -104.681495863325935, 19.184259694228736 ], [ -104.681435770481002, 19.184151773544041 ], [ -104.681549072165623, 19.184053421386665 ], [ -104.681716919086512, 19.183794021798022 ], [ -104.681915283268793, 19.183368682797589 ], [ -104.68208312924439, 19.182966232987312 ], [ -104.682205199932255, 19.182588577843127 ], [ -104.682518005957874, 19.182090759638193 ], [ -104.683013915624102, 19.181898118111345 ], [ -104.683776855680875, 19.181749343183071 ], [ -104.684127807371894, 19.181770324567498 ], [ -104.684379578127633, 19.181888580735134 ], [ -104.684455870637549, 19.181982041366503 ], [ -104.684600829270209, 19.182094574700585 ], [ -104.684753417671502, 19.182376862338472 ], [ -104.684753416600287, 19.18268203890711 ], [ -104.684780064022746, 19.183003019759848 ], [ -104.684837339695903, 19.183692932430997 ], [ -104.684967040608726, 19.18392753650776 ], [ -104.685165405867863, 19.184066773273418 ], [ -104.685485840548708, 19.184040069445818 ], [ -104.685729979426171, 19.183897017905409 ], [ -104.686065672538135, 19.18387031671644 ], [ -104.686401366178018, 19.183868407680254 ], [ -104.686676024452225, 19.183935165208059 ], [ -104.686897276775625, 19.183933259357033 ], [ -104.687053652590194, 19.183793638943136 ], [ -104.687164307407784, 19.183694840599703 ], [ -104.687293783924304, 19.183635281170517 ], [ -104.68720360687152, 19.183724686511912 ], [ -104.687153741660595, 19.183796036815853 ], [ -104.687120187898515, 19.183854639257063 ], [ -104.687041809333564, 19.184082565283614 ], [ -104.686965504838241, 19.184243734179962 ] ] ] ] } },
{ "type": "Feature", "properties": { "fid": 64.0, "cat": 63, "CLAVE_ACUI": "1433", "NOM_ACUIF": "CIHUATLAN", "VULNERABIL": 3 }, "geometry": { "type": "MultiPolygon", "coordinates": [ [ [ [ -104.687474604081629, 19.183552103574712 ], [ -104.687736510690556, 19.183431626066152 ], [ -104.688034070732016, 19.183246615267034 ], [ -104.688256229229125, 19.183096034075671 ], [ -104.688482150803779, 19.182927643138004 ], [ -104.688690742665983, 19.182752579103937 ], [ -104.688897769196203, 19.182571024030032 ], [ -104.689135405757938, 19.182377597351962 ], [ -104.68943764427182, 19.182149663796594 ], [ -104.689666549622444, 19.181991568243589 ], [ -104.689850018942508, 19.181879603827582 ], [ -104.689987174160493, 19.181801835208283 ], [ -104.689976098211204, 19.18208378365668 ], [ -104.689957868165294, 19.182359004662857 ], [ -104.689912629566862, 19.1826959249053 ], [ -104.689860772894775, 19.182951678980345 ], [ -104.689761554696943, 19.183337678544493 ], [ -104.689667399263456, 19.183613358627767 ], [ -104.68953493589288, 19.183947397547879 ], [ -104.689448511655371, 19.184128948973058 ], [ -104.689334560507575, 19.184298711019323 ], [ -104.689155406103936, 19.18448851442076 ], [ -104.688970580096807, 19.184617289958759 ], [ -104.689039082267101, 19.18456956180637 ], [ -104.688948101390153, 19.184632951729817 ], [ -104.688687158448886, 19.184769636127619 ], [ -104.68847251442557, 19.184845233681372 ], [ -104.688282115957747, 19.184871831686621 ], [ -104.688070301478731, 19.184885840315747 ], [ -104.687718747144515, 19.184848377542902 ], [ -104.687406246820231, 19.184777704392641 ], [ -104.687268677771215, 19.184737665543949 ], [ -104.68715574974037, 19.184692712099043 ], [ -104.687040111298231, 19.18463953529718 ], [ -104.686922077740761, 19.184562324147919 ], [ -104.686877358007862, 19.184520236093277 ], [ -104.686859762198907, 19.184483444856379 ], [ -104.686899862346834, 19.184381062907992 ], [ -104.686965504838241, 19.184243734179962 ], [ -104.687041809333564, 19.184082565283614 ], [ -104.687120187898515, 19.183854639257063 ], [ -104.687153741660595, 19.183796036815853 ], [ -104.68720360687152, 19.183724686511912 ], [ -104.687293783924304, 19.183635281170517 ], [ -104.687474604081629, 19.183552103574712 ] ] ] ] } },
{ "type": "Feature", "properties": { "fid": 65.0, "cat": 66, "CLAVE_ACUI": "1433", "NOM_ACUIF": "CIHUATLAN", "VULNERABIL": 4 }, "geometry": { "type": "MultiPolygon", "coordinates": [ ] } },
{ "type": "Feature", "properties": { "fid": 66.0, "cat": 64, "CLAVE_ACUI": "1433", "NOM_ACUIF": "CIHUATLAN", "VULNERABIL": 4 }, "geometry": { "type": "MultiPolygon", "coordinates": [ ] } },
{ "type": "Feature", "properties": { "fid": 67.0, "cat": 67, "CLAVE_ACUI": "1433", "NOM_ACUIF": "CIHUATLAN", "VULNERABIL": 4 }, "geometry": { "type": "MultiPolygon", "coordinates": [ ] } },
{ "type": "Feature", "properties": { "fid": 68.0, "cat": 69, "CLAVE_ACUI": "1433", "NOM_ACUIF": "CIHUATLAN", "VULNERABIL": 4 }, "geometry": { "type": "MultiPolygon", "coordinates": [ [ [ [ -104.689850018942508, 19.181879603827582 ], [ -104.689666549622444, 19.181991568243589 ], [ -104.68943764427182, 19.182149663796594 ], [ -104.689135405757938, 19.182377597351962 ], [ -104.688897769196203, 19.182571024030032 ], [ -104.688690742665983, 19.182752579103937 ], [ -104.688482150803779, 19.182927643138004 ], [ -104.688256229229125, 19.183096034075671 ], [ -104.688034070732016, 19.183246615267034 ], [ -104.687736510690556, 19.183431626066152 ], [ -104.687805175840509, 19.183124541434399 ], [ -104.688003539722061, 19.182840347532679 ], [ -104.688171386908024, 19.182815552866245 ], [ -104.68844604452687, 19.182670592800498 ], [ -104.68869018557487, 19.182411194491223 ], [ -104.688834964257794, 19.182174023698849 ], [ -104.688980102431032, 19.181936264003461 ], [ -104.689056396247224, 19.181676864370658 ], [ -104.68927001780294, 19.181274413931281 ], [ -104.689468383596861, 19.180990220407658 ], [ -104.689567565637191, 19.180730820570812 ], [ -104.689781188768393, 19.179904937060368 ], [ -104.689819335351686, 19.179151535752602 ], [ -104.68986511145124, 19.178703308502758 ], [ -104.68985748302886, 19.178091050251624 ], [ -104.689804076599614, 19.177785874011686 ], [ -104.689880370947222, 19.177478790286091 ], [ -104.690170287921561, 19.177028656391386 ], [ -104.690313166790503, 19.176847753227815 ], [ -104.690337151003632, 19.176922848165638 ], [ -104.690364910515342, 19.177009763621047 ], [ -104.690419762220614, 19.177126102805921 ], [ -104.690511326794919, 19.177261982659569 ], [ -104.690562669921121, 19.177324379367413 ], [ -104.690657088831912, 19.177443402396932 ], [ -104.690733138315551, 19.177565451482248 ], [ -104.690813480683246, 19.177741919005502 ], [ -104.69085643462418, 19.177921368236809 ], [ -104.690896649227525, 19.178151719497574 ], [ -104.690924698733895, 19.178598300629879 ], [ -104.690921841981051, 19.179288761174824 ], [ -104.690886535092716, 19.179696249453801 ], [ -104.69081969823489, 19.180114425712993 ], [ -104.690788646290841, 19.180225317714466 ], [ -104.690753450245538, 19.180313308127495 ], [ -104.690663682425125, 19.180518951669576 ], [ -104.690509439603218, 19.18081066671818 ], [ -104.690269207908003, 19.181265010254126 ], [ -104.689987174160493, 19.181801835208283 ], [ -104.689850018942508, 19.181879603827582 ] ] ] ] } },
{ "type": "Feature", "properties": { "fid": 69.0, "cat": 68, "CLAVE_ACUI": "1433", "NOM_ACUIF": "CIHUATLAN", "VULNERABIL": 4 }, "geometry": { "type": "MultiPolygon", "coordinates": [ ] } },
{ "type": "Feature", "properties": { "fid": 70.0, "cat": 70, "CLAVE_ACUI": "1433", "NOM_ACUIF": "CIHUATLAN", "VULNERABIL": 4 }, "geometry": { "type": "MultiPolygon", "coordinates": [ ] } },
{ "type": "Feature", "properties": { "fid": 71.0, "cat": 71, "CLAVE_ACUI": "1433", "NOM_ACUIF": "CIHUATLAN", "VULNERABIL": 3 }, "geometry": { "type": "MultiPolygon", "coordinates": [ ] } },
{ "type": "Feature", "properties": { "fid": 72.0, "cat": 73, "CLAVE_ACUI": "1433", "NOM_ACUIF": "CIHUATLAN", "VULNERABIL": 2 }, "geometry": { "type": "MultiPolygon", "coordinates": [ ] } },
{ "type": "Feature", "properties": { "fid": 73.0, "cat": 74, "CLAVE_ACUI": "1433", "NOM_ACUIF": "CIHUATLAN", "VULNERABIL": 4 }, "geometry": { "type": "MultiPolygon", "coordinates": [ ] } },
{ "type": "Feature", "properties": { "fid": 74.0, "cat": 72, "CLAVE_ACUI": "1433", "NOM_ACUIF": "CIHUATLAN", "VULNERABIL": 3 }, "geometry": { "type": "MultiPolygon", "coordinates": [ [ [ [ -104.691543578224895, 19.17536926253764 ], [ -104.691534608785346, 19.174588889166269 ], [ -104.691520690997962, 19.173377991808625 ], [ -104.691963194411713, 19.172986984301726 ], [ -104.692153929615273, 19.172716141089619 ], [ -104.693458556831686, 19.172746658419488 ], [ -104.693756103203128, 19.173070907881375 ], [ -104.693939208780662, 19.173650742626752 ], [ -104.693649292498648, 19.174226762395548 ], [ -104.69270324622606, 19.174922944446177 ], [ -104.692642211113423, 19.175355912212297 ], [ -104.692878722589484, 19.175626754449734 ], [ -104.693313598357975, 19.175329209375679 ], [ -104.694257249480302, 19.175205863368394 ], [ -104.694816588530628, 19.175132751349608 ], [ -104.694309711021134, 19.175916319751408 ], [ -104.693644493983754, 19.176857291964787 ], [ -104.692595112008789, 19.17847990239272 ], [ -104.692170240057322, 19.179000261645538 ], [ -104.691879402442268, 19.179277227181526 ], [ -104.691166953180129, 19.179934073409498 ], [ -104.691081700625574, 19.18001339954024 ], [ -104.69100219142527, 19.1800924399808 ], [ -104.690950744126965, 19.180145986008473 ], [ -104.69089311815965, 19.180208856616563 ], [ -104.690826715378549, 19.180266978317665 ], [ -104.690753450245538, 19.180313308127495 ], [ -104.690788646290841, 19.180225317714466 ], [ -104.69081969823489, 19.180114425712993 ], [ -104.690886535092716, 19.179696249453801 ], [ -104.690921841981051, 19.179288761174824 ], [ -104.690924698733895, 19.178598300629879 ], [ -104.690896649227525, 19.178151719497574 ], [ -104.69085643462418, 19.177921368236809 ], [ -104.690813480683246, 19.177741919005502 ], [ -104.690733138315551, 19.177565451482248 ], [ -104.690657088831912, 19.177443402396932 ], [ -104.690562669921121, 19.177324379367413 ], [ -104.690511326794919, 19.177261982659569 ], [ -104.690419762220614, 19.177126102805921 ], [ -104.690364910515342, 19.177009763621047 ], [ -104.690337151003632, 19.176922848165638 ], [ -104.690313166790503, 19.176847753227815 ], [ -104.690406798448564, 19.176729203415096 ], [ -104.690635681190287, 19.176389694935391 ], [ -104.691146849957605, 19.175867081765499 ], [ -104.691368102641775, 19.175628662059644 ], [ -104.691467284732298, 19.175416947275139 ], [ -104.691543578224895, 19.17536926253764 ] ] ] ] } },
{ "type": "Feature", "properties": { "fid": 75.0, "cat": 75, "CLAVE_ACUI": "1433", "NOM_ACUIF": "CIHUATLAN", "VULNERABIL": 4 }, "geometry": { "type": "MultiPolygon", "coordinates": [ [ [ [ -104.627778784202249, 19.175146630894609 ], [ -104.627591499896639, 19.175332831362553 ], [ -104.627330542444824, 19.175564793541948 ], [ -104.627181941673641, 19.17570252108597 ], [ -104.627005251732299, 19.1758647133911 ], [ -104.62687602050822, 19.175965896191631 ], [ -104.626763065594915, 19.176051091026093 ], [ -104.626588677029574, 19.176157181978425 ], [ -104.626464761732279, 19.176236668370159 ], [ -104.62630191877399, 19.176315685381496 ], [ -104.626224588549334, 19.176346620198693 ], [ -104.626117358971854, 19.176384930721749 ], [ -104.626037597155232, 19.176403045846278 ], [ -104.626031053016575, 19.176137995741733 ], [ -104.626022338839761, 19.17585945285834 ], [ -104.626098632765064, 19.175506591795205 ], [ -104.626441954672245, 19.175174713511371 ], [ -104.626838684120344, 19.17514991917928 ], [ -104.627400372425171, 19.175147954504375 ], [ -104.627778784202249, 19.175146630894609 ] ] ] ] } },
{ "type": "Feature", "properties": { "fid": 76.0, "cat": 76, "CLAVE_ACUI": "1433", "NOM_ACUIF": "CIHUATLAN", "VULNERABIL": 4 }, "geometry": { "type": "MultiPolygon", "coordinates": [ ] } },
{ "type": "Feature", "properties": { "fid": 77.0, "cat": 77, "CLAVE_ACUI": "1433", "NOM_ACUIF": "CIHUATLAN", "VULNERABIL": 4 }, "geometry": { "type": "MultiPolygon", "coordinates": [ [ [ [ -104.630401611605905, 19.173183442616889 ], [ -104.630599975398155, 19.173110961701983 ], [ -104.630851745663662, 19.173158645366527 ], [ -104.631126404222826, 19.173393249686285 ], [ -104.630891870294974, 19.17348734056316 ], [ -104.63057283606598, 19.173653304160339 ], [ -104.630243208170057, 19.173864492644963 ], [ -104.630129525905872, 19.173952921059346 ], [ -104.629745029043193, 19.17424383189778 ], [ -104.629608086853324, 19.174327990075639 ], [ -104.629517046831197, 19.174370224605077 ], [ -104.629440401564793, 19.174396148147924 ], [ -104.629318473162414, 19.17441801326822 ], [ -104.629246184115175, 19.174420473984092 ], [ -104.629139085208905, 19.174415170606341 ], [ -104.628853184537334, 19.174425509551224 ], [ -104.628668713369564, 19.174440891942584 ], [ -104.62844697434295, 19.174478484809946 ], [ -104.628288318325772, 19.174524387374678 ], [ -104.628155922198033, 19.174576042365725 ], [ -104.628074646671621, 19.174463271980589 ], [ -104.627906799054585, 19.174085617045108 ], [ -104.627853393213186, 19.173803330979673 ], [ -104.627899168951458, 19.173473358545941 ], [ -104.62817382806081, 19.173095703959827 ], [ -104.628570557097774, 19.172718048158554 ], [ -104.628761290400405, 19.172504425474475 ], [ -104.628890990079498, 19.172458649107057 ], [ -104.629089356217364, 19.172597885681583 ], [ -104.629287718996565, 19.172857284778871 ], [ -104.629310608215434, 19.173069000204126 ], [ -104.629577635129579, 19.173215867026119 ], [ -104.629859924978192, 19.173397065224435 ], [ -104.630233764825661, 19.173324585163407 ], [ -104.630401611605905, 19.173183442616889 ] ] ] ] } },
{ "type": "Feature", "properties": { "fid": 78.0, "cat": 78, "CLAVE_ACUI": "1433", "NOM_ACUIF": "CIHUATLAN", "VULNERABIL": 4 }, "geometry": { "type": "MultiPolygon", "coordinates": [ ] } },
{ "type": "Feature", "properties": { "fid": 80.0, "cat": 80, "CLAVE_ACUI": "1433", "NOM_ACUIF": "CIHUATLAN", "VULNERABIL": 4 }, "geometry": { "type": "MultiPolygon", "coordinates": [ ] } },
{ "type": "Feature", "properties": { "fid": 81.0, "cat": 82, "CLAVE_ACUI": "1433", "NOM_ACUIF": "CIHUATLAN", "VULNERABIL": 4 }, "geometry": { "type": "MultiPolygon", "coordinates": [ [ [ [ -104.609058916555568, 19.1554944569375 ], [ -104.609136250120926, 19.154961389108113 ], [ -104.609080128843985, 19.154563604873964 ], [ -104.609094702681858, 19.154559022365834 ], [ -104.609107971008314, 19.154561998031415 ], [ -104.609504699880347, 19.154537201794547 ], [ -104.609878540088303, 19.154466630104633 ], [ -104.610042795962457, 19.154378837414676 ], [ -104.610611479286177, 19.154440326922536 ], [ -104.611371615833249, 19.154713071485546 ], [ -104.61238801691033, 19.155476114217603 ], [ -104.611816401072872, 19.155440460483092 ], [ -104.610093134022591, 19.155427762851552 ], [ -104.609773731456158, 19.1554261057675 ], [ -104.609375170111349, 19.155448832937374 ], [ -104.609058916555568, 19.1554944569375 ] ] ] ] } },
{ "type": "Feature", "properties": { "fid": 82.0, "cat": 83, "CLAVE_ACUI": "1433", "NOM_ACUIF": "CIHUATLAN", "VULNERABIL": 4 }, "geometry": { "type": "MultiPolygon", "coordinates": [ ] } },
{ "type": "Feature", "properties": { "fid": 83.0, "cat": 84, "CLAVE_ACUI": "1433", "NOM_ACUIF": "CIHUATLAN", "VULNERABIL": 4 }, "geometry": { "type": "MultiPolygon", "coordinates": [ ] } },
{ "type": "Feature", "properties": { "fid": 84.0, "cat": 85, "CLAVE_ACUI": "1433", "NOM_ACUIF": "CIHUATLAN", "VULNERABIL": 4 }, "geometry": { "type": "MultiPolygon", "coordinates": [ ] } },
{ "type": "Feature", "properties": { "fid": 85.0, "cat": 86, "CLAVE_ACUI": "1433", "NOM_ACUIF": "CIHUATLAN", "VULNERABIL": 4 }, "geometry": { "type": "MultiPolygon", "coordinates": [ ] } },
{ "type": "Feature", "properties": { "fid": 79.0, "cat": 79, "CLAVE_ACUI": "1433", "NOM_ACUIF": "CIHUATLAN", "VULNERABIL": 4 }, "geometry": { "type": "MultiPolygon", "coordinates": [ [ [ [ -104.614741321449713, 19.172109215454157 ], [ -104.614462672627084, 19.17169098806032 ], [ -104.614199613340304, 19.171379655275068 ], [ -104.613895391098907, 19.171071622173102 ], [ -104.613149381723062, 19.170316262373881 ], [ -104.61176854242153, 19.169030978610088 ], [ -104.60654370298694, 19.164267084081708 ], [ -104.605045363756943, 19.163006875475993 ], [ -104.603657943406361, 19.162130113877971 ], [ -104.602957807992112, 19.161892003135101 ], [ -104.599468818698142, 19.161221250820947 ], [ -104.598475318896803, 19.16111757507673 ], [ -104.597327956392434, 19.161304542824116 ], [ -104.596682363326707, 19.161675317913385 ], [ -104.594816938656322, 19.163218626253041 ], [ -104.594214000443287, 19.16361993848307 ], [ -104.593808553008529, 19.163794666718967 ], [ -104.593265732238279, 19.163949429574956 ], [ -104.59254025829496, 19.164032498284495 ], [ -104.591902706200173, 19.164187503096066 ], [ -104.59141480209037, 19.164405484972622 ], [ -104.591021608972298, 19.164553074313311 ], [ -104.590766905976139, 19.164665222579323 ], [ -104.589711434981226, 19.164333888761917 ], [ -104.588081359104649, 19.163822174782613 ], [ -104.587219238160941, 19.163423539654488 ], [ -104.587213127618881, 19.163413100680998 ], [ -104.587899169773323, 19.163383414444016 ], [ -104.588746198744886, 19.163132254349328 ], [ -104.591142815167913, 19.163110491696717 ], [ -104.591581259715184, 19.16271380339095 ], [ -104.591077692566003, 19.162522888835785 ], [ -104.589042579725458, 19.162500270937024 ], [ -104.58863344458095, 19.162580695349838 ], [ -104.588376313479515, 19.162724724247013 ], [ -104.587872458257351, 19.162651291859241 ], [ -104.587501587340384, 19.162641421485734 ], [ -104.587273525173202, 19.162568606657782 ], [ -104.586979410240431, 19.1622877733904 ], [ -104.586665803291496, 19.162196689812312 ], [ -104.5865142508666, 19.162073897982935 ], [ -104.58644104001911, 19.161916733606365 ], [ -104.586388480307633, 19.161291928433563 ], [ -104.586541424545246, 19.158680701071216 ], [ -104.586542771460486, 19.158140189742749 ], [ -104.586544014512498, 19.157641358282337 ], [ -104.586609059629083, 19.157001921858239 ], [ -104.586657097758561, 19.156529675341513 ], [ -104.586718773699729, 19.155923360135379 ], [ -104.586754700640128, 19.155570174600285 ], [ -104.587318420935148, 19.154235840100213 ], [ -104.587936400922374, 19.153455734527441 ], [ -104.588478087304253, 19.152936936756966 ], [ -104.58929443202554, 19.152322769478122 ], [ -104.590385437209278, 19.151824951978764 ], [ -104.591224669266353, 19.151493072584824 ], [ -104.591873167795498, 19.151302338869325 ], [ -104.592374255517754, 19.151194768141501 ], [ -104.592214501512004, 19.151638347118567 ], [ -104.59199607681505, 19.152057353725855 ], [ -104.591645931580729, 19.152506589498806 ], [ -104.59112120199795, 19.152980812867888 ], [ -104.589022583317131, 19.15474460466346 ], [ -104.588460366035974, 19.155249188249311 ], [ -104.587988545472157, 19.155870885605129 ], [ -104.587635077414376, 19.156497638612887 ], [ -104.587395974997037, 19.157173737079894 ], [ -104.587158117637742, 19.158169600460841 ], [ -104.586981350278947, 19.159150001356561 ], [ -104.586826427594247, 19.160633485762819 ], [ -104.586726803104824, 19.161199782261136 ], [ -104.586715998409886, 19.161431457252593 ], [ -104.586723942280187, 19.161537527077527 ], [ -104.58675557564699, 19.161674863410735 ], [ -104.586771293561625, 19.161722165185608 ], [ -104.586784399092622, 19.16176248065533 ], [ -104.586800438953873, 19.161787271718097 ], [ -104.586826070488584, 19.161804511990514 ], [ -104.586865539463616, 19.161814463810934 ], [ -104.586915734664899, 19.16180932568988 ], [ -104.586957400533251, 19.161796711228479 ], [ -104.587081253386344, 19.161718220119916 ], [ -104.587311120204248, 19.161568373458127 ], [ -104.58753110818374, 19.161343754152746 ], [ -104.58770416641417, 19.161131907312974 ], [ -104.587844992823534, 19.160907252454312 ], [ -104.587940788730265, 19.160685523628885 ], [ -104.587996616738167, 19.160473814560152 ], [ -104.588040082160674, 19.160271136836705 ], [ -104.588276625969783, 19.158724253990144 ], [ -104.588381092090174, 19.158250790119933 ], [ -104.588632058452461, 19.157588175038196 ], [ -104.588886114987076, 19.157115045672885 ], [ -104.589820736341238, 19.155569720735279 ], [ -104.590101386050065, 19.155142326886203 ], [ -104.590476472789049, 19.154693149934332 ], [ -104.590731661960547, 19.154478862511759 ], [ -104.591547455994487, 19.153928029712599 ], [ -104.591834522680315, 19.153784866309799 ], [ -104.592358376014232, 19.153667604593295 ], [ -104.592819671554338, 19.153643250662576 ], [ -104.594448531395045, 19.153646852852429 ], [ -104.594840089564954, 19.153739072763781 ], [ -104.59503850157077, 19.154165838795478 ], [ -104.594930388140057, 19.15468328525764 ], [ -104.594227435694449, 19.156671267432216 ], [ -104.594130251428382, 19.157087230574977 ], [ -104.594379687706265, 19.157040411607372 ], [ -104.594833207694833, 19.156557563278056 ], [ -104.596700167836261, 19.154351077857083 ], [ -104.59724991222258, 19.153837982309934 ], [ -104.597948455226529, 19.153650032602407 ], [ -104.598396633441538, 19.153894629128288 ], [ -104.599789603254706, 19.15522402464099 ], [ -104.600130839966553, 19.155508986782579 ], [ -104.600330294594954, 19.155509420747684 ], [ -104.600273992223805, 19.1552250790652 ], [ -104.59981179756771, 19.153897716639484 ], [ -104.599776939913909, 19.153582969418316 ], [ -104.600076460839475, 19.153441511915638 ], [ -104.600539205980169, 19.153554176020787 ], [ -104.602399171960769, 19.154221388355136 ], [ -104.602947255212669, 19.154395135221669 ], [ -104.603645002561024, 19.154538751297252 ], [ -104.60409370039801, 19.154570170698989 ], [ -104.605489875683801, 19.154573173654406 ], [ -104.605922510366014, 19.15461978014601 ], [ -104.606545297771689, 19.154834279324835 ], [ -104.607002360388705, 19.15509410014301 ], [ -104.608182134796124, 19.155873744948924 ], [ -104.608097220103787, 19.156007564689585 ], [ -104.607706252864091, 19.156458622015002 ], [ -104.607276944899013, 19.1570361261644 ], [ -104.606857443544854, 19.15748712055899 ], [ -104.606409989238173, 19.157694032590587 ], [ -104.606086247529234, 19.157865057497286 ], [ -104.606161017583887, 19.158416525518167 ], [ -104.607113395299876, 19.157831105761488 ], [ -104.607494814867138, 19.157398105109202 ], [ -104.608580612852052, 19.156146477829616 ], [ -104.608894707576098, 19.156397426671059 ], [ -104.609167955234184, 19.156824337235591 ], [ -104.609176142241211, 19.157128875431734 ], [ -104.60894109799257, 19.158123143081454 ], [ -104.608842467813389, 19.158412227803353 ], [ -104.608617239079834, 19.158767022280841 ], [ -104.608394113726902, 19.158984786626839 ], [ -104.607578087465129, 19.159646223650505 ], [ -104.60740318781734, 19.159803185617559 ], [ -104.607403019661362, 19.159874240073112 ], [ -104.607577679270577, 19.159818784476744 ], [ -104.608392923670351, 19.159488934999661 ], [ -104.60865329270186, 19.159337229503056 ], [ -104.609053104609018, 19.158959121677402 ], [ -104.609363894602268, 19.158570672977557 ], [ -104.610414425995941, 19.157136016783053 ], [ -104.610719831043994, 19.156762780232828 ], [ -104.611094533474883, 19.156455669352386 ], [ -104.611324418637381, 19.156390176290795 ], [ -104.612022514510258, 19.156391651758558 ], [ -104.612220154044337, 19.156407295044197 ], [ -104.612335883533092, 19.156411174696778 ], [ -104.612289449590634, 19.156685259472166 ], [ -104.611049259756939, 19.158354637696132 ], [ -104.610581494375253, 19.159112824806485 ], [ -104.610540802730441, 19.160242467730296 ], [ -104.611290269673745, 19.161021308897766 ], [ -104.61216277487874, 19.16108988111236 ], [ -104.612944718307887, 19.161151332301415 ], [ -104.614577341952014, 19.161120095019019 ], [ -104.614647097917569, 19.161118760365561 ], [ -104.614928500283398, 19.161052529497276 ], [ -104.615203857881397, 19.161121368327318 ], [ -104.615600585167613, 19.16126251267054 ], [ -104.615997313480662, 19.161684037394942 ], [ -104.61624145510811, 19.162061691790111 ], [ -104.616371153033796, 19.162578583309458 ], [ -104.616470336130504, 19.16352081394162 ], [ -104.616447448290472, 19.164321899063605 ], [ -104.616477964888929, 19.164934159558069 ], [ -104.616622924054383, 19.165145874174087 ], [ -104.616996764914546, 19.1655235303677 ], [ -104.617271422821418, 19.165851593283652 ], [ -104.617713927996562, 19.166086197982104 ], [ -104.61811828571949, 19.166461945631649 ], [ -104.618240356014141, 19.166862487 ], [ -104.618461609003532, 19.167215346731929 ], [ -104.618515015078685, 19.167734146929892 ], [ -104.61829376099665, 19.168371202085769 ], [ -104.617919921775851, 19.168794633478885 ], [ -104.617378235413781, 19.169033051294264 ], [ -104.616706847157502, 19.169246673688036 ], [ -104.616287231301158, 19.169458390736644 ], [ -104.615768431723822, 19.169954300768527 ], [ -104.615547179853976, 19.171157838459539 ], [ -104.615501403021852, 19.17167472831456 ], [ -104.61528015144205, 19.173183441975251 ], [ -104.615070803002197, 19.172771788995274 ], [ -104.614909995822288, 19.172436731683376 ], [ -104.614741321449713, 19.172109215454157 ] ] ] ] } },
{ "type": "Feature", "properties": { "fid": 23.0, "cat": 22, "CLAVE_ACUI": "1433", "NOM_ACUIF": "CIHUATLAN", "VULNERABIL": 2 }, "geometry": { "type": "MultiPolygon", "coordinates": [ [ [ [ -104.634339198029181, 19.237020224635184 ], [ -104.63478903164868, 19.236642165724817 ], [ -104.635134447146811, 19.236751127798911 ], [ -104.636296561369463, 19.237637672683391 ], [ -104.636668393435258, 19.237888793179824 ], [ -104.637241489133004, 19.238174147276819 ], [ -104.637688364974494, 19.238330675204701 ], [ -104.639200693726934, 19.238775778328467 ], [ -104.63963149307591, 19.238952571127843 ], [ -104.640070673012147, 19.23928758922705 ], [ -104.640129557608844, 19.239332507776041 ], [ -104.640410279276338, 19.239698482107688 ], [ -104.641222255646269, 19.241026424308728 ], [ -104.641529775346413, 19.241361997566887 ], [ -104.642152884169079, 19.241600064805017 ], [ -104.642735518925335, 19.241604586457761 ], [ -104.644831368101137, 19.241387606912713 ], [ -104.645392719080675, 19.241346400951812 ], [ -104.645916511008664, 19.241371099730959 ], [ -104.646103434573845, 19.241447590968882 ], [ -104.646451953357015, 19.241779851812002 ], [ -104.646531840254667, 19.241917039643958 ], [ -104.646556126191214, 19.242224989072547 ], [ -104.646510933227987, 19.242527729005079 ], [ -104.646275744760416, 19.243632565640979 ], [ -104.646235885397033, 19.243940391069852 ], [ -104.646285065602129, 19.244272073383339 ], [ -104.646395182722941, 19.244438079793184 ], [ -104.646859883816035, 19.24488109336712 ], [ -104.646980736233488, 19.245026818881378 ], [ -104.647080011744478, 19.245263858378898 ], [ -104.647100981343272, 19.245456760780328 ], [ -104.647099563754509, 19.246119932493947 ], [ -104.647056322418962, 19.246343162938032 ], [ -104.646855946579052, 19.246721733174464 ], [ -104.646612936019409, 19.247039317072435 ], [ -104.64567925553898, 19.248142802084399 ], [ -104.64542545135653, 19.248506041207218 ], [ -104.645174718815625, 19.249097674946523 ], [ -104.645070334071661, 19.249579627126071 ], [ -104.644833935859211, 19.251237103393855 ], [ -104.64474569491594, 19.251668333476744 ], [ -104.644570304654152, 19.252023264558076 ], [ -104.644407988363838, 19.252099078811785 ], [ -104.643825903093429, 19.252097946574544 ], [ -104.643637099086177, 19.252062051758852 ], [ -104.643338099334045, 19.251895675687884 ], [ -104.643099761262022, 19.251693890307088 ], [ -104.642286520947152, 19.250918599400517 ], [ -104.642064398587863, 19.250635639432812 ], [ -104.641841064133246, 19.250090452478982 ], [ -104.64174413710073, 19.249594574108972 ], [ -104.64151514730132, 19.247825661840629 ], [ -104.64147406266035, 19.247611117019702 ], [ -104.641418244508088, 19.247319632633459 ], [ -104.641195019448489, 19.246727075428346 ], [ -104.640973029589063, 19.246386594174627 ], [ -104.640160306948559, 19.245390236874609 ], [ -104.639884733647307, 19.245110552688672 ], [ -104.639411442700947, 19.244801718549382 ], [ -104.639010885963273, 19.244640210718053 ], [ -104.637614915722821, 19.244195335973039 ], [ -104.637155462318361, 19.244079385294157 ], [ -104.636407312562426, 19.243983161425444 ], [ -104.635797980202497, 19.243961648685236 ], [ -104.633702578712757, 19.243957467050649 ], [ -104.633055874211024, 19.24391556915073 ], [ -104.632133322376021, 19.243724239012458 ], [ -104.631462097003322, 19.243492808010465 ], [ -104.629252277106175, 19.242604113599423 ], [ -104.628655792764476, 19.242418501553011 ], [ -104.628082004303721, 19.242441021330219 ], [ -104.627858789176315, 19.242658805879138 ], [ -104.627390903643601, 19.243652614241725 ], [ -104.627231681846652, 19.243936507217427 ], [ -104.626956535128031, 19.24426753332078 ], [ -104.626949072000329, 19.2442735652828 ], [ -104.626945821358603, 19.244277662096412 ], [ -104.626722690201319, 19.24445653464652 ], [ -104.625906557981054, 19.24500751271421 ], [ -104.625635407771568, 19.24514568328944 ], [ -104.625186175336466, 19.245239502849664 ], [ -104.624815565333336, 19.245235359929694 ], [ -104.623535285885367, 19.245122201997688 ], [ -104.623234375479697, 19.245026843759511 ], [ -104.623110405496931, 19.244695001947456 ], [ -104.62323421512933, 19.244316300777825 ], [ -104.62355519672451, 19.243659726364676 ], [ -104.624036682580609, 19.242738742178403 ], [ -104.624229687477765, 19.242365664225826 ], [ -104.624499897401009, 19.242302946233274 ], [ -104.624878221494257, 19.242255101927125 ], [ -104.625260198044529, 19.242265949195165 ], [ -104.625767009769916, 19.242335751380306 ], [ -104.62576705174169, 19.242335757054747 ], [ -104.625767080108446, 19.242335761067764 ], [ -104.626778247947755, 19.242475022551815 ], [ -104.627191412316108, 19.242568911855194 ], [ -104.627236208705668, 19.242572471693123 ], [ -104.62736958724625, 19.24257096644461 ], [ -104.627626347780449, 19.242490284059322 ], [ -104.627693065088025, 19.242449462127293 ], [ -104.627752700836425, 19.242403594746627 ], [ -104.627820178507406, 19.242336499920732 ], [ -104.627912018194053, 19.242231460375066 ], [ -104.628026654260282, 19.242086979577309 ], [ -104.628134289742704, 19.241951321918421 ], [ -104.628248803404603, 19.241844778203525 ], [ -104.628397178611593, 19.241741830153984 ], [ -104.62856723438172, 19.241654205968832 ], [ -104.628825767099826, 19.241576908998635 ], [ -104.629757538276564, 19.241357738137275 ], [ -104.630053419038234, 19.241310966812101 ], [ -104.630502426216268, 19.241311873728684 ], [ -104.630847984596542, 19.241359940506221 ], [ -104.632011585168826, 19.24158334142426 ], [ -104.632357393195448, 19.241519749036321 ], [ -104.632807559695337, 19.240999587385215 ], [ -104.633104844769463, 19.240320091772009 ], [ -104.634041991656972, 19.237669270933729 ], [ -104.634339198029181, 19.237020224635184 ] ] ] ] } }
]
}
