{
"type": "FeatureCollection",
"name": "1617",
"crs": { "type": "name", "properties": { "name": "urn:ogc:def:crs:OGC:1.3:CRS84" } },
"features": [
{ "type": "Feature", "properties": { "fid": 1.0, "cat": 2, "VULNERABIL": 2.0, "CLAVE_ACUI": "1617", "NOM_ACUIF": "LAZARO CARDENAS" }, "geometry": { "type": "MultiPolygon", "coordinates": [ [ [ [ -102.126107423683067, 18.774501530423546 ], [ -102.126397402144178, 18.774170797442004 ], [ -102.12734859380349, 18.772858192371505 ], [ -102.127649399915711, 18.772517465874824 ], [ -102.12787568948508, 18.772378741805284 ], [ -102.128101978707093, 18.772240017409793 ], [ -102.128447714665043, 18.772184388944758 ], [ -102.129608571981976, 18.772202234330447 ], [ -102.129970041190845, 18.77216208097887 ], [ -102.130233040093984, 18.772059469020007 ], [ -102.130496038723535, 18.7719568566467 ], [ -102.130885993684061, 18.771703832165553 ], [ -102.132179777873333, 18.770728269880312 ], [ -102.132560441477338, 18.770393838682406 ], [ -102.132801768221441, 18.770101283410735 ], [ -102.133043094102689, 18.769808727707524 ], [ -102.133351933836167, 18.769307286261913 ], [ -102.134310522141035, 18.767552333429926 ], [ -102.13468993512754, 18.766975790094996 ], [ -102.135095942924593, 18.766508000257392 ], [ -102.135501948417371, 18.766040209216531 ], [ -102.136282550785737, 18.765280205798121 ], [ -102.139113301362045, 18.76266907344997 ], [ -102.139926880942838, 18.761848610453242 ], [ -102.140892879084774, 18.760630944763815 ], [ -102.141459297971295, 18.759711887084038 ], [ -102.143136556180053, 18.756640606574518 ], [ -102.143713436389746, 18.75573185622093 ], [ -102.144728317641025, 18.754562311788014 ], [ -102.145601266842633, 18.753800282257107 ], [ -102.148487760528425, 18.751548130123169 ], [ -102.150720490368116, 18.749077214663778 ], [ -102.151368282099199, 18.748386209137085 ], [ -102.152025307754528, 18.747779988368091 ], [ -102.152316128187579, 18.747604966314025 ], [ -102.153016266548235, 18.747394417564102 ], [ -102.153214008668854, 18.747365262542754 ], [ -102.15343666785715, 18.747439756117352 ], [ -102.153557010483553, 18.747575330671051 ], [ -102.153895951326163, 18.748133518281321 ], [ -102.153971782511391, 18.748380149277537 ], [ -102.153986719165573, 18.748972906515501 ], [ -102.153932225320716, 18.749573071494016 ], [ -102.153869903083773, 18.750084163487585 ], [ -102.153915909817343, 18.750545700571603 ], [ -102.153945455984299, 18.751114978942567 ], [ -102.153884579665331, 18.751777685385715 ], [ -102.153768066859868, 18.752155130380672 ], [ -102.153285212946727, 18.753253832658338 ], [ -102.153116249548972, 18.753579689889502 ], [ -102.152810610956735, 18.754001655585157 ], [ -102.152542947652989, 18.754278606271317 ], [ -102.151599485939911, 18.755149073828417 ], [ -102.151331648267288, 18.755436177276081 ], [ -102.151025205600988, 18.755905529072741 ], [ -102.150855268077976, 18.756288928397421 ], [ -102.150368664667056, 18.757608772423971 ], [ -102.150240681851528, 18.758033440976991 ], [ -102.150185359469774, 18.758364412954663 ], [ -102.150130036779601, 18.758695384876997 ], [ -102.150099955517817, 18.7592163505816 ], [ -102.15007022009938, 18.760985579873537 ], [ -102.150040478601042, 18.761486235352248 ], [ -102.14998595031129, 18.761769816904501 ], [ -102.149931421771782, 18.762053398409069 ], [ -102.149805367681012, 18.762362975780484 ], [ -102.149326169382789, 18.763240506048323 ], [ -102.149136661862983, 18.763518641711286 ], [ -102.148934078090846, 18.763728860178752 ], [ -102.148731493809606, 18.763939078355357 ], [ -102.148342189150611, 18.764261565843565 ], [ -102.146930592715563, 18.765346063508606 ], [ -102.146496929346711, 18.765769444746613 ], [ -102.146190850473857, 18.766215088949359 ], [ -102.145884769891083, 18.766660732417318 ], [ -102.145443917437802, 18.767510618953583 ], [ -102.14399873374559, 18.770585458667298 ], [ -102.143579523761261, 18.771415354028719 ], [ -102.143323975982682, 18.771814362092247 ], [ -102.143068426912407, 18.772213369630588 ], [ -102.142757501450674, 18.772523497300604 ], [ -102.141817611768943, 18.773172741952362 ], [ -102.141577949785301, 18.773367146023308 ], [ -102.141488685317753, 18.773496134892774 ], [ -102.141399420705952, 18.773625123699862 ], [ -102.141384041556165, 18.773799259486829 ], [ -102.141490801888907, 18.774353915636201 ], [ -102.141582548616071, 18.774499218578065 ], [ -102.141743244107943, 18.774560930612044 ], [ -102.14190393973405, 18.774622642522775 ], [ -102.142271323255315, 18.774653658924073 ], [ -102.143664389382195, 18.774674972194507 ], [ -102.144102013331178, 18.774651192802907 ], [ -102.144426602121413, 18.774585053637807 ], [ -102.144751190736756, 18.77451891387361 ], [ -102.145240962385699, 18.774353723049593 ], [ -102.146877379994237, 18.773715103184333 ], [ -102.147341264333164, 18.773503801655902 ], [ -102.147605455172254, 18.773330079236626 ], [ -102.147869645497451, 18.773156356368286 ], [ -102.148160591430937, 18.77287130809805 ], [ -102.148989953175516, 18.771888526145155 ], [ -102.149228443746111, 18.771551886940646 ], [ -102.149370243491944, 18.771257787845347 ], [ -102.149512042685927, 18.770963688568781 ], [ -102.149678693298938, 18.770460044501565 ], [ -102.150172790800767, 18.768697902533905 ], [ -102.15039883948107, 18.768149454168181 ], [ -102.150679240532725, 18.76775081276147 ], [ -102.150959640187935, 18.767352170743305 ], [ -102.151534733359853, 18.766761641222704 ], [ -102.153657674485189, 18.764803102864182 ], [ -102.15430907880345, 18.764112148670108 ], [ -102.154767563918497, 18.763479199658903 ], [ -102.155226045424342, 18.762846249029582 ], [ -102.155884589993235, 18.761728774682151 ], [ -102.158040773111878, 18.757779773868137 ], [ -102.158659186952477, 18.756509309305798 ], [ -102.159024090948094, 18.755519403468092 ], [ -102.159388989938947, 18.754529496261021 ], [ -102.159813152319046, 18.752971657497557 ], [ -102.161062724666976, 18.747681546702708 ], [ -102.161425755106649, 18.746270058218112 ], [ -102.161648069136973, 18.745621646573518 ], [ -102.161870381143146, 18.744973234399922 ], [ -102.162142535967561, 18.744532118356314 ], [ -102.162967966209209, 18.743770399078425 ], [ -102.163225552866692, 18.743562687493476 ], [ -102.163413875370736, 18.743458888031267 ], [ -102.163602197662513, 18.743355088347638 ], [ -102.163882675319655, 18.743266229708901 ], [ -102.164814925778728, 18.74305915273424 ], [ -102.165079328594359, 18.742975127325384 ], [ -102.165230143654782, 18.742882607927655 ], [ -102.165380958560917, 18.742790088385568 ], [ -102.165547455572693, 18.742609772631489 ], [ -102.16602280968263, 18.74195333734842 ], [ -102.166221283255041, 18.741773505349734 ], [ -102.166446712228449, 18.741682115303675 ], [ -102.16667214099121, 18.741590724952612 ], [ -102.167117750017894, 18.741509441375172 ], [ -102.168746400525691, 18.741312890223618 ], [ -102.169267132111926, 18.741202265209548 ], [ -102.169667847289375, 18.741042419529371 ], [ -102.170068561814148, 18.740882572887351 ], [ -102.170692728213922, 18.740536493826987 ], [ -102.172804058271296, 18.739241135700635 ], [ -102.173390314723264, 18.738930025488393 ], [ -102.173702590439078, 18.738851788906459 ], [ -102.174014865937238, 18.738773551763909 ], [ -102.174320827502399, 18.73886112950559 ], [ -102.175124100844442, 18.739426299032218 ], [ -102.175321105712626, 18.7396544390995 ], [ -102.17537914545828, 18.739904182002508 ], [ -102.175437185324185, 18.740153924904163 ], [ -102.175406007711516, 18.740639336064671 ], [ -102.175144427385902, 18.74240510151035 ], [ -102.175107495303195, 18.7429158199837 ], [ -102.175152113113555, 18.743224614117661 ], [ -102.175196731006423, 18.743533408253434 ], [ -102.175361143573326, 18.743904958735367 ], [ -102.176039171307252, 18.745021271858487 ], [ -102.176204262677373, 18.74535220093334 ], [ -102.176250459567783, 18.74556621263876 ], [ -102.176296656537332, 18.745780224343825 ], [ -102.176263555759675, 18.746060757321114 ], [ -102.176016689478658, 18.746941887358144 ], [ -102.175983925740269, 18.747202109648981 ], [ -102.17603091117472, 18.747368730197827 ], [ -102.17607789667953, 18.747535350744403 ], [ -102.176244905097107, 18.747751187099752 ], [ -102.176930309898125, 18.748425181216817 ], [ -102.177074986723753, 18.748701626743312 ], [ -102.177069861863828, 18.749009669797406 ], [ -102.177064736904128, 18.749317712840028 ], [ -102.176905415906361, 18.749921390085969 ], [ -102.176172154148958, 18.752122460952698 ], [ -102.17599150569815, 18.752725814420895 ], [ -102.175936630242148, 18.75303310548302 ], [ -102.175881754508595, 18.753340396493968 ], [ -102.175905616894013, 18.753615017737392 ], [ -102.176126727405375, 18.754282001545917 ], [ -102.176242301223368, 18.754491982591258 ], [ -102.176401417994128, 18.754648446411174 ], [ -102.176560535057561, 18.75480491013181 ], [ -102.176899581624042, 18.755041968040544 ], [ -102.178163572004166, 18.755835306693996 ], [ -102.178588412938652, 18.756043183850966 ], [ -102.178947709789526, 18.75613156290855 ], [ -102.179307007108818, 18.756219941322986 ], [ -102.17990872880732, 18.756264573935589 ], [ -102.181998170618982, 18.756296089411066 ], [ -102.182642030223093, 18.756371822189347 ], [ -102.183099647852089, 18.756532780615935 ], [ -102.183557266490936, 18.756693738032148 ], [ -102.184220889252899, 18.757077885171643 ], [ -102.186402580877584, 18.758548645841838 ], [ -102.187043043953508, 18.759044172422762 ], [ -102.187446601338323, 18.759465026625744 ], [ -102.187850160704002, 18.759885880202059 ], [ -102.188362721727984, 18.760592794016191 ], [ -102.189947577595646, 18.763050014029602 ], [ -102.190347458298547, 18.763800940098402 ], [ -102.190488072810368, 18.764324493337831 ], [ -102.190628687973856, 18.764848046559283 ], [ -102.190630560850352, 18.765592987199881 ], [ -102.190358061919312, 18.768022269239985 ], [ -102.190365851489787, 18.768731745928203 ], [ -102.19052028097127, 18.769172551084214 ], [ -102.190674711110205, 18.769613356199276 ], [ -102.191108152176483, 18.770163322221325 ], [ -102.192822036565119, 18.771848213136323 ], [ -102.193406265431037, 18.772309020346306 ], [ -102.193912514711513, 18.772541794365594 ], [ -102.194418765536383, 18.772774567187433 ], [ -102.195280964843889, 18.772978824952329 ], [ -102.198292072413153, 18.773466455766819 ], [ -102.19911755405434, 18.773634593022372 ], [ -102.199538117383085, 18.773783111346201 ], [ -102.199958681567551, 18.773931628815728 ], [ -102.200334809852961, 18.774187830810146 ], [ -102.201248951463143, 18.77508640439979 ], [ -102.201529295893835, 18.775331010936913 ], [ -102.201923423153033, 18.775573936100169 ], [ -102.20220611730241, 18.775676365456658 ], [ -102.203131230609586, 18.775911441790193 ], [ -102.203446582416859, 18.775973726634795 ], [ -102.20399310930091, 18.776029314551653 ], [ -102.204458510146964, 18.776046440467901 ], [ -102.206083855037733, 18.776070765873662 ], [ -102.206635389356052, 18.776038385093024 ], [ -102.207583868978091, 18.775862954855974 ], [ -102.208387304155153, 18.775644719247335 ], [ -102.211188175826464, 18.774801691949175 ], [ -102.211981777036002, 18.77453250264691 ], [ -102.212027146511673, 18.774511735228586 ], [ -102.212884388949789, 18.774119337971083 ], [ -102.213380233606287, 18.773798293840645 ], [ -102.214791555141403, 18.772713247607818 ], [ -102.215265568237342, 18.772422346145277 ], [ -102.21606631717701, 18.772149857900363 ], [ -102.216736232060398, 18.772051489520042 ], [ -102.219061753262736, 18.771864909608716 ], [ -102.219764485107021, 18.771716228155114 ], [ -102.220241431517309, 18.7714626027159 ], [ -102.220718376617654, 18.771208975866202 ], [ -102.22137834390314, 18.770633011075688 ], [ -102.223504269311888, 18.76845241181978 ], [ -102.224219187268261, 18.767775669967268 ], [ -102.224824380817822, 18.767286913171176 ], [ -102.225429570951164, 18.766798153938076 ], [ -102.226443770363119, 18.766078441639046 ], [ -102.229966268254387, 18.763697257726097 ], [ -102.231010922578889, 18.763069391135634 ], [ -102.232363530879752, 18.762520572760796 ], [ -102.233251179388844, 18.762364415182702 ], [ -102.236040935405768, 18.762184479061538 ], [ -102.236830478062259, 18.762158909472443 ], [ -102.237725255223936, 18.762219544076626 ], [ -102.238213966151861, 18.762331736376318 ], [ -102.238898323966168, 18.762560334628244 ], [ -102.240154585012661, 18.762490209173372 ], [ -102.241191614015875, 18.762189496738898 ], [ -102.241548086814532, 18.761902419831792 ], [ -102.243905836825832, 18.759724965734247 ], [ -102.24457295901388, 18.759138851337003 ], [ -102.245328479621691, 18.758581125732537 ], [ -102.245740675676174, 18.758370490935139 ], [ -102.246908736546601, 18.757945251508716 ], [ -102.247261386741684, 18.757789606383497 ], [ -102.247500207988566, 18.757639056331758 ], [ -102.247739028835156, 18.757488505917895 ], [ -102.248068724084135, 18.757214007542263 ], [ -102.249129653369636, 18.756234111796491 ], [ -102.249406368266349, 18.755938514121311 ], [ -102.249521575216008, 18.75573873634259 ], [ -102.249636781870691, 18.755538958454185 ], [ -102.249689229902785, 18.75526376274286 ], [ -102.249703574011022, 18.754379071966316 ], [ -102.249654989692857, 18.754087152168246 ], [ -102.249534454689723, 18.753848351361277 ], [ -102.249413919989863, 18.753609550514625 ], [ -102.249118120041544, 18.753219181973265 ], [ -102.247978799906804, 18.751875060945085 ], [ -102.247672510080449, 18.751474378050901 ], [ -102.247527488849414, 18.751211513226977 ], [ -102.247382468026643, 18.750948648341598 ], [ -102.247274411184279, 18.750598289061735 ], [ -102.247060188083225, 18.749489008946323 ], [ -102.247111876231244, 18.749151160053792 ], [ -102.247339592456953, 18.74891748576999 ], [ -102.247567308048374, 18.748683811122792 ], [ -102.248166235208515, 18.748354016833346 ], [ -102.250505782313098, 18.747282306463731 ], [ -102.251115031206595, 18.74697296987711 ], [ -102.251366846041435, 18.746787049479813 ], [ -102.251618660342942, 18.746601128668921 ], [ -102.251728883091602, 18.746379265378273 ], [ -102.251739627804014, 18.745715745535747 ], [ -102.251711264668586, 18.745491845354454 ], [ -102.251639711895976, 18.745301171528119 ], [ -102.251568159257957, 18.745110497691563 ], [ -102.251392086577468, 18.744789615420064 ], [ -102.250713524159167, 18.743673511634249 ], [ -102.250558939301513, 18.743342786448704 ], [ -102.250537520017815, 18.743129146678633 ], [ -102.250516100750417, 18.742915506908727 ], [ -102.250609486915621, 18.742635832723732 ], [ -102.251088124237071, 18.741757964892162 ], [ -102.251202828845962, 18.741478603529949 ], [ -102.251231155842362, 18.741265694841822 ], [ -102.251259482730475, 18.741052786136013 ], [ -102.251225712645976, 18.740723837043191 ], [ -102.25101146639777, 18.739614558712038 ], [ -102.250978354457899, 18.739244985960816 ], [ -102.251008215705212, 18.738937288687936 ], [ -102.25103807676598, 18.738629591387458 ], [ -102.251156505482285, 18.738120028871908 ], [ -102.251649443289239, 18.736357463341353 ], [ -102.251826742995959, 18.735833527250399 ], [ -102.251993976713464, 18.735492293176211 ], [ -102.2521612096822, 18.735151058855099 ], [ -102.252461719187991, 18.73470003977874 ], [ -102.253529620640379, 18.733277747869092 ], [ -102.253838976093974, 18.732938597502031 ], [ -102.254026860334292, 18.732858395056006 ], [ -102.254214744418235, 18.732778192397696 ], [ -102.254442202203307, 18.732888192990746 ], [ -102.255127907216107, 18.733561933581299 ], [ -102.255402596707938, 18.733718338752332 ], [ -102.255700684820184, 18.733746414090572 ], [ -102.255998773097517, 18.733774488965821 ], [ -102.255998773097517, 18.733774488965821 ], [ -102.2565757634693, 18.733698297104269 ], [ -102.258672204161599, 18.733286570913471 ], [ -102.259281007959601, 18.733220994856215 ], [ -102.259653332173997, 18.733273854182734 ], [ -102.260025656722618, 18.733326712796782 ], [ -102.260480638124719, 18.733543315401754 ], [ -102.26185924448265, 18.734448406266942 ], [ -102.262276349335153, 18.734700005187573 ], [ -102.262560286471654, 18.734834526175558 ], [ -102.262844224104228, 18.734969046787857 ], [ -102.263238368414619, 18.735101793031525 ], [ -102.264509836422889, 18.735452229960931 ], [ -102.264858890417045, 18.735736690206526 ], [ -102.265037614410559, 18.736225214697082 ], [ -102.26521633926005, 18.73671373912547 ], [ -102.265377926401115, 18.737825063495279 ], [ -102.265774551920458, 18.742034195116798 ], [ -102.265828884967689, 18.743184585239252 ], [ -102.265757347213608, 18.743764262962376 ], [ -102.26568580869575, 18.744343940564008 ], [ -102.265427079827489, 18.744849771881416 ], [ -102.264362747201787, 18.746050958066878 ], [ -102.263961812947073, 18.746448042691373 ], [ -102.263558469599189, 18.746773982085003 ], [ -102.263155124734297, 18.747099920399595 ], [ -102.262403644995317, 18.747634087485014 ], [ -102.259703397453308, 18.749474963683678 ], [ -102.258966493748957, 18.750095674244726 ], [ -102.258597190803371, 18.750623574261976 ], [ -102.25822788542807, 18.751151473228553 ], [ -102.257909635575814, 18.752039049132783 ], [ -102.257163062757925, 18.755125269118935 ], [ -102.256966332165533, 18.756080654197969 ], [ -102.256880590286372, 18.756766778167005 ], [ -102.25679484732693, 18.757452901963472 ], [ -102.256746600886061, 18.758457871171782 ], [ -102.256692931462069, 18.761775479327216 ], [ -102.256602690828913, 18.762739197975915 ], [ -102.256418966375463, 18.763329070877585 ], [ -102.25623524037816, 18.763918943402025 ], [ -102.255800549923663, 18.764640574280435 ], [ -102.2541394214511, 18.766828427953637 ], [ -102.253610073855029, 18.76746739372448 ], [ -102.253205505949879, 18.767864392501551 ], [ -102.25280093613955, 18.768261390143863 ], [ -102.252174373180807, 18.76875670450886 ], [ -102.250059532914236, 18.770274160249944 ], [ -102.249508247914022, 18.770729938886785 ], [ -102.249279346832054, 18.771034703036893 ], [ -102.249050444887928, 18.771339466791844 ], [ -102.248947727497367, 18.771754443912865 ], [ -102.248926183698643, 18.773081476736831 ], [ -102.248936158574367, 18.773452401300698 ], [ -102.24897020576617, 18.773654375602362 ], [ -102.249004253006149, 18.77385634990436 ], [ -102.249091556105938, 18.77406249476601 ], [ -102.249430877277035, 18.774620555297112 ], [ -102.249583143589462, 18.774766707059737 ], [ -102.249768770552663, 18.774828697563269 ], [ -102.249954397674728, 18.774890687899077 ], [ -102.250332494326642, 18.774921651063426 ], [ -102.251725691993343, 18.77494215910583 ], [ -102.252152675557056, 18.774917967341285 ], [ -102.252452371035176, 18.774851268649901 ], [ -102.252752066341174, 18.774784569446325 ], [ -102.25318135469449, 18.774618192699908 ], [ -102.254585304193384, 18.773975159754389 ], [ -102.255035913557393, 18.773809091707808 ], [ -102.255385363417844, 18.773743119212799 ], [ -102.255734813094335, 18.773677146027861 ], [ -102.256282632349922, 18.773654719886036 ], [ -102.258140225062249, 18.773682000726815 ], [ -102.258772028345177, 18.773742067048193 ], [ -102.259317439411106, 18.773868585904747 ], [ -102.259862851503399, 18.773995103268845 ], [ -102.260789369674569, 18.774296515471612 ], [ -102.264022326356937, 18.775450042462872 ], [ -102.265023991096712, 18.775722061043876 ], [ -102.265744715678423, 18.775780020973553 ], [ -102.266465441141435, 18.775837978180466 ], [ -102.266465441141435, 18.775837978180466 ], [ -102.267522987000248, 18.77573155449749 ], [ -102.271016738839776, 18.775118958410051 ], [ -102.272101672750281, 18.774967195087441 ], [ -102.272886314293643, 18.77491939716737 ], [ -102.273670955853333, 18.774871595889877 ], [ -102.274827856896252, 18.7748867884291 ], [ -102.27865745651566, 18.775053247133403 ], [ -102.279663784186098, 18.775147483559451 ], [ -102.280097077251952, 18.775284162126443 ], [ -102.280530371142731, 18.775420839773592 ], [ -102.28076202391091, 18.775717116555931 ], [ -102.280976482315126, 18.776826387555367 ], [ -102.281005221488414, 18.777140026584963 ], [ -102.280965049723264, 18.77731721547406 ], [ -102.280924877849301, 18.777494404340882 ], [ -102.280781361735833, 18.777687019116552 ], [ -102.280191961482387, 18.778231508928545 ], [ -102.279909991778936, 18.778411947590705 ], [ -102.279546763345735, 18.778560726384864 ], [ -102.279183534354075, 18.778709504388612 ], [ -102.278427706682962, 18.778954144452136 ], [ -102.275626955903675, 18.779798215474912 ], [ -102.274833065067185, 18.780087997463635 ], [ -102.274381034486268, 18.780342132881138 ], [ -102.273929002646909, 18.780596267024585 ], [ -102.273431375551795, 18.78103258616062 ], [ -102.272013165440271, 18.782560467006512 ], [ -102.271569496698746, 18.782956934625663 ], [ -102.27124338219447, 18.783118089176735 ], [ -102.270917267127047, 18.783279243076088 ], [ -102.27042918092566, 18.783343216108431 ], [ -102.268803677739342, 18.783319441488874 ], [ -102.268364147859316, 18.78334856494239 ], [ -102.268151328868797, 18.783428411069597 ], [ -102.26793850970607, 18.78350825692775 ], [ -102.267769984740582, 18.783707265603578 ], [ -102.267409171243145, 18.784476280714571 ], [ -102.267261314993291, 18.784716224921603 ], [ -102.267096724693261, 18.784891587401159 ], [ -102.266932134046755, 18.785066949689138 ], [ -102.266609731356979, 18.785328040427011 ], [ -102.26543436018774, 18.786195734095077 ], [ -102.265106703632796, 18.786451665535136 ], [ -102.264929860548705, 18.786614994645262 ], [ -102.264753017124377, 18.786778323541675 ], [ -102.264575407671899, 18.786989046803395 ], [ -102.264100248540203, 18.787645763492211 ], [ -102.263975624837542, 18.787877579423842 ], [ -102.263922416820506, 18.788090125416389 ], [ -102.263869208634375, 18.78830267137247 ], [ -102.26384180930576, 18.788678129737313 ], [ -102.263820361295586, 18.790005176784533 ], [ -102.263866865571487, 18.790427431302792 ], [ -102.264105335546219, 18.791070905400549 ], [ -102.264399503940979, 18.791567899364786 ], [ -102.265533831717605, 18.793243727884221 ], [ -102.265717845094827, 18.793627363969609 ], [ -102.265442233383567, 18.793741839523765 ], [ -102.264864489820297, 18.793521738656448 ], [ -102.262443986970496, 18.792380109357733 ], [ -102.261808754308674, 18.792088048001535 ], [ -102.261267805837036, 18.791867956068348 ], [ -102.261243846437765, 18.791844422530733 ], [ -102.261208685250978, 18.791820203643674 ], [ -102.261158922808121, 18.791819473285791 ], [ -102.261122994773956, 18.791842648802042 ], [ -102.261005092964126, 18.791951531519434 ], [ -102.26098507779605, 18.791980019749538 ], [ -102.261009575584211, 18.792004082162183 ], [ -102.261013712487866, 18.79200452483764 ], [ -102.261016410616747, 18.792021113082207 ], [ -102.261187128485076, 18.792236944318166 ], [ -102.261419694049707, 18.792475692912191 ], [ -102.262334287772788, 18.79337401982481 ], [ -102.262571613345102, 18.793648391436026 ], [ -102.262764533554758, 18.794030467334501 ], [ -102.262802807697568, 18.794301918615766 ], [ -102.262788499196517, 18.795186615368291 ], [ -102.262768534107579, 18.795431816329181 ], [ -102.262729103340661, 18.795561603544343 ], [ -102.262689672500386, 18.795691390741865 ], [ -102.262596978119078, 18.795817010328086 ], [ -102.262243265298267, 18.796143660174589 ], [ -102.261822954517186, 18.796081621051446 ], [ -102.260215225960238, 18.795465448277259 ], [ -102.258338798511318, 18.794647227202365 ], [ -102.254764381749254, 18.793046091862919 ], [ -102.25119004020921, 18.791444896356065 ], [ -102.249181328820995, 18.790568773489998 ], [ -102.246955933997114, 18.789682662692027 ], [ -102.245785495536992, 18.789292923518961 ], [ -102.242548854229213, 18.788360234475988 ], [ -102.241599878802091, 18.788126116379217 ], [ -102.240407944067712, 18.787966281247417 ], [ -102.239654153135817, 18.787972064669763 ], [ -102.238491273800392, 18.788065473814104 ], [ -102.236626426845376, 18.788256837444766 ], [ -102.236151382379859, 18.788392017869853 ], [ -102.235676337310835, 18.788527196984912 ], [ -102.232299528341215, 18.790229998264998 ], [ -102.231922060344488, 18.790485125845802 ], [ -102.231544591262235, 18.790740252509426 ], [ -102.231079601663055, 18.791129521733772 ], [ -102.229264720884117, 18.792754974736329 ], [ -102.229039242941141, 18.792846435815203 ], [ -102.228813764785855, 18.792937896589052 ], [ -102.228569399028217, 18.792880090534595 ], [ -102.227879984463726, 18.792427406563494 ], [ -102.227636617959263, 18.792308665465502 ], [ -102.227190320224395, 18.792207224976565 ], [ -102.226796118421206, 18.792181050628734 ], [ -102.225402808434453, 18.792160338470509 ], [ -102.224975952335328, 18.792174307211955 ], [ -102.224377265879809, 18.792260211912723 ], [ -102.223948855197889, 18.792368964112661 ], [ -102.222548288587745, 18.792790563945825 ], [ -102.22207855698413, 18.792817431745984 ], [ -102.221287048131032, 18.792521220099864 ], [ -102.220626055916298, 18.792071192205178 ], [ -102.218332962994026, 18.790267262024241 ], [ -102.217936518636179, 18.789967936031644 ], [ -102.217587315786318, 18.789777588399147 ], [ -102.215744160252683, 18.78886521964456 ], [ -102.215156937261099, 18.788687157277209 ], [ -102.21425970544999, 18.788768575179205 ], [ -102.213565165654344, 18.789062947801224 ], [ -102.21122119184804, 18.790355250681426 ], [ -102.210536467562818, 18.790700547356654 ], [ -102.210110774006139, 18.790860097794717 ], [ -102.209685079763304, 18.791019647153817 ], [ -102.209153537505685, 18.791130208421492 ], [ -102.207524395348472, 18.791327054879122 ], [ -102.20709607578128, 18.79132233776912 ], [ -102.206911235262424, 18.791212912314791 ], [ -102.206726394998967, 18.791103486707048 ], [ -102.206626599270223, 18.790795560263913 ], [ -102.206530566113585, 18.789577421624816 ], [ -102.206479675212961, 18.78921435830468 ], [ -102.206408946426208, 18.788976279875637 ], [ -102.20633821779451, 18.788738201440271 ], [ -102.206187027000865, 18.788421040616928 ], [ -102.205622930703356, 18.787417113088232 ], [ -102.205369693341041, 18.787144134912875 ], [ -102.20506085285578, 18.787009149563442 ], [ -102.204752012921475, 18.78687416376458 ], [ -102.204122849963369, 18.786761467365476 ], [ -102.201804441976392, 18.786505506117514 ], [ -102.20113888830771, 18.786336385694472 ], [ -102.200745131301517, 18.786069759993527 ], [ -102.200351375596071, 18.785803133615612 ], [ -102.199891912327161, 18.785210466595114 ], [ -102.198535279999518, 18.7829779374404 ], [ -102.198107816639947, 18.782385747705213 ], [ -102.197788709007327, 18.782120237655874 ], [ -102.197469602395202, 18.781854727184196 ], [ -102.196985329651937, 18.781688315738879 ], [ -102.1953636060082, 18.781442742344883 ], [ -102.194812841500394, 18.781427695393315 ], [ -102.194812841500394, 18.781427695393315 ], [ -102.194338583875933, 18.781515375726425 ], [ -102.193864325926626, 18.781603054788221 ], [ -102.193060066130585, 18.781868613298457 ], [ -102.190255351788352, 18.782932501559195 ], [ -102.18945548605474, 18.783253977519156 ], [ -102.188991498243141, 18.783472157263088 ], [ -102.188527509360085, 18.783690335691254 ], [ -102.188001694860745, 18.783992230335222 ], [ -102.186475863108797, 18.784964708000842 ], [ -102.186088482447119, 18.785278840790333 ], [ -102.185947514818494, 18.785525582862817 ], [ -102.185806546741929, 18.785772324769166 ], [ -102.185791163135761, 18.786163169923292 ], [ -102.186001310879163, 18.787493630418265 ], [ -102.185958680075345, 18.787919617199428 ], [ -102.185754133160913, 18.788248355857228 ], [ -102.185549585391243, 18.788577094176361 ], [ -102.185007792736442, 18.789090358540548 ], [ -102.182888497867935, 18.790828097820768 ], [ -102.182325026683813, 18.791361340863208 ], [ -102.182069920116746, 18.791736713757423 ], [ -102.181814812346701, 18.792112086140843 ], [ -102.181649407835465, 18.79265133795321 ], [ -102.181387732471194, 18.794417101538329 ], [ -102.181286469593019, 18.794947163698527 ], [ -102.181181029292418, 18.795301093938519 ], [ -102.18107558845179, 18.795655024049257 ], [ -102.180875592184123, 18.796136190773723 ], [ -102.180153149758354, 18.797673772570381 ], [ -102.179905417990383, 18.798138979314469 ], [ -102.179688602277238, 18.798455671996496 ], [ -102.179471785702063, 18.798772364310317 ], [ -102.179100042355003, 18.799211992862379 ], [ -102.177798860940854, 18.800630201300155 ], [ -102.177407138026823, 18.800988260906589 ], [ -102.176880291826265, 18.80124100363588 ], [ -102.176519378789365, 18.80124400537083 ], [ -102.175361967598178, 18.801005267662273 ], [ -102.175006980582495, 18.800972804100727 ], [ -102.175006980582495, 18.800972804100727 ], [ -102.174757381788936, 18.801016426448353 ], [ -102.17450778291321, 18.80106004844443 ], [ -102.174149629703507, 18.801217146681022 ], [ -102.172977440916057, 18.801863023078631 ], [ -102.172640441601033, 18.802030596411313 ], [ -102.172440206669336, 18.802098665094647 ], [ -102.172239971603446, 18.802166733541096 ], [ -102.172004871407992, 18.802193642156851 ], [ -102.171308207767837, 18.802183077567356 ], [ -102.171033171987759, 18.802046855559666 ], [ -102.170739754276994, 18.801734287055858 ], [ -102.170446337635227, 18.801421718223239 ], [ -102.169883042294941, 18.80066488626013 ], [ -102.167841202691491, 18.797758133435522 ], [ -102.167225125765256, 18.796970021535863 ], [ -102.166808513990759, 18.796584473916347 ], [ -102.166391904124922, 18.796198925601349 ], [ -102.165817661696607, 18.795885471744988 ], [ -102.163971091244122, 18.79519377477402 ], [ -102.163385343761689, 18.794930927828275 ], [ -102.162941880659687, 18.794663471112411 ], [ -102.162498419053207, 18.794396013519243 ], [ -102.161817133071821, 18.793894696848351 ], [ -102.159524750079299, 18.792090122099712 ], [ -102.158822498852714, 18.791568162025076 ], [ -102.158330090286356, 18.791252548489894 ], [ -102.157837683662478, 18.790936933886908 ], [ -102.157133055146815, 18.790557139342287 ], [ -102.154829619932116, 18.789415980664973 ], [ -102.154049004310764, 18.78911627839376 ], [ -102.153379276077658, 18.788987558241647 ], [ -102.152709549201063, 18.788858835815994 ], [ -102.151576656456669, 18.788790759699829 ], [ -102.14762928458012, 18.7887304687181 ], [ -102.14649725508994, 18.788611587340899 ], [ -102.14582953593073, 18.788364366692811 ], [ -102.145161819021354, 18.788117143905559 ], [ -102.144386085232341, 18.787529681020484 ], [ -102.142101461528682, 18.785282623789801 ], [ -102.141400384655512, 18.784696294159517 ], [ -102.140906833237281, 18.784451725699242 ], [ -102.14041328338638, 18.784207156116185 ], [ -102.139704212509471, 18.784094716645608 ], [ -102.137382315713083, 18.784059122404159 ], [ -102.136649178230996, 18.784108822568843 ], [ -102.136099470457992, 18.784242594239647 ], [ -102.135549762037542, 18.784376364171806 ], [ -102.134712302554334, 18.784708865217311 ], [ -102.131903553066095, 18.785992970140683 ], [ -102.131047420445583, 18.786482606562501 ], [ -102.130454161441691, 18.786983052007241 ], [ -102.129860898985385, 18.787483495071758 ], [ -102.129021996736427, 18.788423698963545 ], [ -102.126293580549913, 18.791810400636905 ], [ -102.125582409679652, 18.792762708446997 ], [ -102.125287252070564, 18.793291425521701 ], [ -102.12499209244001, 18.793820141856123 ], [ -102.124859959150911, 18.794378456287269 ], [ -102.124833657724508, 18.795926491844156 ], [ -102.124804453464137, 18.796389896810965 ], [ -102.124749461483077, 18.796697157340049 ], [ -102.124694469222163, 18.797004417817377 ], [ -102.124566552781772, 18.797418899882189 ], [ -102.124079588888634, 18.798738627148925 ], [ -102.124004464115558, 18.799184394573611 ], [ -102.124072657770142, 18.79956465567717 ], [ -102.124140851609411, 18.799944916783247 ], [ -102.124410817625304, 18.800585609611737 ], [ -102.125534287071545, 18.802814985268746 ], [ -102.125777518198177, 18.803460343764602 ], [ -102.125783314703185, 18.803851493415809 ], [ -102.125789111101838, 18.804242643056117 ], [ -102.125562438746798, 18.804714854673122 ], [ -102.124493030329205, 18.80613620431944 ], [ -102.124117931932275, 18.806555337465031 ], [ -102.123777411523861, 18.806822642080139 ], [ -102.12343689006677, 18.807089945921941 ], [ -102.122839071209484, 18.807434538093037 ], [ -102.12073027953366, 18.808508011572613 ], [ -102.120132623935092, 18.808842438904293 ], [ -102.11979249674738, 18.809086040434263 ], [ -102.119452368617971, 18.809329641206162 ], [ -102.119078231396557, 18.809691218239895 ], [ -102.11801250588411, 18.810891372254599 ], [ -102.117744994916535, 18.811254594087838 ], [ -102.117653669898772, 18.811502037137512 ], [ -102.117562344566451, 18.811749480100872 ], [ -102.117568927425779, 18.81209323874775 ], [ -102.117782299622078, 18.813202559972442 ], [ -102.117895516875336, 18.813547967360364 ], [ -102.118053004141586, 18.813799257260563 ], [ -102.118210491841239, 18.814050547084289 ], [ -102.118547239747954, 18.814423110385881 ], [ -102.119803765083191, 18.815659155844568 ], [ -102.120310791383631, 18.816054662603815 ], [ -102.121420382922409, 18.816664315711829 ], [ -102.122498491091605, 18.817139738243501 ], [ -102.126420117156414, 18.818748682740718 ], [ -102.127537564682953, 18.819107875527582 ], [ -102.128830643760665, 18.819175202934147 ], [ -102.129396119560724, 18.818971415324384 ], [ -102.130961199363242, 18.817942849909187 ], [ -102.131431909381931, 18.817652143905924 ], [ -102.131984143959215, 18.817376234301889 ], [ -102.132302341500221, 18.817272784422588 ], [ -102.132612468565455, 18.81720400270936 ], [ -102.13323502877688, 18.81706592604338 ], [ -102.133503515901921, 18.817063283879477 ], [ -102.133823770014203, 18.817257814908135 ], [ -102.134836662003238, 18.819031194051799 ], [ -102.135040244276823, 18.819313132734013 ], [ -102.132096022071877, 18.819907646504763 ], [ -102.119966756840441, 18.822356855398379 ], [ -102.112102302883784, 18.823944889809901 ], [ -102.103032052896708, 18.821699880850687 ], [ -102.100880000310823, 18.821167218868613 ], [ -102.100795185403697, 18.820944722160927 ], [ -102.100727450453078, 18.820540765307584 ], [ -102.100719033826564, 18.820098795342986 ], [ -102.100747489268358, 18.818440225488551 ], [ -102.100788799866606, 18.817897456823186 ], [ -102.100870964024637, 18.817460281553725 ], [ -102.100953127594479, 18.81702310617295 ], [ -102.101146569614428, 18.81631680214689 ], [ -102.101884957012473, 18.813895063772577 ], [ -102.102115014870392, 18.813229955873489 ], [ -102.10228263016289, 18.812888908368645 ], [ -102.102450244698346, 18.812547860611001 ], [ -102.102699087625339, 18.812238546795875 ], [ -102.103525122125447, 18.811477175335504 ], [ -102.103824841855797, 18.81131085149503 ], [ -102.104111172923353, 18.811303449380162 ], [ -102.104397504030985, 18.811296046821496 ], [ -102.104915874508023, 18.811441220481324 ], [ -102.106762285046926, 18.812133493399717 ], [ -102.107280834751663, 18.812268506505195 ], [ -102.107280834751663, 18.812268506505195 ], [ -102.107567573471357, 18.812237405256148 ], [ -102.107854312149883, 18.812206303551154 ], [ -102.108155014343893, 18.811982429709644 ], [ -102.108984807905159, 18.810999886090279 ], [ -102.109212600479339, 18.810673306574202 ], [ -102.109329222422645, 18.81040256096356 ], [ -102.109445843938516, 18.810131815222867 ], [ -102.109551256483812, 18.809684835881253 ], [ -102.109809935164975, 18.808140423215587 ], [ -102.10981920430298, 18.807702110380315 ], [ -102.109711495201154, 18.807451587115402 ], [ -102.109603786373199, 18.807201063825183 ], [ -102.109286778415409, 18.806923595542386 ], [ -102.108022832860769, 18.806129785895322 ], [ -102.107619137472142, 18.805932229082629 ], [ -102.107309150737521, 18.805868169801975 ], [ -102.106999164310864, 18.805804110036441 ], [ -102.106999164310864, 18.805804110036441 ], [ -102.106517182957234, 18.805818639209644 ], [ -102.104887908019549, 18.806014553275617 ], [ -102.104400334476438, 18.806044225924921 ], [ -102.104077300998782, 18.806015509166926 ], [ -102.103754267713285, 18.805986791863191 ], [ -102.103318889331746, 18.80587507085864 ], [ -102.101933195283564, 18.805411135905988 ], [ -102.101509701141623, 18.805228495015054 ], [ -102.101214392960813, 18.805034302966526 ], [ -102.100919085495519, 18.804840110537498 ], [ -102.100498843715684, 18.804467916571813 ], [ -102.099128342545157, 18.803119392361392 ], [ -102.098644656138646, 18.802715736617188 ], [ -102.098201299566, 18.80244813691473 ], [ -102.097757944492002, 18.802180536339289 ], [ -102.096974901135567, 18.801819618648263 ], [ -102.094207432679212, 18.800670516525535 ], [ -102.093471950143538, 18.800335719678028 ], [ -102.092807142997358, 18.799922457288616 ], [ -102.092592898810352, 18.799666881297163 ], [ -102.092257899258968, 18.798887456763509 ], [ -102.092219671456306, 18.798629545733348 ], [ -102.092376272427202, 18.798205385451833 ], [ -102.092638214890712, 18.797857352774706 ], [ -102.09370400323337, 18.796657355692851 ], [ -102.094119756393482, 18.796357423795911 ], [ -102.094994157970163, 18.796157741052721 ], [ -102.095827551718358, 18.796172409700411 ], [ -102.098842332045805, 18.796440519951659 ], [ -102.099884077790023, 18.796433017624 ], [ -102.100807421898395, 18.79628146805987 ], [ -102.101730765009449, 18.7961299136938 ], [ -102.10332713796366, 18.795704402807072 ], [ -102.108930139524531, 18.794021689341132 ], [ -102.110437328605471, 18.793508393694289 ], [ -102.111152627457443, 18.793152114111862 ], [ -102.11186792358852, 18.792795831366689 ], [ -102.11240444535278, 18.792291190561858 ], [ -102.113477611669182, 18.79064876454364 ], [ -102.11376993623584, 18.790079396769833 ], [ -102.113915449730953, 18.789572087593186 ], [ -102.114060962144407, 18.789064778161805 ], [ -102.114184389075177, 18.788184691143869 ], [ -102.114469346770179, 18.785092235965422 ], [ -102.114565506133815, 18.784247276999267 ], [ -102.11464740441437, 18.783821934417542 ], [ -102.114729302130087, 18.783396591727715 ], [ -102.114867137785765, 18.783026286062217 ], [ -102.11534657290251, 18.782148877293309 ], [ -102.115530393182183, 18.781896090988536 ], [ -102.115719591033425, 18.781744961089423 ], [ -102.11590878855489, 18.781593830950815 ], [ -102.11626553300519, 18.781414816754555 ], [ -102.117551941588914, 18.780881671725329 ], [ -102.117952019818134, 18.780662693477506 ], [ -102.118411420423115, 18.780275987641119 ], [ -102.118655065552772, 18.779977765254106 ], [ -102.119488381166775, 18.778773995418685 ], [ -102.119780703267594, 18.77841114635654 ], [ -102.120311563236044, 18.777921622695484 ], [ -102.120570902217594, 18.777734389281367 ], [ -102.120803900019396, 18.777467618287041 ], [ -102.12133475409243, 18.776978090876696 ], [ -102.12167440544367, 18.776758171265946 ], [ -102.122728589186025, 18.776221404161756 ], [ -102.123019486371689, 18.776046438787318 ], [ -102.123133799169651, 18.775941021792693 ], [ -102.123322825903472, 18.775766704603736 ], [ -102.123465271037986, 18.775542050033014 ], [ -102.123826673829782, 18.774773395879986 ], [ -102.123963183469968, 18.774584200287958 ], [ -102.124101005631957, 18.774527071263936 ], [ -102.124238827713015, 18.77446994212529 ], [ -102.124496095947521, 18.774495911600354 ], [ -102.125421038939621, 18.77473135834531 ], [ -102.125705391344866, 18.774732349556206 ], [ -102.12590640764094, 18.774616940117177 ], [ -102.126107423683067, 18.774501530423546 ] ], [ [ -102.238704967618517, 18.781574152000346 ], [ -102.239138015215659, 18.782051220639424 ], [ -102.240623938589763, 18.78351114299247 ], [ -102.241052905993811, 18.783911961246922 ], [ -102.241396846081514, 18.784185673016868 ], [ -102.241568816553013, 18.784322528714753 ], [ -102.241876863112438, 18.7845082356829 ], [ -102.24279850490953, 18.784964299023049 ], [ -102.243091634728671, 18.785083755347419 ], [ -102.243389164297881, 18.785151356319222 ], [ -102.243537929195398, 18.78518515663831 ], [ -102.243882362666866, 18.78521055911904 ], [ -102.245043424751586, 18.785227698973596 ], [ -102.245426252664984, 18.785187636622322 ], [ -102.2456347416895, 18.785119605372284 ], [ -102.245738986149746, 18.785085589651601 ], [ -102.246051719322423, 18.784983542106939 ], [ -102.246562414098122, 18.784732040193397 ], [ -102.248320179191239, 18.783762448823534 ], [ -102.248582850522695, 18.783349831066182 ], [ -102.24840553293744, 18.783031182162389 ], [ -102.248316874372549, 18.782871857675701 ], [ -102.248050899588762, 18.782393884076477 ], [ -102.247028309341317, 18.781440860157367 ], [ -102.242788277496643, 18.777949317064444 ], [ -102.241610893312597, 18.777009221084462 ], [ -102.241192715895039, 18.776710711841606 ], [ -102.240983627761423, 18.776561456936363 ], [ -102.240356365661157, 18.77611369108546 ], [ -102.239741558356087, 18.775774461995226 ], [ -102.238126985797507, 18.775086919550638 ], [ -102.237648228259545, 18.77490714876798 ], [ -102.237441682314596, 18.774856688464908 ], [ -102.237338409399669, 18.774831458233439 ], [ -102.237028590885089, 18.774755767219293 ], [ -102.236622151438851, 18.774719278849002 ], [ -102.235345071484275, 18.774700377213875 ], [ -102.234948217837925, 18.774730055418832 ], [ -102.234564947822278, 18.774834991665408 ], [ -102.234373312674592, 18.774887459470008 ], [ -102.233948872504641, 18.775082643997205 ], [ -102.232543050406221, 18.775836094789348 ], [ -102.232278289216268, 18.776048878617864 ], [ -102.232391807254686, 18.776208577157206 ], [ -102.232448566349902, 18.776288426410403 ], [ -102.232956581956429, 18.776417853017431 ], [ -102.235157051966368, 18.776782281086085 ], [ -102.235776031121517, 18.776974292545116 ], [ -102.236234760066466, 18.777328718914212 ], [ -102.236464125280193, 18.777505931763777 ], [ -102.236828138296957, 18.778073406135565 ], [ -102.237838782398029, 18.780189980262374 ], [ -102.238169989473533, 18.780807758763913 ], [ -102.238526641061995, 18.781318687695769 ], [ -102.238704967618517, 18.781574152000346 ] ] ] ] } },
{ "type": "Feature", "properties": { "fid": 2.0, "cat": 3, "VULNERABIL": 2.0, "CLAVE_ACUI": "1617", "NOM_ACUIF": "LAZARO CARDENAS" }, "geometry": { "type": "MultiPolygon", "coordinates": [ ] } },
{ "type": "Feature", "properties": { "fid": 3.0, "cat": 1, "VULNERABIL": 1.0, "CLAVE_ACUI": "1617", "NOM_ACUIF": "LAZARO CARDENAS" }, "geometry": { "type": "MultiPolygon", "coordinates": [ [ [ [ -101.846654012835415, 18.25928698764859 ], [ -101.840329119017397, 18.261489874634282 ], [ -101.837315447898916, 18.262439691341619 ], [ -101.834301777365766, 18.263671781844685 ], [ -101.831532251684948, 18.264459481978488 ], [ -101.828412370396933, 18.264397386691918 ], [ -101.830139331454262, 18.263731483753208 ], [ -101.827911376617578, 18.263687133669549 ], [ -101.823949056279929, 18.263545161621174 ], [ -101.824006295320672, 18.262745564199111 ], [ -101.823101834092782, 18.260582691431217 ], [ -101.82386980279469, 18.258991102752105 ], [ -101.826242433392437, 18.25959718077322 ], [ -101.827860015752378, 18.259690656455756 ], [ -101.829858100303412, 18.259363109659404 ], [ -101.831809446446897, 18.259641241240818 ], [ -101.834081908904167, 18.261061394212472 ], [ -101.834925899543393, 18.261238511460824 ], [ -101.835373784774276, 18.261475678389843 ], [ -101.836151203139565, 18.261617657310087 ], [ -101.83733064635355, 18.261500830203143 ], [ -101.837893296849799, 18.261230613002496 ], [ -101.839758208141788, 18.259107990063125 ], [ -101.841450868790588, 18.257999260472111 ], [ -101.842609849834901, 18.256627555038509 ], [ -101.843383434627768, 18.254223138796856 ], [ -101.842310112364615, 18.251566245887034 ], [ -101.842542726511496, 18.250181217429976 ], [ -101.843003802333754, 18.249479065232787 ], [ -101.843565082945503, 18.249127588293938 ], [ -101.844538929326603, 18.249167290842809 ], [ -101.844919929805542, 18.249342223114628 ], [ -101.84550447632904, 18.249839202374915 ], [ -101.84577008631112, 18.251641224180037 ], [ -101.846286563862904, 18.252599735107843 ], [ -101.848181046706401, 18.255190191696464 ], [ -101.848496168553609, 18.25655803480678 ], [ -101.848326650156736, 18.257743468829347 ], [ -101.847708321768295, 18.258847088920291 ], [ -101.846654012835415, 18.25928698764859 ] ] ], [ [ [ -101.811477660856383, 18.262418747873696 ], [ -101.811146806518451, 18.261957828981966 ], [ -101.811195041569505, 18.261832688413172 ], [ -101.811348686567214, 18.260223076580356 ], [ -101.811603360170992, 18.259605287362454 ], [ -101.812203414051467, 18.259307501749838 ], [ -101.812696192232963, 18.259390555077967 ], [ -101.812948109003159, 18.259775142332739 ], [ -101.813162393786854, 18.261343220722495 ], [ -101.814597738716103, 18.262441824588041 ], [ -101.81511147744763, 18.263237935620115 ], [ -101.813406170736727, 18.263176386989198 ], [ -101.811866760242253, 18.263128280697291 ], [ -101.811477660856383, 18.262418747873696 ] ] ], [ [ [ -101.799598692942595, 18.242530822186861 ], [ -101.798667907366919, 18.241254806846953 ], [ -101.798255920379788, 18.239955903141997 ], [ -101.799201964104384, 18.238735199842271 ], [ -101.799743651750575, 18.237865448071364 ], [ -101.801040649348266, 18.235044479395434 ], [ -101.802413939492268, 18.232599259714686 ], [ -101.803283690961209, 18.230623246905036 ], [ -101.804306029425362, 18.228979111045732 ], [ -101.805297850884571, 18.227144242586476 ], [ -101.806068420513526, 18.225946427405159 ], [ -101.807136534350263, 18.224065780130882 ], [ -101.812210083143526, 18.224723817137285 ], [ -101.81467437716455, 18.225017548674703 ], [ -101.816375732410719, 18.225543976817619 ], [ -101.817535400854226, 18.225713730152389 ], [ -101.81842041020731, 18.226047515837251 ], [ -101.819877624034135, 18.226383209105251 ], [ -101.820240438206056, 18.227092635099829 ], [ -101.821247536937463, 18.226272514941638 ], [ -101.821924878260504, 18.225939303855679 ], [ -101.822910777448385, 18.225454300906851 ], [ -101.823304108193597, 18.225446240587999 ], [ -101.823841583183651, 18.225435226397416 ], [ -101.824459577518709, 18.225814768316827 ], [ -101.825100460655833, 18.226476583978449 ], [ -101.826145713525165, 18.228507803983373 ], [ -101.826733191419734, 18.229312663106072 ], [ -101.828060940827612, 18.230204543492462 ], [ -101.829098355130654, 18.230901398986408 ], [ -101.830944708687454, 18.231874093926333 ], [ -101.833752386510213, 18.232976479750441 ], [ -101.836529544942408, 18.233949172926529 ], [ -101.83817752976293, 18.234780731348664 ], [ -101.840268028954483, 18.235684764294028 ], [ -101.844479543242699, 18.23681003403302 ], [ -101.849179351013049, 18.23843118888837 ], [ -101.851819176573471, 18.238984287268597 ], [ -101.857136978433402, 18.240866733725326 ], [ -101.859669990949399, 18.241772673193282 ], [ -101.863858618390665, 18.243557852486969 ], [ -101.865231940255555, 18.244458072961876 ], [ -101.868436353565386, 18.245320144463207 ], [ -101.871862024023088, 18.246416807013617 ], [ -101.876294796899373, 18.248037962368439 ], [ -101.877645229303241, 18.248772252049378 ], [ -101.880033279387348, 18.249041169746409 ], [ -101.882032222343824, 18.249191838764879 ], [ -101.885900404861687, 18.249252863482148 ], [ -101.889799106701972, 18.249411157444872 ], [ -101.893644401328928, 18.250061522825558 ], [ -101.894971943897247, 18.25001956097357 ], [ -101.897787247812801, 18.249678158016085 ], [ -101.899023234958435, 18.249704856970883 ], [ -101.900427072181429, 18.249662894972996 ], [ -101.901510468026103, 18.249598046107632 ], [ -101.903815932339398, 18.249031040801857 ], [ -101.903796815750766, 18.24961343246726 ], [ -101.903964656458243, 18.252319731820624 ], [ -101.904946935974522, 18.254562187362133 ], [ -101.9058119840779, 18.257140506110279 ], [ -101.905968610843559, 18.259169757369811 ], [ -101.905637844124101, 18.260872324583904 ], [ -101.904486904851709, 18.262695706975325 ], [ -101.903802638823649, 18.264168876975976 ], [ -101.902171748303758, 18.26554806550233 ], [ -101.900788292003497, 18.267600700842603 ], [ -101.899531384755534, 18.269877147711526 ], [ -101.898469415739967, 18.270236377099689 ], [ -101.898259450185108, 18.271819725922697 ], [ -101.898060731792214, 18.274080117623164 ], [ -101.899239858517916, 18.27394484773211 ], [ -101.900612116410741, 18.271215173805231 ], [ -101.901525132411749, 18.269287062097185 ], [ -101.902692957726742, 18.268474735286095 ], [ -101.903273178919605, 18.267562974730232 ], [ -101.903715547147996, 18.265750359102462 ], [ -101.904751198529894, 18.264380203770354 ], [ -101.905917172791405, 18.263459537352652 ], [ -101.906606979910393, 18.262320368221349 ], [ -101.907657751775361, 18.26129309168428 ], [ -101.907878910160846, 18.260386782580042 ], [ -101.907729775661693, 18.258808895091864 ], [ -101.907125227406553, 18.257689403728637 ], [ -101.906380889533111, 18.255551703630005 ], [ -101.905600979213887, 18.251274551955539 ], [ -101.905457591458287, 18.250039691011452 ], [ -101.905489375596304, 18.249420574390758 ], [ -101.905742038521282, 18.249408480009588 ], [ -101.906190642753984, 18.248686180856527 ], [ -101.906567143768712, 18.247033420258131 ], [ -101.906692304320472, 18.246568257781874 ], [ -101.906791604534547, 18.246320471563202 ], [ -101.907539017863712, 18.245239066399638 ], [ -101.907840921188935, 18.244896941073705 ], [ -101.908418321000056, 18.244503407248637 ], [ -101.908941274620062, 18.244283340572633 ], [ -101.910557181860852, 18.243733916506148 ], [ -101.910677950648477, 18.243716682286177 ], [ -101.91156483924361, 18.243653134108015 ], [ -101.914808544588922, 18.2434842786835 ], [ -101.915748922993046, 18.243401260486124 ], [ -101.916893647486731, 18.243182727239144 ], [ -101.916904639537918, 18.243179102420175 ], [ -101.917588588669091, 18.242953556748482 ], [ -101.919686913554472, 18.242102616251444 ], [ -101.920303136523444, 18.24181630790109 ], [ -101.921080526942831, 18.241331156319358 ], [ -101.921574861311441, 18.240924391541856 ], [ -101.923104352092651, 18.239511300042015 ], [ -101.923552021635174, 18.239037762262242 ], [ -101.923831845022221, 18.238639390975528 ], [ -101.924111667050099, 18.238241019075165 ], [ -101.924463490516843, 18.237576352594836 ], [ -101.925545671486788, 18.235271313778675 ], [ -101.925883285011906, 18.234809542352778 ], [ -101.926129969483213, 18.234884598187413 ], [ -101.926376654213215, 18.234959653734617 ], [ -101.926743857592527, 18.235635870464787 ], [ -101.92796412471813, 18.238641436421556 ], [ -101.928360005838243, 18.239500927065016 ], [ -101.928673585477341, 18.240003622779785 ], [ -101.928987166772032, 18.240506318225247 ], [ -101.929487229726845, 18.241083100208343 ], [ -101.931193711821422, 18.242769352516191 ], [ -101.931679899467895, 18.243229109171239 ], [ -101.931961086840204, 18.243458751545962 ], [ -101.932242274971031, 18.243688393611713 ], [ -101.932559479367583, 18.243884757970363 ], [ -101.933477392443379, 18.24434183903044 ], [ -101.933812054050406, 18.244452151737971 ], [ -101.934133973115308, 18.244481008277713 ], [ -101.934455892373848, 18.244509864290642 ], [ -101.935040999456547, 18.244481996986092 ], [ -101.937127659875301, 18.24429422404787 ], [ -101.937724283473059, 18.244215750385123 ], [ -101.938073075059123, 18.244126538269906 ], [ -101.938421866384033, 18.244037325464458 ], [ -101.938821789409772, 18.243860907219521 ], [ -101.939990509807515, 18.24321604353505 ], [ -101.940400700538746, 18.243060098661477 ], [ -101.940773454391916, 18.243018661162861 ], [ -101.941146208183952, 18.242977222910667 ], [ -101.941801029442942, 18.243014772824495 ], [ -101.944111361342863, 18.243272866982529 ], [ -101.944729082148754, 18.243304736332799 ], [ -101.945301440215061, 18.243195381057888 ], [ -101.945331342207027, 18.243167250352364 ], [ -101.945332051510178, 18.243167092895913 ], [ -101.945562595408745, 18.242950714906573 ], [ -101.946040896728789, 18.242073602402225 ], [ -101.946229110131, 18.241846391235118 ], [ -101.946629140809648, 18.241663185573248 ], [ -101.947012400213055, 18.241628673916615 ], [ -101.948400915066131, 18.241650819671282 ], [ -101.948788158039363, 18.24169254202366 ], [ -101.94920677643529, 18.241865106190769 ], [ -101.949417559897896, 18.242069904582284 ], [ -101.949982599984693, 18.242853066132277 ], [ -101.950116873029316, 18.243178523227048 ], [ -101.95014765531073, 18.24354634263857 ], [ -101.950178437597728, 18.243914162052143 ], [ -101.950132112841544, 18.244639617492499 ], [ -101.949854357039726, 18.247289436003879 ], [ -101.94985434120413, 18.248101959872379 ], [ -101.949993187113634, 18.248672940335975 ], [ -101.950132033647449, 18.249243920803266 ], [ -101.950528756245717, 18.250062769457848 ], [ -101.952102461019166, 18.252742098294576 ], [ -101.952520984819401, 18.253530822544899 ], [ -101.95271067529572, 18.254031516647675 ], [ -101.952900366660643, 18.25453221069969 ], [ -101.953023814523249, 18.255174041324548 ], [ -101.95322052107349, 18.257167862938122 ], [ -101.953465565662782, 18.25784717885054 ], [ -101.953938985023171, 18.258435337949397 ], [ -101.954412407448672, 18.259023496312487 ], [ -101.955520003586699, 18.260024630030557 ], [ -101.959742041451136, 18.263520229431677 ], [ -101.960856868451017, 18.264414809961384 ], [ -101.961347061388722, 18.264754385269214 ], [ -101.961837256333169, 18.265093959587485 ], [ -101.962122973721932, 18.265169596647137 ], [ -101.962475927982027, 18.264843421849896 ], [ -101.962570242384203, 18.264616396114871 ], [ -101.962613832373464, 18.264249757023311 ], [ -101.962657422057134, 18.263883117882898 ], [ -101.962687649519793, 18.263062603269908 ], [ -101.962741525565704, 18.259966812725906 ], [ -101.962723028008071, 18.258891607764983 ], [ -101.962582836365669, 18.256969775870065 ], [ -101.962401061661126, 18.255299506830656 ], [ -101.961692981474926, 18.249426750637056 ], [ -101.96162803384189, 18.248068114858448 ], [ -101.962033013774629, 18.247600569250782 ], [ -101.962676509005291, 18.248291281521816 ], [ -101.965274570782313, 18.251982139370693 ], [ -101.965981084311039, 18.253024248979067 ], [ -101.966680028238073, 18.254196580933012 ], [ -101.966972000896035, 18.254829232366461 ], [ -101.967635597535065, 18.256609274192442 ], [ -101.967806329871124, 18.257184140973042 ], [ -101.967872903774676, 18.257635476072625 ], [ -101.967939477839622, 18.258086811181141 ], [ -101.967958955904351, 18.258801473263521 ], [ -101.967916701163944, 18.261233892319254 ], [ -101.967873116122121, 18.261906927460899 ], [ -101.967792546756655, 18.262261133413173 ], [ -101.967711976953765, 18.262615339272326 ], [ -101.967525363140126, 18.262954320834918 ], [ -101.966815634417088, 18.263827820933269 ], [ -101.966648861166391, 18.264248369334414 ], [ -101.966580318029827, 18.265337430561093 ], [ -101.966586943716393, 18.265446671943803 ], [ -101.966649173076092, 18.266472684141885 ], [ -101.967039042574342, 18.270681473338115 ], [ -101.967139429312283, 18.271837540703288 ], [ -101.967218029491292, 18.273023732319878 ], [ -101.96722992846334, 18.27356222437465 ], [ -101.967206855756856, 18.274888995552981 ], [ -101.96717888821118, 18.275274504830769 ], [ -101.96707144642734, 18.275746776976948 ], [ -101.966945925522666, 18.276035942095554 ], [ -101.966467600317955, 18.276913106072708 ], [ -101.96636820752336, 18.27722807703125 ], [ -101.966375455184661, 18.277524427874745 ], [ -101.966382702789957, 18.277820778713696 ], [ -101.966502803897512, 18.278352524545838 ], [ -101.967048785957203, 18.280241303331525 ], [ -101.967233899936701, 18.280702984687309 ], [ -101.967392839024782, 18.28083585176735 ], [ -101.967551778360473, 18.280968718748763 ], [ -101.967820775552894, 18.280886657173458 ], [ -101.968758212729043, 18.280237965893839 ], [ -101.969034023435142, 18.280069678773394 ], [ -101.969208865093478, 18.280001356056122 ], [ -101.969383706635867, 18.27993303315813 ], [ -101.9696074437569, 18.279906112432354 ], [ -101.970301867701124, 18.27991712690557 ], [ -101.970587966969006, 18.279972447504594 ], [ -101.970908320182303, 18.280096022091406 ], [ -101.971228673922411, 18.280219596205079 ], [ -101.971857872134237, 18.280517344016236 ], [ -101.974153442469742, 18.281659672069008 ], [ -101.9748044389043, 18.281927286582405 ], [ -101.975175635536829, 18.281980563019399 ], [ -101.975546832509266, 18.282033838766719 ], [ -101.975956396067403, 18.281918442490262 ], [ -101.977125293442967, 18.281273370886126 ], [ -101.977525457875373, 18.281086724964222 ], [ -101.977874728336516, 18.280973755679256 ], [ -101.97822399843453, 18.280860785687572 ], [ -101.978821749174088, 18.28072466032728 ], [ -101.980912709101062, 18.280315334843511 ], [ -101.981505757928659, 18.280143577534663 ], [ -101.981844059985477, 18.279947480109833 ], [ -101.982182361340364, 18.279751381970758 ], [ -101.982555888147772, 18.279362860777653 ], [ -101.983622400426242, 18.27794195390895 ], [ -101.983912293602629, 18.277470854365529 ], [ -101.984055459889419, 18.277082078011915 ], [ -101.984198625415729, 18.276693301444446 ], [ -101.984317778081021, 18.276053611483075 ], [ -101.98458748706652, 18.273845944003547 ], [ -101.984642336023114, 18.273235708956111 ], [ -101.984635465789836, 18.272915661464509 ], [ -101.984628595488289, 18.272595613967123 ], [ -101.984554117963313, 18.272291427691325 ], [ -101.984220298414499, 18.271511986616382 ], [ -101.984085872477209, 18.271293187032729 ], [ -101.983939121113181, 18.271172375210032 ], [ -101.983792369957385, 18.271051563302731 ], [ -101.983507506714432, 18.27092518586004 ], [ -101.982471649918779, 18.270577045340776 ], [ -101.982272870503877, 18.270391084714166 ], [ -101.982326978613926, 18.270131248340704 ], [ -101.982381086503239, 18.269871411922363 ], [ -101.982734457769666, 18.269314982113816 ], [ -101.984275284713235, 18.267237971543693 ], [ -101.98479536217377, 18.266877145517078 ], [ -101.98523847533329, 18.267073728287958 ], [ -101.985681589621365, 18.26727031017176 ], [ -101.986427559562159, 18.268192799903101 ], [ -101.989022588127881, 18.272104577492083 ], [ -101.989953777812971, 18.273385465576759 ], [ -101.991704259805417, 18.275451171383629 ], [ -101.993273772869699, 18.277121286412896 ], [ -101.998847881029903, 18.282849388603488 ], [ -102.000357420132772, 18.284305224271733 ], [ -102.001827618882515, 18.285371085018902 ], [ -102.002418342898281, 18.28543791328141 ], [ -102.003704838576141, 18.284683916849119 ], [ -102.004051963252508, 18.284386346980341 ], [ -102.004385387338004, 18.283751689712744 ], [ -102.004514582733194, 18.28314260681783 ], [ -102.004784065334377, 18.280934876735209 ], [ -102.004812887906468, 18.28028866999346 ], [ -102.004677917851581, 18.279480769726568 ], [ -102.0044562823538, 18.278972833211643 ], [ -102.003556961871865, 18.277410361765131 ], [ -102.003325225960666, 18.276871795406478 ], [ -102.003234164857858, 18.276396376945595 ], [ -102.003143104054018, 18.275920958492645 ], [ -102.003114664489772, 18.275101186466447 ], [ -102.003164062158845, 18.272226419969751 ], [ -102.003264037562133, 18.271357876727937 ], [ -102.003472616233495, 18.270768659049214 ], [ -102.003681193214376, 18.270179440907572 ], [ -102.004177151595627, 18.26936450291479 ], [ -102.006074435794048, 18.266739879055464 ], [ -102.006580651665786, 18.265945406471378 ], [ -102.006813197092015, 18.265403957085567 ], [ -102.00704574085168, 18.264862507181594 ], [ -102.007203940752959, 18.264109982213487 ], [ -102.007477113985956, 18.261681098350493 ], [ -102.007480241282636, 18.260982008702278 ], [ -102.007350955947757, 18.260565242057865 ], [ -102.007221671087606, 18.260148475399451 ], [ -102.006849159893946, 18.259656802848397 ], [ -102.005369358354272, 18.258195859373256 ], [ -102.004899985378344, 18.257773766066823 ], [ -102.004544675817371, 18.257519355506346 ], [ -102.004189367339507, 18.257264944428631 ], [ -102.003643571499083, 18.256960149296997 ], [ -102.001807152576887, 18.256046585829885 ], [ -102.001235406453205, 18.255705828717204 ], [ -102.000819536344537, 18.255367514573404 ], [ -102.0004036678896, 18.255029199747025 ], [ -101.999787217752313, 18.25440334405716 ], [ -101.997742216284848, 18.252159305852885 ], [ -101.997131361223765, 18.251518296426912 ], [ -101.996728519075631, 18.25114463090291 ], [ -101.99632567866189, 18.250770964766762 ], [ -101.995785557182828, 18.250344357687819 ], [ -101.994070684109715, 18.249100850519049 ], [ -101.993543123566752, 18.248562710059797 ], [ -101.993169579524846, 18.247928805946081 ], [ -101.992796037948565, 18.247294901459679 ], [ -101.992256336230639, 18.246021887186913 ], [ -101.990484854976359, 18.24134896061986 ], [ -101.990025320246716, 18.240051812405817 ], [ -101.989838790375558, 18.239361597913394 ], [ -101.98965226157469, 18.238671383410544 ], [ -101.989578850824358, 18.237996490438164 ], [ -101.989609321288043, 18.23622741869292 ], [ -101.989597045645397, 18.235705840055992 ], [ -101.989553168349786, 18.235373359226177 ], [ -101.989509291122118, 18.235040878400667 ], [ -101.989396203647161, 18.234612511825773 ], [ -101.988956219651683, 18.233278429336245 ], [ -101.988668937614435, 18.232781303425941 ], [ -101.987768274955855, 18.231795463387723 ], [ -101.986768903726713, 18.230884243355803 ], [ -101.983005914688022, 18.227617691871643 ], [ -101.981947887860812, 18.226720763811251 ], [ -101.980773339364092, 18.225801680773621 ], [ -101.980153433007914, 18.22538563540137 ], [ -101.980091984279795, 18.22534907196621 ], [ -101.979246268594324, 18.224712831036719 ], [ -101.978880981271701, 18.224529325727584 ], [ -101.978593486398339, 18.224472961986848 ], [ -101.978407232742185, 18.224466246109824 ], [ -101.978235474989575, 18.224476293566216 ], [ -101.978059798037407, 18.224494452793319 ], [ -101.977839990415191, 18.223986359850869 ], [ -101.977512382940816, 18.223227074523734 ], [ -101.977138474779295, 18.221055982969453 ], [ -101.976015602657696, 18.217804918486198 ], [ -101.974781284764745, 18.214663920029931 ], [ -101.974159205328363, 18.212524661147842 ], [ -101.974015415185264, 18.211289911645014 ], [ -101.974589258441199, 18.210034996019139 ], [ -101.975982919567571, 18.208659003714192 ], [ -101.97762417999796, 18.20795633565449 ], [ -101.979971906086021, 18.207134325153145 ], [ -101.981856923746165, 18.206879285486103 ], [ -101.982797507436302, 18.206638926341491 ], [ -101.98397973403182, 18.206728874314297 ], [ -101.984920463486077, 18.206488502918774 ], [ -101.985702683161591, 18.205816353841591 ], [ -101.986679061022286, 18.205731104504537 ], [ -101.988678001763262, 18.205267638966649 ], [ -101.988909615911851, 18.205189374341661 ], [ -101.989149250812204, 18.205185638852434 ], [ -101.990567718646602, 18.205271863047138 ], [ -101.992802115940975, 18.205011269167112 ], [ -101.994454829649086, 18.204985460138289 ], [ -101.995282047843062, 18.204746813768431 ], [ -101.996925178318079, 18.204161340943028 ], [ -101.998326616210619, 18.203805358083343 ], [ -101.999999813223681, 18.203345900918389 ], [ -102.001331375204543, 18.203366621600889 ], [ -102.005213490930643, 18.203941952396516 ], [ -102.006611888017375, 18.205029206597846 ], [ -102.011312680826123, 18.206348548737303 ], [ -102.012401127191737, 18.205119517712831 ], [ -102.013644005245169, 18.204804811282308 ], [ -102.013475811949021, 18.205804407909067 ], [ -102.01413532269892, 18.207015536565109 ], [ -102.014346494698117, 18.208481521364838 ], [ -102.01551165057586, 18.209402566636118 ], [ -102.015601763679626, 18.207995447052237 ], [ -102.015218430536635, 18.206653187528858 ], [ -102.014818829218044, 18.205157181706092 ], [ -102.015428118047225, 18.204326972243837 ], [ -102.017576485268719, 18.202875675968144 ], [ -102.017770186579313, 18.202849057750722 ], [ -102.018748014979138, 18.202948169936253 ], [ -102.01942684571749, 18.203159238404879 ], [ -102.017717133204457, 18.204154927507989 ], [ -102.017771935046227, 18.205374696264037 ], [ -102.019889201098877, 18.205859073702815 ], [ -102.020764313791048, 18.203512232215189 ], [ -102.021637183402945, 18.203638429492528 ], [ -102.022398127772291, 18.203866527430243 ], [ -102.023921266761747, 18.204847257457633 ], [ -102.026414921557262, 18.207089045612719 ], [ -102.029229091178152, 18.208261316407956 ], [ -102.031759092986675, 18.208923520293606 ], [ -102.032704462218291, 18.208883983647944 ], [ -102.033299893253343, 18.20868643041462 ], [ -102.033303255258986, 18.208687255189776 ], [ -102.035424270819291, 18.208723488360246 ], [ -102.036105499760509, 18.208539318629953 ], [ -102.038321238212248, 18.208573574536352 ], [ -102.041889636774258, 18.207048575293445 ], [ -102.044426254184714, 18.204523415138958 ], [ -102.045501240246793, 18.203383237474704 ], [ -102.045823337983776, 18.203091356215207 ], [ -102.048020880933336, 18.200010060361834 ], [ -102.048862404149205, 18.19970694939953 ], [ -102.049482660075924, 18.199337266937338 ], [ -102.05273667873405, 18.197391844958226 ], [ -102.052809309211668, 18.197318250438112 ], [ -102.056153735916666, 18.196141312643086 ], [ -102.058572301212777, 18.195002678803114 ], [ -102.059984468908766, 18.194705746317553 ], [ -102.065194282001471, 18.194868704636711 ], [ -102.065509683857016, 18.194944093476533 ], [ -102.065094294229667, 18.196172787793081 ], [ -102.065979168725107, 18.19635788422023 ], [ -102.067231458575861, 18.195474104004465 ], [ -102.068963571199959, 18.194705999193573 ], [ -102.069243957081824, 18.195450690879781 ], [ -102.068703761669255, 18.196119636910307 ], [ -102.069087209654981, 18.197479900116242 ], [ -102.069916489019931, 18.197600924478859 ], [ -102.071866677944485, 18.197350800488753 ], [ -102.07173107889831, 18.198116226494253 ], [ -102.070809250205841, 18.198445264106571 ], [ -102.070533273385024, 18.199696129628482 ], [ -102.071050837182469, 18.200381238042105 ], [ -102.073132015225255, 18.20077419143924 ], [ -102.073521498735701, 18.200644695518303 ], [ -102.073712252203435, 18.199970403156129 ], [ -102.072310470851775, 18.199623948592453 ], [ -102.072875193308462, 18.198052428890076 ], [ -102.072554957914747, 18.196864692508182 ], [ -102.072593847752742, 18.196233229799457 ], [ -102.070411340379749, 18.196254080287705 ], [ -102.070621866529351, 18.194397246969999 ], [ -102.070920488007516, 18.193998706432534 ], [ -102.07113816982833, 18.193946037705334 ], [ -102.073175260617518, 18.193934590513294 ], [ -102.076669595677558, 18.194190155380973 ], [ -102.077735723447503, 18.194341688364855 ], [ -102.080877233789266, 18.195176631172895 ], [ -102.082738020797763, 18.194996241614216 ], [ -102.085732148771868, 18.195266388841382 ], [ -102.086185018252792, 18.195817167680499 ], [ -102.086944301325758, 18.196171821427143 ], [ -102.088137139383335, 18.195449518259938 ], [ -102.09189818297331, 18.195641544286058 ], [ -102.094881336883489, 18.195235294188468 ], [ -102.099146253262958, 18.193917375322457 ], [ -102.100804629520866, 18.193389264122693 ], [ -102.100924309413514, 18.193385836677354 ], [ -102.101173217711505, 18.193271886928798 ], [ -102.104547971557309, 18.191949081627232 ], [ -102.106722392046862, 18.191277725594027 ], [ -102.106856568768663, 18.191238564858679 ], [ -102.109701226009648, 18.191035142576574 ], [ -102.1103629963782, 18.190431097304 ], [ -102.11071778787317, 18.190111374364911 ], [ -102.110762312197778, 18.190083667175685 ], [ -102.112368256695319, 18.18959170430189 ], [ -102.115282742910026, 18.188596113758301 ], [ -102.118387967367582, 18.187083657630438 ], [ -102.119204328599437, 18.186736536397312 ], [ -102.120013061956541, 18.186974941024527 ], [ -102.124184171421604, 18.186623100953302 ], [ -102.125232717306233, 18.186925218899827 ], [ -102.12628880492845, 18.187618268298621 ], [ -102.128168322332613, 18.18821528273946 ], [ -102.129634229422848, 18.188688706102738 ], [ -102.13004061312806, 18.189254630058496 ], [ -102.12966044429615, 18.190549226804727 ], [ -102.128991464788356, 18.192173600348866 ], [ -102.127629544653075, 18.192270599142851 ], [ -102.126621036327393, 18.19270698202255 ], [ -102.125879898754675, 18.193544673032378 ], [ -102.124247042513815, 18.193456992131985 ], [ -102.123455853350023, 18.194465485906466 ], [ -102.12283728295526, 18.195891930981297 ], [ -102.122647416473569, 18.197099062513232 ], [ -102.122406556190768, 18.197384399090346 ], [ -102.120383422504233, 18.198049318245349 ], [ -102.118479287549192, 18.199519642896401 ], [ -102.118844994054825, 18.20083444042395 ], [ -102.11968122299433, 18.201686763355358 ], [ -102.121189731757013, 18.201871952144174 ], [ -102.124219173314501, 18.202061887382222 ], [ -102.124239032363732, 18.200852204507399 ], [ -102.122593597735843, 18.200376035543943 ], [ -102.120933782967782, 18.200775517192373 ], [ -102.120164056548802, 18.200475008786793 ], [ -102.120215243709211, 18.199085206454093 ], [ -102.121399246862396, 18.198895300160071 ], [ -102.122129160299494, 18.198743720794194 ], [ -102.123151266408712, 18.198632640801726 ], [ -102.123314388006705, 18.19790368182155 ], [ -102.124548346150007, 18.196396165940307 ], [ -102.125520500342546, 18.194722181000355 ], [ -102.126598510312107, 18.194657065757291 ], [ -102.130371176572126, 18.194451682591886 ], [ -102.131398159720064, 18.192886836553853 ], [ -102.131406752470085, 18.191207429780558 ], [ -102.132249371910149, 18.191093610921062 ], [ -102.131981558043691, 18.189563577118676 ], [ -102.133149995995012, 18.189743576279216 ], [ -102.133746905233792, 18.190213013471816 ], [ -102.134211743868818, 18.190671446575383 ], [ -102.135283384586771, 18.18983865190561 ], [ -102.137073668521552, 18.188962395980351 ], [ -102.137934828612103, 18.188653465918222 ], [ -102.139331089165026, 18.18851596272906 ], [ -102.139768882186218, 18.188289994600058 ], [ -102.141155221147869, 18.18834602007572 ], [ -102.144446273327247, 18.185803462992762 ], [ -102.145347513481127, 18.18440821521088 ], [ -102.146566665858145, 18.182051492919435 ], [ -102.147008783966697, 18.18042365967472 ], [ -102.148891389028762, 18.17734535455034 ], [ -102.148902423141777, 18.17666639042109 ], [ -102.148913670483935, 18.175974305622361 ], [ -102.14916973067335, 18.175955452931092 ], [ -102.149998016179268, 18.176028740944762 ], [ -102.150787115678568, 18.176242219982342 ], [ -102.152191428034996, 18.176894210031072 ], [ -102.152659626992062, 18.177183888407079 ], [ -102.153121798893864, 18.177735894253985 ], [ -102.153313844881296, 18.178234796401533 ], [ -102.153747889659499, 18.180011000992323 ], [ -102.15391280055934, 18.180545054011453 ], [ -102.154080568804943, 18.180903075398497 ], [ -102.154248337648141, 18.181261096721649 ], [ -102.154562766165725, 18.18174996163355 ], [ -102.155694572322844, 18.183315286168305 ], [ -102.15596617909317, 18.183823831269379 ], [ -102.156083765444976, 18.184523979018223 ], [ -102.156031548814184, 18.184816910069188 ], [ -102.155547245013153, 18.186137060226255 ], [ -102.15544082808421, 18.186582440045438 ], [ -102.155428524418781, 18.187340730454075 ], [ -102.155482711164879, 18.187729799534399 ], [ -102.155415927185274, 18.188117075325955 ], [ -102.155403622301506, 18.188875365597269 ], [ -102.155495539560633, 18.189323685382401 ], [ -102.155936795264552, 18.190657553996814 ], [ -102.156040328215951, 18.191045097216684 ], [ -102.156080323980305, 18.19149824730318 ], [ -102.156038539416414, 18.191810315629304 ], [ -102.155792785664929, 18.192691557241588 ], [ -102.155663603007156, 18.193011315603371 ], [ -102.155485054136705, 18.193316797675777 ], [ -102.155306504587571, 18.193622279487386 ], [ -102.154925544937228, 18.194175325861792 ], [ -102.153504812816138, 18.196145236403133 ], [ -102.153132981868069, 18.196789836035471 ], [ -102.152818520603873, 18.197828065715981 ], [ -102.152741122573119, 18.198666652140307 ], [ -102.152694390549399, 18.201541825866041 ], [ -102.152701995410212, 18.202381673919753 ], [ -102.152784222073876, 18.203425791704529 ], [ -102.152894084723158, 18.204077540541963 ], [ -102.153324554363877, 18.206074917345649 ], [ -102.153477749666749, 18.206676519142473 ], [ -102.153762188764674, 18.207486617304045 ], [ -102.154015335568062, 18.208042298483889 ], [ -102.154912256751501, 18.209825378035848 ], [ -102.155171630575595, 18.210325281337045 ], [ -102.155485111828838, 18.210875084892304 ], [ -102.155673567731071, 18.211160615294048 ], [ -102.156239549178508, 18.211943286483905 ], [ -102.156450085365762, 18.212178353469454 ], [ -102.156866604156349, 18.212492661741575 ], [ -102.157251095207698, 18.212706606158175 ], [ -102.15862887425871, 18.213390700446563 ], [ -102.159030051622267, 18.213559177606456 ], [ -102.159277239142952, 18.213610246195351 ], [ -102.159524426853864, 18.213661314484586 ], [ -102.159829499071861, 18.213638747354693 ], [ -102.160758792779177, 18.213431295005456 ], [ -102.161124864663563, 18.213252178266387 ], [ -102.161514385039197, 18.212937966136078 ], [ -102.161903904048742, 18.212623753011751 ], [ -102.162650740918707, 18.211905116838622 ], [ -102.165356891965871, 18.209179878362079 ], [ -102.166094059587778, 18.208400132954587 ], [ -102.166461066230212, 18.207943360870715 ], [ -102.16682807088165, 18.207486587801316 ], [ -102.167139494765422, 18.206961271260433 ], [ -102.167858791096393, 18.205423338791423 ], [ -102.168058385343826, 18.204911605232478 ], [ -102.168164460949995, 18.204486527804175 ], [ -102.168270535894308, 18.20406145022994 ], [ -102.168374013959237, 18.20335867679292 ], [ -102.168644755046756, 18.200929221591792 ], [ -102.168763920682139, 18.200241916272159 ], [ -102.168906606555581, 18.199852931904925 ], [ -102.169049291680636, 18.19946394733061 ], [ -102.169337798766549, 18.199039868110471 ], [ -102.17039878692573, 18.197838796333652 ], [ -102.170781280412854, 18.197517682875091 ], [ -102.171143275286838, 18.197368955906619 ], [ -102.171505269629009, 18.197220228167662 ], [ -102.172157047239153, 18.197116405174501 ], [ -102.174474687686498, 18.196929337010886 ], [ -102.175225854044612, 18.196923470659947 ], [ -102.175819756141777, 18.197003324046992 ], [ -102.176413659051249, 18.197083175666055 ], [ -102.177359359360736, 18.197317190856388 ], [ -102.180584845845289, 18.198249530856543 ], [ -102.181477594238956, 18.19847259038362 ], [ -102.182418242696315, 18.198581222312686 ], [ -102.182869275219915, 18.198513353588901 ], [ -102.184033441194771, 18.198087998882581 ], [ -102.184343387891843, 18.197870759417551 ], [ -102.184374545854794, 18.197805803432747 ], [ -102.18454718381544, 18.197681871787079 ], [ -102.184829436315113, 18.197093446223857 ], [ -102.184897533306469, 18.196493411804045 ], [ -102.184933064983042, 18.194281676820612 ], [ -102.184911248093115, 18.193654926840491 ], [ -102.184773907766299, 18.19294182893773 ], [ -102.184599524913679, 18.192549867586386 ], [ -102.183923082979121, 18.191433811706684 ], [ -102.18374821360085, 18.191072317752575 ], [ -102.183678403729999, 18.190786860200575 ], [ -102.183608594021138, 18.19050140264676 ], [ -102.183584006276774, 18.190047303650712 ], [ -102.183608881147507, 18.18849908994137 ], [ -102.183648208424628, 18.188035770686216 ], [ -102.183727535137507, 18.187728799307813 ], [ -102.183806861496691, 18.187421827849999 ], [ -102.183994180943515, 18.187008085686596 ], [ -102.184709678957972, 18.185691229343341 ], [ -102.184955025105509, 18.185303732738785 ], [ -102.185169753596185, 18.185058003236751 ], [ -102.185384481468574, 18.184812273406383 ], [ -102.185752644296699, 18.184497684892698 ], [ -102.187041274197114, 18.183521058788244 ], [ -102.187504243234002, 18.183258647376064 ], [ -102.187940193243122, 18.183134669615466 ], [ -102.188376142769783, 18.183010690777728 ], [ -102.189158745287287, 18.182918876782804 ], [ -102.191938992158043, 18.182738345726047 ], [ -102.192700343438347, 18.18264620595389 ], [ -102.193086705928408, 18.182521490550251 ], [ -102.193473067970899, 18.182396774291512 ], [ -102.193815608332784, 18.182132585136088 ], [ -102.194641400767324, 18.181149133170162 ], [ -102.194836485614644, 18.180801519355033 ], [ -102.194878790107566, 18.180482147897429 ], [ -102.194921094360893, 18.180162776400188 ], [ -102.194846880051557, 18.179597900553613 ], [ -102.19441594243979, 18.177600556322744 ], [ -102.194188725575785, 18.176967414908837 ], [ -102.193874020845399, 18.176488756840619 ], [ -102.193559317716932, 18.176010098468915 ], [ -102.192887384053535, 18.175275643646973 ], [ -102.190381140313391, 18.172805490603029 ], [ -102.189692888557815, 18.172096184674349 ], [ -102.189340069476287, 18.171676220909394 ], [ -102.188987252032561, 18.171256256709782 ], [ -102.188667448339316, 18.170765666774848 ], [ -102.187880670760123, 18.169316175100217 ], [ -102.187622665828812, 18.168948389305932 ], [ -102.187414039798398, 18.168814968656665 ], [ -102.187205414104355, 18.168681547822185 ], [ -102.186867344396575, 18.168668131176251 ], [ -102.185706935641079, 18.16887235760634 ], [ -102.185307582328022, 18.169035811201034 ], [ -102.184955962042793, 18.169315091376649 ], [ -102.184604340666738, 18.169594370747447 ], [ -102.183999059807491, 18.170228857993447 ], [ -102.181877623933502, 18.172631221490057 ], [ -102.181187326542499, 18.173264449482399 ], [ -102.180637367538722, 18.173540808113064 ], [ -102.180087406970841, 18.17381716492218 ], [ -102.179206394064764, 18.173973529512956 ], [ -102.176194924463871, 18.174150490697446 ], [ -102.175316198155031, 18.174164654598009 ], [ -102.174771571681433, 18.174109236647432 ], [ -102.174226945781726, 18.174053817196832 ], [ -102.173549598296404, 18.173881315710489 ], [ -102.171477906100137, 18.173187137568309 ], [ -102.170890463730075, 18.173041347285206 ], [ -102.170555605130431, 18.173048264733396 ], [ -102.170220746592136, 18.173055181593174 ], [ -102.169851448626119, 18.173220735902625 ], [ -102.168797769794608, 18.173979485493145 ], [ -102.1685013645872, 18.174237535550802 ], [ -102.168171823360737, 18.174683023376236 ], [ -102.16799745539538, 18.175061384760507 ], [ -102.167513275292364, 18.176381582442332 ], [ -102.167339231739831, 18.176739631159375 ], [ -102.167011213014604, 18.17709032848078 ], [ -102.166716658700636, 18.17723327572206 ], [ -102.165670089611652, 18.177549662194011 ], [ -102.165394506698377, 18.177504960622329 ], [ -102.165155024773156, 18.176979970528574 ], [ -102.165088490576892, 18.176274686576924 ], [ -102.16501747620471, 18.173508351387966 ], [ -102.164956992353183, 18.172757444867312 ], [ -102.1647457521956, 18.172019549855786 ], [ -102.164504465043549, 18.171716320477412 ], [ -102.163589702126416, 18.171039142995092 ], [ -102.163289821247247, 18.170745205241484 ], [ -102.162805137802223, 18.170050674841686 ], [ -102.162412615313386, 18.169352426242785 ], [ -102.161065546315641, 18.166788460817479 ], [ -102.160699103450099, 18.166121070235164 ], [ -102.16056295130214, 18.165897042693246 ], [ -102.162192507552788, 18.165017872972459 ], [ -102.163228463006988, 18.163452928486105 ], [ -102.163847771426205, 18.161367116063424 ], [ -102.163804585847402, 18.157023053698115 ], [ -102.163875571755327, 18.152626494929116 ], [ -102.164170941131843, 18.148955644302074 ], [ -102.164669425905871, 18.147328567018224 ], [ -102.165571687819408, 18.147016791721732 ], [ -102.166613670714213, 18.14741141227038 ], [ -102.167667574948752, 18.147652692983847 ], [ -102.168323607133885, 18.147382426542386 ], [ -102.169744467071567, 18.147123418964433 ], [ -102.167115037555817, 18.145603767173728 ], [ -102.165935486118272, 18.145541233155214 ], [ -102.164284845637781, 18.145408534279099 ], [ -102.164294021918948, 18.14483977946951 ], [ -102.165970092002524, 18.144566501856559 ], [ -102.166451258796158, 18.142839830340765 ], [ -102.166758514050656, 18.141941355879172 ], [ -102.16695158870931, 18.141095378490778 ], [ -102.169164381332934, 18.139159417482166 ], [ -102.168362999258591, 18.137901475310098 ], [ -102.167323477878938, 18.137364175374369 ], [ -102.167977923557828, 18.13720987206769 ], [ -102.168667997308276, 18.136912422118801 ], [ -102.168875161925072, 18.136853080041725 ], [ -102.170030430429819, 18.137573845648628 ], [ -102.170324290768505, 18.136918975881358 ], [ -102.17085216021168, 18.136980921425849 ], [ -102.170882520182502, 18.138615806930165 ], [ -102.171591533940841, 18.138572055032853 ], [ -102.172833365339088, 18.138870245871825 ], [ -102.174344822061698, 18.140021217420312 ], [ -102.175523187181454, 18.140155918697104 ], [ -102.176587525874211, 18.140334089303749 ], [ -102.177452880560864, 18.141141440023262 ], [ -102.178845723690287, 18.142624754420833 ], [ -102.17926480112348, 18.142405149992232 ], [ -102.178808050465406, 18.141441259074714 ], [ -102.178116122237427, 18.140419736241967 ], [ -102.176891101357583, 18.139661289633331 ], [ -102.175657825569814, 18.139417429694063 ], [ -102.175191963739522, 18.139022294289624 ], [ -102.174193572808704, 18.138267161587972 ], [ -102.173874609093389, 18.137892433062749 ], [ -102.17478316770702, 18.137790169637029 ], [ -102.175273284375066, 18.137761229836201 ], [ -102.175901884627535, 18.137816756744215 ], [ -102.176286142337403, 18.137927367378069 ], [ -102.177664918449267, 18.13844761849051 ], [ -102.177894145410121, 18.138508545766371 ], [ -102.178884043815245, 18.138617878625098 ], [ -102.179839730922865, 18.138652210478035 ], [ -102.183309711406324, 18.138703058033741 ], [ -102.184238765772193, 18.138742057265748 ], [ -102.184671565922159, 18.138807649978173 ], [ -102.1851043665379, 18.138873241759207 ], [ -102.1854118842612, 18.13902165235864 ], [ -102.185981367274749, 18.139583052184442 ], [ -102.186095081319536, 18.13989116018643 ], [ -102.186075671297232, 18.140329379291529 ], [ -102.186056261014599, 18.140767598363901 ], [ -102.185887086939147, 18.141711544512066 ], [ -102.185136404354409, 18.145240183461414 ], [ -102.184950063116659, 18.146260063686778 ], [ -102.1848906199141, 18.146875467148401 ], [ -102.184831175974395, 18.147490870500071 ], [ -102.184847680732474, 18.148229286181138 ], [ -102.185043592349956, 18.150444419497632 ], [ -102.185120720604189, 18.151046585076067 ], [ -102.185202730629968, 18.151344071421686 ], [ -102.185284740863636, 18.151641557762225 ], [ -102.185441927423938, 18.151889353094365 ], [ -102.186011446144349, 18.152450757896336 ], [ -102.186307712992829, 18.152639638641645 ], [ -102.186714242450151, 18.152799657805875 ], [ -102.187120772756046, 18.152959676208081 ], [ -102.187986021973742, 18.153227989289974 ], [ -102.191210815103858, 18.154160051186796 ], [ -102.192133290285824, 18.15450537132989 ], [ -102.192673324763405, 18.154845101545643 ], [ -102.193213361461417, 18.155184830516511 ], [ -102.193833845270646, 18.155810168488408 ], [ -102.195649386920834, 18.158048949322193 ], [ -102.196191751654453, 18.15857663662845 ], [ -102.196549485375115, 18.158688519596918 ], [ -102.19690721964092, 18.158800401959464 ], [ -102.197386948416565, 18.158592379204283 ], [ -102.198910201150994, 18.157397833352565 ], [ -102.19936652312731, 18.156991373847923 ], [ -102.199669653267961, 18.15664024536197 ], [ -102.199972782161538, 18.156289116220904 ], [ -102.200382543783292, 18.15569235063014 ], [ -102.201688488419663, 18.153609695562245 ], [ -102.202173248244407, 18.152973382505042 ], [ -102.202651390593942, 18.152529982571302 ], [ -102.20312953053697, 18.152086581100132 ], [ -102.204010886239018, 18.151456032283516 ], [ -102.207167560663081, 18.149400238428147 ], [ -102.207979273799225, 18.148804210916602 ], [ -102.208294954149352, 18.148441395400315 ], [ -102.208610633159779, 18.148078579175866 ], [ -102.208700865957582, 18.147637993392195 ], [ -102.208490597287948, 18.146307559886782 ], [ -102.208357099052236, 18.145904359895184 ], [ -102.208150737420468, 18.145628776554634 ], [ -102.207944376405464, 18.145353193073298 ], [ -102.207488272171744, 18.144969011209501 ], [ -102.205772522226027, 18.143727322282828 ], [ -102.205283751141764, 18.143393454061176 ], [ -102.205001152979676, 18.143235276120599 ], [ -102.204718555367521, 18.143077097831053 ], [ -102.20439990268089, 18.142959029031495 ], [ -102.203478053115973, 18.142724395891364 ], [ -102.203201731877002, 18.142617099354279 ], [ -102.203017906375081, 18.142484058481237 ], [ -102.20283408116299, 18.142351017468499 ], [ -102.202585187411927, 18.142078197135159 ], [ -102.201791338555225, 18.141071116508112 ], [ -102.201598148339215, 18.140636570038808 ], [ -102.201493128955931, 18.139641273484401 ], [ -102.201525173739896, 18.138879783897277 ], [ -102.201807547594271, 18.135676068056355 ], [ -102.201780477510169, 18.135357231960288 ], [ -102.201820924795513, 18.134835365607984 ], [ -102.201865140974917, 18.133837090691394 ], [ -102.201863585079636, 18.133820544530405 ], [ -102.201959067924335, 18.13372106979995 ], [ -102.201967864943541, 18.133168124390934 ], [ -102.201938610359704, 18.133003469997828 ], [ -102.201793292342856, 18.13278802822094 ], [ -102.201614949985313, 18.132644908537934 ], [ -102.200928005729935, 18.132192457290579 ], [ -102.200739204200232, 18.132039026300525 ], [ -102.200545072720615, 18.131775467396171 ], [ -102.200456543438676, 18.131552385774562 ], [ -102.200347040947449, 18.131163641473098 ], [ -102.200461823844677, 18.131220618886591 ], [ -102.20052180029397, 18.131235036179589 ], [ -102.200572124462994, 18.131188362126785 ], [ -102.200584039659134, 18.131107267627883 ], [ -102.200586571931169, 18.130948154913579 ], [ -102.200589319686216, 18.130775500688319 ], [ -102.200567910137167, 18.130688033014327 ], [ -102.200514514711614, 18.130596834568262 ], [ -102.200432919679898, 18.130500202914604 ], [ -102.200339637572498, 18.130392523792896 ], [ -102.200283102295856, 18.130324399554929 ], [ -102.200227845516466, 18.130263511308957 ], [ -102.200227845349417, 18.130263511112684 ], [ -102.200227843591293, 18.130263509046802 ], [ -102.200058586260624, 18.130077001695632 ], [ -102.199033474545772, 18.129066551887405 ], [ -102.198708883516105, 18.128767231215296 ], [ -102.198219231307391, 18.128380853033971 ], [ -102.197844319199959, 18.128128204718745 ], [ -102.196595136337493, 18.127342316263345 ], [ -102.19649751752722, 18.127231010763499 ], [ -102.196215589455221, 18.126255077920316 ], [ -102.196313698988376, 18.125431979176934 ], [ -102.197053451478425, 18.122566780413781 ], [ -102.197230243404249, 18.121805776726124 ], [ -102.197272890773576, 18.121462702896434 ], [ -102.197315537877898, 18.121119629023841 ], [ -102.197260596982687, 18.120900422067706 ], [ -102.196918913099935, 18.120563603812393 ], [ -102.1967928307661, 18.120475420927747 ], [ -102.19666948024441, 18.120438070072961 ], [ -102.196546129785759, 18.120400719146055 ], [ -102.196319782109413, 18.120382185034913 ], [ -102.19551019415529, 18.120370392412031 ], [ -102.195262846750069, 18.120336313460299 ], [ -102.194918146833771, 18.120189072707568 ], [ -102.194673066101075, 18.120012807775371 ], [ -102.193874059329531, 18.119337477640787 ], [ -102.193597116936488, 18.119160747177297 ], [ -102.193350419688628, 18.119086041723172 ], [ -102.19310372269301, 18.119011335980634 ], [ -102.192675815937264, 18.118974621365414 ], [ -102.191172312669551, 18.118952691283667 ], [ -102.190786243889718, 18.118957216617723 ], [ -102.19048809150874, 18.1190002717399 ], [ -102.190448228210798, 18.119057254374251 ], [ -102.190539395101382, 18.119238463200613 ], [ -102.189854404710985, 18.119024884386214 ], [ -102.189056922992151, 18.118637548069607 ], [ -102.189850030592652, 18.118818266071699 ], [ -102.190020835553753, 18.118766580953395 ], [ -102.189780572512461, 18.118289014560471 ], [ -102.189266537724976, 18.117658461345375 ], [ -102.187108006869707, 18.115193436136462 ], [ -102.186482307545589, 18.114571404757942 ], [ -102.186228496206496, 18.114425478569888 ], [ -102.186101590706954, 18.114352515371156 ], [ -102.185720874888375, 18.114133625356132 ], [ -102.185417171261591, 18.114131412133361 ], [ -102.184956172908841, 18.113709481211369 ], [ -102.183501443509869, 18.113742389066104 ], [ -102.18272704569091, 18.110796263971306 ], [ -102.181936600846086, 18.111805104428385 ], [ -102.182386043287678, 18.112633423795213 ], [ -102.181851062224254, 18.113609879960524 ], [ -102.179819548071492, 18.113101540158183 ], [ -102.178018167469887, 18.113553744877422 ], [ -102.176961365590302, 18.11291517668225 ], [ -102.176930049088554, 18.111334449011355 ], [ -102.177204983952436, 18.108909379904045 ], [ -102.178454252773051, 18.108142065542882 ], [ -102.179733756391798, 18.107844750973765 ], [ -102.179766991758001, 18.107538213304466 ], [ -102.180488597667491, 18.106699945491485 ], [ -102.180757790508494, 18.107579808700642 ], [ -102.181537674372834, 18.107230016859699 ], [ -102.181545907699615, 18.106715419424951 ], [ -102.181332434698163, 18.105303594123175 ], [ -102.18250076469883, 18.106052128060405 ], [ -102.182576630610072, 18.106622136919828 ], [ -102.184681814317997, 18.106652917987038 ], [ -102.184698117511061, 18.105632748280645 ], [ -102.183224719270399, 18.105656359240022 ], [ -102.182353365057551, 18.104641269357835 ], [ -102.181780295656552, 18.103278364965377 ], [ -102.18271073565657, 18.104140807928385 ], [ -102.183413406681026, 18.104485198568998 ], [ -102.183718606805002, 18.103704037268127 ], [ -102.184601507246157, 18.103996877381952 ], [ -102.185583505429406, 18.103406205294675 ], [ -102.184434839930447, 18.103199787493853 ], [ -102.183802724756873, 18.102576497503371 ], [ -102.183034989792532, 18.102167946689288 ], [ -102.182986431881261, 18.101661548207236 ], [ -102.184054163898935, 18.101613945917023 ], [ -102.185367980494192, 18.102120772981539 ], [ -102.185876089367468, 18.101640566299896 ], [ -102.185754004649795, 18.101507769560779 ], [ -102.186661744778178, 18.100963751858146 ], [ -102.187487106741258, 18.100397043830043 ], [ -102.187962740865373, 18.100102619280857 ], [ -102.18848728587335, 18.099849540683127 ], [ -102.189011829532348, 18.099596460442871 ], [ -102.190034891093077, 18.099167796911111 ], [ -102.19376005998069, 18.097673480756683 ], [ -102.194824450414188, 18.09731649994179 ], [ -102.195238456792396, 18.09725931746177 ], [ -102.19544545992953, 18.09723072587386 ], [ -102.196066469133001, 18.097144949718565 ], [ -102.196776395259818, 18.097256862179709 ], [ -102.19884737757738, 18.097950663421511 ], [ -102.199429546152345, 18.098081026617589 ], [ -102.199752442436576, 18.098038312486903 ], [ -102.199913890549652, 18.098016955210294 ], [ -102.20041572902619, 18.097743194186783 ], [ -102.201358417874928, 18.096650737045113 ], [ -102.201667750003978, 18.096347087053875 ], [ -102.201834705974193, 18.096238896140509 ], [ -102.201918183886733, 18.096184800618616 ], [ -102.202168617333982, 18.096022513792068 ], [ -102.202574810335165, 18.095862487432232 ], [ -102.203969508162828, 18.095440265264838 ], [ -102.204354136554926, 18.09530023900788 ], [ -102.204487549102041, 18.095223163252232 ], [ -102.204554255335083, 18.095184625333548 ], [ -102.204754373872063, 18.095069011414097 ], [ -102.204941513165835, 18.09487871305851 ], [ -102.20541459088345, 18.094221881232837 ], [ -102.20561218744713, 18.09404189217711 ], [ -102.205761867986709, 18.093980853376575 ], [ -102.20583670822289, 18.093950333927229 ], [ -102.206061228797026, 18.093858775382856 ], [ -102.206505119992173, 18.093777168321662 ], [ -102.208127570379958, 18.093579444272216 ], [ -102.208635662518134, 18.09346828625959 ], [ -102.208885211385052, 18.093361284380283 ], [ -102.209009985719192, 18.09330778330343 ], [ -102.20938430832426, 18.093147279524079 ], [ -102.209945708816363, 18.092799856043733 ], [ -102.211816917414737, 18.091499541782621 ], [ -102.21237814784854, 18.091162266063002 ], [ -102.212627441925065, 18.091071057209181 ], [ -102.212752088881842, 18.091025452647756 ], [ -102.213126029426206, 18.090888638425433 ], [ -102.213633202852932, 18.090835017996429 ], [ -102.215252133276621, 18.090858410695009 ], [ -102.215711116680126, 18.090829485119819 ], [ -102.215972611864586, 18.090750299599968 ], [ -102.216234106861293, 18.090671113692405 ], [ -102.21652225175626, 18.090473794874768 ], [ -102.21734393390571, 18.089711343346654 ], [ -102.217558218578347, 18.089482480639465 ], [ -102.217617657614014, 18.089380623385672 ], [ -102.217647377103802, 18.089329694748042 ], [ -102.217736535460986, 18.089176908792201 ], [ -102.217776989562097, 18.088969240538493 ], [ -102.217787458620066, 18.088305693993671 ], [ -102.217822201891011, 18.088123339870364 ], [ -102.217954276038029, 18.087960113746639 ], [ -102.218094705000567, 18.08790716804954 ], [ -102.218674630968735, 18.087804918283908 ], [ -102.218901309143135, 18.087687977434292 ], [ -102.219090392969946, 18.08751251647638 ], [ -102.219246861750619, 18.087367320313174 ], [ -102.21937921345733, 18.087244503422252 ], [ -102.219835253634841, 18.086727908984216 ], [ -102.221485515182195, 18.08476059804363 ], [ -102.22200050937964, 18.084209290912771 ], [ -102.222753574108637, 18.083603844844681 ], [ -102.22331438788899, 18.083290228960983 ], [ -102.225178447421229, 18.082432123983576 ], [ -102.225711986680778, 18.082163821819236 ], [ -102.225920586482459, 18.082032501830735 ], [ -102.226024886273805, 18.081966841735369 ], [ -102.226337785209793, 18.081769861044872 ], [ -102.226698244094209, 18.081475362833132 ], [ -102.227754581514318, 18.0804949955556 ], [ -102.228052277184858, 18.080138639771778 ], [ -102.228163248971299, 18.07991109906899 ], [ -102.228218734744274, 18.079797328677298 ], [ -102.228385191582291, 18.079456017341062 ], [ -102.228563087649675, 18.078837198450227 ], [ -102.229060346732112, 18.076631997906137 ], [ -102.229255041810362, 18.075957545894159 ], [ -102.229392150642298, 18.075643465716546 ], [ -102.229460704849359, 18.075486425562968 ], [ -102.229666366635001, 18.075015304843195 ], [ -102.230059277249254, 18.074343697524387 ], [ -102.23148151535311, 18.072151762485532 ], [ -102.231852536927079, 18.071520470679367 ], [ -102.231955609611461, 18.071269109314873 ], [ -102.2320071458266, 18.071143428594887 ], [ -102.232161753963879, 18.07076638628395 ], [ -102.232232473024354, 18.070320415533082 ], [ -102.232253279034254, 18.068993303516425 ], [ -102.232301644728182, 18.068618123259132 ], [ -102.232369945176927, 18.068476880205811 ], [ -102.232404095355335, 18.068406258663838 ], [ -102.232506545706713, 18.06819439397669 ], [ -102.232750895429106, 18.067964246391767 ], [ -102.233686289827972, 18.067313950488121 ], [ -102.233962651607627, 18.067074101080657 ], [ -102.234080750728609, 18.06691776833442 ], [ -102.234139800206918, 18.066839601922716 ], [ -102.234316948313023, 18.066605102533241 ], [ -102.234546724263922, 18.06617495406751 ], [ -102.235264707957768, 18.06463659088762 ], [ -102.235515874268401, 18.064196588202144 ], [ -102.235667252128735, 18.06402492810188 ], [ -102.235742940945727, 18.063939097991234 ], [ -102.235970006943987, 18.06368160741722 ], [ -102.236367601668007, 18.063385922847303 ], [ -102.237768904875708, 18.062521035834678 ], [ -102.238155717109052, 18.062235351378025 ], [ -102.238290326360996, 18.062079251350628 ], [ -102.238357630895194, 18.062001201288787 ], [ -102.238559544130595, 18.061767050910703 ], [ -102.238749627884886, 18.061383735244082 ], [ -102.239232854551105, 18.060063228543704 ], [ -102.239401380793936, 18.059699921144631 ], [ -102.23955299770688, 18.059512457824244 ], [ -102.239704614285813, 18.059324994337935 ], [ -102.239969278996043, 18.059152691857829 ], [ -102.240901145853712, 18.058723537710943 ], [ -102.24115487331683, 18.058571394697001 ], [ -102.241238938935226, 18.058477780166715 ], [ -102.241280971710239, 18.058430972883016 ], [ -102.241407069898614, 18.05829055095769 ], [ -102.24151362332077, 18.058041488876182 ], [ -102.241758674687489, 18.057160042739515 ], [ -102.241908332994655, 18.056870960674825 ], [ -102.242300701411381, 18.056466259873648 ], [ -102.242676477040703, 18.056194516417854 ], [ -102.244195036196274, 18.055220627132755 ], [ -102.244660452407999, 18.054886946829079 ], [ -102.245313842565253, 18.054303668331919 ], [ -102.245517841782785, 18.054085905137153 ], [ -102.245772279427243, 18.053849672038968 ], [ -102.245970256755101, 18.053588905357582 ], [ -102.247312421660226, 18.05205601456705 ], [ -102.247620271135645, 18.051610025114929 ], [ -102.247596710161616, 18.051526449589975 ], [ -102.247526339406051, 18.05127682997265 ], [ -102.248019522995904, 18.051167030438378 ], [ -102.248543112066784, 18.050961153326618 ], [ -102.248707441337658, 18.050751850763124 ], [ -102.248702535925005, 18.050953265397709 ], [ -102.248922925759715, 18.05112233301972 ], [ -102.249242674020223, 18.051162443129932 ], [ -102.250394108921427, 18.051178838062764 ], [ -102.250514443377241, 18.051180551072587 ], [ -102.251016826984213, 18.051086112911936 ], [ -102.252089510592825, 18.050627294533768 ], [ -102.253119527339479, 18.05006627359505 ], [ -102.256853540132056, 18.047906946753351 ], [ -102.258038270976627, 18.047297297720625 ], [ -102.259833046286829, 18.046611636030772 ], [ -102.261212282701365, 18.046241766459666 ], [ -102.265853927375673, 18.045201309141774 ], [ -102.267156939519026, 18.044952223610871 ], [ -102.267943606408139, 18.044885602905996 ], [ -102.270941774655427, 18.045370318158295 ], [ -102.271764317247516, 18.045517388975448 ], [ -102.272075973116301, 18.045592197972692 ], [ -102.272078208969035, 18.045592934549742 ], [ -102.273061143756692, 18.04612830875169 ], [ -102.273810234904104, 18.046677310705793 ], [ -102.275741430893106, 18.048234829707781 ], [ -102.27575654603271, 18.048253459895406 ], [ -102.276056018785113, 18.048576000527923 ], [ -102.276545674803614, 18.04896217668135 ], [ -102.276945710682966, 18.049191315955728 ], [ -102.277010038581395, 18.049223225373588 ], [ -102.277035197578059, 18.04924224401509 ], [ -102.277845473954883, 18.049727754809844 ], [ -102.278290901770305, 18.04988303139131 ], [ -102.278376164639539, 18.049899105013719 ], [ -102.278707790143429, 18.050052579209563 ], [ -102.279126779163647, 18.050200708834108 ], [ -102.279340438666821, 18.050234195621865 ], [ -102.279564528002439, 18.050237351786876 ], [ -102.279918527017074, 18.050242337122899 ], [ -102.280029735722266, 18.050213984319058 ], [ -102.279941461293419, 18.050682463401468 ], [ -102.279061749590056, 18.055351160066465 ], [ -102.268250566478827, 18.112726927995205 ], [ -102.2756698732275, 18.139906912405955 ], [ -102.280317857737643, 18.156934399044058 ], [ -102.249300594543982, 18.250714152317538 ], [ -102.243503022765381, 18.268242934518209 ], [ -102.238132883240326, 18.284503657282368 ], [ -102.236993557647736, 18.287924104609342 ], [ -102.236885895917737, 18.288249616580302 ], [ -102.235556129502967, 18.285620967942705 ], [ -102.235360202246909, 18.285124112461332 ], [ -102.235250063744104, 18.284420504698542 ], [ -102.235249425168519, 18.283897523514501 ], [ -102.235446709853704, 18.282632301945323 ], [ -102.235887806650041, 18.281416265582287 ], [ -102.237578606903824, 18.277016076849872 ], [ -102.238019991263428, 18.275779718452135 ], [ -102.238135195638293, 18.275352221379581 ], [ -102.238389040662881, 18.274410250735162 ], [ -102.238474875051025, 18.273690228222357 ], [ -102.238506388092802, 18.271699591603294 ], [ -102.238467632244664, 18.271125068894197 ], [ -102.238396841959386, 18.270894912531197 ], [ -102.238361446871679, 18.270779834347351 ], [ -102.238255261828442, 18.270434599786441 ], [ -102.23799063237243, 18.270022737875905 ], [ -102.236968073017479, 18.268791182526176 ], [ -102.236638216639861, 18.268469804182917 ], [ -102.236465957165592, 18.268380401403967 ], [ -102.236379827500755, 18.268335699964751 ], [ -102.236121438795337, 18.268201595448161 ], [ -102.235713040429729, 18.268139818100789 ], [ -102.234323959271322, 18.268119727161956 ], [ -102.233908878403483, 18.268144197505599 ], [ -102.233634896300174, 18.268211343197503 ], [ -102.233360914039366, 18.268278488467651 ], [ -102.23299318812775, 18.268445862451564 ], [ -102.231825093776251, 18.26909264604069 ], [ -102.231415003110541, 18.269249244514175 ], [ -102.231042174434847, 18.269291251152882 ], [ -102.230669345684333, 18.269333257039307 ], [ -102.230014212502326, 18.269296675413219 ], [ -102.227702588483638, 18.269041934009191 ], [ -102.227057766382558, 18.269025809066566 ], [ -102.226708990015894, 18.269115562637662 ], [ -102.226360213376438, 18.26920531552279 ], [ -102.226008529903154, 18.269477879416357 ], [ -102.22506488665087, 18.270570335603644 ], [ -102.224771102342771, 18.270879292039417 ], [ -102.224557430640274, 18.271053964011809 ], [ -102.2243437585187, 18.271228635684921 ], [ -102.224027051999244, 18.271418741582039 ], [ -102.222976429511945, 18.271956555462747 ], [ -102.222669866160828, 18.272177281698575 ], [ -102.222479864304233, 18.272423404478417 ], [ -102.222289861887504, 18.27266952699172 ], [ -102.222053561382211, 18.273152008412474 ], [ -102.221330821122621, 18.274911340709505 ], [ -102.221077677615625, 18.275449447054275 ], [ -102.220848383900602, 18.275825363586637 ], [ -102.220619089117221, 18.276201279698036 ], [ -102.220217105489908, 18.276737219449547 ], [ -102.218799755075409, 18.278486431125327 ], [ -102.218430463852911, 18.278972049134389 ], [ -102.218277468146468, 18.279230556287565 ], [ -102.218124471947434, 18.279489063251081 ], [ -102.218056633496531, 18.279742037649779 ], [ -102.218046046886471, 18.280405571156098 ], [ -102.218122297911663, 18.280625088836157 ], [ -102.218305510682683, 18.280805529927427 ], [ -102.218488723831797, 18.280985970890612 ], [ -102.218935939634633, 18.281281998285582 ], [ -102.22065653297183, 18.28230256987873 ], [ -102.221145958407206, 18.282619523989148 ], [ -102.221427648415101, 18.282848801474302 ], [ -102.221709339181658, 18.283078078637896 ], [ -102.222024742849356, 18.283416203156701 ], [ -102.222933250852961, 18.284535561961281 ], [ -102.223243748059588, 18.284848217395623 ], [ -102.223513984520196, 18.285018067989569 ], [ -102.22378422153993, 18.28518791826848 ], [ -102.224245829260099, 18.285360549258058 ], [ -102.225859530129455, 18.285826452835042 ], [ -102.226305598682387, 18.285973457238256 ], [ -102.226773545509346, 18.286193581206103 ], [ -102.226995972044804, 18.286361040242866 ], [ -102.227566017143701, 18.286922391629606 ], [ -102.227724169899702, 18.287119392671265 ], [ -102.22789216913992, 18.28747738019204 ], [ -102.227965587563375, 18.287759415461021 ], [ -102.227974015190796, 18.287791789964189 ], [ -102.228044603839479, 18.288157769686169 ], [ -102.227969391129974, 18.288936816809603 ], [ -102.22769090476443, 18.289841964171856 ], [ -102.227332697829212, 18.290818756129354 ], [ -102.226859053750147, 18.291475569667561 ], [ -102.226600962002308, 18.291878162826762 ], [ -102.226343826237667, 18.292443305881722 ], [ -102.226234581725123, 18.292848060265243 ], [ -102.225981907712367, 18.294171770750985 ], [ -102.226014983271611, 18.294654781379741 ], [ -102.226422015371384, 18.295585120884205 ], [ -102.226970418468824, 18.296431165900593 ], [ -102.229122641395193, 18.299449027479273 ], [ -102.229725362236039, 18.300224745939051 ], [ -102.230385796506283, 18.300826912020053 ], [ -102.230726549169205, 18.300911431396411 ], [ -102.232109738038972, 18.3026901848751 ], [ -102.231997935697123, 18.303028215860234 ], [ -102.229575225908874, 18.310353205327452 ], [ -102.26482494375567, 18.343754430512117 ], [ -102.307779588870432, 18.384456537134394 ], [ -102.325922474961459, 18.401665405040546 ], [ -102.32263604662846, 18.408890856578143 ], [ -102.321406998422361, 18.41159300838267 ], [ -102.320359065426146, 18.413896965235399 ], [ -102.320094449580793, 18.413822956161074 ], [ -102.319674885697211, 18.413814404945413 ], [ -102.319131073905268, 18.413937394662813 ], [ -102.318140863312351, 18.414356798389097 ], [ -102.317618264933245, 18.414542438346899 ], [ -102.317157116349961, 18.414654445307374 ], [ -102.316695967316093, 18.414766451068751 ], [ -102.315900997811482, 18.414900827665335 ], [ -102.313113434354477, 18.415303882740162 ], [ -102.312323781854019, 18.415438318948937 ], [ -102.311875043003809, 18.415550488036086 ], [ -102.311426303710078, 18.415662655985443 ], [ -102.310933844467684, 18.415848702982366 ], [ -102.309533174897993, 18.416492580909875 ], [ -102.309120120348723, 18.416705145406137 ], [ -102.308856663654907, 18.416879193514124 ], [ -102.308593206457132, 18.417053241185098 ], [ -102.308253526728123, 18.417337956606527 ], [ -102.307195262510135, 18.418318529278565 ], [ -102.306919579597349, 18.418593990524553 ], [ -102.306805455058537, 18.418746449315375 ], [ -102.306691330308979, 18.418898908009464 ], [ -102.306640943466149, 18.419059043589602 ], [ -102.306634054548041, 18.419501425699618 ], [ -102.30666910877693, 18.419642455563547 ], [ -102.306754346569022, 18.41975033417966 ], [ -102.306839584463489, 18.419858212770045 ], [ -102.307048067245205, 18.420025407334606 ], [ -102.307850514275046, 18.420589889820459 ], [ -102.308123001331424, 18.420747832168477 ], [ -102.308357579481765, 18.420834123720368 ], [ -102.308592157901288, 18.420920415011384 ], [ -102.308989894504251, 18.421009019196916 ], [ -102.310376844615419, 18.421249917323955 ], [ -102.310801580167862, 18.421313502953232 ], [ -102.311099153256237, 18.421341422964566 ], [ -102.311396726505905, 18.421369342521061 ], [ -102.311822199812724, 18.421385527675056 ], [ -102.316711340643565, 18.421916753275298 ], [ -102.313205240698508, 18.429625168817022 ], [ -102.30885206049868, 18.439195951862079 ], [ -102.292709716203973, 18.47468606896982 ], [ -102.283320927823681, 18.49532800257208 ], [ -102.292086277673775, 18.543367181977615 ], [ -102.296771437448712, 18.568890650244899 ], [ -102.316976225012127, 18.571202954475226 ], [ -102.364351382600887, 18.576741496930648 ], [ -102.37989194354364, 18.568151791443615 ], [ -102.395575006542771, 18.559821613860684 ], [ -102.454280736569515, 18.527655592938824 ], [ -102.469670742769068, 18.519233193187585 ], [ -102.482796803612786, 18.512106816757314 ], [ -102.486159447776046, 18.510349846723063 ], [ -102.489864765953911, 18.508433178675848 ], [ -102.490828197319672, 18.511008996674995 ], [ -102.492031215104461, 18.514225369914943 ], [ -102.495937708813429, 18.524669722431074 ], [ -102.49686039907337, 18.527136615521414 ], [ -102.497693519541514, 18.529364035941335 ], [ -102.498066168261616, 18.53036034487906 ], [ -102.498021388655857, 18.530983251848482 ], [ -102.498009146481763, 18.531824121749285 ], [ -102.497976294777075, 18.534080361518185 ], [ -102.497972103749845, 18.534368175953215 ], [ -102.498013492099062, 18.535183226962623 ], [ -102.498243685448642, 18.536442744574874 ], [ -102.498531147061684, 18.53742700434281 ], [ -102.499642461517112, 18.540760697481247 ], [ -102.49999975062498, 18.541705240613528 ], [ -102.500277758295155, 18.542242328614474 ], [ -102.500555767540845, 18.542779416383691 ], [ -102.500992787911159, 18.543369409731273 ], [ -102.502476212820014, 18.545048531645872 ], [ -102.502878185785832, 18.545485655980286 ], [ -102.50307440191915, 18.54566605427387 ], [ -102.503270618467084, 18.545846452408846 ], [ -102.503429262038026, 18.545924751982806 ], [ -102.503666155543698, 18.545927885282325 ], [ -102.50386904398367, 18.545874840527546 ], [ -102.504053978057811, 18.54636927794548 ], [ -102.504292184585111, 18.547006143925085 ], [ -102.504898595938641, 18.548627437703544 ], [ -102.505717121633566, 18.550815837721114 ], [ -102.509119505116686, 18.559912407468886 ], [ -102.513553162213569, 18.571766177398008 ], [ -102.528925560392949, 18.612865628098628 ], [ -102.534309917646425, 18.627261178025975 ], [ -102.537800436882918, 18.636593386416973 ], [ -102.538402145890558, 18.638202108062586 ], [ -102.538003242813076, 18.638260201470075 ], [ -102.537706381954095, 18.638273923238625 ], [ -102.536805152795608, 18.638490421937135 ], [ -102.53436716152062, 18.639482114407116 ], [ -102.533523333399955, 18.640100976849141 ], [ -102.530588895006971, 18.642385745363963 ], [ -102.529802547328075, 18.643081545040918 ], [ -102.529434977006431, 18.643562709505744 ], [ -102.529067404529528, 18.644043872987904 ], [ -102.528803551575663, 18.644722830433007 ], [ -102.528307375919439, 18.646928970964595 ], [ -102.528209280048799, 18.647569466586187 ], [ -102.528209450504562, 18.64757294114391 ], [ -102.528209206503064, 18.647574545720545 ], [ -102.528247268044652, 18.648381089351339 ], [ -102.528399812604007, 18.648887719896273 ], [ -102.529148726995786, 18.650586651855313 ], [ -102.519691002088365, 18.658896046669444 ], [ -102.502523819932293, 18.673978838332058 ], [ -102.538332292688906, 18.70978730922775 ], [ -102.538710930231716, 18.710470754103863 ], [ -102.535929986024925, 18.711378876675532 ], [ -102.463656413236123, 18.734979948076134 ], [ -102.369270120771489, 18.765801969760393 ], [ -102.310353910940179, 18.824496473136147 ], [ -102.290648113669974, 18.844333997930416 ], [ -102.237847959457028, 18.847280120481347 ], [ -102.217952097558481, 18.829311018281317 ], [ -102.193754909558052, 18.80745714000501 ], [ -102.171973736303372, 18.81185531600584 ], [ -102.152010978929113, 18.815886307328821 ], [ -102.143312091943244, 18.817642835112149 ], [ -102.139663646377784, 18.818379549592063 ], [ -102.136895400593559, 18.818938529222322 ], [ -102.135040244276823, 18.819313132734013 ], [ -102.134836662003238, 18.819031194051799 ], [ -102.133823770014203, 18.817257814908135 ], [ -102.133503515901921, 18.817063283879477 ], [ -102.13323502877688, 18.81706592604338 ], [ -102.13304411271811, 18.817108269273831 ], [ -102.132612468565455, 18.81720400270936 ], [ -102.132302341500221, 18.817272784422588 ], [ -102.131984143959215, 18.817376234301889 ], [ -102.131431909381931, 18.817652143905924 ], [ -102.130961199363242, 18.817942849909187 ], [ -102.129396119560724, 18.818971415324384 ], [ -102.128830643760665, 18.819175202934147 ], [ -102.127537564682953, 18.819107875527582 ], [ -102.126420117156414, 18.818748682740718 ], [ -102.122498491091605, 18.817139738243501 ], [ -102.121420382922409, 18.816664315711829 ], [ -102.120310791383631, 18.816054662603815 ], [ -102.119803765083191, 18.815659155844568 ], [ -102.118547239747954, 18.814423110385881 ], [ -102.118210491841239, 18.814050547084289 ], [ -102.118053004141586, 18.813799257260563 ], [ -102.117895516875336, 18.813547967360364 ], [ -102.117782299622078, 18.813202559972442 ], [ -102.117568927425779, 18.81209323874775 ], [ -102.117562344566451, 18.811749480100872 ], [ -102.117653669898772, 18.811502037137512 ], [ -102.117744994916535, 18.811254594087838 ], [ -102.11801250588411, 18.810891372254599 ], [ -102.119078231396557, 18.809691218239895 ], [ -102.119452368617971, 18.809329641206162 ], [ -102.11979249674738, 18.809086040434263 ], [ -102.120132623935092, 18.808842438904293 ], [ -102.12073027953366, 18.808508011572613 ], [ -102.122839071209484, 18.807434538093037 ], [ -102.12343689006677, 18.807089945921941 ], [ -102.123777411523861, 18.806822642080139 ], [ -102.124117931932275, 18.806555337465031 ], [ -102.124493030329205, 18.80613620431944 ], [ -102.125562438746798, 18.804714854673122 ], [ -102.125789111101838, 18.804242643056117 ], [ -102.125783314703185, 18.803851493415809 ], [ -102.125777518198177, 18.803460343764602 ], [ -102.125534287071545, 18.802814985268746 ], [ -102.124410817625304, 18.800585609611737 ], [ -102.124140851609411, 18.799944916783247 ], [ -102.124072657770142, 18.79956465567717 ], [ -102.124004464115558, 18.799184394573611 ], [ -102.124079588888634, 18.798738627148925 ], [ -102.124566552781772, 18.797418899882189 ], [ -102.124694469222163, 18.797004417817377 ], [ -102.124749461483077, 18.796697157340049 ], [ -102.124804453464137, 18.796389896810965 ], [ -102.124833657724508, 18.795926491844156 ], [ -102.124859959150911, 18.794378456287269 ], [ -102.12499209244001, 18.793820141856123 ], [ -102.125287252070564, 18.793291425521701 ], [ -102.125582409679652, 18.792762708446997 ], [ -102.126293580549913, 18.791810400636905 ], [ -102.129021996736427, 18.788423698963545 ], [ -102.129860898985385, 18.787483495071758 ], [ -102.130454161441691, 18.786983052007241 ], [ -102.131047420445583, 18.786482606562501 ], [ -102.131903553066095, 18.785992970140683 ], [ -102.134712302554334, 18.784708865217311 ], [ -102.135549762037542, 18.784376364171806 ], [ -102.136099470457992, 18.784242594239647 ], [ -102.136649178230996, 18.784108822568843 ], [ -102.137382315713083, 18.784059122404159 ], [ -102.139704212509471, 18.784094716645608 ], [ -102.14041328338638, 18.784207156116185 ], [ -102.140906833237281, 18.784451725699242 ], [ -102.141400384655512, 18.784696294159517 ], [ -102.142101461528682, 18.785282623789801 ], [ -102.144386085232341, 18.787529681020484 ], [ -102.145161819021354, 18.788117143905559 ], [ -102.14582953593073, 18.788364366692811 ], [ -102.14649725508994, 18.788611587340899 ], [ -102.14762928458012, 18.7887304687181 ], [ -102.151576656456669, 18.788790759699829 ], [ -102.152709549201063, 18.788858835815994 ], [ -102.153379276077658, 18.788987558241647 ], [ -102.154049004310764, 18.78911627839376 ], [ -102.154829619932116, 18.789415980664973 ], [ -102.157133055146815, 18.790557139342287 ], [ -102.157837683662464, 18.790936933886908 ], [ -102.158330090286356, 18.791252548489894 ], [ -102.158822498852714, 18.791568162025076 ], [ -102.159524750079299, 18.792090122099712 ], [ -102.161817133071821, 18.793894696848351 ], [ -102.162498419053207, 18.794396013519243 ], [ -102.162941880659687, 18.794663471112411 ], [ -102.163385343761689, 18.794930927828275 ], [ -102.163971091244122, 18.79519377477402 ], [ -102.165817661696607, 18.795885471744988 ], [ -102.166391904124922, 18.796198925601349 ], [ -102.166808513990759, 18.796584473916347 ], [ -102.167225125765256, 18.796970021535863 ], [ -102.167841202691491, 18.797758133435522 ], [ -102.169883042294941, 18.80066488626013 ], [ -102.170446337635227, 18.801421718223239 ], [ -102.170739754276994, 18.801734287055858 ], [ -102.171033171987759, 18.802046855559666 ], [ -102.171308207767837, 18.802183077567356 ], [ -102.172004871407992, 18.802193642156851 ], [ -102.172239971603446, 18.802166733541096 ], [ -102.172440206669336, 18.802098665094647 ], [ -102.172640441601033, 18.802030596411313 ], [ -102.172977440916057, 18.801863023078631 ], [ -102.174149629703507, 18.801217146681022 ], [ -102.17450778291321, 18.80106004844443 ], [ -102.174757381788936, 18.801016426448353 ], [ -102.175006980582495, 18.800972804100727 ], [ -102.175361967598178, 18.801005267662273 ], [ -102.176519378789365, 18.80124400537083 ], [ -102.176880291826265, 18.80124100363588 ], [ -102.177407138026837, 18.800988260906589 ], [ -102.177798860940854, 18.800630201300155 ], [ -102.179100042355003, 18.799211992862379 ], [ -102.179471785702063, 18.798772364310317 ], [ -102.179688602277238, 18.798455671996496 ], [ -102.179905417990383, 18.798138979314469 ], [ -102.180153149758354, 18.797673772570381 ], [ -102.180875592184123, 18.796136190773723 ], [ -102.18107558845179, 18.795655024049257 ], [ -102.181181029292418, 18.795301093938519 ], [ -102.181286469593019, 18.794947163698527 ], [ -102.181387732471194, 18.794417101538329 ], [ -102.181649407835465, 18.79265133795321 ], [ -102.181814812346701, 18.792112086140843 ], [ -102.182069920116746, 18.791736713757423 ], [ -102.182325026683813, 18.791361340863208 ], [ -102.182888497867935, 18.790828097820768 ], [ -102.185007792736442, 18.789090358540548 ], [ -102.185549585391243, 18.788577094176361 ], [ -102.185754133160913, 18.788248355857228 ], [ -102.185958680075345, 18.787919617199428 ], [ -102.186001310879163, 18.787493630418265 ], [ -102.185791163135761, 18.786163169923292 ], [ -102.185806546741929, 18.785772324769166 ], [ -102.185947514818494, 18.785525582862817 ], [ -102.186088482447119, 18.785278840790333 ], [ -102.186475863108797, 18.784964708000842 ], [ -102.188001694860745, 18.783992230335222 ], [ -102.188527509360085, 18.783690335691254 ], [ -102.188991498243141, 18.783472157263088 ], [ -102.18945548605474, 18.783253977519156 ], [ -102.190255351788352, 18.782932501559195 ], [ -102.193060066130585, 18.781868613298457 ], [ -102.193864325926626, 18.781603054788221 ], [ -102.194338583875933, 18.781515375726425 ], [ -102.194812841500394, 18.781427695393315 ], [ -102.1953636060082, 18.781442742344883 ], [ -102.196985329651937, 18.781688315738879 ], [ -102.197469602395202, 18.781854727184196 ], [ -102.197788709007327, 18.782120237655874 ], [ -102.198107816639947, 18.782385747705213 ], [ -102.198535279999518, 18.7829779374404 ], [ -102.199891912327161, 18.785210466595114 ], [ -102.200351375596071, 18.785803133615612 ], [ -102.200745131301517, 18.786069759993527 ], [ -102.20113888830771, 18.786336385694472 ], [ -102.201804441976392, 18.786505506117514 ], [ -102.204122849963369, 18.786761467365476 ], [ -102.204752012921475, 18.78687416376458 ], [ -102.20506085285578, 18.787009149563442 ], [ -102.205369693341041, 18.787144134912875 ], [ -102.205622930703356, 18.787417113088232 ], [ -102.206187027000865, 18.788421040616928 ], [ -102.20633821779451, 18.788738201440271 ], [ -102.206408946426208, 18.788976279875637 ], [ -102.206479675212961, 18.78921435830468 ], [ -102.206530566113585, 18.789577421624816 ], [ -102.206626599270223, 18.790795560263913 ], [ -102.206726394998967, 18.791103486707048 ], [ -102.206911235262424, 18.791212912314791 ], [ -102.20709607578128, 18.79132233776912 ], [ -102.207524395348472, 18.791327054879122 ], [ -102.209153537505685, 18.791130208421492 ], [ -102.209685079763304, 18.791019647153817 ], [ -102.210110774006139, 18.790860097794717 ], [ -102.210536467562818, 18.790700547356654 ], [ -102.21122119184804, 18.790355250681426 ], [ -102.213565165654344, 18.789062947801224 ], [ -102.21425970544999, 18.788768575179205 ], [ -102.215156937261099, 18.788687157277209 ], [ -102.215744160252683, 18.78886521964456 ], [ -102.217587315786318, 18.789777588399147 ], [ -102.217936518636179, 18.789967936031644 ], [ -102.218332962994026, 18.790267262024241 ], [ -102.220626055916298, 18.792071192205178 ], [ -102.221287048131032, 18.792521220099864 ], [ -102.22207855698413, 18.792817431745984 ], [ -102.222548288587745, 18.792790563945825 ], [ -102.223948855197889, 18.792368964112661 ], [ -102.224377265879809, 18.792260211912723 ], [ -102.224975952335328, 18.792174307211955 ], [ -102.225402808434453, 18.792160338470509 ], [ -102.226796118421206, 18.792181050628734 ], [ -102.227190320224395, 18.792207224976565 ], [ -102.227636617959263, 18.792308665465502 ], [ -102.227879984463726, 18.792427406563494 ], [ -102.228569399028217, 18.792880090534595 ], [ -102.228813764785855, 18.792937896589052 ], [ -102.229039242941141, 18.792846435815203 ], [ -102.229264720884117, 18.792754974736329 ], [ -102.231079601663055, 18.791129521733772 ], [ -102.231544591262235, 18.790740252509426 ], [ -102.231922060344488, 18.790485125845802 ], [ -102.232299528341215, 18.790229998264998 ], [ -102.235676337310835, 18.788527196984912 ], [ -102.236151382379859, 18.788392017869853 ], [ -102.236626426845376, 18.788256837444766 ], [ -102.238491273800392, 18.788065473814104 ], [ -102.239654153135817, 18.787972064669763 ], [ -102.240407944067712, 18.787966281247417 ], [ -102.241599878802091, 18.788126116379217 ], [ -102.242548854229213, 18.788360234475988 ], [ -102.245785495536992, 18.789292923518961 ], [ -102.246955933997114, 18.789682662692027 ], [ -102.249181328820995, 18.790568773489998 ], [ -102.25119004020921, 18.791444896356065 ], [ -102.254764381749254, 18.793046091862919 ], [ -102.258338798511318, 18.794647227202365 ], [ -102.260215225960238, 18.795465448277259 ], [ -102.261822954517186, 18.796081621051446 ], [ -102.262243265298267, 18.796143660174589 ], [ -102.262596978119078, 18.795817010328086 ], [ -102.262689672500386, 18.795691390741865 ], [ -102.262729103340661, 18.795561603544343 ], [ -102.262768534107593, 18.795431816329181 ], [ -102.262788499196517, 18.795186615368291 ], [ -102.262802807697568, 18.794301918615766 ], [ -102.262764533554758, 18.794030467334501 ], [ -102.262571613345102, 18.793648391436026 ], [ -102.262334287772788, 18.79337401982481 ], [ -102.261419694049707, 18.792475692912191 ], [ -102.261187128485076, 18.792236944318166 ], [ -102.261016410616747, 18.792021113082207 ], [ -102.261013712487866, 18.79200452483764 ], [ -102.261064587603727, 18.792009968796538 ], [ -102.261296812599468, 18.792013377170662 ], [ -102.261351988960527, 18.792009107773598 ], [ -102.261377253615223, 18.791985775718832 ], [ -102.261358169623676, 18.791956713622252 ], [ -102.261267805837036, 18.791867956068348 ], [ -102.261808754308674, 18.792088048001535 ], [ -102.262443986970496, 18.792380109357733 ], [ -102.264864489820297, 18.793521738656448 ], [ -102.265442233383567, 18.793741839523765 ], [ -102.265717845094827, 18.793627363969609 ], [ -102.265533831717605, 18.793243727884221 ], [ -102.264399503940979, 18.791567899364786 ], [ -102.264105335546219, 18.791070905400549 ], [ -102.263866865571487, 18.790427431302792 ], [ -102.263820361295586, 18.790005176784533 ], [ -102.26384180930576, 18.788678129737313 ], [ -102.263869208634375, 18.78830267137247 ], [ -102.263922416820506, 18.788090125416389 ], [ -102.263975624837542, 18.787877579423842 ], [ -102.264100248540203, 18.787645763492211 ], [ -102.264575407671899, 18.786989046803395 ], [ -102.264753017124377, 18.786778323541675 ], [ -102.264929860548705, 18.786614994645262 ], [ -102.265106703632796, 18.786451665535136 ], [ -102.26543436018774, 18.786195734095077 ], [ -102.266609731356979, 18.785328040427011 ], [ -102.266932134046755, 18.785066949689138 ], [ -102.267096724693261, 18.784891587401159 ], [ -102.267261314993291, 18.784716224921603 ], [ -102.267409171243145, 18.784476280714571 ], [ -102.267769984740582, 18.783707265603578 ], [ -102.26793850970607, 18.78350825692775 ], [ -102.268151328868797, 18.783428411069597 ], [ -102.268364147859316, 18.78334856494239 ], [ -102.268803677739342, 18.783319441488874 ], [ -102.27042918092566, 18.783343216108431 ], [ -102.270917267127047, 18.783279243076088 ], [ -102.27124338219447, 18.783118089176735 ], [ -102.271569496698746, 18.782956934625663 ], [ -102.272013165440271, 18.782560467006512 ], [ -102.273431375551795, 18.78103258616062 ], [ -102.273929002646909, 18.780596267024585 ], [ -102.274381034486268, 18.780342132881138 ], [ -102.274833065067185, 18.780087997463635 ], [ -102.275626955903675, 18.779798215474912 ], [ -102.278427706682962, 18.778954144452136 ], [ -102.279183534354075, 18.778709504388612 ], [ -102.279546763345735, 18.778560726384864 ], [ -102.279909991778936, 18.778411947590705 ], [ -102.280191961482387, 18.778231508928545 ], [ -102.280781361735833, 18.777687019116552 ], [ -102.280924877849301, 18.777494404340882 ], [ -102.280965049723264, 18.77731721547406 ], [ -102.281005221488428, 18.777140026584963 ], [ -102.280976482315126, 18.776826387555367 ], [ -102.28076202391091, 18.775717116555931 ], [ -102.280530371142731, 18.775420839773592 ], [ -102.280097077251952, 18.775284162126443 ], [ -102.279663784186098, 18.775147483559451 ], [ -102.27865745651566, 18.775053247133403 ], [ -102.274827856896252, 18.7748867884291 ], [ -102.273670955853333, 18.774871595889877 ], [ -102.272886314293643, 18.77491939716737 ], [ -102.272101672750281, 18.774967195087441 ], [ -102.271016738839776, 18.775118958410051 ], [ -102.267522987000248, 18.77573155449749 ], [ -102.266465441141435, 18.775837978180466 ], [ -102.265744715678423, 18.775780020973553 ], [ -102.265023991096712, 18.775722061043876 ], [ -102.264022326356937, 18.775450042462872 ], [ -102.260789369674569, 18.774296515471612 ], [ -102.259862851503399, 18.773995103268845 ], [ -102.259317439411106, 18.773868585904747 ], [ -102.258772028345177, 18.773742067048193 ], [ -102.258140225062249, 18.773682000726815 ], [ -102.256282632349922, 18.773654719886036 ], [ -102.255734813094335, 18.773677146027861 ], [ -102.255385363417844, 18.773743119212799 ], [ -102.255035913557393, 18.773809091707808 ], [ -102.254585304193384, 18.773975159754389 ], [ -102.25318135469449, 18.774618192699908 ], [ -102.252752066341174, 18.774784569446325 ], [ -102.252452371035176, 18.774851268649901 ], [ -102.252152675557056, 18.774917967341285 ], [ -102.251725691993343, 18.77494215910583 ], [ -102.250332494326642, 18.774921651063426 ], [ -102.249954397674728, 18.774890687899077 ], [ -102.249768770552663, 18.774828697563269 ], [ -102.249583143589462, 18.774766707059737 ], [ -102.249430877277035, 18.774620555297112 ], [ -102.249091556105938, 18.77406249476601 ], [ -102.249004253006149, 18.77385634990436 ], [ -102.24897020576617, 18.773654375602362 ], [ -102.248936158574367, 18.773452401300698 ], [ -102.248926183698643, 18.773081476736831 ], [ -102.248947727497367, 18.771754443912865 ], [ -102.249050444887928, 18.771339466791844 ], [ -102.249279346832054, 18.771034703036893 ], [ -102.249508247914036, 18.770729938886785 ], [ -102.250059532914236, 18.770274160249944 ], [ -102.252174373180807, 18.76875670450886 ], [ -102.25280093613955, 18.768261390143863 ], [ -102.253205505949879, 18.767864392501551 ], [ -102.253610073855029, 18.76746739372448 ], [ -102.2541394214511, 18.766828427953637 ], [ -102.255800549923663, 18.764640574280435 ], [ -102.25623524037816, 18.763918943402025 ], [ -102.256418966375463, 18.763329070877585 ], [ -102.256602690828913, 18.762739197975915 ], [ -102.256692931462069, 18.761775479327216 ], [ -102.256746600886061, 18.758457871171782 ], [ -102.25679484732693, 18.757452901963472 ], [ -102.256880590286372, 18.756766778167005 ], [ -102.256966332165533, 18.756080654197969 ], [ -102.257163062757925, 18.755125269118935 ], [ -102.257909635575814, 18.752039049132783 ], [ -102.25822788542807, 18.751151473228553 ], [ -102.258597190803371, 18.750623574261976 ], [ -102.258966493748972, 18.750095674244726 ], [ -102.259703397453308, 18.749474963683678 ], [ -102.262403644995317, 18.747634087485014 ], [ -102.263155124734297, 18.747099920399595 ], [ -102.263558469599189, 18.746773982085003 ], [ -102.263961812947073, 18.746448042691373 ], [ -102.264362747201787, 18.746050958066878 ], [ -102.265427079827489, 18.744849771881416 ], [ -102.26568580869575, 18.744343940564008 ], [ -102.265757347213608, 18.743764262962376 ], [ -102.265828884967689, 18.743184585239252 ], [ -102.265774551920458, 18.742034195116798 ], [ -102.265377926401115, 18.737825063495279 ], [ -102.26521633926005, 18.73671373912547 ], [ -102.265037614410559, 18.736225214697082 ], [ -102.264858890417045, 18.735736690206526 ], [ -102.264509836422889, 18.735452229960931 ], [ -102.263238368414619, 18.735101793031525 ], [ -102.262844224104228, 18.734969046787857 ], [ -102.262560286471654, 18.734834526175558 ], [ -102.262276349335153, 18.734700005187573 ], [ -102.26185924448265, 18.734448406266942 ], [ -102.260480638124719, 18.733543315401754 ], [ -102.260025656722618, 18.733326712796782 ], [ -102.259653332173997, 18.733273854182734 ], [ -102.259281007959601, 18.733220994856215 ], [ -102.258672204161599, 18.733286570913471 ], [ -102.2565757634693, 18.733698297104269 ], [ -102.255998773097517, 18.733774488965821 ], [ -102.255700684820184, 18.733746414090572 ], [ -102.255402596707938, 18.733718338752332 ], [ -102.255127907216107, 18.733561933581299 ], [ -102.254442202203307, 18.732888192990746 ], [ -102.254214744418235, 18.732778192397696 ], [ -102.254026860334292, 18.732858395056006 ], [ -102.253838976093974, 18.732938597502031 ], [ -102.253529620640379, 18.733277747869092 ], [ -102.252461719187991, 18.73470003977874 ], [ -102.2521612096822, 18.735151058855099 ], [ -102.251993976713464, 18.735492293176211 ], [ -102.251826742995959, 18.735833527250399 ], [ -102.251649443289239, 18.736357463341353 ], [ -102.251156505482285, 18.738120028871908 ], [ -102.25103807676598, 18.738629591387458 ], [ -102.251008215705212, 18.738937288687936 ], [ -102.250978354457899, 18.739244985960816 ], [ -102.25101146639777, 18.739614558712038 ], [ -102.251225712645976, 18.740723837043191 ], [ -102.251259482730475, 18.741052786136013 ], [ -102.251231155842362, 18.741265694841822 ], [ -102.251202828845962, 18.741478603529949 ], [ -102.251088124237071, 18.741757964892162 ], [ -102.250609486915621, 18.742635832723732 ], [ -102.250516100750417, 18.742915506908727 ], [ -102.250537520017815, 18.743129146678633 ], [ -102.250558939301513, 18.743342786448704 ], [ -102.250713524159167, 18.743673511634249 ], [ -102.251392086577468, 18.744789615420064 ], [ -102.251568159257957, 18.745110497691563 ], [ -102.251639711895976, 18.745301171528119 ], [ -102.251711264668586, 18.745491845354454 ], [ -102.251739627804014, 18.745715745535747 ], [ -102.251728883091602, 18.746379265378273 ], [ -102.251618660342942, 18.746601128668921 ], [ -102.251366846041435, 18.746787049479813 ], [ -102.251115031206595, 18.74697296987711 ], [ -102.250505782313098, 18.747282306463731 ], [ -102.248166235208515, 18.748354016833346 ], [ -102.24756730804836, 18.748683811122792 ], [ -102.247339592456953, 18.74891748576999 ], [ -102.247111876231244, 18.749151160053792 ], [ -102.247060188083225, 18.749489008946323 ], [ -102.247274411184279, 18.750598289061735 ], [ -102.247382468026643, 18.750948648341598 ], [ -102.247527488849414, 18.751211513226977 ], [ -102.247672510080449, 18.751474378050901 ], [ -102.247978799906804, 18.751875060945085 ], [ -102.249118120041544, 18.753219181973265 ], [ -102.249413919989848, 18.753609550514625 ], [ -102.249534454689723, 18.753848351361277 ], [ -102.249654989692857, 18.754087152168246 ], [ -102.249703574011022, 18.754379071966316 ], [ -102.249689229902785, 18.75526376274286 ], [ -102.249636781870691, 18.755538958454185 ], [ -102.249521575216008, 18.75573873634259 ], [ -102.249406368266349, 18.755938514121311 ], [ -102.249129653369636, 18.756234111796491 ], [ -102.248068724084135, 18.757214007542263 ], [ -102.247739028835156, 18.757488505917895 ], [ -102.247500207988566, 18.757639056331758 ], [ -102.247261386741684, 18.757789606383497 ], [ -102.246908736546601, 18.757945251508716 ], [ -102.245740675676174, 18.758370490935139 ], [ -102.245328479621691, 18.758581125732537 ], [ -102.24457295901388, 18.759138851337003 ], [ -102.243905836825832, 18.759724965734247 ], [ -102.241548086814532, 18.761902419831792 ], [ -102.241191614015875, 18.762189496738898 ], [ -102.240154585012661, 18.762490209173372 ], [ -102.238898323966168, 18.762560334628244 ], [ -102.238213966151861, 18.762331736376318 ], [ -102.237725255223936, 18.762219544076626 ], [ -102.236830478062259, 18.762158909472443 ], [ -102.236040935405768, 18.762184479061538 ], [ -102.233251179388844, 18.762364415182702 ], [ -102.232363530879752, 18.762520572760796 ], [ -102.231010922578889, 18.763069391135634 ], [ -102.229966268254387, 18.763697257726097 ], [ -102.226443770363119, 18.766078441639046 ], [ -102.225429570951164, 18.766798153938076 ], [ -102.224824380817822, 18.767286913171176 ], [ -102.224219187268261, 18.767775669967268 ], [ -102.223504269311888, 18.76845241181978 ], [ -102.22137834390314, 18.770633011075688 ], [ -102.220718376617654, 18.771208975866202 ], [ -102.220241431517309, 18.7714626027159 ], [ -102.219764485107021, 18.771716228155114 ], [ -102.219061753262736, 18.771864909608716 ], [ -102.216736232060398, 18.772051489520042 ], [ -102.21606631717701, 18.772149857900363 ], [ -102.215265568237342, 18.772422346145277 ], [ -102.214791555141403, 18.772713247607818 ], [ -102.213380233606287, 18.773798293840645 ], [ -102.212884388949789, 18.774119337971083 ], [ -102.212072515977411, 18.774490967797746 ], [ -102.212027146511673, 18.774511735228586 ], [ -102.211981777036002, 18.77453250264691 ], [ -102.211188175826464, 18.774801691949175 ], [ -102.208387304155153, 18.775644719247335 ], [ -102.207583868978091, 18.775862954855974 ], [ -102.207286364640552, 18.775917981657532 ], [ -102.206635389356052, 18.776038385093024 ], [ -102.206083855037733, 18.776070765873662 ], [ -102.204458510146964, 18.776046440467901 ], [ -102.20399310930091, 18.776029314551653 ], [ -102.203446582416859, 18.775973726634795 ], [ -102.203131230609586, 18.775911441790193 ], [ -102.20220611730241, 18.775676365456658 ], [ -102.201923423153033, 18.775573936100169 ], [ -102.201529295893835, 18.775331010936913 ], [ -102.201248951463143, 18.77508640439979 ], [ -102.200334809852961, 18.774187830810146 ], [ -102.199958681567551, 18.773931628815728 ], [ -102.199538117383085, 18.773783111346201 ], [ -102.19911755405434, 18.773634593022372 ], [ -102.198292072413153, 18.773466455766819 ], [ -102.195280964843889, 18.772978824952329 ], [ -102.194418765536383, 18.772774567187433 ], [ -102.193912514711513, 18.772541794365594 ], [ -102.193406265431037, 18.772309020346306 ], [ -102.192822036565119, 18.771848213136323 ], [ -102.191108152176483, 18.770163322221325 ], [ -102.190674711110205, 18.769613356199276 ], [ -102.19052028097127, 18.769172551084214 ], [ -102.190365851489787, 18.768731745928203 ], [ -102.190358061919312, 18.768022269239985 ], [ -102.190630560850352, 18.765592987199881 ], [ -102.190628687973856, 18.764848046559283 ], [ -102.190488072810368, 18.764324493337831 ], [ -102.190347458298547, 18.763800940098402 ], [ -102.189947577595646, 18.763050014029602 ], [ -102.188362721727984, 18.760592794016191 ], [ -102.187850160704002, 18.759885880202059 ], [ -102.187446601338323, 18.759465026625744 ], [ -102.187043043953508, 18.759044172422762 ], [ -102.186402580877584, 18.758548645841838 ], [ -102.184220889252899, 18.757077885171643 ], [ -102.183557266490936, 18.756693738032148 ], [ -102.183099647852089, 18.756532780615935 ], [ -102.182642030223093, 18.756371822189347 ], [ -102.181998170618982, 18.756296089411066 ], [ -102.17990872880732, 18.756264573935589 ], [ -102.179307007108818, 18.756219941322986 ], [ -102.178947709789526, 18.75613156290855 ], [ -102.178588412938652, 18.756043183850966 ], [ -102.178163572004166, 18.755835306693996 ], [ -102.176899581624042, 18.755041968040544 ], [ -102.176560535057561, 18.75480491013181 ], [ -102.176401417994128, 18.754648446411174 ], [ -102.176242301223368, 18.754491982591258 ], [ -102.176126727405375, 18.754282001545917 ], [ -102.175905616894013, 18.753615017737392 ], [ -102.175881754508595, 18.753340396493968 ], [ -102.175936630242148, 18.75303310548302 ], [ -102.17599150569815, 18.752725814420895 ], [ -102.176172154148958, 18.752122460952698 ], [ -102.176905415906361, 18.749921390085969 ], [ -102.177064736904128, 18.749317712840028 ], [ -102.177069861863828, 18.749009669797406 ], [ -102.177074986723753, 18.748701626743312 ], [ -102.176930309898125, 18.748425181216817 ], [ -102.176244905097107, 18.747751187099752 ], [ -102.17607789667953, 18.747535350744403 ], [ -102.17603091117472, 18.747368730197827 ], [ -102.175983925740269, 18.747202109648981 ], [ -102.176016689478658, 18.746941887358144 ], [ -102.176263555759675, 18.746060757321114 ], [ -102.176296656537332, 18.745780224343825 ], [ -102.176250459567783, 18.74556621263876 ], [ -102.176204262677373, 18.74535220093334 ], [ -102.176039171307252, 18.745021271858487 ], [ -102.175361143573326, 18.743904958735367 ], [ -102.175196731006423, 18.743533408253434 ], [ -102.175152113113555, 18.743224614117661 ], [ -102.175107495303195, 18.7429158199837 ], [ -102.175144427385902, 18.74240510151035 ], [ -102.175406007711516, 18.740639336064671 ], [ -102.175437185324185, 18.740153924904163 ], [ -102.17537914545828, 18.739904182002508 ], [ -102.175321105712641, 18.7396544390995 ], [ -102.175124100844442, 18.739426299032218 ], [ -102.174320827502399, 18.73886112950559 ], [ -102.174014865937238, 18.738773551763909 ], [ -102.173702590439078, 18.738851788906459 ], [ -102.173390314723264, 18.738930025488393 ], [ -102.172804058271296, 18.739241135700635 ], [ -102.170692728213922, 18.740536493826987 ], [ -102.170068561814148, 18.740882572887351 ], [ -102.169667847289375, 18.741042419529371 ], [ -102.169267132111926, 18.741202265209548 ], [ -102.168746400525691, 18.741312890223618 ], [ -102.167117750017894, 18.741509441375172 ], [ -102.16667214099121, 18.741590724952612 ], [ -102.166446712228449, 18.741682115303675 ], [ -102.166221283255041, 18.741773505349734 ], [ -102.16602280968263, 18.74195333734842 ], [ -102.165547455572693, 18.742609772631489 ], [ -102.165380958560917, 18.742790088385568 ], [ -102.165230143654782, 18.742882607927655 ], [ -102.165079328594359, 18.742975127325384 ], [ -102.164814925778728, 18.74305915273424 ], [ -102.163882675319655, 18.743266229708901 ], [ -102.163602197662513, 18.743355088347638 ], [ -102.163413875370736, 18.743458888031267 ], [ -102.163225552866692, 18.743562687493476 ], [ -102.162967966209209, 18.743770399078425 ], [ -102.162142535967561, 18.744532118356314 ], [ -102.161870381143146, 18.744973234399922 ], [ -102.161648069136973, 18.745621646573518 ], [ -102.161425755106649, 18.746270058218112 ], [ -102.161062724666976, 18.747681546702708 ], [ -102.159813152319046, 18.752971657497557 ], [ -102.159388989938947, 18.754529496261021 ], [ -102.159024090948094, 18.755519403468092 ], [ -102.158659186952477, 18.756509309305798 ], [ -102.158040773111878, 18.757779773868137 ], [ -102.155884589993235, 18.761728774682151 ], [ -102.155226045424342, 18.762846249029582 ], [ -102.154767563918497, 18.763479199658903 ], [ -102.15430907880345, 18.764112148670108 ], [ -102.153657674485189, 18.764803102864182 ], [ -102.151534733359853, 18.766761641222704 ], [ -102.150959640187921, 18.767352170743305 ], [ -102.150679240532725, 18.76775081276147 ], [ -102.15039883948107, 18.768149454168181 ], [ -102.150172790800767, 18.768697902533905 ], [ -102.149678693298938, 18.770460044501565 ], [ -102.149512042685927, 18.770963688568781 ], [ -102.149370243491944, 18.771257787845347 ], [ -102.149228443746111, 18.771551886940646 ], [ -102.148989953175516, 18.771888526145155 ], [ -102.148160591430937, 18.77287130809805 ], [ -102.147869645497451, 18.773156356368286 ], [ -102.147605455172254, 18.773330079236626 ], [ -102.147341264333164, 18.773503801655902 ], [ -102.146877379994237, 18.773715103184333 ], [ -102.145240962385699, 18.774353723049593 ], [ -102.144751190736756, 18.77451891387361 ], [ -102.144426602121413, 18.774585053637807 ], [ -102.144102013331178, 18.774651192802907 ], [ -102.143664389382195, 18.774674972194507 ], [ -102.142271323255315, 18.774653658924073 ], [ -102.14190393973405, 18.774622642522775 ], [ -102.141743244107943, 18.774560930612044 ], [ -102.141582548616071, 18.774499218578065 ], [ -102.141490801888907, 18.774353915636201 ], [ -102.141384041556165, 18.773799259486829 ], [ -102.141399420705952, 18.773625123699862 ], [ -102.141488685317753, 18.773496134892774 ], [ -102.141577949785301, 18.773367146023308 ], [ -102.141817611768943, 18.773172741952362 ], [ -102.142757501450674, 18.772523497300604 ], [ -102.143068426912407, 18.772213369630588 ], [ -102.143323975982682, 18.771814362092247 ], [ -102.143579523761261, 18.771415354028719 ], [ -102.14399873374559, 18.770585458667298 ], [ -102.145443917437802, 18.767510618953583 ], [ -102.145884769891083, 18.766660732417318 ], [ -102.146190850473857, 18.766215088949359 ], [ -102.146496929346711, 18.765769444746613 ], [ -102.146930592715563, 18.765346063508606 ], [ -102.148342189150611, 18.764261565843565 ], [ -102.148731493809606, 18.763939078355357 ], [ -102.148934078090846, 18.763728860178752 ], [ -102.149136661862983, 18.763518641711286 ], [ -102.149326169382789, 18.763240506048323 ], [ -102.149805367681012, 18.762362975780484 ], [ -102.149931421771782, 18.762053398409069 ], [ -102.14998595031129, 18.761769816904501 ], [ -102.150040478601042, 18.761486235352248 ], [ -102.15007022009938, 18.760985579873537 ], [ -102.150099955517817, 18.7592163505816 ], [ -102.150130036779601, 18.758695384876997 ], [ -102.150185359469774, 18.758364412954663 ], [ -102.150240681851528, 18.758033440976991 ], [ -102.150368664667056, 18.757608772423971 ], [ -102.150855268077976, 18.756288928397421 ], [ -102.151025205600988, 18.755905529072741 ], [ -102.151031486742184, 18.755895908826059 ], [ -102.151331648267288, 18.755436177276081 ], [ -102.151599485939911, 18.755149073828417 ], [ -102.152542947652989, 18.754278606271317 ], [ -102.152810610956735, 18.754001655585157 ], [ -102.153116249548972, 18.753579689889502 ], [ -102.153285212946727, 18.753253832658338 ], [ -102.153768066859868, 18.752155130380672 ], [ -102.153884579665331, 18.751777685385715 ], [ -102.153945455984299, 18.751114978942567 ], [ -102.153915909817343, 18.750545700571603 ], [ -102.153869903083773, 18.750084163487585 ], [ -102.153932225320716, 18.749573071494016 ], [ -102.153986719165573, 18.748972906515501 ], [ -102.153971782511391, 18.748380149277537 ], [ -102.153895951326163, 18.748133518281321 ], [ -102.153557010483553, 18.747575330671051 ], [ -102.15343666785715, 18.747439756117352 ], [ -102.153214008668854, 18.747365262542754 ], [ -102.153016266548235, 18.747394417564102 ], [ -102.152316128187579, 18.747604966314025 ], [ -102.152025307754528, 18.747779988368091 ], [ -102.151368282099199, 18.748386209137085 ], [ -102.150720490368116, 18.749077214663778 ], [ -102.148487760528425, 18.751548130123169 ], [ -102.145601266842633, 18.753800282257107 ], [ -102.144728317641025, 18.754562311788014 ], [ -102.143713436389746, 18.75573185622093 ], [ -102.143136556180053, 18.756640606574518 ], [ -102.141459297971295, 18.759711887084038 ], [ -102.14089287908476, 18.760630944763815 ], [ -102.139926880942838, 18.761848610453242 ], [ -102.139113301362045, 18.76266907344997 ], [ -102.136282550785737, 18.765280205798121 ], [ -102.135501948417371, 18.766040209216531 ], [ -102.135095942924593, 18.766508000257392 ], [ -102.13468993512754, 18.766975790094996 ], [ -102.134310522141035, 18.767552333429926 ], [ -102.133351933836167, 18.769307286261913 ], [ -102.133043094102689, 18.769808727707524 ], [ -102.132801768221441, 18.770101283410735 ], [ -102.132560441477338, 18.770393838682406 ], [ -102.132179777873333, 18.770728269880312 ], [ -102.130885993684061, 18.771703832165553 ], [ -102.130496038723535, 18.7719568566467 ], [ -102.130233040093984, 18.772059469020007 ], [ -102.129970041190845, 18.77216208097887 ], [ -102.129608571981976, 18.772202234330447 ], [ -102.128447714665043, 18.772184388944758 ], [ -102.128101978707093, 18.772240017409793 ], [ -102.12787568948508, 18.772378741805284 ], [ -102.127649399915711, 18.772517465874824 ], [ -102.12734859380349, 18.772858192371505 ], [ -102.126397402144178, 18.774170797442004 ], [ -102.126107423683067, 18.774501530423546 ], [ -102.12590640764094, 18.774616940117177 ], [ -102.125705391344866, 18.774732349556206 ], [ -102.125421038939621, 18.77473135834531 ], [ -102.124496095947521, 18.774495911600354 ], [ -102.124238827713015, 18.77446994212529 ], [ -102.124101005631957, 18.774527071263936 ], [ -102.123963183469968, 18.774584200287958 ], [ -102.123826673829782, 18.774773395879986 ], [ -102.123465271037986, 18.775542050033014 ], [ -102.123322825903472, 18.775766704603736 ], [ -102.123295742057294, 18.775791680895946 ], [ -102.123133799169651, 18.775941021792693 ], [ -102.123019486371689, 18.776046438787318 ], [ -102.122728589186025, 18.776221404161756 ], [ -102.12167440544367, 18.776758171265946 ], [ -102.12133475409243, 18.776978090876696 ], [ -102.120803900019396, 18.777467618287041 ], [ -102.120570902217594, 18.777734389281367 ], [ -102.120311563236044, 18.777921622695484 ], [ -102.119780703267594, 18.77841114635654 ], [ -102.119488381166775, 18.778773995418685 ], [ -102.118655065552772, 18.779977765254106 ], [ -102.118411420423115, 18.780275987641119 ], [ -102.117952019818134, 18.780662693477506 ], [ -102.117551941588914, 18.780881671725329 ], [ -102.11626553300519, 18.781414816754555 ], [ -102.11590878855489, 18.781593830950815 ], [ -102.115719591033425, 18.781744961089423 ], [ -102.115530393182183, 18.781896090988536 ], [ -102.11534657290251, 18.782148877293309 ], [ -102.114867137785765, 18.783026286062217 ], [ -102.114729302130087, 18.783396591727715 ], [ -102.11464740441437, 18.783821934417542 ], [ -102.114565506133815, 18.784247276999267 ], [ -102.114469346770179, 18.785092235965422 ], [ -102.114184389075177, 18.788184691143869 ], [ -102.114060962144407, 18.789064778161805 ], [ -102.113915449730953, 18.789572087593186 ], [ -102.11376993623584, 18.790079396769833 ], [ -102.113477611669182, 18.79064876454364 ], [ -102.11240444535278, 18.792291190561858 ], [ -102.11186792358852, 18.792795831366689 ], [ -102.111152627457443, 18.793152114111862 ], [ -102.110437328605471, 18.793508393694289 ], [ -102.108930139524531, 18.794021689341132 ], [ -102.10332713796366, 18.795704402807072 ], [ -102.101730765009449, 18.7961299136938 ], [ -102.100807421898395, 18.79628146805987 ], [ -102.099884077790023, 18.796433017624 ], [ -102.098842332045805, 18.796440519951659 ], [ -102.095827551718358, 18.796172409700411 ], [ -102.094994157970163, 18.796157741052721 ], [ -102.094119756393482, 18.796357423795911 ], [ -102.09370400323337, 18.796657355692851 ], [ -102.092638214890712, 18.797857352774706 ], [ -102.092376272427202, 18.798205385451833 ], [ -102.092219671456306, 18.798629545733348 ], [ -102.092257899258968, 18.798887456763509 ], [ -102.092592898810352, 18.799666881297163 ], [ -102.092807142997358, 18.799922457288616 ], [ -102.093471950143538, 18.800335719678028 ], [ -102.094207432679212, 18.800670516525535 ], [ -102.096974901135567, 18.801819618648263 ], [ -102.097757944492002, 18.802180536339289 ], [ -102.098201299566, 18.80244813691473 ], [ -102.098644656138646, 18.802715736617188 ], [ -102.099128342545157, 18.803119392361392 ], [ -102.100498843715684, 18.804467916571813 ], [ -102.100919085495519, 18.804840110537498 ], [ -102.101214392960813, 18.805034302966526 ], [ -102.101509701141623, 18.805228495015054 ], [ -102.101933195283564, 18.805411135905988 ], [ -102.103318889331746, 18.80587507085864 ], [ -102.103754267713285, 18.805986791863191 ], [ -102.104077300998782, 18.806015509166926 ], [ -102.104400334476438, 18.806044225924921 ], [ -102.104887908019549, 18.806014553275617 ], [ -102.106517182957234, 18.805818639209644 ], [ -102.106999164310864, 18.805804110036441 ], [ -102.107309150737521, 18.805868169801975 ], [ -102.107619137472142, 18.805932229082629 ], [ -102.108022832860769, 18.806129785895322 ], [ -102.109286778415409, 18.806923595542386 ], [ -102.109603786373199, 18.807201063825183 ], [ -102.109711495201154, 18.807451587115402 ], [ -102.10981920430298, 18.807702110380315 ], [ -102.109809935164975, 18.808140423215587 ], [ -102.109551256483812, 18.809684835881253 ], [ -102.109445843938516, 18.810131815222867 ], [ -102.109329222422645, 18.81040256096356 ], [ -102.109212600479339, 18.810673306574202 ], [ -102.108984807905159, 18.810999886090279 ], [ -102.108155014343893, 18.811982429709644 ], [ -102.107854312149883, 18.812206303551154 ], [ -102.107567573471357, 18.812237405256148 ], [ -102.107280834751663, 18.812268506505195 ], [ -102.106762285046926, 18.812133493399717 ], [ -102.104915874508023, 18.811441220481324 ], [ -102.104397504030985, 18.811296046821496 ], [ -102.104111172923353, 18.811303449380162 ], [ -102.103824841855797, 18.81131085149503 ], [ -102.103525122125447, 18.811477175335504 ], [ -102.102699087625339, 18.812238546795875 ], [ -102.102450244698346, 18.812547860611001 ], [ -102.10228263016289, 18.812888908368645 ], [ -102.102115014870392, 18.813229955873489 ], [ -102.101884957012473, 18.813895063772577 ], [ -102.101146569614428, 18.81631680214689 ], [ -102.100953127594479, 18.81702310617295 ], [ -102.100870964024637, 18.817460281553725 ], [ -102.100788799866606, 18.817897456823186 ], [ -102.100747489268358, 18.818440225488551 ], [ -102.100719033826564, 18.820098795342986 ], [ -102.100727450453078, 18.820540765307584 ], [ -102.100795185403697, 18.820944722160927 ], [ -102.100880000310823, 18.821167218868613 ], [ -102.096961849964359, 18.820197423918763 ], [ -102.079966639455279, 18.815990880558765 ], [ -102.062009636395715, 18.814080732547083 ], [ -102.059789805676488, 18.812398101352002 ], [ -102.056796997593977, 18.81059024670002 ], [ -102.055081946826178, 18.809994344711331 ], [ -102.053788373468521, 18.80969401190956 ], [ -102.051778699474212, 18.808872234920102 ], [ -102.050848460379115, 18.808121659211089 ], [ -102.051796220300304, 18.808136649157387 ], [ -102.052166754182863, 18.807546606952396 ], [ -102.050457612113064, 18.807158423588426 ], [ -102.049865408744495, 18.806869161304792 ], [ -102.049165462440016, 18.806235098186345 ], [ -102.04882660897961, 18.805552575957602 ], [ -102.048489148952427, 18.804247089189285 ], [ -102.048261981275772, 18.803683708595877 ], [ -102.046396148837545, 18.801956754608298 ], [ -102.04459005556447, 18.800068215186009 ], [ -102.043026459665768, 18.798409226333156 ], [ -102.041507437710294, 18.796913452255875 ], [ -102.039624853051379, 18.796152255797566 ], [ -102.037867539678913, 18.795275658131814 ], [ -102.03661565921422, 18.795309947310791 ], [ -102.036214007865269, 18.794969503842186 ], [ -102.036107567090127, 18.794010769067643 ], [ -102.037187439351897, 18.793513285630461 ], [ -102.037957892620867, 18.79336300302343 ], [ -102.038898768100395, 18.793766174781279 ], [ -102.039356807292336, 18.793592869800293 ], [ -102.040574867351609, 18.792781552093977 ], [ -102.041582390252842, 18.792625985369671 ], [ -102.043063744608631, 18.792477923469594 ], [ -102.043378823060323, 18.791805759810078 ], [ -102.04259969047061, 18.791910784993533 ], [ -102.04159816715196, 18.79172336047198 ], [ -102.041138399080694, 18.791995960707776 ], [ -102.040967004293805, 18.790413211632941 ], [ -102.040278833555433, 18.789111186205702 ], [ -102.038722019283185, 18.790323422268557 ], [ -102.039538581469927, 18.790787817148903 ], [ -102.039355215831094, 18.791516235279502 ], [ -102.037153652783189, 18.791652832392391 ], [ -102.035799454717335, 18.791577149889171 ], [ -102.035286958380595, 18.789988982420489 ], [ -102.033898296162178, 18.791880997121638 ], [ -102.033425418475588, 18.791819306469286 ], [ -102.033001489230756, 18.792209827831609 ], [ -102.032512785707084, 18.793050752243268 ], [ -102.031722228172129, 18.792742976349352 ], [ -102.023639895360148, 18.786243227025754 ], [ -102.014795835540724, 18.77913090275425 ], [ -102.014961017705048, 18.778859246546212 ], [ -102.014988539412244, 18.778813984629018 ], [ -102.015103199687303, 18.778459703201513 ], [ -102.015129296449004, 18.778241170713223 ], [ -102.015161294781507, 18.777973217594937 ], [ -102.015171005313974, 18.777870642559261 ], [ -102.015201195802106, 18.777033203096781 ], [ -102.015259636714674, 18.77371630361041 ], [ -102.015329392792765, 18.772783008052041 ], [ -102.015475080040758, 18.772216564785719 ], [ -102.015596133637445, 18.771745895154293 ], [ -102.01559648512746, 18.771744528517441 ], [ -102.015908288958926, 18.7711942813586 ], [ -102.017096270097696, 18.769664934851768 ], [ -102.017412768933326, 18.769150307286989 ], [ -102.017557281814419, 18.768714185990532 ], [ -102.017701793795823, 18.768278064461207 ], [ -102.017798188278221, 18.767546631368113 ], [ -102.017959000056891, 18.765005519472378 ], [ -102.017926941044365, 18.76430250524583 ], [ -102.017616528396857, 18.763562884821209 ], [ -102.017205142405516, 18.763209297874919 ], [ -102.015595763711758, 18.762298838981643 ], [ -102.015086754147703, 18.762040176896022 ], [ -102.014320745403239, 18.761743551385077 ], [ -102.01373545649777, 18.761578462314716 ], [ -102.012570475492524, 18.761297612799304 ], [ -102.012437092587888, 18.761239464719328 ], [ -102.012437086259169, 18.761239463008238 ], [ -102.012437084555486, 18.761239462547614 ], [ -102.012437084082777, 18.761239462419809 ], [ -102.012437082271177, 18.76123946193001 ], [ -102.011589521037791, 18.761010304793675 ], [ -102.011384620239085, 18.761008866487128 ], [ -102.011257753827735, 18.761037219964127 ], [ -102.011257748534462, 18.761037221942019 ], [ -102.010916919812246, 18.76116457653146 ], [ -102.010776167083293, 18.761368069503376 ], [ -102.010736307979172, 18.761490653773457 ], [ -102.010736194722767, 18.76149100208637 ], [ -102.010714750381197, 18.762707195270298 ], [ -102.010740252666508, 18.763074934058668 ], [ -102.010827245796975, 18.763384565524941 ], [ -102.010297764623274, 18.763281031744327 ], [ -102.009336676747878, 18.763500390513286 ], [ -102.008626071394048, 18.763489012794942 ], [ -102.008823687922884, 18.76303172073991 ], [ -102.009757222148352, 18.762225066666748 ], [ -102.008497490565645, 18.761645128397362 ], [ -102.006474934176197, 18.761865530360701 ], [ -102.006316399128238, 18.762792929774673 ], [ -102.005736487708674, 18.765040769890994 ], [ -102.005417349057737, 18.765938507216553 ], [ -102.003041181143914, 18.765250343646763 ], [ -102.002408329567416, 18.764057453471356 ], [ -102.001899773587922, 18.762803357387504 ], [ -102.001741623224589, 18.761563913121954 ], [ -102.002531622570729, 18.76083625150639 ], [ -102.003145365445064, 18.75935639119384 ], [ -102.002169018225146, 18.759367813983353 ], [ -102.002000014459597, 18.758742134703905 ], [ -102.002543983101859, 18.757992466404907 ], [ -102.002943407558774, 18.755768828243927 ], [ -102.003002292002094, 18.754045324353722 ], [ -102.001691324829721, 18.752615847717223 ], [ -102.00094227606138, 18.7515655505753 ], [ -102.000440297500973, 18.749941391810182 ], [ -101.999873223610763, 18.749586138591994 ], [ -101.999903716134199, 18.749090034221464 ], [ -101.999837221011759, 18.747826170457518 ], [ -101.999457063338497, 18.743064551322419 ], [ -101.999385776635052, 18.741770141000483 ], [ -101.999432601665632, 18.740508941767494 ], [ -101.99944390434554, 18.740450426983035 ], [ -101.999572382310234, 18.739958499093841 ], [ -102.00012103075575, 18.738858112314528 ], [ -102.000452167707437, 18.73860204150051 ], [ -102.001162995253125, 18.738293508675778 ], [ -102.00384969179467, 18.737341222558673 ], [ -102.004656785595387, 18.737013903796768 ], [ -102.005736537959024, 18.736438724007563 ], [ -102.006471946354992, 18.735944357709961 ], [ -102.008824075822318, 18.73421247698219 ], [ -102.009500046192329, 18.733762850760737 ], [ -102.009901259140946, 18.73357967368149 ], [ -102.010302471324607, 18.733396495616461 ], [ -102.010772825258599, 18.733322758810615 ], [ -102.012165388198866, 18.733345004982354 ], [ -102.012569654086505, 18.733392087771868 ], [ -102.012816659327967, 18.73349082745916 ], [ -102.013063664898411, 18.733589566858988 ], [ -102.013365129170154, 18.733824597449452 ], [ -102.014277956678256, 18.734723926547574 ], [ -102.014579067657834, 18.734979263292043 ], [ -102.014825243588803, 18.735125385256726 ], [ -102.015071419974575, 18.735271506954028 ], [ -102.015473669410156, 18.735433660818249 ], [ -102.016858485465818, 18.735898130233455 ], [ -102.017261452102474, 18.736019665342472 ], [ -102.017509296979696, 18.73607101513845 ], [ -102.017757142055075, 18.736122364626151 ], [ -102.018062303470586, 18.73614754303826 ], [ -102.018990700169965, 18.736162340971426 ], [ -102.019248526745983, 18.736151214671064 ], [ -102.019385923448354, 18.736117855653504 ], [ -102.019523320111119, 18.736084496527251 ], [ -102.019658055361333, 18.736000311401167 ], [ -102.020012025770441, 18.735674165359054 ], [ -102.020094363511447, 18.735538361594354 ], [ -102.020109500079258, 18.735384559423355 ], [ -102.020124636598439, 18.73523075724513 ], [ -102.020085546295462, 18.734927126275473 ], [ -102.019872852950542, 18.733817786136058 ], [ -102.019691402059237, 18.733425555324267 ], [ -102.019374363737882, 18.733065019897928 ], [ -102.019057326729822, 18.73270448410889 ], [ -102.01833295978939, 18.732066611471552 ], [ -102.015586698199272, 18.729810925965687 ], [ -102.014852056827593, 18.729152565573621 ], [ -102.014169950548037, 18.728335920212388 ], [ -102.013930150549015, 18.72782764607685 ], [ -102.013493189944484, 18.726272346388228 ], [ -102.013482323867407, 18.726166364480836 ], [ -102.013788914297706, 18.725336599331587 ], [ -102.014055908913647, 18.725187791802373 ], [ -102.015441323535327, 18.724705299007137 ], [ -102.018228386488019, 18.724528678613673 ], [ -102.019007883285923, 18.724453071500378 ], [ -102.019247381896832, 18.724403388847456 ], [ -102.019310837877455, 18.724400342113267 ], [ -102.019910117052447, 18.724267691664469 ], [ -102.020289687608866, 18.724101071167734 ], [ -102.021461733142246, 18.72345615530676 ], [ -102.021793967850769, 18.723253229475759 ], [ -102.021983161647071, 18.723102196248039 ], [ -102.022172355115231, 18.722951162779861 ], [ -102.022380673784909, 18.722722565090976 ], [ -102.022974437714268, 18.72195784152634 ], [ -102.023129825995781, 18.721708087367059 ], [ -102.0231955182512, 18.72150769022462 ], [ -102.023261210318736, 18.721307293033842 ], [ -102.02329351416337, 18.720984484001267 ], [ -102.023312880749216, 18.719878836209041 ], [ -102.023164910535414, 18.719502376705233 ], [ -102.022455020433753, 18.718851212369504 ], [ -102.021588866558645, 18.718297434373227 ], [ -102.018256751484842, 18.716364272730392 ], [ -102.017385208493735, 18.715815470873949 ], [ -102.016650076730357, 18.715187585727175 ], [ -102.016471426950929, 18.714839411545007 ], [ -102.016372856550774, 18.713842485169796 ], [ -102.016396319271834, 18.713517844924496 ], [ -102.016604381311183, 18.71299978321445 ], [ -102.016878149012385, 18.712584334810991 ], [ -102.017141214139485, 18.712234890730446 ], [ -102.017747582085505, 18.711429410589862 ], [ -102.017947659068938, 18.711163632226601 ], [ -102.018306490242779, 18.710759692128335 ], [ -102.018911535124687, 18.710295344781056 ], [ -102.019417054082425, 18.710035930976503 ], [ -102.021171091479644, 18.709289670725617 ], [ -102.021682377256013, 18.709004949856361 ], [ -102.022287261393032, 18.708447483594263 ], [ -102.02231434566491, 18.70842252235899 ], [ -102.022705870970498, 18.707875204325056 ], [ -102.023901005003665, 18.705903475481101 ], [ -102.024223522805784, 18.705339821261354 ], [ -102.024378505976728, 18.705010495944048 ], [ -102.024533488468492, 18.704681170404772 ], [ -102.024653780193546, 18.704303895439935 ], [ -102.024905174949922, 18.703201929784687 ], [ -102.025084336439221, 18.702810354021878 ], [ -102.025669028096431, 18.702084965105158 ], [ -102.026325136948103, 18.701440268665291 ], [ -102.028802249515664, 18.699157049931848 ], [ -102.029371464851465, 18.698739869871051 ], [ -102.03001014480833, 18.698515443736227 ], [ -102.031068485909827, 18.698435726326288 ], [ -102.034781298809932, 18.698494518439013 ], [ -102.035833517971071, 18.698460382644946 ], [ -102.037031051585927, 18.698242329764401 ], [ -102.037689592738658, 18.697964964294048 ], [ -102.039565239033507, 18.696888636415711 ], [ -102.040266040017201, 18.696632242055067 ], [ -102.040963425752693, 18.696572157319409 ], [ -102.0416608113877, 18.696512069915872 ], [ -102.042952544684951, 18.696596784847724 ], [ -102.047585889803102, 18.697112232496913 ], [ -102.048807759900413, 18.697231356368835 ], [ -102.049342104067421, 18.697251620828379 ], [ -102.049876448593295, 18.697271883779429 ], [ -102.050181274027295, 18.697210662342886 ], [ -102.050535102333882, 18.69688443803263 ], [ -102.050628225597478, 18.696738627878307 ], [ -102.050668599390505, 18.696561516586417 ], [ -102.050708973072673, 18.69638440527131 ], [ -102.050731203312765, 18.696024183166241 ], [ -102.050754196054427, 18.694697369208917 ], [ -102.050713021455707, 18.694305678355203 ], [ -102.050497882416281, 18.693804601734264 ], [ -102.050231716316205, 18.693480468630248 ], [ -102.049204753618596, 18.692468921701984 ], [ -102.048862949628784, 18.692204538040176 ], [ -102.048294820688426, 18.691982296076073 ], [ -102.047825011374698, 18.691929190660833 ], [ -102.046200697414505, 18.6919035997607 ], [ -102.045585019142621, 18.691964994593796 ], [ -102.044336164167845, 18.69227709778346 ], [ -102.043167760361371, 18.692661559590864 ], [ -102.038964029331012, 18.694143553340165 ], [ -102.037822861537364, 18.694492859874607 ], [ -102.037262020516764, 18.694566942140483 ], [ -102.036701179258657, 18.694641022657152 ], [ -102.036239947743653, 18.694503382838139 ], [ -102.035209222869668, 18.69371290247317 ], [ -102.034848490704846, 18.693312771540338 ], [ -102.034522143106699, 18.692774373996201 ], [ -102.034195797402717, 18.692235976142992 ], [ -102.033624114898188, 18.691097827657007 ], [ -102.031609005098431, 18.686863258487353 ], [ -102.03102705319688, 18.68570462969069 ], [ -102.030676695315378, 18.685118449687852 ], [ -102.030326339640837, 18.684532269333289 ], [ -102.0299072683069, 18.684016097807991 ], [ -102.028652321305358, 18.682779654915318 ], [ -102.028251378687983, 18.682446590485565 ], [ -102.027943314352001, 18.68228766311541 ], [ -102.027635250646711, 18.682128735316123 ], [ -102.027156009714403, 18.68200772052203 ], [ -102.025535682667183, 18.681760832907987 ], [ -102.025033185579346, 18.681751168658483 ], [ -102.024670853597186, 18.681852066065577 ], [ -102.024308521283388, 18.681952962710653 ], [ -102.0237757819813, 18.682250903800739 ], [ -102.022014316158689, 18.683439491129494 ], [ -102.021555616559837, 18.683769070966097 ], [ -102.021366057220817, 18.683943802854763 ], [ -102.02117649749411, 18.684118534494388 ], [ -102.021093599717958, 18.684288189391026 ], [ -102.021085863304918, 18.684730449304041 ], [ -102.021157365489429, 18.684907635650461 ], [ -102.021328072461316, 18.685099940434338 ], [ -102.021498779809889, 18.685292245112951 ], [ -102.021915013826387, 18.685664500282211 ], [ -102.023516039741281, 18.687017075603801 ], [ -102.023963713909325, 18.687420296704765 ], [ -102.024207766672845, 18.68768486125435 ], [ -102.024451820181639, 18.687949425585025 ], [ -102.024701439696756, 18.68830210338578 ], [ -102.025378227628821, 18.6894188039699 ], [ -102.02552023868563, 18.689830714133688 ], [ -102.025513201251883, 18.690233487945104 ], [ -102.02550616363861, 18.690636261736707 ], [ -102.025344043304685, 18.691375133557678 ], [ -102.024601539663664, 18.694017650371823 ], [ -102.024327265407308, 18.694769974707832 ], [ -102.024058551686707, 18.695204141391617 ], [ -102.023789836482081, 18.695638307481094 ], [ -102.023296355153462, 18.696126457748356 ], [ -102.021530857491172, 18.697536148297914 ], [ -102.021017831371083, 18.697922412938251 ], [ -102.020703527431706, 18.69811885772339 ], [ -102.020389222811644, 18.698315301875741 ], [ -102.020004238023517, 18.698490307859981 ], [ -102.018836249600838, 18.698914110122271 ], [ -102.018489890215847, 18.699013551777789 ], [ -102.01826571399873, 18.699033683444171 ], [ -102.018041537769335, 18.699053814834482 ], [ -102.017747394110287, 18.699011892049192 ], [ -102.016823078131381, 18.698775987439685 ], [ -102.016536310599449, 18.698617378183357 ], [ -102.016329343793785, 18.698365243396072 ], [ -102.016122377580103, 18.698113108459651 ], [ -102.015817813268299, 18.69755133250122 ], [ -102.014810458016711, 18.695433980031215 ], [ -102.014454408087474, 18.694769815815881 ], [ -102.014127297158808, 18.694278776020603 ], [ -102.013800187990384, 18.693787735895249 ], [ -102.013221639755741, 18.693048928109484 ], [ -102.011175998603179, 18.690583230282954 ], [ -102.010647111492091, 18.689748720594476 ], [ -102.010435845715278, 18.689034384647652 ], [ -102.010224581288611, 18.688320048663787 ], [ -102.0101498495344, 18.687113599145995 ], [ -102.010223616353287, 18.682912172105464 ], [ -102.010184477200184, 18.681802778248006 ], [ -102.010056275440647, 18.681314906751751 ], [ -102.009928074214599, 18.680827035248775 ], [ -102.009600924843795, 18.680542510216195 ], [ -102.008330633401187, 18.68019046495376 ], [ -102.007962364537534, 18.680123649625692 ], [ -102.007738214269324, 18.680143772023943 ], [ -102.007514063989106, 18.680163894146393 ], [ -102.007241902862191, 18.680288201843641 ], [ -102.006420115190423, 18.680828057930064 ], [ -102.00621425883223, 18.681121006944181 ], [ -102.006144822311683, 18.681534627862153 ], [ -102.006075385302125, 18.681948248691342 ], [ -102.00608285099959, 18.68283707383268 ], [ -102.006256563700788, 18.68615768282551 ], [ -102.006285514508377, 18.687036694271505 ], [ -102.00626621084885, 18.687427416529779 ], [ -102.006246906962431, 18.687818138759614 ], [ -102.006162802620324, 18.688055476546314 ], [ -102.005808922967063, 18.688381607937597 ], [ -102.005695711387119, 18.688455974362672 ], [ -102.005608491267452, 18.688466430559238 ], [ -102.005521271143238, 18.688476886713651 ], [ -102.00538528252622, 18.688432395070453 ], [ -102.004925110063482, 18.688203854569018 ], [ -102.004686328469532, 18.6879444309834 ], [ -102.004359258490481, 18.687453379591712 ], [ -102.004032190270323, 18.686962327871154 ], [ -102.003336495401044, 18.685818746003214 ], [ -102.000744126807177, 18.681464122983467 ], [ -101.999944615901725, 18.680166524171767 ], [ -101.999375241781081, 18.679316110177492 ], [ -101.998805872964724, 18.678465695185199 ], [ -101.997978607578872, 18.677333537987455 ], [ -101.995256832070666, 18.673750954193245 ], [ -101.994506556447291, 18.67278760342429 ], [ -101.994116769414831, 18.672331083948176 ], [ -101.993726984410017, 18.671874563936214 ], [ -101.993363580035876, 18.671533573755887 ], [ -101.99244726467245, 18.670855324914353 ], [ -101.992136504143218, 18.670550724739694 ], [ -101.991602601770154, 18.669807507666267 ], [ -101.991150646800023, 18.669050368987012 ], [ -101.989575451608331, 18.666260268725232 ], [ -101.989174894983037, 18.665610595448904 ], [ -101.988880798146766, 18.665368890928303 ], [ -101.988861213918483, 18.665673272409155 ], [ -101.98905643967727, 18.667274102358899 ], [ -101.989063918065312, 18.667335424104738 ], [ -101.989281731172809, 18.668075267270144 ], [ -101.990095496254185, 18.669865716102336 ], [ -101.991040218697563, 18.671683655125225 ], [ -101.994635302848948, 18.678376902392539 ], [ -101.995631499477156, 18.680302297803657 ], [ -101.996158343832931, 18.68144827314228 ], [ -101.996685194323817, 18.682594247876118 ], [ -101.997194264684978, 18.683943068598737 ], [ -101.998516246442733, 18.687945615449298 ], [ -101.998918928623596, 18.688982955458766 ], [ -101.999197515500285, 18.689402142512428 ], [ -101.999476103655383, 18.689821329328133 ], [ -101.999869383065104, 18.689981665892855 ], [ -102.001147508831806, 18.689891524487816 ], [ -102.001736558692784, 18.690131163811785 ], [ -102.00320734526268, 18.691339622158683 ], [ -102.004719439845374, 18.692826345877791 ], [ -102.0103053079077, 18.698555865815354 ], [ -102.011809614435663, 18.70018969432784 ], [ -102.013243635716677, 18.702084774392169 ], [ -102.013787912063449, 18.703158209550146 ], [ -102.014893848495049, 18.706272496643535 ], [ -102.015180553815611, 18.707143769649687 ], [ -102.015412556743982, 18.708095424323684 ], [ -102.01545728224032, 18.708583658081668 ], [ -102.015433995999274, 18.709910427485951 ], [ -102.01539489927022, 18.71031607186428 ], [ -102.01531531704552, 18.710599190721123 ], [ -102.015235734488115, 18.710882309499723 ], [ -102.015047452380657, 18.711285575791266 ], [ -102.014327960672603, 18.712601244984764 ], [ -102.014015612775623, 18.713088863148197 ], [ -102.013646549042335, 18.713568804883625 ], [ -102.013277483125492, 18.714048745578268 ], [ -102.012535354949847, 18.714932385222934 ], [ -102.009810161602203, 18.718096123710325 ], [ -102.009036563292014, 18.71894877214935 ], [ -102.008594127475035, 18.719356431604854 ], [ -102.008151689542629, 18.719764089700906 ], [ -102.007661187805738, 18.720076183006242 ], [ -102.006257052903848, 18.720717296853543 ], [ -102.005783335322519, 18.720983948136823 ], [ -102.005380063604505, 18.721285580434188 ], [ -102.004976790504017, 18.721587211652576 ], [ -102.004298298368141, 18.72218236390782 ], [ -102.001938513369893, 18.724356456713387 ], [ -102.001175104200215, 18.724929921260532 ], [ -102.000573725808692, 18.72518096898321 ], [ -101.999972345878135, 18.725432014515448 ], [ -101.999017532353562, 18.7255758249959 ], [ -101.995764499318227, 18.725744817696974 ], [ -101.994789447950737, 18.725827341832776 ], [ -101.993492238726034, 18.726043490952886 ], [ -101.992614132713015, 18.726269751921919 ], [ -101.989036177203772, 18.727362720375513 ], [ -101.988209304995863, 18.727704890042482 ], [ -101.987805384274878, 18.727940450813364 ], [ -101.986747289374549, 18.728697562780482 ], [ -101.986460409716926, 18.728945161338711 ], [ -101.986320073794843, 18.729144337451654 ], [ -101.986179737523187, 18.729343513409194 ], [ -101.986065657166975, 18.729664989597744 ], [ -101.98581395258671, 18.730766859565158 ], [ -101.985711067803692, 18.731058046315287 ], [ -101.985596856787083, 18.731186547289944 ], [ -101.985482645593123, 18.731315048168906 ], [ -101.985259213151735, 18.731391006769403 ], [ -101.984444950826799, 18.731488476381617 ], [ -101.984216640138399, 18.731538963919455 ], [ -101.984091046414306, 18.731608034415146 ], [ -101.983965452596607, 18.731677104811567 ], [ -101.983834923823451, 18.731823961552731 ], [ -101.983476975813574, 18.732371151730046 ], [ -101.983383114415716, 18.732554146768798 ], [ -101.983303043848338, 18.732860934018632 ], [ -101.983282518810526, 18.733116206532181 ], [ -101.983266805559509, 18.734000691004695 ], [ -101.983324855797918, 18.734333403840065 ], [ -101.983611471860456, 18.735001579225337 ], [ -101.983906210564371, 18.735523132472949 ], [ -101.983942686293901, 18.735693043381996 ], [ -101.984095997420582, 18.736264275621885 ], [ -101.98438261879167, 18.736932450591716 ], [ -101.984638767042, 18.73731575386029 ], [ -101.98549520057469, 18.738371823473226 ], [ -101.985580982061649, 18.738851091291142 ], [ -101.985284778119009, 18.739424036746087 ], [ -101.98467340405071, 18.74003372314251 ], [ -101.982084954006595, 18.741982627946864 ], [ -101.981420632287183, 18.742571133609811 ], [ -101.980908946042419, 18.743368614350025 ], [ -101.980848562125161, 18.743767185143266 ], [ -101.979785602700559, 18.743675784575142 ], [ -101.978129599214853, 18.743810512378801 ], [ -101.976708535498332, 18.743833141594944 ], [ -101.975038759213177, 18.743182566757941 ], [ -101.97083001093138, 18.739863719686408 ], [ -101.970230803729891, 18.739196084358689 ], [ -101.969516339300611, 18.738981712410784 ], [ -101.968443932982012, 18.738890392646489 ], [ -101.96843604202725, 18.738439081705508 ], [ -101.968075580038317, 18.737875992885538 ], [ -101.967240018077234, 18.737780906423644 ], [ -101.966423707738471, 18.73824529247371 ], [ -101.965830816352337, 18.738480414031116 ], [ -101.96511824975002, 18.738374339003872 ], [ -101.965110367861271, 18.737923026672703 ], [ -101.965452705391499, 18.73690637961662 ], [ -101.964959329763502, 18.735785607939626 ], [ -101.964491489409028, 18.736127087171223 ], [ -101.964262532171603, 18.73658215348286 ], [ -101.96368145863724, 18.737494237279787 ], [ -101.962929394100854, 18.737420313063353 ], [ -101.959211079929545, 18.734430073663166 ], [ -101.953489975501469, 18.729829205881341 ], [ -101.951131417146001, 18.727932471555714 ], [ -101.949840345028747, 18.72609090783461 ], [ -101.948912286860349, 18.724645450069449 ], [ -101.945599974747765, 18.719354227277726 ], [ -101.941796359970411, 18.713240762019872 ], [ -101.930949902993945, 18.695489184964387 ], [ -101.931207271341634, 18.69523572057879 ], [ -101.932389180081628, 18.695099852686518 ], [ -101.933236355226555, 18.695881144588977 ], [ -101.933369460109162, 18.697007683732728 ], [ -101.933506126671958, 18.697791065474387 ], [ -101.934580640035875, 18.698568789378907 ], [ -101.934545618356708, 18.696537818905718 ], [ -101.934664856576362, 18.696310227182074 ], [ -101.935136406715458, 18.696185464950879 ], [ -101.935970234264659, 18.696741227148451 ], [ -101.93645735884985, 18.697519113658135 ], [ -101.93659217088684, 18.698194172877347 ], [ -101.937308458781771, 18.698526045548881 ], [ -101.938028489512618, 18.699074551225557 ], [ -101.938615728814995, 18.699065341735949 ], [ -101.939322200564902, 18.698828536387371 ], [ -101.939312533972995, 18.698268893645778 ], [ -101.938588451141612, 18.697485703900817 ], [ -101.937744952385145, 18.696370311441843 ], [ -101.937502401502172, 18.696040042577046 ], [ -101.937843028706695, 18.695465878491856 ], [ -101.938903633567833, 18.694889453103482 ], [ -101.940551296543163, 18.694294782877652 ], [ -101.940659182398662, 18.693959019348757 ], [ -101.940882241089341, 18.693160972787965 ], [ -101.94063766314558, 18.692713363720191 ], [ -101.939819438160683, 18.693069300125732 ], [ -101.938406691288776, 18.693542903283703 ], [ -101.937338303706724, 18.693667999184477 ], [ -101.936637766187658, 18.694247802424389 ], [ -101.936397089496424, 18.694025849635402 ], [ -101.935907953698759, 18.693130616428292 ], [ -101.936021272186082, 18.692560016269113 ], [ -101.936248400596256, 18.691996662101101 ], [ -101.935853469883142, 18.689971330732536 ], [ -101.936448126183436, 18.689844639131337 ], [ -101.937767161236607, 18.691069966537011 ], [ -101.938596727946987, 18.690831238276637 ], [ -101.938342345350193, 18.689814954584911 ], [ -101.93773398559297, 18.689147318466496 ], [ -101.937146780011062, 18.689156520495995 ], [ -101.936552126896615, 18.689283213923009 ], [ -101.936426798469554, 18.688608004755405 ], [ -101.937004193513687, 18.688030134193824 ], [ -101.936876996819336, 18.687246607050596 ], [ -101.936387883588651, 18.686351372197816 ], [ -101.935791216012007, 18.686360717005506 ], [ -101.935802887528567, 18.687037707201458 ], [ -101.93594344105081, 18.688046750797117 ], [ -101.935244785554801, 18.688734865054553 ], [ -101.934295813075536, 18.688641374695806 ], [ -101.932386054700814, 18.687768360382766 ], [ -101.931550583990514, 18.687664050695727 ], [ -101.931327483120612, 18.68846209156975 ], [ -101.931110130340755, 18.689594115546083 ], [ -101.930777101279133, 18.690610571281265 ], [ -101.93150686974478, 18.691727783662234 ], [ -101.931761217469514, 18.692744081680367 ], [ -101.930708365138159, 18.693771796719858 ], [ -101.930127044519537, 18.694123988793191 ], [ -101.930097466825274, 18.694118830356071 ], [ -101.927091448957853, 18.68928643282451 ], [ -101.923676717510091, 18.683796997782245 ], [ -101.923903992690711, 18.683720402129339 ], [ -101.925692267899493, 18.684143958045514 ], [ -101.927598079444252, 18.684791386134293 ], [ -101.92865866807, 18.684774821858912 ], [ -101.928772316975724, 18.684213247297563 ], [ -101.927688454981492, 18.683435620801561 ], [ -101.926608334718978, 18.682323854054477 ], [ -101.925513022079343, 18.680878241666043 ], [ -101.924538832644643, 18.679313353888546 ], [ -101.924043921556347, 18.678075061805853 ], [ -101.924380562641105, 18.676715454792991 ], [ -101.924954251126451, 18.675920981442513 ], [ -101.925889668837115, 18.675229213150601 ], [ -101.926840582765735, 18.675440103185693 ], [ -101.928045630979881, 18.676658272392309 ], [ -101.928898425887695, 18.677773584864184 ], [ -101.929712735518677, 18.677201066752797 ], [ -101.928988795677299, 18.676417819945218 ], [ -101.928384254547538, 18.675416008664108 ], [ -101.928133845494784, 18.674625363338855 ], [ -101.928840241420914, 18.674388608942646 ], [ -101.929315622506195, 18.674498562860371 ], [ -101.930139690920626, 18.674485691564438 ], [ -101.92977765033541, 18.673814170229576 ], [ -101.929167369795536, 18.67302914697153 ], [ -101.928917117575878, 18.672247529139796 ], [ -101.929384731323864, 18.67189712462589 ], [ -101.929973592836276, 18.671436477248385 ], [ -101.930791751403405, 18.671089623576503 ], [ -101.931505890846282, 18.671304190897633 ], [ -101.931498128183335, 18.670852861599677 ], [ -101.931020742851047, 18.670634595263856 ], [ -101.930658709535351, 18.669963074742668 ], [ -101.931238091074334, 18.669502572626051 ], [ -101.932063689072265, 18.669038221420109 ], [ -101.932167547021535, 18.668467770731347 ], [ -101.93158242776309, 18.668594291199422 ], [ -101.930985819737288, 18.668603612194179 ], [ -101.930862402784797, 18.668036711999115 ], [ -101.929792298879974, 18.668053424679375 ], [ -101.928849180502056, 18.668293874845194 ], [ -101.927340311136177, 18.669789155943437 ], [ -101.927348062324342, 18.670240486978276 ], [ -101.927600318918834, 18.671139454474922 ], [ -101.926551426998387, 18.672392798929483 ], [ -101.92573526565242, 18.672856982285758 ], [ -101.925023137375447, 18.672759739170228 ], [ -101.924426511269033, 18.672769041322312 ], [ -101.92395872844655, 18.673110408512084 ], [ -101.923481343114673, 18.672892122549907 ], [ -101.922640091788594, 18.67189397568735 ], [ -101.921556339448458, 18.67111629821629 ], [ -101.921773752411909, 18.669984277898244 ], [ -101.921527406987579, 18.669428311412105 ], [ -101.920815138674257, 18.669322023300765 ], [ -101.920341633677182, 18.669329394197035 ], [ -101.920004847501176, 18.670129195768912 ], [ -101.919897198988153, 18.671033779910672 ], [ -101.919666165180516, 18.671371451897642 ], [ -101.91825335883982, 18.671844889290515 ], [ -101.917069575712162, 18.671863300541901 ], [ -101.916237939298156, 18.671424774934323 ], [ -101.915999144653128, 18.67145472778963 ], [ -101.902581068402895, 18.649884171189647 ], [ -101.894176733989326, 18.636373577884562 ], [ -101.888767521467116, 18.627677866018299 ], [ -101.88897397937383, 18.627720423070112 ], [ -101.890519256850936, 18.628373865849163 ], [ -101.891829670963418, 18.628579443034216 ], [ -101.892784120471291, 18.629016221463658 ], [ -101.894321774375953, 18.629218282919872 ], [ -101.897296765480192, 18.629849644504976 ], [ -101.898714989690788, 18.629710397659863 ], [ -101.899659959655423, 18.629587471040068 ], [ -101.902509885739889, 18.630103296034253 ], [ -101.904284251097764, 18.630301617503857 ], [ -101.905231058074961, 18.630286985002687 ], [ -101.906422092408633, 18.630720031426808 ], [ -101.908575612675577, 18.632041095812124 ], [ -101.910601861400579, 18.632578564325005 ], [ -101.912255089950222, 18.632327223840743 ], [ -101.912130393011978, 18.631679056232038 ], [ -101.911056191938258, 18.631442880935246 ], [ -101.90986883730865, 18.631235538580221 ], [ -101.909149047088619, 18.630677842706525 ], [ -101.908429415103797, 18.630129170211994 ], [ -101.90793296778601, 18.628782472555972 ], [ -101.907557824447707, 18.627885356127827 ], [ -101.906739797500407, 18.628232087904127 ], [ -101.906145313104318, 18.628358659557513 ], [ -101.905181174489329, 18.627353262248032 ], [ -101.904357315077377, 18.627365992985588 ], [ -101.903772493160204, 18.628052219405344 ], [ -101.903299095353589, 18.628059531735282 ], [ -101.902344632655129, 18.627622809672403 ], [ -101.90209842878204, 18.627066798441014 ], [ -101.902319643457275, 18.626160460010119 ], [ -101.901952162387488, 18.625145829548995 ], [ -101.90134036549162, 18.624252348313462 ], [ -101.900870807671481, 18.62448532504872 ], [ -101.901011204061902, 18.625503462965799 ], [ -101.900664756550015, 18.626294352871557 ], [ -101.899966154481035, 18.626982324457 ], [ -101.899140606705672, 18.626886707100759 ], [ -101.898663382058004, 18.626668334992203 ], [ -101.897705109300716, 18.62600591407104 ], [ -101.8966255974657, 18.625453706599362 ], [ -101.896608461419248, 18.624442692462068 ], [ -101.896123598041129, 18.623772966655263 ], [ -101.895415349313467, 18.623892226487044 ], [ -101.894947769873397, 18.6242425394157 ], [ -101.894108783600601, 18.623352527661531 ], [ -101.892908046128881, 18.622350696414792 ], [ -101.891235923065665, 18.621473485386062 ], [ -101.889906488716562, 18.620139525197533 ], [ -101.889317664460378, 18.620040221654399 ], [ -101.888963538905656, 18.620379747379793 ], [ -101.888128262990492, 18.619715378694831 ], [ -101.887986273544513, 18.618588893320247 ], [ -101.888929215947911, 18.618348677161979 ], [ -101.8890484804312, 18.618121111945921 ], [ -101.888683071047893, 18.61779264008857 ], [ -101.888082666482504, 18.61700728043726 ], [ -101.887597858746787, 18.616337524730092 ], [ -101.886168143035064, 18.615799650921481 ], [ -101.884852194487308, 18.615250990828415 ], [ -101.883644107799583, 18.613806760231444 ], [ -101.882557138728643, 18.612243281510619 ], [ -101.88216498160854, 18.610326034267779 ], [ -101.882261435666578, 18.60874441646563 ], [ -101.882581294994125, 18.606933641871045 ], [ -101.883499540118279, 18.605231080598589 ], [ -101.884082561919158, 18.604427561658056 ], [ -101.884894759351624, 18.603737910073487 ], [ -101.886301526303754, 18.602930785518485 ], [ -101.888312143820343, 18.602556823175512 ], [ -101.886517180931094, 18.601681427597065 ], [ -101.885080139386858, 18.600692174013048 ], [ -101.884118266761433, 18.599803979298393 ], [ -101.883391089991719, 18.59879480146574 ], [ -101.882542875926305, 18.597345033657987 ], [ -101.882281439722846, 18.595877247722456 ], [ -101.88297241350692, 18.594737995017798 ], [ -101.883788377252358, 18.59427402935647 ], [ -101.884265491827719, 18.59449245481018 ], [ -101.884500323226248, 18.594380504581068 ], [ -101.883890607059413, 18.593035439312697 ], [ -101.883161642250883, 18.591917931250492 ], [ -101.88196500524856, 18.591141664902377 ], [ -101.880643497429347, 18.590258947126088 ], [ -101.879929595994483, 18.590044131968238 ], [ -101.879460239479585, 18.59027704480874 ], [ -101.879469802490718, 18.590845750991093 ], [ -101.879244534009374, 18.591526401015926 ], [ -101.87851560478488, 18.590408869788522 ], [ -101.878258014734314, 18.589166748503995 ], [ -101.877751888075409, 18.587783953660619 ], [ -101.877642757480245, 18.587487650466372 ], [ -101.877737389704066, 18.586357527324051 ], [ -101.878203098508848, 18.58589894010721 ], [ -101.878801266735579, 18.585998150950733 ], [ -101.879151502691002, 18.585992797220168 ], [ -101.879617206334771, 18.585534207134941 ], [ -101.87972705864226, 18.584746969255157 ], [ -101.879119336342711, 18.584079054093149 ], [ -101.878857966088162, 18.582611254834617 ], [ -101.877655805982045, 18.581500946043931 ], [ -101.877398396655863, 18.580267846988178 ], [ -101.877504318192848, 18.57924590426402 ], [ -101.876656201601136, 18.578355913078731 ], [ -101.877235548453669, 18.577335770701119 ], [ -101.877691688400702, 18.576308479568439 ], [ -101.878961899101128, 18.5747089280046 ], [ -101.880604959822577, 18.573898259566111 ], [ -101.881784460775933, 18.573654490737727 ], [ -101.88309626616379, 18.573968513145516 ], [ -101.882611623280724, 18.573298722645116 ], [ -101.882011527070603, 18.573082166046465 ], [ -101.881059403017971, 18.572762636569635 ], [ -101.879633724736763, 18.5724413089359 ], [ -101.878814203670643, 18.572679564983208 ], [ -101.878465898740444, 18.573362092005024 ], [ -101.877530749757511, 18.574053580695278 ], [ -101.876345782566503, 18.573963318186443 ], [ -101.875512769705935, 18.57340717637409 ], [ -101.874674232906315, 18.57308588006471 ], [ -101.874573821601302, 18.573872973607546 ], [ -101.874134620692075, 18.575911298685913 ], [ -101.873318622826687, 18.576944071693408 ], [ -101.87143703981495, 18.577649965547042 ], [ -101.870382504673188, 18.578000124242227 ], [ -101.869449259610917, 18.578808933569618 ], [ -101.868400357911369, 18.580061944803418 ], [ -101.867936597068265, 18.580637862792614 ], [ -101.86688399796472, 18.581105358717029 ], [ -101.866550903961112, 18.581286304285406 ], [ -101.86426394365499, 18.572476598947492 ], [ -101.862006294670707, 18.563779805105128 ], [ -101.861020734310657, 18.559983282558768 ], [ -101.860290329957067, 18.557169658240298 ], [ -101.860376037328606, 18.557068326260051 ], [ -101.861335082318277, 18.556674537243989 ], [ -101.86176756120534, 18.555927552959041 ], [ -101.862275020365715, 18.555703143423401 ], [ -101.863625880991435, 18.556097996165793 ], [ -101.864460579014661, 18.556762534918061 ], [ -101.864363886148098, 18.557775310126587 ], [ -101.866044736565769, 18.559221583282984 ], [ -101.865944169108175, 18.560577538459999 ], [ -101.865402759444876, 18.56329462058379 ], [ -101.866004655555557, 18.564188422840395 ], [ -101.867784025415105, 18.564161364785946 ], [ -101.868704074198604, 18.562567206432394 ], [ -101.869517982186679, 18.56198596335506 ], [ -101.870593221359869, 18.562312716541335 ], [ -101.87143175395083, 18.563202895579789 ], [ -101.872404675771662, 18.56476823233346 ], [ -101.87327538357637, 18.567012329187879 ], [ -101.874113954982917, 18.567902490877614 ], [ -101.874132869890019, 18.569030884141839 ], [ -101.873795830998247, 18.569821585714262 ], [ -101.874519024032267, 18.570605149250152 ], [ -101.875240255566538, 18.571271356303804 ], [ -101.87570593695618, 18.570812779281571 ], [ -101.875929236595766, 18.570014781271635 ], [ -101.875921665314522, 18.569563424746573 ], [ -101.876262479373821, 18.568998398966599 ], [ -101.877095392107904, 18.568985687128336 ], [ -101.87816106876906, 18.569303506312494 ], [ -101.878405118037634, 18.569751250794042 ], [ -101.878872908190559, 18.569410017671476 ], [ -101.880057842461227, 18.569500268404951 ], [ -101.880775295005961, 18.569940774717164 ], [ -101.881854391847938, 18.570493130729925 ], [ -101.881844832166863, 18.569924424507221 ], [ -101.881592885413696, 18.569025336087577 ], [ -101.88086421143997, 18.567907798358828 ], [ -101.880616216849987, 18.567234382432527 ], [ -101.879285520273527, 18.565791946536372 ], [ -101.87939522345475, 18.564995681801701 ], [ -101.880686272617353, 18.564641870166209 ], [ -101.88176336130185, 18.56507687939213 ], [ -101.8824807970271, 18.565517381309082 ], [ -101.883556019641546, 18.566403877297549 ], [ -101.884523294787655, 18.56762610496569 ], [ -101.884629328494583, 18.566613190930248 ], [ -101.883656291365483, 18.565047934230996 ], [ -101.883165910183962, 18.564035112506652 ], [ -101.88243907373672, 18.563034933276253 ], [ -101.881248423215737, 18.562601661962724 ], [ -101.880396595323703, 18.561486000139116 ], [ -101.880610468012307, 18.560128320153343 ], [ -101.879773729688225, 18.559346511489473 ], [ -101.879181262513342, 18.559581294160314 ], [ -101.878836837132155, 18.559929671068261 ], [ -101.878240579778591, 18.559938773190744 ], [ -101.877648032198067, 18.55960469819599 ], [ -101.877161640835084, 18.558826558773941 ], [ -101.877498497818124, 18.558026828278788 ], [ -101.877960355985493, 18.557342572657824 ], [ -101.878435537935403, 18.55745270317265 ], [ -101.879279603867346, 18.558117025324009 ], [ -101.879629934191442, 18.558111676125833 ], [ -101.879978212220976, 18.557429150821346 ], [ -101.878766705456741, 18.555750114913142 ], [ -101.878619138177754, 18.554289598871197 ], [ -101.87918887104604, 18.552700752197669 ], [ -101.879887309557716, 18.552012882948528 ], [ -101.880718249462475, 18.552451666307814 ], [ -101.881808293838318, 18.553672046241207 ], [ -101.882302570854847, 18.554910552652231 ], [ -101.882524009308469, 18.554004227508848 ], [ -101.882614832742917, 18.552648427924218 ], [ -101.8823554922988, 18.55129797901871 ], [ -101.882313805104346, 18.548815526939862 ], [ -101.882417886600095, 18.547685259873813 ], [ -101.882993265460442, 18.546999262773799 ], [ -101.883343332527417, 18.546425060566204 ], [ -101.88367453334746, 18.545291322919553 ], [ -101.88400382257808, 18.543480408699626 ], [ -101.884564018807623, 18.541891700469368 ], [ -101.885141252552273, 18.540754201356567 ], [ -101.885847206805551, 18.540517673151218 ], [ -101.885970323117846, 18.541084642672001 ], [ -101.886799299724004, 18.540846229642678 ], [ -101.887395433197625, 18.541396932436918 ], [ -101.887295229933315, 18.542193051683771 ], [ -101.887673761969197, 18.543875755085871 ], [ -101.887586768776259, 18.545457228659789 ], [ -101.887032312963456, 18.547948794272685 ], [ -101.886475924420964, 18.549763185168107 ], [ -101.88603886165383, 18.551918866816258 ], [ -101.885455840188428, 18.552713343115549 ], [ -101.884765012116858, 18.55385258409698 ], [ -101.884910808877947, 18.555204763429469 ], [ -101.884089348499998, 18.555894531608203 ], [ -101.883627520098059, 18.55657879849235 ], [ -101.884358275602338, 18.557813680472496 ], [ -101.885075683303938, 18.558254176033135 ], [ -101.885681345270726, 18.558804731057954 ], [ -101.885823465671265, 18.5605000806489 ], [ -101.886309898925091, 18.561278191573535 ], [ -101.887243120596878, 18.560478348163983 ], [ -101.887848797420702, 18.561028894081538 ], [ -101.888429964928164, 18.560685905612427 ], [ -101.888170558193323, 18.559335473633098 ], [ -101.887322400519309, 18.557876673872034 ], [ -101.887413031675379, 18.556520879676082 ], [ -101.888115395937078, 18.55605865639772 ], [ -101.888092604974844, 18.554704599307236 ], [ -101.888308390075522, 18.553464270798521 ], [ -101.88900861314805, 18.552884696855777 ], [ -101.889962606200498, 18.55332155120422 ], [ -101.890685782948324, 18.554105053266579 ], [ -101.892713021588648, 18.554751174130562 ], [ -101.893682255858536, 18.556090707175823 ], [ -101.894257607642714, 18.555404678508268 ], [ -101.894832824969043, 18.554149802771384 ], [ -101.894227156709263, 18.553599278706976 ], [ -101.892930598586958, 18.553619169016571 ], [ -101.89267878409494, 18.552720096401721 ], [ -101.892907772878218, 18.552265117350657 ], [ -101.893613757068948, 18.55202855528897 ], [ -101.893481139123793, 18.551461741032035 ], [ -101.892292533543255, 18.551145883138396 ], [ -101.891575143911552, 18.550705413246373 ], [ -101.891315739947373, 18.549354985661104 ], [ -101.891896745416304, 18.548443144935639 ], [ -101.891873934686984, 18.547089091279947 ], [ -101.892320499356202, 18.545502109294365 ], [ -101.892878641445947, 18.543796034996522 ], [ -101.893448215378811, 18.542207166426046 ], [ -101.895439212666147, 18.541273696063328 ], [ -101.896737524596404, 18.540802306430059 ], [ -101.897920423406916, 18.540784146922828 ], [ -101.899234100126066, 18.541784283428708 ], [ -101.899701317792179, 18.541433991443846 ], [ -101.900045826879762, 18.540525767039693 ], [ -101.900878727237711, 18.541081812986207 ], [ -101.900780417464659, 18.541986254339498 ], [ -101.901609361602652, 18.542307594923749 ], [ -101.903273058047077, 18.542733471748033 ], [ -101.904234650277076, 18.543621603513099 ], [ -101.904713617561569, 18.543957343913974 ], [ -101.904694529260269, 18.54282897819223 ], [ -101.905284909484465, 18.542476777615885 ], [ -101.904683076937729, 18.54215195868473 ], [ -101.903967535526803, 18.541819858007258 ], [ -101.904188849094737, 18.540913524268419 ], [ -101.904540814623388, 18.540456643859091 ], [ -101.905837260042489, 18.540436687450107 ], [ -101.906683457716994, 18.541218232342718 ], [ -101.908352805730573, 18.541978059358136 ], [ -101.908935698780923, 18.541743344205461 ], [ -101.908447252927616, 18.540847947089016 ], [ -101.908079998159735, 18.539842329637676 ], [ -101.907943528435155, 18.539049857589653 ], [ -101.907455097170612, 18.538154455910053 ], [ -101.906251301572738, 18.536935984753171 ], [ -101.903997145349479, 18.536293480574791 ], [ -101.903029804211272, 18.535062317193805 ], [ -101.902418395002044, 18.534168788657858 ], [ -101.901597114558726, 18.534298794186942 ], [ -101.899119821088163, 18.535014052199639 ], [ -101.897350265242835, 18.535041219174143 ], [ -101.895325086457774, 18.534503441646159 ], [ -101.894017268844991, 18.533846293252171 ], [ -101.892452029375605, 18.532515876322737 ], [ -101.89160415699871, 18.531066106080054 ], [ -101.890638904383948, 18.52995221395549 ], [ -101.890258371828764, 18.528711984668227 ], [ -101.890842974617541, 18.528025832849469 ], [ -101.891301066660304, 18.527115882345761 ], [ -101.890120228304298, 18.527251339296999 ], [ -101.889272352409705, 18.526361374469595 ], [ -101.888914654903687, 18.525915376961315 ], [ -101.888301380193212, 18.524904435387221 ], [ -101.888770707025643, 18.524671522797526 ], [ -101.889508165046649, 18.524624124468094 ], [ -101.889798159692631, 18.524421041205276 ], [ -101.8897818683987, 18.524014968106965 ], [ -101.889921330614015, 18.522739690966997 ], [ -101.890265720117299, 18.521831483219103 ], [ -101.891086958331442, 18.521701533891047 ], [ -101.891908242868141, 18.521011759217423 ], [ -101.892398511123204, 18.522024572006671 ], [ -101.892309674506365, 18.524057540616205 ], [ -101.89256324535846, 18.525064946638629 ], [ -101.893293891672258, 18.526299807153503 ], [ -101.894717055504287, 18.52650373268871 ], [ -101.895791936444255, 18.526821339932816 ], [ -101.897203692409249, 18.526348220453805 ], [ -101.898836774117527, 18.524968761592614 ], [ -101.900729233762604, 18.524939705712846 ], [ -101.902031357962528, 18.525262816192566 ], [ -101.902981398568045, 18.525473948326894 ], [ -101.903691070813395, 18.525463038740316 ], [ -101.904860432135877, 18.524650479280872 ], [ -101.906037564751529, 18.524298287649955 ], [ -101.907468346582334, 18.524953463331183 ], [ -101.908533759815825, 18.524711327449225 ], [ -101.908991593992738, 18.523801350112233 ], [ -101.908739765880313, 18.522902301999824 ], [ -101.908591864504928, 18.521432809098549 ], [ -101.908932178988977, 18.520298910555532 ], [ -101.910451873926235, 18.519489957796125 ], [ -101.911390422065224, 18.519024033470409 ], [ -101.911848229445496, 18.518114052893072 ], [ -101.909369229486856, 18.518152244530192 ], [ -101.908195963851782, 18.518730123454365 ], [ -101.907503570493574, 18.519761088834308 ], [ -101.907407278176819, 18.521342694014624 ], [ -101.907314647278781, 18.52258113037967 ], [ -101.905676018983328, 18.523626653817765 ], [ -101.903906582952828, 18.524213682524159 ], [ -101.902250692622772, 18.524239134326248 ], [ -101.900821911364602, 18.523701266149843 ], [ -101.899396791685461, 18.523380033600215 ], [ -101.898333218202694, 18.523170623525512 ], [ -101.897385170811134, 18.52307681645069 ], [ -101.896310160699741, 18.522750188353609 ], [ -101.895462318999151, 18.52130043199401 ], [ -101.894733660753673, 18.520182929892471 ], [ -101.893883829452633, 18.519175632247002 ], [ -101.893401310199465, 18.518623202203681 ], [ -101.892801302102811, 18.517837805856203 ], [ -101.892774728573954, 18.516258072677271 ], [ -101.892867468891112, 18.515019628796175 ], [ -101.893442606042441, 18.513764769713109 ], [ -101.894023613842847, 18.513421785902882 ], [ -101.894489104150963, 18.512963188263793 ], [ -101.894239196088179, 18.512172431751484 ], [ -101.893750928591956, 18.511276972029773 ], [ -101.893501179230938, 18.510495240660873 ], [ -101.893845534006459, 18.509587031297048 ], [ -101.893565274076977, 18.506990862763828 ], [ -101.892713704789401, 18.505875224037514 ], [ -101.892229260344237, 18.5052054328692 ], [ -101.892689122989168, 18.504412840498087 ], [ -101.893025887916338, 18.503053280281151 ], [ -101.892459673751304, 18.4992063962464 ], [ -101.892743159954193, 18.498055327779621 ], [ -101.893104756983178, 18.497047534447059 ], [ -101.893414248324916, 18.495191776031568 ], [ -101.893425849899273, 18.493629515130845 ], [ -101.892120769330674, 18.491988066871901 ], [ -101.8916888935711, 18.491064641664234 ], [ -101.891853941054904, 18.490186267099613 ], [ -101.892639039648955, 18.48848576736906 ], [ -101.892574974639487, 18.486915632316421 ], [ -101.892941926614796, 18.485663965656418 ], [ -101.89341044918217, 18.484826097706168 ], [ -101.893784154901994, 18.484540471843005 ], [ -101.894673861592352, 18.484553951544722 ], [ -101.895724487923516, 18.485133815176113 ], [ -101.896818122124756, 18.486020012137679 ], [ -101.897421600109752, 18.485893390075496 ], [ -101.898295518123447, 18.484968040219329 ], [ -101.898602886397029, 18.484114572294452 ], [ -101.89851182337236, 18.483763822208413 ], [ -101.898294090439663, 18.483758127859677 ], [ -101.897776264213832, 18.483350707650448 ], [ -101.89562109852956, 18.482923199959988 ], [ -101.894539984191894, 18.482217388895446 ], [ -101.894004978875131, 18.481349720521518 ], [ -101.893737192666947, 18.480053582904077 ], [ -101.89372216202527, 18.478031228675547 ], [ -101.893815219417561, 18.476810837840361 ], [ -101.894355153118624, 18.475719055769364 ], [ -101.894464032451197, 18.474877657627626 ], [ -101.894185157718198, 18.474611039575993 ], [ -101.89330541633521, 18.474624487168825 ], [ -101.89147033363902, 18.475221377665466 ], [ -101.890239596920935, 18.474617142367794 ], [ -101.888823981743514, 18.474837397098597 ], [ -101.888032479805588, 18.474479266997118 ], [ -101.887698019777261, 18.472579158160844 ], [ -101.886812656415401, 18.470561035423639 ], [ -101.886453622500994, 18.468905090911896 ], [ -101.886239323088446, 18.468529120574804 ], [ -101.884377648353137, 18.468665840276927 ], [ -101.88279325997317, 18.468410053591207 ], [ -101.8820334511135, 18.467672172546354 ], [ -101.881685741573548, 18.466115364188109 ], [ -101.881481024145685, 18.465188442528554 ], [ -101.880625702567244, 18.463828971660114 ], [ -101.880223295580876, 18.463528088694218 ], [ -101.878948965521758, 18.462572276592315 ], [ -101.878201793183123, 18.461454943380126 ], [ -101.877927728571578, 18.460339448537191 ], [ -101.878121589654867, 18.457781152767637 ], [ -101.876335882652995, 18.455090385952307 ], [ -101.875154843217999, 18.452914134713936 ], [ -101.874659666355697, 18.451585275944616 ], [ -101.873585102057376, 18.447845282799545 ], [ -101.873152709976821, 18.446307784907297 ], [ -101.872788639472802, 18.445464525007015 ], [ -101.872821661443481, 18.444037355484486 ], [ -101.87352740438125, 18.442672227452952 ], [ -101.874143220195194, 18.44215723841889 ], [ -101.876150400360444, 18.441684353322259 ], [ -101.876967526161536, 18.441328834099465 ], [ -101.877434857092368, 18.440987650019995 ], [ -101.878127201427461, 18.439956806030505 ], [ -101.879179083113954, 18.43892953121037 ], [ -101.879994382624986, 18.438465674776499 ], [ -101.879986858236023, 18.438014313542403 ], [ -101.879625638635488, 18.43734258565382 ], [ -101.879133951588145, 18.436221361620497 ], [ -101.879116954072188, 18.435201284178351 ], [ -101.879818747474218, 18.434739153516805 ], [ -101.879924715084556, 18.434286068806372 ], [ -101.879557940032115, 18.433280331852785 ], [ -101.880138584026682, 18.43292839435269 ], [ -101.880849846309516, 18.433034976508619 ], [ -101.881080562765717, 18.43268835091305 ], [ -101.881186653158466, 18.431675434674194 ], [ -101.880806509628655, 18.430435135926473 ], [ -101.880328079686805, 18.430108308851107 ], [ -101.880305515525393, 18.428754224271774 ], [ -101.880178793069703, 18.427961550759719 ], [ -101.880262197811518, 18.426154381257977 ], [ -101.880599004183694, 18.424794840806289 ], [ -101.880699251326419, 18.424007751054063 ], [ -101.881291427903548, 18.423773022429142 ], [ -101.881983693501269, 18.422742175326455 ], [ -101.882782058888921, 18.421267269220401 ], [ -101.884075799249217, 18.420570400439484 ], [ -101.884902297240501, 18.420783576049207 ], [ -101.887033822903092, 18.420976899673025 ], [ -101.888238526185575, 18.422312989832481 ], [ -101.888873817522338, 18.424669039394512 ], [ -101.888419824505291, 18.425804633980029 ], [ -101.888552161751036, 18.426931302347224 ], [ -101.889630310523984, 18.427483740626929 ], [ -101.890931509776948, 18.427798007541831 ], [ -101.89163142583169, 18.427227515569999 ], [ -101.892807659634443, 18.42686646625091 ], [ -101.893422487109646, 18.427985769952599 ], [ -101.892728315904534, 18.428899299128695 ], [ -101.892391605192103, 18.430258848585716 ], [ -101.892539174176719, 18.431728396433627 ], [ -101.893265393712724, 18.432728616977776 ], [ -101.894782353616961, 18.431802529788268 ], [ -101.895728076368542, 18.431788094774131 ], [ -101.896215914265696, 18.432683587897124 ], [ -101.895994761661598, 18.433589905730173 ], [ -101.894820157204279, 18.434059307645331 ], [ -101.89412219470681, 18.434747165901356 ], [ -101.893666407471571, 18.435774445485073 ], [ -101.894498663476455, 18.435761745177018 ], [ -101.895796148908886, 18.435850291069112 ], [ -101.895330840039819, 18.43630886607534 ], [ -101.896055281621301, 18.437200745433916 ], [ -101.897731240174323, 18.438421200350334 ], [ -101.899530019058602, 18.439630729904088 ], [ -101.901077312803721, 18.440510000354685 ], [ -101.902023077887435, 18.440495527398564 ], [ -101.903307446635012, 18.439238843001679 ], [ -101.904606927042607, 18.439444675616198 ], [ -101.905202753604016, 18.439435547627674 ], [ -101.906248635763433, 18.438624938283372 ], [ -101.907190588425053, 18.438384765816828 ], [ -101.908734133589761, 18.438478476372687 ], [ -101.910289055670617, 18.43980901567333 ], [ -101.910909524174755, 18.441262239594604 ], [ -101.911036403720317, 18.442054870736062 ], [ -101.911870503327293, 18.44215041365976 ], [ -101.912587438426513, 18.442590866081169 ], [ -101.913067934666287, 18.443034948478708 ], [ -101.913540819170777, 18.443027681750838 ], [ -101.914377042592591, 18.443809405920348 ], [ -101.914749690902596, 18.44458922441915 ], [ -101.914526653621323, 18.44538723057244 ], [ -101.914776355025396, 18.446168938748425 ], [ -101.915245437441655, 18.445935993210746 ], [ -101.915706897622101, 18.445251700117154 ], [ -101.916160732860789, 18.444116059927687 ], [ -101.9167356775001, 18.443430019597528 ], [ -101.916843381951978, 18.442525435497647 ], [ -101.917056803090219, 18.441167761429242 ], [ -101.918099120273368, 18.440140444662692 ], [ -101.919266050872324, 18.439219556234281 ], [ -101.920446093856086, 18.439084004863123 ], [ -101.921760986155604, 18.439632590871216 ], [ -101.922131831710502, 18.440863881711323 ], [ -101.922191090289957, 18.44436631189739 ], [ -101.92149886734326, 18.445388255789549 ], [ -101.920464484079147, 18.446875961520099 ], [ -101.91966073794535, 18.448576812923481 ], [ -101.919447186152624, 18.449934489753023 ], [ -101.918997180260462, 18.451295808814052 ], [ -101.919487336534047, 18.452308563279658 ], [ -101.920684878104851, 18.453193033860412 ], [ -101.921411353783384, 18.454193109327552 ], [ -101.922149454350659, 18.455879222835925 ], [ -101.922643314193323, 18.457108609062367 ], [ -101.923014200446644, 18.457780078810785 ], [ -101.923485285921174, 18.457664459399076 ], [ -101.923589151917867, 18.457094015984826 ], [ -101.923325781739692, 18.455517966660295 ], [ -101.923545264222369, 18.454503307766846 ], [ -101.924006706117865, 18.453818996368607 ], [ -101.924731366673385, 18.454710733783099 ], [ -101.925229064481542, 18.45616578241297 ], [ -101.92559613161832, 18.456611575017295 ], [ -101.92606323360711, 18.456270281257751 ], [ -101.926403698888123, 18.455696183367071 ], [ -101.927232198809165, 18.455457655438156 ], [ -101.928410650464741, 18.45521371584012 ], [ -101.929360303347664, 18.455424765727592 ], [ -101.930779037222152, 18.455402826017714 ], [ -101.932309427114859, 18.455270797787378 ], [ -101.933245581267727, 18.454687470745231 ], [ -101.933466692957097, 18.453781132247002 ], [ -101.932526709840346, 18.454138789971786 ], [ -101.931111821060597, 18.454386411265027 ], [ -101.92921436553992, 18.454072644707995 ], [ -101.928022600571211, 18.453531254442115 ], [ -101.927059488393198, 18.452525834876504 ], [ -101.926221331453661, 18.451635859157712 ], [ -101.925610175520447, 18.450742374422912 ], [ -101.925021943464557, 18.450643103722111 ], [ -101.923847336320023, 18.451112690142509 ], [ -101.922888081762565, 18.450332915550241 ], [ -101.922399900650092, 18.449437521059341 ], [ -101.924039754637207, 18.448509306376014 ], [ -101.924622321502227, 18.448274587554348 ], [ -101.924370585407914, 18.447375549974403 ], [ -101.923409518323837, 18.44648745278473 ], [ -101.923513366039941, 18.44535719803832 ], [ -101.92446112604668, 18.445459958761877 ], [ -101.925179936068346, 18.446008679234247 ], [ -101.925645176657341, 18.445550038653913 ], [ -101.925261011611553, 18.444093234682185 ], [ -101.92548017385802, 18.443069551559276 ], [ -101.9250978328499, 18.441161257077376 ], [ -101.924465638060539, 18.439022054355647 ], [ -101.923731585424278, 18.437570639090072 ], [ -101.922518882819105, 18.435783485084603 ], [ -101.921779063280468, 18.433989035701838 ], [ -101.920835030142158, 18.43411192730548 ], [ -101.919437656871068, 18.435379479789038 ], [ -101.918240258130538, 18.434494981783541 ], [ -101.917309780218687, 18.435412223853369 ], [ -101.916237161863037, 18.43463414379325 ], [ -101.915514620416701, 18.433859704649862 ], [ -101.915368833603353, 18.432507552624713 ], [ -101.914765289328088, 18.43149651833836 ], [ -101.913811974592818, 18.431059699956684 ], [ -101.913346731310725, 18.431518311016891 ], [ -101.913239006300131, 18.432422895641164 ], [ -101.912060669606689, 18.432666722644125 ], [ -101.910997517354332, 18.432457309196657 ], [ -101.909214103881766, 18.432150585910456 ], [ -101.9079127044768, 18.431827426836403 ], [ -101.905896513931609, 18.431749972829774 ], [ -101.904598913244314, 18.431652465523651 ], [ -101.903401605064445, 18.430767859266023 ], [ -101.90243891625785, 18.429771301839097 ], [ -101.901712512386524, 18.428762094753218 ], [ -101.900154056255914, 18.427774634113369 ], [ -101.899664097499127, 18.426761801924794 ], [ -101.900014071569473, 18.426196630680998 ], [ -101.899057029888411, 18.425534051519236 ], [ -101.898342014999017, 18.425201857685046 ], [ -101.897252667465082, 18.423981465343548 ], [ -101.896418585650096, 18.423316992503906 ], [ -101.895923070369406, 18.421970142290949 ], [ -101.895440713620388, 18.42140864879368 ], [ -101.894814722642167, 18.41961231294529 ], [ -101.895866385321085, 18.418584974242457 ], [ -101.897398337240773, 18.418561594573482 ], [ -101.898578430644264, 18.418426194045942 ], [ -101.899987516001772, 18.417844847347745 ], [ -101.90105609150811, 18.417828518056997 ], [ -101.902722325158464, 18.418480247155514 ], [ -101.904152158040105, 18.419135577410344 ], [ -101.904859421334038, 18.419007372201701 ], [ -101.905795662580104, 18.41843322039508 ], [ -101.906504892979669, 18.418422361021001 ], [ -101.908415146756738, 18.419521766722468 ], [ -101.909481861345697, 18.419956883865503 ], [ -101.912320619800553, 18.420021695798255 ], [ -101.91434244568228, 18.420442124848087 ], [ -101.915286263800525, 18.420319277518288 ], [ -101.915511260998883, 18.419638624053814 ], [ -101.914673317081593, 18.41930838106455 ], [ -101.913852588709844, 18.419438364282211 ], [ -101.91289356952727, 18.41865850603207 ], [ -101.911346559338583, 18.418348157119478 ], [ -101.910168311222307, 18.418591959712437 ], [ -101.908034855870042, 18.418281544508208 ], [ -101.907280973394293, 18.417886772762674 ], [ -101.906364819253156, 18.417404188780452 ], [ -101.904934995844826, 18.416748874291141 ], [ -101.904102898929324, 18.416201785762556 ], [ -101.90301721779187, 18.415198072799946 ], [ -101.901239510210274, 18.414665428121015 ], [ -101.899699957458338, 18.414797303514316 ], [ -101.897941161997764, 18.415393013680703 ], [ -101.896170779812692, 18.415871503238524 ], [ -101.894744924697875, 18.415441780564802 ], [ -101.893670714460384, 18.414555214411894 ], [ -101.893288729752683, 18.413206620182876 ], [ -101.892543594656999, 18.411068965734426 ], [ -101.892642077766098, 18.409604694585301 ], [ -101.892963580610385, 18.407902260263914 ], [ -101.893649985344027, 18.406537385279517 ], [ -101.894331098131346, 18.404838500272007 ], [ -101.894660226482017, 18.403027596058109 ], [ -101.894747279491753, 18.401446117078315 ], [ -101.894728413329389, 18.400317724247827 ], [ -101.894597893999844, 18.399299385897713 ], [ -101.894641497432787, 18.398522189269219 ], [ -101.894575258765784, 18.397945313994889 ], [ -101.894085592490043, 18.396941475533161 ], [ -101.894312470983053, 18.396369164207432 ], [ -101.895131309082416, 18.396130952704524 ], [ -101.89632076708115, 18.396564296395368 ], [ -101.89691267536719, 18.396329536577856 ], [ -101.896664969397634, 18.395656105667907 ], [ -101.895772047440886, 18.394857066791879 ], [ -101.895560758950907, 18.393532958713713 ], [ -101.894838347258059, 18.392749374014031 ], [ -101.894248360176633, 18.392532624410233 ], [ -101.894110362005236, 18.391631780817395 ], [ -101.894454570649827, 18.390723593437119 ], [ -101.894433908405759, 18.389486873159562 ], [ -101.894050042846573, 18.38802091741999 ], [ -101.893218125204882, 18.387473755786623 ], [ -101.892870145575046, 18.388156261959775 ], [ -101.892300821590496, 18.38917622648168 ], [ -101.892438695551206, 18.390645931149152 ], [ -101.892100314471108, 18.391328290809266 ], [ -101.891152851050563, 18.391225323916025 ], [ -101.890203580766382, 18.39101402587556 ], [ -101.889715770747443, 18.390118495590674 ], [ -101.889566507895566, 18.388540605312983 ], [ -101.890391010312726, 18.388076594814393 ], [ -101.891680753954489, 18.387722887115196 ], [ -101.892147770663726, 18.387372661838747 ], [ -101.892134662203389, 18.386587297462224 ], [ -101.891654390748727, 18.386143130514206 ], [ -101.890837397972177, 18.386489647615608 ], [ -101.890474351349511, 18.38626943148353 ], [ -101.889532635982746, 18.386509485998413 ], [ -101.889059895722426, 18.386516671614917 ], [ -101.888808476422909, 18.385617543562425 ], [ -101.889621528196699, 18.384476500253598 ], [ -101.890673075787106, 18.38400903958561 ], [ -101.891611010250415, 18.38354330185182 ], [ -101.891480687173484, 18.382533982676115 ], [ -101.891943926483037, 18.381958080027772 ], [ -101.89241107941136, 18.381616883320373 ], [ -101.892280639227238, 18.381167394026587 ], [ -101.891571552321139, 18.38117817923456 ], [ -101.891452376185043, 18.380836871481353 ], [ -101.891919527574615, 18.3804956762324 ], [ -101.892615355463718, 18.379690498318766 ], [ -101.892715703102468, 18.37890340776352 ], [ -101.892348872967943, 18.377888657259952 ], [ -101.891250427670286, 18.376099464898758 ], [ -101.890651172639863, 18.375323008971783 ], [ -101.889588415506879, 18.375673250257631 ], [ -101.889728321239915, 18.376691457158461 ], [ -101.889745021600277, 18.377702506454863 ], [ -101.889287501265187, 18.378612407791056 ], [ -101.888101944062967, 18.378404680251347 ], [ -101.887878817974851, 18.379202665149322 ], [ -101.887534586765085, 18.380110843176158 ], [ -101.887031795361892, 18.378312576438397 ], [ -101.886670710199425, 18.377640844847935 ], [ -101.88583301772357, 18.377310437384381 ], [ -101.885243093248945, 18.377093650654704 ], [ -101.884286245922297, 18.376430950918284 ], [ -101.88321055534702, 18.375995785507445 ], [ -101.882028769303005, 18.376013698202332 ], [ -101.880839482596201, 18.375580239692432 ], [ -101.880242070791098, 18.374912071586746 ], [ -101.88011166862573, 18.374462568598009 ], [ -101.880100423644478, 18.373785522210643 ], [ -101.880450386106119, 18.373220390256581 ], [ -101.882337464326127, 18.372966064597975 ], [ -101.88269101835445, 18.373186445122286 ], [ -101.883055828336907, 18.373515008703869 ], [ -101.883416889487563, 18.374186750546468 ], [ -101.883899056897192, 18.374748300627562 ], [ -101.884260118644576, 18.374851179790891 ], [ -101.884836968248067, 18.374282600367437 ], [ -101.884801227736929, 18.372134115237586 ], [ -101.885262667006046, 18.371449902145198 ], [ -101.885960452266829, 18.370762102836487 ], [ -101.887021086537175, 18.370294533101053 ], [ -101.887962873737237, 18.370054500086251 ], [ -101.888547212550975, 18.369937274150882 ], [ -101.888186144332209, 18.369265543320253 ], [ -101.888526467088042, 18.368691517450305 ], [ -101.889360359498255, 18.368796237940352 ], [ -101.889827336514003, 18.368446024164619 ], [ -101.889214755095892, 18.367444024050258 ], [ -101.888503919550132, 18.367337433867778 ], [ -101.887450806864408, 18.367696540980717 ], [ -101.886751085894403, 18.368266989346925 ], [ -101.885815163634547, 18.368850048292867 ], [ -101.884992531458266, 18.369422355809267 ], [ -101.884045338867892, 18.369328363360371 ], [ -101.883570540935864, 18.369218176768765 ], [ -101.88322659948831, 18.369566512236791 ], [ -101.883122455177869, 18.370696783005588 ], [ -101.883133709921239, 18.371373827806956 ], [ -101.882547559783077, 18.371382711028641 ], [ -101.881708104637013, 18.370943952621538 ], [ -101.88122790541837, 18.370499748977277 ], [ -101.880980309571399, 18.369826282462796 ], [ -101.88108986482176, 18.369030022660652 ], [ -101.880725219994702, 18.368701451059717 ], [ -101.87966263539009, 18.368491798866643 ], [ -101.878830691517678, 18.368504389702409 ], [ -101.877643261230062, 18.368179230386918 ], [ -101.876937961146567, 18.368415636645043 ], [ -101.87586415537352, 18.367528913023328 ], [ -101.875337185319012, 18.366552652406416 ], [ -101.873572376724098, 18.365613146977701 ], [ -101.868704313044162, 18.361731623322026 ], [ -101.867365649273083, 18.36025287630213 ], [ -101.867228377791179, 18.359956965990488 ], [ -101.866090048405255, 18.358601603801759 ], [ -101.864505643700568, 18.357126530499684 ], [ -101.863749881227605, 18.355449353395315 ], [ -101.863558649586906, 18.353601146677462 ], [ -101.863474610745399, 18.352518849490075 ], [ -101.863371667741504, 18.351436836338113 ], [ -101.863426080370203, 18.349575904183222 ], [ -101.864347406662816, 18.346961501084515 ], [ -101.865953324367993, 18.344589627059701 ], [ -101.866189713432334, 18.344008171257187 ], [ -101.866247014557771, 18.342896660045238 ], [ -101.865788665839617, 18.34147686878465 ], [ -101.865877306626103, 18.340545479195669 ], [ -101.866061442564671, 18.340244729843093 ], [ -101.866308837655382, 18.339193566115533 ], [ -101.866907080186948, 18.337631461866259 ], [ -101.867739317645402, 18.336499258946837 ], [ -101.868403574305859, 18.336073895743777 ], [ -101.869469738585735, 18.335940456936264 ], [ -101.870662027406496, 18.334856999599509 ], [ -101.871836032335878, 18.334956694496579 ], [ -101.872765177112285, 18.335114251546685 ], [ -101.873868390747205, 18.334935082464703 ], [ -101.874435863380626, 18.33437571603767 ], [ -101.874670569464001, 18.333703983582911 ], [ -101.874432374676346, 18.333021325539328 ], [ -101.873628456561903, 18.331859598529263 ], [ -101.873518830102142, 18.331424751962675 ], [ -101.87465898797754, 18.33210797089809 ], [ -101.875717959730466, 18.333046139379157 ], [ -101.879358829318946, 18.3366445832389 ], [ -101.880506399761259, 18.337685742532681 ], [ -101.881363588355001, 18.338315904815122 ], [ -101.882220783435741, 18.338946064129463 ], [ -101.883522331188232, 18.339705362308599 ], [ -101.88788189790931, 18.341988388863118 ], [ -101.889164233797459, 18.342635624424751 ], [ -101.889976531971598, 18.343004350624227 ], [ -101.890788834039427, 18.343373073856007 ], [ -101.891827351428844, 18.343779339434018 ], [ -101.895049186998079, 18.344937773911816 ], [ -101.895983582690178, 18.345220448842724 ], [ -101.896552906700961, 18.345300819946697 ], [ -101.897122231511474, 18.345381189423673 ], [ -101.897814473816993, 18.345328145222418 ], [ -101.899906283345814, 18.344919854115425 ], [ -101.900504465538646, 18.344773863693895 ], [ -101.901204175584937, 18.344500879271976 ], [ -101.901605578894845, 18.344256892809018 ], [ -101.902779078594975, 18.343391270009182 ], [ -101.903177243182625, 18.343030431513245 ], [ -101.903349050681001, 18.342825076340421 ], [ -101.903674166825198, 18.342565122395943 ], [ -101.904166040732264, 18.342117784871739 ], [ -101.904699255427602, 18.341439219156463 ], [ -101.904969117394984, 18.340917177953045 ], [ -101.905264826844643, 18.340201409676297 ], [ -101.906462953139297, 18.338450931490478 ], [ -101.906958975807754, 18.337570322237383 ], [ -101.90700642921351, 18.337383381986296 ], [ -101.907147182117029, 18.337253458881062 ], [ -101.907321267047081, 18.337032849498772 ], [ -101.907427243891846, 18.336655406581681 ], [ -101.907404554837839, 18.336336811992112 ], [ -101.907192697064588, 18.335227480276821 ], [ -101.907107121772228, 18.334857084114486 ], [ -101.906919627825573, 18.334237900359167 ], [ -101.906737355147925, 18.333723748264333 ], [ -101.906397386260139, 18.332811061724133 ], [ -101.906272377605532, 18.332429753418815 ], [ -101.906181664966823, 18.332231928383546 ], [ -101.905746872365597, 18.331283732301813 ], [ -101.905248326007325, 18.330415749663764 ], [ -101.903447311451131, 18.327511180088766 ], [ -101.902816167670892, 18.32662580539122 ], [ -101.901671820751233, 18.325398628950019 ], [ -101.900668186741697, 18.324530892182985 ], [ -101.897128970483053, 18.321708603176337 ], [ -101.895871875718257, 18.320745316807525 ], [ -101.894708235177902, 18.319908804179949 ], [ -101.893544606353785, 18.319072286047081 ], [ -101.891477048703067, 18.31764551889653 ], [ -101.884155956205745, 18.31266018213773 ], [ -101.88216655662589, 18.31133109189458 ], [ -101.881185041306495, 18.310722613861341 ], [ -101.880203533343632, 18.310114131765719 ], [ -101.879388590209103, 18.309704718978011 ], [ -101.877548538082522, 18.309011086478925 ], [ -101.877016420782667, 18.308839880779015 ], [ -101.876694834804866, 18.308787221436489 ], [ -101.875986548686626, 18.308755311734174 ], [ -101.874825116750031, 18.308957461685935 ], [ -101.874637291622179, 18.308971747554999 ], [ -101.874605678406951, 18.308620653919739 ], [ -101.874077247702715, 18.308095866493172 ], [ -101.872409973612832, 18.307308306936292 ], [ -101.871853119133519, 18.306215071495817 ], [ -101.871809123387848, 18.30412085301958 ], [ -101.872633683725539, 18.303106150303712 ], [ -101.872695964467795, 18.302870441762057 ], [ -101.871067963324947, 18.301594670080821 ], [ -101.870764363634649, 18.300380232046905 ], [ -101.870774411941383, 18.299269431680791 ], [ -101.871220209961123, 18.298215284695583 ], [ -101.870894219777981, 18.29736236951933 ], [ -101.869774656827985, 18.295961545249838 ], [ -101.869362885799887, 18.295064766992272 ], [ -101.868911833214696, 18.2940782807175 ], [ -101.868530948656172, 18.293334539992173 ], [ -101.867779739483993, 18.292488004521392 ], [ -101.867050853824708, 18.291848812977545 ], [ -101.865482372948009, 18.290734615637856 ], [ -101.86475053465287, 18.289914863281393 ], [ -101.864430086269948, 18.289395947028456 ], [ -101.864482138241982, 18.288537343153809 ], [ -101.865606402301012, 18.287355643049718 ], [ -101.866383742205969, 18.286919581098722 ], [ -101.866933988906339, 18.286477895908241 ], [ -101.868491861775084, 18.285217435394863 ], [ -101.869526696582057, 18.284921970203207 ], [ -101.871536764052593, 18.283582457272129 ], [ -101.872287801855649, 18.283282215442075 ], [ -101.87361577094461, 18.282413453281301 ], [ -101.87774056602602, 18.28264933416126 ], [ -101.880353586151898, 18.281770194935312 ], [ -101.881645734934295, 18.281615262490163 ], [ -101.882104567740555, 18.281346481623331 ], [ -101.882432051752787, 18.28057402377959 ], [ -101.882825079729145, 18.279764458198613 ], [ -101.883471690500159, 18.27942963394641 ], [ -101.883659178311248, 18.279336508024983 ], [ -101.885406466784445, 18.277549355891907 ], [ -101.885808436267453, 18.277290456382502 ], [ -101.885542862135154, 18.276653366548395 ], [ -101.884374572488227, 18.275731928566156 ], [ -101.883633131964473, 18.27490336638456 ], [ -101.880574388712134, 18.272249643680968 ], [ -101.877721534162163, 18.270613109874134 ], [ -101.876231179748544, 18.269642282263902 ], [ -101.873714303754085, 18.268316660415042 ], [ -101.872091261492386, 18.267329730418396 ], [ -101.869332944562984, 18.266251471675126 ], [ -101.866331919898627, 18.264788529824809 ], [ -101.865615582867377, 18.264329722861216 ], [ -101.865143128065569, 18.263758901224037 ], [ -101.864612949440854, 18.263125734756532 ], [ -101.86467386484162, 18.262239908115696 ], [ -101.865254917940263, 18.261933220379746 ], [ -101.866664740279489, 18.261460602164188 ], [ -101.868390051535698, 18.261208984750898 ], [ -101.869257354319473, 18.261078585825281 ], [ -101.872088085607544, 18.260810345059067 ], [ -101.875647930734132, 18.261777193336687 ], [ -101.877184257396678, 18.261528339664277 ], [ -101.879996302936576, 18.261847189566446 ], [ -101.884421840787525, 18.264299738343531 ], [ -101.886201898866901, 18.265645371610795 ], [ -101.891312639739553, 18.272936261764688 ], [ -101.894364713614195, 18.271761367828958 ], [ -101.89323125643503, 18.269521144374423 ], [ -101.892633331568376, 18.268798800951863 ], [ -101.889367661352111, 18.265633667346908 ], [ -101.887320943483033, 18.264165679948057 ], [ -101.885499073290418, 18.262576888001444 ], [ -101.885247752006507, 18.262237555888706 ], [ -101.883473554402599, 18.261243974718443 ], [ -101.882407081766388, 18.260185529642857 ], [ -101.880682776756203, 18.259922566009795 ], [ -101.880343989098236, 18.260008936240148 ], [ -101.878088139254274, 18.259031582406291 ], [ -101.874865862138918, 18.258475064771567 ], [ -101.870386174031225, 18.256736417123403 ], [ -101.869444939657981, 18.256976284232437 ], [ -101.86674216442853, 18.258118443881813 ], [ -101.865115621885622, 18.258052522497938 ], [ -101.863349995528736, 18.257573301279251 ], [ -101.86117187967433, 18.256143079436459 ], [ -101.860961805804422, 18.256010775599897 ], [ -101.860738438917409, 18.255643896456863 ], [ -101.859705934761919, 18.254927925825299 ], [ -101.858824618685631, 18.254778564821574 ], [ -101.857270437475009, 18.254503805566532 ], [ -101.856649090694106, 18.254648533387172 ], [ -101.855960574929867, 18.255308960588181 ], [ -101.855174474081466, 18.255781216945042 ], [ -101.854474732160782, 18.255755542464993 ], [ -101.853835371989135, 18.255376801905427 ], [ -101.853132541717741, 18.254583634245527 ], [ -101.849691861389161, 18.250481202567855 ], [ -101.848618185552056, 18.247806298905655 ], [ -101.846642669321142, 18.246616670017723 ], [ -101.846091033746063, 18.246399129462532 ], [ -101.844795474841931, 18.24518130299063 ], [ -101.844026052356583, 18.24377504924044 ], [ -101.843723622068524, 18.241449834140933 ], [ -101.84361088833289, 18.240909716146799 ], [ -101.8434572779083, 18.24018960755555 ], [ -101.843196038556457, 18.239805203241612 ], [ -101.842948594964597, 18.240287462806975 ], [ -101.842735961638184, 18.241148460516037 ], [ -101.842603159799935, 18.242279169144311 ], [ -101.842679866853416, 18.244670950005922 ], [ -101.842930398402899, 18.246139099347445 ], [ -101.842735184234698, 18.246918569758314 ], [ -101.842356942473032, 18.247475012039288 ], [ -101.841489079948161, 18.247569171582352 ], [ -101.840688777072032, 18.246587766441781 ], [ -101.83947912255077, 18.244266975487744 ], [ -101.839018287823336, 18.24264842891948 ], [ -101.837481995415928, 18.240567241237361 ], [ -101.837331210635057, 18.2411744814382 ], [ -101.83743727738306, 18.243051132721245 ], [ -101.837983048861574, 18.244072450577551 ], [ -101.83814857904072, 18.244954927387045 ], [ -101.838003660669699, 18.245923277697734 ], [ -101.838507048759794, 18.247243208031215 ], [ -101.838773460171566, 18.24909941684 ], [ -101.839693103498888, 18.251027198010011 ], [ -101.840874521293983, 18.254522285540769 ], [ -101.840663139028834, 18.256051476725975 ], [ -101.839435657585753, 18.257279710459827 ], [ -101.838750581174082, 18.258156751174617 ], [ -101.837296751978826, 18.259415424082682 ], [ -101.836420549867725, 18.259581931107189 ], [ -101.835443996828772, 18.259388725445856 ], [ -101.833406219911438, 18.258452726813893 ], [ -101.829785318858697, 18.25836186135421 ], [ -101.828015114458367, 18.258180357954227 ], [ -101.827351244804831, 18.258036664428001 ], [ -101.823908203685178, 18.257265806560181 ], [ -101.822758134006691, 18.257445324707945 ], [ -101.822103169849257, 18.257852311021139 ], [ -101.821890672245843, 18.25815343692166 ], [ -101.822152890450809, 18.260352888913079 ], [ -101.822161184529861, 18.262610267510162 ], [ -101.822502397491917, 18.263255390884037 ], [ -101.822295957827976, 18.263529943975428 ], [ -101.819061279305799, 18.263566970683264 ], [ -101.816388609322885, 18.263324387224245 ], [ -101.816203266958638, 18.26178608081792 ], [ -101.815545033417436, 18.260820529510319 ], [ -101.815261255269206, 18.259632741375867 ], [ -101.813976080516412, 18.257881766186838 ], [ -101.813763559093047, 18.257595931223527 ], [ -101.813449135412284, 18.256851061880102 ], [ -101.813064488837981, 18.254689504221115 ], [ -101.812697750620643, 18.253620319346815 ], [ -101.81211311865728, 18.254297140498224 ], [ -101.810547887943628, 18.256866628737232 ], [ -101.810185504213223, 18.257829142477981 ], [ -101.809846822498642, 18.259874373080788 ], [ -101.809112547721071, 18.258283615766416 ], [ -101.806930542651401, 18.254972459226465 ], [ -101.80505371117782, 18.252300262969282 ], [ -101.803359985416733, 18.249998092868289 ], [ -101.802024840438904, 18.246877670989502 ], [ -101.800819397075543, 18.24482154895955 ], [ -101.799598692942595, 18.242530822186861 ] ], [ [ -102.063388783585438, 18.250018857304958 ], [ -102.063155387009388, 18.249884921298229 ], [ -102.062921990820143, 18.249750985055485 ], [ -102.062475579684119, 18.249640864398678 ], [ -102.060859123567454, 18.249394832907203 ], [ -102.060333091163031, 18.249278405626068 ], [ -102.059913908863123, 18.249129761087492 ], [ -102.059494727401002, 18.24898111572843 ], [ -102.058823098768414, 18.248672842575282 ], [ -102.056527213686948, 18.24753151218243 ], [ -102.055850112063169, 18.247233303041472 ], [ -102.055418141284719, 18.247108153389902 ], [ -102.054986171264176, 18.24698300284826 ], [ -102.054429070063108, 18.246923640716435 ], [ -102.052693205229801, 18.246896910259288 ], [ -102.052139535001402, 18.24694932494328 ], [ -102.051715568933346, 18.247084995125952 ], [ -102.051291602335851, 18.247220664272277 ], [ -102.050633938323131, 18.247555876366778 ], [ -102.048412755089913, 18.248848844045416 ], [ -102.047643316645122, 18.249192477146043 ], [ -102.046958560506567, 18.249347811305192 ], [ -102.046273803509564, 18.249503142833781 ], [ -102.045086796685823, 18.249603314433418 ], [ -102.040916950794454, 18.249760066683507 ], [ -102.039761397416171, 18.249886084058026 ], [ -102.039150026217911, 18.250101774876708 ], [ -102.038538653771624, 18.250317463518421 ], [ -102.037947428251655, 18.250807706684203 ], [ -102.036411101935329, 18.252664123422029 ], [ -102.036021448872702, 18.253177796051165 ], [ -102.035880431487044, 18.253448162291637 ], [ -102.035739413614678, 18.253718528358874 ], [ -102.035726161128579, 18.253977331419261 ], [ -102.035946353438007, 18.254644347115057 ], [ -102.036104356566057, 18.254834703713595 ], [ -102.036362934240287, 18.254945361061058 ], [ -102.036621512286587, 18.255056018104202 ], [ -102.037202303697413, 18.255181823592 ], [ -102.039395514897947, 18.25554758771462 ], [ -102.040052085456196, 18.255593300185797 ], [ -102.040487473707017, 18.255517087060376 ], [ -102.040922861727111, 18.255440872887455 ], [ -102.04151025535711, 18.25517740725375 ], [ -102.043380636994229, 18.25410031761842 ], [ -102.043952339009735, 18.253821364949506 ], [ -102.044351125741244, 18.253709026151434 ], [ -102.044749912077549, 18.253596686446283 ], [ -102.045317601536013, 18.253554670039584 ], [ -102.047169248970064, 18.2535832633341 ], [ -102.047747223645985, 18.253561712949232 ], [ -102.048592788882331, 18.253432559656989 ], [ -102.048907776394984, 18.253351082575463 ], [ -102.051317074043396, 18.252638289947598 ], [ -102.052031383556454, 18.252517254478711 ], [ -102.052650954593716, 18.252550502102331 ], [ -102.05327052617919, 18.252583747749615 ], [ -102.05432642387423, 18.252799771347874 ], [ -102.058014832931178, 18.253741353141518 ], [ -102.05904931988853, 18.253967180230859 ], [ -102.059618903493927, 18.254023337964714 ], [ -102.060188487727274, 18.254079494051616 ], [ -102.060781380279309, 18.254014118103015 ], [ -102.062409039306573, 18.253596711419778 ], [ -102.062859730279371, 18.253452964331384 ], [ -102.063097514570799, 18.253326262103545 ], [ -102.063335298548296, 18.253199559529268 ], [ -102.063563990837295, 18.252981300447193 ], [ -102.06415565071643, 18.252216162116277 ], [ -102.064283799933875, 18.251970965271198 ], [ -102.064286986455357, 18.251781409257379 ], [ -102.064290172937959, 18.251591853239283 ], [ -102.06417112863987, 18.25129546156731 ], [ -102.063609219212367, 18.250291411971062 ], [ -102.063388783585438, 18.250018857304958 ] ], [ [ -102.013204477128141, 18.266433287617158 ], [ -102.012874367031429, 18.2667751607928 ], [ -102.011811937980696, 18.267975139203891 ], [ -102.011542637004752, 18.268490628976284 ], [ -102.011445486432677, 18.269093451586219 ], [ -102.011348334866895, 18.269696274017164 ], [ -102.011340061650159, 18.270903134715681 ], [ -102.011495751902885, 18.275329506245377 ], [ -102.011562747366568, 18.276486758814272 ], [ -102.011641228129193, 18.276973829279019 ], [ -102.011719709121252, 18.277460899753269 ], [ -102.011876945341129, 18.277695277048291 ], [ -102.012453752695677, 18.277814895805825 ], [ -102.012796384394377, 18.277777932340516 ], [ -102.013307453888373, 18.277631874303793 ], [ -102.013818522721238, 18.277485814772639 ], [ -102.014936085289222, 18.277105461794861 ], [ -102.019129204785273, 18.275622540120871 ], [ -102.020421868731177, 18.275260118955551 ], [ -102.022167351329259, 18.275062424617637 ], [ -102.022873412640479, 18.275105346177469 ], [ -102.025875108578674, 18.275594488120397 ], [ -102.026719941484629, 18.275722749890988 ], [ -102.0276607856525, 18.275832187383134 ], [ -102.028160014609739, 18.275860266825966 ], [ -102.029548905593629, 18.275881863339567 ], [ -102.029953164018011, 18.275867833178811 ], [ -102.030450810994083, 18.275780767859008 ], [ -102.030757476488603, 18.275670419260358 ], [ -102.031690932885226, 18.275242522103731 ], [ -102.031971974276431, 18.275075908953767 ], [ -102.032161010280092, 18.274901094931515 ], [ -102.032350045906028, 18.274726280664968 ], [ -102.032609106386403, 18.274393424822502 ], [ -102.033439977161393, 18.273189723167114 ], [ -102.033647787070791, 18.272744340935969 ], [ -102.033717244813062, 18.272306968127868 ], [ -102.033786702038483, 18.271869595227383 ], [ -102.033777342687301, 18.27106534102909 ], [ -102.033594751162553, 18.268186900666539 ], [ -102.033595673739086, 18.267403120264813 ], [ -102.033689122209381, 18.267013519442003 ], [ -102.033782570132445, 18.266623918500002 ], [ -102.034048641991248, 18.266294553125761 ], [ -102.035103410270494, 18.265536712400475 ], [ -102.035441463464082, 18.265350661419742 ], [ -102.035702872694586, 18.265295464737662 ], [ -102.035964281812753, 18.265240267673637 ], [ -102.036373112763826, 18.265268613173781 ], [ -102.037758175724633, 18.265511281077284 ], [ -102.038192114952466, 18.265626348070917 ], [ -102.038512107136796, 18.265773506326969 ], [ -102.03883209992614, 18.26592066412174 ], [ -102.039312425858981, 18.266226048568939 ], [ -102.040913973637558, 18.267356854629764 ], [ -102.041383850912041, 18.267651915811957 ], [ -102.041679451068646, 18.267774991802693 ], [ -102.041975051700845, 18.267898067393755 ], [ -102.042349745843694, 18.267954651529518 ], [ -102.043507117375896, 18.267972555977952 ], [ -102.043835272862324, 18.267952238136409 ], [ -102.044022282758547, 18.267895879592189 ], [ -102.044209292559515, 18.267839520847215 ], [ -102.044415450648174, 18.26769881424768 ], [ -102.04500350004399, 18.267154899792928 ], [ -102.045168860875847, 18.266911988988795 ], [ -102.045260678955614, 18.266617154987909 ], [ -102.045352496653692, 18.266322320890762 ], [ -102.045449472231056, 18.26572284872957 ], [ -102.045718383323234, 18.263514979222588 ], [ -102.045730669254127, 18.262893883297878 ], [ -102.045624884485306, 18.262548594763388 ], [ -102.045519100038149, 18.262203306219178 ], [ -102.045204573826354, 18.261837863209863 ], [ -102.043948362379155, 18.260823035791969 ], [ -102.043558066620704, 18.260537677386747 ], [ -102.043275478085732, 18.260379256473538 ], [ -102.042992890107342, 18.260220835213005 ], [ -102.042575790496642, 18.260053561791413 ], [ -102.041194506102215, 18.259589790065125 ], [ -102.040649094971513, 18.25946623496402 ], [ -102.040067109015169, 18.259409827083537 ], [ -102.039485123709966, 18.259353417482547 ], [ -102.03836771917797, 18.259315800484536 ], [ -102.034317144306513, 18.259253024232997 ], [ -102.033140255094651, 18.259275397276014 ], [ -102.03241946254002, 18.259359013114207 ], [ -102.031698669713876, 18.259442626131701 ], [ -102.03081614917383, 18.259659153919245 ], [ -102.028139293484827, 18.260502369845558 ], [ -102.027404610995916, 18.260777042413693 ], [ -102.026652958823718, 18.261215654747254 ], [ -102.026585665553625, 18.261285490775109 ], [ -102.026561147373187, 18.261300562548772 ], [ -102.026130229271658, 18.261737388343057 ], [ -102.024946529371235, 18.263267368612187 ], [ -102.02467246898469, 18.26359367293421 ], [ -102.024381245510043, 18.263790126539728 ], [ -102.0230949860252, 18.264544298876217 ], [ -102.022611494946588, 18.264738218554548 ], [ -102.021641468415126, 18.264889007839642 ], [ -102.020739208466338, 18.264910498948435 ], [ -102.017498695525347, 18.264859971406786 ], [ -102.016601839342485, 18.264876448646653 ], [ -102.016129428069831, 18.264940175058566 ], [ -102.015657016632048, 18.265003900251216 ], [ -102.015204125057053, 18.265169499314094 ], [ -102.014035449350914, 18.265814841174066 ], [ -102.013682569684903, 18.266037861898436 ], [ -102.01344352367191, 18.26623557494829 ], [ -102.013204477128141, 18.266433287617158 ] ], [ [ -102.196784045274327, 18.311423065339063 ], [ -102.19685465964767, 18.311661130163348 ], [ -102.196925274170212, 18.311899194982281 ], [ -102.197099820480403, 18.312287775415189 ], [ -102.197773146252445, 18.313625020440607 ], [ -102.197957838319411, 18.314044224460744 ], [ -102.198052120984912, 18.314353745003373 ], [ -102.198146403911849, 18.314663265535714 ], [ -102.198231090843564, 18.31512840597534 ], [ -102.198437731317583, 18.316680020341128 ], [ -102.198507205056174, 18.317099224897657 ], [ -102.198565989774011, 18.317301561662084 ], [ -102.198624774596709, 18.31750389842302 ], [ -102.198723257324502, 18.31766279887502 ], [ -102.199065274394158, 18.317999660529875 ], [ -102.199196802625394, 18.318087937871582 ], [ -102.199332692947209, 18.318125487579913 ], [ -102.199468583340874, 18.318163037199053 ], [ -102.199725313246105, 18.31818204438564 ], [ -102.200651605738216, 18.318195642755438 ], [ -102.200986038264588, 18.318012622073606 ], [ -102.201303233144614, 18.317578775451064 ], [ -102.201620426358716, 18.317144928070057 ], [ -102.202192256586869, 18.316088384131017 ], [ -102.204226349300342, 18.312025519725609 ], [ -102.204746446081643, 18.310876780337658 ], [ -102.204942989745959, 18.310227831253929 ], [ -102.205139531615899, 18.309578881731632 ], [ -102.205180991570742, 18.308873482263575 ], [ -102.2049813909383, 18.306879517774547 ], [ -102.204973126727552, 18.30629021116205 ], [ -102.205053643174963, 18.305912144564687 ], [ -102.205134159156174, 18.305534077873112 ], [ -102.205372468615863, 18.305043193668137 ], [ -102.206323537151547, 18.303508529847118 ], [ -102.206572472446254, 18.303017798863756 ], [ -102.206677792282022, 18.302640093909176 ], [ -102.206783111548106, 18.302262388821838 ], [ -102.206835090036606, 18.301673962978725 ], [ -102.206867016118991, 18.299683385790953 ], [ -102.20691899227208, 18.299094959643686 ], [ -102.207024307754025, 18.298717253941259 ], [ -102.207129622666429, 18.298339548106107 ], [ -102.207378546296454, 18.297848814537797 ], [ -102.208329549917721, 18.296314132032457 ], [ -102.208558504248458, 18.295741836846176 ], [ -102.208617234229479, 18.295173824783014 ], [ -102.208675963556814, 18.294605812620595 ], [ -102.20861480955638, 18.293555216468519 ], [ -102.208211969880921, 18.289788459004644 ], [ -102.208129064546057, 18.288768020092057 ], [ -102.208137036730776, 18.288270374617362 ], [ -102.208145008660495, 18.287772729113424 ], [ -102.208250690696531, 18.287371323653854 ], [ -102.208727926824096, 18.286493388064816 ], [ -102.208927501662259, 18.286205096594397 ], [ -102.209154559386803, 18.285971384616438 ], [ -102.209381616495179, 18.285737672281282 ], [ -102.209830776092417, 18.285358213858633 ], [ -102.211472726338187, 18.284054822386647 ], [ -102.211911408190147, 18.28366504655067 ], [ -102.212114030877942, 18.283407270460081 ], [ -102.212316652941169, 18.283149494067651 ], [ -102.212456893266591, 18.282802767289123 ], [ -102.212706102373701, 18.281700261682694 ], [ -102.212698963061925, 18.281259958193878 ], [ -102.212557701795504, 18.280783836435607 ], [ -102.212416441125598, 18.280307714655557 ], [ -102.212019980836232, 18.279387669955213 ], [ -102.21045238525501, 18.276046368072194 ], [ -102.209929995910514, 18.275022898566359 ], [ -102.209494871613089, 18.274305455364402 ], [ -102.20905975061109, 18.27358801160479 ], [ -102.208338934544301, 18.272561641764508 ], [ -102.205845418972842, 18.269206791595682 ], [ -102.205189234063297, 18.268130566561759 ], [ -102.20490486757673, 18.26729680609272 ], [ -102.20462050328527, 18.266463045502743 ], [ -102.204464210094997, 18.265157098701362 ], [ -102.204303562210995, 18.260730201140174 ], [ -102.204221679631658, 18.25942534219794 ], [ -102.20411094712027, 18.258594120377406 ], [ -102.204000215089053, 18.257762898571553 ], [ -102.203765721588198, 18.256692838065597 ], [ -102.202892896858657, 18.253361665652236 ], [ -102.202552117625288, 18.252290050787028 ], [ -102.202193373100556, 18.25145520226684 ], [ -102.201834631518963, 18.250620353472552 ], [ -102.201150435616299, 18.249306685551172 ], [ -102.198675069858922, 18.244845923034969 ], [ -102.197936631146462, 18.243602563232525 ], [ -102.197451258144895, 18.24293177616331 ], [ -102.196965888675535, 18.242260988324986 ], [ -102.19631754844238, 18.241587812551838 ], [ -102.194262720632253, 18.239787892277011 ], [ -102.19366051636726, 18.239222048557632 ], [ -102.193282775233598, 18.238801711367806 ], [ -102.192905035879861, 18.238381373661902 ], [ -102.192427981788413, 18.237746253788959 ], [ -102.190957225941304, 18.235623033022271 ], [ -102.190415273371798, 18.235058065874547 ], [ -102.189886086320129, 18.23480142076718 ], [ -102.189356900985942, 18.23454477440028 ], [ -102.188386892250648, 18.234376464970055 ], [ -102.184918565243493, 18.234104278185207 ], [ -102.183947830403355, 18.233981648590987 ], [ -102.1834169406347, 18.233831623952451 ], [ -102.182886051978798, 18.233681597961944 ], [ -102.182339960482764, 18.233375586721429 ], [ -102.180853321272565, 18.232247582677136 ], [ -102.180433873904363, 18.231999301781638 ], [ -102.180198477019374, 18.231983984261468 ], [ -102.179963080218698, 18.231968666457114 ], [ -102.179709963601127, 18.232173182895352 ], [ -102.178999541068862, 18.233158226635737 ], [ -102.178802581858363, 18.233505784307194 ], [ -102.178698223871194, 18.233824231412452 ], [ -102.178593865425157, 18.234142678399607 ], [ -102.178492658254029, 18.234704969558639 ], [ -102.178229070010019, 18.236692100225518 ], [ -102.178211983905882, 18.237311501006868 ], [ -102.178303913501523, 18.237763204632866 ], [ -102.178395843405141, 18.238214908260808 ], [ -102.178675587871808, 18.238886089182103 ], [ -102.179797217213277, 18.241114857652995 ], [ -102.180157586343029, 18.241731355041853 ], [ -102.180437625991374, 18.242055465466887 ], [ -102.180717666651375, 18.242379575613569 ], [ -102.181157411658077, 18.242689107238377 ], [ -102.182649481249953, 18.243485362275713 ], [ -102.183212527881636, 18.243730676218103 ], [ -102.183780265034244, 18.243904949793428 ], [ -102.184348003546106, 18.244079221833562 ], [ -102.185407066797225, 18.244331826791381 ], [ -102.189213911490455, 18.245162064949092 ], [ -102.190203169080377, 18.245459332024044 ], [ -102.190608001169409, 18.245737857175143 ], [ -102.191012834612323, 18.246016381636746 ], [ -102.191180239272043, 18.246514903660188 ], [ -102.191151790230109, 18.248284291607114 ], [ -102.191122638929812, 18.248774849212293 ], [ -102.191068844579831, 18.249034789732296 ], [ -102.191015050014286, 18.249294730209229 ], [ -102.190890502834932, 18.249546859668516 ], [ -102.190416869821291, 18.25020358188921 ], [ -102.19029150413121, 18.250506490306481 ], [ -102.190235801577714, 18.250884915973884 ], [ -102.190180098663006, 18.251263341579161 ], [ -102.19014631341652, 18.252041649305944 ], [ -102.190100050080517, 18.254916900316669 ], [ -102.190107635553062, 18.255766923582843 ], [ -102.190148469258432, 18.256312685993795 ], [ -102.190189302967156, 18.256858448403342 ], [ -102.190298386087193, 18.257567746367389 ], [ -102.19072577737164, 18.259786278755776 ], [ -102.190878035948927, 18.260455577721935 ], [ -102.19101960865828, 18.260908009078261 ], [ -102.19116118194394, 18.261360440410364 ], [ -102.191413418254612, 18.261983802325339 ], [ -102.192307384427053, 18.263987960890422 ], [ -102.192576634588903, 18.264545542861875 ], [ -102.192757896895955, 18.264844488648524 ], [ -102.192939159774369, 18.26514343433902 ], [ -102.193187802143598, 18.265439983013263 ], [ -102.193985610977393, 18.266225984115216 ], [ -102.194362472825617, 18.266483780192434 ], [ -102.194842911468839, 18.266692303800049 ], [ -102.195323351403957, 18.266900826350053 ], [ -102.19631917610036, 18.267238807026995 ], [ -102.200005511804889, 18.268398967329382 ], [ -102.201043227448181, 18.268778172479518 ], [ -102.201621379919715, 18.269082922919221 ], [ -102.202199534593646, 18.269387671872021 ], [ -102.202813684876148, 18.269879183126729 ], [ -102.204523427017023, 18.271563399781979 ], [ -102.204998904573642, 18.272083352542165 ], [ -102.20525347187035, 18.272454470551054 ], [ -102.20550804018518, 18.272825588353761 ], [ -102.205759898009688, 18.27336597304387 ], [ -102.206426103285239, 18.275145532477076 ], [ -102.206598641144936, 18.275659361128422 ], [ -102.206737606113663, 18.276277669209374 ], [ -102.20676358893887, 18.276647137852279 ], [ -102.206745875977973, 18.277753016686084 ], [ -102.206639539538358, 18.278084996557268 ], [ -102.206435657230656, 18.278273896875106 ], [ -102.206298336251649, 18.278401126636915 ], [ -102.206161015072851, 18.278528356271412 ], [ -102.205583744004599, 18.278829745805698 ], [ -102.203368325237989, 18.279792853852097 ], [ -102.202754081404478, 18.280078454933943 ], [ -102.202103040450979, 18.280448168026307 ], [ -102.201787226578219, 18.280690729873179 ], [ -102.200964466653915, 18.281452970872898 ], [ -102.200728302198314, 18.281701776661205 ], [ -102.200588633699681, 18.281901204282242 ], [ -102.20044896486246, 18.282100631754265 ], [ -102.200286075995464, 18.282421619091618 ], [ -102.199805261908239, 18.283520703968264 ], [ -102.199689150896248, 18.283908405452909 ], [ -102.199628117233317, 18.284618595390427 ], [ -102.199657037731669, 18.285245451079884 ], [ -102.199853034800029, 18.287460587785979 ], [ -102.199781036276093, 18.288080884646227 ], [ -102.199515040153457, 18.288420675255232 ], [ -102.199249042948964, 18.288760465342694 ], [ -102.198561049582977, 18.28911099572414 ], [ -102.195882394860632, 18.290067199438052 ], [ -102.19512602040669, 18.290370999394522 ], [ -102.194700480787645, 18.290601775964511 ], [ -102.19427494013506, 18.290832551427698 ], [ -102.193815486015822, 18.291188113212492 ], [ -102.192522438813498, 18.292385845333918 ], [ -102.192185161415026, 18.2927482777005 ], [ -102.192044709489679, 18.292995090476957 ], [ -102.191904257129323, 18.29324190309055 ], [ -102.191840243608766, 18.293584650474855 ], [ -102.191822418419136, 18.294690513185994 ], [ -102.191954358580304, 18.29508185485054 ], [ -102.192271132849498, 18.295442053831565 ], [ -102.192587908398011, 18.295802252451448 ], [ -102.193361043918742, 18.296440048192004 ], [ -102.196335505140169, 18.29869600945003 ], [ -102.19710768728298, 18.299394728945725 ], [ -102.197422192012439, 18.29989710466733 ], [ -102.197736698421195, 18.300399480091617 ], [ -102.197863098833793, 18.301136121371055 ], [ -102.197823948494232, 18.303569029826448 ], [ -102.197834371791615, 18.304243018358054 ], [ -102.197878269898865, 18.304599204251648 ], [ -102.197922168079756, 18.304955390147683 ], [ -102.198037168620061, 18.305299075611828 ], [ -102.198486043821219, 18.306190569005594 ], [ -102.198559168757711, 18.306493006249529 ], [ -102.198505354614554, 18.306752946579433 ], [ -102.198451540255363, 18.307012886866257 ], [ -102.198224659079031, 18.3074531358433 ], [ -102.19727349829877, 18.308987746170509 ], [ -102.197025345238231, 18.309427680501482 ], [ -102.196921907057728, 18.309686890896234 ], [ -102.19681846851995, 18.309946101187094 ], [ -102.196771084375271, 18.310246768233345 ], [ -102.196756835461187, 18.311131460626296 ], [ -102.196784045274327, 18.311423065339063 ] ], [ [ -102.094452504757399, 18.483411664598087 ], [ -102.095392864840122, 18.483515824243884 ], [ -102.095852471738709, 18.483511027651886 ], [ -102.096312078780855, 18.483506229938463 ], [ -102.096684879558694, 18.483388367301135 ], [ -102.097505399274141, 18.482847936078546 ], [ -102.097740870470219, 18.48266702000674 ], [ -102.097880044703587, 18.482515099323511 ], [ -102.098019218686389, 18.482363178501814 ], [ -102.098181387771191, 18.482110035411633 ], [ -102.098659825963225, 18.481232541645646 ], [ -102.098785513453691, 18.480933129871968 ], [ -102.098839566642695, 18.480673249844681 ], [ -102.098893619611431, 18.480413369773245 ], [ -102.098922369645209, 18.479970267213062 ], [ -102.098948429283666, 18.478422215296458 ], [ -102.098918730735548, 18.477973138085591 ], [ -102.098836405229576, 18.477699317301251 ], [ -102.098754079925101, 18.477425496510246 ], [ -102.098548563670334, 18.477092228509633 ], [ -102.097754143548457, 18.476084618125885 ], [ -102.097499714833816, 18.4758115443482 ], [ -102.097303255416165, 18.475678177927882 ], [ -102.097106796318243, 18.475544811343713 ], [ -102.096799912575861, 18.47543683779519 ], [ -102.095760708417657, 18.475199691405752 ], [ -102.095338832995949, 18.475282943248839 ], [ -102.094874056829482, 18.475595771371012 ], [ -102.094409279060514, 18.475908598108411 ], [ -102.09350321333342, 18.476719135026997 ], [ -102.090204390925493, 18.479875943499202 ], [ -102.089361538814572, 18.480722978043914 ], [ -102.089044330760487, 18.481121010040216 ], [ -102.088727121179858, 18.481519041286781 ], [ -102.088663669248348, 18.481809244121862 ], [ -102.08900198279855, 18.482367462395953 ], [ -102.08924930831698, 18.482535477914169 ], [ -102.08965724427722, 18.482648404509767 ], [ -102.090065180895309, 18.482761330297514 ], [ -102.090983389160684, 18.482915957661291 ], [ -102.094452504757399, 18.483411664598087 ] ], [ [ -102.185879737429417, 18.570232749491204 ], [ -102.185372507433783, 18.570094814951357 ], [ -102.184785916592105, 18.569816867675414 ], [ -102.183062964563732, 18.568795643291423 ], [ -102.182612844789091, 18.567991513266648 ], [ -102.182424035694325, 18.566625826081982 ], [ -102.182235228046892, 18.565260138934967 ], [ -102.182145887863584, 18.562162305688073 ], [ -102.182106512249533, 18.550437117449846 ], [ -102.182100289007678, 18.550030663117337 ], [ -102.182059399083499, 18.547360228297752 ], [ -102.181969190098513, 18.546043418043059 ], [ -102.181878981025278, 18.544726607768677 ], [ -102.181668360658705, 18.544041182398669 ], [ -102.180865887236862, 18.543476149583995 ], [ -102.18056109035345, 18.543337849310237 ], [ -102.180251132817816, 18.543297665560765 ], [ -102.179941175500772, 18.543257481320744 ], [ -102.179360379359309, 18.543280969006332 ], [ -102.177269910919662, 18.543470932931431 ], [ -102.176700262957922, 18.543464105065937 ], [ -102.176416319283632, 18.543353198373541 ], [ -102.176132376028875, 18.543242291301222 ], [ -102.175890757407402, 18.542932243646629 ], [ -102.175331093974364, 18.541707168833696 ], [ -102.175137974735136, 18.54136229350841 ], [ -102.174967193048758, 18.541170121968783 ], [ -102.174796411736253, 18.540977950322088 ], [ -102.174501583859751, 18.540773763726445 ], [ -102.173467287028629, 18.540205233485146 ], [ -102.173065074256755, 18.540055305689922 ], [ -102.17264372428015, 18.539989740099976 ], [ -102.172222374760395, 18.539924173610817 ], [ -102.171420731142305, 18.539886767657581 ], [ -102.168522430846011, 18.539843313867305 ], [ -102.167558660199475, 18.539950749382257 ], [ -102.165959354162979, 18.540495586765164 ], [ -102.164638394363337, 18.541166485614252 ], [ -102.160073149249854, 18.543752439887893 ], [ -102.15872636833565, 18.544372113460827 ], [ -102.157866539994288, 18.544525077744304 ], [ -102.157006710677649, 18.544678037896457 ], [ -102.155896847949393, 18.544495403265302 ], [ -102.152437181954028, 18.543337159095366 ], [ -102.151387915963113, 18.543033520091534 ], [ -102.150669446012529, 18.542904166723517 ], [ -102.149950977536975, 18.5427748107609 ], [ -102.148947471847038, 18.542708865100423 ], [ -102.145701386293069, 18.54265980052249 ], [ -102.144728306697004, 18.542685712578955 ], [ -102.144080827109832, 18.542770721578641 ], [ -102.143433347204379, 18.542855728266513 ], [ -102.142556482878803, 18.543072696341873 ], [ -102.139759396304342, 18.543915176454263 ], [ -102.138993723305973, 18.544169363890383 ], [ -102.138605702433949, 18.544341240954619 ], [ -102.138217680877062, 18.544513117111968 ], [ -102.137874722650537, 18.544750007973121 ], [ -102.137050290590849, 18.545511744815286 ], [ -102.136824105740203, 18.545770720314248 ], [ -102.136708559094117, 18.545994129386514 ], [ -102.136593012114076, 18.546217538342567 ], [ -102.136489063319232, 18.546596874514307 ], [ -102.136235060107538, 18.547920291608005 ], [ -102.136125531295392, 18.548314779152356 ], [ -102.135996966999926, 18.548573541751921 ], [ -102.135868402271228, 18.548832304205035 ], [ -102.135610603516426, 18.549177137860365 ], [ -102.13466466522155, 18.550268832947676 ], [ -102.134417847964045, 18.550593515807311 ], [ -102.134314913731629, 18.550805263505453 ], [ -102.134211979214285, 18.551017011108787 ], [ -102.134164698901756, 18.551297321893657 ], [ -102.134149926379934, 18.552181943761369 ], [ -102.134197283636695, 18.552534795882572 ], [ -102.134315170708135, 18.552915806581808 ], [ -102.134433058188776, 18.553296817264801 ], [ -102.134722523415036, 18.554032566980972 ], [ -102.135837603538377, 18.556704042761108 ], [ -102.136242846095456, 18.557522811019719 ], [ -102.136630864765607, 18.558097532835049 ], [ -102.137018885871598, 18.558672254172304 ], [ -102.137722274236879, 18.559495546399265 ], [ -102.140228754619045, 18.562188120599899 ], [ -102.140911891917227, 18.562950150810796 ], [ -102.14125261641216, 18.563381941017891 ], [ -102.141593342555225, 18.563813730822918 ], [ -102.141883702368276, 18.564285387584093 ], [ -102.142557265853114, 18.565622872731844 ], [ -102.142790334907957, 18.566017477434777 ], [ -102.142997378547747, 18.566269479410721 ], [ -102.143204422775767, 18.566521481235231 ], [ -102.143562908149221, 18.566846881663473 ], [ -102.144821759869615, 18.567861409614199 ], [ -102.145276424467752, 18.568167948673135 ], [ -102.14570787885944, 18.568375943867984 ], [ -102.146139334408446, 18.568583938211056 ], [ -102.146917399410768, 18.568871668234117 ], [ -102.149685478070992, 18.569798398557989 ], [ -102.150693090161383, 18.570054033031159 ], [ -102.151660136596888, 18.57018715605918 ], [ -102.152627185255056, 18.570320274319201 ], [ -102.154382567185408, 18.570444975165067 ], [ -102.160640281624609, 18.570760558298257 ], [ -102.162427630887208, 18.57088566672558 ], [ -102.1634692407589, 18.571019853081811 ], [ -102.164510853096033, 18.571154033890593 ], [ -102.165699535166596, 18.571412315279918 ], [ -102.169163518219236, 18.572349239058543 ], [ -102.170228165181385, 18.572702130721893 ], [ -102.170980338241492, 18.573057098696641 ], [ -102.171732514754368, 18.57341206406981 ], [ -102.172816941801955, 18.574073363138673 ], [ -102.176373306396812, 18.576449465298868 ], [ -102.177350277217599, 18.577170079958229 ], [ -102.177851664058139, 18.57766347895754 ], [ -102.178353053777315, 18.578156876982927 ], [ -102.178808616562563, 18.578845975220435 ], [ -102.179931808460736, 18.581074970347451 ], [ -102.180302355262853, 18.581752635879067 ], [ -102.18060536172456, 18.582219358677918 ], [ -102.180908369724804, 18.582686081188164 ], [ -102.181403558692821, 18.583341908567142 ], [ -102.183108447111934, 18.585468985509646 ], [ -102.18368968529073, 18.586075305517891 ], [ -102.184193452657126, 18.586426516066481 ], [ -102.184697222184028, 18.586777725528854 ], [ -102.185555322723602, 18.587174860879312 ], [ -102.188552277797569, 18.588325715987001 ], [ -102.189417305479211, 18.588626437681881 ], [ -102.189937212540102, 18.588752706039905 ], [ -102.190457120564417, 18.588878973060872 ], [ -102.191077540612554, 18.588939017548743 ], [ -102.192933018727032, 18.588966681961125 ], [ -102.193561512243861, 18.588859230677841 ], [ -102.194100255996162, 18.588594683079243 ], [ -102.194638998246532, 18.588330133710588 ], [ -102.195549765238894, 18.587681729500485 ], [ -102.19872247411233, 18.585184904177858 ], [ -102.19952903584489, 18.584392713560081 ], [ -102.199824684499049, 18.583792701029299 ], [ -102.200120330841287, 18.583192687726644 ], [ -102.200158481660523, 18.582270559432338 ], [ -102.199745233657197, 18.579167321872131 ], [ -102.199606753353123, 18.578298438128822 ], [ -102.199373756848814, 18.577346884762783 ], [ -102.19917938513872, 18.576856406478566 ], [ -102.198505318217997, 18.575519060481184 ], [ -102.198282252110133, 18.575155131505944 ], [ -102.197999787203059, 18.574877227463947 ], [ -102.197915339109215, 18.574794142690177 ], [ -102.197717323209304, 18.574599323112011 ], [ -102.197440688876583, 18.574471619292499 ], [ -102.196516641803086, 18.574236654996152 ], [ -102.196223786204726, 18.57412394539481 ], [ -102.195781172868948, 18.573832933589721 ], [ -102.195441724357892, 18.573529911993361 ], [ -102.194300252735047, 18.572406820459939 ], [ -102.193960975936989, 18.572093641269408 ], [ -102.193740061680444, 18.571924436981256 ], [ -102.193519147874028, 18.571755232488957 ], [ -102.19322724119364, 18.571584970630738 ], [ -102.192306840256776, 18.571128822218601 ], [ -102.191929079044499, 18.570997911985927 ], [ -102.191507835416544, 18.570920529519643 ], [ -102.19108659230163, 18.570843146160549 ], [ -102.190260801633841, 18.570752959955627 ], [ -102.18724960725811, 18.570486830495746 ], [ -102.18638696842568, 18.570370682770953 ], [ -102.185879737429417, 18.570232749491204 ] ], [ [ -101.988349666646883, 18.664403397563795 ], [ -101.98832852216141, 18.664494466921621 ], [ -101.98835170469647, 18.664589633164251 ], [ -101.988405967139329, 18.664634515576907 ], [ -101.988636009533636, 18.664748800447622 ], [ -101.988696136581211, 18.664763307329299 ], [ -101.988746686851968, 18.664716721374724 ], [ -101.988758774451014, 18.66463566314199 ], [ -101.988764632917736, 18.664303977346432 ], [ -101.988760920552295, 18.66421250905557 ], [ -101.988737737799198, 18.664117342835254 ], [ -101.988708331961192, 18.664072859380816 ], [ -101.988594287550228, 18.663960436117161 ], [ -101.988559017331085, 18.663946328113468 ], [ -101.988508467278379, 18.663992914045735 ], [ -101.988471523096948, 18.66407357337529 ], [ -101.988349666646883, 18.664403397563795 ] ], [ [ -102.266169943216383, 18.794362570711904 ], [ -102.266160920186678, 18.794370903833194 ], [ -102.266180005287282, 18.794399965570864 ], [ -102.266294333667147, 18.794512254243365 ], [ -102.26632949622298, 18.794536472328453 ], [ -102.266379259679837, 18.794537201409913 ], [ -102.266415187759819, 18.794514024867382 ], [ -102.266533088582946, 18.794405138537776 ], [ -102.266553103243893, 18.794376649635993 ], [ -102.266528604267975, 18.794352587813517 ], [ -102.266473591081194, 18.79434670267241 ], [ -102.26624254672096, 18.794343317689133 ], [ -102.26624136187823, 18.794343300329512 ], [ -102.266186184667632, 18.794347571092175 ], [ -102.266169943216383, 18.794362570711904 ] ], [ [ -102.277735284039821, 18.798066247656575 ], [ -102.277957129729643, 18.79819985172584 ], [ -102.278178975792372, 18.798333455573601 ], [ -102.278696674979088, 18.798420582767253 ], [ -102.280668915590169, 18.798559956531381 ], [ -102.281134848083283, 18.798549816922709 ], [ -102.28120221714039, 18.798487590393716 ], [ -102.281235901650419, 18.798456477117593 ], [ -102.281336955106369, 18.79836313724276 ], [ -102.281159747272895, 18.79810659249997 ], [ -102.280130678072013, 18.797096060983385 ], [ -102.279815087947924, 18.796822260105692 ], [ -102.279667190699683, 18.79673319224257 ], [ -102.279593242137707, 18.796688658274089 ], [ -102.279371396700313, 18.796555056220974 ], [ -102.279053141706683, 18.796447137194615 ], [ -102.278011644312173, 18.796210716180148 ], [ -102.277745158079497, 18.796200055784841 ], [ -102.277644104370935, 18.796293393643555 ], [ -102.277543050551216, 18.796386731432534 ], [ -102.277520811554183, 18.796664071628609 ], [ -102.277619137538892, 18.797771650395447 ], [ -102.277735284039821, 18.798066247656575 ] ] ], [ [ [ -101.872680588337076, 18.375143817334823 ], [ -101.873041616563597, 18.375815583872889 ], [ -101.874368765320227, 18.377149968949542 ], [ -101.874958530211231, 18.377366793596199 ], [ -101.875911610940932, 18.377803861607802 ], [ -101.875699508023573, 18.379269861221456 ], [ -101.875478118982059, 18.380176167305077 ], [ -101.87596208060873, 18.380846066222738 ], [ -101.876553975571653, 18.380611373163216 ], [ -101.87701741570018, 18.380044528001118 ], [ -101.877720812446171, 18.37969076031527 ], [ -101.878078123898419, 18.38013683060792 ], [ -101.878666265021991, 18.37967644938448 ], [ -101.878656970972472, 18.379116757303269 ], [ -101.879125947294611, 18.378883918106062 ], [ -101.879704626943052, 18.378423677728026 ], [ -101.880532867925524, 18.378185394576509 ], [ -101.881238047592959, 18.377948972670687 ], [ -101.882181688050892, 18.377817288836418 ], [ -101.883132831408361, 18.378145992931383 ], [ -101.883864436573631, 18.379489328497261 ], [ -101.884363294926544, 18.381061928677742 ], [ -101.884253605553269, 18.38184916120953 ], [ -101.884506946755636, 18.382865653771542 ], [ -101.884940832686311, 18.383933582952984 ], [ -101.884425342265345, 18.384781150311451 ], [ -101.883498642602277, 18.385923899620508 ], [ -101.882797039648295, 18.386386017395914 ], [ -101.88233751095548, 18.387187584695852 ], [ -101.881747407034354, 18.38753062477284 ], [ -101.881257848825769, 18.386526737907491 ], [ -101.880529975689328, 18.385409076262079 ], [ -101.880649136842507, 18.385181531980212 ], [ -101.880267349262922, 18.383832884921613 ], [ -101.879907922403817, 18.383269468407114 ], [ -101.879303128887472, 18.382718796585458 ], [ -101.878599574955544, 18.383063543993732 ], [ -101.877782711043096, 18.383419033899898 ], [ -101.877198302638675, 18.384105096771837 ], [ -101.876967477994341, 18.384442684068649 ], [ -101.875558694424726, 18.385032862016743 ], [ -101.874588803155063, 18.383575708483946 ], [ -101.873866672460281, 18.382801051747368 ], [ -101.873494398389028, 18.381452239872818 ], [ -101.873106991449106, 18.379760530421148 ], [ -101.873213143473919, 18.378747611710676 ], [ -101.872479674434103, 18.377286867754396 ], [ -101.87233253947511, 18.375826294384304 ], [ -101.872680588337076, 18.375143817334823 ] ] ] ] } },
{ "type": "Feature", "properties": { "fid": 4.0, "cat": 4, "VULNERABIL": 2.0, "CLAVE_ACUI": "1617", "NOM_ACUIF": "LAZARO CARDENAS" }, "geometry": { "type": "MultiPolygon", "coordinates": [ [ [ [ -102.279053141706683, 18.796447137194615 ], [ -102.279371396700313, 18.796555056220974 ], [ -102.279667190699683, 18.79673319224257 ], [ -102.279815087947924, 18.796822260105692 ], [ -102.280130678072013, 18.797096060983385 ], [ -102.281159747272895, 18.79810659249997 ], [ -102.281336955106369, 18.79836313724276 ], [ -102.28120221714039, 18.798487590393716 ], [ -102.281134848083283, 18.798549816922709 ], [ -102.280668915590169, 18.798559956531381 ], [ -102.278696674979088, 18.798420582767253 ], [ -102.278178975792372, 18.798333455573601 ], [ -102.277957129729643, 18.79819985172584 ], [ -102.277735284039821, 18.798066247656575 ], [ -102.277619137538892, 18.797771650395447 ], [ -102.277520811554183, 18.796664071628609 ], [ -102.277543050551216, 18.796386731432534 ], [ -102.277644104370935, 18.796293393643555 ], [ -102.277745158079497, 18.796200055784841 ], [ -102.278011644312173, 18.796210716180148 ], [ -102.279053141706683, 18.796447137194615 ] ] ] ] } },
{ "type": "Feature", "properties": { "fid": 5.0, "cat": 5, "VULNERABIL": 2.0, "CLAVE_ACUI": "1617", "NOM_ACUIF": "LAZARO CARDENAS" }, "geometry": { "type": "MultiPolygon", "coordinates": [ [ [ [ -102.266473591081194, 18.79434670267241 ], [ -102.266528604267975, 18.794352587813517 ], [ -102.266553103243893, 18.794376649635993 ], [ -102.266533088582946, 18.794405138537776 ], [ -102.266415187759819, 18.794514024867382 ], [ -102.266379259679837, 18.794537201409913 ], [ -102.26632949622298, 18.794536472328453 ], [ -102.266294333667147, 18.794512254243365 ], [ -102.266180005287282, 18.794399965570864 ], [ -102.266160920186678, 18.794370903833194 ], [ -102.266186184667632, 18.794347571092175 ], [ -102.26624136187823, 18.794343300329512 ], [ -102.266473591081194, 18.79434670267241 ] ] ] ] } },
{ "type": "Feature", "properties": { "fid": 6.0, "cat": 6, "VULNERABIL": 1.0, "CLAVE_ACUI": "1617", "NOM_ACUIF": "LAZARO CARDENAS" }, "geometry": { "type": "MultiPolygon", "coordinates": [ [ [ [ -102.261064587603727, 18.792009968796538 ], [ -102.261013712487866, 18.79200452483764 ], [ -102.261009575584211, 18.792004082162183 ], [ -102.26098507779605, 18.791980019749538 ], [ -102.261005092964126, 18.791951531519434 ], [ -102.261122994773956, 18.791842648802042 ], [ -102.261158922808121, 18.791819473285791 ], [ -102.261208685250978, 18.791820203643674 ], [ -102.261243846437765, 18.791844422530733 ], [ -102.261267805837036, 18.791867956068348 ], [ -102.261358169623676, 18.791956713622252 ], [ -102.261377253615223, 18.791985775718832 ], [ -102.261351988960527, 18.792009107773598 ], [ -102.261296812599468, 18.792013377170662 ], [ -102.261064587603727, 18.792009968796538 ] ] ] ] } },
{ "type": "Feature", "properties": { "fid": 7.0, "cat": 7, "VULNERABIL": 1.0, "CLAVE_ACUI": "1617", "NOM_ACUIF": "LAZARO CARDENAS" }, "geometry": { "type": "MultiPolygon", "coordinates": [ [ [ [ -102.240356365661157, 18.77611369108546 ], [ -102.241192715895039, 18.776710711841606 ], [ -102.241610893312597, 18.777009221084462 ], [ -102.242788277496643, 18.777949317064444 ], [ -102.247028309341317, 18.781440860157367 ], [ -102.248050899588762, 18.782393884076477 ], [ -102.24840553293744, 18.783031182162389 ], [ -102.248582850522695, 18.783349831066182 ], [ -102.248320179191239, 18.783762448823534 ], [ -102.246562414098122, 18.784732040193397 ], [ -102.246051719322423, 18.784983542106939 ], [ -102.2456347416895, 18.785119605372284 ], [ -102.245426252664984, 18.785187636622322 ], [ -102.245043424751586, 18.785227698973596 ], [ -102.243882362666866, 18.78521055911904 ], [ -102.243537929195398, 18.78518515663831 ], [ -102.243389164297881, 18.785151356319222 ], [ -102.243314781877331, 18.785134456117976 ], [ -102.243091634728671, 18.785083755347419 ], [ -102.24279850490953, 18.784964299023049 ], [ -102.241876863112438, 18.7845082356829 ], [ -102.241568816553013, 18.784322528714753 ], [ -102.241396846081514, 18.784185673016868 ], [ -102.241310860952666, 18.784117245121156 ], [ -102.241052905993811, 18.783911961246922 ], [ -102.240623938589763, 18.78351114299247 ], [ -102.239138015215659, 18.782051220639424 ], [ -102.238704967618517, 18.781574152000346 ], [ -102.238526641061995, 18.781318687695769 ], [ -102.238437477974301, 18.781190955503146 ], [ -102.238169989473533, 18.780807758763913 ], [ -102.237838782398029, 18.780189980262374 ], [ -102.236828138296957, 18.778073406135565 ], [ -102.236464125280193, 18.777505931763777 ], [ -102.236234760066466, 18.777328718914212 ], [ -102.236120077644912, 18.777240112405678 ], [ -102.235776031121517, 18.776974292545116 ], [ -102.235157051966368, 18.776782281086085 ], [ -102.232956581956429, 18.776417853017431 ], [ -102.232448566349902, 18.776288426410403 ], [ -102.232391807254686, 18.776208577157206 ], [ -102.232363427726071, 18.776168652526486 ], [ -102.232278289216268, 18.776048878617864 ], [ -102.232543050406221, 18.775836094789348 ], [ -102.233948872504641, 18.775082643997205 ], [ -102.234373312674592, 18.774887459470008 ], [ -102.234564947822278, 18.774834991665408 ], [ -102.234660765361156, 18.774808757683431 ], [ -102.234948217837925, 18.774730055418832 ], [ -102.235345071484275, 18.774700377213875 ], [ -102.236622151438851, 18.774719278849002 ], [ -102.237028590885089, 18.774755767219293 ], [ -102.237441682314596, 18.774856688464908 ], [ -102.237648228259545, 18.77490714876798 ], [ -102.238126985797507, 18.775086919550638 ], [ -102.239741558356087, 18.775774461995226 ], [ -102.240356365661157, 18.77611369108546 ] ] ] ] } },
{ "type": "Feature", "properties": { "fid": 9.0, "cat": 8, "VULNERABIL": 2.0, "CLAVE_ACUI": "1617", "NOM_ACUIF": "LAZARO CARDENAS" }, "geometry": { "type": "MultiPolygon", "coordinates": [ [ [ [ -102.010827245796975, 18.763384565524941 ], [ -102.010740252666508, 18.763074934058668 ], [ -102.010714750381197, 18.762707195270298 ], [ -102.010736194722767, 18.76149100208637 ], [ -102.010736307979172, 18.761490653773457 ], [ -102.010776167083293, 18.761368069503376 ], [ -102.010916919812246, 18.76116457653146 ], [ -102.011257748534462, 18.761037221942019 ], [ -102.011257753827721, 18.761037219964127 ], [ -102.011384620239085, 18.761008866487128 ], [ -102.011589521037791, 18.761010304793675 ], [ -102.012437082271177, 18.76123946193001 ], [ -102.012437084555486, 18.761239462547614 ], [ -102.012437086259169, 18.761239463008238 ], [ -102.012437092587888, 18.761239464719331 ], [ -102.012570475492694, 18.761297612799719 ], [ -102.01373545649777, 18.76157846231472 ], [ -102.014320745403239, 18.761743551385077 ], [ -102.015086754147703, 18.762040176896026 ], [ -102.015595763711758, 18.762298838981646 ], [ -102.017205142405516, 18.763209297874923 ], [ -102.017616528396857, 18.763562884821209 ], [ -102.017926941044365, 18.76430250524583 ], [ -102.017959000056891, 18.765005519472378 ], [ -102.017798188278221, 18.767546631368113 ], [ -102.017701793795808, 18.768278064461207 ], [ -102.017557281814419, 18.768714185990532 ], [ -102.017412768933326, 18.769150307286989 ], [ -102.017096270097696, 18.769664934851768 ], [ -102.015908288958926, 18.7711942813586 ], [ -102.01559648512746, 18.771744528517441 ], [ -102.015596133637445, 18.771745895154293 ], [ -102.015475080040758, 18.772216564785719 ], [ -102.015329392792765, 18.772783008052041 ], [ -102.015259636714674, 18.773716303610414 ], [ -102.015201195802106, 18.777033203096785 ], [ -102.015171005313974, 18.777870642559261 ], [ -102.015161294781507, 18.777973217594937 ], [ -102.015129296449004, 18.778241170713223 ], [ -102.015103199687076, 18.778459703201566 ], [ -102.014988539412244, 18.778813984629018 ], [ -102.014961017705048, 18.778859246546212 ], [ -102.014795835540937, 18.779130902753906 ], [ -102.013824457594907, 18.778349728149053 ], [ -102.012588780380227, 18.777356006122346 ], [ -102.0127596316932, 18.7741637391916 ], [ -102.01374711863491, 18.772987762303337 ], [ -102.013770024895692, 18.771688012630552 ], [ -102.013764026623107, 18.770414886331707 ], [ -102.01428103738661, 18.767967376774212 ], [ -102.014846293929963, 18.766008178640273 ], [ -102.014448314852757, 18.764927415314276 ], [ -102.013033243977617, 18.766168794515547 ], [ -102.011936627490343, 18.766548512066016 ], [ -102.011171142232925, 18.765886207427872 ], [ -102.011070334906719, 18.765153280143455 ], [ -102.01175370977829, 18.764559299227951 ], [ -102.012158403886986, 18.763644857743984 ], [ -102.010827245796975, 18.763384565524941 ] ] ], [ [ [ -102.006788575307894, 18.770402527862835 ], [ -102.006546843237302, 18.772497127161024 ], [ -102.004103224747197, 18.770531988135247 ], [ -102.005433092845777, 18.76987519946632 ], [ -102.006788575307894, 18.770402527862835 ] ] ], [ [ [ -102.006917260951838, 18.772795014212392 ], [ -102.008340556342304, 18.772684533768224 ], [ -102.008866623746414, 18.773487473828691 ], [ -102.008740183123919, 18.774260994076194 ], [ -102.006917260951838, 18.772795014212392 ] ] ] ] } },
{ "type": "Feature", "properties": { "fid": 11.0, "cat": 11, "VULNERABIL": 2.0, "CLAVE_ACUI": "1617", "NOM_ACUIF": "LAZARO CARDENAS" }, "geometry": { "type": "MultiPolygon", "coordinates": [ ] } },
{ "type": "Feature", "properties": { "fid": 13.0, "cat": 13, "VULNERABIL": 2.0, "CLAVE_ACUI": "1617", "NOM_ACUIF": "LAZARO CARDENAS" }, "geometry": { "type": "MultiPolygon", "coordinates": [ ] } },
{ "type": "Feature", "properties": { "fid": 14.0, "cat": 14, "VULNERABIL": 2.0, "CLAVE_ACUI": "1617", "NOM_ACUIF": "LAZARO CARDENAS" }, "geometry": { "type": "MultiPolygon", "coordinates": [ [ [ [ -101.982297376281451, 18.745324091915155 ], [ -101.98170016845684, 18.744773842027627 ], [ -101.980848562125161, 18.743767185143266 ], [ -101.980908946042419, 18.743368614350025 ], [ -101.981420632287183, 18.742571133609811 ], [ -101.982084954006595, 18.741982627946864 ], [ -101.98467340405071, 18.74003372314251 ], [ -101.985284778119009, 18.739424036746087 ], [ -101.985580982061649, 18.738851091291142 ], [ -101.98549520057469, 18.738371823473226 ], [ -101.984638767042, 18.73731575386029 ], [ -101.98438261879167, 18.736932450591716 ], [ -101.984095997420582, 18.736264275621885 ], [ -101.983942686293901, 18.735693043381996 ], [ -101.983906210564371, 18.735523132472949 ], [ -101.983611471860456, 18.735001579225337 ], [ -101.983324855797918, 18.734333403840065 ], [ -101.983266805559509, 18.734000691004695 ], [ -101.983282518810526, 18.733116206532181 ], [ -101.983303043848338, 18.732860934018632 ], [ -101.983383114415716, 18.732554146768798 ], [ -101.983476975813574, 18.732371151730046 ], [ -101.983834923823451, 18.731823961552731 ], [ -101.983965452596607, 18.731677104811567 ], [ -101.984091046414306, 18.731608034415146 ], [ -101.984216640138399, 18.731538963919455 ], [ -101.984444950826799, 18.731488476381617 ], [ -101.985259213151735, 18.731391006769403 ], [ -101.985482645593123, 18.731315048168906 ], [ -101.985596856787083, 18.731186547289944 ], [ -101.985711067803692, 18.731058046315287 ], [ -101.98581395258671, 18.730766859565158 ], [ -101.986065657166975, 18.729664989597744 ], [ -101.986179737523187, 18.729343513409194 ], [ -101.986320073794843, 18.729144337451654 ], [ -101.986460409716926, 18.728945161338711 ], [ -101.986747289374549, 18.728697562780482 ], [ -101.987805384274878, 18.727940450813364 ], [ -101.988209304995863, 18.727704890042482 ], [ -101.989036177203772, 18.727362720375513 ], [ -101.992614132713015, 18.726269751921919 ], [ -101.993492238726034, 18.726043490952886 ], [ -101.994789447950737, 18.725827341832776 ], [ -101.995764499318227, 18.725744817696974 ], [ -101.999017532353562, 18.7255758249959 ], [ -101.999972345878135, 18.725432014515448 ], [ -102.000573725808692, 18.72518096898321 ], [ -102.001175104200215, 18.724929921260532 ], [ -102.001938513369893, 18.724356456713387 ], [ -102.004298298368141, 18.72218236390782 ], [ -102.004976790504017, 18.721587211652576 ], [ -102.005380063604505, 18.721285580434188 ], [ -102.005783335322533, 18.720983948136823 ], [ -102.006257052903848, 18.720717296853543 ], [ -102.007661187805738, 18.720076183006242 ], [ -102.008151689542629, 18.719764089700906 ], [ -102.008594127475035, 18.719356431604854 ], [ -102.009036563292014, 18.71894877214935 ], [ -102.009810161602203, 18.718096123710325 ], [ -102.012535354949847, 18.714932385222934 ], [ -102.013277483125492, 18.714048745578268 ], [ -102.013646549042335, 18.713568804883625 ], [ -102.014015612775623, 18.713088863148197 ], [ -102.014327960672603, 18.712601244984764 ], [ -102.015047452380657, 18.711285575791266 ], [ -102.015235734488115, 18.710882309499723 ], [ -102.01531531704552, 18.710599190721123 ], [ -102.01539489927022, 18.71031607186428 ], [ -102.015433995999274, 18.709910427485951 ], [ -102.01545728224032, 18.708583658081668 ], [ -102.015412556743982, 18.708095424323684 ], [ -102.015180553815611, 18.707143769649687 ], [ -102.014893848495049, 18.706272496643535 ], [ -102.013787912063449, 18.703158209550146 ], [ -102.013243635716677, 18.702084774392169 ], [ -102.011809614435663, 18.70018969432784 ], [ -102.0103053079077, 18.698555865815354 ], [ -102.004719439845374, 18.692826345877791 ], [ -102.00320734526268, 18.691339622158683 ], [ -102.001736558692784, 18.690131163811785 ], [ -102.001147508831806, 18.689891524487816 ], [ -101.999869383065104, 18.689981665892855 ], [ -101.999476103655383, 18.689821329328133 ], [ -101.999197515500285, 18.689402142512428 ], [ -101.99891892862361, 18.688982955458766 ], [ -101.998516246442733, 18.687945615449298 ], [ -101.997194264684978, 18.683943068598737 ], [ -101.996685194323817, 18.682594247876118 ], [ -101.996158343832931, 18.68144827314228 ], [ -101.995631499477156, 18.680302297803657 ], [ -101.994635302848948, 18.678376902392539 ], [ -101.991040218697563, 18.671683655125225 ], [ -101.990095496254185, 18.669865716102336 ], [ -101.989281731172809, 18.668075267270144 ], [ -101.989063918065312, 18.667335424104738 ], [ -101.988861213918483, 18.665673272409155 ], [ -101.988880798146766, 18.665368890928303 ], [ -101.989174894983037, 18.665610595448904 ], [ -101.989575451608331, 18.666260268725232 ], [ -101.991150646800023, 18.669050368987012 ], [ -101.991602601770154, 18.669807507666267 ], [ -101.992136504143218, 18.670550724739694 ], [ -101.99244726467245, 18.670855324914353 ], [ -101.993363580035876, 18.671533573755887 ], [ -101.993726984410017, 18.671874563936214 ], [ -101.994116769414831, 18.672331083948176 ], [ -101.994506556447291, 18.67278760342429 ], [ -101.995256832070666, 18.673750954193245 ], [ -101.997978607578872, 18.677333537987455 ], [ -101.998805872964724, 18.678465695185199 ], [ -101.999375241781081, 18.679316110177492 ], [ -101.999944615901725, 18.680166524171767 ], [ -102.000744126807177, 18.681464122983467 ], [ -102.003336495401044, 18.685818746003214 ], [ -102.004032190270323, 18.686962327871154 ], [ -102.004359258490481, 18.687453379591712 ], [ -102.004686328469532, 18.6879444309834 ], [ -102.004925110063482, 18.688203854569018 ], [ -102.00538528252622, 18.688432395070453 ], [ -102.005521271143238, 18.688476886713651 ], [ -102.005521271143238, 18.688476886713651 ], [ -102.005608491267452, 18.688466430559238 ], [ -102.005695711387119, 18.688455974362672 ], [ -102.005808922967063, 18.688381607937597 ], [ -102.006162802620324, 18.688055476546314 ], [ -102.006246906962431, 18.687818138759614 ], [ -102.00626621084885, 18.687427416529779 ], [ -102.006285514508377, 18.687036694271505 ], [ -102.006256563700788, 18.68615768282551 ], [ -102.00608285099959, 18.68283707383268 ], [ -102.006075385302125, 18.681948248691342 ], [ -102.006144822311683, 18.681534627862153 ], [ -102.006214258832244, 18.681121006944181 ], [ -102.006420115190423, 18.680828057930064 ], [ -102.007241902862191, 18.680288201843641 ], [ -102.007514063989106, 18.680163894146393 ], [ -102.007738214269324, 18.680143772023943 ], [ -102.007962364537534, 18.680123649625692 ], [ -102.008330633401187, 18.68019046495376 ], [ -102.009600924843795, 18.680542510216195 ], [ -102.009928074214599, 18.680827035248775 ], [ -102.010056275440647, 18.681314906751751 ], [ -102.010184477200184, 18.681802778248006 ], [ -102.010223616353287, 18.682912172105464 ], [ -102.0101498495344, 18.687113599145995 ], [ -102.010224581288611, 18.688320048663787 ], [ -102.010435845715278, 18.689034384647652 ], [ -102.010647111492091, 18.689748720594476 ], [ -102.011175998603179, 18.690583230282954 ], [ -102.013221639755741, 18.693048928109484 ], [ -102.013800187990384, 18.693787735895249 ], [ -102.014127297158808, 18.694278776020603 ], [ -102.014454408087474, 18.694769815815881 ], [ -102.014810458016711, 18.695433980031215 ], [ -102.015817813268299, 18.69755133250122 ], [ -102.016122377580103, 18.698113108459651 ], [ -102.016329343793785, 18.698365243396072 ], [ -102.016536310599449, 18.698617378183357 ], [ -102.016823078131381, 18.698775987439685 ], [ -102.017747394110287, 18.699011892049192 ], [ -102.018041537769335, 18.699053814834482 ], [ -102.01826571399873, 18.699033683444171 ], [ -102.018489890215847, 18.699013551777789 ], [ -102.018836249600838, 18.698914110122271 ], [ -102.020004238023517, 18.698490307859981 ], [ -102.020389222811644, 18.698315301875741 ], [ -102.020703527431706, 18.69811885772339 ], [ -102.021017831371083, 18.697922412938251 ], [ -102.021530857491172, 18.697536148297914 ], [ -102.023296355153462, 18.696126457748356 ], [ -102.023789836482081, 18.695638307481094 ], [ -102.024058551686707, 18.695204141391617 ], [ -102.024327265407308, 18.694769974707835 ], [ -102.024601539663664, 18.694017650371823 ], [ -102.025344043304685, 18.691375133557678 ], [ -102.02550616363861, 18.690636261736707 ], [ -102.025513201251883, 18.690233487945104 ], [ -102.02552023868563, 18.689830714133688 ], [ -102.025378227628821, 18.6894188039699 ], [ -102.024701439696756, 18.68830210338578 ], [ -102.024451820181639, 18.687949425585025 ], [ -102.024207766672845, 18.68768486125435 ], [ -102.023963713909325, 18.687420296704765 ], [ -102.023516039741281, 18.687017075603801 ], [ -102.021915013826387, 18.685664500282211 ], [ -102.021498779809889, 18.685292245112951 ], [ -102.021328072461316, 18.685099940434338 ], [ -102.021157365489429, 18.684907635650461 ], [ -102.021085863304918, 18.684730449304041 ], [ -102.021093599717958, 18.684288189391026 ], [ -102.02117649749411, 18.684118534494388 ], [ -102.021366057220817, 18.683943802854763 ], [ -102.021555616559837, 18.683769070966097 ], [ -102.022014316158689, 18.683439491129494 ], [ -102.0237757819813, 18.682250903800739 ], [ -102.024308521283388, 18.681952962710653 ], [ -102.024670853597186, 18.681852066065577 ], [ -102.025033185579346, 18.681751168658483 ], [ -102.025535682667183, 18.681760832907987 ], [ -102.027156009714403, 18.68200772052203 ], [ -102.027635250646711, 18.682128735316123 ], [ -102.027943314352001, 18.68228766311541 ], [ -102.028251378687983, 18.682446590485565 ], [ -102.028652321305358, 18.682779654915318 ], [ -102.0299072683069, 18.684016097807991 ], [ -102.030326339640837, 18.684532269333289 ], [ -102.030676695315378, 18.685118449687852 ], [ -102.03102705319688, 18.68570462969069 ], [ -102.031609005098431, 18.686863258487353 ], [ -102.033624114898188, 18.691097827657007 ], [ -102.034195797402717, 18.692235976142992 ], [ -102.034522143106699, 18.692774373996201 ], [ -102.034848490704846, 18.693312771540338 ], [ -102.035209222869668, 18.69371290247317 ], [ -102.036239947743653, 18.694503382838139 ], [ -102.036701179258657, 18.694641022657152 ], [ -102.037262020516764, 18.694566942140483 ], [ -102.037822861537364, 18.694492859874607 ], [ -102.038964029331012, 18.694143553340165 ], [ -102.043167760361371, 18.692661559590864 ], [ -102.044336164167845, 18.69227709778346 ], [ -102.045585019142621, 18.691964994593796 ], [ -102.046200697414505, 18.6919035997607 ], [ -102.047825011374698, 18.691929190660833 ], [ -102.048294820688426, 18.691982296076073 ], [ -102.048862949628784, 18.692204538040176 ], [ -102.049204753618596, 18.692468921701984 ], [ -102.050231716316205, 18.693480468630248 ], [ -102.050497882416281, 18.693804601734264 ], [ -102.050713021455707, 18.694305678355203 ], [ -102.050754196054427, 18.694697369208917 ], [ -102.050731203312765, 18.696024183166241 ], [ -102.050708973072673, 18.69638440527131 ], [ -102.050668599390505, 18.696561516586417 ], [ -102.050628225597478, 18.696738627878307 ], [ -102.050535102333882, 18.69688443803263 ], [ -102.050181274027295, 18.697210662342886 ], [ -102.049876448593295, 18.697271883779429 ], [ -102.049342104067421, 18.697251620828379 ], [ -102.048807759900413, 18.697231356368835 ], [ -102.047585889803102, 18.697112232496913 ], [ -102.042952544684951, 18.696596784847724 ], [ -102.0416608113877, 18.696512069915872 ], [ -102.040963425752693, 18.696572157319409 ], [ -102.040266040017201, 18.696632242055067 ], [ -102.039565239033507, 18.696888636415711 ], [ -102.037689592738658, 18.697964964294048 ], [ -102.037031051585927, 18.698242329764401 ], [ -102.035833517971071, 18.698460382644946 ], [ -102.034781298809932, 18.698494518439013 ], [ -102.031068485909827, 18.698435726326288 ], [ -102.03001014480833, 18.698515443736227 ], [ -102.029371464851465, 18.698739869871051 ], [ -102.028802249515664, 18.699157049931848 ], [ -102.026325136948103, 18.701440268665291 ], [ -102.025669028096431, 18.702084965105158 ], [ -102.025084336439221, 18.702810354021878 ], [ -102.024905174949922, 18.703201929784687 ], [ -102.024653780193546, 18.704303895439935 ], [ -102.024533488468492, 18.704681170404772 ], [ -102.024378505976728, 18.705010495944048 ], [ -102.024223522805784, 18.705339821261354 ], [ -102.023901005003665, 18.705903475481101 ], [ -102.022705870970498, 18.707875204325056 ], [ -102.02231434566491, 18.70842252235899 ], [ -102.021682377256013, 18.709004949856361 ], [ -102.021171091479644, 18.709289670725617 ], [ -102.019417054082425, 18.710035930976503 ], [ -102.018911535124687, 18.710295344781056 ], [ -102.018306490242779, 18.710759692128335 ], [ -102.017947659068938, 18.711163632226601 ], [ -102.016878149012385, 18.712584334810991 ], [ -102.016604381311183, 18.71299978321445 ], [ -102.016396319271834, 18.713517844924496 ], [ -102.016372856550774, 18.713842485169796 ], [ -102.016471426950929, 18.714839411545007 ], [ -102.016650076730357, 18.715187585727175 ], [ -102.017385208493735, 18.715815470873949 ], [ -102.018256751484842, 18.716364272730392 ], [ -102.021588866558645, 18.718297434373227 ], [ -102.022455020433753, 18.718851212369504 ], [ -102.023164910535414, 18.719502376705233 ], [ -102.023312880749216, 18.719878836209041 ], [ -102.02329351416337, 18.720984484001267 ], [ -102.023261210318736, 18.721307293033842 ], [ -102.0231955182512, 18.72150769022462 ], [ -102.023129825995781, 18.721708087367059 ], [ -102.022974437714268, 18.72195784152634 ], [ -102.022380673784909, 18.722722565090976 ], [ -102.022172355115231, 18.722951162779861 ], [ -102.021983161647071, 18.723102196248039 ], [ -102.021793967850769, 18.723253229475759 ], [ -102.021461733142246, 18.72345615530676 ], [ -102.020289687608866, 18.724101071167734 ], [ -102.019910117052447, 18.724267691664469 ], [ -102.019310837877455, 18.724400342113267 ], [ -102.019247381896832, 18.724403388847456 ], [ -102.019007883285923, 18.724453071500378 ], [ -102.018228386488019, 18.724528678613673 ], [ -102.015441323535327, 18.724705299007137 ], [ -102.014055908913647, 18.725187791802373 ], [ -102.013788914297706, 18.725336599331587 ], [ -102.013482323867407, 18.726166364480836 ], [ -102.013493189944484, 18.726272346388228 ], [ -102.013930150549015, 18.72782764607685 ], [ -102.014169950548037, 18.728335920212388 ], [ -102.014852056827593, 18.729152565573621 ], [ -102.015586698199272, 18.729810925965687 ], [ -102.01833295978939, 18.732066611471552 ], [ -102.019057326729822, 18.73270448410889 ], [ -102.019374363737882, 18.733065019897928 ], [ -102.019691402059237, 18.733425555324267 ], [ -102.019872852950542, 18.733817786136058 ], [ -102.020085546295462, 18.734927126275473 ], [ -102.020124636598439, 18.73523075724513 ], [ -102.020109500079258, 18.735384559423355 ], [ -102.020094363511447, 18.735538361594354 ], [ -102.020012025770441, 18.735674165359054 ], [ -102.019658055361333, 18.736000311401167 ], [ -102.019523320111119, 18.736084496527251 ], [ -102.019385923448354, 18.736117855653504 ], [ -102.019248526745983, 18.736151214671064 ], [ -102.018990700169965, 18.736162340971426 ], [ -102.018062303470586, 18.73614754303826 ], [ -102.017757142055075, 18.736122364626151 ], [ -102.017509296979696, 18.73607101513845 ], [ -102.017261452102474, 18.736019665342472 ], [ -102.016858485465818, 18.735898130233455 ], [ -102.015473669410156, 18.735433660818249 ], [ -102.015071419974575, 18.735271506954028 ], [ -102.014825243588803, 18.735125385256726 ], [ -102.014579067657834, 18.734979263292043 ], [ -102.014277956678256, 18.734723926547574 ], [ -102.013365129170154, 18.733824597449452 ], [ -102.013063664898411, 18.733589566858988 ], [ -102.012816659327967, 18.73349082745916 ], [ -102.012569654086505, 18.733392087771868 ], [ -102.012165388198866, 18.733345004982354 ], [ -102.010772825258599, 18.733322758810615 ], [ -102.010302471324607, 18.733396495616461 ], [ -102.009901259140946, 18.73357967368149 ], [ -102.009500046192329, 18.733762850760737 ], [ -102.008824075822318, 18.73421247698219 ], [ -102.006471946354992, 18.735944357709961 ], [ -102.005736537959024, 18.736438724007563 ], [ -102.004656785595387, 18.737013903796768 ], [ -102.00384969179467, 18.737341222558673 ], [ -102.001162995253125, 18.738293508675778 ], [ -102.000452167707437, 18.73860204150051 ], [ -102.00012103075575, 18.738858112314528 ], [ -101.999572382310234, 18.739958499093841 ], [ -101.99944390434554, 18.740450426983035 ], [ -101.999432601665632, 18.740508941767494 ], [ -101.999385776635052, 18.741770141000483 ], [ -101.999457063338497, 18.743064551322419 ], [ -101.999837221011759, 18.747826170457518 ], [ -101.999903716134199, 18.749090034221464 ], [ -101.999873223610763, 18.749586138591994 ], [ -101.999075317367399, 18.749344253716693 ], [ -101.998008755761475, 18.749587075860031 ], [ -101.996360864175657, 18.750182296139176 ], [ -101.994597199990935, 18.750661987022671 ], [ -101.992354327779722, 18.751375048857874 ], [ -101.991531995035004, 18.751496555075704 ], [ -101.991048425369414, 18.75094452300765 ], [ -101.991263315191219, 18.749695142037787 ], [ -101.991806934458438, 18.747203586903908 ], [ -101.992483727615948, 18.745278699588802 ], [ -101.992702584773298, 18.744254969118511 ], [ -101.992447919681112, 18.743247846162426 ], [ -101.991964215960067, 18.742686787156046 ], [ -101.991122200798671, 18.74168905841448 ], [ -101.99040961934017, 18.74158308400807 ], [ -101.989221454825014, 18.741376366859051 ], [ -101.987932062113501, 18.742417205238599 ], [ -101.987360585646556, 18.74332919593634 ], [ -101.985951447551059, 18.744028849916429 ], [ -101.984648044921656, 18.744275376069023 ], [ -101.983833669661607, 18.744848148701799 ], [ -101.983131070302463, 18.745310791498135 ], [ -101.982297376281451, 18.745324091915155 ] ] ] ] } },
{ "type": "Feature", "properties": { "fid": 18.0, "cat": 18, "VULNERABIL": 2.0, "CLAVE_ACUI": "1617", "NOM_ACUIF": "LAZARO CARDENAS" }, "geometry": { "type": "MultiPolygon", "coordinates": [ [ [ [ -101.988758774451014, 18.66463566314199 ], [ -101.988746686851968, 18.664716721374724 ], [ -101.988696136581211, 18.664763307329299 ], [ -101.988636009533636, 18.664748800447622 ], [ -101.988405967139329, 18.664634515576907 ], [ -101.98835170469647, 18.664589633164251 ], [ -101.98832852216141, 18.664494466921621 ], [ -101.988349666646883, 18.664403397563795 ], [ -101.988471523096948, 18.66407357337529 ], [ -101.988508467278379, 18.663992914045735 ], [ -101.988559017331085, 18.663946328113468 ], [ -101.988594287550228, 18.663960436117161 ], [ -101.988708331961192, 18.664072859380816 ], [ -101.988737737799198, 18.664117342835254 ], [ -101.988760920552295, 18.66421250905557 ], [ -101.988764632917736, 18.664303977346432 ], [ -101.988758774451014, 18.66463566314199 ] ] ] ] } },
{ "type": "Feature", "properties": { "fid": 19.0, "cat": 19, "VULNERABIL": 2.0, "CLAVE_ACUI": "1617", "NOM_ACUIF": "LAZARO CARDENAS" }, "geometry": { "type": "MultiPolygon", "coordinates": [ [ [ [ -102.533523333399955, 18.640100976849141 ], [ -102.534367088192155, 18.639487193569501 ], [ -102.536805152795608, 18.638490421937135 ], [ -102.537706381954095, 18.638273923238625 ], [ -102.538003242813076, 18.638260201470075 ], [ -102.538402145890558, 18.638202108062586 ], [ -102.539034361809627, 18.639892392603379 ], [ -102.539599906245243, 18.641404425103424 ], [ -102.538666404700351, 18.642224583542365 ], [ -102.529148726995786, 18.650586651855313 ], [ -102.52840064611982, 18.648830156373073 ], [ -102.528247684816492, 18.648352307591573 ], [ -102.528209450504562, 18.64757294114391 ], [ -102.528209280048799, 18.647569466586187 ], [ -102.528307375919439, 18.646928970964595 ], [ -102.528803551575663, 18.644722830433007 ], [ -102.529067404529528, 18.644043872987904 ], [ -102.529434977006431, 18.643562709505744 ], [ -102.529802547328075, 18.643081545040918 ], [ -102.530588895006971, 18.642385745363963 ], [ -102.533523333399955, 18.640100976849141 ] ] ] ] } },
{ "type": "Feature", "properties": { "fid": 20.0, "cat": 20, "VULNERABIL": 2.0, "CLAVE_ACUI": "1617", "NOM_ACUIF": "LAZARO CARDENAS" }, "geometry": { "type": "MultiPolygon", "coordinates": [ [ [ [ -102.200158481660523, 18.582270559432338 ], [ -102.200120330841287, 18.583192687726644 ], [ -102.199824684499049, 18.583792701029299 ], [ -102.19952903584489, 18.584392713560081 ], [ -102.19872247411233, 18.585184904177858 ], [ -102.195549765238894, 18.587681729500485 ], [ -102.194638998246532, 18.588330133710588 ], [ -102.194100255996162, 18.588594683079243 ], [ -102.193561512243861, 18.588859230677841 ], [ -102.192933018727032, 18.588966681961125 ], [ -102.191077540612554, 18.588939017548743 ], [ -102.190457120564417, 18.588878973060872 ], [ -102.189937212540102, 18.588752706039905 ], [ -102.189417305479211, 18.588626437681881 ], [ -102.188552277797569, 18.588325715987001 ], [ -102.185555322723602, 18.587174860879312 ], [ -102.184697222184028, 18.586777725528854 ], [ -102.184193452657126, 18.586426516066481 ], [ -102.18368968529073, 18.586075305517891 ], [ -102.183108447111934, 18.585468985509646 ], [ -102.181403558692821, 18.583341908567142 ], [ -102.180908369724804, 18.582686081188164 ], [ -102.18060536172456, 18.582219358677918 ], [ -102.180302355262853, 18.581752635879067 ], [ -102.179931808460736, 18.581074970347451 ], [ -102.178808616562563, 18.578845975220435 ], [ -102.178353053777315, 18.578156876982927 ], [ -102.177851664058139, 18.57766347895754 ], [ -102.177350277217599, 18.577170079958229 ], [ -102.176373306396812, 18.576449465298868 ], [ -102.172816941801955, 18.574073363138673 ], [ -102.171732514754368, 18.57341206406981 ], [ -102.170980338241492, 18.573057098696641 ], [ -102.170228165181385, 18.572702130721893 ], [ -102.169163518219236, 18.572349239058543 ], [ -102.165699535166596, 18.571412315279918 ], [ -102.164510853096033, 18.571154033890593 ], [ -102.1634692407589, 18.571019853081811 ], [ -102.162427630887208, 18.57088566672558 ], [ -102.160640281624609, 18.570760558298257 ], [ -102.154382567185408, 18.570444975165067 ], [ -102.152627185255056, 18.570320274319201 ], [ -102.151660136596888, 18.57018715605918 ], [ -102.150693090161383, 18.570054033031159 ], [ -102.149685478070992, 18.569798398557989 ], [ -102.146917399410768, 18.568871668234117 ], [ -102.146139334408446, 18.568583938211056 ], [ -102.14570787885944, 18.568375943867984 ], [ -102.145276424467767, 18.568167948673135 ], [ -102.144821759869615, 18.567861409614199 ], [ -102.143562908149221, 18.566846881663473 ], [ -102.143204422775767, 18.566521481235231 ], [ -102.142997378547747, 18.566269479410721 ], [ -102.142790334907957, 18.566017477434777 ], [ -102.142557265853114, 18.565622872731844 ], [ -102.141883702368276, 18.564285387584093 ], [ -102.141593342555225, 18.563813730822918 ], [ -102.14125261641216, 18.563381941017891 ], [ -102.140911891917227, 18.562950150810796 ], [ -102.140228754619045, 18.562188120599899 ], [ -102.137722274236879, 18.559495546399265 ], [ -102.137018885871598, 18.558672254172304 ], [ -102.136630864765607, 18.558097532835049 ], [ -102.136242846095456, 18.557522811019719 ], [ -102.135837603538377, 18.556704042761108 ], [ -102.134722523415036, 18.554032566980972 ], [ -102.134433058188776, 18.553296817264801 ], [ -102.134315170708135, 18.552915806581808 ], [ -102.134197283636695, 18.552534795882572 ], [ -102.134149926379934, 18.552181943761369 ], [ -102.134164698901756, 18.551297321893657 ], [ -102.134211979214285, 18.551017011108787 ], [ -102.134314913731629, 18.550805263505453 ], [ -102.134417847964045, 18.550593515807311 ], [ -102.13466466522155, 18.550268832947676 ], [ -102.135610603516426, 18.549177137860365 ], [ -102.135868402271228, 18.548832304205035 ], [ -102.135996966999926, 18.548573541751921 ], [ -102.136125531295392, 18.548314779152356 ], [ -102.136235060107538, 18.547920291608005 ], [ -102.136489063319232, 18.546596874514307 ], [ -102.136593012114076, 18.546217538342567 ], [ -102.136708559094117, 18.545994129386514 ], [ -102.136824105740203, 18.545770720314248 ], [ -102.137050290590849, 18.545511744815286 ], [ -102.137874722650537, 18.544750007973121 ], [ -102.138217680877062, 18.544513117111968 ], [ -102.138605702433949, 18.544341240954619 ], [ -102.138993723305973, 18.544169363890383 ], [ -102.139759396304342, 18.543915176454263 ], [ -102.142556482878803, 18.543072696341873 ], [ -102.143433347204379, 18.542855728266513 ], [ -102.144080827109832, 18.542770721578641 ], [ -102.144728306697004, 18.542685712578955 ], [ -102.145701386293069, 18.54265980052249 ], [ -102.148947471847038, 18.542708865100423 ], [ -102.149950977536975, 18.5427748107609 ], [ -102.150669446012529, 18.542904166723517 ], [ -102.151387915963113, 18.543033520091534 ], [ -102.152437181954028, 18.543337159095366 ], [ -102.155896847949393, 18.544495403265302 ], [ -102.157006710677649, 18.544678037896457 ], [ -102.157866539994288, 18.544525077744304 ], [ -102.15872636833565, 18.544372113460827 ], [ -102.160073149249854, 18.543752439887893 ], [ -102.164638394363337, 18.541166485614252 ], [ -102.165959354162979, 18.540495586765164 ], [ -102.167558660199475, 18.539950749382257 ], [ -102.168522430846011, 18.539843313867305 ], [ -102.171420731142305, 18.539886767657581 ], [ -102.172222374760395, 18.539924173610817 ], [ -102.17264372428015, 18.539989740099976 ], [ -102.173065074256755, 18.540055305689922 ], [ -102.173467287028629, 18.540205233485146 ], [ -102.174501583859751, 18.540773763726445 ], [ -102.174796411736253, 18.540977950322088 ], [ -102.174967193048758, 18.541170121968783 ], [ -102.175137974735136, 18.54136229350841 ], [ -102.175331093974364, 18.541707168833696 ], [ -102.175890757407402, 18.542932243646629 ], [ -102.176132376028875, 18.543242291301222 ], [ -102.176416319283632, 18.543353198373541 ], [ -102.176700262957922, 18.543464105065937 ], [ -102.177269910919662, 18.543470932931431 ], [ -102.179360379359309, 18.543280969006332 ], [ -102.179941175500772, 18.543257481320744 ], [ -102.180251132817816, 18.543297665560765 ], [ -102.18056109035345, 18.543337849310237 ], [ -102.180865887236862, 18.543476149583995 ], [ -102.181668360658705, 18.544041182398669 ], [ -102.181878981025278, 18.544726607768677 ], [ -102.181878981025278, 18.544726607768677 ], [ -102.181878981025278, 18.544726607768677 ], [ -102.181969190098513, 18.546043418043059 ], [ -102.182059399083499, 18.547360228297752 ], [ -102.182100289007678, 18.550030663117337 ], [ -102.182106512249533, 18.550437117449846 ], [ -102.182145887863584, 18.562162305688073 ], [ -102.182235228046892, 18.565260138934967 ], [ -102.182424035694325, 18.566625826081982 ], [ -102.182612844789091, 18.567991513266648 ], [ -102.183062964563732, 18.568795643291423 ], [ -102.184785916592105, 18.569816867675414 ], [ -102.185372507433783, 18.570094814951357 ], [ -102.185879737429417, 18.570232749491204 ], [ -102.18638696842568, 18.570370682770953 ], [ -102.18724960725811, 18.570486830495746 ], [ -102.190260801633841, 18.570752959955627 ], [ -102.19108659230163, 18.570843146160549 ], [ -102.191507835416544, 18.570920529519643 ], [ -102.191929079044499, 18.570997911985927 ], [ -102.192306840256776, 18.571128822218601 ], [ -102.19322724119364, 18.571584970630738 ], [ -102.193519147874028, 18.571755232488957 ], [ -102.193740061680444, 18.571924436981256 ], [ -102.193960975936989, 18.572093641269408 ], [ -102.194300252735047, 18.572406820459939 ], [ -102.195441724357892, 18.573529911993361 ], [ -102.195781172868948, 18.573832933589721 ], [ -102.196223786204726, 18.57412394539481 ], [ -102.196516641803086, 18.574236654996152 ], [ -102.197440688876583, 18.574471619292499 ], [ -102.197717323209304, 18.574599323112011 ], [ -102.197915339109215, 18.574794142690177 ], [ -102.197999787203059, 18.574877227463947 ], [ -102.198282252110133, 18.575155131505944 ], [ -102.198505318217997, 18.575519060481184 ], [ -102.19917938513872, 18.576856406478566 ], [ -102.199373756848814, 18.577346884762783 ], [ -102.199606753353123, 18.578298438128822 ], [ -102.199745233657197, 18.579167321872131 ], [ -102.200158481660523, 18.582270559432338 ] ] ] ] } },
{ "type": "Feature", "properties": { "fid": 21.0, "cat": 21, "VULNERABIL": 2.0, "CLAVE_ACUI": "1617", "NOM_ACUIF": "LAZARO CARDENAS" }, "geometry": { "type": "MultiPolygon", "coordinates": [ [ [ [ -102.498243685448642, 18.536442744574874 ], [ -102.498013492099062, 18.535183226962623 ], [ -102.497972103749845, 18.534368175953215 ], [ -102.498009146481763, 18.531824121749285 ], [ -102.498021388655857, 18.530983251848482 ], [ -102.498066168261616, 18.53036034487906 ], [ -102.498148273192101, 18.530559336501398 ], [ -102.498375825079762, 18.531188239458881 ], [ -102.498625055868317, 18.531854579764925 ], [ -102.499428737661788, 18.534003293313997 ], [ -102.500867781747829, 18.537850703508582 ], [ -102.502059043667956, 18.541035646416397 ], [ -102.502926368753791, 18.543354515872608 ], [ -102.50386904398367, 18.545874840527546 ], [ -102.503666155543698, 18.545927885282325 ], [ -102.503429262038026, 18.545924751982806 ], [ -102.503270618467084, 18.545846452408846 ], [ -102.50307440191915, 18.54566605427387 ], [ -102.502878185785832, 18.545485655980286 ], [ -102.502476212820014, 18.545048531645872 ], [ -102.500992787911159, 18.543369409731273 ], [ -102.500555767540845, 18.542779416383691 ], [ -102.500277758295155, 18.542242328614474 ], [ -102.499999750624994, 18.541705240613528 ], [ -102.499642461517112, 18.540760697481247 ], [ -102.498531147061684, 18.53742700434281 ], [ -102.498243685448642, 18.536442744574874 ] ] ] ] } },
{ "type": "Feature", "properties": { "fid": 22.0, "cat": 22, "VULNERABIL": 2.0, "CLAVE_ACUI": "1617", "NOM_ACUIF": "LAZARO CARDENAS" }, "geometry": { "type": "MultiPolygon", "coordinates": [ [ [ [ -102.09350321333342, 18.476719135026997 ], [ -102.094409279060514, 18.475908598108411 ], [ -102.094874056829482, 18.475595771371012 ], [ -102.095338832995949, 18.475282943248839 ], [ -102.095760708417657, 18.475199691405752 ], [ -102.096799912575861, 18.47543683779519 ], [ -102.097106796318243, 18.475544811343713 ], [ -102.097303255416165, 18.475678177927882 ], [ -102.097499714833816, 18.4758115443482 ], [ -102.097754143548457, 18.476084618125885 ], [ -102.098548563670334, 18.477092228509633 ], [ -102.098754079925101, 18.477425496510246 ], [ -102.098836405229576, 18.477699317301251 ], [ -102.098918730735548, 18.477973138085591 ], [ -102.098948429283666, 18.478422215296458 ], [ -102.098922369645209, 18.479970267213062 ], [ -102.098893619611431, 18.480413369773245 ], [ -102.098839566642695, 18.480673249844681 ], [ -102.098785513453691, 18.480933129871968 ], [ -102.098659825963225, 18.481232541645646 ], [ -102.098181387771191, 18.482110035411633 ], [ -102.098019218686389, 18.482363178501814 ], [ -102.097880044703587, 18.482515099323511 ], [ -102.097740870470219, 18.48266702000674 ], [ -102.097505399274141, 18.482847936078546 ], [ -102.096684879558694, 18.483388367301135 ], [ -102.096312078780855, 18.483506229938463 ], [ -102.095852471738709, 18.483511027651886 ], [ -102.095392864840122, 18.483515824243884 ], [ -102.094452504757399, 18.483411664598087 ], [ -102.090983389160684, 18.482915957661291 ], [ -102.090065180895309, 18.482761330297514 ], [ -102.08965724427722, 18.482648404509767 ], [ -102.08924930831698, 18.482535477914169 ], [ -102.08900198279855, 18.482367462395953 ], [ -102.088663669248348, 18.481809244121862 ], [ -102.088727121179858, 18.481519041286781 ], [ -102.089044330760487, 18.481121010040216 ], [ -102.089361538814572, 18.480722978043914 ], [ -102.090204390925493, 18.479875943499202 ], [ -102.09350321333342, 18.476719135026997 ] ] ] ] } },
{ "type": "Feature", "properties": { "fid": 23.0, "cat": 23, "VULNERABIL": 2.0, "CLAVE_ACUI": "1617", "NOM_ACUIF": "LAZARO CARDENAS" }, "geometry": { "type": "MultiPolygon", "coordinates": [ [ [ [ -102.318403936263095, 18.418290827348695 ], [ -102.316711340643565, 18.421916753275298 ], [ -102.311822199812724, 18.421385527675056 ], [ -102.311396726505905, 18.421369342521061 ], [ -102.311099153256237, 18.421341422964566 ], [ -102.310801580167862, 18.421313502953232 ], [ -102.310376844615419, 18.421249917323955 ], [ -102.308989894504251, 18.421009019196916 ], [ -102.308592157901288, 18.420920415011384 ], [ -102.308357579481765, 18.420834123720368 ], [ -102.308123001331438, 18.420747832168477 ], [ -102.307850514275046, 18.420589889820459 ], [ -102.307048067245205, 18.420025407334606 ], [ -102.306839584463489, 18.419858212770045 ], [ -102.306754346569022, 18.41975033417966 ], [ -102.30666910877693, 18.419642455563547 ], [ -102.306634054548041, 18.419501425699618 ], [ -102.306640943466149, 18.419059043589602 ], [ -102.306691330308979, 18.418898908009464 ], [ -102.306805455058537, 18.418746449315375 ], [ -102.306919579597349, 18.418593990524553 ], [ -102.307195262510135, 18.418318529278565 ], [ -102.308253526728123, 18.417337956606527 ], [ -102.308593206457132, 18.417053241185098 ], [ -102.308856663654907, 18.416879193514124 ], [ -102.309120120348723, 18.416705145406137 ], [ -102.309533174897993, 18.416492580909875 ], [ -102.310933844467684, 18.415848702982366 ], [ -102.311426303710078, 18.415662655985443 ], [ -102.311875043003809, 18.415550488036086 ], [ -102.312323781854019, 18.415438318948937 ], [ -102.313113434354477, 18.415303882740162 ], [ -102.315900997811482, 18.414900827665335 ], [ -102.316695967316093, 18.414766451068751 ], [ -102.317157116349961, 18.414654445307374 ], [ -102.317618264933245, 18.414542438346899 ], [ -102.318140863312351, 18.414356798389097 ], [ -102.319131073905268, 18.413937394662813 ], [ -102.319674885697211, 18.413814404945413 ], [ -102.320094449580793, 18.413822956161074 ], [ -102.320359065426146, 18.413896965235399 ], [ -102.319705205577932, 18.415334523632197 ], [ -102.319157825242996, 18.416706313457336 ], [ -102.318403936263095, 18.418290827348695 ] ] ] ] } },
{ "type": "Feature", "properties": { "fid": 24.0, "cat": 24, "VULNERABIL": 2.0, "CLAVE_ACUI": "1617", "NOM_ACUIF": "LAZARO CARDENAS" }, "geometry": { "type": "MultiPolygon", "coordinates": [ ] } },
{ "type": "Feature", "properties": { "fid": 26.0, "cat": 25, "VULNERABIL": 2.0, "CLAVE_ACUI": "1617", "NOM_ACUIF": "LAZARO CARDENAS" }, "geometry": { "type": "MultiPolygon", "coordinates": [ [ [ [ -101.881185041306495, 18.310722613861341 ], [ -101.88216655662589, 18.31133109189458 ], [ -101.884155956205745, 18.31266018213773 ], [ -101.891477048703067, 18.31764551889653 ], [ -101.893544606353785, 18.319072286047081 ], [ -101.894708235177902, 18.319908804179949 ], [ -101.895871875718257, 18.320745316807525 ], [ -101.897128970483053, 18.321708603176337 ], [ -101.900668186741697, 18.324530892182985 ], [ -101.901671820751233, 18.325398628950019 ], [ -101.902816167670892, 18.32662580539122 ], [ -101.903447311451131, 18.327511180088766 ], [ -101.905248326007325, 18.330415749663764 ], [ -101.905746872365597, 18.331283732301813 ], [ -101.906272377605532, 18.332429753418815 ], [ -101.906397386260139, 18.332811061724133 ], [ -101.906737355147925, 18.333723748264333 ], [ -101.906919627825573, 18.334237900359167 ], [ -101.907107121772228, 18.334857084114486 ], [ -101.907192697064588, 18.335227480276821 ], [ -101.907404554837839, 18.336336811992112 ], [ -101.907427243891846, 18.336655406581681 ], [ -101.907321267047081, 18.337032849498772 ], [ -101.907147182117029, 18.337253458881062 ], [ -101.90700642921351, 18.337383381986296 ], [ -101.906958975807754, 18.337570322237383 ], [ -101.906462953139297, 18.338450931490478 ], [ -101.905264826844643, 18.340201409676297 ], [ -101.904969117394984, 18.340917177953045 ], [ -101.904699255427602, 18.341439219156463 ], [ -101.904166040732264, 18.342117784871739 ], [ -101.903674166825198, 18.342565122395943 ], [ -101.903349050681001, 18.342825076340421 ], [ -101.903177243182625, 18.343030431513245 ], [ -101.902779078594975, 18.343391270009182 ], [ -101.901605578894845, 18.344256892809018 ], [ -101.901204175584937, 18.344500879271976 ], [ -101.900504465538646, 18.344773863693895 ], [ -101.899906283345814, 18.344919854115425 ], [ -101.897814473816993, 18.345328145222418 ], [ -101.897122231511474, 18.345381189423673 ], [ -101.896552906700961, 18.345300819946697 ], [ -101.895983582690178, 18.345220448842724 ], [ -101.895049186998079, 18.344937773911816 ], [ -101.891827351428844, 18.343779339434018 ], [ -101.890788834039427, 18.343373073856007 ], [ -101.889976531971598, 18.343004350624227 ], [ -101.889164233797459, 18.342635624424751 ], [ -101.88788189790931, 18.341988388863118 ], [ -101.883522331188232, 18.339705362308599 ], [ -101.882220783435741, 18.338946064129463 ], [ -101.881363588355001, 18.338315904815122 ], [ -101.880506399761259, 18.337685742532681 ], [ -101.879358829318946, 18.3366445832389 ], [ -101.875717959730466, 18.333046139379157 ], [ -101.87465898797754, 18.33210797089809 ], [ -101.873518832629429, 18.331424752678373 ], [ -101.873518830102142, 18.331424751962675 ], [ -101.873102341866939, 18.329772656499046 ], [ -101.873170945038567, 18.329347229626634 ], [ -101.872912125644689, 18.327987656299047 ], [ -101.871972103590181, 18.326024330825167 ], [ -101.871132159812831, 18.325540352931785 ], [ -101.870561634014521, 18.325341262909987 ], [ -101.869571202098115, 18.323757924803491 ], [ -101.868758289837473, 18.323192260312851 ], [ -101.867713411313417, 18.322891941336803 ], [ -101.866648364338857, 18.323088551714083 ], [ -101.866052616955358, 18.323088478719658 ], [ -101.861634459640285, 18.320012505366773 ], [ -101.860642704186333, 18.31891673105682 ], [ -101.858855251900223, 18.315421941592877 ], [ -101.858748726858934, 18.31469212986466 ], [ -101.858852055638664, 18.314076559179444 ], [ -101.859306112350552, 18.313518939324027 ], [ -101.85980034400427, 18.313105192046258 ], [ -101.861624841967156, 18.31310491789214 ], [ -101.863063681504528, 18.313796673172586 ], [ -101.864451322972471, 18.314823283866058 ], [ -101.864908840618966, 18.315051184127331 ], [ -101.865802977365476, 18.314821038538966 ], [ -101.866950524574506, 18.313313894783313 ], [ -101.867728631100505, 18.313491821004547 ], [ -101.868419966243906, 18.314140591799013 ], [ -101.868899885254152, 18.31515372641497 ], [ -101.869657240657517, 18.315792468480879 ], [ -101.870340183704656, 18.316504564054359 ], [ -101.870823034271154, 18.318267108705491 ], [ -101.871472572806553, 18.318672693074451 ], [ -101.87188968124849, 18.318178810737574 ], [ -101.872149548959527, 18.317876918611574 ], [ -101.872136223032342, 18.317642348494825 ], [ -101.872112763787328, 18.316793914949223 ], [ -101.871345100955168, 18.314385527413933 ], [ -101.871079267417969, 18.313170525579466 ], [ -101.870815514450754, 18.310935139919007 ], [ -101.871265272459681, 18.309546833210515 ], [ -101.871583173285899, 18.309334366238769 ], [ -101.871693008027776, 18.309116001216573 ], [ -101.872795466699202, 18.308900750911192 ], [ -101.874293449740378, 18.309167136546137 ], [ -101.874640592089506, 18.309008402259799 ], [ -101.874637291622179, 18.308971747554999 ], [ -101.874825116750031, 18.308957461685935 ], [ -101.875986548686626, 18.308755311734174 ], [ -101.876694834804866, 18.308787221436489 ], [ -101.877016420782667, 18.308839880779015 ], [ -101.877548538082522, 18.309011086478925 ], [ -101.879388590209103, 18.309704718978011 ], [ -101.880203533343632, 18.310114131765719 ], [ -101.881185041306495, 18.310722613861341 ] ] ] ] } },
{ "type": "Feature", "properties": { "fid": 28.0, "cat": 29, "VULNERABIL": 2.0, "CLAVE_ACUI": "1617", "NOM_ACUIF": "LAZARO CARDENAS" }, "geometry": { "type": "MultiPolygon", "coordinates": [ [ [ [ -102.235249425168519, 18.283897523514501 ], [ -102.235250063744104, 18.284420504698542 ], [ -102.235360202246909, 18.285124112461332 ], [ -102.235556129502967, 18.285620967942705 ], [ -102.236885895917737, 18.288249616580302 ], [ -102.232109738177499, 18.302690184456253 ], [ -102.232149609279048, 18.302741457885588 ], [ -102.230726549169205, 18.300911431396411 ], [ -102.230385796506283, 18.300826912020053 ], [ -102.229725362236039, 18.300224745939051 ], [ -102.229122641395193, 18.299449027479273 ], [ -102.226970418468824, 18.296431165900593 ], [ -102.226422015371384, 18.295585120884205 ], [ -102.226014983271611, 18.294654781379741 ], [ -102.225981907712367, 18.294171770750985 ], [ -102.226234581725123, 18.292848060265243 ], [ -102.226343826237667, 18.292443305881722 ], [ -102.226600962002308, 18.291878162826762 ], [ -102.226859053750147, 18.291475569667561 ], [ -102.227332697829212, 18.290818756129354 ], [ -102.22769090476443, 18.289841964171856 ], [ -102.227969391129974, 18.288936816809603 ], [ -102.228044603839479, 18.288157769686169 ], [ -102.227974015190796, 18.287791789964189 ], [ -102.22789216913992, 18.28747738019204 ], [ -102.227724169899702, 18.287119392671265 ], [ -102.227566017143701, 18.286922391629606 ], [ -102.226995972044804, 18.286361040242866 ], [ -102.226773545509346, 18.286193581206103 ], [ -102.226305598682387, 18.285973457238256 ], [ -102.225859530129455, 18.285826452835042 ], [ -102.224245829260099, 18.285360549258058 ], [ -102.22378422153993, 18.28518791826848 ], [ -102.223513984520196, 18.285018067989569 ], [ -102.223243748059602, 18.284848217395623 ], [ -102.222933250852961, 18.284535561961281 ], [ -102.222024742849356, 18.283416203156701 ], [ -102.221709339181658, 18.283078078637896 ], [ -102.221427648415101, 18.282848801474302 ], [ -102.221145958407206, 18.282619523989148 ], [ -102.22065653297183, 18.28230256987873 ], [ -102.218935939634633, 18.281281998285582 ], [ -102.218488723831797, 18.280985970890612 ], [ -102.218305510682683, 18.280805529927427 ], [ -102.218122297911663, 18.280625088836157 ], [ -102.218046046886471, 18.280405571156098 ], [ -102.218056633496531, 18.279742037649779 ], [ -102.218124471947434, 18.279489063251081 ], [ -102.218277468146468, 18.279230556287565 ], [ -102.218430463852911, 18.278972049134389 ], [ -102.218799755075409, 18.278486431125327 ], [ -102.220217105489908, 18.276737219449547 ], [ -102.220619089117221, 18.276201279698036 ], [ -102.220848383900602, 18.275825363586637 ], [ -102.221077677615625, 18.275449447054275 ], [ -102.221330821122621, 18.274911340709505 ], [ -102.222053561382211, 18.273152008412474 ], [ -102.222289861887504, 18.27266952699172 ], [ -102.222479864304233, 18.272423404478417 ], [ -102.222669866160828, 18.272177281698575 ], [ -102.222976429511945, 18.271956555462747 ], [ -102.224027051999244, 18.271418741582039 ], [ -102.2243437585187, 18.271228635684921 ], [ -102.224557430640274, 18.271053964011809 ], [ -102.224771102342771, 18.270879292039417 ], [ -102.22506488665087, 18.270570335603644 ], [ -102.226008529903154, 18.269477879416357 ], [ -102.226360213376438, 18.26920531552279 ], [ -102.226708990015894, 18.269115562637662 ], [ -102.227057766382558, 18.269025809066566 ], [ -102.227702588483638, 18.269041934009191 ], [ -102.230014212502326, 18.269296675413219 ], [ -102.230669345684333, 18.269333257039307 ], [ -102.231042174434847, 18.269291251152882 ], [ -102.231415003110541, 18.269249244514175 ], [ -102.231825093776251, 18.26909264604069 ], [ -102.23299318812775, 18.268445862451564 ], [ -102.233360914039366, 18.268278488467651 ], [ -102.233634896300174, 18.268211343197503 ], [ -102.233908878403483, 18.268144197505599 ], [ -102.234323959271322, 18.268119727161956 ], [ -102.235713040429729, 18.268139818100789 ], [ -102.236121438795337, 18.268201595448161 ], [ -102.236465957165592, 18.268380401403967 ], [ -102.236638216639861, 18.268469804182917 ], [ -102.236968073017479, 18.268791182526176 ], [ -102.23799063237243, 18.270022737875905 ], [ -102.238255261828442, 18.270434599786441 ], [ -102.238396841959386, 18.270894912531197 ], [ -102.238467632244664, 18.271125068894197 ], [ -102.238506388092802, 18.271699591603294 ], [ -102.238474875051025, 18.273690228222357 ], [ -102.238389040662881, 18.274410250735162 ], [ -102.238019991263428, 18.275779718452135 ], [ -102.237578606903824, 18.277016076849872 ], [ -102.235887806650041, 18.281416265582287 ], [ -102.235446709853704, 18.282632301945323 ], [ -102.235249425168519, 18.283897523514501 ] ] ] ] } },
{ "type": "Feature", "properties": { "fid": 29.0, "cat": 31, "VULNERABIL": 2.0, "CLAVE_ACUI": "1617", "NOM_ACUIF": "LAZARO CARDENAS" }, "geometry": { "type": "MultiPolygon", "coordinates": [ [ [ [ -102.013818522721223, 18.277485814772639 ], [ -102.013307453888373, 18.277631874303793 ], [ -102.012796384394377, 18.277777932340516 ], [ -102.012453752695677, 18.277814895805825 ], [ -102.011876945341129, 18.277695277048291 ], [ -102.011719709121252, 18.277460899753269 ], [ -102.011641228129193, 18.276973829279019 ], [ -102.011562747366568, 18.276486758814272 ], [ -102.011495751902885, 18.275329506245377 ], [ -102.011340061650159, 18.270903134715681 ], [ -102.011348334866895, 18.269696274017164 ], [ -102.011445486432677, 18.269093451586219 ], [ -102.011542637004752, 18.268490628976284 ], [ -102.011811937980696, 18.267975139203891 ], [ -102.012874367031429, 18.2667751607928 ], [ -102.013204477128141, 18.266433287617158 ], [ -102.01344352367191, 18.26623557494829 ], [ -102.013682569684903, 18.266037861898436 ], [ -102.014035449350914, 18.265814841174066 ], [ -102.015204125057053, 18.265169499314094 ], [ -102.015657016632048, 18.265003900251216 ], [ -102.016129428069831, 18.264940175058566 ], [ -102.016601839342485, 18.264876448646653 ], [ -102.017498695525347, 18.264859971406786 ], [ -102.020739208466338, 18.264910498948435 ], [ -102.021641468415126, 18.264889007839642 ], [ -102.022611494946588, 18.264738218554548 ], [ -102.0230949860252, 18.264544298876217 ], [ -102.024381245510043, 18.263790126539728 ], [ -102.02467246898469, 18.26359367293421 ], [ -102.024946529371235, 18.263267368612187 ], [ -102.026130229271658, 18.261737388343057 ], [ -102.026561147373187, 18.261300562548772 ], [ -102.026585665553625, 18.261285490775109 ], [ -102.026652958823718, 18.261215654747254 ], [ -102.027404610995916, 18.260777042413693 ], [ -102.028139293484827, 18.260502369845558 ], [ -102.03081614917383, 18.259659153919245 ], [ -102.031698669713876, 18.259442626131701 ], [ -102.03241946254002, 18.259359013114207 ], [ -102.033140255094651, 18.259275397276014 ], [ -102.034317144306513, 18.259253024232997 ], [ -102.03836771917797, 18.259315800484536 ], [ -102.039485123709966, 18.259353417482547 ], [ -102.040067109015169, 18.259409827083537 ], [ -102.040649094971513, 18.25946623496402 ], [ -102.041194506102215, 18.259589790065125 ], [ -102.042575790496642, 18.260053561791413 ], [ -102.042992890107342, 18.260220835213005 ], [ -102.043275478085732, 18.260379256473538 ], [ -102.043558066620704, 18.260537677386747 ], [ -102.043948362379155, 18.260823035791969 ], [ -102.045204573826354, 18.261837863209863 ], [ -102.045519100038149, 18.262203306219178 ], [ -102.045624884485306, 18.262548594763388 ], [ -102.045730669254127, 18.262893883297878 ], [ -102.045718383323234, 18.263514979222588 ], [ -102.045449472231056, 18.26572284872957 ], [ -102.045352496653692, 18.266322320890762 ], [ -102.045260678955614, 18.266617154987909 ], [ -102.045168860875847, 18.266911988988795 ], [ -102.04500350004399, 18.267154899792928 ], [ -102.044415450648174, 18.26769881424768 ], [ -102.044209292559515, 18.267839520847215 ], [ -102.044022282758547, 18.267895879592189 ], [ -102.043835272862324, 18.267952238136409 ], [ -102.043507117375896, 18.267972555977952 ], [ -102.042349745843694, 18.267954651529518 ], [ -102.041975051700845, 18.267898067393755 ], [ -102.041679451068646, 18.267774991802693 ], [ -102.041383850912041, 18.267651915811957 ], [ -102.040913973637558, 18.267356854629764 ], [ -102.039312425858981, 18.266226048568939 ], [ -102.03883209992614, 18.26592066412174 ], [ -102.038512107136796, 18.265773506326969 ], [ -102.038192114952466, 18.265626348070917 ], [ -102.037758175724633, 18.265511281077284 ], [ -102.036373112763826, 18.265268613173781 ], [ -102.035964281812753, 18.265240267673637 ], [ -102.035702872694586, 18.265295464737662 ], [ -102.035441463464082, 18.265350661419742 ], [ -102.035103410270494, 18.265536712400475 ], [ -102.034048641991248, 18.266294553125761 ], [ -102.033782570132445, 18.266623918500002 ], [ -102.033689122209381, 18.267013519442003 ], [ -102.033595673739086, 18.267403120264813 ], [ -102.033594751162553, 18.268186900666539 ], [ -102.033777342687301, 18.27106534102909 ], [ -102.033786702038483, 18.271869595227383 ], [ -102.033717244813062, 18.272306968127868 ], [ -102.033647787070791, 18.272744340935969 ], [ -102.033439977161393, 18.273189723167114 ], [ -102.032609106386403, 18.274393424822502 ], [ -102.032350045906028, 18.274726280664968 ], [ -102.032161010280092, 18.274901094931515 ], [ -102.031971974276431, 18.275075908953767 ], [ -102.031690932885226, 18.275242522103731 ], [ -102.030757476488603, 18.275670419260358 ], [ -102.030450810994083, 18.275780767859008 ], [ -102.029953164018011, 18.275867833178811 ], [ -102.029548905593629, 18.275881863339567 ], [ -102.028160014609739, 18.275860266825966 ], [ -102.0276607856525, 18.275832187383134 ], [ -102.026719941484629, 18.275722749890988 ], [ -102.025875108578674, 18.275594488120397 ], [ -102.022873412640479, 18.275105346177469 ], [ -102.022167351329259, 18.275062424617637 ], [ -102.020421868731177, 18.275260118955551 ], [ -102.019129204785273, 18.275622540120871 ], [ -102.014936085289222, 18.277105461794861 ], [ -102.013818522721223, 18.277485814772639 ] ] ] ] } },
{ "type": "Feature", "properties": { "fid": 30.0, "cat": 32, "VULNERABIL": 2.0, "CLAVE_ACUI": "1617", "NOM_ACUIF": "LAZARO CARDENAS" }, "geometry": { "type": "MultiPolygon", "coordinates": [ [ [ [ -102.050633938323131, 18.247555876366778 ], [ -102.051291602335851, 18.247220664272277 ], [ -102.051715568933346, 18.247084995125952 ], [ -102.052139535001402, 18.24694932494328 ], [ -102.052693205229801, 18.246896910259288 ], [ -102.054429070063108, 18.246923640716435 ], [ -102.054986171264176, 18.24698300284826 ], [ -102.055418141284719, 18.247108153389902 ], [ -102.055850112063169, 18.247233303041472 ], [ -102.056527213686948, 18.24753151218243 ], [ -102.058823098768414, 18.248672842575282 ], [ -102.059494727401002, 18.24898111572843 ], [ -102.059913908863123, 18.249129761087492 ], [ -102.060333091163031, 18.249278405626068 ], [ -102.060859123567454, 18.249394832907203 ], [ -102.062475579684119, 18.249640864398678 ], [ -102.062921990820143, 18.249750985055485 ], [ -102.063155387009388, 18.249884921298229 ], [ -102.063388783585438, 18.250018857304958 ], [ -102.063609219212367, 18.250291411971062 ], [ -102.06417112863987, 18.25129546156731 ], [ -102.064290172937959, 18.251591853239283 ], [ -102.064286986455357, 18.251781409257379 ], [ -102.064283799933875, 18.251970965271198 ], [ -102.06415565071643, 18.252216162116277 ], [ -102.063563990837295, 18.252981300447193 ], [ -102.063335298548296, 18.253199559529268 ], [ -102.063097514570799, 18.253326262103545 ], [ -102.062859730279371, 18.253452964331384 ], [ -102.062409039306573, 18.253596711419778 ], [ -102.060781380279309, 18.254014118103015 ], [ -102.060188487727274, 18.254079494051616 ], [ -102.059618903493927, 18.254023337964714 ], [ -102.05904931988853, 18.253967180230859 ], [ -102.058014832931178, 18.253741353141518 ], [ -102.05432642387423, 18.252799771347874 ], [ -102.05327052617919, 18.252583747749615 ], [ -102.052650954593716, 18.252550502102331 ], [ -102.052031383556454, 18.252517254478711 ], [ -102.051317074043396, 18.252638289947598 ], [ -102.048907776394984, 18.253351082575463 ], [ -102.048592788882331, 18.253432559656989 ], [ -102.048592788882331, 18.253432559656989 ], [ -102.047747223645985, 18.253561712949232 ], [ -102.047169248970064, 18.2535832633341 ], [ -102.045317601536013, 18.253554670039584 ], [ -102.044749912077535, 18.253596686446283 ], [ -102.044351125741244, 18.253709026151434 ], [ -102.043952339009735, 18.253821364949506 ], [ -102.043380636994229, 18.25410031761842 ], [ -102.04151025535711, 18.25517740725375 ], [ -102.040922861727111, 18.255440872887455 ], [ -102.040487473707017, 18.255517087060376 ], [ -102.040052085456196, 18.255593300185797 ], [ -102.039395514897947, 18.25554758771462 ], [ -102.037202303697413, 18.255181823592 ], [ -102.036621512286587, 18.255056018104202 ], [ -102.036362934240287, 18.254945361061058 ], [ -102.036104356566057, 18.254834703713595 ], [ -102.035946353438007, 18.254644347115057 ], [ -102.035726161128579, 18.253977331419261 ], [ -102.035739413614678, 18.253718528358874 ], [ -102.035880431487044, 18.253448162291637 ], [ -102.036021448872702, 18.253177796051165 ], [ -102.036411101935329, 18.252664123422029 ], [ -102.037947428251655, 18.250807706684203 ], [ -102.038538653771624, 18.250317463518421 ], [ -102.039150026217911, 18.250101774876708 ], [ -102.039761397416171, 18.249886084058026 ], [ -102.040916950794454, 18.249760066683507 ], [ -102.045086796685823, 18.249603314433418 ], [ -102.046273803509564, 18.249503142833781 ], [ -102.046958560506567, 18.249347811305192 ], [ -102.047643316645122, 18.249192477146043 ], [ -102.048412755089913, 18.248848844045416 ], [ -102.050633938323131, 18.247555876366778 ] ] ] ] } },
{ "type": "Feature", "properties": { "fid": 31.0, "cat": 33, "VULNERABIL": 1.0, "CLAVE_ACUI": "1617", "NOM_ACUIF": "LAZARO CARDENAS" }, "geometry": { "type": "MultiPolygon", "coordinates": [ [ [ [ -101.948066842028013, 18.229466663964093 ], [ -101.948913826863489, 18.229249946187153 ], [ -101.949958447087724, 18.229076998668496 ], [ -101.95060377827528, 18.229046650138486 ], [ -101.952570706716585, 18.229077962612465 ], [ -101.953177433602377, 18.229128243675948 ], [ -101.954041896468183, 18.229331586192991 ], [ -101.954670117681673, 18.229571794489811 ], [ -101.956737367139553, 18.230489414542614 ], [ -101.957360107788404, 18.230739684503501 ], [ -101.958198968234655, 18.230990000589806 ], [ -101.958774598735275, 18.231097325158174 ], [ -101.960622017101201, 18.231347848710843 ], [ -101.96109467568354, 18.231570333487021 ], [ -101.961452994123647, 18.232358082440587 ], [ -101.961492217590205, 18.233260954141038 ], [ -101.96131692959014, 18.23668660526177 ], [ -101.961244485532461, 18.237592782329603 ], [ -101.96108171072872, 18.238395958620664 ], [ -101.960921620227452, 18.238637176260337 ], [ -101.960337306086913, 18.238959681257633 ], [ -101.960037732283283, 18.238970158413512 ], [ -101.959224038381279, 18.238696546212829 ], [ -101.958361196071849, 18.238295192059581 ], [ -101.955148330288935, 18.236695792408781 ], [ -101.954205371148362, 18.236318539015283 ], [ -101.953017723375098, 18.236157446221913 ], [ -101.952264038158489, 18.236304567822462 ], [ -101.949934474849996, 18.237152213069809 ], [ -101.949254990308319, 18.237310660733428 ], [ -101.948413638110296, 18.237202455063091 ], [ -101.947891193390177, 18.236889429093598 ], [ -101.946294484546797, 18.235536843078268 ], [ -101.94578214279494, 18.235254443194172 ], [ -101.944987908285682, 18.235289167034825 ], [ -101.944365625953552, 18.23562117134378 ], [ -101.942255854873594, 18.237135785431445 ], [ -101.941568739063641, 18.237527682286888 ], [ -101.940471989103017, 18.237841933557728 ], [ -101.939592321725272, 18.237898966073757 ], [ -101.936583964751819, 18.237850842119691 ], [ -101.935733801523995, 18.237740747416513 ], [ -101.934774727898173, 18.237275122220353 ], [ -101.934254787286619, 18.236720040343126 ], [ -101.932787488190755, 18.234595282046616 ], [ -101.932549055335699, 18.23404978550705 ], [ -101.932903646444743, 18.233628896594858 ], [ -101.933648636947169, 18.233573120819155 ], [ -101.936770677749095, 18.233733692892894 ], [ -101.937701176823097, 18.233706260488148 ], [ -101.938921454812345, 18.233417695877133 ], [ -101.939734206946753, 18.233032893611522 ], [ -101.942306749129187, 18.231525694283111 ], [ -101.943109659821815, 18.231095013959401 ], [ -101.944284055518025, 18.230592391904235 ], [ -101.945158854050064, 18.230305040328076 ], [ -101.948066842028013, 18.229466663964093 ] ] ] ] } },
{ "type": "Feature", "properties": { "fid": 32.0, "cat": 27, "VULNERABIL": 2.0, "CLAVE_ACUI": "1617", "NOM_ACUIF": "LAZARO CARDENAS" }, "geometry": { "type": "MultiPolygon", "coordinates": [ [ [ [ -102.179709963601127, 18.232173182895352 ], [ -102.179963080218698, 18.231968666457114 ], [ -102.180198477019374, 18.231983984261468 ], [ -102.180433873904363, 18.231999301781638 ], [ -102.180853321272565, 18.232247582677136 ], [ -102.182339960482764, 18.233375586721429 ], [ -102.182886051978798, 18.233681597961944 ], [ -102.1834169406347, 18.233831623952451 ], [ -102.183947830403355, 18.233981648590987 ], [ -102.184918565243493, 18.234104278185207 ], [ -102.188386892250648, 18.234376464970055 ], [ -102.189356900985942, 18.23454477440028 ], [ -102.189886086320129, 18.23480142076718 ], [ -102.190415273371798, 18.235058065874547 ], [ -102.190957225941304, 18.235623033022271 ], [ -102.192427981788413, 18.237746253788959 ], [ -102.192905035879846, 18.238381373661902 ], [ -102.193282775233598, 18.238801711367806 ], [ -102.19366051636726, 18.239222048557632 ], [ -102.194262720632253, 18.239787892277011 ], [ -102.19631754844238, 18.241587812551838 ], [ -102.196965888675535, 18.242260988324986 ], [ -102.197451258144895, 18.24293177616331 ], [ -102.197936631146462, 18.243602563232525 ], [ -102.198675069858922, 18.244845923034969 ], [ -102.201150435616299, 18.249306685551172 ], [ -102.201834631518963, 18.250620353472552 ], [ -102.202193373100556, 18.25145520226684 ], [ -102.202552117625288, 18.252290050787028 ], [ -102.202892896858657, 18.253361665652236 ], [ -102.203765721588198, 18.256692838065597 ], [ -102.204000215089039, 18.257762898571553 ], [ -102.20411094712027, 18.258594120377406 ], [ -102.204221679631658, 18.25942534219794 ], [ -102.204303562210995, 18.260730201140174 ], [ -102.204464210094997, 18.265157098701362 ], [ -102.20462050328527, 18.266463045502743 ], [ -102.20490486757673, 18.26729680609272 ], [ -102.205189234063297, 18.268130566561759 ], [ -102.205845418972842, 18.269206791595682 ], [ -102.208338934544301, 18.272561641764508 ], [ -102.20905975061109, 18.27358801160479 ], [ -102.209494871613089, 18.274305455364402 ], [ -102.209929995910514, 18.275022898566359 ], [ -102.21045238525501, 18.276046368072194 ], [ -102.212019980836232, 18.279387669955213 ], [ -102.212416441125598, 18.280307714655557 ], [ -102.212557701795504, 18.280783836435607 ], [ -102.212698963061925, 18.281259958193878 ], [ -102.212706102373701, 18.281700261682694 ], [ -102.212456893266591, 18.282802767289123 ], [ -102.212316652941169, 18.283149494067651 ], [ -102.212114030877942, 18.283407270460081 ], [ -102.211911408190147, 18.28366504655067 ], [ -102.211472726338187, 18.284054822386647 ], [ -102.209830776092417, 18.285358213858633 ], [ -102.209381616495179, 18.285737672281282 ], [ -102.209154559386803, 18.285971384616438 ], [ -102.208927501662259, 18.286205096594397 ], [ -102.208727926824096, 18.286493388064816 ], [ -102.208250690696531, 18.287371323653854 ], [ -102.208145008660495, 18.287772729113424 ], [ -102.208137036730776, 18.288270374617362 ], [ -102.208129064546057, 18.288768020092057 ], [ -102.208211969880921, 18.289788459004644 ], [ -102.20861480955638, 18.293555216468519 ], [ -102.208675963556814, 18.294605812620595 ], [ -102.208617234229479, 18.295173824783014 ], [ -102.208558504248458, 18.295741836846176 ], [ -102.208329549917721, 18.296314132032457 ], [ -102.207378546296454, 18.297848814537797 ], [ -102.207129622666429, 18.298339548106107 ], [ -102.207024307754025, 18.298717253941259 ], [ -102.20691899227208, 18.299094959643686 ], [ -102.206867016118991, 18.299683385790953 ], [ -102.206835090036606, 18.301673962978725 ], [ -102.206783111548106, 18.302262388821838 ], [ -102.206677792282022, 18.302640093909176 ], [ -102.206572472446254, 18.303017798863756 ], [ -102.206323537151547, 18.303508529847118 ], [ -102.205372468615863, 18.305043193668137 ], [ -102.205134159156174, 18.305534077873112 ], [ -102.205053643174963, 18.305912144564687 ], [ -102.204973126727552, 18.30629021116205 ], [ -102.2049813909383, 18.306879517774547 ], [ -102.205180991570742, 18.308873482263575 ], [ -102.205139531615899, 18.309578881731632 ], [ -102.204942989745959, 18.310227831253929 ], [ -102.204746446081643, 18.310876780337658 ], [ -102.204226349300342, 18.312025519725609 ], [ -102.202192256586869, 18.316088384131017 ], [ -102.201620426358716, 18.317144928070057 ], [ -102.201303233144614, 18.317578775451064 ], [ -102.200986038264588, 18.318012622073606 ], [ -102.200651605738216, 18.318195642755438 ], [ -102.199725313246105, 18.31818204438564 ], [ -102.199468583340874, 18.318163037199053 ], [ -102.199332692947209, 18.318125487579913 ], [ -102.199196802625394, 18.318087937871582 ], [ -102.199065274394158, 18.317999660529875 ], [ -102.198723257324502, 18.31766279887502 ], [ -102.198624774596709, 18.31750389842302 ], [ -102.198565989774011, 18.317301561662084 ], [ -102.198507205056174, 18.317099224897657 ], [ -102.198437731317583, 18.316680020341128 ], [ -102.198231090843564, 18.31512840597534 ], [ -102.198146403911849, 18.314663265535714 ], [ -102.198052120984912, 18.314353745003373 ], [ -102.197957838319411, 18.314044224460744 ], [ -102.197773146252445, 18.313625020440607 ], [ -102.197099820480403, 18.312287775415189 ], [ -102.196925274170212, 18.311899194982281 ], [ -102.19685465964767, 18.311661130163348 ], [ -102.196784045274327, 18.311423065339063 ], [ -102.196756835461187, 18.311131460626296 ], [ -102.196771084375271, 18.310246768233345 ], [ -102.19681846851995, 18.309946101187094 ], [ -102.196921907057728, 18.309686890896234 ], [ -102.197025345238231, 18.309427680501482 ], [ -102.19727349829877, 18.308987746170509 ], [ -102.198224659079031, 18.3074531358433 ], [ -102.198451540255363, 18.307012886866257 ], [ -102.198505354614554, 18.306752946579433 ], [ -102.198559168757711, 18.306493006249529 ], [ -102.198486043821219, 18.306190569005594 ], [ -102.198037168620061, 18.305299075611828 ], [ -102.197922168079756, 18.304955390147683 ], [ -102.197878269898865, 18.304599204251648 ], [ -102.197834371791629, 18.304243018358054 ], [ -102.197823948494232, 18.303569029826448 ], [ -102.197863098833793, 18.301136121371055 ], [ -102.197736698421195, 18.300399480091617 ], [ -102.197422192012439, 18.29989710466733 ], [ -102.197107687282994, 18.299394728945725 ], [ -102.196335505140169, 18.29869600945003 ], [ -102.193361043918742, 18.296440048192004 ], [ -102.192587908398011, 18.295802252451448 ], [ -102.192271132849498, 18.295442053831565 ], [ -102.191954358580304, 18.29508185485054 ], [ -102.191822418419136, 18.294690513185994 ], [ -102.191840243608766, 18.293584650474855 ], [ -102.191904257129323, 18.29324190309055 ], [ -102.192044709489679, 18.292995090476957 ], [ -102.192185161415026, 18.2927482777005 ], [ -102.192522438813498, 18.292385845333918 ], [ -102.193815486015822, 18.291188113212492 ], [ -102.19427494013506, 18.290832551427698 ], [ -102.194700480787645, 18.290601775964511 ], [ -102.19512602040669, 18.290370999394522 ], [ -102.195882394860632, 18.290067199438052 ], [ -102.198561049582977, 18.28911099572414 ], [ -102.199249042948964, 18.288760465342694 ], [ -102.199515040153457, 18.288420675255232 ], [ -102.199781036276093, 18.288080884646227 ], [ -102.199853034800029, 18.287460587785979 ], [ -102.199657037731669, 18.285245451079884 ], [ -102.199628117233317, 18.284618595390427 ], [ -102.199689150896248, 18.283908405452909 ], [ -102.199805261908239, 18.283520703968264 ], [ -102.200286075995464, 18.282421619091618 ], [ -102.20044896486246, 18.282100631754265 ], [ -102.200588633699681, 18.281901204282242 ], [ -102.200728302198314, 18.281701776661205 ], [ -102.200964466653915, 18.281452970872898 ], [ -102.201787226578219, 18.280690729873179 ], [ -102.202103040450979, 18.280448168026307 ], [ -102.202754081404478, 18.280078454933943 ], [ -102.203368325237989, 18.279792853852097 ], [ -102.205583744004599, 18.278829745805698 ], [ -102.206161015072851, 18.278528356271412 ], [ -102.206298336251649, 18.278401126636915 ], [ -102.206639539538358, 18.278084996557268 ], [ -102.206745875977973, 18.277753016686084 ], [ -102.20676358893887, 18.276647137852279 ], [ -102.206737606113663, 18.276277669209374 ], [ -102.206598641144936, 18.275659361128422 ], [ -102.206426103285239, 18.275145532477076 ], [ -102.205759898009688, 18.27336597304387 ], [ -102.20550804018518, 18.272825588353761 ], [ -102.20525347187035, 18.272454470551054 ], [ -102.204998904573642, 18.272083352542165 ], [ -102.204523427017023, 18.271563399781979 ], [ -102.202813684876148, 18.269879183126729 ], [ -102.202199534593646, 18.269387671872021 ], [ -102.201621379919715, 18.269082922919221 ], [ -102.201043227448181, 18.268778172479518 ], [ -102.200005511804889, 18.268398967329382 ], [ -102.19631917610036, 18.267238807026995 ], [ -102.195323351403957, 18.266900826350053 ], [ -102.194842911468839, 18.266692303800049 ], [ -102.194362472825617, 18.266483780192434 ], [ -102.193985610977393, 18.266225984115216 ], [ -102.193187802143598, 18.265439983013263 ], [ -102.192939159774369, 18.26514343433902 ], [ -102.192757896895955, 18.264844488648524 ], [ -102.192576634588903, 18.264545542861875 ], [ -102.192307384427053, 18.263987960890422 ], [ -102.191413418254612, 18.261983802325339 ], [ -102.19116118194394, 18.261360440410364 ], [ -102.19101960865828, 18.260908009078261 ], [ -102.190878035948927, 18.260455577721935 ], [ -102.19072577737164, 18.259786278755776 ], [ -102.190298386087193, 18.257567746367389 ], [ -102.190189302967156, 18.256858448403342 ], [ -102.190148469258432, 18.256312685993795 ], [ -102.190107635553062, 18.255766923582843 ], [ -102.190100050080517, 18.254916900316669 ], [ -102.19014631341652, 18.252041649305944 ], [ -102.190180098663006, 18.251263341579161 ], [ -102.190235801577714, 18.250884915973884 ], [ -102.19029150413121, 18.250506490306481 ], [ -102.190416869821291, 18.25020358188921 ], [ -102.190890502834932, 18.249546859668516 ], [ -102.191015050014286, 18.249294730209229 ], [ -102.191068844579831, 18.249034789732296 ], [ -102.191122638929812, 18.248774849212293 ], [ -102.191151790230109, 18.248284291607114 ], [ -102.191180239272043, 18.246514903660188 ], [ -102.191012834612323, 18.246016381636746 ], [ -102.190608001169409, 18.245737857175143 ], [ -102.190203169080377, 18.245459332024044 ], [ -102.189213911490455, 18.245162064949092 ], [ -102.185407066797225, 18.244331826791381 ], [ -102.184348003546106, 18.244079221833562 ], [ -102.183780265034244, 18.243904949793428 ], [ -102.183212527881636, 18.243730676218103 ], [ -102.182649481249953, 18.243485362275713 ], [ -102.181157411658077, 18.242689107238377 ], [ -102.180717666651375, 18.242379575613569 ], [ -102.180437625991374, 18.242055465466887 ], [ -102.180157586343029, 18.241731355041853 ], [ -102.179797217213277, 18.241114857652995 ], [ -102.178675587871808, 18.238886089182103 ], [ -102.178395843405141, 18.238214908260808 ], [ -102.178303913501523, 18.237763204632866 ], [ -102.178211983905882, 18.237311501006868 ], [ -102.178229070010019, 18.236692100225518 ], [ -102.178492658254029, 18.234704969558639 ], [ -102.178593865425157, 18.234142678399607 ], [ -102.178698223871194, 18.233824231412452 ], [ -102.178802581858363, 18.233505784307194 ], [ -102.178999541068862, 18.233158226635737 ], [ -102.179709963601127, 18.232173182895352 ] ] ] ] } },
{ "type": "Feature", "properties": { "fid": 33.0, "cat": 30, "VULNERABIL": 2.0, "CLAVE_ACUI": "1617", "NOM_ACUIF": "LAZARO CARDENAS" }, "geometry": { "type": "MultiPolygon", "coordinates": [ [ [ [ -101.99632567866189, 18.250770964766762 ], [ -101.996728519075631, 18.25114463090291 ], [ -101.997131361223765, 18.251518296426912 ], [ -101.997742216284848, 18.252159305852885 ], [ -101.999787217752313, 18.25440334405716 ], [ -102.0004036678896, 18.255029199747025 ], [ -102.000819536344537, 18.255367514573404 ], [ -102.001235406453205, 18.255705828717204 ], [ -102.001807152576887, 18.256046585829885 ], [ -102.003643571499083, 18.256960149296997 ], [ -102.004189367339507, 18.257264944428631 ], [ -102.004544675817371, 18.257519355506346 ], [ -102.004899985378344, 18.257773766066823 ], [ -102.005369358354272, 18.258195859373256 ], [ -102.006849159893946, 18.259656802848397 ], [ -102.007221671087606, 18.260148475399451 ], [ -102.007350955947757, 18.260565242057865 ], [ -102.007480241282636, 18.260982008702278 ], [ -102.007477113985956, 18.261681098350493 ], [ -102.007203940752959, 18.264109982213487 ], [ -102.00704574085168, 18.264862507181594 ], [ -102.006813197092015, 18.265403957085567 ], [ -102.006580651665786, 18.265945406471378 ], [ -102.006074435794048, 18.266739879055464 ], [ -102.004177151595627, 18.26936450291479 ], [ -102.003681193214376, 18.270179440907572 ], [ -102.003472616233495, 18.270768659049214 ], [ -102.003264037562133, 18.271357876727937 ], [ -102.003164062158845, 18.272226419969751 ], [ -102.003114664489772, 18.275101186466447 ], [ -102.003143104054018, 18.275920958492645 ], [ -102.003234164857858, 18.276396376945595 ], [ -102.003325225960666, 18.276871795406478 ], [ -102.003556961871865, 18.277410361765131 ], [ -102.0044562823538, 18.278972833211643 ], [ -102.004677917851581, 18.279480769726568 ], [ -102.004812887906468, 18.28028866999346 ], [ -102.004784065334377, 18.280934876735209 ], [ -102.004514582733194, 18.28314260681783 ], [ -102.004385387338004, 18.283751689712744 ], [ -102.004051963252508, 18.284386346980341 ], [ -102.003704838576141, 18.284683916849119 ], [ -102.002418342898281, 18.28543791328141 ], [ -102.001827618882515, 18.285371085018902 ], [ -102.000357420132772, 18.284305224271733 ], [ -101.998847881029903, 18.282849388603488 ], [ -101.993273772869699, 18.277121286412896 ], [ -101.991704259805417, 18.275451171383629 ], [ -101.989953777812971, 18.273385465576759 ], [ -101.989022588127881, 18.272104577492083 ], [ -101.986427559562159, 18.268192799903101 ], [ -101.985681589621365, 18.26727031017176 ], [ -101.98523847533329, 18.267073728287958 ], [ -101.98479536217377, 18.266877145517078 ], [ -101.984275284713235, 18.267237971543693 ], [ -101.982734457769666, 18.269314982113816 ], [ -101.982381086503239, 18.269871411922363 ], [ -101.982326978613926, 18.270131248340704 ], [ -101.982272870503877, 18.270391084714166 ], [ -101.982471649918779, 18.270577045340776 ], [ -101.983507506714432, 18.27092518586004 ], [ -101.983792369957385, 18.271051563302731 ], [ -101.983939121113181, 18.271172375210032 ], [ -101.984085872477209, 18.271293187032729 ], [ -101.984220298414499, 18.271511986616382 ], [ -101.984554117963313, 18.272291427691325 ], [ -101.984628595488289, 18.272595613967123 ], [ -101.984635465789836, 18.272915661464509 ], [ -101.984642336023114, 18.273235708956111 ], [ -101.98458748706652, 18.273845944003547 ], [ -101.984317778081021, 18.276053611483075 ], [ -101.984198625415729, 18.276693301444446 ], [ -101.984055459889419, 18.277082078011915 ], [ -101.983912293602629, 18.277470854365529 ], [ -101.983622400426242, 18.27794195390895 ], [ -101.982555888147772, 18.279362860777653 ], [ -101.982182361340364, 18.279751381970758 ], [ -101.981844059985477, 18.279947480109833 ], [ -101.981505757928659, 18.280143577534663 ], [ -101.980912709101062, 18.280315334843511 ], [ -101.978821749174088, 18.28072466032728 ], [ -101.97822399843453, 18.280860785687572 ], [ -101.977874728336516, 18.280973755679256 ], [ -101.977525457875373, 18.281086724964222 ], [ -101.977125293442967, 18.281273370886126 ], [ -101.975956396067403, 18.281918442490262 ], [ -101.975546832509266, 18.282033838766719 ], [ -101.975175635536829, 18.281980563019399 ], [ -101.9748044389043, 18.281927286582405 ], [ -101.974153442469742, 18.281659672069008 ], [ -101.971857872134237, 18.280517344016236 ], [ -101.971228673922411, 18.280219596205079 ], [ -101.970908320182303, 18.280096022091406 ], [ -101.970587966969006, 18.279972447504594 ], [ -101.970301867701124, 18.27991712690557 ], [ -101.9696074437569, 18.279906112432354 ], [ -101.969383706635867, 18.27993303315813 ], [ -101.969208865093478, 18.280001356056122 ], [ -101.969034023435142, 18.280069678773394 ], [ -101.968758212729043, 18.280237965893839 ], [ -101.967820775552894, 18.280886657173458 ], [ -101.967551778360473, 18.280968718748763 ], [ -101.967392839024782, 18.28083585176735 ], [ -101.967233899936716, 18.280702984687309 ], [ -101.967048785957203, 18.280241303331525 ], [ -101.966502803897512, 18.278352524545838 ], [ -101.966382702789957, 18.277820778713696 ], [ -101.966375455184661, 18.277524427874745 ], [ -101.96636820752336, 18.27722807703125 ], [ -101.966467600317955, 18.276913106072708 ], [ -101.966945925522666, 18.276035942095554 ], [ -101.96707144642734, 18.275746776976948 ], [ -101.96717888821118, 18.275274504830769 ], [ -101.967206855756856, 18.274888995552981 ], [ -101.96722992846334, 18.27356222437465 ], [ -101.967218029491292, 18.273023732319878 ], [ -101.967139429312283, 18.271837540703288 ], [ -101.967039042574342, 18.270681473338115 ], [ -101.966649173076092, 18.266472684141885 ], [ -101.966586943716393, 18.265446671943803 ], [ -101.966580318029827, 18.265337430561093 ], [ -101.966648861166391, 18.264248369334414 ], [ -101.966815634417088, 18.263827820933269 ], [ -101.967525363140126, 18.262954320834918 ], [ -101.967711976953765, 18.262615339272326 ], [ -101.967792546756655, 18.262261133413173 ], [ -101.967873116122121, 18.261906927460899 ], [ -101.967916701163944, 18.261233892319254 ], [ -101.967958955904351, 18.258801473263521 ], [ -101.967939477839622, 18.258086811181141 ], [ -101.967872903774676, 18.257635476072625 ], [ -101.967806329871124, 18.257184140973042 ], [ -101.967635597535065, 18.256609274192442 ], [ -101.966972000896035, 18.254829232366461 ], [ -101.966680028238073, 18.254196580933012 ], [ -101.965981084311039, 18.253024248979067 ], [ -101.965274570782313, 18.251982139370693 ], [ -101.962676509005291, 18.248291281521816 ], [ -101.962033013774629, 18.247600569250782 ], [ -101.96162803384189, 18.248068114858448 ], [ -101.961692981474926, 18.249426750637056 ], [ -101.962401061661126, 18.255299506830656 ], [ -101.962582836365669, 18.256969775870065 ], [ -101.962723028008071, 18.258891607764983 ], [ -101.962741525565704, 18.259966812725906 ], [ -101.962687649519793, 18.263062603269908 ], [ -101.962657422057134, 18.263883117882898 ], [ -101.962613832373464, 18.264249757023311 ], [ -101.962570242384203, 18.264616396114871 ], [ -101.962475927982027, 18.264843421849896 ], [ -101.962122973721932, 18.265169596647137 ], [ -101.961837256333169, 18.265093959587485 ], [ -101.961347061388722, 18.264754385269214 ], [ -101.960856868451017, 18.264414809961384 ], [ -101.959742041451136, 18.263520229431677 ], [ -101.955520003586699, 18.260024630030557 ], [ -101.954412407448672, 18.259023496312487 ], [ -101.953938985023171, 18.258435337949397 ], [ -101.953465565662782, 18.25784717885054 ], [ -101.95322052107349, 18.257167862938122 ], [ -101.953023814523249, 18.255174041324548 ], [ -101.952900366660643, 18.25453221069969 ], [ -101.95271067529572, 18.254031516647675 ], [ -101.952520984819401, 18.253530822544899 ], [ -101.952102461019166, 18.252742098294576 ], [ -101.950528756245717, 18.250062769457848 ], [ -101.950132033647449, 18.249243920803266 ], [ -101.949993187113634, 18.248672940335975 ], [ -101.94985434120413, 18.248101959872379 ], [ -101.949854357039726, 18.247289436003879 ], [ -101.950132112841544, 18.244639617492499 ], [ -101.950178437597728, 18.243914162052143 ], [ -101.95014765531073, 18.24354634263857 ], [ -101.950116873029316, 18.243178523227048 ], [ -101.949982599984693, 18.242853066132277 ], [ -101.949417559897896, 18.242069904582284 ], [ -101.94920677643529, 18.241865106190769 ], [ -101.948788158039363, 18.24169254202366 ], [ -101.948400915066131, 18.241650819671282 ], [ -101.947012400213055, 18.241628673916615 ], [ -101.946629140809648, 18.241663185573248 ], [ -101.946229110131, 18.241846391235118 ], [ -101.946040896728789, 18.242073602402225 ], [ -101.945562595408745, 18.242950714906573 ], [ -101.945332051510178, 18.243167092895913 ], [ -101.945331342207027, 18.243167250352364 ], [ -101.945301440215061, 18.243195381057888 ], [ -101.944729082148754, 18.243304736332799 ], [ -101.944111361342863, 18.243272866982529 ], [ -101.941801029442942, 18.243014772824495 ], [ -101.941146208183952, 18.242977222910667 ], [ -101.940773454391916, 18.243018661162861 ], [ -101.940400700538746, 18.243060098661477 ], [ -101.939990509807515, 18.24321604353505 ], [ -101.938821789409772, 18.243860907219521 ], [ -101.938421866384033, 18.244037325464458 ], [ -101.938073075059123, 18.244126538269906 ], [ -101.937724283473059, 18.244215750385123 ], [ -101.937127659875301, 18.24429422404787 ], [ -101.935040999456547, 18.244481996986092 ], [ -101.934455892373848, 18.244509864290642 ], [ -101.934133973115308, 18.244481008277713 ], [ -101.933812054050406, 18.244452151737971 ], [ -101.933477392443379, 18.24434183903044 ], [ -101.932559479367583, 18.243884757970363 ], [ -101.932242274971031, 18.243688393611713 ], [ -101.931961086840204, 18.243458751545962 ], [ -101.931679899467895, 18.243229109171239 ], [ -101.931193711821422, 18.242769352516191 ], [ -101.929487229726845, 18.241083100208343 ], [ -101.928987166772032, 18.240506318225247 ], [ -101.928673585477341, 18.240003622779785 ], [ -101.928360005838243, 18.239500927065016 ], [ -101.92796412471813, 18.238641436421556 ], [ -101.926743857592527, 18.235635870464787 ], [ -101.926376654213215, 18.234959653734617 ], [ -101.926129969483213, 18.234884598187413 ], [ -101.925883285011906, 18.234809542352778 ], [ -101.925545671486788, 18.235271313778675 ], [ -101.924463490516843, 18.237576352594836 ], [ -101.924111667050099, 18.238241019075165 ], [ -101.923831845022221, 18.238639390975528 ], [ -101.923552021635174, 18.239037762262242 ], [ -101.923104352092651, 18.239511300042015 ], [ -101.921574861311441, 18.240924391541856 ], [ -101.921080526942831, 18.241331156319358 ], [ -101.920303136523444, 18.24181630790109 ], [ -101.919686913554472, 18.242102616251444 ], [ -101.917588588669091, 18.242953556748482 ], [ -101.916904639537918, 18.243179102420175 ], [ -101.916893647486731, 18.243182727239144 ], [ -101.915748922993046, 18.243401260486124 ], [ -101.914808544588922, 18.2434842786835 ], [ -101.91156483924361, 18.243653134108015 ], [ -101.910677950648477, 18.243716682286177 ], [ -101.910557181860852, 18.243733916506148 ], [ -101.908941274620062, 18.244283340572633 ], [ -101.908418321000056, 18.244503407248637 ], [ -101.907840921188935, 18.244896941073705 ], [ -101.907539017863712, 18.245239066399638 ], [ -101.906791604534547, 18.246320471563202 ], [ -101.906692304320472, 18.246568257781874 ], [ -101.906567143768712, 18.247033420258131 ], [ -101.906190642753984, 18.248686180856527 ], [ -101.905742038521282, 18.249408480009588 ], [ -101.905489375596304, 18.249420574390758 ], [ -101.905550374695622, 18.248232385609178 ], [ -101.905882951586662, 18.247207003295593 ], [ -101.906920433629097, 18.245385348522216 ], [ -101.908424549991807, 18.243782335623663 ], [ -101.910181772647519, 18.242626938155162 ], [ -101.911466661544083, 18.242047568704347 ], [ -101.913828353679406, 18.242011624831111 ], [ -101.915485300064503, 18.242212125016863 ], [ -101.917261288354112, 18.242185060435986 ], [ -101.918904966982566, 18.241591145286794 ], [ -101.920545011999423, 18.240780567441949 ], [ -101.922292663498595, 18.239625217984191 ], [ -101.92368306985405, 18.238023843921809 ], [ -101.924826267018801, 18.23574903767561 ], [ -101.925974876442751, 18.233808231506949 ], [ -101.926898794262996, 18.232557087230763 ], [ -101.927835849645589, 18.232091292468922 ], [ -101.929252764177946, 18.232069619941285 ], [ -101.931032410594227, 18.232268117555392 ], [ -101.932097940542121, 18.232703268692745 ], [ -101.933284305757113, 18.233019180837637 ], [ -101.934943131349044, 18.233336872137038 ], [ -101.936121923757057, 18.233201416845944 ], [ -101.937535045132321, 18.232954007842654 ], [ -101.939301495727065, 18.232367081670059 ], [ -101.940586035603516, 18.231778513317948 ], [ -101.941642041008421, 18.231085097496958 ], [ -101.942480051298375, 18.230720867840528 ], [ -101.943308819547894, 18.230359649734179 ], [ -101.944228287099989, 18.230037195280694 ], [ -101.944935006975811, 18.229738439042066 ], [ -101.947154535463071, 18.229086132223117 ], [ -101.948920750564938, 18.228490100256693 ], [ -101.950689080388429, 18.228580240164064 ], [ -101.953177112312176, 18.228767615784751 ], [ -101.95507570917178, 18.229298134775956 ], [ -101.956262222250032, 18.229622928616031 ], [ -101.957329607897648, 18.230166254176325 ], [ -101.958750287449917, 18.230370035472308 ], [ -101.960293763392443, 18.230571907292745 ], [ -101.96124215904193, 18.230782970432116 ], [ -101.962432511402113, 18.231333391770868 ], [ -101.964096995897705, 18.231984814356181 ], [ -101.967422166323857, 18.233061942770732 ], [ -101.969902640931892, 18.2333575556823 ], [ -101.971789960477054, 18.233219919849439 ], [ -101.973552257519017, 18.232397999981668 ], [ -101.975420357528932, 18.231131998937968 ], [ -101.976695202388669, 18.229983554893941 ], [ -101.977512887259593, 18.229176287376706 ], [ -101.978071609656681, 18.227587520030102 ], [ -101.978159817450006, 18.225554618496361 ], [ -101.97814414930204, 18.225508764528911 ], [ -101.978225557272992, 18.22487992304206 ], [ -101.978059798037407, 18.224494452793319 ], [ -101.978235474989575, 18.224476293566216 ], [ -101.978407232742185, 18.224466246109824 ], [ -101.978593486398339, 18.224472961986848 ], [ -101.978880981271701, 18.224529325727584 ], [ -101.979246268594324, 18.224712831036719 ], [ -101.980091984279795, 18.22534907196621 ], [ -101.980153433007914, 18.22538563540137 ], [ -101.980773339364092, 18.225801680773621 ], [ -101.981947887860812, 18.226720763811251 ], [ -101.983005914688022, 18.227617691871643 ], [ -101.986768903726713, 18.230884243355803 ], [ -101.987768274955855, 18.231795463387723 ], [ -101.988668937614435, 18.232781303425941 ], [ -101.988956219651683, 18.233278429336245 ], [ -101.989396203647161, 18.234612511825773 ], [ -101.989509291122104, 18.235040878400667 ], [ -101.989553168349786, 18.235373359226177 ], [ -101.989597045645397, 18.235705840055992 ], [ -101.989609321288043, 18.23622741869292 ], [ -101.989578850824358, 18.237996490438164 ], [ -101.989652261574676, 18.238671383410544 ], [ -101.989838790375558, 18.239361597913394 ], [ -101.990025320246716, 18.240051812405817 ], [ -101.990484854976359, 18.24134896061986 ], [ -101.992256336230639, 18.246021887186913 ], [ -101.992796037948565, 18.247294901459679 ], [ -101.993169579524846, 18.247928805946081 ], [ -101.993543123566752, 18.248562710059797 ], [ -101.994070684109715, 18.249100850519049 ], [ -101.995785557182828, 18.250344357687819 ], [ -101.99632567866189, 18.250770964766762 ] ], [ [ -101.932549055335699, 18.23404978550705 ], [ -101.932787488190755, 18.234595282046616 ], [ -101.934254787286619, 18.236720040343126 ], [ -101.934774727898173, 18.237275122220353 ], [ -101.934966542167544, 18.237368247585628 ], [ -101.935733801523995, 18.237740747416513 ], [ -101.936583964751819, 18.237850842119691 ], [ -101.939592321725272, 18.237898966073757 ], [ -101.940471989103017, 18.237841933557728 ], [ -101.941020364461366, 18.23768480878315 ], [ -101.941568739063641, 18.237527682286888 ], [ -101.942255854873594, 18.237135785431445 ], [ -101.944365625953552, 18.23562117134378 ], [ -101.944987908285682, 18.235289167034825 ], [ -101.945385025513332, 18.235271805532911 ], [ -101.94578214279494, 18.235254443194172 ], [ -101.946294484546797, 18.235536843078268 ], [ -101.947891193390177, 18.236889429093598 ], [ -101.948413638110296, 18.237202455063091 ], [ -101.948581908419484, 18.237224096481281 ], [ -101.949254990308319, 18.237310660733428 ], [ -101.949934474849996, 18.237152213069809 ], [ -101.952264038158489, 18.236304567822462 ], [ -101.953017723375098, 18.236157446221913 ], [ -101.954205371148362, 18.236318539015283 ], [ -101.955148330288935, 18.236695792408781 ], [ -101.958361196071849, 18.238295192059581 ], [ -101.959224038381279, 18.238696546212829 ], [ -101.959274894053593, 18.238713647029957 ], [ -101.960037732283283, 18.238970158413512 ], [ -101.960337306086913, 18.238959681257633 ], [ -101.960921620227452, 18.238637176260337 ], [ -101.96108171072872, 18.238395958620664 ], [ -101.961163098389378, 18.237994370527154 ], [ -101.961244485532461, 18.237592782329603 ], [ -101.96131692959014, 18.23668660526177 ], [ -101.961492217590205, 18.233260954141038 ], [ -101.961452994123647, 18.232358082440587 ], [ -101.961273834557232, 18.231964207995375 ], [ -101.96109467568354, 18.231570333487021 ], [ -101.960622017101201, 18.231347848710843 ], [ -101.958774598735275, 18.231097325158174 ], [ -101.958198968234655, 18.230990000589806 ], [ -101.957779537643987, 18.23086484296331 ], [ -101.957360107788404, 18.230739684503501 ], [ -101.956737367139553, 18.230489414542614 ], [ -101.954670117681673, 18.229571794489811 ], [ -101.954041896468183, 18.229331586192991 ], [ -101.953609664709589, 18.229229915386512 ], [ -101.953177433602377, 18.229128243675948 ], [ -101.952570706716585, 18.229077962612465 ], [ -101.95060377827528, 18.229046650138486 ], [ -101.949958447087724, 18.229076998668496 ], [ -101.949749523136987, 18.229111588653478 ], [ -101.948913826863489, 18.229249946187153 ], [ -101.948066842028013, 18.229466663964093 ], [ -101.945158854050064, 18.230305040328076 ], [ -101.944284055518025, 18.230592391904235 ], [ -101.944142095568893, 18.230653148999355 ], [ -101.943109659821815, 18.231095013959401 ], [ -101.942306749129187, 18.231525694283111 ], [ -101.939734206946753, 18.233032893611522 ], [ -101.938921454812345, 18.233417695877133 ], [ -101.938677399442597, 18.23347540947092 ], [ -101.937701176823097, 18.233706260488148 ], [ -101.936770677749095, 18.233733692892894 ], [ -101.933648636947169, 18.233573120819155 ], [ -101.932903646444743, 18.233628896594858 ], [ -101.932842924138328, 18.233700972349091 ], [ -101.932549055335699, 18.23404978550705 ] ] ] ] } },
{ "type": "Feature", "properties": { "fid": 34.0, "cat": 34, "VULNERABIL": 2.0, "CLAVE_ACUI": "1617", "NOM_ACUIF": "LAZARO CARDENAS" }, "geometry": { "type": "MultiPolygon", "coordinates": [ ] } },
{ "type": "Feature", "properties": { "fid": 35.0, "cat": 35, "VULNERABIL": 2.0, "CLAVE_ACUI": "1617", "NOM_ACUIF": "LAZARO CARDENAS" }, "geometry": { "type": "MultiPolygon", "coordinates": [ [ [ [ -102.167011213014604, 18.17709032848078 ], [ -102.167339231739831, 18.176739631159375 ], [ -102.167513275292364, 18.176381582442332 ], [ -102.16799745539538, 18.175061384760507 ], [ -102.168171823360737, 18.174683023376236 ], [ -102.1685013645872, 18.174237535550802 ], [ -102.168797769794608, 18.173979485493145 ], [ -102.169851448626119, 18.173220735902625 ], [ -102.170220746592136, 18.173055181593174 ], [ -102.170555605130431, 18.173048264733396 ], [ -102.170890463730075, 18.173041347285206 ], [ -102.171477906100137, 18.173187137568309 ], [ -102.173549598296404, 18.173881315710489 ], [ -102.174226945781712, 18.174053817196832 ], [ -102.174771571681433, 18.174109236647432 ], [ -102.175316198155031, 18.174164654598009 ], [ -102.176194924463871, 18.174150490697446 ], [ -102.179206394064764, 18.173973529512956 ], [ -102.180087406970841, 18.17381716492218 ], [ -102.180637367538722, 18.173540808113064 ], [ -102.181187326542499, 18.173264449482399 ], [ -102.181877623933502, 18.172631221490057 ], [ -102.183999059807491, 18.170228857993447 ], [ -102.184604340666738, 18.169594370747447 ], [ -102.184955962042793, 18.169315091376649 ], [ -102.185307582328022, 18.169035811201034 ], [ -102.185706935641079, 18.16887235760634 ], [ -102.186867344396575, 18.168668131176251 ], [ -102.187205414104355, 18.168681547822185 ], [ -102.187414039798398, 18.168814968656665 ], [ -102.187622665828812, 18.168948389305932 ], [ -102.187880670760123, 18.169316175100217 ], [ -102.188667448339316, 18.170765666774848 ], [ -102.188987252032561, 18.171256256709782 ], [ -102.189340069476287, 18.171676220909394 ], [ -102.189692888557815, 18.172096184674349 ], [ -102.190381140313391, 18.172805490603029 ], [ -102.192887384053535, 18.175275643646973 ], [ -102.193559317716932, 18.176010098468915 ], [ -102.193874020845399, 18.176488756840619 ], [ -102.194188725575785, 18.176967414908837 ], [ -102.19441594243979, 18.177600556322744 ], [ -102.194846880051557, 18.179597900553613 ], [ -102.194921094360893, 18.180162776400188 ], [ -102.194878790107566, 18.180482147897429 ], [ -102.194836485614644, 18.180801519355033 ], [ -102.194641400767324, 18.181149133170162 ], [ -102.193815608332784, 18.182132585136088 ], [ -102.193473067970899, 18.182396774291512 ], [ -102.193086705928408, 18.182521490550251 ], [ -102.192700343438347, 18.18264620595389 ], [ -102.191938992158043, 18.182738345726047 ], [ -102.189158745287287, 18.182918876782804 ], [ -102.188376142769783, 18.183010690777728 ], [ -102.187940193243122, 18.183134669615466 ], [ -102.187504243234002, 18.183258647376064 ], [ -102.187041274197114, 18.183521058788244 ], [ -102.185752644296699, 18.184497684892698 ], [ -102.18538448146856, 18.184812273406383 ], [ -102.185169753596185, 18.185058003236751 ], [ -102.184955025105509, 18.185303732738785 ], [ -102.184709678957972, 18.185691229343341 ], [ -102.183994180943515, 18.187008085686596 ], [ -102.183806861496691, 18.187421827849999 ], [ -102.183727535137507, 18.187728799307813 ], [ -102.183648208424628, 18.188035770686216 ], [ -102.183608881147507, 18.18849908994137 ], [ -102.183584006276774, 18.190047303650712 ], [ -102.183608594021138, 18.19050140264676 ], [ -102.183678403729999, 18.190786860200575 ], [ -102.18374821360085, 18.191072317752575 ], [ -102.183923082979121, 18.191433811706684 ], [ -102.184599524913679, 18.192549867586386 ], [ -102.184773907766299, 18.19294182893773 ], [ -102.184911248093115, 18.193654926840491 ], [ -102.184933064983042, 18.194281676820612 ], [ -102.184897533306469, 18.196493411804045 ], [ -102.184829436315113, 18.197093446223857 ], [ -102.18454718381544, 18.197681871787079 ], [ -102.184374545854794, 18.197805803432747 ], [ -102.184343387891843, 18.197870759417551 ], [ -102.184033441194771, 18.198087998882581 ], [ -102.182869275219915, 18.198513353588901 ], [ -102.182418242696315, 18.198581222312686 ], [ -102.181477594238956, 18.19847259038362 ], [ -102.180584845845289, 18.198249530856543 ], [ -102.177359359360736, 18.197317190856388 ], [ -102.176413659051249, 18.197083175666055 ], [ -102.175819756141777, 18.197003324046992 ], [ -102.175225854044612, 18.196923470659947 ], [ -102.175225854044612, 18.196923470659947 ], [ -102.174474687686498, 18.196929337010886 ], [ -102.172157047239153, 18.197116405174501 ], [ -102.171505269629009, 18.197220228167662 ], [ -102.171143275286838, 18.197368955906619 ], [ -102.170781280412854, 18.197517682875091 ], [ -102.17039878692573, 18.197838796333652 ], [ -102.169337798766549, 18.199039868110471 ], [ -102.169049291680636, 18.19946394733061 ], [ -102.168906606555581, 18.199852931904925 ], [ -102.168763920682139, 18.200241916272159 ], [ -102.168644755046756, 18.200929221591792 ], [ -102.168374013959237, 18.20335867679292 ], [ -102.168270535894308, 18.20406145022994 ], [ -102.168164460949995, 18.204486527804175 ], [ -102.168058385343826, 18.204911605232478 ], [ -102.167858791096393, 18.205423338791423 ], [ -102.167139494765422, 18.206961271260433 ], [ -102.16682807088165, 18.207486587801316 ], [ -102.166461066230212, 18.207943360870715 ], [ -102.166094059587778, 18.208400132954587 ], [ -102.165356891965871, 18.209179878362079 ], [ -102.162650740918707, 18.211905116838622 ], [ -102.161903904048728, 18.212623753011751 ], [ -102.161514385039197, 18.212937966136078 ], [ -102.161124864663563, 18.213252178266387 ], [ -102.160758792779177, 18.213431295005456 ], [ -102.159829499071861, 18.213638747354693 ], [ -102.159524426853864, 18.213661314484586 ], [ -102.159277239142952, 18.213610246195351 ], [ -102.159030051622267, 18.213559177606456 ], [ -102.15862887425871, 18.213390700446563 ], [ -102.157251095207698, 18.212706606158175 ], [ -102.156866604156349, 18.212492661741575 ], [ -102.156450085365762, 18.212178353469454 ], [ -102.156239549178508, 18.211943286483905 ], [ -102.155673567731071, 18.211160615294048 ], [ -102.155485111828838, 18.210875084892304 ], [ -102.155171630575595, 18.210325281337045 ], [ -102.154912256751501, 18.209825378035848 ], [ -102.154015335568062, 18.208042298483889 ], [ -102.153762188764674, 18.207486617304045 ], [ -102.153477749666749, 18.206676519142473 ], [ -102.153324554363877, 18.206074917345649 ], [ -102.152894084723158, 18.204077540541963 ], [ -102.152784222073876, 18.203425791704529 ], [ -102.152701995410212, 18.202381673919753 ], [ -102.152694390549399, 18.201541825866041 ], [ -102.152741122573119, 18.198666652140307 ], [ -102.152818520603873, 18.197828065715981 ], [ -102.153132981868069, 18.196789836035471 ], [ -102.153504812816138, 18.196145236403133 ], [ -102.154925544937228, 18.194175325861792 ], [ -102.155306504587571, 18.193622279487386 ], [ -102.155485054136705, 18.193316797675777 ], [ -102.155663603007156, 18.193011315603371 ], [ -102.155792785664929, 18.192691557241588 ], [ -102.156038539416414, 18.191810315629304 ], [ -102.156080323980305, 18.19149824730318 ], [ -102.156040328215951, 18.191045097216684 ], [ -102.155936795264552, 18.190657553996814 ], [ -102.155495539560633, 18.189323685382401 ], [ -102.155403622301506, 18.188875365597269 ], [ -102.155415927185274, 18.188117075325955 ], [ -102.155482711164879, 18.187729799534399 ], [ -102.155428524418781, 18.187340730454075 ], [ -102.15544082808421, 18.186582440045438 ], [ -102.155547245013153, 18.186137060226255 ], [ -102.156031548814184, 18.184816910069188 ], [ -102.156083765444976, 18.184523979018223 ], [ -102.15596617909317, 18.183823831269379 ], [ -102.155694572322844, 18.183315286168305 ], [ -102.154562766165725, 18.18174996163355 ], [ -102.154248337648141, 18.181261096721649 ], [ -102.154080568804943, 18.180903075398497 ], [ -102.15391280055934, 18.180545054011453 ], [ -102.153747889659499, 18.180011000992323 ], [ -102.153313844881296, 18.178234796401533 ], [ -102.153121798893864, 18.177735894253985 ], [ -102.152659626992062, 18.177183888407079 ], [ -102.152191428034996, 18.176894210031072 ], [ -102.150787115678568, 18.176242219982342 ], [ -102.149998016179268, 18.176028740944762 ], [ -102.14916973067335, 18.175955452931092 ], [ -102.148913670483935, 18.175974305622361 ], [ -102.148928947495818, 18.175034262407149 ], [ -102.149619131867027, 18.17266964978516 ], [ -102.149736776888204, 18.172390967087541 ], [ -102.151027152177917, 18.170273083000676 ], [ -102.152667502008029, 18.168329591413567 ], [ -102.154048449380255, 18.167536171884191 ], [ -102.155129922964974, 18.167115683857826 ], [ -102.156132425458225, 18.167691406343248 ], [ -102.15754527191126, 18.167938070349376 ], [ -102.158495162046478, 18.167608988513784 ], [ -102.159478784637756, 18.166946292033174 ], [ -102.160172432946837, 18.166107733127067 ], [ -102.16056295130214, 18.165897042693246 ], [ -102.160699103450099, 18.166121070235164 ], [ -102.161065546315641, 18.166788460817479 ], [ -102.162412615313386, 18.169352426242785 ], [ -102.162805137802223, 18.170050674841686 ], [ -102.163289821247247, 18.170745205241484 ], [ -102.163589702126416, 18.171039142995092 ], [ -102.164504465043549, 18.171716320477412 ], [ -102.1647457521956, 18.172019549855786 ], [ -102.164956992353183, 18.172757444867312 ], [ -102.16501747620471, 18.173508351387966 ], [ -102.165088490576892, 18.176274686576924 ], [ -102.165155024773156, 18.176979970528574 ], [ -102.165394506698377, 18.177504960622329 ], [ -102.165670089611652, 18.177549662194011 ], [ -102.166716658700636, 18.17723327572206 ], [ -102.167011213014604, 18.17709032848078 ] ] ] ] } },
{ "type": "Feature", "properties": { "fid": 38.0, "cat": 39, "VULNERABIL": 2.0, "CLAVE_ACUI": "1617", "NOM_ACUIF": "LAZARO CARDENAS" }, "geometry": { "type": "MultiPolygon", "coordinates": [ ] } },
{ "type": "Feature", "properties": { "fid": 41.0, "cat": 40, "VULNERABIL": 2.0, "CLAVE_ACUI": "1617", "NOM_ACUIF": "LAZARO CARDENAS" }, "geometry": { "type": "MultiPolygon", "coordinates": [ [ [ [ -102.173874609093389, 18.137892433062749 ], [ -102.172979326724857, 18.13684062740111 ], [ -102.171873899857601, 18.135695619533223 ], [ -102.170469404349049, 18.134943530191848 ], [ -102.170217503115481, 18.134600168327296 ], [ -102.170413974651453, 18.134565594900547 ], [ -102.170822078719596, 18.134514033666751 ], [ -102.171566383978742, 18.134477573180352 ], [ -102.172221573515117, 18.134477046870316 ], [ -102.174534822437622, 18.134511036182431 ], [ -102.175157657970686, 18.134540499554038 ], [ -102.175750972369755, 18.13464402175893 ], [ -102.175975728681451, 18.134762448754337 ], [ -102.176431277892462, 18.135211586443482 ], [ -102.176655709338618, 18.135350324633016 ], [ -102.176951607684757, 18.135449478173658 ], [ -102.17724750642509, 18.135548631303489 ], [ -102.177868500177368, 18.135693186951737 ], [ -102.180174682978418, 18.136169458523817 ], [ -102.180849445171987, 18.136274159911135 ], [ -102.180849445171987, 18.136274159911135 ], [ -102.181692143016264, 18.136286508359529 ], [ -102.182221233642039, 18.136199448234159 ], [ -102.183847621430246, 18.135780812420162 ], [ -102.184281760684812, 18.135651722753419 ], [ -102.184481560025645, 18.135559835776075 ], [ -102.184548159764773, 18.135529206730912 ], [ -102.184681359181297, 18.135467948561519 ], [ -102.184818075174292, 18.135334504469704 ], [ -102.185056484298229, 18.134895539853186 ], [ -102.185234875500399, 18.13481349704065 ], [ -102.185531917591518, 18.134841545945502 ], [ -102.185828959845622, 18.13486959440397 ], [ -102.186499262021627, 18.135031774621631 ], [ -102.18903326916309, 18.135732500716209 ], [ -102.189810126713496, 18.135875910345316 ], [ -102.189810126713496, 18.135875910345316 ], [ -102.190355783325884, 18.135860177970859 ], [ -102.190901440071954, 18.135844444033054 ], [ -102.191683599094759, 18.135656082149335 ], [ -102.194242348575045, 18.134808507354027 ], [ -102.195051704885657, 18.134579893614561 ], [ -102.195660833997636, 18.13447025888842 ], [ -102.196269962627014, 18.13436062212606 ], [ -102.197200975718914, 18.134275990089051 ], [ -102.200327447703174, 18.134100285605395 ], [ -102.201141372765079, 18.134029167768379 ], [ -102.20181321642248, 18.133873018896818 ], [ -102.201863585079636, 18.133820544530405 ], [ -102.201865140974917, 18.133837090691394 ], [ -102.201820924795513, 18.134835365607984 ], [ -102.201780477510169, 18.135357231960288 ], [ -102.201807547594271, 18.135676068056355 ], [ -102.201525173739896, 18.138879783897277 ], [ -102.201493128955931, 18.139641273484401 ], [ -102.201598148339215, 18.140636570038808 ], [ -102.201791338555225, 18.141071116508112 ], [ -102.202585187411927, 18.142078197135159 ], [ -102.20283408116299, 18.142351017468499 ], [ -102.203017906375081, 18.142484058481237 ], [ -102.203201731877002, 18.142617099354279 ], [ -102.203478053115973, 18.142724395891364 ], [ -102.20439990268089, 18.142959029031495 ], [ -102.204718555367521, 18.143077097831053 ], [ -102.205001152979676, 18.143235276120599 ], [ -102.205283751141764, 18.143393454061176 ], [ -102.205772522226027, 18.143727322282828 ], [ -102.207488272171744, 18.144969011209501 ], [ -102.207944376405464, 18.145353193073298 ], [ -102.208150737420468, 18.145628776554634 ], [ -102.208357099052236, 18.145904359895184 ], [ -102.208490597287948, 18.146307559886782 ], [ -102.208700865957582, 18.147637993392195 ], [ -102.208610633159779, 18.148078579175866 ], [ -102.208294954149352, 18.148441395400315 ], [ -102.207979273799225, 18.148804210916602 ], [ -102.207167560663081, 18.149400238428147 ], [ -102.204010886239018, 18.151456032283516 ], [ -102.20312953053697, 18.152086581100132 ], [ -102.202651390593942, 18.152529982571302 ], [ -102.202173248244407, 18.152973382505042 ], [ -102.201688488419663, 18.153609695562245 ], [ -102.200382543783292, 18.15569235063014 ], [ -102.199972782161538, 18.156289116220904 ], [ -102.199669653267961, 18.15664024536197 ], [ -102.19936652312731, 18.156991373847923 ], [ -102.198910201150994, 18.157397833352565 ], [ -102.197386948416565, 18.158592379204283 ], [ -102.19690721964092, 18.158800401959464 ], [ -102.196549485375115, 18.158688519596918 ], [ -102.196191751654453, 18.15857663662845 ], [ -102.195649386920834, 18.158048949322193 ], [ -102.193833845270646, 18.155810168488408 ], [ -102.193213361461417, 18.155184830516511 ], [ -102.192673324763405, 18.154845101545643 ], [ -102.192133290285824, 18.15450537132989 ], [ -102.191210815103858, 18.154160051186796 ], [ -102.187986021973742, 18.153227989289974 ], [ -102.187120772756046, 18.152959676208081 ], [ -102.186714242450151, 18.152799657805875 ], [ -102.186307712992829, 18.152639638641645 ], [ -102.186011446144349, 18.152450757896336 ], [ -102.185441927423938, 18.151889353094365 ], [ -102.185284740863636, 18.151641557762225 ], [ -102.185202730629968, 18.151344071421686 ], [ -102.185120720604189, 18.151046585076067 ], [ -102.185043592349956, 18.150444419497632 ], [ -102.184847680732474, 18.148229286181138 ], [ -102.184831175974395, 18.147490870500071 ], [ -102.1848906199141, 18.146875467148401 ], [ -102.184950063116659, 18.146260063686778 ], [ -102.185136404354409, 18.145240183461414 ], [ -102.185887086939147, 18.141711544512066 ], [ -102.186056261014599, 18.140767598363901 ], [ -102.186075671297232, 18.140329379291529 ], [ -102.186095081319536, 18.13989116018643 ], [ -102.185981367274749, 18.139583052184442 ], [ -102.1854118842612, 18.13902165235864 ], [ -102.1851043665379, 18.138873241759207 ], [ -102.184671565922159, 18.138807649978173 ], [ -102.184238765772207, 18.138742057265748 ], [ -102.183309711406324, 18.138703058033741 ], [ -102.179839730922865, 18.138652210478035 ], [ -102.178884043815245, 18.138617878625098 ], [ -102.177894145410121, 18.138508545766371 ], [ -102.177664918449267, 18.13844761849051 ], [ -102.176286142337403, 18.137927367378069 ], [ -102.175901884627535, 18.137816756744215 ], [ -102.175273284375066, 18.137761229836201 ], [ -102.17478316770702, 18.137790169637029 ], [ -102.173874609093389, 18.137892433062749 ] ] ], [ [ [ -102.168207157003295, 18.136436315479298 ], [ -102.168875161925072, 18.136853080041725 ], [ -102.168667997308276, 18.136912422118801 ], [ -102.167977923557828, 18.13720987206769 ], [ -102.167323477878938, 18.137364175374369 ], [ -102.167014284459697, 18.13720436182216 ], [ -102.16702003733208, 18.136847278114477 ], [ -102.167580353970294, 18.136087435095707 ], [ -102.167603714383887, 18.136055756137829 ], [ -102.168207157003295, 18.136436315479298 ] ] ] ] } },
{ "type": "Feature", "properties": { "fid": 43.0, "cat": 43, "VULNERABIL": 3.0, "CLAVE_ACUI": "1617", "NOM_ACUIF": "LAZARO CARDENAS" }, "geometry": { "type": "MultiPolygon", "coordinates": [ [ [ [ -102.195959796126076, 18.127801430439298 ], [ -102.195497513180285, 18.127742745463319 ], [ -102.194328121937218, 18.127048433327225 ], [ -102.193812790385479, 18.126201110304571 ], [ -102.193884843876162, 18.125235929282685 ], [ -102.195427835878718, 18.125216669982994 ], [ -102.19513272426353, 18.125760158794701 ], [ -102.194948846601946, 18.126409312531944 ], [ -102.195282602702846, 18.127243783492982 ], [ -102.195959796126076, 18.127801430439298 ] ] ], [ [ [ -102.194644059408006, 18.129148047224128 ], [ -102.196296912970425, 18.129136017674874 ], [ -102.196795687902636, 18.128313551752303 ], [ -102.198692716106635, 18.129485989830389 ], [ -102.199418196046835, 18.129963839897961 ], [ -102.200054300783904, 18.130494565704083 ], [ -102.200119989829318, 18.130595061898671 ], [ -102.200237538822023, 18.130774897161459 ], [ -102.200347040947449, 18.131163641473098 ], [ -102.200456543438676, 18.131552385774562 ], [ -102.200545072720615, 18.131775467396171 ], [ -102.200739204200232, 18.132039026300525 ], [ -102.200928005729935, 18.132192457290579 ], [ -102.201614949985313, 18.132644908537934 ], [ -102.201793292342856, 18.13278802822094 ], [ -102.201938610359704, 18.133003469997828 ], [ -102.201967864943541, 18.133168124390934 ], [ -102.201959067924335, 18.13372106979995 ], [ -102.201863585079636, 18.133820544530405 ], [ -102.20181321642248, 18.133873018896818 ], [ -102.201141372765079, 18.134029167768379 ], [ -102.200327447703174, 18.134100285605395 ], [ -102.197200975718914, 18.134275990089051 ], [ -102.196269962627014, 18.13436062212606 ], [ -102.195660833997636, 18.13447025888842 ], [ -102.195051704885657, 18.134579893614561 ], [ -102.194242348575045, 18.134808507354027 ], [ -102.191683599094759, 18.135656082149335 ], [ -102.190901440071954, 18.135844444033054 ], [ -102.190355783325884, 18.135860177970859 ], [ -102.189810126713496, 18.135875910345316 ], [ -102.18903326916309, 18.135732500716209 ], [ -102.186499262021627, 18.135031774621631 ], [ -102.185828959845622, 18.13486959440397 ], [ -102.185531917591518, 18.134841545945502 ], [ -102.185234875500399, 18.13481349704065 ], [ -102.185056484298229, 18.134895539853186 ], [ -102.184818075174292, 18.135334504469704 ], [ -102.184681359181297, 18.135467948561519 ], [ -102.184548159764773, 18.135529206730912 ], [ -102.184481560025645, 18.135559835776075 ], [ -102.184281760684812, 18.135651722753419 ], [ -102.183847621430246, 18.135780812420162 ], [ -102.182221233642039, 18.136199448234159 ], [ -102.181692143016264, 18.136286508359529 ], [ -102.180849445171987, 18.136274159911135 ], [ -102.180174682978418, 18.136169458523817 ], [ -102.177868500177368, 18.135693186951737 ], [ -102.17724750642509, 18.135548631303489 ], [ -102.176951607684757, 18.135449478173658 ], [ -102.176655709338618, 18.135350324633016 ], [ -102.176431277892462, 18.135211586443482 ], [ -102.175975728681451, 18.134762448754337 ], [ -102.175750972369755, 18.13464402175893 ], [ -102.175157657970686, 18.134540499554038 ], [ -102.174534822437622, 18.134511036182431 ], [ -102.172221573515117, 18.134477046870316 ], [ -102.171566383978742, 18.134477573180352 ], [ -102.170822078719596, 18.134514033666751 ], [ -102.170413974651453, 18.134565594900547 ], [ -102.170217503115481, 18.134600168327296 ], [ -102.17000734346891, 18.134313659642043 ], [ -102.170324001505193, 18.133415313107303 ], [ -102.1713887220386, 18.132979468840599 ], [ -102.172394031005027, 18.132714315958296 ], [ -102.172943084530132, 18.132045130302746 ], [ -102.17437657706634, 18.130991610918738 ], [ -102.174826690748134, 18.130013942398541 ], [ -102.176460187592681, 18.129441935196919 ], [ -102.178018984181222, 18.128227680013659 ], [ -102.179649023519616, 18.126102412186711 ], [ -102.181175229179686, 18.122792658216547 ], [ -102.180882284387721, 18.121036523618031 ], [ -102.182114151289639, 18.119591679933432 ], [ -102.180934898536762, 18.119520233126771 ], [ -102.181000652606116, 18.118952298081496 ], [ -102.182926689345166, 18.116614596352495 ], [ -102.184275771468805, 18.117284502322359 ], [ -102.18455183426839, 18.118327006951674 ], [ -102.185423836031021, 18.119305984461032 ], [ -102.188640468059106, 18.120707514194898 ], [ -102.190127330551121, 18.120440258631696 ], [ -102.191707959334792, 18.120806472465144 ], [ -102.193174953899756, 18.12178507078475 ], [ -102.195213277266163, 18.123060953160866 ], [ -102.195271308819869, 18.123567490771787 ], [ -102.194725959986513, 18.124011053242505 ], [ -102.192487508471302, 18.124032593964454 ], [ -102.19198836065631, 18.125722987981614 ], [ -102.192201921229525, 18.127134813913408 ], [ -102.194644059408006, 18.129148047224128 ] ] ] ] } },
{ "type": "Feature", "properties": { "fid": 46.0, "cat": 46, "VULNERABIL": 2.0, "CLAVE_ACUI": "1617", "NOM_ACUIF": "LAZARO CARDENAS" }, "geometry": { "type": "MultiPolygon", "coordinates": [ [ [ [ -102.190914490889824, 18.119390256593014 ], [ -102.190642633721836, 18.119338883619534 ], [ -102.190560352068559, 18.119280118486543 ], [ -102.190539395101382, 18.119238463200613 ], [ -102.190448228210798, 18.119057254374251 ], [ -102.19048809150874, 18.1190002717399 ], [ -102.190786243889718, 18.118957216617723 ], [ -102.191172312669551, 18.118952691283667 ], [ -102.192675815937264, 18.118974621365414 ], [ -102.193103722692996, 18.119011335980634 ], [ -102.193350419688628, 18.119086041723172 ], [ -102.193597116936488, 18.119160747177297 ], [ -102.193874059329531, 18.119337477640787 ], [ -102.194673066101075, 18.120012807775371 ], [ -102.194918146833771, 18.120189072707568 ], [ -102.195262846750069, 18.120336313460299 ], [ -102.19551019415529, 18.120370392412031 ], [ -102.19534129354895, 18.120413644785099 ], [ -102.195362678306765, 18.120627283877013 ], [ -102.195562129102342, 18.120889230230393 ], [ -102.195193221035922, 18.120594339578719 ], [ -102.194381037975546, 18.120226958618474 ], [ -102.193589685583277, 18.119997017259081 ], [ -102.190914490889824, 18.119390256593014 ] ] ] ] } },
{ "type": "Feature", "properties": { "fid": 47.0, "cat": 47, "VULNERABIL": 2.0, "CLAVE_ACUI": "1617", "NOM_ACUIF": "LAZARO CARDENAS" }, "geometry": { "type": "MultiPolygon", "coordinates": [ [ [ [ -102.180158694325542, 18.116985760200002 ], [ -102.17996252997105, 18.116962570415563 ], [ -102.179741006188223, 18.11686451443385 ], [ -102.179620708062359, 18.116747624362173 ], [ -102.179440865889433, 18.116510864212696 ], [ -102.179280841424088, 18.116300193246111 ], [ -102.179244759414829, 18.116159121432649 ], [ -102.180802164728775, 18.116420955321008 ], [ -102.179394102535369, 18.115861657543526 ], [ -102.179653019545952, 18.115614877696249 ], [ -102.180708042970551, 18.114745422699169 ], [ -102.18102488380012, 18.114529963690973 ], [ -102.181448456790676, 18.114393947120597 ], [ -102.181736720974229, 18.114415096921256 ], [ -102.182658383030798, 18.114649810703376 ], [ -102.182962254489055, 18.114691503826414 ], [ -102.183210455922961, 18.114671431894795 ], [ -102.183505572235461, 18.1149929055819 ], [ -102.183859683296717, 18.114717867864403 ], [ -102.185417171261591, 18.114131412133361 ], [ -102.185720874888375, 18.114133625356132 ], [ -102.186101590706954, 18.114352515371156 ], [ -102.186228496206496, 18.114425478569888 ], [ -102.186482307545589, 18.114571404757942 ], [ -102.187108006869707, 18.115193436136462 ], [ -102.189266537724976, 18.117658461345375 ], [ -102.189780572512461, 18.118289014560471 ], [ -102.190020835553753, 18.118766580953395 ], [ -102.189850030592652, 18.118818266071699 ], [ -102.189056922992151, 18.118637548069607 ], [ -102.18881267920446, 18.118581893814234 ], [ -102.18845892233098, 18.118448054809015 ], [ -102.187845407881213, 18.118059847239977 ], [ -102.187322717192487, 18.117639103565349 ], [ -102.185497026841375, 18.116063833682933 ], [ -102.184946983424922, 18.115693476985598 ], [ -102.184205785373194, 18.115540421925378 ], [ -102.183696971767702, 18.115692128366121 ], [ -102.182063696462123, 18.116553138648399 ], [ -102.181606845970322, 18.116776707976904 ], [ -102.181108160620241, 18.116959030151587 ], [ -102.180852604305684, 18.116995921833396 ], [ -102.180158694325542, 18.116985760200002 ] ] ] ] } },
{ "type": "Feature", "properties": { "fid": 49.0, "cat": 49, "VULNERABIL": 2.0, "CLAVE_ACUI": "1617", "NOM_ACUIF": "LAZARO CARDENAS" }, "geometry": { "type": "MultiPolygon", "coordinates": [ [ [ [ -102.207589139518007, 18.061347141745294 ], [ -102.207542851067743, 18.061205080196189 ], [ -102.207887467940736, 18.060794239001456 ], [ -102.208114373888023, 18.060436890554978 ], [ -102.208231293013853, 18.060094882273081 ], [ -102.208348211597951, 18.059752873847746 ], [ -102.208455359452714, 18.059133055745434 ], [ -102.20872153986339, 18.056924587278708 ], [ -102.208845331769723, 18.056259295345107 ], [ -102.209001091931199, 18.055811182075743 ], [ -102.209156851150482, 18.0553630685543 ], [ -102.209478085925028, 18.054748035967215 ], [ -102.210665646978228, 18.05277410444025 ], [ -102.210975612215705, 18.052199539725692 ], [ -102.21110509220668, 18.051845857795822 ], [ -102.211234571585962, 18.051492175696829 ], [ -102.211294549809551, 18.051056220988286 ], [ -102.211315489207223, 18.049729129996518 ], [ -102.211407558179886, 18.049278400452412 ], [ -102.211611915921225, 18.048890243489051 ], [ -102.211816272668813, 18.048502086172849 ], [ -102.212308078807254, 18.047843793900508 ], [ -102.21419443122366, 18.045548062879508 ], [ -102.214795153772158, 18.044969050957377 ], [ -102.21527697782642, 18.044606286984575 ], [ -102.215685374709778, 18.04430649613127 ], [ -102.217412957982106, 18.044671511873513 ], [ -102.217611707098797, 18.044713503904482 ], [ -102.21886230869157, 18.045097222567577 ], [ -102.222772153405543, 18.046480869691614 ], [ -102.223832151154909, 18.046831342550529 ], [ -102.224046870532234, 18.046883519383275 ], [ -102.224868921492089, 18.047083275447175 ], [ -102.225290020153935, 18.047092710424167 ], [ -102.226218373691864, 18.046884807667482 ], [ -102.226492264658646, 18.046800697697151 ], [ -102.226608866349281, 18.046739161782156 ], [ -102.226667167166823, 18.046708393793963 ], [ -102.226842069508479, 18.04661608970661 ], [ -102.227067899553305, 18.046436474057131 ], [ -102.227771965498746, 18.045782874117574 ], [ -102.228007455297913, 18.045664348177819 ], [ -102.228204900199188, 18.045714588494434 ], [ -102.228402345240653, 18.045764828624005 ], [ -102.228730985024526, 18.046026897971522 ], [ -102.229869755820602, 18.04714940530965 ], [ -102.230239914966347, 18.047473020537549 ], [ -102.230534230350855, 18.04766687028572 ], [ -102.230576275461402, 18.047694563077108 ], [ -102.230632335630446, 18.047731486787374 ], [ -102.230828546416731, 18.047860719669064 ], [ -102.23129928932525, 18.048090959959708 ], [ -102.232907465021796, 18.048777709267455 ], [ -102.23355871053792, 18.049010530240629 ], [ -102.234274192693618, 18.049210406351175 ], [ -102.234376404591728, 18.049238959882228 ], [ -102.234512687185372, 18.049277031179564 ], [ -102.234989676828633, 18.049410280023615 ], [ -102.236382672893129, 18.04974852389909 ], [ -102.241452402448402, 18.050927176038268 ], [ -102.242872607321161, 18.051225129079306 ], [ -102.244426271048496, 18.051436424035657 ], [ -102.244430451537653, 18.051436992556052 ], [ -102.245235733537271, 18.051441707117252 ], [ -102.246095504801417, 18.051367512369129 ], [ -102.246284332241132, 18.051353548064647 ], [ -102.246333822106479, 18.051346945860999 ], [ -102.247313592710256, 18.051262389605633 ], [ -102.247526339406051, 18.05127682997265 ], [ -102.247596710161616, 18.051526449589975 ], [ -102.247620271135645, 18.051610025114929 ], [ -102.247312421660226, 18.05205601456705 ], [ -102.245970256755101, 18.053588905357582 ], [ -102.245772279427243, 18.053849672038968 ], [ -102.245517841782785, 18.054085905137153 ], [ -102.245313842565253, 18.054303668331919 ], [ -102.244660452407999, 18.054886946829079 ], [ -102.244195036196274, 18.055220627132755 ], [ -102.242676477040703, 18.056194516417854 ], [ -102.242300701411381, 18.056466259873648 ], [ -102.241908332994655, 18.056870960674825 ], [ -102.241758674687489, 18.057160042739515 ], [ -102.24151362332077, 18.058041488876182 ], [ -102.241407069898614, 18.05829055095769 ], [ -102.241280971710239, 18.058430972883016 ], [ -102.241238938935226, 18.058477780166715 ], [ -102.24115487331683, 18.058571394697001 ], [ -102.240901145853712, 18.058723537710943 ], [ -102.239969278996043, 18.059152691857829 ], [ -102.239704614285813, 18.059324994337935 ], [ -102.23955299770688, 18.059512457824244 ], [ -102.239401380793936, 18.059699921144631 ], [ -102.239232854551105, 18.060063228543704 ], [ -102.238749627884886, 18.061383735244082 ], [ -102.238559544130581, 18.061767050910703 ], [ -102.238357630895194, 18.062001201288787 ], [ -102.238290326360996, 18.062079251350628 ], [ -102.238155717109052, 18.062235351378025 ], [ -102.237768904875708, 18.062521035834678 ], [ -102.236367601668007, 18.063385922847303 ], [ -102.235970006943987, 18.06368160741722 ], [ -102.235742940945727, 18.063939097991234 ], [ -102.235667252128735, 18.06402492810188 ], [ -102.235515874268401, 18.064196588202144 ], [ -102.235264707957768, 18.06463659088762 ], [ -102.234546724263922, 18.06617495406751 ], [ -102.234316948313023, 18.066605102533241 ], [ -102.234139800206918, 18.066839601922716 ], [ -102.234080750728609, 18.06691776833442 ], [ -102.233962651607627, 18.067074101080657 ], [ -102.233686289827972, 18.067313950488121 ], [ -102.232750895429106, 18.067964246391767 ], [ -102.232506545706713, 18.06819439397669 ], [ -102.232404095355335, 18.068406258663838 ], [ -102.232369945176927, 18.068476880205811 ], [ -102.232301644728182, 18.068618123259132 ], [ -102.232253279034254, 18.068993303516425 ], [ -102.232232473024354, 18.070320415533082 ], [ -102.232161753963879, 18.07076638628395 ], [ -102.2320071458266, 18.071143428594887 ], [ -102.231955609611461, 18.071269109314873 ], [ -102.231852536927079, 18.071520470679367 ], [ -102.23148151535311, 18.072151762485532 ], [ -102.230059277249254, 18.074343697524387 ], [ -102.229666366635001, 18.075015304843195 ], [ -102.229460704849359, 18.075486425562968 ], [ -102.229392150642298, 18.075643465716546 ], [ -102.229255041810362, 18.075957545894159 ], [ -102.229060346732112, 18.076631997906137 ], [ -102.228563087649675, 18.078837198450227 ], [ -102.228385191582277, 18.079456017341062 ], [ -102.228218734744274, 18.079797328677298 ], [ -102.228163248971299, 18.07991109906899 ], [ -102.228052277184858, 18.080138639771778 ], [ -102.227754581514318, 18.0804949955556 ], [ -102.226698244094209, 18.081475362833132 ], [ -102.226337785209793, 18.081769861044872 ], [ -102.226024886273805, 18.081966841735369 ], [ -102.225920586482459, 18.082032501830735 ], [ -102.225711986680778, 18.082163821819236 ], [ -102.225178447421229, 18.082432123983576 ], [ -102.22331438788899, 18.083290228960983 ], [ -102.222753574108637, 18.083603844844681 ], [ -102.22200050937964, 18.084209290912771 ], [ -102.221485515182195, 18.08476059804363 ], [ -102.219835253634841, 18.086727908984216 ], [ -102.21937921345733, 18.087244503422252 ], [ -102.219246861750619, 18.087367320313174 ], [ -102.219090392969946, 18.08751251647638 ], [ -102.218901309143135, 18.087687977434292 ], [ -102.218674630968735, 18.087804918283908 ], [ -102.218094705000567, 18.08790716804954 ], [ -102.217954276038029, 18.087960113746639 ], [ -102.217822201891011, 18.088123339870364 ], [ -102.217787458620066, 18.088305693993671 ], [ -102.217776989562097, 18.088969240538493 ], [ -102.217736535460986, 18.089176908792201 ], [ -102.217647377103802, 18.089329694748042 ], [ -102.217617657614014, 18.089380623385672 ], [ -102.217558218578347, 18.089482480639465 ], [ -102.21734393390571, 18.089711343346654 ], [ -102.21652225175626, 18.090473794874768 ], [ -102.216234106861293, 18.090671113692405 ], [ -102.215972611864586, 18.090750299599968 ], [ -102.215711116680126, 18.090829485119819 ], [ -102.215252133276621, 18.090858410695009 ], [ -102.213633202852932, 18.090835017996429 ], [ -102.213126029426206, 18.090888638425433 ], [ -102.212752088881842, 18.091025452647756 ], [ -102.212627441925065, 18.091071057209181 ], [ -102.21237814784854, 18.091162266063002 ], [ -102.211816917414737, 18.091499541782621 ], [ -102.209945708816363, 18.092799856043733 ], [ -102.20938430832426, 18.093147279524079 ], [ -102.209009985719192, 18.09330778330343 ], [ -102.208885211385052, 18.093361284380283 ], [ -102.208635662518134, 18.09346828625959 ], [ -102.208127570379958, 18.093579444272216 ], [ -102.206505119992173, 18.093777168321662 ], [ -102.206061228797026, 18.093858775382856 ], [ -102.20583670822289, 18.093950333927229 ], [ -102.205761867986709, 18.093980853376575 ], [ -102.20561218744713, 18.09404189217711 ], [ -102.20541459088345, 18.094221881232837 ], [ -102.204941513165835, 18.09487871305851 ], [ -102.204754373872063, 18.095069011414097 ], [ -102.204554255335083, 18.095184625333548 ], [ -102.204487549102041, 18.095223163252232 ], [ -102.204354136554926, 18.09530023900788 ], [ -102.203969508162828, 18.095440265264838 ], [ -102.202574810335165, 18.095862487432232 ], [ -102.202168617333982, 18.096022513792068 ], [ -102.201918183886733, 18.096184800618616 ], [ -102.201834705974193, 18.096238896140509 ], [ -102.201667750003978, 18.096347087053875 ], [ -102.201358417874928, 18.096650737045113 ], [ -102.20041572902619, 18.097743194186783 ], [ -102.199913890549652, 18.098016955210294 ], [ -102.199752442436576, 18.098038312486903 ], [ -102.199429546152345, 18.098081026617589 ], [ -102.19884737757738, 18.097950663421511 ], [ -102.196776395259818, 18.097256862179709 ], [ -102.196066469133001, 18.097144949718565 ], [ -102.19544545992953, 18.09723072587386 ], [ -102.195238456792396, 18.09725931746177 ], [ -102.194824450414188, 18.09731649994179 ], [ -102.19376005998069, 18.097673480756683 ], [ -102.190034891093077, 18.099167796911111 ], [ -102.189011829532333, 18.099596460442871 ], [ -102.18848728587335, 18.099849540683127 ], [ -102.187962740865373, 18.100102619280857 ], [ -102.187487106741258, 18.100397043830043 ], [ -102.186661744778178, 18.100963751858146 ], [ -102.185754004649795, 18.101507769560779 ], [ -102.185244982576677, 18.100954084605473 ], [ -102.18426014697468, 18.099359416286223 ], [ -102.184015253929942, 18.096366854197317 ], [ -102.184741257831604, 18.095248690623478 ], [ -102.186040332304842, 18.095493417319236 ], [ -102.185992268635857, 18.094363943590611 ], [ -102.184579494353528, 18.094144647197442 ], [ -102.184166813064209, 18.09456303606488 ], [ -102.183101864952889, 18.094439111957733 ], [ -102.18356161630372, 18.092847492536372 ], [ -102.184619572993441, 18.091634845876399 ], [ -102.185326670320293, 18.091699353462904 ], [ -102.185635939509282, 18.091252360483697 ], [ -102.184868100500097, 18.090852850821605 ], [ -102.185180971833063, 18.090180156768216 ], [ -102.185888063913438, 18.090244661527105 ], [ -102.186360035357737, 18.09025155098211 ], [ -102.18653714735197, 18.089802626900273 ], [ -102.185192788975115, 18.089439855045526 ], [ -102.182772560907352, 18.089639285124395 ], [ -102.18330975155304, 18.088518364628708 ], [ -102.184838200843231, 18.088585841004058 ], [ -102.18538690529796, 18.087925619739014 ], [ -102.184327974700167, 18.088018519120098 ], [ -102.183834035392181, 18.087613977173067 ], [ -102.185638303137537, 18.086963060721629 ], [ -102.186184406403811, 18.086465341425612 ], [ -102.185891281957439, 18.085901192045185 ], [ -102.184078166941774, 18.085332910229731 ], [ -102.183929811101976, 18.083389256960238 ], [ -102.184697181623221, 18.082632897019774 ], [ -102.189262165284006, 18.083512206974678 ], [ -102.190110010434822, 18.08303693214566 ], [ -102.187181371554374, 18.082560786154737 ], [ -102.187934825905614, 18.082084144205044 ], [ -102.185458419223338, 18.08166874947506 ], [ -102.185233247918632, 18.080988199507406 ], [ -102.186738788842334, 18.080712171280755 ], [ -102.186874018053672, 18.07992851720913 ], [ -102.185989499131068, 18.079744039950555 ], [ -102.186008360408152, 18.078561360662583 ], [ -102.185536420360251, 18.078554474642679 ], [ -102.185517555930076, 18.079737153449958 ], [ -102.184560128435038, 18.080572015957433 ], [ -102.182566792673072, 18.08065126776523 ], [ -102.181953709455144, 18.079432268730855 ], [ -102.183186667228654, 18.077897090780922 ], [ -102.184100848654978, 18.076221796195597 ], [ -102.183394822334122, 18.076094096135723 ], [ -102.182848243257581, 18.077214885581423 ], [ -102.182367226613778, 18.077776760076947 ], [ -102.181182049889117, 18.078093559177038 ], [ -102.180954158109756, 18.0775845398062 ], [ -102.181723163556597, 18.077315842464163 ], [ -102.181388889180909, 18.074852278529324 ], [ -102.181300830530972, 18.074203296346035 ], [ -102.182050585023973, 18.073365414013704 ], [ -102.183154383341133, 18.072821662841108 ], [ -102.183264682167504, 18.072944355591186 ], [ -102.184026333011815, 18.073791590686596 ], [ -102.184006267211331, 18.072869340629126 ], [ -102.186545905496587, 18.072612443768527 ], [ -102.187621094007412, 18.072457118522156 ], [ -102.188218558947582, 18.072288053539324 ], [ -102.188816022995439, 18.07211898654381 ], [ -102.189255330321345, 18.071891134833265 ], [ -102.189415320847274, 18.07211831521095 ], [ -102.189546576273614, 18.071724225409699 ], [ -102.191201576901989, 18.070600047771933 ], [ -102.191674871349079, 18.070224300917822 ], [ -102.191902380379318, 18.069943174669056 ], [ -102.192129888657007, 18.069662048044943 ], [ -102.192306619764409, 18.069234577491731 ], [ -102.192676344808561, 18.06780196765007 ], [ -102.192856201344028, 18.067511681064129 ], [ -102.193091006496815, 18.06755065094568 ], [ -102.19332581179502, 18.067589620555253 ], [ -102.194061117556799, 18.068232118510497 ], [ -102.195638658905096, 18.069787566856139 ], [ -102.196242552710018, 18.070104483228285 ], [ -102.196740711972581, 18.06994579843634 ], [ -102.197238870509707, 18.069787112231474 ], [ -102.198058279761639, 18.069016806243592 ], [ -102.200885807975567, 18.065739384877848 ], [ -102.201674937173578, 18.064867034430275 ], [ -102.202102505951885, 18.064470277114946 ], [ -102.202530072814596, 18.064073518573757 ], [ -102.20296257172005, 18.06381227767417 ], [ -102.204125766091451, 18.063386667571983 ], [ -102.204439372832482, 18.063255762111172 ], [ -102.204589526036401, 18.063163123356297 ], [ -102.204739679092782, 18.063070484462123 ], [ -102.204855081485377, 18.062936707975783 ], [ -102.205093319289773, 18.062497695405721 ], [ -102.205187163555891, 18.062383923647282 ], [ -102.20528701497129, 18.062337962597692 ], [ -102.205386866340589, 18.06229200148908 ], [ -102.205578311864855, 18.062274455766502 ], [ -102.206272021912895, 18.062284496520228 ], [ -102.206490414109382, 18.062241943406072 ], [ -102.206653140610669, 18.06213763306646 ], [ -102.206815866930768, 18.062033322562211 ], [ -102.207062406781716, 18.061777845766159 ], [ -102.207388583079194, 18.061388992634097 ], [ -102.207589139518007, 18.061347141745294 ] ] ] ] } },
{ "type": "Feature", "properties": { "fid": 50.0, "cat": 50, "VULNERABIL": 3.0, "CLAVE_ACUI": "1617", "NOM_ACUIF": "LAZARO CARDENAS" }, "geometry": { "type": "MultiPolygon", "coordinates": [ [ [ [ -102.18014789084755, 18.045267864864627 ], [ -102.181776113589947, 18.045774370003244 ], [ -102.183967230950273, 18.046455954383635 ], [ -102.184338969594222, 18.046479828990837 ], [ -102.183158611905725, 18.046728432753575 ], [ -102.181251403304202, 18.04713012390134 ], [ -102.180221229429918, 18.047336134291051 ], [ -102.18014789084755, 18.045267864864627 ] ] ], [ [ [ -102.182425027546586, 18.070607651118856 ], [ -102.185182468489558, 18.070557595686278 ], [ -102.185532861026644, 18.071673420355761 ], [ -102.186778360268093, 18.071122682414952 ], [ -102.185976934031927, 18.069873859140134 ], [ -102.188466890300404, 18.068835561116263 ], [ -102.188612145509708, 18.070977837201546 ], [ -102.189255330321345, 18.071891134833265 ], [ -102.188816022995439, 18.07211898654381 ], [ -102.188218558947582, 18.072288053539324 ], [ -102.187621094007412, 18.072457118522156 ], [ -102.186545905496587, 18.072612443768527 ], [ -102.184006267211331, 18.072869340629126 ], [ -102.18398820502982, 18.072039179482772 ], [ -102.182459179166642, 18.07201685636981 ], [ -102.182425027546586, 18.070607651118856 ] ] ], [ [ [ -102.206653140610669, 18.06213763306646 ], [ -102.206490414109382, 18.062241943406072 ], [ -102.206272021912895, 18.062284496520228 ], [ -102.205578311864855, 18.062274455766502 ], [ -102.205386866340589, 18.06229200148908 ], [ -102.20528701497129, 18.062337962597692 ], [ -102.205187163555891, 18.062383923647282 ], [ -102.205093319289773, 18.062497695405721 ], [ -102.204855081485377, 18.062936707975783 ], [ -102.204739679092782, 18.063070484462123 ], [ -102.204589526036401, 18.063163123356297 ], [ -102.204439372832482, 18.063255762111172 ], [ -102.204125766091451, 18.063386667571983 ], [ -102.20296257172005, 18.06381227767417 ], [ -102.202530072814596, 18.064073518573757 ], [ -102.202102505951885, 18.064470277114946 ], [ -102.201674937173578, 18.064867034430275 ], [ -102.200885807975567, 18.065739384877848 ], [ -102.198058279761639, 18.069016806243592 ], [ -102.197238870509707, 18.069787112231474 ], [ -102.196740711972581, 18.06994579843634 ], [ -102.196242552710018, 18.070104483228285 ], [ -102.195638658905096, 18.069787566856139 ], [ -102.194061117556799, 18.068232118510497 ], [ -102.194095751953583, 18.068095739930442 ], [ -102.194643747826817, 18.068067586231649 ], [ -102.19496591338077, 18.068586993760391 ], [ -102.195839091229473, 18.068888652686233 ], [ -102.196205921201724, 18.068379258334993 ], [ -102.195239508986006, 18.06800400418447 ], [ -102.194308302185632, 18.067195805642349 ], [ -102.195867695552337, 18.06530405611808 ], [ -102.197369350931993, 18.065858654033214 ], [ -102.197435866513374, 18.06523653142558 ], [ -102.195801221735294, 18.064734183998663 ], [ -102.195899375445137, 18.063308828998021 ], [ -102.197467098802591, 18.063268386173466 ], [ -102.199001497754452, 18.063543506690799 ], [ -102.197833051001439, 18.062813155375235 ], [ -102.196312542087412, 18.062258290100552 ], [ -102.196692697600909, 18.060313273775236 ], [ -102.193638574728809, 18.059438116241793 ], [ -102.193232375288346, 18.05826730913947 ], [ -102.197241704273594, 18.059029916580467 ], [ -102.196962739181558, 18.05816799072592 ], [ -102.198612494911359, 18.058309329523492 ], [ -102.199780918556726, 18.059039672773419 ], [ -102.20030543854871, 18.058704128950971 ], [ -102.198345383866595, 18.057890060653467 ], [ -102.197887240043556, 18.057016505258904 ], [ -102.199170360842089, 18.05587021608876 ], [ -102.200998129482741, 18.056095386838265 ], [ -102.203944140801738, 18.056643768195325 ], [ -102.205006325698534, 18.056930056816284 ], [ -102.205455653157372, 18.058363352032607 ], [ -102.205202270132801, 18.058865382261661 ], [ -102.205725093839931, 18.05983016457548 ], [ -102.206111363739964, 18.061072909910678 ], [ -102.206698821420602, 18.061532927870758 ], [ -102.207388583079194, 18.061388992634097 ], [ -102.207062406781716, 18.061777845766159 ], [ -102.206815866930768, 18.062033322562211 ], [ -102.206653140610669, 18.06213763306646 ] ] ], [ [ [ -102.204374820091189, 18.055078729040442 ], [ -102.204730013270535, 18.054704597696094 ], [ -102.201701665777932, 18.0545884933682 ], [ -102.201450136668285, 18.053781151291261 ], [ -102.200383544805774, 18.053774721262808 ], [ -102.199979298019784, 18.054265526236144 ], [ -102.19928650079278, 18.053307298945032 ], [ -102.197761779017, 18.052427303008983 ], [ -102.197677975856635, 18.052949843162107 ], [ -102.196858056666628, 18.052865701137989 ], [ -102.196795314841381, 18.051465097913589 ], [ -102.198567695408315, 18.051608209329533 ], [ -102.199491284069438, 18.05110687785124 ], [ -102.20093578022103, 18.048707697685003 ], [ -102.202003479289303, 18.048045894045867 ], [ -102.200784352310393, 18.048136594199672 ], [ -102.199743383223222, 18.050090110089915 ], [ -102.199027567039252, 18.050585426635816 ], [ -102.197168827429309, 18.050531370193148 ], [ -102.195960411626899, 18.050540920377237 ], [ -102.194542081721295, 18.050691898058119 ], [ -102.194929118883877, 18.051880484226086 ], [ -102.194100894227972, 18.052319965503425 ], [ -102.191924427661505, 18.052062574369799 ], [ -102.191155006198997, 18.051771447641478 ], [ -102.190909566273305, 18.05295986901293 ], [ -102.189840547963954, 18.053106859810629 ], [ -102.190074687968476, 18.054410620113558 ], [ -102.188152215143134, 18.055394019597795 ], [ -102.186264944944654, 18.054165509777722 ], [ -102.185403218618703, 18.05315059899052 ], [ -102.185218836632131, 18.052281012227684 ], [ -102.184682308175155, 18.05099993337419 ], [ -102.184190616265596, 18.050459983629473 ], [ -102.183016423626441, 18.05009971372268 ], [ -102.184240446450275, 18.049702173605425 ], [ -102.184129124113724, 18.048987165113697 ], [ -102.188754200469276, 18.047221401903439 ], [ -102.189232373978143, 18.046831030325261 ], [ -102.187641951537088, 18.046527944949403 ], [ -102.186888320236321, 18.045839705240105 ], [ -102.188071543517196, 18.045631176487095 ], [ -102.187976867092942, 18.045111474026665 ], [ -102.188240052308643, 18.044990345881658 ], [ -102.18899455953617, 18.044733818939051 ], [ -102.189391673713899, 18.044692190193267 ], [ -102.189590230778066, 18.044671375504137 ], [ -102.190185901871729, 18.044608930171783 ], [ -102.191133315103173, 18.044687043502321 ], [ -102.194363250553465, 18.04517643440418 ], [ -102.195321127493457, 18.045264838192026 ], [ -102.196561268821327, 18.045188024720659 ], [ -102.197375019790172, 18.044989888199911 ], [ -102.199932370717548, 18.044142046838822 ], [ -102.200714746839196, 18.043912964772154 ], [ -102.201808495553621, 18.043691775158056 ], [ -102.202588618698286, 18.043604872227785 ], [ -102.205135445591196, 18.043420497974502 ], [ -102.206031390586858, 18.043396207618027 ], [ -102.207665642586747, 18.043467239433486 ], [ -102.209104346079243, 18.043592998495431 ], [ -102.214184071658082, 18.044108771847739 ], [ -102.215685374709778, 18.04430649613127 ], [ -102.21527697782642, 18.044606286984575 ], [ -102.214795153772158, 18.044969050957377 ], [ -102.21419443122366, 18.045548062879508 ], [ -102.212308078807254, 18.047843793900508 ], [ -102.211816272668813, 18.048502086172849 ], [ -102.211611915921225, 18.048890243489051 ], [ -102.211407558179886, 18.049278400452412 ], [ -102.211315489207223, 18.049729129996518 ], [ -102.211294549809551, 18.051056220988286 ], [ -102.211234571585962, 18.051492175696829 ], [ -102.21110509220668, 18.051845857795822 ], [ -102.210975612215705, 18.052199539725692 ], [ -102.210665646978228, 18.05277410444025 ], [ -102.209478085925028, 18.054748035967215 ], [ -102.209156851150482, 18.0553630685543 ], [ -102.209001091931199, 18.055811182075743 ], [ -102.208845331769723, 18.056259295345107 ], [ -102.20872153986339, 18.056924587278708 ], [ -102.208455359452714, 18.059133055745434 ], [ -102.208348211597951, 18.059752873847746 ], [ -102.208231293013853, 18.060094882273081 ], [ -102.208114373888023, 18.060436890554978 ], [ -102.207887467940736, 18.060794239001456 ], [ -102.207542851067743, 18.061205080196189 ], [ -102.207192992259479, 18.060131346166106 ], [ -102.206087720361509, 18.058986562260408 ], [ -102.206499799989302, 18.057403187201924 ], [ -102.204374820091189, 18.055078729040442 ] ] ], [ [ [ -102.189732587296064, 18.071165733856951 ], [ -102.190222470699865, 18.070044091028556 ], [ -102.191877720825289, 18.069973645758104 ], [ -102.191877720820585, 18.069973645826984 ], [ -102.191674871349079, 18.070224300917822 ], [ -102.191201576901989, 18.070600047771933 ], [ -102.189546576273614, 18.071724225409699 ], [ -102.189732587296064, 18.071165733856951 ] ] ] ] } },
{ "type": "Feature", "properties": { "fid": 51.0, "cat": 51, "VULNERABIL": 4.0, "CLAVE_ACUI": "1617", "NOM_ACUIF": "LAZARO CARDENAS" }, "geometry": { "type": "MultiPolygon", "coordinates": [ ] } },
{ "type": "Feature", "properties": { "fid": 52.0, "cat": 54, "VULNERABIL": 5.0, "CLAVE_ACUI": "1617", "NOM_ACUIF": "LAZARO CARDENAS" }, "geometry": { "type": "MultiPolygon", "coordinates": [ ] } },
{ "type": "Feature", "properties": { "fid": 53.0, "cat": 53, "VULNERABIL": 5.0, "CLAVE_ACUI": "1617", "NOM_ACUIF": "LAZARO CARDENAS" }, "geometry": { "type": "MultiPolygon", "coordinates": [ [ [ [ -102.136980730398747, 17.969992877148062 ], [ -102.138056660871797, 17.971257582795324 ], [ -102.138092687545367, 17.971810425347339 ], [ -102.137667393078544, 17.971306781344421 ], [ -102.136980730782184, 17.970177690509718 ], [ -102.136980730398747, 17.969992877148062 ] ] ], [ [ [ -102.139852142034684, 17.973424183347127 ], [ -102.139098578423642, 17.972175957980685 ], [ -102.139176388718084, 17.971445679051914 ], [ -102.141442235347526, 17.973113529251876 ], [ -102.143069447524866, 17.974600376306633 ], [ -102.144769832804968, 17.975645820923841 ], [ -102.146932278547155, 17.976638579396962 ], [ -102.143153049274929, 17.9757735525124 ], [ -102.141901802368011, 17.975397826631799 ], [ -102.139832439072904, 17.973782121479221 ], [ -102.139852142034684, 17.973424183347127 ] ] ], [ [ [ -102.153300182179805, 17.978667710168615 ], [ -102.147211396902847, 17.976702466730668 ], [ -102.148167320078997, 17.976770412140002 ], [ -102.149107002949705, 17.977009987275917 ], [ -102.149940738818245, 17.976796498629991 ], [ -102.149123385694381, 17.975989835299114 ], [ -102.149956246980267, 17.975830513292724 ], [ -102.152062316412923, 17.976881865395892 ], [ -102.153271849412548, 17.978534074173215 ], [ -102.153300182179805, 17.978667710168615 ] ] ], [ [ [ -102.199714744650109, 17.991627436010472 ], [ -102.197437745707205, 17.990014194919368 ], [ -102.195206688889968, 17.989078870310838 ], [ -102.19392135715259, 17.988608739691241 ], [ -102.190992654564383, 17.987040174207042 ], [ -102.189471503956071, 17.986566597622947 ], [ -102.187601606321408, 17.985473889650642 ], [ -102.187510304597836, 17.983494936368405 ], [ -102.187829209746155, 17.982424963406164 ], [ -102.1889655523903, 17.980978547490579 ], [ -102.190052135239597, 17.979693946036548 ], [ -102.191660693717722, 17.978814233827467 ], [ -102.19244265954292, 17.97769677619376 ], [ -102.193114125924069, 17.976406138068519 ], [ -102.194116779938128, 17.976249079738437 ], [ -102.196684593960597, 17.974371805929238 ], [ -102.198297032761175, 17.972643232164859 ], [ -102.198677714818643, 17.971239999949361 ], [ -102.198449860994813, 17.97073100826508 ], [ -102.198176234284702, 17.969535048998413 ], [ -102.197390947307554, 17.968476180212388 ], [ -102.195189250767072, 17.966295126767701 ], [ -102.192259874097772, 17.964789824303345 ], [ -102.189428325279991, 17.964857171742963 ], [ -102.187680404393006, 17.963820440358102 ], [ -102.186435876379122, 17.960190279971961 ], [ -102.187195184907353, 17.956923300280156 ], [ -102.188796908818418, 17.952882884570993 ], [ -102.188832596961291, 17.950625827601733 ], [ -102.189112925119389, 17.947812434731983 ], [ -102.187868429140863, 17.944182289720388 ], [ -102.187220012045287, 17.940443384582426 ], [ -102.184726350117288, 17.934086046289135 ], [ -102.184156582241016, 17.92895761707177 ], [ -102.183277770307839, 17.924881251402734 ], [ -102.185981338510899, 17.914364003277086 ], [ -102.182571226196643, 17.914088853939973 ], [ -102.182227488968351, 17.916738774350229 ], [ -102.180976708339216, 17.923655885156393 ], [ -102.177632428599793, 17.924573575195275 ], [ -102.169470407897734, 17.918810974927393 ], [ -102.162829778935304, 17.916197014445807 ], [ -102.169803546295256, 17.913512395339389 ], [ -102.175911232631407, 17.911269294847809 ], [ -102.176371119636769, 17.911094739761428 ], [ -102.178443917052945, 17.910995156498142 ], [ -102.179907430622919, 17.910925019251255 ], [ -102.183443744629827, 17.910755233394067 ], [ -102.183965585407861, 17.910853200598787 ], [ -102.185834348306827, 17.911256063843823 ], [ -102.187654891610208, 17.911619860042595 ], [ -102.190398746569926, 17.912133467763184 ], [ -102.193045157338105, 17.912692050984344 ], [ -102.195673976896344, 17.91318887004358 ], [ -102.205935976579383, 17.916301429405866 ], [ -102.209901339612102, 17.917527971004432 ], [ -102.212528437932647, 17.918336564757254 ], [ -102.212847017344401, 17.919922187383492 ], [ -102.213171327194146, 17.921700329254307 ], [ -102.213498267801327, 17.923633892151823 ], [ -102.213779093827668, 17.925166821660845 ], [ -102.214078240909899, 17.926229929840872 ], [ -102.214397450600146, 17.926961863625543 ], [ -102.214837995398, 17.927702899364007 ], [ -102.216093279265806, 17.928716447471668 ], [ -102.216514926451424, 17.929012013379008 ], [ -102.216888823353898, 17.929203981859843 ], [ -102.21710729026168, 17.929249071441582 ], [ -102.217800487304544, 17.929258999719778 ], [ -102.218075557977542, 17.929313732552611 ], [ -102.218666024925781, 17.929559224699805 ], [ -102.219234480031318, 17.929855194044666 ], [ -102.220365902284485, 17.930478249135753 ], [ -102.220488688224719, 17.93052499756433 ], [ -102.221201100227645, 17.930890746778651 ], [ -102.221550916709376, 17.93113594468695 ], [ -102.221859583187438, 17.931312160213597 ], [ -102.222423456794587, 17.931675781274951 ], [ -102.222666225724453, 17.931873962626248 ], [ -102.223235274480459, 17.932435187949547 ], [ -102.223403614034567, 17.932642463423701 ], [ -102.223620148230438, 17.933048524304816 ], [ -102.223761143336702, 17.933421335856512 ], [ -102.2242025889704, 17.934755062133277 ], [ -102.224316346882659, 17.935173198904252 ], [ -102.224361057646391, 17.935481988311636 ], [ -102.224375961251354, 17.935584918114611 ], [ -102.224405768486875, 17.935790777721351 ], [ -102.224419755293212, 17.936254896402293 ], [ -102.224395603786519, 17.937803204588597 ], [ -102.224238233314409, 17.938366461988824 ], [ -102.223883110391085, 17.938906574552689 ], [ -102.223764735570612, 17.939086611857913 ], [ -102.22352798516053, 17.939446686144223 ], [ -102.222670708228307, 17.940426601962063 ], [ -102.219380256582582, 17.943919275318464 ], [ -102.218522934238351, 17.944899166307529 ], [ -102.218167779473333, 17.945439263913446 ], [ -102.218049394038658, 17.945619296232476 ], [ -102.217812622399791, 17.945979360546104 ], [ -102.217655220732709, 17.946542608333129 ], [ -102.217630995581743, 17.948090905962239 ], [ -102.218029016198074, 17.948768781686788 ], [ -102.219910693483072, 17.950383895888766 ], [ -102.221991781296921, 17.951864581713117 ], [ -102.222731636679413, 17.952231982357826 ], [ -102.22361196426246, 17.952725428042669 ], [ -102.225426483136317, 17.953889165132924 ], [ -102.22713834098613, 17.955058193514592 ], [ -102.233312666477133, 17.959349834900483 ], [ -102.234129567123233, 17.959840849498534 ], [ -102.238777344027113, 17.961930728355664 ], [ -102.242773852567524, 17.963292997384787 ], [ -102.243415587134407, 17.963487236742342 ], [ -102.251924527289006, 17.965838438673714 ], [ -102.254802623101625, 17.96666144150986 ], [ -102.25810550843768, 17.967703750494625 ], [ -102.25994580628732, 17.968369780520064 ], [ -102.265231035008995, 17.97043556499505 ], [ -102.266742234043406, 17.971107053800086 ], [ -102.267114044570818, 17.971331767371737 ], [ -102.268509195787985, 17.97217495338645 ], [ -102.269522225377557, 17.973029040723691 ], [ -102.271002490648499, 17.974487959556896 ], [ -102.272482780178251, 17.975946870148316 ], [ -102.273389871880269, 17.976789292052455 ], [ -102.274662361833748, 17.977802780915436 ], [ -102.275573111127557, 17.978408199967383 ], [ -102.276401418831327, 17.978912190760422 ], [ -102.278550814862157, 17.98021998092181 ], [ -102.278974119222156, 17.980465735481708 ], [ -102.279543531575314, 17.980712526949294 ], [ -102.282072575683969, 17.981632987376528 ], [ -102.282837253620045, 17.981843507287046 ], [ -102.283876689026897, 17.981905487757714 ], [ -102.284596916406372, 17.981783511350091 ], [ -102.286918533395735, 17.981152292704095 ], [ -102.287554932822417, 17.980958016653744 ], [ -102.287879059896483, 17.980820323890384 ], [ -102.288203186530424, 17.980682630515336 ], [ -102.28849286425536, 17.980483499290891 ], [ -102.28919643786034, 17.979829605870716 ], [ -102.289458958191332, 17.979670729929772 ], [ -102.289719720340614, 17.979626966845977 ], [ -102.289980482410684, 17.979583203393563 ], [ -102.290462997356912, 17.979617040781939 ], [ -102.292193213990529, 17.979862467019959 ], [ -102.293198077079609, 17.980328598977675 ], [ -102.289024410764455, 18.002478562348578 ], [ -102.287231063020371, 18.002896703412599 ], [ -102.282095232114941, 18.004094078605704 ], [ -102.280801070173155, 18.004363747047336 ], [ -102.280043802748807, 18.004471631845949 ], [ -102.279791380162862, 18.00450759275871 ], [ -102.279286534824308, 18.004579513554052 ], [ -102.278417077330047, 18.004618087429058 ], [ -102.275874149174243, 18.004582319620056 ], [ -102.275143783555805, 18.004551722211563 ], [ -102.274855300929005, 18.004516055246366 ], [ -102.274711059682417, 18.004498221608127 ], [ -102.274278336209775, 18.004444720070868 ], [ -102.273772348668317, 18.004322458547758 ], [ -102.272678965514316, 18.003983620301756 ], [ -102.272269359737223, 18.003880858435615 ], [ -102.271965369292275, 18.003834933834746 ], [ -102.271764242643414, 18.003830491719448 ], [ -102.271623813202538, 18.003832173601086 ], [ -102.271036199657104, 18.003160199823839 ], [ -102.270488730490641, 18.002744425741614 ], [ -102.270549426834833, 18.00272622468237 ], [ -102.270631705296992, 18.002708171400471 ], [ -102.270744098255648, 18.002658906825751 ], [ -102.270818229515456, 18.002605618267982 ], [ -102.270863997510617, 18.002528908529587 ], [ -102.270904336420656, 18.002429197064856 ], [ -102.270903470106163, 18.002325497861303 ], [ -102.270871774643737, 18.002213918420292 ], [ -102.270818438978779, 18.002094378031533 ], [ -102.270703374877527, 18.00175242699407 ], [ -102.270613424683106, 18.001158546296665 ], [ -102.270599988087625, 18.000652096342538 ], [ -102.270627232074432, 17.998882543696336 ], [ -102.270672175848034, 17.998376916540607 ], [ -102.270854670475686, 17.997786875790798 ], [ -102.271070432960897, 17.997449587340508 ], [ -102.271894825092389, 17.996465612612369 ], [ -102.272183636258632, 17.996210624189818 ], [ -102.2727070346711, 17.996004654917247 ], [ -102.272785285847135, 17.99599796148593 ], [ -102.273165936183076, 17.99596540103942 ], [ -102.274784080249191, 17.9959881783243 ], [ -102.275267411626785, 17.9960864111547 ], [ -102.275904814530548, 17.996522060899771 ], [ -102.276332060204965, 17.997046185278538 ], [ -102.277688485971879, 17.999056446833016 ], [ -102.27808374187633, 17.999590277958564 ], [ -102.278571827746632, 18.00007123127785 ], [ -102.278873835931137, 18.000224476417397 ], [ -102.279795121826325, 18.000458665157979 ], [ -102.280051156737315, 18.000494432657696 ], [ -102.280324698491285, 18.000427161134088 ], [ -102.280459437214347, 18.000295291630366 ], [ -102.280802764573082, 17.999765549008782 ], [ -102.280568646614412, 17.999059103154003 ], [ -102.280176989885092, 17.998174836489273 ], [ -102.279516377559588, 17.996766721469161 ], [ -102.278609742103782, 17.994834167142368 ], [ -102.278192578855482, 17.99388350569123 ], [ -102.277813035687274, 17.9927877583265 ], [ -102.277687991607579, 17.992173066725982 ], [ -102.277483994345687, 17.990400253452467 ], [ -102.277466876668612, 17.989960315095999 ], [ -102.277455138889664, 17.989744019613127 ], [ -102.277500033651322, 17.989355217204981 ], [ -102.277748161189621, 17.988252487370161 ], [ -102.277834264434446, 17.987945536816333 ], [ -102.277987954103793, 17.987615831118177 ], [ -102.278121407626827, 17.987451773497156 ], [ -102.278565370166731, 17.987039227879912 ], [ -102.278414860378092, 17.98658503199389 ], [ -102.278060657687803, 17.986260043400659 ], [ -102.276573452115031, 17.98524355018402 ], [ -102.27609095200377, 17.984977710121047 ], [ -102.275836128060291, 17.984903013824081 ], [ -102.275708716185775, 17.984865665560356 ], [ -102.275326480951193, 17.984753620308229 ], [ -102.274716878782414, 17.984699331340476 ], [ -102.27263654070083, 17.984670060793633 ], [ -102.272010785721989, 17.984630774704168 ], [ -102.271730834494107, 17.984579424050921 ], [ -102.271590858962455, 17.984553748580478 ], [ -102.271170932696549, 17.984476721593968 ], [ -102.270596898337075, 17.984295932183798 ], [ -102.268757933159051, 17.983606294005021 ], [ -102.268226360383764, 17.983426096647339 ], [ -102.268012454583854, 17.983375672014997 ], [ -102.26790550174178, 17.983350459616211 ], [ -102.26758464344698, 17.983274822089363 ], [ -102.267199476890454, 17.983238913422007 ], [ -102.266043749797447, 17.983222611229667 ], [ -102.265690425542715, 17.983187148849016 ], [ -102.26552605224262, 17.983137420496284 ], [ -102.265443865634083, 17.983112556272136 ], [ -102.26519730597451, 17.98303796340852 ], [ -102.26484617415916, 17.982860303800035 ], [ -102.263700683692321, 17.982180408339509 ], [ -102.263360952189814, 17.981952112175335 ], [ -102.263214309393376, 17.981823617701423 ], [ -102.263140988075904, 17.981759370432968 ], [ -102.262921024446356, 17.981566628501586 ], [ -102.262632287835672, 17.981244233860071 ], [ -102.261724783592925, 17.980125207949484 ], [ -102.261265920840287, 17.979820726116895 ], [ -102.260854633997269, 17.979720096252535 ], [ -102.260648990795929, 17.979669781015861 ], [ -102.260032062072639, 17.979518834087919 ], [ -102.258728270704836, 17.979392035092179 ], [ -102.253877787005663, 17.979102130405948 ], [ -102.252562138013204, 17.979056394420393 ], [ -102.25191752200584, 17.979094664155053 ], [ -102.251702650011651, 17.979107420247818 ], [ -102.251272906035709, 17.979132931705159 ], [ -102.250746792743172, 17.979288012869244 ], [ -102.249580824513401, 17.97993518800239 ], [ -102.249129946791584, 17.980030378319675 ], [ -102.248660885762064, 17.979928903226064 ], [ -102.248191825428989, 17.979827427067427 ], [ -102.247302533754748, 17.979442304298878 ], [ -102.244090664189386, 17.977847990801106 ], [ -102.242958550396594, 17.977378126425165 ], [ -102.242268096374659, 17.977178671513016 ], [ -102.241922870070638, 17.977078943211055 ], [ -102.240887193986424, 17.97677975492179 ], [ -102.2390602302264, 17.97639479406514 ], [ -102.232605817081264, 17.975196570353383 ], [ -102.230620337495978, 17.974768635557229 ], [ -102.228046238418855, 17.97403729967796 ], [ -102.227809126334066, 17.973969931023984 ], [ -102.225778595598157, 17.973256859308623 ], [ -102.219114110843392, 17.970727794685804 ], [ -102.21841929791097, 17.97047224656977 ], [ -102.217279439708108, 17.970053006749364 ], [ -102.215382002435177, 17.969433174638716 ], [ -102.214506037385675, 17.96922249818838 ], [ -102.213461031751152, 17.969049163033613 ], [ -102.212315635849507, 17.968859169433635 ], [ -102.211771500124669, 17.968810711232511 ], [ -102.211422593697435, 17.968947915590839 ], [ -102.211468291288838, 17.969192381284245 ], [ -102.212030456917873, 17.970196016739923 ], [ -102.212219026486181, 17.970467933394531 ], [ -102.21253684926954, 17.970733242601987 ], [ -102.212802312097708, 17.970840338922404 ], [ -102.213723317105789, 17.971074810324811 ], [ -102.214031072543222, 17.971192671577878 ], [ -102.214288665484546, 17.971350446495702 ], [ -102.214374529906905, 17.971403038072278 ], [ -102.214546258914538, 17.971508221131391 ], [ -102.214974485015247, 17.971841144697688 ], [ -102.216457698749309, 17.973079233878543 ], [ -102.216921246381503, 17.973529486457096 ], [ -102.217601245963465, 17.974392580296215 ], [ -102.218109127850653, 17.975175318943386 ], [ -102.21979926953891, 17.977965001428888 ], [ -102.220412187892748, 17.978820354112894 ], [ -102.221190482922069, 17.979619830485969 ], [ -102.22193475691202, 17.980187654337392 ], [ -102.224794520302368, 17.982109127994654 ], [ -102.225585619512728, 17.982660564005471 ], [ -102.226417616671753, 17.983312477432943 ], [ -102.226815081903098, 17.983692348012529 ], [ -102.227837926371066, 17.984813163363935 ], [ -102.228174334404855, 17.985024538223932 ], [ -102.228721386016943, 17.984890140158534 ], [ -102.229166477852687, 17.984486767352429 ], [ -102.22981139805772, 17.983749967694745 ], [ -102.229806589712624, 17.984057962548459 ], [ -102.229835840484469, 17.984224307878304 ], [ -102.229979250694171, 17.984558212400461 ], [ -102.230154872097742, 17.984868873458712 ], [ -102.230831032906565, 17.985984719768407 ], [ -102.231006181413449, 17.986325850047383 ], [ -102.231147375908165, 17.986801945826677 ], [ -102.231173933316853, 17.987140952440768 ], [ -102.231142148306347, 17.986796791710912 ], [ -102.230976558435017, 17.986296643381166 ], [ -102.230771787122507, 17.985926306400625 ], [ -102.22998178325436, 17.984698214373996 ], [ -102.229727272393021, 17.984454150701602 ], [ -102.229329552563556, 17.984543279530161 ], [ -102.229015890492434, 17.98491466971344 ], [ -102.227949841305033, 17.986558690252203 ], [ -102.227613199216648, 17.987041495171486 ], [ -102.227108262672473, 17.987650568499912 ], [ -102.22672356705246, 17.988037868207304 ], [ -102.225433248994761, 17.989236187872425 ], [ -102.225001181241794, 17.989597407805064 ], [ -102.224638186780595, 17.989841097268982 ], [ -102.224517188416371, 17.989922326907454 ], [ -102.224275191372158, 17.990084785910156 ], [ -102.22367013042269, 17.9904198195653 ], [ -102.221572490820378, 17.991495917863467 ], [ -102.220962829977864, 17.991785161483481 ], [ -102.220589114470314, 17.991922021534499 ], [ -102.220464542526543, 17.991967641373154 ], [ -102.220215398477109, 17.992058880782917 ], [ -102.219757301224263, 17.99216066562029 ], [ -102.218366945690406, 17.992361937845722 ], [ -102.217978236097039, 17.992439317931591 ], [ -102.217766425214023, 17.992519238333916 ], [ -102.217695821550379, 17.992545878410546 ], [ -102.217554614169103, 17.992599158477592 ], [ -102.21733814947433, 17.992750122482214 ], [ -102.216751601038908, 17.9932947798569 ], [ -102.216598499930583, 17.993466970794312 ], [ -102.216534539244776, 17.993596421633502 ], [ -102.216513218992958, 17.993639571905348 ], [ -102.216470578454491, 17.993725872437231 ], [ -102.216440934772208, 17.993923541115034 ], [ -102.216430519045289, 17.994587093356873 ], [ -102.216531239137097, 17.994933936881342 ], [ -102.217011685019671, 17.995888987440029 ], [ -102.217597321136935, 17.996906501059197 ], [ -102.219849894631423, 18.000699839016139 ], [ -102.220290535438536, 18.001414383500101 ], [ -102.220460666673674, 18.001658449217505 ], [ -102.220986800262025, 18.002297536443322 ], [ -102.222691051153888, 18.004202488363433 ], [ -102.223245328045564, 18.00474038756629 ], [ -102.223808678109563, 18.005126815942624 ], [ -102.224127684711135, 18.005345636245025 ], [ -102.224833916950303, 18.00567237709528 ], [ -102.227247324410087, 18.006591904749907 ], [ -102.227890753276739, 18.006861862738539 ], [ -102.228479997823953, 18.007202154389905 ], [ -102.228678345398961, 18.007418328810356 ], [ -102.229014722757626, 18.008086851860742 ], [ -102.229218379391028, 18.008303101921499 ], [ -102.229525389295389, 18.00847342366372 ], [ -102.229627726072209, 18.008530197486692 ], [ -102.229832399838884, 18.00864374499599 ], [ -102.230505916850689, 18.008914126264486 ], [ -102.233034992776794, 18.009835245471045 ], [ -102.233772766440254, 18.010070979315511 ], [ -102.234229691530004, 18.010160473606557 ], [ -102.234382000030081, 18.010190304810624 ], [ -102.23468661723544, 18.010249966879325 ], [ -102.235254343040253, 18.010269930323172 ], [ -102.236989878214871, 18.0101840983687 ], [ -102.237332310758617, 18.010353221560244 ], [ -102.237263551897584, 18.010790763055688 ], [ -102.237240632166873, 18.010936610201281 ], [ -102.237194792539867, 18.011228304463135 ], [ -102.236655898545493, 18.012309298020266 ], [ -102.234278505077413, 18.016478823985771 ], [ -102.233680156755753, 18.017624986924126 ], [ -102.233472743365695, 18.018214617790985 ], [ -102.233403605204231, 18.018411161315058 ], [ -102.233265328334141, 18.018804248215858 ], [ -102.233271071742919, 18.019342746818339 ], [ -102.233712709956009, 18.02067647991565 ], [ -102.233816535060924, 18.021053840453089 ], [ -102.233837972927034, 18.021267481906797 ], [ -102.233845118885498, 18.021338695724815 ], [ -102.233859410807057, 18.021481123361006 ], [ -102.233816836352844, 18.021714166959988 ], [ -102.233575278496616, 18.022374420490085 ], [ -102.233496261921744, 18.022561228082552 ], [ -102.23343266942797, 18.022666985854926 ], [ -102.233411471911737, 18.022702238438541 ], [ -102.233369076851844, 18.02277274359502 ], [ -102.233266400515973, 18.022888101006902 ], [ -102.232914428765056, 18.023214919659154 ], [ -102.232781015452886, 18.023258725416198 ], [ -102.232690807851355, 18.023217928291597 ], [ -102.23264570406802, 18.023197529715564 ], [ -102.232510392787745, 18.023136333932491 ], [ -102.232257202878628, 18.022917683071224 ], [ -102.231346277974978, 18.022019702178643 ], [ -102.231103706936537, 18.021801202153682 ], [ -102.230993167560356, 18.02174036011554 ], [ -102.230882628266528, 18.021679518024133 ], [ -102.230809372090192, 18.021724183743711 ], [ -102.230688588081279, 18.022054307938248 ], [ -102.230735904426524, 18.022197208338323 ], [ -102.230906701629181, 18.022365580474233 ], [ -102.230963634102054, 18.022421704495219 ], [ -102.231077499155774, 18.022533952500698 ], [ -102.231518176707127, 18.022872114523395 ], [ -102.233233091638525, 18.024113452720233 ], [ -102.233912240615453, 18.024480418729919 ], [ -102.234639458132889, 18.024716005555707 ], [ -102.234881864482546, 18.024794533946391 ], [ -102.235366677947653, 18.024951589900873 ], [ -102.23676529931214, 18.025257719220708 ], [ -102.241837800960255, 18.026215081141562 ], [ -102.243326766950574, 18.026517374533089 ], [ -102.244264749848455, 18.026744080010218 ], [ -102.244577411488976, 18.026819647561339 ], [ -102.245202735781803, 18.026970781251674 ], [ -102.246393724353297, 18.027316215205794 ], [ -102.250075729728337, 18.028474805148051 ], [ -102.251107495784012, 18.028817947744848 ], [ -102.251673930931716, 18.029039337154181 ], [ -102.251862743008246, 18.029113133296185 ], [ -102.252240367702242, 18.029260725088527 ], [ -102.252826987885911, 18.029550124489113 ], [ -102.254431683666994, 18.030457874468148 ], [ -102.254917139651781, 18.030766149622774 ], [ -102.25524751772727, 18.031031586412379 ], [ -102.255357643978428, 18.031120065244856 ], [ -102.255577896819744, 18.031297022763709 ], [ -102.256036380099474, 18.031747137987459 ], [ -102.257515224818945, 18.033316798751912 ], [ -102.257898377585718, 18.033831875209604 ], [ -102.258135023219836, 18.034470228536644 ], [ -102.258207564857429, 18.034665909350629 ], [ -102.258266106446925, 18.035342310649728 ], [ -102.258248108151506, 18.036503563215852 ], [ -102.258230108499646, 18.037664815625362 ], [ -102.25819871949119, 18.038319623186176 ], [ -102.258088237870751, 18.039052887065075 ], [ -102.257961795916316, 18.039445599248904 ], [ -102.25748221177686, 18.040544991093554 ], [ -102.257320024479696, 18.040845764663917 ], [ -102.257181381413105, 18.04099787428223 ], [ -102.257042738103095, 18.041149983766765 ], [ -102.256808802242887, 18.041283808817777 ], [ -102.255994386990722, 18.04160410461127 ], [ -102.255760607487559, 18.041727771497808 ], [ -102.255677234814698, 18.041805194407168 ], [ -102.255631736855079, 18.041847445426288 ], [ -102.255514581583725, 18.041956239810546 ], [ -102.255383811717195, 18.042171106424931 ], [ -102.255024963929969, 18.042940345582192 ], [ -102.254856480159759, 18.043190232146038 ], [ -102.254652952383466, 18.043379231390237 ], [ -102.25458854829813, 18.043439037942797 ], [ -102.254541011921575, 18.043483180856686 ], [ -102.254493475521343, 18.043527323755495 ], [ -102.254429071328431, 18.043587130239501 ], [ -102.254225542641038, 18.043776128903065 ], [ -102.253808582586998, 18.044069891358671 ], [ -102.252290170321743, 18.04504387737104 ], [ -102.251893181702243, 18.045352220452351 ], [ -102.25187273073692, 18.045368104765497 ], [ -102.251443099535891, 18.045907187791205 ], [ -102.251246780568167, 18.046353079657404 ], [ -102.250760251989504, 18.047894824581103 ], [ -102.250601484906809, 18.04831585243107 ], [ -102.250474295560224, 18.048527378979148 ], [ -102.25034710588389, 18.048738905398281 ], [ -102.25014247475734, 18.048922238905735 ], [ -102.249441907372145, 18.049354740784334 ], [ -102.249248445498068, 18.049502676071409 ], [ -102.249147319017197, 18.049631608333257 ], [ -102.249046192382551, 18.049760540520683 ], [ -102.248950721270106, 18.049980983150782 ], [ -102.248707441337658, 18.050751850763124 ], [ -102.248543112066784, 18.050961153326618 ], [ -102.248019522995904, 18.051167030438378 ], [ -102.247435867963645, 18.051251836635643 ], [ -102.247313592710256, 18.051262389605633 ], [ -102.246333822106479, 18.051346945860999 ], [ -102.246095504801417, 18.051367512369129 ], [ -102.245235733537271, 18.051441707117252 ], [ -102.244430451537653, 18.051436992556052 ], [ -102.244426271048496, 18.051436424035657 ], [ -102.242872607321161, 18.051225129079306 ], [ -102.241452402448402, 18.050927176038268 ], [ -102.236382672893129, 18.04974852389909 ], [ -102.234989676828633, 18.049410280023615 ], [ -102.234512687185372, 18.049277031179564 ], [ -102.234376404591728, 18.049238959882228 ], [ -102.234274192693618, 18.049210406351175 ], [ -102.23355871053792, 18.049010530240629 ], [ -102.232907465021796, 18.048777709267455 ], [ -102.23129928932525, 18.048090959959708 ], [ -102.230828546416731, 18.047860719669064 ], [ -102.230632335630446, 18.047731486787374 ], [ -102.230576275461402, 18.047694563077108 ], [ -102.230534230350855, 18.04766687028572 ], [ -102.230239914966347, 18.047473020537549 ], [ -102.229869755820602, 18.04714940530965 ], [ -102.228730985024526, 18.046026897971522 ], [ -102.228402345240653, 18.045764828624005 ], [ -102.228204900199188, 18.045714588494434 ], [ -102.228007455297913, 18.045664348177819 ], [ -102.227771965498746, 18.045782874117574 ], [ -102.227067899553305, 18.046436474057131 ], [ -102.226842069508479, 18.04661608970661 ], [ -102.226667167166823, 18.046708393793963 ], [ -102.226608866349281, 18.046739161782156 ], [ -102.226492264658646, 18.046800697697151 ], [ -102.226218373691864, 18.046884807667482 ], [ -102.225290020153935, 18.047092710424167 ], [ -102.224868921492089, 18.047083275447175 ], [ -102.224046870532234, 18.046883519383275 ], [ -102.223832151154909, 18.046831342550529 ], [ -102.222772153405543, 18.046480869691614 ], [ -102.21886230869157, 18.045097222567577 ], [ -102.217611707098797, 18.044713503904482 ], [ -102.217412957982106, 18.044671511873513 ], [ -102.215685374709778, 18.04430649613127 ], [ -102.214184071658082, 18.044108771847739 ], [ -102.209104346079243, 18.043592998495431 ], [ -102.207665642586747, 18.043467239433486 ], [ -102.206031390586858, 18.043396207618027 ], [ -102.205135445591196, 18.043420497974502 ], [ -102.202588618698286, 18.043604872227785 ], [ -102.201808495553621, 18.043691775158056 ], [ -102.200714746839196, 18.043912964772154 ], [ -102.199932370717548, 18.044142046838822 ], [ -102.197375019790172, 18.044989888199911 ], [ -102.196561268821327, 18.045188024720659 ], [ -102.195321127493457, 18.045264838192026 ], [ -102.194363250553465, 18.04517643440418 ], [ -102.191133315103173, 18.044687043502321 ], [ -102.190185901871729, 18.044608930171783 ], [ -102.189590230778066, 18.044671375504137 ], [ -102.189391673713899, 18.044692190193267 ], [ -102.18899455953617, 18.044733818939051 ], [ -102.188240052308643, 18.044990345881658 ], [ -102.187976867092942, 18.045111474026665 ], [ -102.187906598667709, 18.044725753148683 ], [ -102.186683853710264, 18.043859110368196 ], [ -102.18583630267409, 18.044921361560831 ], [ -102.185417864105602, 18.045709923918498 ], [ -102.184871039958864, 18.046261828621699 ], [ -102.184338969594222, 18.046479828990837 ], [ -102.183967230950273, 18.046455954383635 ], [ -102.181776113589947, 18.045774370003244 ], [ -102.18014789084755, 18.045267864864627 ], [ -102.180088869141571, 18.042632814193233 ], [ -102.181297976279694, 18.044801016802186 ], [ -102.18230376196594, 18.044472542018575 ], [ -102.180303374156239, 18.040645510033944 ], [ -102.180461687292095, 18.039489010281198 ], [ -102.181117822433762, 18.036763547346958 ], [ -102.181809842866627, 18.034829616848864 ], [ -102.181872310688149, 18.034822006709103 ], [ -102.183361499714422, 18.033769120207594 ], [ -102.184453776697183, 18.034525511153397 ], [ -102.185228007173535, 18.036288649254061 ], [ -102.185473942832786, 18.038035062210575 ], [ -102.185928237066761, 18.037364411900722 ], [ -102.186226639677216, 18.035219564692536 ], [ -102.185433528926737, 18.033456154886572 ], [ -102.184836281814881, 18.030061127235488 ], [ -102.185402328134188, 18.027703451726978 ], [ -102.186837543899216, 18.026478167712643 ], [ -102.18858171737844, 18.024814880823971 ], [ -102.191676192516027, 18.023107975463649 ], [ -102.19292474864443, 18.022340468997044 ], [ -102.19458231991014, 18.021967188616692 ], [ -102.196714394562719, 18.021429195780062 ], [ -102.199276630508962, 18.019949224475337 ], [ -102.202084112580778, 18.017280757381165 ], [ -102.206148679611502, 18.013889906376019 ], [ -102.205519455760523, 18.013095178117791 ], [ -102.206542821568021, 18.011638006634936 ], [ -102.207204538569769, 18.010970280889488 ], [ -102.207339109100047, 18.009617667534449 ], [ -102.207831218926074, 18.00833342512799 ], [ -102.208912382395454, 18.007996836024663 ], [ -102.208922286639151, 18.006768846869353 ], [ -102.207951839871001, 18.004271495728524 ], [ -102.207763564336787, 18.002444643536439 ], [ -102.207484878092941, 18.001564676959642 ], [ -102.207403370230523, 18.000001416447954 ], [ -102.206979853421757, 17.998279365055218 ], [ -102.206297145782329, 17.996689200354918 ], [ -102.202443390782562, 17.993924456179894 ], [ -102.201507926621076, 17.99340524113672 ], [ -102.199714744650109, 17.991627436010472 ] ] ], [ [ [ -102.169241752797959, 17.986497809181429 ], [ -102.169228212395211, 17.98734644513037 ], [ -102.168411938489371, 17.987054580922582 ], [ -102.167465821982191, 17.987212321913034 ], [ -102.167277642747194, 17.987769438598459 ], [ -102.165627592421146, 17.987691121733249 ], [ -102.16528713952718, 17.986557374809799 ], [ -102.164361802727811, 17.985415067855893 ], [ -102.163253105561438, 17.985118903634305 ], [ -102.164800160161846, 17.987507440956378 ], [ -102.164086277226588, 17.987894316338657 ], [ -102.163490556040415, 17.988562852370514 ], [ -102.163638116347016, 17.988643870322431 ], [ -102.163058575671329, 17.989078496694439 ], [ -102.161631849579919, 17.989198656162358 ], [ -102.161113039316561, 17.988515861237421 ], [ -102.160937556998448, 17.987505018802224 ], [ -102.160571333821736, 17.984892085238585 ], [ -102.160523463580589, 17.984780338056222 ], [ -102.161131550286342, 17.985024617114661 ], [ -102.161778379446574, 17.984699980351305 ], [ -102.161144983079524, 17.984185014913386 ], [ -102.160240937294247, 17.984120815236107 ], [ -102.159533709300874, 17.982469878586329 ], [ -102.158381644300292, 17.981199651775114 ], [ -102.156062258242102, 17.979694835781775 ], [ -102.154254141825504, 17.979022456513004 ], [ -102.154214302015376, 17.978602096058381 ], [ -102.153293566405054, 17.977179885395383 ], [ -102.152833638109485, 17.97644169535884 ], [ -102.153953426632114, 17.976629712838033 ], [ -102.154757901346869, 17.977652891220796 ], [ -102.155644619847394, 17.977665906976615 ], [ -102.156817405535676, 17.978080438830066 ], [ -102.157747138587752, 17.978942903760821 ], [ -102.161076506044651, 17.980797724722223 ], [ -102.163936148882541, 17.982528230439122 ], [ -102.165749091902541, 17.98362934289591 ], [ -102.167732363797754, 17.985292799714916 ], [ -102.169241752797959, 17.986497809181429 ] ] ], [ [ [ -102.17786756054879, 18.001664416628415 ], [ -102.176990160178846, 18.000708885487374 ], [ -102.175723653345642, 17.999942172455192 ], [ -102.175555799507237, 17.998200853570282 ], [ -102.175204836642649, 17.996600670096345 ], [ -102.175159055196985, 17.994624758676398 ], [ -102.174197728929968, 17.993072258677675 ], [ -102.167490460471029, 17.989410625895612 ], [ -102.166102765013363, 17.988229764188848 ], [ -102.165968566452591, 17.988201797496231 ], [ -102.168805921350042, 17.987791780972863 ], [ -102.170687216802662, 17.988162413561462 ], [ -102.173768919311158, 17.991367960845455 ], [ -102.176371454029919, 17.994449093394667 ], [ -102.178322095569825, 17.997583913792557 ], [ -102.179585843688699, 18.000004360538473 ], [ -102.179973344778489, 18.00233979815108 ], [ -102.180145929956709, 18.004589001387782 ], [ -102.180041987948712, 18.004334563206001 ], [ -102.17886703480913, 18.003104388371174 ], [ -102.17786756054879, 18.001664416628415 ] ] ] ] } },
{ "type": "Feature", "properties": { "fid": 54.0, "cat": 55, "VULNERABIL": 4.0, "CLAVE_ACUI": "1617", "NOM_ACUIF": "LAZARO CARDENAS" }, "geometry": { "type": "MultiPolygon", "coordinates": [ ] } },
{ "type": "Feature", "properties": { "fid": 55.0, "cat": 52, "VULNERABIL": 3.0, "CLAVE_ACUI": "1617", "NOM_ACUIF": "LAZARO CARDENAS" }, "geometry": { "type": "MultiPolygon", "coordinates": [ [ [ [ -102.259752807354928, 18.011331757624536 ], [ -102.260008564819174, 18.010813884042594 ], [ -102.260065568894149, 18.010560716280484 ], [ -102.260075831191884, 18.009897140617461 ], [ -102.260047440733175, 18.009673240800506 ], [ -102.259999857167571, 18.009546144091079 ], [ -102.259976065406022, 18.009482595734866 ], [ -102.259904690206383, 18.009291950660234 ], [ -102.259729151803214, 18.008971150205287 ], [ -102.259052727568459, 18.00785537076797 ], [ -102.258878134579533, 18.007473629318525 ], [ -102.258832018705775, 18.007251736035055 ], [ -102.258808960797523, 18.00714078939335 ], [ -102.25873978718738, 18.006807949468321 ], [ -102.258716740385154, 18.006238719751892 ], [ -102.258747533198004, 18.00424799397938 ], [ -102.258777717448424, 18.003669358953985 ], [ -102.258814407144129, 18.003432835355351 ], [ -102.258832751938186, 18.003314573546565 ], [ -102.258887786105092, 18.002959788082311 ], [ -102.259014842542229, 18.002524750329329 ], [ -102.259497699563781, 18.001204143741138 ], [ -102.259704442224646, 18.00076515352827 ], [ -102.259865090908136, 18.000522482369561 ], [ -102.259945415073744, 18.000401146715923 ], [ -102.260186386866039, 18.000037139457863 ], [ -102.260668134644703, 17.999436108468004 ], [ -102.26243432297936, 17.997359298918294 ], [ -102.262987848956996, 17.996921819288787 ], [ -102.263396328496995, 17.996939444360411 ], [ -102.263804808244714, 17.996957068580169 ], [ -102.264418372174617, 17.997444904727338 ], [ -102.266464741578133, 17.99968621699124 ], [ -102.267086588547926, 18.000326549264948 ], [ -102.267942145251141, 18.001073461740116 ], [ -102.268542520922963, 18.001500147237948 ], [ -102.270352648779351, 18.00265742516207 ], [ -102.270488730490641, 18.002744425741614 ], [ -102.271036199657104, 18.003160199823839 ], [ -102.271623813202538, 18.003832173601086 ], [ -102.2718028145989, 18.004140048804445 ], [ -102.271966835654013, 18.004434735322004 ], [ -102.272860897916573, 18.006438513530259 ], [ -102.273187514171752, 18.007062819284815 ], [ -102.273817654155849, 18.007972468252074 ], [ -102.274391239736147, 18.008647660274992 ], [ -102.276437859641376, 18.010888898955102 ], [ -102.276969235936122, 18.011548252760782 ], [ -102.277185789215551, 18.011966130161341 ], [ -102.277257973845209, 18.012105422601099 ], [ -102.277402343409335, 18.012384007439955 ], [ -102.277489689086579, 18.012918589720265 ], [ -102.277464190885041, 18.014577552451815 ], [ -102.277504458598116, 18.01487540616958 ], [ -102.277273020948101, 18.015106082528433 ], [ -102.277080658673569, 18.015188375681831 ], [ -102.276863769452262, 18.015221440019683 ], [ -102.27667242670239, 18.015199661033787 ], [ -102.275176504889373, 18.014736114856039 ], [ -102.274723254285831, 18.014634913177932 ], [ -102.274104001149581, 18.014626190064838 ], [ -102.273672603596196, 18.014714930129898 ], [ -102.272278664693062, 18.015137768090277 ], [ -102.271767177822639, 18.015255851730146 ], [ -102.271270679405362, 18.015319963625313 ], [ -102.271105179893652, 18.015341333962745 ], [ -102.270774180811316, 18.01538407419617 ], [ -102.269867100903667, 18.015449163041627 ], [ -102.266627059682875, 18.015624658226617 ], [ -102.265735354675456, 18.015725501113248 ], [ -102.265274729366055, 18.015873069485679 ], [ -102.265121187457197, 18.015922258675779 ], [ -102.264814103430922, 18.016020636654922 ], [ -102.264389734326031, 18.016341418609489 ], [ -102.26333058898463, 18.017543263666745 ], [ -102.263074340642504, 18.017978169195267 ], [ -102.263006004662458, 18.018392028563156 ], [ -102.262983225900584, 18.018529981667402 ], [ -102.262937668224097, 18.018805887848306 ], [ -102.26299867146335, 18.019553437984882 ], [ -102.263420030994894, 18.022214286919507 ], [ -102.263486264944817, 18.022966990598263 ], [ -102.263430128654406, 18.023392874624037 ], [ -102.263411416464635, 18.023534835950592 ], [ -102.263373991945585, 18.023818758580639 ], [ -102.263147366783741, 18.024282865925827 ], [ -102.262202047720564, 18.025596928339247 ], [ -102.261933422700977, 18.026029961949607 ], [ -102.261779294514184, 18.026383344370334 ], [ -102.261727918295961, 18.026501138462329 ], [ -102.26162516562556, 18.02673672657394 ], [ -102.261453423431021, 18.027313356911446 ], [ -102.2609602100421, 18.029297532503957 ], [ -102.26086832207622, 18.02986005440459 ], [ -102.260900527837535, 18.030180518653292 ], [ -102.260911263098507, 18.03028734006973 ], [ -102.260932733631222, 18.030500982902904 ], [ -102.261116639377732, 18.030854073196458 ], [ -102.261910459833032, 18.03186089809833 ], [ -102.262181031140585, 18.032103466278439 ], [ -102.262415451473942, 18.032166046710604 ], [ -102.262493591630502, 18.032186906796273 ], [ -102.262649872011821, 18.032228626880045 ], [ -102.263049072595322, 18.032164859066793 ], [ -102.26444316403915, 18.031742109310141 ], [ -102.264921753184311, 18.031694699225923 ], [ -102.26534141752137, 18.031795453300187 ], [ -102.265481305767878, 18.03182903780294 ], [ -102.265761082462106, 18.031896206525449 ], [ -102.26648153779378, 18.032231483235634 ], [ -102.26900435755698, 18.033594585691485 ], [ -102.269724670523274, 18.033940008824942 ], [ -102.270143978591136, 18.034064452791501 ], [ -102.270283748105072, 18.03410593392854 ], [ -102.270563287369924, 18.034188895924899 ], [ -102.27104099601965, 18.034199026766341 ], [ -102.27243168341947, 18.033997412607675 ], [ -102.272797523304845, 18.034031358216648 ], [ -102.272955806758588, 18.034211374823926 ], [ -102.273008567979772, 18.034271380339764 ], [ -102.273114090527059, 18.034391391341547 ], [ -102.273200489567941, 18.034871779344098 ], [ -102.273287116453517, 18.036753557044886 ], [ -102.273339786052077, 18.037355378008431 ], [ -102.273419368840251, 18.037818738110634 ], [ -102.273445896490728, 18.037973191478759 ], [ -102.27349895187335, 18.038282098216129 ], [ -102.273673662834597, 18.039004163250365 ], [ -102.274329822462732, 18.041447079646321 ], [ -102.274541933957892, 18.042154433438302 ], [ -102.274708777338191, 18.042583467491355 ], [ -102.274764391949347, 18.042726478830605 ], [ -102.274875621398223, 18.043012501491475 ], [ -102.275140206301259, 18.043530959095307 ], [ -102.276041255582754, 18.045092358588953 ], [ -102.276359795166854, 18.045555700981755 ], [ -102.276652525847325, 18.045856133956512 ], [ -102.276750102960023, 18.045956278210411 ], [ -102.276945257514242, 18.046156566611675 ], [ -102.277463093408798, 18.046551603033485 ], [ -102.279294212586436, 18.047794232929313 ], [ -102.279770056509633, 18.048158195582808 ], [ -102.280051133341871, 18.048474234270465 ], [ -102.280311516980632, 18.0487185498305 ], [ -102.280194293335754, 18.049340664595874 ], [ -102.280102804731513, 18.049826201550637 ], [ -102.280029735722266, 18.050213984319058 ], [ -102.279918527017074, 18.050242337122899 ], [ -102.279564528002439, 18.050237351786876 ], [ -102.279340438666821, 18.050234195621865 ], [ -102.279126779163647, 18.050200708834108 ], [ -102.278707790143429, 18.050052579209563 ], [ -102.278376164639539, 18.049899105013719 ], [ -102.278290901770305, 18.04988303139131 ], [ -102.277845473954883, 18.049727754809844 ], [ -102.277035197578059, 18.04924224401509 ], [ -102.277010038581395, 18.049223225373588 ], [ -102.276945710682966, 18.049191315955728 ], [ -102.276545674803614, 18.04896217668135 ], [ -102.276056018785113, 18.048576000527923 ], [ -102.27575654603271, 18.048253459895406 ], [ -102.275741430893106, 18.048234829707781 ], [ -102.273810234904104, 18.046677310705793 ], [ -102.273061143756692, 18.04612830875169 ], [ -102.272078208969035, 18.045592934549742 ], [ -102.272075973116301, 18.045592197972692 ], [ -102.271764317247516, 18.045517388975448 ], [ -102.270941774655427, 18.045370318158295 ], [ -102.267943606408139, 18.044885602905996 ], [ -102.267156939519026, 18.044952223610871 ], [ -102.265853927375673, 18.045201309141774 ], [ -102.261212282701365, 18.046241766459666 ], [ -102.259833046286829, 18.046611636030772 ], [ -102.258038270976627, 18.047297297720625 ], [ -102.256853540132056, 18.047906946753351 ], [ -102.253119527339479, 18.05006627359505 ], [ -102.252089510592825, 18.050627294533768 ], [ -102.251016826984213, 18.051086112911936 ], [ -102.250514443377241, 18.051180551072587 ], [ -102.250394108921427, 18.051178838062764 ], [ -102.249242674020223, 18.051162443129932 ], [ -102.248922925759715, 18.05112233301972 ], [ -102.248702535925005, 18.050953265397709 ], [ -102.248707441337658, 18.050751850763124 ], [ -102.248950721270106, 18.049980983150782 ], [ -102.249046192382551, 18.049760540520683 ], [ -102.249147319017197, 18.049631608333257 ], [ -102.249248445498068, 18.049502676071409 ], [ -102.249441907372145, 18.049354740784334 ], [ -102.25014247475734, 18.048922238905735 ], [ -102.25034710588389, 18.048738905398281 ], [ -102.250474295560224, 18.048527378979148 ], [ -102.250601484906809, 18.04831585243107 ], [ -102.250760251989504, 18.047894824581103 ], [ -102.251246780568167, 18.046353079657404 ], [ -102.251443099535891, 18.045907187791205 ], [ -102.25187273073692, 18.045368104765497 ], [ -102.251893181702243, 18.045352220452351 ], [ -102.252290170321743, 18.04504387737104 ], [ -102.253808582586998, 18.044069891358671 ], [ -102.254225542641038, 18.043776128903065 ], [ -102.254429071328431, 18.043587130239501 ], [ -102.254493475521343, 18.043527323755495 ], [ -102.254541011921575, 18.043483180856686 ], [ -102.25458854829813, 18.043439037942797 ], [ -102.254652952383466, 18.043379231390237 ], [ -102.254856480159759, 18.043190232146038 ], [ -102.255024963929969, 18.042940345582192 ], [ -102.255383811717195, 18.042171106424931 ], [ -102.255514581583725, 18.041956239810546 ], [ -102.255631736855079, 18.041847445426288 ], [ -102.255677234814698, 18.041805194407168 ], [ -102.255760607487559, 18.041727771497808 ], [ -102.255994386990722, 18.04160410461127 ], [ -102.256808802242887, 18.041283808817777 ], [ -102.257042738103095, 18.041149983766765 ], [ -102.257181381413105, 18.04099787428223 ], [ -102.257320024479696, 18.040845764663917 ], [ -102.25748221177686, 18.040544991093554 ], [ -102.257961795916316, 18.039445599248904 ], [ -102.258088237870751, 18.039052887065075 ], [ -102.25819871949119, 18.038319623186176 ], [ -102.258230108499646, 18.037664815625362 ], [ -102.258248108151506, 18.036503563215852 ], [ -102.258266106446925, 18.035342310649728 ], [ -102.258207564857429, 18.034665909350629 ], [ -102.258135023219836, 18.034470228536644 ], [ -102.257898377585718, 18.033831875209604 ], [ -102.257515224818945, 18.033316798751912 ], [ -102.257943363350677, 18.033669969960812 ], [ -102.258462483127829, 18.033748445565042 ], [ -102.258775942087951, 18.033507382448743 ], [ -102.259661666884739, 18.032377851518703 ], [ -102.259904615101405, 18.032015340660301 ], [ -102.26016187880208, 18.031402675491769 ], [ -102.26022140981469, 18.030987001025409 ], [ -102.260241957673117, 18.029659852267763 ], [ -102.260216240680663, 18.02926328764784 ], [ -102.260169387598907, 18.029088792309366 ], [ -102.260145961083865, 18.029001544639481 ], [ -102.260075681642135, 18.028739801627228 ], [ -102.259900600544825, 18.028388529011707 ], [ -102.259224118855414, 18.027272742024554 ], [ -102.259038424221487, 18.026921318531656 ], [ -102.258848326746033, 18.026397129993082 ], [ -102.258762453216661, 18.025999712793006 ], [ -102.258551808045539, 18.02466928778917 ], [ -102.258498885159767, 18.024201224871582 ], [ -102.258462555657033, 18.023347356222995 ], [ -102.258463578761479, 18.022595606737923 ], [ -102.258504678604595, 18.019941310642338 ], [ -102.258495555233125, 18.019158940205742 ], [ -102.258465672647219, 18.018802952546633 ], [ -102.258411884032242, 18.018162174760217 ], [ -102.258301477878362, 18.017520594604953 ], [ -102.25786992427841, 18.015523319315545 ], [ -102.25781196955711, 18.014923118430268 ], [ -102.257973062596889, 18.014119456028538 ], [ -102.25826114847483, 18.013571567173855 ], [ -102.259444442257958, 18.011818408672649 ], [ -102.259752807354928, 18.011331757624536 ] ] ] ] } },
{ "type": "Feature", "properties": { "fid": 56.0, "cat": 56, "VULNERABIL": 4.0, "CLAVE_ACUI": "1617", "NOM_ACUIF": "LAZARO CARDENAS" }, "geometry": { "type": "MultiPolygon", "coordinates": [ ] } },
{ "type": "Feature", "properties": { "fid": 57.0, "cat": 58, "VULNERABIL": 4.0, "CLAVE_ACUI": "1617", "NOM_ACUIF": "LAZARO CARDENAS" }, "geometry": { "type": "MultiPolygon", "coordinates": [ ] } },
{ "type": "Feature", "properties": { "fid": 58.0, "cat": 60, "VULNERABIL": 1.0, "CLAVE_ACUI": "1617", "NOM_ACUIF": "LAZARO CARDENAS" }, "geometry": { "type": "MultiPolygon", "coordinates": [ [ [ [ -102.279168828378417, 18.020270319199618 ], [ -102.279257194413944, 18.020738881532854 ], [ -102.279221502773055, 18.023061430821233 ], [ -102.279263891629469, 18.023757926531996 ], [ -102.279497402284079, 18.024685690919206 ], [ -102.279788601670234, 18.025314572743127 ], [ -102.280914034482592, 18.027321588084732 ], [ -102.281206412412033, 18.027874291885777 ], [ -102.281365735095349, 18.028255805984621 ], [ -102.281445396657134, 18.028446563014121 ], [ -102.281494423474314, 18.028711389589951 ], [ -102.281484229974112, 18.029374975857067 ], [ -102.281454645626596, 18.029572662854779 ], [ -102.281369401156198, 18.029745298204446 ], [ -102.281326778851408, 18.029831615855826 ], [ -102.281173696200881, 18.030003861591904 ], [ -102.280587175340472, 18.030548720720596 ], [ -102.280370858927583, 18.030689598879722 ], [ -102.280088889775044, 18.030764647700448 ], [ -102.279947905129717, 18.030802171944245 ], [ -102.279560002130182, 18.030822112022971 ], [ -102.278172743249172, 18.030802587239386 ], [ -102.277768993542196, 18.030817221049073 ], [ -102.277437721792836, 18.030875768602019 ], [ -102.277272085865846, 18.030905042154256 ], [ -102.276965967141294, 18.031015867334464 ], [ -102.276034318517247, 18.031445228114109 ], [ -102.275748806402945, 18.031596977827331 ], [ -102.275481646848618, 18.031782849301514 ], [ -102.275348066870222, 18.031875784870667 ], [ -102.275061093647977, 18.032122330891781 ], [ -102.274122619944535, 18.032994068996395 ], [ -102.273873976045948, 18.033164960237805 ], [ -102.27376304663953, 18.033127839155586 ], [ -102.273652117287895, 18.033090718015732 ], [ -102.273583820624268, 18.032813766783935 ], [ -102.273486961556728, 18.031595570060681 ], [ -102.27349548674286, 18.031157157120049 ], [ -102.273541034308494, 18.030881246980087 ], [ -102.273563808014998, 18.030743291896343 ], [ -102.27363212882922, 18.030329426590043 ], [ -102.273818805092063, 18.029585366990084 ], [ -102.27455330340679, 18.026940815720248 ], [ -102.274842077692313, 18.026116920273505 ], [ -102.275046454056536, 18.025716823221842 ], [ -102.275148641854003, 18.02551677456308 ], [ -102.27545520370785, 18.024916628055102 ], [ -102.276042321076332, 18.024025818807704 ], [ -102.278169036223218, 18.021068982672986 ], [ -102.278720764837473, 18.020406243957897 ], [ -102.279168828378417, 18.020270319199618 ] ] ] ] } },
{ "type": "Feature", "properties": { "fid": 59.0, "cat": 61, "VULNERABIL": 3.0, "CLAVE_ACUI": "1617", "NOM_ACUIF": "LAZARO CARDENAS" }, "geometry": { "type": "MultiPolygon", "coordinates": [ [ [ [ -102.280418903120761, 18.017924208111324 ], [ -102.280653812012702, 18.018194238582755 ], [ -102.280836569088308, 18.018384417956728 ], [ -102.280173451079719, 18.018659422606916 ], [ -102.279912206731055, 18.018734864663543 ], [ -102.279647188887438, 18.018755658531781 ], [ -102.279467529794417, 18.018718611353243 ], [ -102.279345023696735, 18.018651294483412 ], [ -102.279281832157352, 18.018597911598604 ], [ -102.278991345762819, 18.018153597546743 ], [ -102.277978175201739, 18.016369401433366 ], [ -102.277812268429216, 18.016052108126601 ], [ -102.277755964100919, 18.015936771354966 ], [ -102.277722828530869, 18.015851499745587 ], [ -102.277689442430713, 18.015733138200169 ], [ -102.277674511690734, 18.015642837277799 ], [ -102.277675019149669, 18.015608464421142 ], [ -102.27768318676506, 18.015583258695745 ], [ -102.277704491022561, 18.015569506241413 ], [ -102.27774115771291, 18.015559527107314 ], [ -102.277779652941021, 18.015547150269814 ], [ -102.278324508628856, 18.015789560253673 ], [ -102.278521006835945, 18.015900688213691 ], [ -102.278863422833027, 18.016189959696192 ], [ -102.279156090950877, 18.016492076583489 ], [ -102.279667777153364, 18.017052379707707 ], [ -102.280179466536637, 18.017612681880667 ], [ -102.280198499298308, 18.017637445078009 ], [ -102.280377727450187, 18.017870635344593 ], [ -102.280418903120761, 18.017924208111324 ] ] ] ] } },
{ "type": "Feature", "properties": { "fid": 60.0, "cat": 57, "VULNERABIL": 2.0, "CLAVE_ACUI": "1617", "NOM_ACUIF": "LAZARO CARDENAS" }, "geometry": { "type": "MultiPolygon", "coordinates": [ [ [ [ -102.273673662834597, 18.039004163250365 ], [ -102.27349895187335, 18.038282098216129 ], [ -102.273445896490728, 18.037973191478759 ], [ -102.273419368840251, 18.037818738110634 ], [ -102.273339786052077, 18.037355378008431 ], [ -102.273287116453517, 18.036753557044886 ], [ -102.273200489567941, 18.034871779344098 ], [ -102.273114090527059, 18.034391391341547 ], [ -102.273008567979772, 18.034271380339764 ], [ -102.272955806758588, 18.034211374823926 ], [ -102.272797523304845, 18.034031358216648 ], [ -102.27243168341947, 18.033997412607675 ], [ -102.27104099601965, 18.034199026766341 ], [ -102.270563287369924, 18.034188895924899 ], [ -102.270283748105072, 18.03410593392854 ], [ -102.270143978591136, 18.034064452791501 ], [ -102.269724670523274, 18.033940008824942 ], [ -102.26900435755698, 18.033594585691485 ], [ -102.26648153779378, 18.032231483235634 ], [ -102.265761082462106, 18.031896206525449 ], [ -102.265481305767878, 18.03182903780294 ], [ -102.26534141752137, 18.031795453300187 ], [ -102.264921753184311, 18.031694699225923 ], [ -102.26444316403915, 18.031742109310141 ], [ -102.263049072595322, 18.032164859066793 ], [ -102.262649872011821, 18.032228626880045 ], [ -102.262493591630502, 18.032186906796273 ], [ -102.262415451473942, 18.032166046710604 ], [ -102.262181031140585, 18.032103466278439 ], [ -102.261910459833032, 18.03186089809833 ], [ -102.261116639377732, 18.030854073196458 ], [ -102.260932733631222, 18.030500982902904 ], [ -102.260911263098507, 18.03028734006973 ], [ -102.260900527837535, 18.030180518653292 ], [ -102.26086832207622, 18.02986005440459 ], [ -102.2609602100421, 18.029297532503957 ], [ -102.261453423431021, 18.027313356911446 ], [ -102.26162516562556, 18.02673672657394 ], [ -102.261727918295961, 18.026501138462329 ], [ -102.261779294514184, 18.026383344370334 ], [ -102.261933422700992, 18.026029961949607 ], [ -102.262202047720564, 18.025596928339247 ], [ -102.263147366783741, 18.024282865925827 ], [ -102.263373991945585, 18.023818758580639 ], [ -102.263411416464635, 18.023534835950592 ], [ -102.263430128654406, 18.023392874624037 ], [ -102.263486264944817, 18.022966990598263 ], [ -102.263420030994894, 18.022214286919507 ], [ -102.26299867146335, 18.019553437984882 ], [ -102.262937668224097, 18.018805887848306 ], [ -102.262983225900584, 18.018529981667402 ], [ -102.263006004662458, 18.018392028563156 ], [ -102.263074340642504, 18.017978169195267 ], [ -102.26333058898463, 18.017543263666745 ], [ -102.264389734326031, 18.016341418609489 ], [ -102.264814103430922, 18.016020636654922 ], [ -102.265121187457197, 18.015922258675779 ], [ -102.265274729366055, 18.015873069485679 ], [ -102.265735354675456, 18.015725501113248 ], [ -102.266627059682875, 18.015624658226617 ], [ -102.269867100903667, 18.015449163041627 ], [ -102.270774180811316, 18.01538407419617 ], [ -102.271105179893652, 18.015341333962745 ], [ -102.271270679405362, 18.015319963625313 ], [ -102.271767177822639, 18.015255851730146 ], [ -102.272278664693062, 18.015137768090277 ], [ -102.273672603596196, 18.014714930129898 ], [ -102.274104001149581, 18.014626190064838 ], [ -102.274723254285831, 18.014634913177932 ], [ -102.275176504889373, 18.014736114856039 ], [ -102.27667242670239, 18.015199661033787 ], [ -102.276863769452262, 18.015221440019683 ], [ -102.277080658673569, 18.015188375681831 ], [ -102.277273020948101, 18.015106082528433 ], [ -102.277504458598116, 18.01487540616958 ], [ -102.27754890576665, 18.015056415450015 ], [ -102.277613304297233, 18.015228835461464 ], [ -102.277779652941021, 18.015547150269814 ], [ -102.27774115771291, 18.015559527107314 ], [ -102.277704491022561, 18.015569506241413 ], [ -102.27768318676506, 18.015583258695745 ], [ -102.277675019149669, 18.015608464421142 ], [ -102.277674511690734, 18.015642837277799 ], [ -102.277689442430713, 18.015733138200169 ], [ -102.277722828530869, 18.015851499745587 ], [ -102.277755964100919, 18.015936771354966 ], [ -102.277812268429216, 18.016052108126601 ], [ -102.277978175201739, 18.016369401433366 ], [ -102.278991345762819, 18.018153597546743 ], [ -102.279281832157352, 18.018597911598604 ], [ -102.279345023696735, 18.018651294483412 ], [ -102.279467529794417, 18.018718611353243 ], [ -102.279647188887438, 18.018755658531781 ], [ -102.279912206731055, 18.018734864663543 ], [ -102.280173451079719, 18.018659422606916 ], [ -102.280836569088308, 18.018384417956728 ], [ -102.285333218748235, 18.014896942325464 ], [ -102.286786411015271, 18.014355796589548 ], [ -102.28454067488849, 18.026274088372507 ], [ -102.281137940169017, 18.044332659352133 ], [ -102.280311516980632, 18.0487185498305 ], [ -102.280051133341871, 18.048474234270465 ], [ -102.279770056509633, 18.048158195582808 ], [ -102.279294212586436, 18.047794232929313 ], [ -102.277463093408798, 18.046551603033485 ], [ -102.276945257514242, 18.046156566611675 ], [ -102.276750102960023, 18.045956278210411 ], [ -102.276652525847325, 18.045856133956512 ], [ -102.276359795166854, 18.045555700981755 ], [ -102.276041255582754, 18.045092358588953 ], [ -102.275140206301259, 18.043530959095307 ], [ -102.274875621398223, 18.043012501491475 ], [ -102.274764391949347, 18.042726478830605 ], [ -102.274708777338191, 18.042583467491355 ], [ -102.274541933957892, 18.042154433438302 ], [ -102.274329822462732, 18.041447079646321 ], [ -102.273673662834597, 18.039004163250365 ] ], [ [ -102.279168828378417, 18.020270319199618 ], [ -102.278720764837473, 18.020406243957897 ], [ -102.278169036223218, 18.021068982672986 ], [ -102.276042321076332, 18.024025818807704 ], [ -102.27545520370785, 18.024916628055102 ], [ -102.275046454056536, 18.025716823221842 ], [ -102.274842077692313, 18.026116920273505 ], [ -102.27455330340679, 18.026940815720248 ], [ -102.273818805092063, 18.029585366990084 ], [ -102.273632128829206, 18.030329426590043 ], [ -102.273541034308494, 18.030881246980087 ], [ -102.27349548674286, 18.031157157120049 ], [ -102.273486961556728, 18.031595570060681 ], [ -102.273583820624268, 18.032813766783935 ], [ -102.273652117287895, 18.033090718015732 ], [ -102.273873976045948, 18.033164960237805 ], [ -102.274122619944535, 18.032994068996395 ], [ -102.275061093647977, 18.032122330891781 ], [ -102.275348066870222, 18.031875784870667 ], [ -102.275481646848618, 18.031782849301514 ], [ -102.275548436787517, 18.031736381474953 ], [ -102.275748806402959, 18.031596977827331 ], [ -102.276034318517247, 18.031445228114109 ], [ -102.276965967141294, 18.031015867334464 ], [ -102.277272085865846, 18.030905042154256 ], [ -102.277437721792836, 18.030875768602019 ], [ -102.27752053974325, 18.030861131769839 ], [ -102.277768993542196, 18.030817221049073 ], [ -102.278172743249172, 18.030802587239386 ], [ -102.279560002130182, 18.030822112022971 ], [ -102.279947905129717, 18.030802171944245 ], [ -102.280088889775044, 18.030764647700448 ], [ -102.280159382080441, 18.030745885536916 ], [ -102.280370858927597, 18.030689598879722 ], [ -102.280587175340472, 18.030548720720596 ], [ -102.281173696200881, 18.030003861591904 ], [ -102.281326778851408, 18.029831615855826 ], [ -102.281369401156198, 18.029745298204446 ], [ -102.281390712291198, 18.02970213937289 ], [ -102.281454645626596, 18.029572662854779 ], [ -102.281484229974112, 18.029374975857067 ], [ -102.281494423474314, 18.028711389589951 ], [ -102.281445396657134, 18.028446563014121 ], [ -102.281365735095349, 18.028255805984621 ], [ -102.281325904369481, 18.028160427464893 ], [ -102.281206412412033, 18.027874291885777 ], [ -102.280914034482592, 18.027321588084732 ], [ -102.279788601670234, 18.025314572743127 ], [ -102.279497402284079, 18.024685690919206 ], [ -102.279263891629469, 18.023757926531996 ], [ -102.279221502773055, 18.023061430821233 ], [ -102.279257194413944, 18.020738881532854 ], [ -102.279168828378417, 18.020270319199618 ] ] ] ] } },
{ "type": "Feature", "properties": { "fid": 61.0, "cat": 62, "VULNERABIL": 4.0, "CLAVE_ACUI": "1617", "NOM_ACUIF": "LAZARO CARDENAS" }, "geometry": { "type": "MultiPolygon", "coordinates": [ [ [ [ -102.278417077330047, 18.004618087429058 ], [ -102.279286534824308, 18.004579513554052 ], [ -102.279791380162862, 18.00450759275871 ], [ -102.280043802748807, 18.004471631845949 ], [ -102.280801070173155, 18.004363747047336 ], [ -102.282095232114941, 18.004094078605704 ], [ -102.287231063020371, 18.002896703412599 ], [ -102.289024410764455, 18.002478562348578 ], [ -102.288759603275267, 18.003883915758035 ], [ -102.287248436008596, 18.011903794942583 ], [ -102.286786411015271, 18.014355796589548 ], [ -102.285333218748235, 18.014896942325464 ], [ -102.280836569088308, 18.018384417956728 ], [ -102.280653812012702, 18.018194238582755 ], [ -102.280418903120761, 18.017924208111324 ], [ -102.280377727450187, 18.017870635344593 ], [ -102.280198499298308, 18.017637445078009 ], [ -102.280179466536637, 18.017612681880667 ], [ -102.279667777153364, 18.017052379707707 ], [ -102.279156090950877, 18.016492076583489 ], [ -102.278863422833027, 18.016189959696192 ], [ -102.278521006835945, 18.015900688213691 ], [ -102.278324508628856, 18.015789560253673 ], [ -102.277779652941021, 18.015547150269814 ], [ -102.277613304297233, 18.015228835461464 ], [ -102.27754890576665, 18.015056415450015 ], [ -102.277504458598116, 18.01487540616958 ], [ -102.277464190885041, 18.014577552451815 ], [ -102.277489689086579, 18.012918589720265 ], [ -102.277402343409335, 18.012384007439955 ], [ -102.277257973845209, 18.012105422601099 ], [ -102.277185789215551, 18.011966130161341 ], [ -102.276969235936122, 18.011548252760782 ], [ -102.276437859641376, 18.010888898955102 ], [ -102.274391239736147, 18.008647660274992 ], [ -102.273817654155849, 18.007972468252074 ], [ -102.273187514171752, 18.007062819284815 ], [ -102.272860897916573, 18.006438513530259 ], [ -102.271966835654013, 18.004434735322004 ], [ -102.2718028145989, 18.004140048804445 ], [ -102.271623813202538, 18.003832173601086 ], [ -102.271764242643414, 18.003830491719448 ], [ -102.271965369292275, 18.003834933834746 ], [ -102.272269359737223, 18.003880858435615 ], [ -102.272678965514316, 18.003983620301756 ], [ -102.273772348668317, 18.004322458547758 ], [ -102.274278336209775, 18.004444720070868 ], [ -102.274855300929005, 18.004516055246366 ], [ -102.275143783555805, 18.004551722211563 ], [ -102.275874149174243, 18.004582319620056 ], [ -102.278417077330047, 18.004618087429058 ] ] ] ] } },
{ "type": "Feature", "properties": { "fid": 62.0, "cat": 59, "VULNERABIL": 4.0, "CLAVE_ACUI": "1617", "NOM_ACUIF": "LAZARO CARDENAS" }, "geometry": { "type": "MultiPolygon", "coordinates": [ [ [ [ -102.218419297910955, 17.97047224656977 ], [ -102.219114110843392, 17.970727794685804 ], [ -102.225778595598157, 17.973256859308623 ], [ -102.227809126334066, 17.973969931023984 ], [ -102.228046238418855, 17.97403729967796 ], [ -102.230620337495978, 17.974768635557229 ], [ -102.232605817081264, 17.975196570353383 ], [ -102.2390602302264, 17.97639479406514 ], [ -102.240887193986424, 17.97677975492179 ], [ -102.241922870070638, 17.977078943211055 ], [ -102.242268096374659, 17.977178671513016 ], [ -102.242958550396594, 17.977378126425165 ], [ -102.244090664189386, 17.977847990801106 ], [ -102.247302533754748, 17.979442304298878 ], [ -102.248191825428989, 17.979827427067427 ], [ -102.248660885762064, 17.979928903226064 ], [ -102.249129946791584, 17.980030378319675 ], [ -102.249580824513401, 17.97993518800239 ], [ -102.250746792743172, 17.979288012869244 ], [ -102.251272906035709, 17.979132931705159 ], [ -102.251702650011651, 17.979107420247818 ], [ -102.25191752200584, 17.979094664155053 ], [ -102.252562138013204, 17.979056394420393 ], [ -102.253877787005663, 17.979102130405948 ], [ -102.258728270704836, 17.979392035092179 ], [ -102.260032062072639, 17.979518834087919 ], [ -102.260648990795929, 17.979669781015861 ], [ -102.260854633997269, 17.979720096252535 ], [ -102.261265920840287, 17.979820726116895 ], [ -102.261724783592925, 17.980125207949484 ], [ -102.262632287835672, 17.981244233860071 ], [ -102.262921024446356, 17.981566628501586 ], [ -102.263140988075904, 17.981759370432968 ], [ -102.263214309393376, 17.981823617701423 ], [ -102.263360952189814, 17.981952112175335 ], [ -102.263700683692321, 17.982180408339509 ], [ -102.26484617415916, 17.982860303800035 ], [ -102.26519730597451, 17.98303796340852 ], [ -102.265443865634083, 17.983112556272136 ], [ -102.26552605224262, 17.983137420496284 ], [ -102.265690425542715, 17.983187148849016 ], [ -102.266043749797447, 17.983222611229667 ], [ -102.267199476890454, 17.983238913422007 ], [ -102.26758464344698, 17.983274822089363 ], [ -102.26790550174178, 17.983350459616211 ], [ -102.268012454583854, 17.983375672014997 ], [ -102.268226360383764, 17.983426096647339 ], [ -102.268757933159051, 17.983606294005021 ], [ -102.270596898337075, 17.984295932183798 ], [ -102.271170932696549, 17.984476721593968 ], [ -102.271590858962455, 17.984553748580478 ], [ -102.271730834494107, 17.984579424050921 ], [ -102.272010785721989, 17.984630774704168 ], [ -102.27263654070083, 17.984670060793633 ], [ -102.274716878782414, 17.984699331340476 ], [ -102.275326480951193, 17.984753620308229 ], [ -102.275708716185775, 17.984865665560356 ], [ -102.275836128060291, 17.984903013824081 ], [ -102.27609095200377, 17.984977710121047 ], [ -102.276573452115031, 17.98524355018402 ], [ -102.278060657687803, 17.986260043400659 ], [ -102.278414860378092, 17.98658503199389 ], [ -102.278565370166731, 17.987039227879912 ], [ -102.278121407626827, 17.987451773497156 ], [ -102.277987954103793, 17.987615831118177 ], [ -102.277834264434446, 17.987945536816333 ], [ -102.277748161189621, 17.988252487370161 ], [ -102.277500033651322, 17.989355217204981 ], [ -102.277455138889664, 17.989744019613127 ], [ -102.277466876668612, 17.989960315095999 ], [ -102.277483994345687, 17.990400253452467 ], [ -102.277687991607579, 17.992173066725982 ], [ -102.277813035687274, 17.9927877583265 ], [ -102.278192578855482, 17.99388350569123 ], [ -102.278609742103782, 17.994834167142368 ], [ -102.279516377559588, 17.996766721469161 ], [ -102.280176989885092, 17.998174836489273 ], [ -102.280568646614412, 17.999059103154003 ], [ -102.280802764573082, 17.999765549008782 ], [ -102.280459437214347, 18.000295291630366 ], [ -102.280324698491285, 18.000427161134088 ], [ -102.280051156737315, 18.000494432657696 ], [ -102.279795121826325, 18.000458665157979 ], [ -102.278873835931137, 18.000224476417397 ], [ -102.278571827746632, 18.00007123127785 ], [ -102.27808374187633, 17.999590277958564 ], [ -102.277688485971879, 17.999056446833016 ], [ -102.276332060204965, 17.997046185278538 ], [ -102.275904814530548, 17.996522060899771 ], [ -102.275267411626785, 17.9960864111547 ], [ -102.274784080249191, 17.9959881783243 ], [ -102.273165936183076, 17.99596540103942 ], [ -102.272785285847135, 17.99599796148593 ], [ -102.2727070346711, 17.996004654917247 ], [ -102.272183636258632, 17.996210624189818 ], [ -102.271894825092389, 17.996465612612369 ], [ -102.271070432960897, 17.997449587340508 ], [ -102.270854670475686, 17.997786875790798 ], [ -102.270672175848034, 17.998376916540607 ], [ -102.270627232074432, 17.998882543696336 ], [ -102.270599988087625, 18.000652096342538 ], [ -102.270613424683106, 18.001158546296665 ], [ -102.270703374877527, 18.00175242699407 ], [ -102.270818438978779, 18.002094378031533 ], [ -102.270871774643737, 18.002213918420292 ], [ -102.270903470106163, 18.002325497861303 ], [ -102.270904336420656, 18.002429197064856 ], [ -102.270863997510617, 18.002528908529587 ], [ -102.270818229515456, 18.002605618267982 ], [ -102.270744098255648, 18.002658906825751 ], [ -102.270631705296992, 18.002708171400471 ], [ -102.270549426834833, 18.00272622468237 ], [ -102.270488730490641, 18.002744425741614 ], [ -102.270352648779351, 18.00265742516207 ], [ -102.268542520922963, 18.001500147237948 ], [ -102.267942145251141, 18.001073461740116 ], [ -102.267086588547926, 18.000326549264948 ], [ -102.266464741578133, 17.99968621699124 ], [ -102.264418372174617, 17.997444904727338 ], [ -102.263804808244714, 17.996957068580169 ], [ -102.263396328496995, 17.996939444360411 ], [ -102.262987848956996, 17.996921819288787 ], [ -102.26243432297936, 17.997359298918294 ], [ -102.260668134644703, 17.999436108468004 ], [ -102.260186386866039, 18.000037139457863 ], [ -102.259945415073744, 18.000401146715923 ], [ -102.259865090908136, 18.000522482369561 ], [ -102.259704442224646, 18.00076515352827 ], [ -102.259497699563781, 18.001204143741138 ], [ -102.259014842542229, 18.002524750329329 ], [ -102.258887786105092, 18.002959788082311 ], [ -102.258832751938186, 18.003314573546565 ], [ -102.258814407144129, 18.003432835355351 ], [ -102.258777717448424, 18.003669358953985 ], [ -102.258747533198004, 18.00424799397938 ], [ -102.258716740385154, 18.006238719751892 ], [ -102.25873978718738, 18.006807949468321 ], [ -102.258808960797523, 18.00714078939335 ], [ -102.258832018705775, 18.007251736035055 ], [ -102.258878134579533, 18.007473629318525 ], [ -102.259052727568459, 18.00785537076797 ], [ -102.259729151803214, 18.008971150205287 ], [ -102.259904690206383, 18.009291950660234 ], [ -102.259976065406022, 18.009482595734866 ], [ -102.259999857167571, 18.009546144091079 ], [ -102.260047440733175, 18.009673240800506 ], [ -102.260075831191884, 18.009897140617461 ], [ -102.260065568894149, 18.010560716280484 ], [ -102.260008564819174, 18.010813884042594 ], [ -102.259752807354928, 18.011331757624536 ], [ -102.259444442257958, 18.011818408672649 ], [ -102.25826114847483, 18.013571567173855 ], [ -102.257973062596889, 18.014119456028538 ], [ -102.25781196955711, 18.014923118430268 ], [ -102.25786992427841, 18.015523319315545 ], [ -102.258301477878362, 18.017520594604953 ], [ -102.258411884032242, 18.018162174760217 ], [ -102.258465672647219, 18.018802952546622 ], [ -102.258495555233125, 18.019158940205742 ], [ -102.258504678604595, 18.019941310642338 ], [ -102.258463578761479, 18.022595606737923 ], [ -102.258462555657033, 18.023347356222995 ], [ -102.258498885159767, 18.024201224871582 ], [ -102.258551808045539, 18.02466928778917 ], [ -102.258762453216661, 18.025999712793006 ], [ -102.258848326746033, 18.026397129993082 ], [ -102.259038424221487, 18.026921318531656 ], [ -102.259224118855414, 18.027272742024554 ], [ -102.259900600544825, 18.028388529011707 ], [ -102.260075681642135, 18.028739801627228 ], [ -102.260145961083865, 18.029001544639481 ], [ -102.260169387598907, 18.029088792309366 ], [ -102.260216240680663, 18.02926328764784 ], [ -102.260241957673117, 18.029659852267763 ], [ -102.26022140981469, 18.030987001025409 ], [ -102.26016187880208, 18.031402675491769 ], [ -102.259904615101405, 18.032015340660301 ], [ -102.259661666884739, 18.032377851518703 ], [ -102.258775942087951, 18.033507382448743 ], [ -102.258462483127829, 18.033748445565042 ], [ -102.257943363350677, 18.033669969960812 ], [ -102.257515224818945, 18.033316798751912 ], [ -102.256036380099474, 18.031747137987459 ], [ -102.255577896819744, 18.031297022763709 ], [ -102.255357643978428, 18.031120065244856 ], [ -102.25524751772727, 18.031031586412379 ], [ -102.254917139651781, 18.030766149622774 ], [ -102.254431683666994, 18.030457874468148 ], [ -102.252826987885911, 18.029550124489113 ], [ -102.252240367702242, 18.029260725088527 ], [ -102.251862743008246, 18.029113133296185 ], [ -102.251673930931716, 18.029039337154181 ], [ -102.251107495784026, 18.028817947744848 ], [ -102.250075729728337, 18.028474805148051 ], [ -102.246393724353297, 18.027316215205794 ], [ -102.245202735781803, 18.026970781251674 ], [ -102.244577411488976, 18.026819647561339 ], [ -102.244264749848455, 18.026744080010218 ], [ -102.243326766950574, 18.026517374533089 ], [ -102.241837800960255, 18.026215081141562 ], [ -102.23676529931214, 18.025257719220708 ], [ -102.235366677947653, 18.024951589900873 ], [ -102.234881864482546, 18.024794533946391 ], [ -102.234639458132889, 18.024716005555707 ], [ -102.233912240615453, 18.024480418729919 ], [ -102.233233091638525, 18.024113452720233 ], [ -102.231518176707127, 18.022872114523395 ], [ -102.231077499155774, 18.022533952500698 ], [ -102.230963634102054, 18.022421704495219 ], [ -102.230906701629181, 18.022365580474233 ], [ -102.230735904426524, 18.022197208338323 ], [ -102.230688588081279, 18.022054307938248 ], [ -102.230809372090192, 18.021724183743711 ], [ -102.230882628266528, 18.021679518024133 ], [ -102.230993167560356, 18.02174036011554 ], [ -102.231103706936537, 18.021801202153682 ], [ -102.231346277974978, 18.022019702178643 ], [ -102.232257202878628, 18.022917683071224 ], [ -102.232510392787745, 18.023136333932491 ], [ -102.23264570406802, 18.023197529715564 ], [ -102.232690807851355, 18.023217928291597 ], [ -102.232781015452886, 18.023258725416198 ], [ -102.232914428765056, 18.023214919659154 ], [ -102.233266400515973, 18.022888101006902 ], [ -102.233369076851844, 18.02277274359502 ], [ -102.233411471911737, 18.022702238438541 ], [ -102.23343266942797, 18.022666985854926 ], [ -102.233496261921744, 18.022561228082552 ], [ -102.233575278496616, 18.022374420490085 ], [ -102.233816836352844, 18.021714166959988 ], [ -102.233859410807057, 18.021481123361006 ], [ -102.233845118885498, 18.021338695724815 ], [ -102.233837972927034, 18.021267481906797 ], [ -102.233816535060924, 18.021053840453089 ], [ -102.233712709956009, 18.02067647991565 ], [ -102.233271071742919, 18.019342746818339 ], [ -102.233265328334141, 18.018804248215858 ], [ -102.233403605204231, 18.018411161315058 ], [ -102.233472743365695, 18.018214617790985 ], [ -102.233680156755753, 18.017624986924126 ], [ -102.234278505077413, 18.016478823985771 ], [ -102.236655898545493, 18.012309298020266 ], [ -102.237194792539867, 18.011228304463135 ], [ -102.237240632166873, 18.010936610201281 ], [ -102.237263551897584, 18.010790763055688 ], [ -102.237332310758617, 18.010353221560244 ], [ -102.236989878214871, 18.0101840983687 ], [ -102.235254343040253, 18.010269930323172 ], [ -102.23468661723544, 18.010249966879325 ], [ -102.234382000030081, 18.010190304810624 ], [ -102.234229691530004, 18.010160473606557 ], [ -102.233772766440254, 18.010070979315511 ], [ -102.233034992776794, 18.009835245471045 ], [ -102.230505916850689, 18.008914126264486 ], [ -102.229832399838884, 18.00864374499599 ], [ -102.229627726072209, 18.008530197486692 ], [ -102.229525389295389, 18.00847342366372 ], [ -102.229218379391028, 18.008303101921499 ], [ -102.229014722757626, 18.008086851860742 ], [ -102.228678345398961, 18.007418328810356 ], [ -102.228479997823953, 18.007202154389905 ], [ -102.227890753276739, 18.006861862738539 ], [ -102.227247324410087, 18.006591904749907 ], [ -102.224833916950303, 18.00567237709528 ], [ -102.224127684711135, 18.005345636245025 ], [ -102.223808678109563, 18.005126815942624 ], [ -102.224657010883263, 18.005556401319243 ], [ -102.225851069521667, 18.00603235516822 ], [ -102.230219053482855, 18.007643558779332 ], [ -102.231488323207913, 18.008064684118477 ], [ -102.233043546934042, 18.008418778505387 ], [ -102.233996020690768, 18.008503504806363 ], [ -102.236885674359428, 18.008544780796608 ], [ -102.237575389165613, 18.008458117373387 ], [ -102.237904398832228, 18.008012437706409 ], [ -102.237684699082493, 18.007462417983252 ], [ -102.238127473129509, 18.008005462218961 ], [ -102.238839480074617, 18.008418588770308 ], [ -102.239413857051659, 18.00846572447832 ], [ -102.241382273004305, 18.008272553366034 ], [ -102.24199633364546, 18.008157705094177 ], [ -102.242893533050164, 18.007814927310299 ], [ -102.243561184071808, 18.007440092488281 ], [ -102.245779671101644, 18.006033625458915 ], [ -102.246401120946743, 18.005556532784691 ], [ -102.2470827493634, 18.004736583782275 ], [ -102.247435054547452, 18.004042321938925 ], [ -102.248397502435765, 18.001622378961795 ], [ -102.248638734380222, 18.000901137483321 ], [ -102.248802052577915, 17.999955292009144 ], [ -102.248794134112842, 17.999325326164634 ], [ -102.2485938653234, 17.997331331331697 ], [ -102.248490573773978, 17.996689851444451 ], [ -102.248208816050081, 17.995690273402484 ], [ -102.247909598092818, 17.994903784515135 ], [ -102.247709149967875, 17.994423483888589 ], [ -102.247682814202648, 17.994314730614711 ], [ -102.247207344625195, 17.993027949395636 ], [ -102.246785409097157, 17.992212988187649 ], [ -102.24640598757064, 17.991419915707766 ], [ -102.245705061456178, 17.990295856491052 ], [ -102.245509990384832, 17.990043328451254 ], [ -102.245190711193857, 17.989501227185304 ], [ -102.244628328293686, 17.988685596047567 ], [ -102.243580702756532, 17.987556600414372 ], [ -102.243166675584831, 17.987203290057547 ], [ -102.242936390051, 17.98692830415985 ], [ -102.242280723282335, 17.986195998237438 ], [ -102.241377297276387, 17.985353495083178 ], [ -102.240742353934849, 17.984882224977646 ], [ -102.238682725965347, 17.983525458718468 ], [ -102.238083442603582, 17.983151198817158 ], [ -102.237346396842241, 17.982761428237133 ], [ -102.236892756306702, 17.982578873521732 ], [ -102.235512815905778, 17.982116718149594 ], [ -102.235079456918555, 17.981995401981383 ], [ -102.234758253764525, 17.981943410941689 ], [ -102.234437050875826, 17.981891419394262 ], [ -102.232334726896255, 17.981841088072631 ], [ -102.231876026098917, 17.981870092315287 ], [ -102.231353380160471, 17.982028553370903 ], [ -102.231065443374973, 17.982225922565064 ], [ -102.230244380495222, 17.98298851595327 ], [ -102.230030418344541, 17.983207258209823 ], [ -102.229852995126677, 17.983465464605011 ], [ -102.229813495918819, 17.983615588876877 ], [ -102.22981139805772, 17.983749967694745 ], [ -102.229166477852687, 17.984486767352429 ], [ -102.228721386016943, 17.984890140158534 ], [ -102.228174334404855, 17.985024538223932 ], [ -102.227837926371066, 17.984813163363935 ], [ -102.226815081903098, 17.983692348012529 ], [ -102.226417616671753, 17.983312477432943 ], [ -102.225585619512728, 17.982660564005471 ], [ -102.224794520302368, 17.982109127994654 ], [ -102.22193475691202, 17.980187654337392 ], [ -102.221190482922069, 17.979619830485969 ], [ -102.220412187892748, 17.978820354112894 ], [ -102.21979926953891, 17.977965001428888 ], [ -102.218109127850653, 17.975175318943386 ], [ -102.217601245963465, 17.974392580296215 ], [ -102.216921246381503, 17.973529486457096 ], [ -102.216457698749309, 17.973079233878543 ], [ -102.214974485015247, 17.971841144697688 ], [ -102.214546258914538, 17.971508221131391 ], [ -102.214374529906905, 17.971403038072278 ], [ -102.214288665484546, 17.971350446495702 ], [ -102.214031072543222, 17.971192671577878 ], [ -102.213723317105789, 17.971074810324811 ], [ -102.212802312097708, 17.970840338922404 ], [ -102.21253684926954, 17.970733242601987 ], [ -102.212219026486181, 17.970467933394531 ], [ -102.212030456917873, 17.970196016739923 ], [ -102.211468291288838, 17.969192381284245 ], [ -102.211422593697435, 17.968947915590839 ], [ -102.211771500124669, 17.968810711232511 ], [ -102.212315635849507, 17.968859169433635 ], [ -102.213461031751152, 17.969049163033613 ], [ -102.214506037385675, 17.96922249818838 ], [ -102.215382002435177, 17.969433174638716 ], [ -102.217279439708108, 17.970053006749364 ], [ -102.218419297910955, 17.97047224656977 ] ], [ [ -102.248781251694552, 17.981142912090849 ], [ -102.248781588027001, 17.981349481966621 ], [ -102.248885156604814, 17.98212528921076 ], [ -102.248970637936949, 17.982317829428702 ], [ -102.249265982272632, 17.982440542953153 ], [ -102.249602421301233, 17.982423307279056 ], [ -102.250877124442141, 17.982220155509893 ], [ -102.251172131423957, 17.98213629605241 ], [ -102.251274128429699, 17.981948108974048 ], [ -102.251124831897101, 17.981763130098255 ], [ -102.250326121642843, 17.981088080948137 ], [ -102.250091682467072, 17.980917131851349 ], [ -102.249796339756514, 17.980794419835952 ], [ -102.249608860405615, 17.980790066091959 ], [ -102.248883250325491, 17.980954726521482 ], [ -102.248832251039801, 17.981048819316957 ], [ -102.248781251694552, 17.981142912090849 ] ], [ [ -102.252719449047333, 17.983676439013468 ], [ -102.254998376488174, 17.985810515648591 ], [ -102.25575282386545, 17.986566194880226 ], [ -102.256373724050761, 17.987262413143291 ], [ -102.256580691839275, 17.987494485591291 ], [ -102.2569946290064, 17.987958630027681 ], [ -102.258014195203884, 17.989192142612733 ], [ -102.261530455357928, 17.993556077188156 ], [ -102.262483911338251, 17.994605776092325 ], [ -102.262950462309149, 17.994873118426341 ], [ -102.263417014794655, 17.995140459817804 ], [ -102.263796553328589, 17.994854596816278 ], [ -102.264634613847221, 17.992985884198212 ], [ -102.264844569160402, 17.992336977350305 ], [ -102.264891816595281, 17.99195047214091 ], [ -102.264915440189611, 17.991757219516387 ], [ -102.264986310480225, 17.991177461563506 ], [ -102.264978843699851, 17.990169917620225 ], [ -102.264802257188336, 17.986627561744349 ], [ -102.264666167821744, 17.985699474183935 ], [ -102.264513336432387, 17.985436567733061 ], [ -102.264436920892948, 17.985305114482863 ], [ -102.264207674895559, 17.98491075463323 ], [ -102.263688774885409, 17.984712098910737 ], [ -102.261725735796659, 17.984573746942605 ], [ -102.261131132624271, 17.984465446172013 ], [ -102.260860539852004, 17.984343099305807 ], [ -102.26072524362219, 17.984281925749169 ], [ -102.260319355558039, 17.984098404585122 ], [ -102.257929048181111, 17.982107857397562 ], [ -102.257390439262977, 17.981697261866788 ], [ -102.256702143298213, 17.981355659241494 ], [ -102.256257470530684, 17.981278251198606 ], [ -102.254870626218064, 17.981258611557337 ], [ -102.254450917809095, 17.981283142883882 ], [ -102.25387912142088, 17.98141726695987 ], [ -102.253481977277787, 17.981584341462394 ], [ -102.252893512552376, 17.981880769658652 ], [ -102.252200429595902, 17.982229893554909 ], [ -102.251971606507198, 17.982495861296144 ], [ -102.252185318941386, 17.983091497892179 ], [ -102.252719449047333, 17.983676439013468 ] ] ] ] } },
{ "type": "Feature", "properties": { "fid": 63.0, "cat": 63, "VULNERABIL": 3.0, "CLAVE_ACUI": "1617", "NOM_ACUIF": "LAZARO CARDENAS" }, "geometry": { "type": "MultiPolygon", "coordinates": [ [ [ [ -102.229329552563556, 17.984543279530161 ], [ -102.229727272393021, 17.984454150701602 ], [ -102.22998178325436, 17.984698214373996 ], [ -102.230771787122507, 17.985926306400625 ], [ -102.230976558435017, 17.986296643381166 ], [ -102.231142148306347, 17.986796791710912 ], [ -102.231173933316853, 17.987140952440768 ], [ -102.231156672287895, 17.988246887453393 ], [ -102.231193684817029, 17.988596202295799 ], [ -102.231320343033317, 17.988945669615187 ], [ -102.231383672295081, 17.989120403265112 ], [ -102.231618071231722, 17.989519946817385 ], [ -102.232670996216015, 17.991060507242839 ], [ -102.23282004008297, 17.991260733485749 ], [ -102.233144831179544, 17.991613030587583 ], [ -102.233307227203696, 17.991789178995628 ], [ -102.233705121669288, 17.992143648319793 ], [ -102.235074784454866, 17.993269388987947 ], [ -102.235398545078084, 17.99361263844737 ], [ -102.23549268479789, 17.993930034884599 ], [ -102.235539754755223, 17.99408873309978 ], [ -102.23541772072528, 17.994425619055157 ], [ -102.234640687301308, 17.995690023250738 ], [ -102.234574361619721, 17.995858389962713 ], [ -102.234620198972479, 17.996096083853011 ], [ -102.234666036402572, 17.996333777744017 ], [ -102.23492965292121, 17.996676169627015 ], [ -102.236068197097708, 17.997798607682061 ], [ -102.236363028412754, 17.998182079067856 ], [ -102.236521246552243, 17.998626811060571 ], [ -102.236600355865164, 17.998849177042086 ], [ -102.236644562742512, 17.999418703007589 ], [ -102.236613530727766, 18.00140939264703 ], [ -102.23658359269858, 18.001967701433696 ], [ -102.236511141486204, 18.002377535805202 ], [ -102.236474915702999, 18.002582452957977 ], [ -102.236349600815473, 18.002902360555201 ], [ -102.235873472492671, 18.00378051012774 ], [ -102.235811764958228, 18.004106404751486 ], [ -102.235937207255034, 18.00453486684026 ], [ -102.235999928578082, 18.004749097878758 ], [ -102.236330443251774, 18.005341336092769 ], [ -102.237684699082493, 18.007462417983252 ], [ -102.237904398832228, 18.008012437706409 ], [ -102.237575389165613, 18.008458117373387 ], [ -102.236885674359428, 18.008544780796608 ], [ -102.233996020690768, 18.008503504806363 ], [ -102.233043546934042, 18.008418778505387 ], [ -102.231488323207913, 18.008064684118477 ], [ -102.230219053482855, 18.007643558779332 ], [ -102.225851069521667, 18.00603235516822 ], [ -102.224657010883263, 18.005556401319243 ], [ -102.223808678109563, 18.005126815942624 ], [ -102.223245328045564, 18.00474038756629 ], [ -102.222691051153888, 18.004202488363433 ], [ -102.220986800262025, 18.002297536443322 ], [ -102.220460666673674, 18.001658449217505 ], [ -102.220290535438536, 18.001414383500101 ], [ -102.219849894631423, 18.000699839016139 ], [ -102.217597321136935, 17.996906501059197 ], [ -102.217011685019671, 17.995888987440029 ], [ -102.216531239137097, 17.994933936881342 ], [ -102.216430519045289, 17.994587093356873 ], [ -102.216440934772208, 17.993923541115034 ], [ -102.216470578454491, 17.993725872437231 ], [ -102.216513218992958, 17.993639571905348 ], [ -102.216534539244776, 17.993596421633502 ], [ -102.216598499930583, 17.993466970794312 ], [ -102.216751601038908, 17.9932947798569 ], [ -102.21733814947433, 17.992750122482214 ], [ -102.217554614169103, 17.992599158477592 ], [ -102.217695821550379, 17.992545878410546 ], [ -102.217766425214023, 17.992519238333916 ], [ -102.217978236097039, 17.992439317931591 ], [ -102.218366945690406, 17.992361937845722 ], [ -102.219757301224263, 17.99216066562029 ], [ -102.220215398477109, 17.992058880782917 ], [ -102.220464542526543, 17.991967641373154 ], [ -102.220589114470314, 17.991922021534499 ], [ -102.220962829977864, 17.991785161483481 ], [ -102.221572490820378, 17.991495917863467 ], [ -102.22367013042269, 17.9904198195653 ], [ -102.224275191372158, 17.990084785910156 ], [ -102.224517188416371, 17.989922326907454 ], [ -102.224638186780595, 17.989841097268982 ], [ -102.225001181241794, 17.989597407805064 ], [ -102.225433248994761, 17.989236187872425 ], [ -102.22672356705246, 17.988037868207304 ], [ -102.227108262672473, 17.987650568499912 ], [ -102.227613199216648, 17.987041495171486 ], [ -102.227949841305033, 17.986558690252203 ], [ -102.229015890492434, 17.98491466971344 ], [ -102.229329552563556, 17.984543279530161 ] ] ] ] } },
{ "type": "Feature", "properties": { "fid": 64.0, "cat": 66, "VULNERABIL": 4.0, "CLAVE_ACUI": "1617", "NOM_ACUIF": "LAZARO CARDENAS" }, "geometry": { "type": "MultiPolygon", "coordinates": [ [ [ [ -102.232477788073325, 17.98658391551179 ], [ -102.232532546387375, 17.986589777101926 ], [ -102.23255694205551, 17.986613829488217 ], [ -102.232537034685137, 17.986642328460146 ], [ -102.232419737864063, 17.986751271221777 ], [ -102.232383989086557, 17.986774464470923 ], [ -102.232334458367887, 17.986773756920034 ], [ -102.232299448991853, 17.986749552886319 ], [ -102.232185602708213, 17.986637308258089 ], [ -102.232166593177823, 17.986608253367269 ], [ -102.232191728228386, 17.98658490853186 ], [ -102.232246644968626, 17.986580613645199 ], [ -102.232477788073325, 17.98658391551179 ] ] ] ] } },
{ "type": "Feature", "properties": { "fid": 65.0, "cat": 64, "VULNERABIL": 2.0, "CLAVE_ACUI": "1617", "NOM_ACUIF": "LAZARO CARDENAS" }, "geometry": { "type": "MultiPolygon", "coordinates": [ [ [ [ -102.234574361619721, 17.995858389962713 ], [ -102.234640687301308, 17.995690023250738 ], [ -102.23541772072528, 17.994425619055157 ], [ -102.235539754755223, 17.99408873309978 ], [ -102.23549268479789, 17.993930034884599 ], [ -102.235469149843581, 17.993850685776152 ], [ -102.235398545078084, 17.99361263844737 ], [ -102.235074784454866, 17.993269388987947 ], [ -102.233705121669288, 17.992143648319793 ], [ -102.233307227203696, 17.991789178995628 ], [ -102.233144831179544, 17.991613030587583 ], [ -102.233063633286434, 17.991524956347842 ], [ -102.23282004008297, 17.991260733485749 ], [ -102.232670996216015, 17.991060507242839 ], [ -102.231618071231722, 17.989519946817385 ], [ -102.231383672295081, 17.989120403265112 ], [ -102.231320343033317, 17.988945669615187 ], [ -102.231288678440862, 17.988858302787776 ], [ -102.231193684817029, 17.988596202295799 ], [ -102.231156672287895, 17.988246887453393 ], [ -102.231173933316853, 17.987140952440768 ], [ -102.231147375908165, 17.986801945826677 ], [ -102.231006181413449, 17.986325850047383 ], [ -102.230831032906565, 17.985984719768407 ], [ -102.230154872097742, 17.984868873458712 ], [ -102.229979250694171, 17.984558212400461 ], [ -102.229835840484469, 17.984224307878304 ], [ -102.229806589712624, 17.984057962548459 ], [ -102.22981139805772, 17.983749967694745 ], [ -102.229813495918819, 17.983615588876877 ], [ -102.229852995126677, 17.983465464605011 ], [ -102.230030418344541, 17.983207258209823 ], [ -102.230244380495222, 17.98298851595327 ], [ -102.231065443374973, 17.982225922565064 ], [ -102.231353380160471, 17.982028553370903 ], [ -102.231876026098917, 17.981870092315287 ], [ -102.232334726896255, 17.981841088072631 ], [ -102.234437050875826, 17.981891419394262 ], [ -102.234758253764525, 17.981943410941689 ], [ -102.235079456918555, 17.981995401981383 ], [ -102.235512815905778, 17.982116718149594 ], [ -102.236892756306702, 17.982578873521732 ], [ -102.237346396842241, 17.982761428237133 ], [ -102.238083442603582, 17.983151198817158 ], [ -102.238682725965347, 17.983525458718468 ], [ -102.240742353934849, 17.984882224977646 ], [ -102.241377297276387, 17.985353495083178 ], [ -102.242280723282335, 17.986195998237438 ], [ -102.242936390051, 17.98692830415985 ], [ -102.243166675584831, 17.98720329005755 ], [ -102.243580702756532, 17.987556600414372 ], [ -102.244628328293686, 17.988685596047567 ], [ -102.245190711193857, 17.989501227185304 ], [ -102.245509990384832, 17.990043328451254 ], [ -102.245092773917122, 17.989503220734047 ], [ -102.245705061456178, 17.990295856491052 ], [ -102.24640598757064, 17.991419915707766 ], [ -102.246785409097157, 17.992212988187649 ], [ -102.247207344625195, 17.993027949395636 ], [ -102.247682814202648, 17.994314730614711 ], [ -102.247709149967875, 17.994423483888582 ], [ -102.247909598092818, 17.994903784515135 ], [ -102.248208816050081, 17.995690273402484 ], [ -102.248490573773978, 17.996689851444451 ], [ -102.2485938653234, 17.997331331331697 ], [ -102.248794134112842, 17.999325326164634 ], [ -102.248802052577915, 17.999955292009144 ], [ -102.248638734380222, 18.000901137483321 ], [ -102.248397502435765, 18.001622378961795 ], [ -102.247435054547452, 18.004042321938925 ], [ -102.2470827493634, 18.004736583782275 ], [ -102.246401120946743, 18.005556532784691 ], [ -102.245779671101644, 18.006033625458915 ], [ -102.243561184071808, 18.007440092488281 ], [ -102.242893533050164, 18.007814927310299 ], [ -102.24199633364546, 18.008157705094177 ], [ -102.241382273004305, 18.008272553366034 ], [ -102.239413857051659, 18.00846572447832 ], [ -102.238839480074617, 18.008418588770308 ], [ -102.238127473129509, 18.008005462218961 ], [ -102.237684699082493, 18.007462417983252 ], [ -102.236330443251774, 18.005341336092769 ], [ -102.235999928578082, 18.004749097878758 ], [ -102.235937207255034, 18.00453486684026 ], [ -102.235905846637181, 18.00442775131954 ], [ -102.235811764958228, 18.004106404751486 ], [ -102.235873472492671, 18.00378051012774 ], [ -102.236349600815473, 18.002902360555201 ], [ -102.236474915702999, 18.002582452957977 ], [ -102.236511141486204, 18.002377535805202 ], [ -102.236529254333561, 18.00227507722057 ], [ -102.23658359269858, 18.001967701433696 ], [ -102.236613530727766, 18.00140939264703 ], [ -102.236644562742512, 17.999418703007589 ], [ -102.236600355865164, 17.998849177042086 ], [ -102.236521246552243, 17.998626811060571 ], [ -102.236481691956584, 17.998515628066102 ], [ -102.236363028412754, 17.998182079067856 ], [ -102.236068197097708, 17.997798607682061 ], [ -102.23492965292121, 17.996676169627015 ], [ -102.234666036402572, 17.996333777744017 ], [ -102.234620198972479, 17.996096083853011 ], [ -102.234574361619721, 17.995858389962713 ] ], [ [ -102.23255694205551, 17.986613829488217 ], [ -102.232532546387375, 17.986589777101926 ], [ -102.232477788073325, 17.98658391551179 ], [ -102.232362216514773, 17.986582264612867 ], [ -102.232246644968626, 17.986580613645199 ], [ -102.232191728228386, 17.98658490853186 ], [ -102.232166593177823, 17.986608253367269 ], [ -102.232185602708213, 17.986637308258089 ], [ -102.232299448991853, 17.986749552886319 ], [ -102.232334458367887, 17.986773756920034 ], [ -102.232383989086557, 17.986774464470923 ], [ -102.232419737864063, 17.986751271221777 ], [ -102.232537034685137, 17.986642328460146 ], [ -102.23255694205551, 17.986613829488217 ] ] ] ] } },
{ "type": "Feature", "properties": { "fid": 66.0, "cat": 65, "VULNERABIL": 5.0, "CLAVE_ACUI": "1617", "NOM_ACUIF": "LAZARO CARDENAS" }, "geometry": { "type": "MultiPolygon", "coordinates": [ [ [ [ -102.252185318941386, 17.983091497892179 ], [ -102.251971606507198, 17.982495861296144 ], [ -102.252200429595902, 17.982229893554909 ], [ -102.253481977277787, 17.981584341462394 ], [ -102.25387912142088, 17.98141726695987 ], [ -102.254450917809095, 17.981283142883882 ], [ -102.254870626218064, 17.981258611557337 ], [ -102.256257470530684, 17.981278251198606 ], [ -102.256702143298213, 17.981355659241494 ], [ -102.257390439262977, 17.981697261866788 ], [ -102.257929048181111, 17.982107857397562 ], [ -102.260319355558039, 17.984098404585122 ], [ -102.260860539852004, 17.984343099305807 ], [ -102.261131132624271, 17.984465446172013 ], [ -102.261725735796659, 17.984573746942605 ], [ -102.263688774885409, 17.984712098910737 ], [ -102.264207674895559, 17.98491075463323 ], [ -102.264513336432387, 17.985436567733061 ], [ -102.264666167821744, 17.985699474183935 ], [ -102.264802257188336, 17.986627561744349 ], [ -102.264978843699851, 17.990169917620225 ], [ -102.264986310480225, 17.991177461563506 ], [ -102.264891816595281, 17.99195047214091 ], [ -102.264844569160402, 17.992336977350305 ], [ -102.264634613847221, 17.992985884198212 ], [ -102.263796553328589, 17.994854596816278 ], [ -102.263417014794655, 17.995140459817804 ], [ -102.262950462309149, 17.994873118426341 ], [ -102.262483911338251, 17.994605776092325 ], [ -102.261530455357928, 17.993556077188156 ], [ -102.258014195203884, 17.989192142612733 ], [ -102.2569946290064, 17.987958630027681 ], [ -102.256580691839275, 17.987494485591291 ], [ -102.256373724050761, 17.987262413143291 ], [ -102.25575282386545, 17.986566194880226 ], [ -102.254998376488174, 17.985810515648591 ], [ -102.252719449047333, 17.983676439013468 ], [ -102.252185318941386, 17.983091497892179 ] ] ] ] } },
{ "type": "Feature", "properties": { "fid": 67.0, "cat": 67, "VULNERABIL": 3.0, "CLAVE_ACUI": "1617", "NOM_ACUIF": "LAZARO CARDENAS" }, "geometry": { "type": "MultiPolygon", "coordinates": [ [ [ [ -102.249608860405615, 17.980790066091959 ], [ -102.249796339756514, 17.980794419835952 ], [ -102.250091682467072, 17.980917131851349 ], [ -102.250326121642843, 17.981088080948137 ], [ -102.251124831897101, 17.981763130098255 ], [ -102.251274128429699, 17.981948108974048 ], [ -102.251172131423957, 17.98213629605241 ], [ -102.250877124442141, 17.982220155509893 ], [ -102.249602421301233, 17.982423307279056 ], [ -102.249265982272632, 17.982440542953153 ], [ -102.248970637936949, 17.982317829428702 ], [ -102.248885156604814, 17.98212528921076 ], [ -102.248781588027001, 17.981349481966621 ], [ -102.248781251694552, 17.981142912090849 ], [ -102.248832251039801, 17.981048819316957 ], [ -102.248883250325491, 17.980954726521482 ], [ -102.249608860405615, 17.980790066091959 ] ] ] ] } },
{ "type": "Feature", "properties": { "fid": 68.0, "cat": 68, "VULNERABIL": 4.0, "CLAVE_ACUI": "1617", "NOM_ACUIF": "LAZARO CARDENAS" }, "geometry": { "type": "MultiPolygon", "coordinates": [ [ [ [ -102.273389871880269, 17.976789292052455 ], [ -102.272482780178251, 17.975946870148316 ], [ -102.271002490648499, 17.974487959556896 ], [ -102.269522225377557, 17.973029040723691 ], [ -102.268509195787985, 17.97217495338645 ], [ -102.267114044570818, 17.971331767371737 ], [ -102.266742234043406, 17.971107053800086 ], [ -102.265231035008995, 17.97043556499505 ], [ -102.25994580628732, 17.968369780520064 ], [ -102.25810550843768, 17.967703750494625 ], [ -102.254802623101625, 17.96666144150986 ], [ -102.251924527289006, 17.965838438673714 ], [ -102.243415587134407, 17.963487236742342 ], [ -102.242773852567524, 17.963292997384787 ], [ -102.238777344027113, 17.961930728355664 ], [ -102.234129567123233, 17.959840849498534 ], [ -102.233312666477133, 17.959349834900483 ], [ -102.22713834098613, 17.955058193514592 ], [ -102.225426483136317, 17.953889165132924 ], [ -102.22361196426246, 17.952725428042669 ], [ -102.222731636679413, 17.952231982357826 ], [ -102.221991781296921, 17.951864581713117 ], [ -102.219910693483072, 17.950383895888766 ], [ -102.218029016198074, 17.948768781686788 ], [ -102.217630995581743, 17.948090905962239 ], [ -102.217655220732709, 17.946542608333129 ], [ -102.217812622399791, 17.945979360546104 ], [ -102.218049394038658, 17.945619296232476 ], [ -102.218167779473333, 17.945439263913446 ], [ -102.218522934238351, 17.944899166307529 ], [ -102.219380256582582, 17.943919275318464 ], [ -102.222670708228307, 17.940426601962063 ], [ -102.22352798516053, 17.939446686144223 ], [ -102.223764735570612, 17.939086611857913 ], [ -102.223883110391085, 17.938906574552689 ], [ -102.224238233314409, 17.938366461988824 ], [ -102.224395603786519, 17.937803204588597 ], [ -102.224419755293212, 17.936254896402293 ], [ -102.224405768486875, 17.935790777721351 ], [ -102.224375961251354, 17.935584918114611 ], [ -102.224361057646391, 17.935481988311636 ], [ -102.224316346882659, 17.935173198904252 ], [ -102.2242025889704, 17.934755062133277 ], [ -102.223761143336702, 17.933421335856512 ], [ -102.223620148230438, 17.933048524304816 ], [ -102.223403614034567, 17.932642463423701 ], [ -102.223235274480459, 17.932435187949547 ], [ -102.222666225724453, 17.931873962626248 ], [ -102.222423456794587, 17.931675781274951 ], [ -102.221859583187438, 17.931312160213597 ], [ -102.221550916709376, 17.93113594468695 ], [ -102.221201100227645, 17.930890746778651 ], [ -102.220488688224719, 17.93052499756433 ], [ -102.220365902284485, 17.930478249135753 ], [ -102.219234480031318, 17.929855194044666 ], [ -102.218666024925781, 17.929559224699805 ], [ -102.218075557977542, 17.929313732552611 ], [ -102.217800487304544, 17.929258999719778 ], [ -102.21710729026168, 17.929249071441582 ], [ -102.216888823353898, 17.929203981859843 ], [ -102.216514926451424, 17.929012013379008 ], [ -102.216093279265806, 17.928716447471668 ], [ -102.214837995398, 17.927702899364007 ], [ -102.214397450600146, 17.926961863625543 ], [ -102.214078240909899, 17.926229929840872 ], [ -102.213779093827668, 17.925166821660845 ], [ -102.213498267801327, 17.923633892151823 ], [ -102.213171327194146, 17.921700329254307 ], [ -102.212847017344401, 17.919922187383492 ], [ -102.212528437932647, 17.918336564757254 ], [ -102.218128537179439, 17.922490546619329 ], [ -102.22816089765297, 17.926685902504872 ], [ -102.229412037309885, 17.927209059340239 ], [ -102.23729399235674, 17.933600244845046 ], [ -102.24922733528868, 17.942276555197438 ], [ -102.253567349084776, 17.945530137894167 ], [ -102.261548368640931, 17.949602031825499 ], [ -102.268697263878323, 17.952636454592284 ], [ -102.274027086182045, 17.95486883608536 ], [ -102.277798591940083, 17.956495702796389 ], [ -102.286159635305765, 17.959517935039031 ], [ -102.29350095365038, 17.962123072359674 ], [ -102.296402365223969, 17.963323199008361 ], [ -102.295081932978306, 17.970330832984516 ], [ -102.294786605673565, 17.971898157367544 ], [ -102.293787413724147, 17.971359706169018 ], [ -102.292871723583204, 17.970988247715546 ], [ -102.291709749013293, 17.970642356506804 ], [ -102.290318012664841, 17.970026957675344 ], [ -102.289589832949886, 17.969745867764154 ], [ -102.288258358176975, 17.969347974521796 ], [ -102.28708443288447, 17.969060641963491 ], [ -102.282937619456845, 17.968117604632234 ], [ -102.281700503470404, 17.967798878450427 ], [ -102.280174320110333, 17.967288116648774 ], [ -102.278987739174028, 17.966795713895191 ], [ -102.275544596087016, 17.965198670140683 ], [ -102.274575177083747, 17.96473127551792 ], [ -102.274214893101231, 17.964536575419984 ], [ -102.274111954978025, 17.964480946716343 ], [ -102.274034751431572, 17.964439225158213 ], [ -102.273494327709074, 17.964147173521713 ], [ -102.272919673523432, 17.963780139091483 ], [ -102.271318811583541, 17.962651410404892 ], [ -102.270764924391216, 17.962315140099861 ], [ -102.270436938935347, 17.962168297603622 ], [ -102.270343228916488, 17.962126342515749 ], [ -102.270272946434844, 17.962094876173886 ], [ -102.269780969843083, 17.961874611158219 ], [ -102.265938296560833, 17.960654452337927 ], [ -102.265034112791668, 17.960320003007578 ], [ -102.264624568699432, 17.960108789834067 ], [ -102.264507556297289, 17.960048443077419 ], [ -102.264419797052753, 17.960003182970372 ], [ -102.26380548371057, 17.959686361271615 ], [ -102.258490413755439, 17.956059051332119 ], [ -102.257944418904245, 17.955902337126197 ], [ -102.257672616011916, 17.955861246116047 ], [ -102.257412417965853, 17.955755978310179 ], [ -102.255788436399314, 17.955296179999966 ], [ -102.253497320832452, 17.954735496603831 ], [ -102.251996991954172, 17.954136321882128 ], [ -102.25130908498204, 17.953891229306464 ], [ -102.25039622107316, 17.953664958274178 ], [ -102.249780035571135, 17.953586806776283 ], [ -102.247817368998341, 17.953448361423153 ], [ -102.247358477282617, 17.953494340595793 ], [ -102.247179645067121, 17.953847367072882 ], [ -102.247383063026859, 17.954305712313484 ], [ -102.248511192292071, 17.956091628163371 ], [ -102.251193140398385, 17.958490474428732 ], [ -102.252647127075107, 17.958961451360299 ], [ -102.254192399754032, 17.959364290526963 ], [ -102.261531345520325, 17.96123231138985 ], [ -102.263154714493041, 17.961966355439163 ], [ -102.263892213204414, 17.962555825831334 ], [ -102.265710520360528, 17.964572643594973 ], [ -102.266225796266525, 17.965118337966484 ], [ -102.266518941478097, 17.965383219318735 ], [ -102.266812087572106, 17.965648100338719 ], [ -102.267134368705669, 17.965859209810191 ], [ -102.268052057024306, 17.966314623511895 ], [ -102.26851293267822, 17.966487046959156 ], [ -102.269129464527424, 17.966661661331308 ], [ -102.269745997853136, 17.966836273901233 ], [ -102.271046648083797, 17.967162740031778 ], [ -102.275883329335215, 17.968336957883071 ], [ -102.277189080454647, 17.968678695692038 ], [ -102.277817469228765, 17.96888900777078 ], [ -102.278445859754825, 17.969099318006112 ], [ -102.27893550366899, 17.969358475241936 ], [ -102.279963730772749, 17.970147255232941 ], [ -102.280277873856662, 17.970429345572278 ], [ -102.280496758420981, 17.970693167552497 ], [ -102.280715643615309, 17.970956989366098 ], [ -102.281026886357466, 17.971428675946552 ], [ -102.282041591897425, 17.973102234771364 ], [ -102.282485897334638, 17.973550387258715 ], [ -102.283015252917977, 17.97375929698028 ], [ -102.283544609923922, 17.973968205417282 ], [ -102.284612751386348, 17.974116931833571 ], [ -102.288538709935295, 17.974393126058096 ], [ -102.289650944176188, 17.974435770243584 ], [ -102.29007242867813, 17.974410055916994 ], [ -102.290192852823523, 17.974402708795001 ], [ -102.290283170933137, 17.97439719840348 ], [ -102.290915397714286, 17.974358624462067 ], [ -102.291609523700814, 17.974205775135161 ], [ -102.293584317682246, 17.973569615763289 ], [ -102.2940640029543, 17.973555992936099 ], [ -102.294474752202504, 17.973553187367482 ], [ -102.293198077079609, 17.980328598977675 ], [ -102.292193213990529, 17.979862467019959 ], [ -102.290462997356912, 17.979617040781939 ], [ -102.289980482410684, 17.979583203393563 ], [ -102.289719720340614, 17.979626966845977 ], [ -102.289458958191332, 17.979670729929772 ], [ -102.28919643786034, 17.979829605870716 ], [ -102.28849286425536, 17.980483499290891 ], [ -102.288203186530424, 17.980682630515336 ], [ -102.287879059896483, 17.980820323890384 ], [ -102.287554932822417, 17.980958016653744 ], [ -102.286918533395735, 17.981152292704095 ], [ -102.284596916406372, 17.981783511350091 ], [ -102.283876689026897, 17.981905487757714 ], [ -102.282837253620045, 17.981843507287046 ], [ -102.282072575683969, 17.981632987376528 ], [ -102.279543531575314, 17.980712526949294 ], [ -102.278974119222156, 17.980465735481708 ], [ -102.278550814862157, 17.98021998092181 ], [ -102.276401418831327, 17.978912190760422 ], [ -102.275573111127557, 17.978408199967383 ], [ -102.274662361833748, 17.977802780915436 ], [ -102.273389871880269, 17.976789292052455 ] ] ] ] } },
{ "type": "Feature", "properties": { "fid": 69.0, "cat": 69, "VULNERABIL": 5.0, "CLAVE_ACUI": "1617", "NOM_ACUIF": "LAZARO CARDENAS" }, "geometry": { "type": "MultiPolygon", "coordinates": [ [ [ [ -102.269129464527424, 17.966661661331308 ], [ -102.268512932678235, 17.966487046959156 ], [ -102.268052057024306, 17.966314623511895 ], [ -102.267134368705669, 17.965859209810191 ], [ -102.266812087572106, 17.965648100338719 ], [ -102.266518941478097, 17.965383219318735 ], [ -102.266225796266525, 17.965118337966484 ], [ -102.265710520360528, 17.964572643594973 ], [ -102.263892213204414, 17.962555825831334 ], [ -102.263154714493041, 17.961966355439163 ], [ -102.261531345520325, 17.96123231138985 ], [ -102.254192399754032, 17.959364290526963 ], [ -102.252647127075107, 17.958961451360299 ], [ -102.251193140398385, 17.958490474428732 ], [ -102.248511192292071, 17.956091628163371 ], [ -102.247383063026859, 17.954305712313484 ], [ -102.247179645067121, 17.953847367072882 ], [ -102.247358477282617, 17.953494340595793 ], [ -102.247817368998341, 17.953448361423153 ], [ -102.249780035571135, 17.953586806776283 ], [ -102.25039622107316, 17.953664958274178 ], [ -102.25130908498204, 17.953891229306464 ], [ -102.251996991954172, 17.954136321882128 ], [ -102.253497320832452, 17.954735496603831 ], [ -102.255788436399314, 17.955296179999966 ], [ -102.257412417965853, 17.955755978310179 ], [ -102.257672616011916, 17.955861246116047 ], [ -102.257944418904245, 17.955902337126197 ], [ -102.258490413755439, 17.956059051332119 ], [ -102.26380548371057, 17.959686361271615 ], [ -102.264624568699432, 17.960108789834067 ], [ -102.265034112791668, 17.960320003007578 ], [ -102.265938296560833, 17.960654452337927 ], [ -102.269780969843083, 17.961874611158219 ], [ -102.270436938935347, 17.962168297603622 ], [ -102.270764924391216, 17.962315140099861 ], [ -102.271318811583541, 17.962651410404892 ], [ -102.272919673523432, 17.963780139091483 ], [ -102.273494327709074, 17.964147173521713 ], [ -102.274214893101231, 17.964536575419984 ], [ -102.274575177083747, 17.96473127551792 ], [ -102.275544596087016, 17.965198670140683 ], [ -102.278987739174028, 17.966795713895191 ], [ -102.280195509123345, 17.967296909496838 ], [ -102.280174320110333, 17.967288116648774 ], [ -102.281700503470404, 17.967798878450427 ], [ -102.282937619456845, 17.968117604632234 ], [ -102.28708443288447, 17.969060641963491 ], [ -102.288258358176975, 17.969347974521796 ], [ -102.289589832949886, 17.969745867764154 ], [ -102.290318012664841, 17.970026957675344 ], [ -102.291709749013293, 17.970642356506804 ], [ -102.292871723583204, 17.970988247715546 ], [ -102.293787413724147, 17.971359706169018 ], [ -102.294786605673565, 17.971898157367544 ], [ -102.294491797772451, 17.97346800226601 ], [ -102.294474752202504, 17.973553187367482 ], [ -102.2940640029543, 17.973555992936099 ], [ -102.293584317682246, 17.973569615763289 ], [ -102.291609523700814, 17.974205775135161 ], [ -102.290915397714272, 17.974358624462067 ], [ -102.29007242867813, 17.974410055916994 ], [ -102.289650944176188, 17.974435770243584 ], [ -102.288538709935295, 17.974393126058096 ], [ -102.284612751386348, 17.974116931833571 ], [ -102.283544609923922, 17.973968205417282 ], [ -102.283015252917977, 17.97375929698028 ], [ -102.282485897334652, 17.973550387258715 ], [ -102.282041591897425, 17.973102234771364 ], [ -102.281026886357466, 17.971428675946552 ], [ -102.280715643615309, 17.970956989366098 ], [ -102.280496758420981, 17.970693167552497 ], [ -102.280277873856662, 17.970429345572281 ], [ -102.279963730772749, 17.970147255232941 ], [ -102.27893550366899, 17.969358475241936 ], [ -102.278445859754825, 17.969099318006112 ], [ -102.277817469228765, 17.96888900777078 ], [ -102.277189080454647, 17.968678695692038 ], [ -102.275883329335215, 17.968336957883071 ], [ -102.271046648083797, 17.967162740031778 ], [ -102.269745997853136, 17.966836273901233 ], [ -102.269129464527424, 17.966661661331308 ] ] ] ] } },
{ "type": "Feature", "properties": { "fid": 70.0, "cat": 70, "VULNERABIL": 5.0, "CLAVE_ACUI": "1617", "NOM_ACUIF": "LAZARO CARDENAS" }, "geometry": { "type": "MultiPolygon", "coordinates": [ ] } },
{ "type": "Feature", "properties": { "fid": 71.0, "cat": 71, "VULNERABIL": 5.0, "CLAVE_ACUI": "1617", "NOM_ACUIF": "LAZARO CARDENAS" }, "geometry": { "type": "MultiPolygon", "coordinates": [ ] } },
{ "type": "Feature", "properties": { "fid": 72.0, "cat": 72, "VULNERABIL": 5.0, "CLAVE_ACUI": "1617", "NOM_ACUIF": "LAZARO CARDENAS" }, "geometry": { "type": "MultiPolygon", "coordinates": [ ] } },
{ "type": "Feature", "properties": { "fid": 73.0, "cat": 73, "VULNERABIL": 4.0, "CLAVE_ACUI": "1617", "NOM_ACUIF": "LAZARO CARDENAS" }, "geometry": { "type": "MultiPolygon", "coordinates": [ [ [ [ -102.135579676685154, 17.94646464443283 ], [ -102.134846215734342, 17.946042732345127 ], [ -102.133928859441326, 17.945515037301082 ], [ -102.135119064214436, 17.943144321730149 ], [ -102.135389285915778, 17.942402578970988 ], [ -102.13598395989554, 17.942385294023268 ], [ -102.136976396679458, 17.942851431353542 ], [ -102.136662231120766, 17.944201293220384 ], [ -102.137361438154741, 17.944717284214001 ], [ -102.136399123515531, 17.945895045815611 ], [ -102.135579676685154, 17.94646464443283 ] ] ] ] } },
{ "type": "Feature", "properties": { "fid": 74.0, "cat": 74, "VULNERABIL": 5.0, "CLAVE_ACUI": "1617", "NOM_ACUIF": "LAZARO CARDENAS" }, "geometry": { "type": "MultiPolygon", "coordinates": [ ] } },
{ "type": "Feature", "properties": { "fid": 75.0, "cat": 75, "VULNERABIL": 5.0, "CLAVE_ACUI": "1617", "NOM_ACUIF": "LAZARO CARDENAS" }, "geometry": { "type": "MultiPolygon", "coordinates": [ ] } },
{ "type": "Feature", "properties": { "fid": 76.0, "cat": 76, "VULNERABIL": 4.0, "CLAVE_ACUI": "1617", "NOM_ACUIF": "LAZARO CARDENAS" }, "geometry": { "type": "MultiPolygon", "coordinates": [ ] } },
{ "type": "Feature", "properties": { "fid": 44.0, "cat": 44, "VULNERABIL": 2.0, "CLAVE_ACUI": "1617", "NOM_ACUIF": "LAZARO CARDENAS" }, "geometry": { "type": "MultiPolygon", "coordinates": [ [ [ [ -102.200237538822023, 18.130774897161459 ], [ -102.200119989829318, 18.130595061898671 ], [ -102.200054300783904, 18.130494565704083 ], [ -102.199418196046835, 18.129963839897961 ], [ -102.198692716106635, 18.129485989830389 ], [ -102.196795687902636, 18.128313551752303 ], [ -102.197024306663309, 18.127936565805811 ], [ -102.195959796126076, 18.127801430439298 ], [ -102.195282602702846, 18.127243783492982 ], [ -102.195115724319251, 18.126826548038764 ], [ -102.194948846601946, 18.126409312531944 ], [ -102.19513272426353, 18.125760158794701 ], [ -102.196324554607088, 18.123565238554889 ], [ -102.196592910078593, 18.122947788143151 ], [ -102.196623167464068, 18.122604534223374 ], [ -102.196653424631975, 18.122261280271967 ], [ -102.196471520918806, 18.121898005650856 ], [ -102.195562129102342, 18.120889230230393 ], [ -102.195362678306765, 18.120627283877013 ], [ -102.19534129354895, 18.120413644785099 ], [ -102.19551019415529, 18.120370392412031 ], [ -102.196319782109413, 18.120382185034913 ], [ -102.196546129785759, 18.120400719146055 ], [ -102.19666948024441, 18.120438070072961 ], [ -102.1967928307661, 18.120475420927747 ], [ -102.196918913099935, 18.120563603812393 ], [ -102.197260596982687, 18.120900422067706 ], [ -102.197315537877884, 18.121119629023841 ], [ -102.197272890773576, 18.121462702896434 ], [ -102.197230243404249, 18.121805776726124 ], [ -102.197053451478425, 18.122566780413781 ], [ -102.196313698988376, 18.125431979176934 ], [ -102.196215589455221, 18.126255077920316 ], [ -102.19649751752722, 18.127231010763499 ], [ -102.196595136337493, 18.127342316263345 ], [ -102.197844319199959, 18.128128204718745 ], [ -102.198219231307391, 18.128380853033971 ], [ -102.198708883516105, 18.128767231215296 ], [ -102.199033474545772, 18.129066551887405 ], [ -102.200058586260624, 18.130077001695632 ], [ -102.200227845349417, 18.130263511112684 ], [ -102.200227845516466, 18.130263511308957 ], [ -102.200283102295856, 18.130324399554929 ], [ -102.200339637572498, 18.130392523792896 ], [ -102.200432919679898, 18.130500202914604 ], [ -102.200514514711614, 18.130596834568262 ], [ -102.200567910137167, 18.130688033014327 ], [ -102.200589319686216, 18.130775500688319 ], [ -102.200586571931169, 18.130948154913579 ], [ -102.200584039659134, 18.131107267627883 ], [ -102.200572124462994, 18.131188362126785 ], [ -102.20052180029397, 18.131235036179589 ], [ -102.200461823844677, 18.131220618886591 ], [ -102.200347040947449, 18.131163641473098 ], [ -102.200237538822023, 18.130774897161459 ] ] ] ] } }
]
}
