{
"type": "FeatureCollection",
"name": "2506",
"crs": { "type": "name", "properties": { "name": "urn:ogc:def:crs:OGC:1.3:CRS84" } },
"features": [
{ "type": "Feature", "properties": { "fid": 1.0, "cat": 2, "VULNERABIL": 2.0, "CLAVE_ACUI": "2506", "NOM_ACUIF": "RIO ELOTA" }, "geometry": { "type": "MultiPolygon", "coordinates": [ [ [ [ -106.668473919716448, 24.456514787978833 ], [ -106.668523005538134, 24.457434116274495 ], [ -106.666769662328065, 24.457652039525279 ], [ -106.664601930538765, 24.45792146718534 ], [ -106.660498108151046, 24.458431531792353 ], [ -106.65839021313414, 24.458693522332336 ], [ -106.656683528729644, 24.458905646354253 ], [ -106.656409382165165, 24.45834723859678 ], [ -106.655913085423521, 24.457357202151506 ], [ -106.655783549949163, 24.457069120915527 ], [ -106.655675343264448, 24.456714779499301 ], [ -106.655650297323533, 24.456496658829561 ], [ -106.655641622736923, 24.455833103826158 ], [ -106.655661291121476, 24.455639888117432 ], [ -106.655761751098723, 24.455401769817858 ], [ -106.655885596761948, 24.45525481645506 ], [ -106.656363081380505, 24.454807151605152 ], [ -106.656474103544085, 24.454528285521636 ], [ -106.656514724292009, 24.453674576092617 ], [ -106.656461733201127, 24.452733857186384 ], [ -106.656173834359549, 24.449197543283322 ], [ -106.65616991370392, 24.44819025957209 ], [ -106.656439499985936, 24.447025917734639 ], [ -106.656828540119292, 24.446369855360814 ], [ -106.65865234420292, 24.444179493361599 ], [ -106.658843260774219, 24.443978149321726 ], [ -106.659268782719352, 24.443706374896792 ], [ -106.659933356654918, 24.443476913632825 ], [ -106.661383028175379, 24.443460992536327 ], [ -106.661855673113095, 24.443542140858433 ], [ -106.662611681489082, 24.443936760094076 ], [ -106.663219051980931, 24.444419352511659 ], [ -106.665297473431835, 24.446276814086911 ], [ -106.665862088951428, 24.446881760361773 ], [ -106.666418508321996, 24.447847399411835 ], [ -106.666648775622789, 24.448621939081114 ], [ -106.667166946874971, 24.45127081775593 ], [ -106.667324372581845, 24.451990290623716 ], [ -106.667540840996381, 24.452698954016338 ], [ -106.667692654773248, 24.452991857529451 ], [ -106.668184652214165, 24.453650076331328 ], [ -106.668313676131106, 24.453897520171875 ], [ -106.668423787722844, 24.454394040369269 ], [ -106.668452065897569, 24.45485591118279 ], [ -106.668473919716448, 24.456514787978833 ] ] ] ] } },
{ "type": "Feature", "properties": { "fid": 2.0, "cat": 1, "VULNERABIL": 1.0, "CLAVE_ACUI": "2506", "NOM_ACUIF": "RIO ELOTA" }, "geometry": { "type": "MultiPolygon", "coordinates": [ [ [ [ -106.437945237762662, 24.526569728184892 ], [ -106.426353290201021, 24.518645212325129 ], [ -106.415724470495419, 24.511379112312181 ], [ -106.396979617256449, 24.503167670936865 ], [ -106.361210739170389, 24.487498620786404 ], [ -106.346628731002681, 24.481110771082967 ], [ -106.341233515258622, 24.478747322448573 ], [ -106.331370521097881, 24.482920145942838 ], [ -106.322446925711233, 24.486695529753867 ], [ -106.315810660791044, 24.489503192591517 ], [ -106.309246214209125, 24.492280470614553 ], [ -106.304344035829587, 24.494354478241629 ], [ -106.292501088626267, 24.493341315176497 ], [ -106.278954935000911, 24.492182442955574 ], [ -106.266195998459622, 24.491090917085192 ], [ -106.258499467542194, 24.49043247955936 ], [ -106.246458901069118, 24.489402410183519 ], [ -106.232822062828234, 24.488235779901913 ], [ -106.220804653021091, 24.48720769157676 ], [ -106.20849631325828, 24.486154714220138 ], [ -106.200418438152553, 24.485463652733376 ], [ -106.195293458139886, 24.48502521115552 ], [ -106.189389609819472, 24.47657587194746 ], [ -106.184877975082543, 24.470119010218255 ], [ -106.177657476013607, 24.45978533588011 ], [ -106.174638067786503, 24.455464085920102 ], [ -106.170261446322968, 24.449200449504715 ], [ -106.165946483292629, 24.443025056043552 ], [ -106.163143158153105, 24.439013055103022 ], [ -106.162310551075308, 24.42622959036569 ], [ -106.161664101284842, 24.416304298687127 ], [ -106.161144422580932, 24.408325391753433 ], [ -106.160687998347242, 24.40131766475676 ], [ -106.160004849892687, 24.390828918730005 ], [ -106.158521039903619, 24.368047185091275 ], [ -106.157391833936941, 24.350709877925556 ], [ -106.157400978965214, 24.350604008423648 ], [ -106.179310073012928, 24.361454822660932 ], [ -106.208356114736688, 24.375840319495552 ], [ -106.243710226175182, 24.39334998442774 ], [ -106.284703328879814, 24.387451695874841 ], [ -106.317158301552666, 24.382781915322234 ], [ -106.342318701109363, 24.379161713705365 ], [ -106.345907595991207, 24.366799964868598 ], [ -106.35097017422396, 24.349362195683405 ], [ -106.355933255574953, 24.332267137974245 ], [ -106.361472865750088, 24.313186258791969 ], [ -106.399655966536187, 24.306755420914907 ], [ -106.428867147867308, 24.301835643121322 ], [ -106.429615399431071, 24.283929717459579 ], [ -106.430581319476076, 24.260814907736513 ], [ -106.431296932572408, 24.243690032191669 ], [ -106.432155926066741, 24.22313401280131 ], [ -106.432774101479424, 24.208340855631363 ], [ -106.436773417782661, 24.204132708127425 ], [ -106.450479559067574, 24.189710877028428 ], [ -106.470144840794688, 24.169018738687861 ], [ -106.481701117421977, 24.156859031138715 ], [ -106.507769972849502, 24.149315296114573 ], [ -106.538229508672615, 24.140500997847933 ], [ -106.574255040275986, 24.13007602674497 ], [ -106.603727570789133, 24.121547345411035 ], [ -106.616175862646841, 24.083388216774701 ], [ -106.623787539822743, 24.060055299149258 ], [ -106.629834467360155, 24.041518982006988 ], [ -106.630091226288684, 24.041989815096215 ], [ -106.630391714505365, 24.042503131258869 ], [ -106.630871097636287, 24.043157214430448 ], [ -106.631452951034149, 24.043697958464534 ], [ -106.632287216206436, 24.044357832667725 ], [ -106.635449253642918, 24.046757603843048 ], [ -106.636379115980418, 24.047538333989177 ], [ -106.637556379410739, 24.048782007762764 ], [ -106.638308322543963, 24.049777956040909 ], [ -106.640640189996887, 24.053182020763892 ], [ -106.641324914579556, 24.054107563010913 ], [ -106.642073942274479, 24.054901450360351 ], [ -106.642737121063178, 24.055404542587286 ], [ -106.644434571066583, 24.056271223927038 ], [ -106.644964875553711, 24.056505940479205 ], [ -106.645742168016255, 24.056734612800927 ], [ -106.646322280355733, 24.056826570742469 ], [ -106.648252179978854, 24.057027022989487 ], [ -106.648912202240396, 24.056879387318435 ], [ -106.650062394072464, 24.055989978803385 ], [ -106.651045490069706, 24.05486702852113 ], [ -106.654482951217304, 24.050515966499756 ], [ -106.655398433909312, 24.049302296189154 ], [ -106.656233353405796, 24.047989601753279 ], [ -106.656510624907014, 24.047327997970839 ], [ -106.656969642290903, 24.045553209766155 ], [ -106.657186662562154, 24.044937969959758 ], [ -106.657740407779471, 24.043841638728637 ], [ -106.658314446795345, 24.042890689734243 ], [ -106.660439491181421, 24.039549244876994 ], [ -106.660990459405838, 24.038527428453659 ], [ -106.661436659202579, 24.037100411158676 ], [ -106.661523125618302, 24.036083632749143 ], [ -106.661480445875867, 24.032765683833304 ], [ -106.661567303184086, 24.031779375995118 ], [ -106.66162774867081, 24.031606027229937 ], [ -106.662015307375739, 24.030494555290627 ], [ -106.662568450784647, 24.029645403626581 ], [ -106.664701734765586, 24.026967501545215 ], [ -106.665288282927122, 24.026138294869366 ], [ -106.665892269964871, 24.024946580255886 ], [ -106.666168563783927, 24.024073338784937 ], [ -106.666853938177582, 24.021189926245 ], [ -106.667119292236393, 24.020326960740249 ], [ -106.66767224730971, 24.019183201411312 ], [ -106.668196826623017, 24.018412224024122 ], [ -106.670091871179196, 24.015958077577885 ], [ -106.670605366361372, 24.015187213672732 ], [ -106.671106670391055, 24.014044006713597 ], [ -106.671309326876397, 24.013181718879167 ], [ -106.671753748631303, 24.010300915994574 ], [ -106.671923751325778, 24.009479617220475 ], [ -106.672272682132643, 24.008527692861325 ], [ -106.672601151334888, 24.0079890993234 ], [ -106.673785062699295, 24.006427582771057 ], [ -106.674092196417419, 24.005950169788001 ], [ -106.674341591275351, 24.005283763671688 ], [ -106.674390737579387, 24.004809168337726 ], [ -106.674370694610388, 24.003260796223245 ], [ -106.674308620847938, 24.00273662374947 ], [ -106.67403898773172, 24.001838857377372 ], [ -106.673715874214665, 24.00108050571815 ], [ -106.672477674206789, 23.998439289852666 ], [ -106.672154973220429, 23.997711404542734 ], [ -106.671887204893494, 23.996955830164595 ], [ -106.67182737674905, 23.996604324262083 ], [ -106.671815945347774, 23.995719538129105 ], [ -106.671867724165921, 23.995448082417486 ], [ -106.672120788836921, 23.995066075080086 ], [ -106.672430530012306, 23.994791805558087 ], [ -106.67362291486711, 23.99389388353633 ], [ -106.673894284358084, 23.993645426158004 ], [ -106.673968300471003, 23.993383885534836 ], [ -106.673802669439681, 23.993258713648505 ], [ -106.67295571108636, 23.992936115827305 ], [ -106.672680184008499, 23.992862933777097 ], [ -106.672241346949448, 23.992844017588389 ], [ -106.671889963446134, 23.992890176274898 ], [ -106.670689007796113, 23.993124494862805 ], [ -106.670354009264926, 23.993155233908379 ], [ -106.669991641712315, 23.993064369233817 ], [ -106.66980897287128, 23.992903823916251 ], [ -106.669318888654189, 23.992245476495128 ], [ -106.669147277169628, 23.992084809901229 ], [ -106.668836504937019, 23.991993380637748 ], [ -106.668564155592463, 23.99202343377867 ], [ -106.667603961662522, 23.992255107889875 ], [ -106.667331611341424, 23.992285158885771 ], [ -106.667020839660822, 23.992193725898698 ], [ -106.666849230934957, 23.99203305656933 ], [ -106.666359164749721, 23.991374698599397 ], [ -106.666170517371057, 23.991178659034784 ], [ -106.665780226943809, 23.990922166194185 ], [ -106.665411316868799, 23.990751786839962 ], [ -106.664080032386281, 23.990213169274359 ], [ -106.663733236780672, 23.990042545682424 ], [ -106.663446136102792, 23.989784926862313 ], [ -106.663382787315925, 23.989587524245799 ], [ -106.663374259816422, 23.988923931188655 ], [ -106.663404814708457, 23.988720430691952 ], [ -106.663555931129764, 23.988434354726746 ], [ -106.663741256409878, 23.988229175110803 ], [ -106.664454987191519, 23.987557744471651 ], [ -106.664629124228284, 23.987342526862339 ], [ -106.664728037164807, 23.987009610432079 ], [ -106.664695204947535, 23.986749233267606 ], [ -106.664443077583741, 23.985867055868084 ], [ -106.664415839079155, 23.985611697087492 ], [ -106.664540850774841, 23.985302200554123 ], [ -106.664746676791665, 23.985115421235186 ], [ -106.665582182354825, 23.984553278450175 ], [ -106.665843801957607, 23.984406525624561 ], [ -106.666229191887254, 23.984283823870864 ], [ -106.666518129708521, 23.984255288373884 ], [ -106.667481116421058, 23.984244821372418 ], [ -106.667769922889079, 23.984206126515215 ], [ -106.668154699384942, 23.984036020629308 ], [ -106.668415573094805, 23.98383170718947 ], [ -106.669248201777535, 23.983048348456663 ], [ -106.669408533054693, 23.982763860173037 ], [ -106.669324123629821, 23.982219609295065 ], [ -106.66904320992856, 23.981726595878648 ], [ -106.66781670899573, 23.979970110247017 ], [ -106.66749639698169, 23.9794216502893 ], [ -106.667228089948722, 23.978618662979496 ], [ -106.667165104449822, 23.978019998849671 ], [ -106.667139478648252, 23.976029220336532 ], [ -106.667109788153951, 23.975440352553715 ], [ -106.666996857596487, 23.974683081604656 ], [ -106.66686521929492, 23.974190133631435 ], [ -106.6663638447247, 23.972646979267534 ], [ -106.66620555700743, 23.972230508321957 ], [ -106.66596824856876, 23.97183013289829 ], [ -106.665787523667433, 23.971674638953985 ], [ -106.665181450093669, 23.971349374690938 ], [ -106.665001771103121, 23.971275136137255 ], [ -106.664769340967297, 23.971253955164169 ], [ -106.664616976645362, 23.971297935250025 ], [ -106.664138372186784, 23.971524355985554 ], [ -106.663926321226356, 23.971655329787215 ], [ -106.663415353730088, 23.972040120037558 ], [ -106.662897448628996, 23.972458845476115 ], [ -106.660991499286425, 23.97402809519189 ], [ -106.66042897209924, 23.974416820552204 ], [ -106.659709821036103, 23.974661633581718 ], [ -106.659244992643011, 23.974622641521954 ], [ -106.65779495162235, 23.974195858850891 ], [ -106.657389686862814, 23.974059711745983 ], [ -106.65694848784716, 23.973851149096649 ], [ -106.656723468096374, 23.973689350202076 ], [ -106.656114577231875, 23.973142850503027 ], [ -106.655977730405581, 23.972959781597957 ], [ -106.655947999745649, 23.972651961386234 ], [ -106.656042373571026, 23.972395287218188 ], [ -106.656512511562269, 23.971505293941245 ], [ -106.656622360018886, 23.971162105164108 ], [ -106.656664851767957, 23.9704505515042 ], [ -106.656615706885958, 23.969777235019791 ], [ -106.656343880459801, 23.967346644035711 ], [ -106.656200462241372, 23.966648948323339 ], [ -106.655802998914993, 23.965823626217354 ], [ -106.65537861358284, 23.965342289417737 ], [ -106.653795629839877, 23.96392136274353 ], [ -106.653294664775316, 23.96350179578728 ], [ -106.652539794236489, 23.962964752073702 ], [ -106.651962372639744, 23.962617113280736 ], [ -106.650022624443551, 23.961531829051697 ], [ -106.649451582226277, 23.961250142055892 ], [ -106.648726449056653, 23.96102090086066 ], [ -106.648261584921258, 23.960975101152446 ], [ -106.646817349942708, 23.960990604302921 ], [ -106.646363022974114, 23.960904051559197 ], [ -106.645775803826893, 23.960539699707102 ], [ -106.645175749885922, 23.959972037450896 ], [ -106.643063196639474, 23.95758365520674 ], [ -106.64292047735718, 23.957436237465558 ], [ -106.642086814983941, 23.956781465154094 ], [ -106.641705397216299, 23.95656156928737 ], [ -106.641434921357117, 23.956367985601226 ], [ -106.640785095258735, 23.955971976291369 ], [ -106.640334580262973, 23.955748223212069 ], [ -106.638882009108031, 23.955100044438847 ], [ -106.638443258492785, 23.954932032096405 ], [ -106.637848319038127, 23.954796160688481 ], [ -106.63743715531723, 23.954770071197306 ], [ -106.636113329447326, 23.95478418616478 ], [ -106.634984967399149, 23.954781069334043 ], [ -106.634980546439891, 23.9547125011443 ], [ -106.634892065103728, 23.953340173398857 ], [ -106.634544754128541, 23.947953449958391 ], [ -106.644468364666707, 23.937007633232859 ], [ -106.650830599716983, 23.929990040335863 ], [ -106.66211753841948, 23.917540462437312 ], [ -106.670975546809203, 23.90777001286008 ], [ -106.672446753261639, 23.906147261127536 ], [ -106.672743421371436, 23.90644450893069 ], [ -106.673184806857336, 23.907122798206046 ], [ -106.673433446415629, 23.90761350884711 ], [ -106.673770016572377, 23.908233864767254 ], [ -106.673938480523901, 23.908505027320977 ], [ -106.674998704521585, 23.910211550342904 ], [ -106.675442048481173, 23.910887338863869 ], [ -106.676397388847874, 23.912216030799062 ], [ -106.677039284957658, 23.913067543751023 ], [ -106.679731795953728, 23.916577811725467 ], [ -106.680580658804871, 23.917845114342967 ], [ -106.680641756130271, 23.917960871319682 ], [ -106.682813154122371, 23.922415699434971 ], [ -106.6860418823739, 23.930123303036297 ], [ -106.686928258564336, 23.932280706557112 ], [ -106.687835725519903, 23.934641039993192 ], [ -106.688245711007482, 23.935855546174018 ], [ -106.689251522371933, 23.93916290647649 ], [ -106.689505239192201, 23.9402572251226 ], [ -106.689683409376627, 23.94205669120371 ], [ -106.689684218218204, 23.943533038843519 ], [ -106.689509818357919, 23.948623194007936 ], [ -106.689525421251034, 23.949962239270882 ], [ -106.689772637968247, 23.951120963118896 ], [ -106.690110202161918, 23.951437237125031 ], [ -106.691438285445244, 23.951754451925346 ], [ -106.691823136693372, 23.951882270520485 ], [ -106.692291023577425, 23.952161548764199 ], [ -106.692574582576796, 23.952432699437232 ], [ -106.693429977845298, 23.953418788529579 ], [ -106.693653088053836, 23.953715999717204 ], [ -106.69383886648383, 23.954116899391586 ], [ -106.693881153327723, 23.95439240233193 ], [ -106.693892713103367, 23.955277183168654 ], [ -106.69384125685896, 23.955568958048243 ], [ -106.693589566532665, 23.95604579317666 ], [ -106.693281463786008, 23.956435210896732 ], [ -106.692095327655295, 23.95777565379986 ], [ -106.691765907131412, 23.958226254131617 ], [ -106.691414759834018, 23.958988617252828 ], [ -106.69124254198455, 23.95962710748114 ], [ -106.69079000041603, 23.961844365161614 ], [ -106.690650537201819, 23.962452018788607 ], [ -106.690452257326143, 23.963070478569055 ], [ -106.690308464038552, 23.963346338905215 ], [ -106.689835706729212, 23.964015226727909 ], [ -106.689714016900425, 23.964290843190266 ], [ -106.689618890791522, 23.964908166243831 ], [ -106.689604686638418, 23.965514439889748 ], [ -106.689633529252376, 23.967726393477534 ], [ -106.689565251718591, 23.96842468782015 ], [ -106.689217775393516, 23.969471441201421 ], [ -106.688789654322136, 23.970268508042068 ], [ -106.687139195553172, 23.972941391276482 ], [ -106.686711977044737, 23.973809551875402 ], [ -106.686368785428996, 23.975188093419671 ], [ -106.686305734423456, 23.976289278603893 ], [ -106.686354698004138, 23.980049600439191 ], [ -106.686427511340582, 23.980971519643603 ], [ -106.686718338765118, 23.981513488164968 ], [ -106.687060991230936, 23.981365809257866 ], [ -106.688369192011208, 23.980134666895072 ], [ -106.688716107606325, 23.979890433021318 ], [ -106.689026861600993, 23.979981822956123 ], [ -106.689123881950209, 23.980356614397152 ], [ -106.689265892398438, 23.982014251173847 ], [ -106.689319625316116, 23.982460627649413 ], [ -106.68942836591394, 23.982886081418489 ], [ -106.689529976529755, 23.983047496024266 ], [ -106.689895419440887, 23.983375309900431 ], [ -106.690049651975343, 23.983332976964743 ], [ -106.690403958075677, 23.98280760956828 ], [ -106.690427327612653, 23.982760581190618 ], [ -106.690588126048169, 23.98251775930196 ], [ -106.69112420581699, 23.98151971580873 ], [ -106.693119872171721, 23.977626235218086 ], [ -106.693523742789779, 23.97690012126878 ], [ -106.69388537430595, 23.976421355021738 ], [ -106.695776287570823, 23.974077210292013 ], [ -106.69723196010986, 23.972707042253809 ], [ -106.697989950547054, 23.972199202805168 ], [ -106.699505739550844, 23.971732066248276 ], [ -106.70091316346128, 23.971572559870257 ], [ -106.705965340023866, 23.971295241752113 ], [ -106.707400983045332, 23.971181075024784 ], [ -106.709048489145232, 23.970925704869199 ], [ -106.709966425871826, 23.970675063885988 ], [ -106.710329111564391, 23.970549277334378 ], [ -106.711391909695493, 23.970304194052609 ], [ -106.712225035799449, 23.969910576577341 ], [ -106.714492795021499, 23.968447289799627 ], [ -106.715093247447086, 23.96801562403428 ], [ -106.715627628611315, 23.967464488330627 ], [ -106.715790580588646, 23.967108819083688 ], [ -106.71601664275147, 23.966000165803205 ], [ -106.716039212414913, 23.965478454260534 ], [ -106.715918479375446, 23.964152453560892 ], [ -106.715723438307563, 23.962779877802873 ], [ -106.714934023204805, 23.957700518689396 ], [ -106.714795873814069, 23.956265168564151 ], [ -106.714924587950932, 23.954480439593468 ], [ -106.715253445711824, 23.953437231452646 ], [ -106.716656547980946, 23.950324392009314 ], [ -106.717031740636244, 23.949443195564644 ], [ -106.717379572836265, 23.948443790755412 ], [ -106.717501286623346, 23.947897266594932 ], [ -106.717721452617965, 23.946346225499376 ], [ -106.717742492835754, 23.945709402522478 ], [ -106.717677203151965, 23.944948886409549 ], [ -106.717699184017917, 23.944664709369327 ], [ -106.717730020268192, 23.943932965754005 ], [ -106.717668406940049, 23.943175167358731 ], [ -106.717549552304789, 23.942824341760527 ], [ -106.717362220712076, 23.942490216449713 ], [ -106.716635927819482, 23.93781634564855 ], [ -106.716384745523087, 23.936373284121846 ], [ -106.716193286524856, 23.935545826508889 ], [ -106.716110606703865, 23.935143803131051 ], [ -106.715970157080662, 23.934830463929835 ], [ -106.715480087392166, 23.934172260059384 ], [ -106.715328456092621, 23.933848886656126 ], [ -106.715110911906095, 23.932998015458608 ], [ -106.714867818534017, 23.93157630449554 ], [ -106.714426654485393, 23.928793327624291 ], [ -106.714354845557395, 23.92781892770207 ], [ -106.714544828669588, 23.926584261577325 ], [ -106.714888037391319, 23.925794852415301 ], [ -106.716299665713834, 23.923345602763206 ], [ -106.716687992856265, 23.922626794622051 ], [ -106.717088585676265, 23.921721612264921 ], [ -106.717272536224584, 23.921147303290443 ], [ -106.717730375810149, 23.919372376970337 ], [ -106.717957844349527, 23.918746789156213 ], [ -106.718561525130767, 23.917602305139084 ], [ -106.719196451324706, 23.916592914148296 ], [ -106.721555689440393, 23.913026889586959 ], [ -106.722300380516572, 23.911965466245277 ], [ -106.7234164293655, 23.910578196093706 ], [ -106.724266093711918, 23.909657804030996 ], [ -106.727115082391464, 23.906749887194881 ], [ -106.727899490375464, 23.905911476631779 ], [ -106.728711141758382, 23.904906836858878 ], [ -106.729086241452066, 23.9043100500819 ], [ -106.73002504793233, 23.902529684314164 ], [ -106.730279290807445, 23.901985046406171 ], [ -106.730526964335439, 23.90122377124025 ], [ -106.730541198319742, 23.901146167665214 ], [ -106.730681306532489, 23.900829245763212 ], [ -106.730928975918573, 23.90006797010286 ], [ -106.730978891616331, 23.899667847610047 ], [ -106.730964164288949, 23.898561885053368 ], [ -106.730937697342355, 23.89823373054422 ], [ -106.730828912197609, 23.897808305408009 ], [ -106.730699972133436, 23.897528709616978 ], [ -106.7302070407233, 23.896649353229108 ], [ -106.730122155508525, 23.896359102825016 ], [ -106.730218951324588, 23.895883958549028 ], [ -106.730442114833664, 23.895495431257309 ], [ -106.731386737606869, 23.894157445222408 ], [ -106.731582075451982, 23.893753992244843 ], [ -106.731549041031329, 23.893209200659889 ], [ -106.731306513358973, 23.89283437970483 ], [ -106.730207764213375, 23.891630001279793 ], [ -106.729822315678419, 23.891307576880564 ], [ -106.72912229435471, 23.891007311643158 ], [ -106.728507711530568, 23.890900784490469 ], [ -106.726339680551078, 23.89070390627608 ], [ -106.72573614708628, 23.89059724384914 ], [ -106.725087687564113, 23.890296381093044 ], [ -106.724764850944439, 23.889973240980538 ], [ -106.723906747777448, 23.888766114743873 ], [ -106.723682660832281, 23.888391073491782 ], [ -106.723495016016983, 23.887848010575588 ], [ -106.723451038098688, 23.887447247976354 ], [ -106.723433452368965, 23.886120085498959 ], [ -106.723461610923749, 23.885743910557562 ], [ -106.723610601922346, 23.885315590054152 ], [ -106.723795287169906, 23.885079878411752 ], [ -106.72450815673875, 23.884408209534193 ], [ -106.724693377772269, 23.884213124364372 ], [ -106.72484487716568, 23.883974397490856 ], [ -106.724876084255001, 23.88382844443224 ], [ -106.724870218357268, 23.883386057091442 ], [ -106.724829829859786, 23.883256144236416 ], [ -106.724647216295295, 23.883092271453599 ], [ -106.724426728483536, 23.882988080060812 ], [ -106.723580401036003, 23.882665723511661 ], [ -106.72333209860912, 23.882546604508079 ], [ -106.723019679681585, 23.882313074927243 ], [ -106.722821669546008, 23.882098580354956 ], [ -106.722210044971305, 23.881331133920952 ], [ -106.722047941300076, 23.880907989591048 ], [ -106.721903079695153, 23.879700763971911 ], [ -106.721858238763417, 23.878399300256625 ], [ -106.721793851022312, 23.873533026857302 ], [ -106.721809965706171, 23.87224611767326 ], [ -106.721949543803547, 23.871106816757568 ], [ -106.722132825161395, 23.87076615321428 ], [ -106.722341343706063, 23.869967515291538 ], [ -106.721527389891151, 23.869812393975234 ], [ -106.718272961740993, 23.869295690659047 ], [ -106.717265198908564, 23.869102076139093 ], [ -106.715816725610139, 23.868715279154959 ], [ -106.71475524330134, 23.868356325792249 ], [ -106.712169314573799, 23.867405826184985 ], [ -106.711037075870053, 23.867036222172253 ], [ -106.709861418722454, 23.866693425877052 ], [ -106.708552246344823, 23.866322631920902 ], [ -106.712675097681071, 23.861775096027621 ], [ -106.719496255831331, 23.854251307515216 ], [ -106.759960054155002, 23.843050866441775 ], [ -106.8099285677539, 23.829219505687764 ], [ -106.825827059371179, 23.824818778966758 ], [ -106.82754479878507, 23.824343306077864 ], [ -106.828548160146752, 23.82804318935046 ], [ -106.828564467796852, 23.828681259483357 ], [ -106.828370670951983, 23.829560536361079 ], [ -106.828077508121524, 23.830178575735996 ], [ -106.826903192120298, 23.83218347832015 ], [ -106.826687801257989, 23.832836146572799 ], [ -106.826856982875483, 23.833877033271015 ], [ -106.827314068633697, 23.834711344674957 ], [ -106.829278005733954, 23.837563892487523 ], [ -106.829779286440967, 23.838397670061628 ], [ -106.830154609414066, 23.839436102408023 ], [ -106.830189499196322, 23.840085801338621 ], [ -106.829976988627905, 23.84207929795933 ], [ -106.829944345582106, 23.842638376822965 ], [ -106.830004525032592, 23.84325391506929 ], [ -106.83012313935177, 23.843574176462866 ], [ -106.830616497152448, 23.844453190185622 ], [ -106.830746156113392, 23.844773319666235 ], [ -106.830857869994304, 23.845388244667749 ], [ -106.830887802073207, 23.845946579560774 ], [ -106.830915772316345, 23.847937217179041 ], [ -106.830945277860707, 23.848465082898336 ], [ -106.831054998859912, 23.848937818874017 ], [ -106.831182237514525, 23.849085290202574 ], [ -106.831666297269436, 23.849300752866803 ], [ -106.831804008050142, 23.8494074670601 ], [ -106.831962598121294, 23.849690004821014 ], [ -106.832051444778273, 23.849986916044212 ], [ -106.832307475027022, 23.85108996361177 ], [ -106.832441064726879, 23.851426974117459 ], [ -106.832808451697488, 23.851896642106361 ], [ -106.833199701590175, 23.852230585055548 ], [ -106.834658160408608, 23.853319308758305 ], [ -106.835027047916952, 23.853633197009913 ], [ -106.835290050486222, 23.854009294193919 ], [ -106.835296879473418, 23.854232688481439 ], [ -106.835065743258426, 23.854899098156523 ], [ -106.835072715104133, 23.85513264873007 ], [ -106.835336388983336, 23.855556141536074 ], [ -106.835706095864708, 23.855927579813521 ], [ -106.837167737510896, 23.857237456336659 ], [ -106.83754878392368, 23.857629070260305 ], [ -106.837865342632611, 23.858146734522904 ], [ -106.837936521362252, 23.858494641851401 ], [ -106.837952129042122, 23.859600545528686 ], [ -106.837934534197416, 23.859919038583694 ], [ -106.837836816367158, 23.860299435904789 ], [ -106.837714813996357, 23.860524367536499 ], [ -106.837243184873017, 23.861193650459938 ], [ -106.837199343136731, 23.861478596794125 ], [ -106.837466382120539, 23.862139063746071 ], [ -106.837891712036779, 23.862797640369113 ], [ -106.839609584024387, 23.865210516955297 ], [ -106.84006849695507, 23.865899158798523 ], [ -106.840492182171317, 23.866699957649608 ], [ -106.840638530526434, 23.867155315438094 ], [ -106.840897804747428, 23.868479519957585 ], [ -106.841054769862268, 23.868904276268367 ], [ -106.84152799872048, 23.869562267364266 ], [ -106.842047077397382, 23.870077496810715 ], [ -106.843996244427629, 23.871823893718371 ], [ -106.844526242128467, 23.872328824967777 ], [ -106.845050369014132, 23.872938789771268 ], [ -106.845269121593645, 23.873305238263583 ], [ -106.845765842488674, 23.874405366341797 ], [ -106.845922775564418, 23.874696370686209 ], [ -106.846158404155176, 23.874954264001069 ], [ -106.846338082896352, 23.875031678669341 ], [ -106.846940955004882, 23.875135052594104 ], [ -106.847148173182617, 23.875207056788042 ], [ -106.847512319526999, 23.875439703330191 ], [ -106.847825311290393, 23.875700050975095 ], [ -106.848921802442703, 23.87668235524783 ], [ -106.849207549633903, 23.876968421870846 ], [ -106.849444536141434, 23.877321100330885 ], [ -106.849497340200969, 23.877538860575402 ], [ -106.849506772039632, 23.87820239683202 ], [ -106.849553693434999, 23.878394832967327 ], [ -106.849763228364793, 23.878629331839942 ], [ -106.850015642903074, 23.878771893734136 ], [ -106.850984045709154, 23.879202679950374 ], [ -106.851247651779133, 23.879355262949606 ], [ -106.851509407638943, 23.879636534367496 ], [ -106.851619738386816, 23.87988576800252 ], [ -106.851872860986518, 23.880767586760626 ], [ -106.851977887995801, 23.881032120694666 ], [ -106.852214889915373, 23.881384793789142 ], [ -106.852448437420691, 23.88162407829963 ], [ -106.853021943453669, 23.882137802751831 ], [ -106.853401502438118, 23.882461184125269 ], [ -106.853715018224676, 23.882690033017116 ], [ -106.854050640212137, 23.882894653762044 ], [ -106.854423932676426, 23.883142328397785 ], [ -106.854848641058709, 23.883452873799193 ], [ -106.855362873473766, 23.883879306234569 ], [ -106.855691289815809, 23.884181500487429 ], [ -106.855977336847104, 23.884476194821804 ], [ -106.856298969520822, 23.884859696734278 ], [ -106.856528954734614, 23.885105317123848 ], [ -106.856654890485146, 23.885193693668509 ], [ -106.856784329906276, 23.885262984750227 ], [ -106.857010439499859, 23.885339537549843 ], [ -106.857391863861679, 23.885406094821036 ], [ -106.857558897013433, 23.885904634381216 ], [ -106.856965251681032, 23.886039608683237 ], [ -106.856462276056362, 23.886153965863969 ], [ -106.855605914777001, 23.886352892222604 ], [ -106.855119284621779, 23.886572076789705 ], [ -106.854836966270952, 23.886787103491447 ], [ -106.854006105760888, 23.88757137534682 ], [ -106.853790345125276, 23.887805913825854 ], [ -106.853614328259411, 23.88811615717092 ], [ -106.853578636806716, 23.888324823687245 ], [ -106.853588094255002, 23.888988357479555 ], [ -106.853643017633701, 23.889224712651956 ], [ -106.853646940740973, 23.889241595162776 ], [ -106.853912101373609, 23.889759836885407 ], [ -106.854232057677777, 23.890246943841447 ], [ -106.855460045859758, 23.892001860861903 ], [ -106.855780593682582, 23.892529588209481 ], [ -106.856048476510963, 23.893237405810197 ], [ -106.856110616641644, 23.89372084712755 ], [ -106.856132720305709, 23.895269089237352 ], [ -106.85618352622329, 23.895732351436195 ], [ -106.856398517051431, 23.896345999501609 ], [ -106.856654841920317, 23.896759376985091 ], [ -106.85763604484157, 23.898074819451661 ], [ -106.857881258476965, 23.898483249745595 ], [ -106.858044374489552, 23.899073819808734 ], [ -106.858032182384378, 23.899509061448235 ], [ -106.857812166601803, 23.900949619059734 ], [ -106.857876089387247, 23.901300137535134 ], [ -106.857870073716512, 23.901307829814833 ], [ -106.857276555129417, 23.901868038398948 ], [ -106.857075664049418, 23.902007090901428 ], [ -106.856776064308718, 23.902065953657502 ], [ -106.85583452751618, 23.902412530044312 ], [ -106.852726028157448, 23.903777312773002 ], [ -106.851740424312325, 23.904134554030339 ], [ -106.850249476047949, 23.904436924511508 ], [ -106.849105157096488, 23.904511639012203 ], [ -106.845255949155657, 23.904557886291432 ], [ -106.844210612918744, 23.904600902781365 ], [ -106.843181589220762, 23.904755453467789 ], [ -106.842756891584131, 23.904933228740962 ], [ -106.841803988640265, 23.905608296837201 ], [ -106.841467949801768, 23.905805322379869 ], [ -106.84085267612528, 23.906049708655413 ], [ -106.840309752274251, 23.906201805372309 ], [ -106.838391373479624, 23.90666719114266 ], [ -106.837846863428936, 23.906707561330411 ], [ -106.837224206174483, 23.906430582180949 ], [ -106.836879208278816, 23.905994528318068 ], [ -106.83589189081907, 23.90423658600271 ], [ -106.835490234856081, 23.903699625685991 ], [ -106.834603146995946, 23.902951754734122 ], [ -106.833737537547421, 23.902420324530162 ], [ -106.830984399498334, 23.900776250083986 ], [ -106.829340056045737, 23.899794262683862 ], [ -106.828865904463271, 23.8995110972952 ], [ -106.828621166412617, 23.899392112443866 ], [ -106.827533943193231, 23.899073211133061 ], [ -106.827149912535646, 23.898869536539824 ], [ -106.82711820969881, 23.898841132340348 ], [ -106.826444993901418, 23.898237959044046 ], [ -106.82582200272418, 23.897539378410393 ], [ -106.823619680087035, 23.894910892232186 ], [ -106.823002314770875, 23.894217310650713 ], [ -106.822323548078288, 23.893609103659887 ], [ -106.821971241787494, 23.893433819870946 ], [ -106.821005910248374, 23.893224034129531 ], [ -106.820650643471467, 23.893231626132003 ], [ -106.819958060039227, 23.893476843213989 ], [ -106.819323919050888, 23.893819559960665 ], [ -106.817679866882216, 23.89480168137764 ], [ -106.816518846832125, 23.895397068088919 ], [ -106.815638373527591, 23.895955221278399 ], [ -106.81515036052852, 23.895882977955331 ], [ -106.81443367646925, 23.895776880176697 ], [ -106.813657129762703, 23.895549019744262 ], [ -106.813022817814073, 23.895221284298163 ], [ -106.810839266372199, 23.89391969457283 ], [ -106.810105412351433, 23.893582960240725 ], [ -106.809287629262244, 23.893405173768361 ], [ -106.808814899308103, 23.893204237136249 ], [ -106.807418477045331, 23.892888824393751 ], [ -106.80634601822959, 23.892830317442368 ], [ -106.802737624002219, 23.89287265436219 ], [ -106.801676211227402, 23.892813985223455 ], [ -106.801420483233144, 23.89275388240279 ], [ -106.800950608022006, 23.892539186103793 ], [ -106.79828303859513, 23.891021855556282 ], [ -106.797533565836389, 23.890617520714162 ], [ -106.796703561852766, 23.890247982969868 ], [ -106.796267311453093, 23.89012440901271 ], [ -106.795061479461737, 23.889917265307595 ], [ -106.794571683789712, 23.889916208444237 ], [ -106.793491798351226, 23.8901184215187 ], [ -106.792438896239929, 23.890408349629752 ], [ -106.78860519596995, 23.891559083209472 ], [ -106.787436215053773, 23.891845248821379 ], [ -106.785819772577057, 23.892029423711179 ], [ -106.784667265646021, 23.892007765211812 ], [ -106.780934026523568, 23.891719204944916 ], [ -106.779952829252366, 23.891735642063352 ], [ -106.779107138504159, 23.892100961865097 ], [ -106.778880205315673, 23.892606415265629 ], [ -106.778666874872485, 23.894599880420518 ], [ -106.778567873590603, 23.895169881850919 ], [ -106.778319199317181, 23.89583642342815 ], [ -106.778062950990432, 23.896218623992958 ], [ -106.777115791432379, 23.897335682185201 ], [ -106.776893370979309, 23.897768280886353 ], [ -106.776802577648951, 23.898670019636938 ], [ -106.776895295906414, 23.899525619183862 ], [ -106.777418793111678, 23.902616675673023 ], [ -106.77751193678121, 23.903502743642083 ], [ -106.777423091347202, 23.904546673641274 ], [ -106.777203022598584, 23.905151934233558 ], [ -106.776264866227663, 23.906932550934211 ], [ -106.776021583052227, 23.907456813167677 ], [ -106.775824431669648, 23.908122756235105 ], [ -106.775786071447953, 23.908549841483886 ], [ -106.775804210356327, 23.909876962878258 ], [ -106.775864863314737, 23.910272429795693 ], [ -106.776129772097846, 23.910790820456278 ], [ -106.776447561325256, 23.911135911024704 ], [ -106.777665680003622, 23.912227936702028 ], [ -106.778039272644136, 23.912613010696518 ], [ -106.778564577418038, 23.913318002349392 ], [ -106.778941421462932, 23.913940059178824 ], [ -106.780174745196106, 23.916137992855376 ], [ -106.780509361992159, 23.916902747644937 ], [ -106.780837561585841, 23.918273676711816 ], [ -106.780971800521343, 23.919467392523408 ], [ -106.781270061971128, 23.92366713568979 ], [ -106.781332286600772, 23.924846447674938 ], [ -106.781324389741883, 23.926150162687392 ], [ -106.781250881841501, 23.926833300904583 ], [ -106.780915736593499, 23.928717564 ], [ -106.780949096406829, 23.92913535248648 ], [ -106.78143992579723, 23.929200768385247 ], [ -106.782107747602268, 23.928876428906083 ], [ -106.784733379838244, 23.927297404593567 ], [ -106.785565802171703, 23.926889873977796 ], [ -106.786824843177669, 23.926567107845774 ], [ -106.787791054450508, 23.926513542449111 ], [ -106.791041002872461, 23.926586300887919 ], [ -106.791840914265393, 23.926494016347466 ], [ -106.792323884145091, 23.925990637805754 ], [ -106.792213932015471, 23.925363813466873 ], [ -106.791217878684179, 23.922942006859728 ], [ -106.791002482570889, 23.922280856923894 ], [ -106.790993330013933, 23.921617302832942 ], [ -106.791195648258864, 23.921330518576887 ], [ -106.792148946302262, 23.920655742907975 ], [ -106.792418532978928, 23.920439279162707 ], [ -106.792723311269526, 23.920103893636604 ], [ -106.792889122372628, 23.919841235437911 ], [ -106.793358126468434, 23.918950882325863 ], [ -106.79344114230075, 23.918694268830148 ], [ -106.793359549392591, 23.918387092944343 ], [ -106.793159972990196, 23.918204883522193 ], [ -106.792310213303736, 23.917661745685056 ], [ -106.792055958671412, 23.917520804653449 ], [ -106.791719192860526, 23.917406220339135 ], [ -106.791492353071817, 23.917383469592096 ], [ -106.790770532666457, 23.917391882168303 ], [ -106.790565789517387, 23.917368872564126 ], [ -106.790332142337917, 23.9172530836593 ], [ -106.790203103999929, 23.917110680669396 ], [ -106.789834573979576, 23.916561921847865 ], [ -106.78977658041309, 23.916362821571408 ], [ -106.789874471533466, 23.915982446413359 ], [ -106.790072308536864, 23.915638153462709 ], [ -106.79089764790767, 23.914411825970582 ], [ -106.791206099949378, 23.91407640090339 ], [ -106.791820210586579, 23.913737412273729 ], [ -106.79238905957051, 23.913588566600854 ], [ -106.79442957163333, 23.913232927413237 ], [ -106.794943035022925, 23.913074561039693 ], [ -106.79529869208946, 23.912691172775862 ], [ -106.795293311477081, 23.912301843009747 ], [ -106.794912551890647, 23.910868358434726 ], [ -106.794934862210496, 23.910483784207212 ], [ -106.795419729220342, 23.910122589244477 ], [ -106.796090084780587, 23.909991168260593 ], [ -106.798733537215739, 23.909739038893459 ], [ -106.799530722366057, 23.909590881930061 ], [ -106.800607470780932, 23.909151635049053 ], [ -106.801348494678123, 23.908672297110172 ], [ -106.803729821921152, 23.906874617689013 ], [ -106.804383006914321, 23.906436928878065 ], [ -106.805049915218561, 23.906192079093639 ], [ -106.805349460508054, 23.906279984136106 ], [ -106.806080436322588, 23.906935056709994 ], [ -106.806347830363151, 23.907094443625855 ], [ -106.806864689291331, 23.907183177989751 ], [ -106.807335664318714, 23.907150553667492 ], [ -106.809016683932626, 23.906909562605794 ], [ -106.809497855611482, 23.906815863609292 ], [ -106.81006230728272, 23.906619602430158 ], [ -106.81038749499146, 23.90643292901899 ], [ -106.811340580955616, 23.90575804555089 ], [ -106.811710377934062, 23.90560131796904 ], [ -106.812483016745176, 23.905544806981872 ], [ -106.813216990818248, 23.905620802270764 ], [ -106.815869573191904, 23.906031931844591 ], [ -106.816652979090392, 23.90608701060917 ], [ -106.816658977442046, 23.906086089500082 ], [ -106.816669549822919, 23.90608681479803 ], [ -106.817750181572933, 23.90593182958219 ], [ -106.818137572209778, 23.905787926703745 ], [ -106.818867526200634, 23.905435479407025 ], [ -106.819501390638152, 23.905062077375625 ], [ -106.820371426960719, 23.904549541756143 ], [ -106.820889918747383, 23.90425763442629 ], [ -106.821298258579731, 23.904128533892838 ], [ -106.821758262635413, 23.904076226204424 ], [ -106.82237871690505, 23.904165382730678 ], [ -106.822823711145062, 23.904358008541809 ], [ -106.823285121953916, 23.904676422328283 ], [ -106.824755292442504, 23.90575369347437 ], [ -106.825801404688278, 23.90641645317185 ], [ -106.827115898354947, 23.907321362353731 ], [ -106.827953091034701, 23.908188379555686 ], [ -106.828345376409359, 23.908845673984622 ], [ -106.829338863760256, 23.911046028516967 ], [ -106.829647736755334, 23.911663679571831 ], [ -106.830095637879751, 23.912345701133795 ], [ -106.830426622556274, 23.912702366602293 ], [ -106.831523323692039, 23.913684779455817 ], [ -106.831864217628592, 23.913960059905389 ], [ -106.832358346161726, 23.91426229353225 ], [ -106.832723349617808, 23.91441877534724 ], [ -106.833932573674332, 23.914846785159341 ], [ -106.834258554572813, 23.914978333976197 ], [ -106.834570570749605, 23.915164224310384 ], [ -106.834690326932176, 23.915298233643782 ], [ -106.834937173476774, 23.915737720302086 ], [ -106.835034547857489, 23.915851680709004 ], [ -106.835242114196802, 23.915944009418297 ], [ -106.835441263041375, 23.915961947007862 ], [ -106.836163057600061, 23.915953325176037 ], [ -106.836378993707783, 23.915986297839556 ], [ -106.836664901612181, 23.916148793805235 ], [ -106.836857405798796, 23.916347958259504 ], [ -106.837469854830644, 23.917114894970421 ], [ -106.837480716664714, 23.917361940723485 ], [ -106.836918949638203, 23.917747884853739 ], [ -106.836105559954234, 23.918052184394327 ], [ -106.832871476613803, 23.919086266405852 ], [ -106.831931228441988, 23.919407294546687 ], [ -106.830777515572663, 23.919871378404832 ], [ -106.830069603444713, 23.920213329274105 ], [ -106.827919708052491, 23.92134500412882 ], [ -106.825921122456137, 23.92171413569422 ], [ -106.825832830248615, 23.921721956789671 ], [ -106.82466734941913, 23.921613905541616 ], [ -106.820413249337676, 23.920978268232329 ], [ -106.819379386757802, 23.920840267795963 ], [ -106.817933738800122, 23.920715165683692 ], [ -106.817056806513591, 23.92069506373425 ], [ -106.814410099941995, 23.920726337469233 ], [ -106.813655550395993, 23.920765718914367 ], [ -106.812781027047279, 23.920918249951832 ], [ -106.812286256898233, 23.921096771827969 ], [ -106.810851844781681, 23.921777338210489 ], [ -106.810507144171027, 23.922020113007747 ], [ -106.810332962318938, 23.922472503207082 ], [ -106.810428833406917, 23.92287600062258 ], [ -106.811050423240772, 23.924306596271691 ], [ -106.81113007933709, 23.92473567910023 ], [ -106.810880207813, 23.925307471975003 ], [ -106.810443589642304, 23.925695235254256 ], [ -106.808655889852233, 23.926932993034853 ], [ -106.808102608240276, 23.927276412525373 ], [ -106.807308345426321, 23.927641288198956 ], [ -106.806726966957683, 23.927819119435064 ], [ -106.804808123784127, 23.928284111131376 ], [ -106.80425974462986, 23.928451387620164 ], [ -106.803619492422186, 23.928767032097191 ], [ -106.803253225495908, 23.929050677215923 ], [ -106.802184223951812, 23.93005870748371 ], [ -106.801832101365989, 23.93056566004692 ], [ -106.801257867466276, 23.931923411393026 ], [ -106.800789650253307, 23.933356103279799 ], [ -106.799178805595758, 23.938684240820731 ], [ -106.798894492988268, 23.940231590675367 ], [ -106.799178623369613, 23.942124425827892 ], [ -106.799868852113505, 23.943281123142178 ], [ -106.802805881079451, 23.94678616887213 ], [ -106.803593083519772, 23.947758863444431 ], [ -106.804329575194359, 23.948793097213198 ], [ -106.8043472364688, 23.94882674962242 ], [ -106.804594495323911, 23.949297883065618 ], [ -106.805094296945683, 23.950619317771746 ], [ -106.805325929622413, 23.951114335337451 ], [ -106.805907079407675, 23.952102982362469 ], [ -106.806505666566594, 23.953020315597936 ], [ -106.808717988388423, 23.956312534466463 ], [ -106.809355084022911, 23.957214163498644 ], [ -106.810115811318553, 23.958129568310667 ], [ -106.810565463600753, 23.958535661943575 ], [ -106.811903119078465, 23.959515355605514 ], [ -106.812383948785069, 23.959778863998078 ], [ -106.813290155085113, 23.96002888067715 ], [ -106.814103904946307, 23.960122536626894 ], [ -106.816995198808897, 23.960309551034658 ], [ -106.817775511529376, 23.960383267281898 ], [ -106.818525675261242, 23.960540293127227 ], [ -106.818817025051089, 23.960690902428734 ], [ -106.819426495831394, 23.96123672060563 ], [ -106.819575029736242, 23.96144996889662 ], [ -106.819658714483595, 23.961899311027562 ], [ -106.819629729712247, 23.962327980204453 ], [ -106.819410779888514, 23.963879094118102 ], [ -106.819277298467227, 23.964344554803461 ], [ -106.818873335114688, 23.964965590400062 ], [ -106.818429724303201, 23.965387322535168 ], [ -106.816763484916606, 23.966734360909697 ], [ -106.816330913507372, 23.967155956799065 ], [ -106.81597850558299, 23.967776375371308 ], [ -106.815907639151746, 23.968241092615191 ], [ -106.815929340135852, 23.969789354710773 ], [ -106.81599153151214, 23.970282970805307 ], [ -106.816260057907357, 23.971038250242305 ], [ -106.816581477741323, 23.971623604086062 ], [ -106.8178129322025, 23.973599968691403 ], [ -106.818150161332042, 23.974129262591337 ], [ -106.818492420737016, 23.974622943280167 ], [ -106.818644131540438, 23.974798908156185 ], [ -106.819009855372983, 23.975126396861032 ], [ -106.819215548764817, 23.975210299847422 ], [ -106.819809726564685, 23.975274357597957 ], [ -106.820452858288618, 23.975281963635783 ], [ -106.822859959324788, 23.975253379242986 ], [ -106.823504091139256, 23.975332065790855 ], [ -106.824102943030056, 23.975727875412851 ], [ -106.824190938820365, 23.975930517104423 ], [ -106.824321673980833, 23.977085866195718 ], [ -106.824385727039896, 23.977447402150702 ], [ -106.824547149028916, 23.977919516566846 ], [ -106.824713699166878, 23.978232429627219 ], [ -106.825329516301821, 23.979220574402493 ], [ -106.825633449584956, 23.979475982936254 ], [ -106.826435983207503, 23.979679743925399 ], [ -106.827278525627889, 23.979715419139634 ], [ -106.830407851393687, 23.979678106412763 ], [ -106.831250249705406, 23.9797036035948 ], [ -106.832052120940318, 23.979859939268824 ], [ -106.83206501481051, 23.979868354617686 ], [ -106.832968005701545, 23.980824714100937 ], [ -106.833095437420198, 23.981105917765845 ], [ -106.833077362313333, 23.981651271369639 ], [ -106.832924107617146, 23.982149144313016 ], [ -106.832226983430616, 23.983927196339739 ], [ -106.831948258121827, 23.98454338266481 ], [ -106.831344668990624, 23.985640867121901 ], [ -106.830761119215353, 23.986592514527992 ], [ -106.828641417945065, 23.989936037846149 ], [ -106.828136358262597, 23.990968003356077 ], [ -106.82789917582204, 23.992440333510768 ], [ -106.82806541276635, 23.993511697490334 ], [ -106.829078407619662, 23.997039059065688 ], [ -106.829342577529033, 23.99799751554205 ], [ -106.829562340379127, 23.998942957509566 ], [ -106.829612113992937, 23.999335133055038 ], [ -106.829624626136408, 24.000219843943899 ], [ -106.829606202629108, 24.000480781583843 ], [ -106.829507713477454, 24.000813779718953 ], [ -106.829385437898438, 24.001028553638889 ], [ -106.828913305074522, 24.001697833087348 ], [ -106.828802657327984, 24.001953099199891 ], [ -106.828758436756033, 24.002475062332465 ], [ -106.828805913020958, 24.002965457833927 ], [ -106.829071695061415, 24.004732006275624 ], [ -106.8293138666522, 24.00530641920232 ], [ -106.83017822075243, 24.00622046172678 ], [ -106.831170848179696, 24.006951818204282 ], [ -106.834938834440464, 24.009450713945068 ], [ -106.836041062327411, 24.010109618978262 ], [ -106.837416726696731, 24.010685667525514 ], [ -106.838279725926711, 24.010849692106902 ], [ -106.840931387002826, 24.011039071421141 ], [ -106.841732643579164, 24.011137792436951 ], [ -106.842820179597041, 24.011409134497864 ], [ -106.843572547787517, 24.011698045300626 ], [ -106.845996084102055, 24.012774933648995 ], [ -106.846693040938078, 24.013054338162391 ], [ -106.847521948211295, 24.013281359575874 ], [ -106.848009142412224, 24.013326272892847 ], [ -106.849453805652487, 24.013308841534332 ], [ -106.849986096503258, 24.013414150600859 ], [ -106.85102546281712, 24.013923027923667 ], [ -106.851977987967146, 24.014544682526946 ], [ -106.854839333077649, 24.016554403673755 ], [ -106.855151331947724, 24.016833537144354 ], [ -106.855792131091178, 24.017306574604813 ], [ -106.856380748378413, 24.01756805817503 ], [ -106.856830869003161, 24.01776801456824 ], [ -106.857673979027666, 24.017954175526562 ], [ -106.86056975902045, 24.018361457328336 ], [ -106.861390032660509, 24.018497086241606 ], [ -106.862322189343459, 24.018722769742595 ], [ -106.862833568074763, 24.018909548125254 ], [ -106.864287852089049, 24.019555491686472 ], [ -106.864724365244854, 24.01953494217889 ], [ -106.86530713028958, 24.018793108739562 ], [ -106.865703133860819, 24.017753896591195 ], [ -106.866968345934211, 24.013646069873619 ], [ -106.867328221696198, 24.012404141065826 ], [ -106.867742467717534, 24.010716304125491 ], [ -106.867974374245463, 24.009547037600413 ], [ -106.868642345427901, 24.005778296538864 ], [ -106.868823095541515, 24.004513154689452 ], [ -106.868998641824149, 24.002377901580186 ], [ -106.869068674252532, 24.000592681748454 ], [ -106.869219952320719, 23.994396906799743 ], [ -106.869235741302177, 23.992683450751219 ], [ -106.869158143180641, 23.990883099548238 ], [ -106.869031500459386, 23.990024625339469 ], [ -106.8685181090176, 23.987818761849965 ], [ -106.868434487514961, 23.987259414394121 ], [ -106.868557632636339, 23.986854991778713 ], [ -106.868817174888662, 23.986836592380943 ], [ -106.869905230304937, 23.987155146284838 ], [ -106.870244790117297, 23.987318607132096 ], [ -106.870486845265674, 23.987535173685991 ], [ -106.870741346281221, 23.987762874294457 ], [ -106.871111154063186, 23.988234080585919 ], [ -106.87234038634837, 23.989988769766512 ], [ -106.872737621179894, 23.990444399955791 ], [ -106.873362132686466, 23.990815990772226 ], [ -106.873857055127672, 23.990891204261214 ], [ -106.875542178415429, 23.990870600186735 ], [ -106.876090752461323, 23.990833415756327 ], [ -106.876965641069532, 23.990680500763016 ], [ -106.87766690642728, 23.990499234228217 ], [ -106.880064573850703, 23.989806219838691 ], [ -106.880832299973378, 23.989634281960591 ], [ -106.882017369943028, 23.989524935938839 ], [ -106.882942602722409, 23.989540663618651 ], [ -106.886075289860258, 23.989723371750301 ], [ -106.886999190137956, 23.989647672595165 ], [ -106.888178028879935, 23.989111735801448 ], [ -106.888938178316621, 23.988421812819066 ], [ -106.891306651045255, 23.985738095152097 ], [ -106.892037794771369, 23.98495709758765 ], [ -106.89308137548845, 23.983996175188981 ], [ -106.893841062810424, 23.983404426161183 ], [ -106.896342656024288, 23.981603834509382 ], [ -106.896994238745094, 23.981181008063043 ], [ -106.897533406926456, 23.981008430911114 ], [ -106.897652068455997, 23.981184720616135 ], [ -106.897666655509454, 23.982179984073593 ], [ -106.89772675899971, 23.982509362050493 ], [ -106.897992655852534, 23.983051195515113 ], [ -106.898312406619993, 23.983495864687519 ], [ -106.899538696604935, 23.985029147173123 ], [ -106.899869883851693, 23.985499064756894 ], [ -106.900189118426027, 23.986158737676909 ], [ -106.900313979341476, 23.986631210580303 ], [ -106.90057743157584, 23.988176411076285 ], [ -106.900668240612632, 23.98858836005493 ], [ -106.900828559857928, 23.988965588671558 ], [ -106.900966777973693, 23.989092537688915 ], [ -106.90145147691814, 23.989307736972286 ], [ -106.901604925025836, 23.989420225528686 ], [ -106.901810965742882, 23.989696037720755 ], [ -106.901962726715723, 23.989992110502225 ], [ -106.902460435056412, 23.991091981423398 ], [ -106.902645659598491, 23.991407953208196 ], [ -106.903012328264197, 23.991782618053705 ], [ -106.903256783463803, 23.991940922830981 ], [ -106.904564330650757, 23.992650439283434 ], [ -106.904968002696435, 23.992949890931083 ], [ -106.905333936792616, 23.99335867682354 ], [ -106.905583506348236, 23.993788963604267 ], [ -106.906328513417961, 23.995328162348432 ], [ -106.906578389743345, 23.995778758312991 ], [ -106.906999463045594, 23.996342342925203 ], [ -106.907351120104622, 23.996696867493604 ], [ -106.908571123264693, 23.997787724958492 ], [ -106.908912033864567, 23.998162694321845 ], [ -106.909282936769884, 23.998821699939487 ], [ -106.909471887311994, 23.99938816761787 ], [ -106.909982762023759, 24.001372676625426 ], [ -106.910205334251955, 24.001969196453878 ], [ -106.910733123214072, 24.002768447173679 ], [ -106.911264537156612, 24.003313712671339 ], [ -106.913216707767518, 24.005059018320384 ], [ -106.913703170218994, 24.005554047875588 ], [ -106.914021127537666, 24.006118896976883 ], [ -106.913988886552815, 24.006430796240913 ], [ -106.913520465829748, 24.00732147688856 ], [ -106.913449004413323, 24.007598314568629 ], [ -106.91358394279203, 24.007999543659515 ], [ -106.913848174589688, 24.0082958899531 ], [ -106.914946327483804, 24.009277604855221 ], [ -106.915265089702004, 24.009522479445025 ], [ -106.915654484268842, 24.009683517482078 ], [ -106.915891998919491, 24.009668697555927 ], [ -106.916611003812122, 24.009438498548832 ], [ -106.916814900169584, 24.009393625259953 ], [ -106.917047413331545, 24.009414417323434 ], [ -106.917175678892434, 24.009488993683597 ], [ -106.917541739441944, 24.009816224240907 ], [ -106.91762638666691, 24.00993197593878 ], [ -106.917655345450811, 24.010144920571733 ], [ -106.917612067694094, 24.01033337553438 ], [ -106.917381144666365, 24.010999887251181 ], [ -106.917449625939341, 24.011268203459373 ], [ -106.918000132606707, 24.011853832781377 ], [ -106.918056551571325, 24.011898490839137 ], [ -106.91809538524258, 24.01193897892237 ], [ -106.918908601637483, 24.0125924178998 ], [ -106.922074727663357, 24.014986007352391 ], [ -106.922904491129273, 24.015634136531556 ], [ -106.9229754681229, 24.015697576173487 ], [ -106.923232769665944, 24.016021077617946 ], [ -106.923727479096883, 24.016899692836098 ], [ -106.923900429436117, 24.017127756376357 ], [ -106.924212817830949, 24.017313438542974 ], [ -106.924486136198098, 24.017350635021824 ], [ -106.92544923260175, 24.017338533176112 ], [ -106.925728154838666, 24.017380735699852 ], [ -106.926066696573841, 24.017589785827553 ], [ -106.926271405969857, 24.017846226501867 ], [ -106.926888180061056, 24.018833898075346 ], [ -106.927155140198948, 24.01918604987587 ], [ -106.927784178037655, 24.019841753469191 ], [ -106.928415846977018, 24.020426319014664 ], [ -106.930734638699008, 24.022498565293262 ], [ -106.931438124694338, 24.023077132819775 ], [ -106.932402228078203, 24.023704888777388 ], [ -106.933076029997167, 24.024023115888966 ], [ -106.935256346426982, 24.024880403832459 ], [ -106.935885478100573, 24.025168710126593 ], [ -106.936641096452746, 24.025656869084624 ], [ -106.937091419728432, 24.02606593379112 ], [ -106.938437324771769, 24.027486737481588 ], [ -106.938789063686258, 24.027957988540077 ], [ -106.939084591105427, 24.028736364412502 ], [ -106.939155032774352, 24.029377079627505 ], [ -106.939188233225181, 24.031588708208076 ], [ -106.939230958967187, 24.032224695389662 ], [ -106.939397144255267, 24.032981007175731 ], [ -106.939591826730805, 24.033425465174048 ], [ -106.940334167940421, 24.034743288036385 ], [ -106.940539608864171, 24.03516729337904 ], [ -106.940755983795512, 24.03582816471647 ], [ -106.94085964953797, 24.03634826147767 ], [ -106.941127052120237, 24.038114507862549 ], [ -106.941219511535863, 24.038624588812095 ], [ -106.941383581764995, 24.039238720797339 ], [ -106.94152550838885, 24.039605971199755 ], [ -106.942023766842766, 24.040705673215882 ], [ -106.942220680995916, 24.041051910444413 ], [ -106.942641351828158, 24.041567982714099 ], [ -106.943045397153981, 24.041958990814276 ], [ -106.94451028709662, 24.043267614064916 ], [ -106.94484845395155, 24.043689925630101 ], [ -106.944961658850673, 24.044352099355759 ], [ -106.944785210264158, 24.044875750906908 ], [ -106.943848562934221, 24.046657281836499 ], [ -106.943605604063762, 24.047171619665981 ], [ -106.94340845714477, 24.047790334544032 ], [ -106.943369778978166, 24.048159875351441 ], [ -106.94338642941986, 24.049265684247043 ], [ -106.943446972586244, 24.049613650366432 ], [ -106.943712857681916, 24.050131683081098 ], [ -106.944032151713728, 24.05052376305942 ], [ -106.945256319342349, 24.051835430247923 ], [ -106.945575622432813, 24.052227506350764 ], [ -106.945841521983496, 24.052745534304929 ], [ -106.945902074046714, 24.053093498774249 ], [ -106.9459187500307, 24.05419930529062 ], [ -106.946001727601853, 24.054567299048809 ], [ -106.946372281898022, 24.055178796130992 ], [ -106.946818670158791, 24.055684368386235 ], [ -106.948531287250347, 24.057432195523344 ], [ -106.94896739979086, 24.057988677879607 ], [ -106.949289948962985, 24.05883778145559 ], [ -106.949314618108914, 24.059494305440797 ], [ -106.949107186230108, 24.061708980835544 ], [ -106.949116264138326, 24.062431725691152 ], [ -106.949366065357722, 24.063589859359126 ], [ -106.94971385064396, 24.064521590195106 ], [ -106.950750778664244, 24.066930316917247 ], [ -106.951087088588849, 24.06771152338553 ], [ -106.951503486105665, 24.06842399183672 ], [ -106.952073392851119, 24.06855892098126 ], [ -106.952471141074426, 24.068039208986736 ], [ -106.953757362897377, 24.065478953473079 ], [ -106.954254393264151, 24.064577071864928 ], [ -106.95528766026392, 24.062928548195003 ], [ -106.956266713112058, 24.061475392725146 ], [ -106.959802209554979, 24.056342487025756 ], [ -106.960913100466726, 24.054836830973432 ], [ -106.962561897892272, 24.052943373169967 ], [ -106.963806433697286, 24.051744087688164 ], [ -106.967965353637283, 24.048040828769476 ], [ -106.969316239235496, 24.046931550318082 ], [ -106.971461567021422, 24.045458220248054 ], [ -106.973175432070406, 24.044462735479524 ], [ -106.979027989969026, 24.041290361135694 ], [ -106.979215121482326, 24.041178545469386 ], [ -106.980571435633564, 24.040368102287015 ], [ -106.981251105706122, 24.039885521256135 ], [ -106.981921791279689, 24.03923672090594 ], [ -106.981981403456842, 24.039422862100942 ], [ -106.982160529854269, 24.039773021451222 ], [ -106.982346864134513, 24.039966888399452 ], [ -106.982697099732732, 24.040187684741351 ], [ -106.982897950170852, 24.040298046531571 ], [ -106.983152706998666, 24.040463372925188 ], [ -106.983335766924455, 24.040632930625218 ], [ -106.983530306866541, 24.040851997326389 ], [ -106.984805722122644, 24.042462629762408 ], [ -106.985167714776168, 24.042987800978214 ], [ -106.985382599330691, 24.043575763947754 ], [ -106.985329128877723, 24.043894773673426 ], [ -106.984861100792912, 24.044785645529569 ], [ -106.984795543461502, 24.045077667714928 ], [ -106.984957641828444, 24.045549566560855 ], [ -106.985254769998818, 24.045931684996521 ], [ -106.986479284248006, 24.04724299861601 ], [ -106.986809595392543, 24.04762468280429 ], [ -106.987126519321365, 24.048094568626059 ], [ -106.987248955461226, 24.048384150505118 ], [ -106.98750340110918, 24.049265646839416 ], [ -106.987537685807311, 24.049576687453914 ], [ -106.98744323265079, 24.050146714414034 ], [ -106.987274013677109, 24.050649997942067 ], [ -106.986578768045263, 24.052428626080278 ], [ -106.9864537776905, 24.052931334697792 ], [ -106.986565746348148, 24.053498681387541 ], [ -106.986850693803518, 24.053806467563209 ], [ -106.988068489009478, 24.054675449876132 ], [ -106.988408579927693, 24.054972359148717 ], [ -106.988777867741433, 24.055488959359209 ], [ -106.988965330691059, 24.055930050839574 ], [ -106.989470876255027, 24.057471876543673 ], [ -106.98963591368863, 24.057892944172622 ], [ -106.989900535781345, 24.058316102049435 ], [ -106.990113529426225, 24.058499545613554 ], [ -106.990842879456011, 24.058932455741907 ], [ -106.991044659597321, 24.059105886668096 ], [ -106.99125694813938, 24.059482322944362 ], [ -106.991358437435807, 24.059846658283785 ], [ -106.991619768699152, 24.061170453214956 ], [ -106.99174914415336, 24.061549660723834 ], [ -106.992091562604699, 24.061995500874815 ], [ -106.992257204917152, 24.06211414413043 ], [ -106.993787985945318, 24.063009989440317 ], [ -106.99418625873281, 24.063251954146921 ], [ -106.994708228594206, 24.063624347099196 ], [ -106.995055627124714, 24.063914372528849 ], [ -106.996154858746976, 24.064895427256214 ], [ -106.9964637912272, 24.065201186709125 ], [ -106.996806235848467, 24.065647014391917 ], [ -106.996986509547085, 24.065978152007109 ], [ -106.997485346245611, 24.06707763235228 ], [ -106.997648640982575, 24.067383597960607 ], [ -106.997911841687582, 24.067711958202437 ], [ -106.998124547713871, 24.067875078570783 ], [ -106.998853977178186, 24.068307944728225 ], [ -106.999055940372699, 24.068491518228477 ], [ -106.999269003839657, 24.068915330479015 ], [ -106.99937141719488, 24.069337203199083 ], [ -106.999636286528286, 24.070882129848375 ], [ -106.999784203565369, 24.071384663639478 ], [ -107.00020961241357, 24.072184894414502 ], [ -107.000669425207647, 24.07282554618288 ], [ -107.002389842359563, 24.075015010184774 ], [ -107.002826924677422, 24.07561532358357 ], [ -107.003161327636505, 24.076445524668006 ], [ -107.003165199012756, 24.076501327392066 ], [ -107.002934635734675, 24.07716794181945 ], [ -107.002898025467047, 24.077422347683825 ], [ -107.002957742523051, 24.077942960718676 ], [ -107.003079663865236, 24.0784322876078 ], [ -107.003342903277499, 24.079343556361831 ], [ -107.003588922209545, 24.080195198289555 ], [ -107.003771604462813, 24.080678649448917 ], [ -107.004114855420539, 24.081171845405834 ], [ -107.004422531288526, 24.081392959595128 ], [ -107.005515104683894, 24.081931625315399 ], [ -107.005794420927174, 24.082107401870587 ], [ -107.00600531862402, 24.082389031652834 ], [ -107.006027284266736, 24.082615583825653 ], [ -107.0059188917526, 24.083391197696933 ], [ -107.005968905515132, 24.083642774393205 ], [ -107.006310697468493, 24.084041184582944 ], [ -107.006748959533283, 24.084358764131668 ], [ -107.008452406180396, 24.0854423796285 ], [ -107.008907507480032, 24.085774966669685 ], [ -107.009327851843111, 24.086243435959581 ], [ -107.009473241221073, 24.086580091884922 ], [ -107.009731381851637, 24.087682683888495 ], [ -107.009832053113783, 24.087989456203967 ], [ -107.010043709276275, 24.088318468642495 ], [ -107.010245403939308, 24.088481713931621 ], [ -107.010974991736418, 24.088914510745365 ], [ -107.011176529932911, 24.089067599735618 ], [ -107.011387451413498, 24.089349220316464 ], [ -107.011487229572211, 24.089598446613536 ], [ -107.011741941308216, 24.090479881849721 ], [ -107.011858710201082, 24.090754276643093 ], [ -107.01214891870525, 24.091153350479534 ], [ -107.012446734103179, 24.091449060698881 ], [ -107.013546339818163, 24.09242996275384 ], [ -107.013860198386411, 24.092689909012631 ], [ -107.014225256613756, 24.0929220944634 ], [ -107.01443290890991, 24.092993842078762 ], [ -107.015036894428093, 24.093096477930082 ], [ -107.015216972205522, 24.093173666500888 ], [ -107.015453349755433, 24.093431245204599 ], [ -107.015610954657973, 24.093722026216618 ], [ -107.016110071619011, 24.09482142441086 ], [ -107.016278900900076, 24.095122213409326 ], [ -107.016567649207033, 24.095426498237956 ], [ -107.016811317216394, 24.095560401703445 ], [ -107.01765968782847, 24.095880997067951 ], [ -107.017976295571074, 24.096079955768232 ], [ -107.018605429000388, 24.096687835537107 ], [ -107.019187587723593, 24.097357274849358 ], [ -107.021275241935726, 24.099873425956517 ], [ -107.021891254667992, 24.100583033123847 ], [ -107.022678281929643, 24.101378400319586 ], [ -107.023186590832481, 24.1018050329041 ], [ -107.024771683465346, 24.103000609386026 ], [ -107.025261734113982, 24.103320828499392 ], [ -107.025503738892937, 24.103423862402479 ], [ -107.025546095286899, 24.103460948450728 ], [ -107.026013710313592, 24.103644343913334 ], [ -107.02647604042221, 24.103726238745153 ], [ -107.028165967437289, 24.103925008519614 ], [ -107.028762011911937, 24.104066062568172 ], [ -107.029853627929469, 24.104525551521217 ], [ -107.030817040234723, 24.105040906684184 ], [ -107.031977323424556, 24.105703977340077 ], [ -107.033024458279357, 24.106250698182084 ], [ -107.033893853500643, 24.10669278241452 ], [ -107.034337561185097, 24.106936956389394 ], [ -107.03506441978341, 24.107361308500991 ], [ -107.035812302971294, 24.107700219026206 ], [ -107.036177986442624, 24.107834032290047 ], [ -107.031015689824272, 24.115498938656142 ], [ -107.020693955428868, 24.13082450662046 ], [ -107.012274440951018, 24.143325684854066 ], [ -106.963780461369353, 24.143325521305425 ], [ -106.94480006291397, 24.143325457292981 ], [ -106.944605299380569, 24.158363780335637 ], [ -106.9441804263096, 24.191169605849893 ], [ -106.943751551435483, 24.224284423542041 ], [ -106.943401313961573, 24.251327392944177 ], [ -106.942966060930388, 24.284934688795129 ], [ -106.942624798259089, 24.311284684627516 ], [ -106.936839534507556, 24.309402315042277 ], [ -106.922299641833945, 24.304671424124077 ], [ -106.900819351612014, 24.29768231407958 ], [ -106.871055371792906, 24.287997913721448 ], [ -106.85587118668316, 24.283057387333226 ], [ -106.839139093592905, 24.302872046579864 ], [ -106.819879139422966, 24.325680276663483 ], [ -106.804427858765138, 24.34397815843522 ], [ -106.791272762526475, 24.359556827996734 ], [ -106.777384460927834, 24.376003781895875 ], [ -106.778053654361244, 24.389109425218379 ], [ -106.779083245338938, 24.409273179744648 ], [ -106.780385201942138, 24.434771007444702 ], [ -106.780829666502754, 24.443475507085992 ], [ -106.770916750379627, 24.444707584692896 ], [ -106.745761798378396, 24.447834096879486 ], [ -106.721448615048402, 24.450855985530769 ], [ -106.703472587894979, 24.453090228234103 ], [ -106.684664789976921, 24.455427851831669 ], [ -106.668523005538134, 24.457434116274495 ], [ -106.668473919716448, 24.456514787978833 ], [ -106.668452065897569, 24.45485591118279 ], [ -106.668423787722844, 24.454394040369269 ], [ -106.668313676131106, 24.453897520171875 ], [ -106.668184652214165, 24.453650076331328 ], [ -106.667692654773248, 24.452991857529451 ], [ -106.667540840996381, 24.452698954016338 ], [ -106.667324372581845, 24.451990290623716 ], [ -106.667166946874971, 24.45127081775593 ], [ -106.666648775622789, 24.448621939081114 ], [ -106.666418508321996, 24.447847399411835 ], [ -106.665862088951428, 24.446881760361773 ], [ -106.665297473431835, 24.446276814086911 ], [ -106.663219051980931, 24.444419352511659 ], [ -106.662611681489082, 24.443936760094076 ], [ -106.661855673113095, 24.443542140858433 ], [ -106.661383028175379, 24.443460992536327 ], [ -106.659933356654918, 24.443476913632825 ], [ -106.659268782719352, 24.443706374896792 ], [ -106.658843260774219, 24.443978149321726 ], [ -106.65865234420292, 24.444179493361599 ], [ -106.656828540119292, 24.446369855360814 ], [ -106.656439499985936, 24.447025917734639 ], [ -106.65616991370392, 24.44819025957209 ], [ -106.656173834359549, 24.449197543283322 ], [ -106.656461733201127, 24.452733857186384 ], [ -106.656514724292009, 24.453674576092617 ], [ -106.656474103544085, 24.454528285521636 ], [ -106.656363081380505, 24.454807151605152 ], [ -106.655885596761948, 24.45525481645506 ], [ -106.655761751098723, 24.455401769817858 ], [ -106.655661291121476, 24.455639888117432 ], [ -106.655641622736923, 24.455833103826158 ], [ -106.655650297323533, 24.456496658829561 ], [ -106.655675343264448, 24.456714779499301 ], [ -106.655783549949163, 24.457069120915527 ], [ -106.655913085423521, 24.457357202151506 ], [ -106.656409382165165, 24.45834723859678 ], [ -106.656683528729644, 24.458905646354253 ], [ -106.649349440512339, 24.459817201112447 ], [ -106.635568047259198, 24.461530092234323 ], [ -106.623838479301284, 24.462987961729041 ], [ -106.608988174064052, 24.464833708057505 ], [ -106.58771819086536, 24.467477356977042 ], [ -106.57220759681762, 24.46940517068581 ], [ -106.559530766896643, 24.470980775490521 ], [ -106.544838456343584, 24.475907927013989 ], [ -106.533478455789705, 24.491731223594304 ], [ -106.51622583902784, 24.515762320293142 ], [ -106.509185694243101, 24.525568508098235 ], [ -106.499564103433173, 24.538970381120841 ], [ -106.491328078218544, 24.550442305703573 ], [ -106.485250052172134, 24.558908362399528 ], [ -106.467759830636382, 24.546951653898756 ], [ -106.437945237762662, 24.526569728184892 ] ], [ [ -106.776023765192249, 24.064582668144123 ], [ -106.776157913277515, 24.06557659044573 ], [ -106.776408020180469, 24.065797161266111 ], [ -106.777441036119541, 24.065832565421385 ], [ -106.778666662232524, 24.065662564167845 ], [ -106.783353192344322, 24.064833739963319 ], [ -106.784548967625213, 24.064506592440672 ], [ -106.785442758656515, 24.063808810461406 ], [ -106.785523832857351, 24.063139134200348 ], [ -106.785008407677594, 24.060711760965887 ], [ -106.78478531989613, 24.06004563315912 ], [ -106.784259658566285, 24.059364410823747 ], [ -106.78373180151911, 24.059057362620116 ], [ -106.781794139376586, 24.058305678914436 ], [ -106.781262865279885, 24.058151030653327 ], [ -106.780721235207878, 24.058181037071655 ], [ -106.780478750437666, 24.058378552985634 ], [ -106.779888780359315, 24.059270287503661 ], [ -106.779674924212273, 24.059538574882772 ], [ -106.779266902339813, 24.05989884869571 ], [ -106.778897869615193, 24.060145237716561 ], [ -106.777583730116945, 24.060934773592795 ], [ -106.777220501231412, 24.061201407304686 ], [ -106.776839581037024, 24.061656167919217 ], [ -106.776658638652293, 24.062039192750195 ], [ -106.776195157358885, 24.063371881196542 ], [ -106.7760807159639, 24.063764291296689 ], [ -106.776010142459, 24.064262850611886 ], [ -106.776023765192249, 24.064582668144123 ] ], [ [ -106.696779844831667, 24.085474457658069 ], [ -106.698042856008371, 24.088024934421149 ], [ -106.700298152737531, 24.091232576681648 ], [ -106.702112654535654, 24.091591637071726 ], [ -106.70358575679839, 24.091421716476351 ], [ -106.704181701394447, 24.091117085984184 ], [ -106.704474695790424, 24.090960310467352 ], [ -106.705044993266, 24.09020446749744 ], [ -106.705861223068666, 24.090195360188698 ], [ -106.706762969055873, 24.089959546125705 ], [ -106.706863393080951, 24.089602425962283 ], [ -106.707540484341465, 24.089777060756433 ], [ -106.70884039706084, 24.089897976710656 ], [ -106.710796028903545, 24.089402054237674 ], [ -106.712289857623048, 24.088572675559224 ], [ -106.717305273874942, 24.085198087078073 ], [ -106.718846557456956, 24.084200505539641 ], [ -106.721023933557291, 24.082919787834733 ], [ -106.722593190156033, 24.082087772028725 ], [ -106.727738907405495, 24.079485668229449 ], [ -106.729038885750114, 24.078793766548273 ], [ -106.729959859712309, 24.07816709127535 ], [ -106.729975570722416, 24.077963751337219 ], [ -106.729127922764206, 24.077641506979806 ], [ -106.728786629912364, 24.077630128639974 ], [ -106.728041573464907, 24.077899274983633 ], [ -106.727318496052334, 24.078295146041317 ], [ -106.724689153085677, 24.079873374640687 ], [ -106.723916611624787, 24.080295183716125 ], [ -106.722940797483545, 24.080685419310221 ], [ -106.722319321938187, 24.080821090662223 ], [ -106.720394915287358, 24.081063977168068 ], [ -106.719878055728572, 24.08116290813906 ], [ -106.719370222975527, 24.081405766259035 ], [ -106.719210743396587, 24.081595361873664 ], [ -106.718859686196865, 24.082373585173432 ], [ -106.718740749723054, 24.082581471164037 ], [ -106.718535450561447, 24.082773890571826 ], [ -106.718364312105408, 24.082839656026234 ], [ -106.7177634760708, 24.082957018593497 ], [ -106.717421823970525, 24.082781396085782 ], [ -106.716428293083297, 24.081844458729751 ], [ -106.715350631285801, 24.080681592461001 ], [ -106.711315237796455, 24.07619174919612 ], [ -106.710231398258117, 24.07497304092124 ], [ -106.709208712836499, 24.073775649822146 ], [ -106.708831558057909, 24.073283806100214 ], [ -106.708094183996295, 24.07218592872896 ], [ -106.707978810307949, 24.071828294276745 ], [ -106.70817776498302, 24.071257213428897 ], [ -106.708577356658253, 24.07079901744239 ], [ -106.710243139554436, 24.069231840652716 ], [ -106.710664436880393, 24.068742922449289 ], [ -106.710964730844964, 24.068028490494413 ], [ -106.710972427644791, 24.067496792451301 ], [ -106.710708059327573, 24.06572996639261 ], [ -106.710660854967841, 24.065229356697721 ], [ -106.710704930774526, 24.064660004923176 ], [ -106.710815099735484, 24.06434725494443 ], [ -106.711285142131359, 24.063457106121827 ], [ -106.711384517144467, 24.06316479292499 ], [ -106.711378228658418, 24.062690814192056 ], [ -106.711269871053489, 24.062306014843692 ], [ -106.710770497317611, 24.060984261830274 ], [ -106.710562055793403, 24.060559948015904 ], [ -106.710088698728597, 24.059901570280537 ], [ -106.70962091786491, 24.05938534337545 ], [ -106.707911322925639, 24.057634649886143 ], [ -106.707486995484786, 24.057056981234918 ], [ -106.707216369999287, 24.056111900611892 ], [ -106.707254086170437, 24.055339455255584 ], [ -106.70770070877127, 24.052679790677857 ], [ -106.707788932721954, 24.051962651666226 ], [ -106.707754031277759, 24.051275668168067 ], [ -106.707615949236086, 24.05101140209279 ], [ -106.70700647057464, 24.050465142286299 ], [ -106.706781521881013, 24.050323742865267 ], [ -106.706341237266557, 24.050210139583321 ], [ -106.7059372075813, 24.050189247995132 ], [ -106.704492019136197, 24.05020534971889 ], [ -106.704039626897952, 24.050291653179087 ], [ -106.703373649841708, 24.050678307577556 ], [ -106.702874643810773, 24.051144367418228 ], [ -106.701211900832703, 24.052932650933691 ], [ -106.700713012197525, 24.053408861274939 ], [ -106.700047633153858, 24.053842900712141 ], [ -106.699595982499233, 24.053986746853614 ], [ -106.698153657512648, 24.054223982948084 ], [ -106.697644562599152, 24.054205928854454 ], [ -106.696711117702208, 24.053884444779914 ], [ -106.695886724508483, 24.053443233291681 ], [ -106.692973044906012, 24.051705697458232 ], [ -106.692070856122768, 24.051234849799904 ], [ -106.690774280273274, 24.050775126143538 ], [ -106.689824214458596, 24.050589225431015 ], [ -106.68668715411971, 24.050181379689548 ], [ -106.685776338313929, 24.050035653995156 ], [ -106.684662917925195, 24.049763481151178 ], [ -106.683983133755177, 24.049520390511088 ], [ -106.681924241297864, 24.048658127645279 ], [ -106.681300892462772, 24.048500750099173 ], [ -106.680450806651137, 24.04862859940982 ], [ -106.679859743296973, 24.048968619254786 ], [ -106.677951508169457, 24.050427518871178 ], [ -106.677466426799086, 24.050837476371711 ], [ -106.677110973869276, 24.051291724488042 ], [ -106.677088267926507, 24.051530694043372 ], [ -106.677337762949804, 24.052191637252349 ], [ -106.677581234714182, 24.052483560066591 ], [ -106.678467945388519, 24.053184920208448 ], [ -106.679491211618128, 24.053894934442813 ], [ -106.683379831333284, 24.056506911711473 ], [ -106.684438056271958, 24.057348563436268 ], [ -106.685451966652451, 24.058619514224237 ], [ -106.685800689011586, 24.059473570362059 ], [ -106.686563827332535, 24.062562308384045 ], [ -106.686863286202055, 24.06346647998679 ], [ -106.687291198164843, 24.064229275526113 ], [ -106.687497604647007, 24.064597211643346 ], [ -106.687925524439706, 24.065360004882709 ], [ -106.688479381053241, 24.06597693343188 ], [ -106.69042974399828, 24.067725188919365 ], [ -106.690911104539694, 24.068280001125228 ], [ -106.691353675009637, 24.069282733692294 ], [ -106.691464378173166, 24.070131417029494 ], [ -106.691502100141761, 24.073006914566552 ], [ -106.691528842988703, 24.073780338995039 ], [ -106.691615918145928, 24.074514156042948 ], [ -106.691713568231094, 24.074789041684845 ], [ -106.6920821946687, 24.075338023734847 ], [ -106.692244754100969, 24.075500450016488 ], [ -106.69263473712391, 24.075709457299425 ], [ -106.693029296605332, 24.075845612112573 ], [ -106.694480595755479, 24.076271985903198 ], [ -106.694908612982104, 24.076428081429949 ], [ -106.695454723726229, 24.076730160857487 ], [ -106.695806865148015, 24.077005607671548 ], [ -106.696904089687408, 24.077988942565057 ], [ -106.697224788459835, 24.078396791630613 ], [ -106.697416591183853, 24.078838626502431 ], [ -106.697096715994078, 24.078915204097822 ], [ -106.695390831328965, 24.079322416260936 ], [ -106.696160052201847, 24.081724880241758 ], [ -106.696109069174483, 24.083829422343776 ], [ -106.696779844831667, 24.085474457658069 ] ], [ [ -106.721084448314159, 24.14004995208651 ], [ -106.720793134647394, 24.141073604664676 ], [ -106.722096174065541, 24.142124421940704 ], [ -106.723011139460212, 24.14138268064875 ], [ -106.723979792985688, 24.140243016965279 ], [ -106.724651091710797, 24.139675585120685 ], [ -106.724994613024691, 24.13814566819249 ], [ -106.72547437695475, 24.137237265932946 ], [ -106.726638258216326, 24.136718435342104 ], [ -106.72929366289145, 24.137365605505629 ], [ -106.7304734492227, 24.138029466459098 ], [ -106.730884310048367, 24.137121830150004 ], [ -106.731241357871667, 24.135871671925319 ], [ -106.732100256881225, 24.136087671539133 ], [ -106.732145147567408, 24.139419146570123 ], [ -106.732840625212546, 24.140648329010034 ], [ -106.733268983879853, 24.140309363274227 ], [ -106.733196200305159, 24.139289826721321 ], [ -106.733112120079682, 24.138162061063369 ], [ -106.733656913222063, 24.13697297451705 ], [ -106.733452469618584, 24.135675010391292 ], [ -106.733070371320693, 24.135065325234294 ], [ -106.731833036556964, 24.134510493747594 ], [ -106.731511420970932, 24.133277063389951 ], [ -106.731875264383575, 24.132532494183177 ], [ -106.732918006330266, 24.132520660013824 ], [ -106.732721244896723, 24.131791482051717 ], [ -106.731492332608866, 24.131859605094828 ], [ -106.730211320299688, 24.132443006315999 ], [ -106.729176955435975, 24.13307778209607 ], [ -106.72849053879861, 24.132516679929001 ], [ -106.729331925870483, 24.131432605945946 ], [ -106.729927372214377, 24.129619902570312 ], [ -106.731204712489131, 24.128765652971623 ], [ -106.732731605570621, 24.128179454528897 ], [ -106.732540919906569, 24.127170283517863 ], [ -106.732213131903748, 24.126207816488041 ], [ -106.732440808265608, 24.124850766094443 ], [ -106.73187403396993, 24.123674294372321 ], [ -106.731181705624991, 24.122670809405577 ], [ -106.730383374905216, 24.122562471240407 ], [ -106.729293102596017, 24.123423623307282 ], [ -106.728323038118404, 24.124445943819666 ], [ -106.727582262082194, 24.124228582334695 ], [ -106.726606239033401, 24.124808499954561 ], [ -106.725635415541973, 24.125776634414947 ], [ -106.725339534702371, 24.127188627430424 ], [ -106.726098501559292, 24.128760263169898 ], [ -106.724279452707748, 24.130306855946561 ], [ -106.723357793693296, 24.130543008499345 ], [ -106.722858439771997, 24.129988796990855 ], [ -106.721785492793316, 24.127743449431339 ], [ -106.721032624662769, 24.126623211425091 ], [ -106.720346277478598, 24.126062068204188 ], [ -106.719616849733626, 24.126693343144346 ], [ -106.718698222026873, 24.127155178275352 ], [ -106.717664559372977, 24.127844048052868 ], [ -106.717313373315662, 24.128805160320454 ], [ -106.716461336010525, 24.129835112918617 ], [ -106.715298191534487, 24.130408035987802 ], [ -106.71486989787887, 24.130015535230157 ], [ -106.714918445460668, 24.129229394503543 ], [ -106.714523574065822, 24.12765360871623 ], [ -106.714331466415516, 24.12652703645411 ], [ -106.712052326438879, 24.126778357042006 ], [ -106.710395171563874, 24.126453796654406 ], [ -106.708790326773737, 24.126363408643893 ], [ -106.707258775292487, 24.126606288883714 ], [ -106.706573322763845, 24.126108279991868 ], [ -106.706128525884779, 24.125210264712777 ], [ -106.705271889236627, 24.125156625605577 ], [ -106.704112558052813, 24.126018377263179 ], [ -106.703565402230311, 24.126304409335543 ], [ -106.70294125680924, 24.125977266923247 ], [ -106.702688642603476, 24.125474411328689 ], [ -106.702361953978524, 24.123834616602728 ], [ -106.701684059078417, 24.123905382241134 ], [ -106.702081747673347, 24.125706925075015 ], [ -106.700967917650445, 24.125547770279056 ], [ -106.700460440435165, 24.124370508465809 ], [ -106.699407249999851, 24.123587604095484 ], [ -106.698595576701862, 24.122467899361059 ], [ -106.698328803009332, 24.12089063550842 ], [ -106.697539212625657, 24.119951275958133 ], [ -106.696355554501366, 24.120461073739971 ], [ -106.695625317299601, 24.121038067797162 ], [ -106.695150504822919, 24.122334615495141 ], [ -106.69530281322271, 24.122694120629536 ], [ -106.695780488516789, 24.123853673433796 ], [ -106.695924793161922, 24.125098196517204 ], [ -106.696857552357343, 24.125701865832166 ], [ -106.696738606179281, 24.126380429695303 ], [ -106.695507564688072, 24.126285746818205 ], [ -106.695648776042489, 24.127295526880122 ], [ -106.696693758442649, 24.127455485251783 ], [ -106.696455336767983, 24.128027017910846 ], [ -106.694738971695742, 24.12843436596728 ], [ -106.693263410604231, 24.128450738789358 ], [ -106.692813584941263, 24.127164451051698 ], [ -106.69114223030283, 24.126505730290784 ], [ -106.690093582261781, 24.126065846467412 ], [ -106.689793738574352, 24.126457451631225 ], [ -106.691035227004917, 24.127346697093845 ], [ -106.69172217480093, 24.127962150361633 ], [ -106.692049455958227, 24.129656145498231 ], [ -106.69088844755963, 24.130400431716748 ], [ -106.689231171804067, 24.130816095254357 ], [ -106.687884886058342, 24.130939345693545 ], [ -106.687503722816004, 24.130383704816659 ], [ -106.68650365663666, 24.129148627284859 ], [ -106.68405098436169, 24.129681378511595 ], [ -106.682893973026268, 24.129983095181277 ], [ -106.682281549330085, 24.130549701012566 ], [ -106.679575583544874, 24.130525316875378 ], [ -106.678482643638219, 24.131214583500807 ], [ -106.677438878853721, 24.131903302391908 ], [ -106.676887276625749, 24.131855183057915 ], [ -106.676262644138845, 24.130733299508634 ], [ -106.675207813741963, 24.130573309309501 ], [ -106.674721826367929, 24.131030139351729 ], [ -106.674118491943432, 24.131542434672877 ], [ -106.67406981156492, 24.132337604740169 ], [ -106.675372401878562, 24.133388848397871 ], [ -106.67574898228429, 24.134350919351942 ], [ -106.674590259652661, 24.134526175005675 ], [ -106.673612372097026, 24.134988397894531 ], [ -106.673130828086059, 24.135788313203975 ], [ -106.672080420550643, 24.13597139307242 ], [ -106.670795310911856, 24.136265394733066 ], [ -106.669457030289422, 24.137011465688385 ], [ -106.668831385096567, 24.136566809353734 ], [ -106.668343126181881, 24.13685207614478 ], [ -106.668244170428807, 24.138325042664778 ], [ -106.66762871264514, 24.138665877584952 ], [ -106.666761919945955, 24.137835558794293 ], [ -106.665643565227882, 24.13733305919413 ], [ -106.66557436073721, 24.136548206365664 ], [ -106.66537352366781, 24.135475830325074 ], [ -106.664637211510367, 24.135601252037493 ], [ -106.664596422083264, 24.137010373964536 ], [ -106.663616256081355, 24.137300990170026 ], [ -106.66349572392609, 24.137871192852106 ], [ -106.664234972636237, 24.137971493568156 ], [ -106.664852541867106, 24.137793188662009 ], [ -106.665113109350173, 24.138919093321569 ], [ -106.665562828913053, 24.14021450248914 ], [ -106.666551791326143, 24.140601024858654 ], [ -106.667406186901502, 24.140474302697502 ], [ -106.668150725625281, 24.140980874254748 ], [ -106.669135948735473, 24.141078461315718 ], [ -106.669139583531631, 24.141358350381687 ], [ -106.66811068002761, 24.142444166244587 ], [ -106.6666502762628, 24.143643048778472 ], [ -106.665979504299841, 24.144273441242557 ], [ -106.665373967903392, 24.144623189970929 ], [ -106.664506663215619, 24.144515263502214 ], [ -106.663819744109603, 24.143899686684072 ], [ -106.663258627031738, 24.143120195704135 ], [ -106.662455880731883, 24.142677444075897 ], [ -106.662880706376711, 24.142049746791077 ], [ -106.662873463857267, 24.141489966912488 ], [ -106.662552801011444, 24.141041961539617 ], [ -106.662132677477842, 24.141272287437552 ], [ -106.661328861135644, 24.141506789706352 ], [ -106.660897066369074, 24.140834240685461 ], [ -106.660696258922783, 24.139761857307676 ], [ -106.660802650601127, 24.13885770060034 ], [ -106.660245190035994, 24.138358086273165 ], [ -106.659802058944379, 24.137568266571236 ], [ -106.659133777748991, 24.137629712605641 ], [ -106.658561365631996, 24.136732934100305 ], [ -106.657806874677661, 24.13544984059607 ], [ -106.65699977308762, 24.134663963987958 ], [ -106.655951158255874, 24.134223843228476 ], [ -106.656127142701621, 24.133373113009096 ], [ -106.65586748123755, 24.132310388573131 ], [ -106.655245506395801, 24.132145563826967 ], [ -106.655198103610061, 24.133049079233327 ], [ -106.654832989241797, 24.133730288896704 ], [ -106.654161820133695, 24.133565993307407 ], [ -106.653415983763523, 24.132951002528714 ], [ -106.653216763752525, 24.131995978101145 ], [ -106.653756054619279, 24.131087134715063 ], [ -106.654484455965388, 24.130347810626056 ], [ -106.655023731415923, 24.12943896343128 ], [ -106.654354094812334, 24.129392041290256 ], [ -106.653377556955903, 24.129962481812708 ], [ -106.652704578440961, 24.130421270084035 ], [ -106.651838884082451, 24.130430639644114 ], [ -106.651337620841801, 24.129704630335748 ], [ -106.65052480110711, 24.128467275839849 ], [ -106.649639309404463, 24.126165156943564 ], [ -106.649067711976244, 24.125322507901206 ], [ -106.648894348682617, 24.125613341523607 ], [ -106.649031146539158, 24.127074730570062 ], [ -106.648545073174034, 24.127531481792779 ], [ -106.64880477845999, 24.128603251923792 ], [ -106.649254988698061, 24.129952894445339 ], [ -106.648639514274308, 24.13029365368666 ], [ -106.648714164334578, 24.130744349306852 ], [ -106.649508915173598, 24.130573223353352 ], [ -106.649711000941622, 24.131753973908314 ], [ -106.650394440028293, 24.132875340201146 ], [ -106.650226053612187, 24.133554412796165 ], [ -106.648881420951909, 24.134580307006825 ], [ -106.647535149943366, 24.134712234412941 ], [ -106.646174644675256, 24.134501162067703 ], [ -106.645436811174264, 24.134509117506383 ], [ -106.644830449347722, 24.134795584072691 ], [ -106.644509865178961, 24.13434753608319 ], [ -106.643766952939714, 24.133958216047539 ], [ -106.643725870534993, 24.133823207728337 ], [ -106.643510968469258, 24.133175358200909 ], [ -106.643030652232909, 24.133315979609552 ], [ -106.642737187057293, 24.134989697369715 ], [ -106.64415810649497, 24.135308510188356 ], [ -106.644968026391993, 24.13632017859981 ], [ -106.644239535740539, 24.137059461487176 ], [ -106.644072821713422, 24.138641514751104 ], [ -106.644285039470802, 24.140616807230803 ], [ -106.643931070736386, 24.141406233970375 ], [ -106.64400823271076, 24.142823118670982 ], [ -106.645183281333217, 24.1431445663912 ], [ -106.64666633546797, 24.143697462201242 ], [ -106.648519796735854, 24.144742993032917 ], [ -106.648962888161549, 24.145532847208116 ], [ -106.648918338690009, 24.146662080934021 ], [ -106.648609987493373, 24.147171093897697 ], [ -106.647564187023363, 24.146956639428286 ], [ -106.645830845055528, 24.146072343227551 ], [ -106.644036299761666, 24.145017114962062 ], [ -106.642915881197993, 24.144351929457695 ], [ -106.641924181935025, 24.143748560522603 ], [ -106.640875535958642, 24.143308337860969 ], [ -106.639948529739129, 24.143146732012482 ], [ -106.639655449059532, 24.143312422260074 ], [ -106.639342805775698, 24.143487352181783 ], [ -106.640695981932339, 24.143888191411978 ], [ -106.641012082847098, 24.143984122924635 ], [ -106.642373576709929, 24.14503502020689 ], [ -106.643185743030273, 24.146218241353907 ], [ -106.642522482545914, 24.146676884371015 ], [ -106.642902330879565, 24.147909909791487 ], [ -106.643382724136799, 24.147001732974335 ], [ -106.644608984887014, 24.146708589711039 ], [ -106.645605113423699, 24.147655032687602 ], [ -106.647272266216191, 24.14798018374794 ], [ -106.648751677727958, 24.148244134944562 ], [ -106.648709328350407, 24.149544914875236 ], [ -106.64926320512123, 24.149764678885003 ], [ -106.649737761741889, 24.148405046315712 ], [ -106.650522296360649, 24.147430350203074 ], [ -106.650807810383611, 24.145910219383335 ], [ -106.65073926799586, 24.145170499803726 ], [ -106.652041236807193, 24.146176800512464 ], [ -106.652803755551375, 24.148082904017581 ], [ -106.652890862739554, 24.149499670930744 ], [ -106.653031350106758, 24.151240939116796 ], [ -106.652120995685991, 24.152379550530021 ], [ -106.650895514864459, 24.152735957229325 ], [ -106.649911599576299, 24.152746601635918 ], [ -106.649364896030889, 24.153086623715915 ], [ -106.648269510540175, 24.153613173495504 ], [ -106.64711021910334, 24.154528696419888 ], [ -106.646202681453062, 24.155892995284031 ], [ -106.645718577377025, 24.156512260088441 ], [ -106.644734630600212, 24.156522872669175 ], [ -106.644123889848885, 24.156475276629934 ], [ -106.643740630511189, 24.155747975225655 ], [ -106.643439189880709, 24.15603115392198 ], [ -106.643570318959789, 24.15705013372386 ], [ -106.644139840038534, 24.15772124758961 ], [ -106.643588344103435, 24.158458622904046 ], [ -106.641993631551415, 24.158421618442485 ], [ -106.640623420792835, 24.157470149549258 ], [ -106.639818807570123, 24.156882819492363 ], [ -106.638328943019928, 24.155806194071033 ], [ -106.637152294244984, 24.15536732484707 ], [ -106.635426026497271, 24.155042700170757 ], [ -106.63395091935854, 24.155121717965919 ], [ -106.633463196854336, 24.155461053366938 ], [ -106.632549620092448, 24.155588224156016 ], [ -106.632062580266279, 24.155981728334076 ], [ -106.63194258253786, 24.156606086206953 ], [ -106.632434559473097, 24.156600821938909 ], [ -106.632921485523411, 24.156198287712122 ], [ -106.633058812645942, 24.15693728207798 ], [ -106.632268377698168, 24.158237040497248 ], [ -106.631431022522975, 24.159717898299817 ], [ -106.63138700980376, 24.160901306377276 ], [ -106.632075514977544, 24.16242001912731 ], [ -106.633326990327632, 24.164095240168184 ], [ -106.634076489584913, 24.164990215355765 ], [ -106.634884878149904, 24.1650989415261 ], [ -106.634995716479224, 24.164528860696993 ], [ -106.634231849266357, 24.162505288581215 ], [ -106.633607411860055, 24.161383222605686 ], [ -106.633167336700751, 24.160828072597866 ], [ -106.633271060579887, 24.159698205607281 ], [ -106.633882350518988, 24.159014404767341 ], [ -106.634173020543912, 24.157882534606539 ], [ -106.634342739304245, 24.156526208650405 ], [ -106.634524634531331, 24.156126937421931 ], [ -106.635384233821242, 24.156397655546538 ], [ -106.636255861474922, 24.156839810486748 ], [ -106.636878225354607, 24.157799347680424 ], [ -106.639481139218688, 24.15895432697809 ], [ -106.640096964869443, 24.15939920785712 ], [ -106.639669781449825, 24.159855302359144 ], [ -106.638514450556954, 24.16031921996893 ], [ -106.637656493615665, 24.160951507079897 ], [ -106.637543366477928, 24.161341013308967 ], [ -106.638398053000628, 24.161223473797847 ], [ -106.639379157200281, 24.160987180356912 ], [ -106.640359565399805, 24.16069670806182 ], [ -106.640783864799516, 24.160014891991047 ], [ -106.64158296250568, 24.160168833859487 ], [ -106.642758283264456, 24.160499320118568 ], [ -106.643739372196393, 24.16026299932496 ], [ -106.644529917735895, 24.159748796467799 ], [ -106.645156991359642, 24.160301894826056 ], [ -106.646151152172962, 24.161085808988176 ], [ -106.647197067504919, 24.161300266681671 ], [ -106.647252400131165, 24.161010708842216 ], [ -106.646692687582359, 24.160339502311356 ], [ -106.646067806460678, 24.159957957134839 ], [ -106.645997889874181, 24.159109890505846 ], [ -106.646476792677149, 24.158084330229805 ], [ -106.647534249762259, 24.156899010576311 ], [ -106.648058283055818, 24.156324458997531 ], [ -106.649332756592912, 24.155181933136035 ], [ -106.650248142876606, 24.154431572640444 ], [ -106.650738714591554, 24.154317904817866 ], [ -106.650823163144878, 24.1562945615226 ], [ -106.651722962609114, 24.156627960858085 ], [ -106.651999860598409, 24.156733322220767 ], [ -106.651993241163339, 24.156218684041463 ], [ -106.651671878087555, 24.155716484111419 ], [ -106.651597633314054, 24.154534357944932 ], [ -106.652388110961738, 24.154020117573442 ], [ -106.652581561453488, 24.154523701928166 ], [ -106.653869808943895, 24.154455560550311 ], [ -106.653861090270809, 24.153778405480168 ], [ -106.654410994787526, 24.152923623315647 ], [ -106.654815934304438, 24.151510552275194 ], [ -106.654866548153493, 24.150092294018002 ], [ -106.654836777878671, 24.147780937614243 ], [ -106.654326008783656, 24.146323616319687 ], [ -106.653196005298398, 24.144918152683047 ], [ -106.650954146831467, 24.142748131161412 ], [ -106.649348740878622, 24.141862488952487 ], [ -106.64810945608177, 24.141135415799194 ], [ -106.647237207716586, 24.140639151498586 ], [ -106.646736620007829, 24.139967301462423 ], [ -106.647030034962171, 24.139061132064782 ], [ -106.648187805321299, 24.138037270106143 ], [ -106.64978480001399, 24.137505304449046 ], [ -106.651688635276997, 24.137882034392629 ], [ -106.653988477723487, 24.139211630197469 ], [ -106.654804310265334, 24.140674677716934 ], [ -106.656052233632167, 24.142069821403705 ], [ -106.656860077582479, 24.142909872478008 ], [ -106.657063654007388, 24.144198951509708 ], [ -106.657566524179842, 24.145042309312256 ], [ -106.658866326794183, 24.145877003226321 ], [ -106.659126863451817, 24.147002918921061 ], [ -106.659869895397961, 24.147392156897912 ], [ -106.660657261194558, 24.146643130855203 ], [ -106.661588747485908, 24.147147698876875 ], [ -106.662644030032368, 24.148093380657166 ], [ -106.66229459813907, 24.149225934914458 ], [ -106.661816554082193, 24.150305709594662 ], [ -106.660703939985424, 24.150254614785496 ], [ -106.661583659887768, 24.151319603365057 ], [ -106.662031176572683, 24.152443475198869 ], [ -106.662633953939618, 24.151877048865 ], [ -106.662925056070648, 24.150799309631577 ], [ -106.66359073186787, 24.149771665883048 ], [ -106.664074722777954, 24.149152349866991 ], [ -106.66500904817714, 24.149873583652614 ], [ -106.666256470199414, 24.15121445922869 ], [ -106.667059283570211, 24.151657186747059 ], [ -106.668341624242828, 24.151137491464244 ], [ -106.669130821832951, 24.149774366351004 ], [ -106.669913802347565, 24.148691234201777 ], [ -106.67075650633879, 24.147661624195049 ], [ -106.671665248108525, 24.146414567748785 ], [ -106.672936467710329, 24.145046143528663 ], [ -106.674283116003636, 24.144182558901736 ], [ -106.675130934263919, 24.143550188276425 ], [ -106.675736857069495, 24.142478002693842 ], [ -106.676405332023279, 24.141676026055631 ], [ -106.677378073205659, 24.140816523178053 ], [ -106.678482888239756, 24.141030124193787 ], [ -106.678245777204182, 24.141709976924009 ], [ -106.677089761610077, 24.14285142759039 ], [ -106.676117003858749, 24.143710929360399 ], [ -106.675590307996487, 24.145576880968889 ], [ -106.674495104287345, 24.146103610261083 ], [ -106.673286569127683, 24.147751287815431 ], [ -106.673708102390322, 24.14762927512961 ], [ -106.674811866392844, 24.147003127595916 ], [ -106.675427745245514, 24.147447862926697 ], [ -106.674709618743975, 24.14897277623912 ], [ -106.672941384674871, 24.149958378817228 ], [ -106.671915270833665, 24.151260908871624 ], [ -106.671012490106648, 24.152968429300017 ], [ -106.670419374715294, 24.154275236932708 ], [ -106.669319281900442, 24.155190273881718 ], [ -106.669512799471022, 24.155693832969057 ], [ -106.670485689714738, 24.154834367233999 ], [ -106.671101594046604, 24.155279118358095 ], [ -106.670998205849457, 24.156408993472212 ], [ -106.671611887028817, 24.156682197585489 ], [ -106.671841770019071, 24.155442576735069 ], [ -106.672629424393193, 24.153962062411502 ], [ -106.673169478822516, 24.153116355916985 ], [ -106.673854962710351, 24.153614512396366 ], [ -106.675118100650408, 24.151623092447949 ], [ -106.67556432125204, 24.152638574347943 ], [ -106.675829378295958, 24.154098511231386 ], [ -106.676148411519563, 24.155169567267947 ], [ -106.676941733182289, 24.154880920500744 ], [ -106.677373124448749, 24.154758788536199 ], [ -106.67692770649866, 24.153806513792134 ], [ -106.676851700117169, 24.152507040075488 ], [ -106.676839914872332, 24.151604176980374 ], [ -106.677271413328057, 24.151491074482191 ], [ -106.678079334083918, 24.1523219727015 ], [ -106.679264925837003, 24.153437666574877 ], [ -106.679620943425292, 24.152819712807396 ], [ -106.679245805732378, 24.15197503029734 ], [ -106.678798143567946, 24.150851217078529 ], [ -106.678790002879893, 24.150228242041312 ], [ -106.679959405097392, 24.150107010735216 ], [ -106.681248996690911, 24.15014698460519 ], [ -106.680866971778855, 24.149528129753893 ], [ -106.680500694036184, 24.149360596201305 ], [ -106.679386791415183, 24.149210322810841 ], [ -106.678829923282777, 24.148764955235261 ], [ -106.678626002134877, 24.147466889724829 ], [ -106.67861715587955, 24.146789742579372 ], [ -106.679605377834278, 24.147112974686326 ], [ -106.681729118299998, 24.149238701604549 ], [ -106.682774979437312, 24.149452917602812 ], [ -106.683131109979925, 24.148094502634507 ], [ -106.683345258025611, 24.145663093817319 ], [ -106.683198909624124, 24.144256041618732 ], [ -106.683928621778904, 24.14362492668484 ], [ -106.685470853809491, 24.144176784319793 ], [ -106.687400233934312, 24.145735693932028 ], [ -106.688946895359848, 24.146621571601255 ], [ -106.689088800561009, 24.147685528230856 ], [ -106.689664338222258, 24.149548343008192 ], [ -106.689630479100657, 24.151463054325479 ], [ -106.689521929091356, 24.152936128066209 ], [ -106.688796588223042, 24.153901327637616 ], [ -106.687873370556176, 24.153288483001919 ], [ -106.687130227347964, 24.152899388291765 ], [ -106.687509095698474, 24.154023934250745 ], [ -106.688505701134545, 24.154979104285356 ], [ -106.687962777896814, 24.155599145392884 ], [ -106.686800807707442, 24.156289240872191 ], [ -106.685822808637624, 24.156751547481615 ], [ -106.684772501499552, 24.156203298354175 ], [ -106.68395847683982, 24.154911981433436 ], [ -106.683471725965262, 24.155314669726049 ], [ -106.684100223063567, 24.156716396550252 ], [ -106.683744336506834, 24.157343388471229 ], [ -106.682515838179697, 24.15746530334458 ], [ -106.68203356681552, 24.158211074473691 ], [ -106.680670528474508, 24.15782878366814 ], [ -106.679684345534795, 24.157668078589424 ], [ -106.679577372194615, 24.158518068218729 ], [ -106.67927726748826, 24.159650111487696 ], [ -106.678683385671462, 24.160893746958177 ], [ -106.679359368450562, 24.160660557408185 ], [ -106.679962101131466, 24.160094065235217 ], [ -106.680568642157638, 24.159067003658325 ], [ -106.682042435799687, 24.158888219405036 ], [ -106.682955967629468, 24.15876075351067 ], [ -106.68310316868309, 24.160231002735408 ], [ -106.683236747195735, 24.161412445080497 ], [ -106.683725059738578, 24.161127128181107 ], [ -106.684022877642889, 24.15982353516269 ], [ -106.684255485043181, 24.158800588500092 ], [ -106.684608530249832, 24.157956909311949 ], [ -106.685652926304869, 24.158053729565495 ], [ -106.6863533024557, 24.159680397786278 ], [ -106.688309332224733, 24.158755769939059 ], [ -106.68863216243129, 24.160106678418028 ], [ -106.689266186267645, 24.161174212925644 ], [ -106.689526313109042, 24.162245886784032 ], [ -106.691058330434956, 24.162003160190679 ], [ -106.692772771031017, 24.161415258830743 ], [ -106.692640652390622, 24.16035120081326 ], [ -106.693298548881629, 24.159495090552273 ], [ -106.693659826361795, 24.158533913339877 ], [ -106.693342067748191, 24.157571245502915 ], [ -106.693330997079542, 24.156731590534225 ], [ -106.694249738516532, 24.157001314379787 ], [ -106.695363004498859, 24.157097303114909 ], [ -106.695964931377418, 24.156476581029892 ], [ -106.697019157973145, 24.156573214236346 ], [ -106.698070350592943, 24.15718457558842 ], [ -106.697649357900104, 24.158092247303223 ], [ -106.697111718626829, 24.159109574250845 ], [ -106.696937535627356, 24.160077706834873 ], [ -106.69725747622293, 24.161202878479358 ], [ -106.696372932341802, 24.163524362411895 ], [ -106.695210227383143, 24.164160351583785 ], [ -106.694161966102399, 24.163774686876 ], [ -106.693172034868056, 24.163334187873456 ], [ -106.692196270355979, 24.163968079004317 ], [ -106.691470179838532, 24.1648791210024 ], [ -106.690246138206831, 24.165344186608998 ], [ -106.689188752549839, 24.165012767875385 ], [ -106.689019117580045, 24.165583528899109 ], [ -106.689947543204283, 24.166584588221063 ], [ -106.690097810587019, 24.168280538067069 ], [ -106.689926419069963, 24.169465350318212 ], [ -106.690721931921971, 24.169339143032513 ], [ -106.691195386200349, 24.167925233634481 ], [ -106.691919233678405, 24.166842649918163 ], [ -106.692467497778424, 24.165879400240467 ], [ -106.693132922808729, 24.165592087666123 ], [ -106.692975926113292, 24.167119877181175 ], [ -106.693234550622165, 24.168074170558178 ], [ -106.694082418694421, 24.167441692912664 ], [ -106.695109131698189, 24.166193192788288 ], [ -106.695907062897845, 24.165507081780248 ], [ -106.697003164356204, 24.165043395340948 ], [ -106.697872056897396, 24.165259469735638 ], [ -106.697078554366456, 24.166279645616036 ], [ -106.696533482619614, 24.166737203333579 ], [ -106.696750276961524, 24.168992252970032 ], [ -106.697691731313085, 24.170227891803894 ], [ -106.698130510392247, 24.171405914536901 ], [ -106.697717049335466, 24.172141936093194 ], [ -106.696913120660298, 24.172376632113732 ], [ -106.69655869252594, 24.173111993810551 ], [ -106.696571463825293, 24.174078044729399 ], [ -106.69595222465739, 24.174139113781848 ], [ -106.69495922460267, 24.173472918741645 ], [ -106.693857801363478, 24.173539339256045 ], [ -106.69274355870624, 24.173380147853205 ], [ -106.69238624604273, 24.1738988164612 ], [ -106.692102736550794, 24.175536367062495 ], [ -106.690931694086743, 24.175549360845313 ], [ -106.688900825670643, 24.17529194808704 ], [ -106.68785155323215, 24.175583494866 ], [ -106.687686295015709, 24.176488311143768 ], [ -106.689335029210682, 24.176126914220902 ], [ -106.690456786869191, 24.176854927319773 ], [ -106.690776723049012, 24.17798011100702 ], [ -106.688937902944787, 24.17810885422637 ], [ -106.688388852390389, 24.179017922797094 ], [ -106.68816290528838, 24.180546471844821 ], [ -106.689141783937117, 24.180138313303477 ], [ -106.69129768825546, 24.180168585654695 ], [ -106.693389421017869, 24.17981125706816 ], [ -106.693799115322946, 24.17878633258761 ], [ -106.69484100298898, 24.177934976289105 ], [ -106.695187938110621, 24.17663082126105 ], [ -106.696044974309544, 24.175944050269358 ], [ -106.697583825633743, 24.176206846504801 ], [ -106.698087092465684, 24.177050045659826 ], [ -106.698288287785346, 24.178122354282301 ], [ -106.698902844044241, 24.178449609799063 ], [ -106.698854318987642, 24.179244775540987 ], [ -106.697505944847023, 24.179991214064387 ], [ -106.696523276896613, 24.180110512640958 ], [ -106.695787467867049, 24.180290267568981 ], [ -106.694694216450713, 24.18097966467182 ], [ -106.694519161384733, 24.181884594878106 ], [ -106.6932912797445, 24.182069808278818 ], [ -106.69274684503695, 24.182581527123954 ], [ -106.692762452793744, 24.183764263198139 ], [ -106.692454393815424, 24.183541938386558 ], [ -106.691825460824774, 24.182871682836833 ], [ -106.691402921865901, 24.183670999163088 ], [ -106.691299706833377, 24.184800875391041 ], [ -106.690574215477511, 24.185766088747357 ], [ -106.69034971599396, 24.187402981256376 ], [ -106.68982392535456, 24.189332169862258 ], [ -106.689710139390172, 24.190407983216645 ], [ -106.688607852686246, 24.190420202651119 ], [ -106.688491797197628, 24.1913244735007 ], [ -106.689606075060226, 24.191474658785008 ], [ -106.69075932654188, 24.190847837061479 ], [ -106.691064503032081, 24.190104003562851 ], [ -106.691350308304933, 24.188637997280381 ], [ -106.692197600866194, 24.187951352630218 ], [ -106.692739984510752, 24.18653667387975 ], [ -106.694029224418145, 24.186522347917052 ], [ -106.695070158277389, 24.186339206348105 ], [ -106.695540630446843, 24.184699573050452 ], [ -106.695774728586429, 24.183793985184195 ], [ -106.696330975680553, 24.184176077705029 ], [ -106.696962924075834, 24.185072025328324 ], [ -106.697888015034067, 24.185061721690502 ], [ -106.697801199449529, 24.183708214999449 ], [ -106.698405540545238, 24.182518574335518 ], [ -106.698952222976573, 24.182178377877307 ], [ -106.699766464709015, 24.183460563814648 ], [ -106.700099334642019, 24.184811323866089 ], [ -106.699985636931189, 24.185887140511227 ], [ -106.698696407394834, 24.18590151649682 ], [ -106.698460892545469, 24.186698765815962 ], [ -106.697543916147808, 24.18732301108259 ], [ -106.6967497353384, 24.187557601457328 ], [ -106.696087859996723, 24.188865264692303 ], [ -106.695423703818236, 24.190001384104114 ], [ -106.694327388518488, 24.19046506985817 ], [ -106.694345999162223, 24.191873516275507 ], [ -106.69539079543614, 24.19197928218658 ], [ -106.696181303689769, 24.191464814074003 ], [ -106.697109428533139, 24.191680224859656 ], [ -106.698042697434559, 24.192283854631459 ], [ -106.698719638370974, 24.192113772290831 ], [ -106.698946905333216, 24.190693557451006 ], [ -106.699231902554885, 24.189173370518343 ], [ -106.700459121509795, 24.188933935240584 ], [ -106.701565821117015, 24.189255684242777 ], [ -106.701823845172513, 24.190155783518787 ], [ -106.701598767563496, 24.191738513348355 ], [ -106.704160409494605, 24.194138899517995 ], [ -106.704545572108884, 24.195714804676445 ], [ -106.704322803852705, 24.197469076603998 ], [ -106.705251703880819, 24.197738605089857 ], [ -106.706778090179881, 24.197044277702879 ], [ -106.707748003773872, 24.195958864167491 ], [ -106.707789016387565, 24.194603937030323 ], [ -106.707228122132108, 24.193878810611388 ], [ -106.706719435864741, 24.19263839901248 ], [ -106.705656014445793, 24.191133302104745 ], [ -106.704848263877565, 24.190347719890536 ], [ -106.704578217631635, 24.18854478124981 ], [ -106.705119625077629, 24.187807310325848 ], [ -106.707157442034756, 24.188570086613421 ], [ -106.708572468402195, 24.188391691208107 ], [ -106.708502112672576, 24.187543679931515 ], [ -106.707814751622692, 24.1869283291642 ], [ -106.707375716727739, 24.18648175905474 ], [ -106.707915536581552, 24.185626909588123 ], [ -106.706998845862344, 24.185528822672303 ], [ -106.70595026108839, 24.185874666809305 ], [ -106.705518916598876, 24.185265468338073 ], [ -106.704831581915755, 24.184650102451727 ], [ -106.703711956977557, 24.1840937451075 ], [ -106.702546969841435, 24.183826839786363 ], [ -106.702166292225812, 24.183325422392201 ], [ -106.702842340990799, 24.183092125159501 ], [ -106.704318522421516, 24.183075624849426 ], [ -106.704244481629985, 24.181947726828021 ], [ -106.703558730136265, 24.181449723724977 ], [ -106.702024957699493, 24.181575216756727 ], [ -106.701940379087546, 24.180393255240975 ], [ -106.702492330812575, 24.179709854953728 ], [ -106.70339854916584, 24.17902249431766 ], [ -106.703142818884416, 24.178293936866744 ], [ -106.7022768428848, 24.177563164952097 ], [ -106.702009146625869, 24.175931756534272 ], [ -106.703482249914515, 24.17568955691366 ], [ -106.703781316014201, 24.17523472386258 ], [ -106.702978235826208, 24.174792206218726 ], [ -106.701622510359186, 24.174978911494748 ], [ -106.700876926274901, 24.174418352823487 ], [ -106.701232196224154, 24.173005735697874 ], [ -106.702147498767644, 24.172264103438334 ], [ -106.70356665804205, 24.173151234615748 ], [ -106.705869082514326, 24.174588319102451 ], [ -106.706250469559066, 24.175884343540528 ], [ -106.706739499527586, 24.175653123992262 ], [ -106.707603191405752, 24.175471885478636 ], [ -106.707689270044028, 24.177502627035665 ], [ -106.708603841715473, 24.17670678598839 ], [ -106.708766666716613, 24.175630414627623 ], [ -106.709239215525045, 24.174162289359753 ], [ -106.709968229922652, 24.173476879143447 ], [ -106.71093638542736, 24.172274083711812 ], [ -106.711681997121147, 24.172834591557859 ], [ -106.712014955830028, 24.174185321929873 ], [ -106.712883851882751, 24.175132719418812 ], [ -106.713565140516252, 24.175296628870683 ], [ -106.713363101556524, 24.174170176319993 ], [ -106.713476682514312, 24.173094354942261 ], [ -106.714649187552439, 24.173929972196483 ], [ -106.716578644139346, 24.175434291432751 ], [ -106.719535284688263, 24.175735071282563 ], [ -106.720657074367537, 24.176453824306495 ], [ -106.720923554028346, 24.17797684578639 ], [ -106.719564806936347, 24.177938001094301 ], [ -106.718357725569888, 24.178120284444095 ], [ -106.71833701227942, 24.17812341230513 ], [ -106.716930454364629, 24.178924851906388 ], [ -106.717187833889653, 24.179770751015052 ], [ -106.718542126430137, 24.179475564960484 ], [ -106.720423189284773, 24.179403346844406 ], [ -106.720873559854255, 24.179386052684457 ], [ -106.721788784047916, 24.178644306853997 ], [ -106.723319457351579, 24.178292908334967 ], [ -106.725111927795965, 24.178380989774144 ], [ -106.728065727221136, 24.178464918371748 ], [ -106.729848358864331, 24.178553055328912 ], [ -106.73162343679661, 24.178081414119937 ], [ -106.733229052481008, 24.178180552159247 ], [ -106.73341533301496, 24.178855662905619 ], [ -106.731040722401886, 24.180119721189769 ], [ -106.729100663181413, 24.182227609765071 ], [ -106.728077351923631, 24.184442470242697 ], [ -106.727019268201488, 24.187732256876846 ], [ -106.7268603642774, 24.189819925202922 ], [ -106.726141202877102, 24.191236711551024 ], [ -106.727033175807577, 24.193149935548117 ], [ -106.727667703172926, 24.194948685972701 ], [ -106.727076473369976, 24.196364025897193 ], [ -106.727598267326343, 24.198561360748059 ], [ -106.728633877440103, 24.197980740618824 ], [ -106.729902617606342, 24.196440317322523 ], [ -106.73056502521311, 24.195195723832558 ], [ -106.730851843816808, 24.193838008972516 ], [ -106.730222639754047, 24.19243652036528 ], [ -106.72915130491765, 24.191094224721759 ], [ -106.728647779348918, 24.19025114424872 ], [ -106.728821016090407, 24.189228820204075 ], [ -106.729729438215159, 24.187981439212773 ], [ -106.730625538687079, 24.185822191596145 ], [ -106.731774619108805, 24.184906166294287 ], [ -106.732947307646583, 24.185010222289741 ], [ -106.735379832451272, 24.187294146746087 ], [ -106.736135534851556, 24.188585815894385 ], [ -106.735969201954177, 24.190113730174414 ], [ -106.736056487622619, 24.19219859587162 ], [ -106.73724135496677, 24.193196416259973 ], [ -106.738282383319387, 24.193022008237435 ], [ -106.739076307226526, 24.192046771810482 ], [ -106.738064600746085, 24.190026635422509 ], [ -106.737857055852828, 24.188512014072355 ], [ -106.736905914718804, 24.186599532685996 ], [ -106.735715738378744, 24.185204459456731 ], [ -106.734719406963535, 24.184312832955349 ], [ -106.73446043769259, 24.183358631137512 ], [ -106.734763874701045, 24.182506384754191 ], [ -106.735658443669294, 24.180970179096924 ], [ -106.736622732860511, 24.179496382499803 ], [ -106.737792193472757, 24.179365667756592 ], [ -106.738002161791613, 24.181060857987756 ], [ -106.738703330706528, 24.182687236532026 ], [ -106.740190992707156, 24.1835190489562 ], [ -106.742646593191694, 24.183147862572088 ], [ -106.74305748860408, 24.182240195313305 ], [ -106.741569825299138, 24.181408410961286 ], [ -106.740951358822258, 24.180801457508178 ], [ -106.741303215535041, 24.179894468848122 ], [ -106.741767676058714, 24.177857481173234 ], [ -106.741887882170289, 24.177287236877053 ], [ -106.740834860048395, 24.176567860758261 ], [ -106.739726676041101, 24.176860432922485 ], [ -106.738807047898362, 24.177268232675065 ], [ -106.737337805964046, 24.1777906487869 ], [ -106.735991960226301, 24.177977546600914 ], [ -106.736337004657457, 24.176564981558034 ], [ -106.735395094020973, 24.174598199486788 ], [ -106.734399584184629, 24.173760734893087 ], [ -106.731994032194379, 24.173453983285619 ], [ -106.729301566959137, 24.174495878858721 ], [ -106.728263102859671, 24.174850785326541 ], [ -106.727928392915345, 24.173382731558046 ], [ -106.725945146184998, 24.172276478343171 ], [ -106.724145136403095, 24.17088820309224 ], [ -106.72364633813018, 24.170388176376459 ], [ -106.723887005966276, 24.169988146033006 ], [ -106.726103333992654, 24.170134636455675 ], [ -106.727949382371079, 24.169824774223713 ], [ -106.728548888591973, 24.169032390985429 ], [ -106.728899217882599, 24.167276648381847 ], [ -106.729246631292199, 24.166035633678153 ], [ -106.728990666331526, 24.165298096833176 ], [ -106.728628177207327, 24.16541959314733 ], [ -106.728452648694073, 24.166270379273815 ], [ -106.727665467292454, 24.167010709850146 ], [ -106.726192523820728, 24.167253135337358 ], [ -106.725892092734483, 24.168331077001344 ], [ -106.725222125691658, 24.168275450594088 ], [ -106.724890626419338, 24.167042124060952 ], [ -106.724764905899988, 24.166474671267956 ], [ -106.724215451917857, 24.16659827203944 ], [ -106.724295713621274, 24.168177572635802 ], [ -106.72356074713376, 24.168411626276249 ], [ -106.722021954617134, 24.168149089837737 ], [ -106.721031057715152, 24.167645580427781 ], [ -106.720274188134169, 24.166245476463992 ], [ -106.720566396681463, 24.16528502355461 ], [ -106.721478501168889, 24.164317573646152 ], [ -106.721642661209117, 24.163349534675401 ], [ -106.72175326325447, 24.162057028305156 ], [ -106.722724252429288, 24.161079877445239 ], [ -106.722717469412018, 24.160574286769172 ], [ -106.72294685828254, 24.159334616595064 ], [ -106.722198256528671, 24.158548451002677 ], [ -106.721840223621541, 24.15973539413984 ], [ -106.721305196255329, 24.160933364060238 ], [ -106.720455940673986, 24.161448614341836 ], [ -106.719982108323151, 24.162808425931448 ], [ -106.719066979806513, 24.163550156628968 ], [ -106.717465413613084, 24.163739767903806 ], [ -106.715872836631164, 24.163866052862911 ], [ -106.713736023938495, 24.165244550296165 ], [ -106.712265353131656, 24.165658382093198 ], [ -106.710788656233532, 24.165620777433166 ], [ -106.709629739023242, 24.166536755744275 ], [ -106.708234645433933, 24.167455371903074 ], [ -106.708059699068301, 24.168360312867936 ], [ -106.706895454941119, 24.16887901990069 ], [ -106.706826690145576, 24.168148374666821 ], [ -106.706127447305605, 24.166630160972062 ], [ -106.704955775160684, 24.166589087043779 ], [ -106.704150470286777, 24.165975031067116 ], [ -106.704137047590891, 24.164963840482791 ], [ -106.705047721650331, 24.163879111734076 ], [ -106.705901498686984, 24.163697996898534 ], [ -106.706287406520531, 24.164596661698578 ], [ -106.707466624952232, 24.165206520152182 ], [ -106.709669281097874, 24.164333038927854 ], [ -106.711310322648245, 24.163411651526335 ], [ -106.712838648232932, 24.162157410686547 ], [ -106.713737821047488, 24.160955375546287 ], [ -106.713547217106182, 24.15994617929746 ], [ -106.712251427428484, 24.160186477269907 ], [ -106.710918464578981, 24.161330162481228 ], [ -106.709396962917239, 24.1623585627563 ], [ -106.708584950264239, 24.161979380091168 ], [ -106.708300645537093, 24.159102052701371 ], [ -106.708399251714113, 24.156897671810516 ], [ -106.709195504007482, 24.156834572587808 ], [ -106.710497902176357, 24.157831312414938 ], [ -106.71097639260357, 24.156814606533974 ], [ -106.711339694091507, 24.156015907278331 ], [ -106.711076517112716, 24.154727596023417 ], [ -106.710147804442471, 24.154449056389439 ], [ -106.708736995914052, 24.154916357452766 ], [ -106.707881840919839, 24.154989143094934 ], [ -106.707652050017984, 24.151768066808732 ], [ -106.708269732547365, 24.151598614570421 ], [ -106.709198192188055, 24.152599555705891 ], [ -106.709869621503771, 24.152032182509387 ], [ -106.71102757107704, 24.151053008817353 ], [ -106.712626016143403, 24.151378206141516 ], [ -106.713110367834105, 24.150803889723509 ], [ -106.711987380124398, 24.149236277357303 ], [ -106.711111845853864, 24.148514683669482 ], [ -106.70865377440397, 24.14865961925392 ], [ -106.707864292888459, 24.149228308306157 ], [ -106.706692780266707, 24.149187238792013 ], [ -106.705093654818739, 24.148807805802264 ], [ -106.703921427097782, 24.148712543687591 ], [ -106.70232303164633, 24.148387251925996 ], [ -106.701511008923475, 24.147998996296749 ], [ -106.701874469064222, 24.14720934532539 ], [ -106.701319808804968, 24.146935605526465 ], [ -106.699850729160801, 24.147457651388969 ], [ -106.698634284678789, 24.148482543497451 ], [ -106.6970941580702, 24.148842817343276 ], [ -106.696108746434305, 24.148736386889073 ], [ -106.695260291768321, 24.149314698603174 ], [ -106.694586663503785, 24.1497194965559 ], [ -106.693841976066366, 24.149213063152079 ], [ -106.692986844876657, 24.149285763669955 ], [ -106.692055231711507, 24.148781395196213 ], [ -106.692103918858265, 24.14799525541595 ], [ -106.693087062700556, 24.147930169614689 ], [ -106.693872084279064, 24.14701846858582 ], [ -106.693984273306498, 24.145825279008378 ], [ -106.693363739874314, 24.145777987539972 ], [ -106.692456259793857, 24.146356938583068 ], [ -106.691037264507798, 24.146201103650803 ], [ -106.68941579173476, 24.14486458112605 ], [ -106.687428084421441, 24.143360521780089 ], [ -106.686622299360835, 24.142692187110072 ], [ -106.685484189619089, 24.139941608988348 ], [ -106.685427249620176, 24.135598848532954 ], [ -106.686273415642489, 24.134849049530665 ], [ -106.687447052580239, 24.135061827013853 ], [ -106.688551117975123, 24.135221185493936 ], [ -106.6892985488157, 24.13594433749531 ], [ -106.689663480638856, 24.135263055240735 ], [ -106.690883564146404, 24.134518122121463 ], [ -106.690504513619558, 24.134125004894329 ], [ -106.689765275051272, 24.134024831325721 ], [ -106.689884262814587, 24.133346271118352 ], [ -106.690833493833111, 24.132978256690109 ], [ -106.692762331620258, 24.132239823886362 ], [ -106.694550390959407, 24.132788868532771 ], [ -106.694820128502514, 24.134591852025999 ], [ -106.694662968338363, 24.136851069180409 ], [ -106.69432348694248, 24.138714994999312 ], [ -106.69322738871756, 24.139910075072763 ], [ -106.693863599491564, 24.141149139347799 ], [ -106.69622869867996, 24.143660265007352 ], [ -106.69775523148293, 24.143020227577981 ], [ -106.699296122702506, 24.142723150541482 ], [ -106.699856014813221, 24.143394154603254 ], [ -106.700661151872367, 24.144008244057098 ], [ -106.701386229355805, 24.143033966379818 ], [ -106.702174988052292, 24.14241113979428 ], [ -106.702857525291861, 24.142683450498708 ], [ -106.702507747957242, 24.143761906128425 ], [ -106.702155541697977, 24.145400239189538 ], [ -106.702837377347691, 24.145618377890788 ], [ -106.703442088382161, 24.145214314769159 ], [ -106.704298878715335, 24.144527508776598 ], [ -106.705349281373486, 24.145084653408855 ], [ -106.705711871391671, 24.144231795239925 ], [ -106.705083797695082, 24.143615755239292 ], [ -106.70487890654266, 24.14226356719174 ], [ -106.706419048316917, 24.141912248560629 ], [ -106.70633891463504, 24.14106433908055 ], [ -106.705347569800679, 24.140506539786841 ], [ -106.705403737407138, 24.139548747978267 ], [ -106.706324651339713, 24.139989946763823 ], [ -106.706772504896307, 24.141113669457685 ], [ -106.707280954391024, 24.142354100355139 ], [ -106.706619272124996, 24.143652769339365 ], [ -106.707120175751214, 24.14432440447975 ], [ -106.707919470291358, 24.143755610315111 ], [ -106.708830698600309, 24.143465483727059 ], [ -106.709522982100751, 24.144469071001112 ], [ -106.710636984138901, 24.144628153187064 ], [ -106.712113439240071, 24.144665772951861 ], [ -106.711613230647245, 24.144048326642803 ], [ -106.710982967580946, 24.143269799796144 ], [ -106.710417733726516, 24.142201586433291 ], [ -106.7107750111808, 24.141691910951064 ], [ -106.711640033648862, 24.141628032151758 ], [ -106.713054417490795, 24.141440594922809 ], [ -106.714837377963605, 24.14159213662035 ], [ -106.715650765207613, 24.142820079065306 ], [ -106.716594355882819, 24.144218118020461 ], [ -106.716953904793698, 24.143879969863761 ], [ -106.716570236851197, 24.142412427012314 ], [ -106.71673689899194, 24.140893543595521 ], [ -106.717220471284477, 24.140265045882146 ], [ -106.717569391450382, 24.139132392768726 ], [ -106.717935644320477, 24.13816151808426 ], [ -106.718168052018555, 24.137545437040629 ], [ -106.719319837346532, 24.136855230666111 ], [ -106.720384058034867, 24.136921308812969 ], [ -106.720796925025411, 24.136946941964489 ], [ -106.721188160815473, 24.138242822109127 ], [ -106.721084448314159, 24.14004995208651 ] ], [ [ -106.69391146235607, 24.360784313362846 ], [ -106.695988857281606, 24.362641422954237 ], [ -106.696595801604587, 24.363113744222456 ], [ -106.697350779118977, 24.363460817695433 ], [ -106.69782237037353, 24.36348431671923 ], [ -106.699268145847356, 24.363246899587185 ], [ -106.699671720180774, 24.363159418786552 ], [ -106.700109294650161, 24.362988599652621 ], [ -106.700330826759114, 24.362832053755231 ], [ -106.700927066370497, 24.362272324824932 ], [ -106.701059356200815, 24.362076147854154 ], [ -106.701080472281419, 24.361720385519977 ], [ -106.700978349081993, 24.361408330575635 ], [ -106.700480663647454, 24.360307835137629 ], [ -106.70027808234164, 24.359946117046146 ], [ -106.699830385371882, 24.359358595129031 ], [ -106.699393401376028, 24.35888099524519 ], [ -106.697801862252319, 24.357239706946583 ], [ -106.697348940788416, 24.356813068302632 ], [ -106.696826823004145, 24.356463386789866 ], [ -106.696533859588072, 24.356390481229845 ], [ -106.695688812790721, 24.356399935136196 ], [ -106.69541396864679, 24.356438561551531 ], [ -106.694976408947682, 24.356609366376745 ], [ -106.694626166988044, 24.356814746630779 ], [ -106.693429255780728, 24.357602378427224 ], [ -106.693118352764245, 24.357847947569301 ], [ -106.692864391564868, 24.358206310176246 ], [ -106.692812493742792, 24.358472688095702 ], [ -106.692824266294906, 24.359357422600972 ], [ -106.692922717277028, 24.359672911043575 ], [ -106.693370384865219, 24.360260455036101 ], [ -106.69391146235607, 24.360784313362846 ] ], [ [ -106.692383659588174, 24.439841873545706 ], [ -106.688998293567906, 24.439658507526346 ], [ -106.688067215084658, 24.439591027081242 ], [ -106.687107546183185, 24.439459526949808 ], [ -106.68666766921001, 24.439339153857219 ], [ -106.685574582182298, 24.438908911598137 ], [ -106.685268307474288, 24.438822597507354 ], [ -106.684932108159302, 24.438850045284585 ], [ -106.68475809751051, 24.438975570877137 ], [ -106.684282244739961, 24.439533908852304 ], [ -106.684159234973777, 24.439740128426699 ], [ -106.684061044345441, 24.440144149230125 ], [ -106.684043782086491, 24.440515102291471 ], [ -106.684061416608429, 24.441842195656374 ], [ -106.684088463684958, 24.442207576263204 ], [ -106.684197048518371, 24.442585592465814 ], [ -106.684325122749613, 24.442760234919426 ], [ -106.684814219273164, 24.443197215826757 ], [ -106.684930660547849, 24.443331356012781 ], [ -106.684984954702259, 24.443520363706916 ], [ -106.684946076229352, 24.443656234595416 ], [ -106.684710348133933, 24.444101290883605 ], [ -106.684765973796445, 24.444251345479799 ], [ -106.685261290444117, 24.444506543101571 ], [ -106.685913261614346, 24.444721054065084 ], [ -106.688460492625779, 24.445466881566862 ], [ -106.68914575673918, 24.445681006309147 ], [ -106.689796409715967, 24.445934452910205 ], [ -106.690040648509608, 24.44608239712964 ], [ -106.690529777125306, 24.446519357590326 ], [ -106.690684719505953, 24.446627667895779 ], [ -106.690918653427829, 24.446696156385851 ], [ -106.691097902105682, 24.446685686749678 ], [ -106.691700461104588, 24.446568338763196 ], [ -106.691878353291969, 24.446456305427418 ], [ -106.692105957755345, 24.44605083243054 ], [ -106.69225321423869, 24.44558361869753 ], [ -106.69271280064973, 24.443808760448263 ], [ -106.692898543391735, 24.443315720833766 ], [ -106.693305761327252, 24.442789727637717 ], [ -106.69370175822749, 24.442531347739667 ], [ -106.695142518049948, 24.441851560791402 ], [ -106.695478102183188, 24.441639563770785 ], [ -106.695603411090104, 24.44133003910126 ], [ -106.69544684115516, 24.441099858438697 ], [ -106.694590879162632, 24.440335203403141 ], [ -106.694212705100725, 24.440127820015064 ], [ -106.693303850106517, 24.439924685818607 ], [ -106.692383659588174, 24.439841873545706 ] ], [ [ -106.683783371901299, 24.113176563145274 ], [ -106.68304305977999, 24.111857379267278 ], [ -106.682916291916641, 24.111472762955852 ], [ -106.68306397853641, 24.111000374169603 ], [ -106.683342280007409, 24.110760378941073 ], [ -106.684657539707175, 24.109971596946156 ], [ -106.685037770297512, 24.109710061546089 ], [ -106.68524427026496, 24.109515906001299 ], [ -106.685496928202085, 24.109278350642434 ], [ -106.685772637545568, 24.10892315655455 ], [ -106.686600115825584, 24.107697293490435 ], [ -106.686814095586286, 24.107276750714895 ], [ -106.686985197780245, 24.106540083041093 ], [ -106.687015650772992, 24.105908243599728 ], [ -106.686986665696921, 24.103696326897037 ], [ -106.686962194391029, 24.103095568366733 ], [ -106.686876978499072, 24.102503945588033 ], [ -106.686779712802206, 24.102259528696255 ], [ -106.686411023494117, 24.101710538726074 ], [ -106.686276163827117, 24.101552881327937 ], [ -106.686015506507218, 24.101366137144343 ], [ -106.685777998616203, 24.101257016922613 ], [ -106.684930287749538, 24.100934530695714 ], [ -106.684675453747815, 24.100769729383963 ], [ -106.684333938319611, 24.100323145271471 ], [ -106.684100894129173, 24.099849969267993 ], [ -106.683354881745316, 24.098088396122161 ], [ -106.683093853011741, 24.097590130731632 ], [ -106.682621720643326, 24.097026467472983 ], [ -106.682208274418997, 24.096719499083552 ], [ -106.680751000146529, 24.09585063508263 ], [ -106.680298108696647, 24.09548822443908 ], [ -106.679641883100146, 24.094665845883501 ], [ -106.679157312660919, 24.093853429630375 ], [ -106.677552251347592, 24.090884520993985 ], [ -106.676967607331179, 24.090032561295597 ], [ -106.675844293562704, 24.089025665712953 ], [ -106.674824204526857, 24.088439199231299 ], [ -106.671187148960016, 24.086709200857985 ], [ -106.670213129079286, 24.086259335258383 ], [ -106.669304704711081, 24.085890013418286 ], [ -106.668980970264414, 24.085812281403658 ], [ -106.668378630758966, 24.085818855865476 ], [ -106.668135299079211, 24.085968806747807 ], [ -106.66760208746615, 24.086662003534695 ], [ -106.667083683219374, 24.08750233282715 ], [ -106.665197623290837, 24.090730661933687 ], [ -106.664685901401057, 24.091662336197945 ], [ -106.66418397600448, 24.092781831300982 ], [ -106.66397866599641, 24.093449436777099 ], [ -106.663522475580351, 24.09544543404219 ], [ -106.663487212215401, 24.095999446448186 ], [ -106.663778849390056, 24.096588840618352 ], [ -106.664230739097462, 24.096876818670498 ], [ -106.66604793110676, 24.097631308654986 ], [ -106.666593679755607, 24.097903018573039 ], [ -106.667323305997044, 24.098416519752423 ], [ -106.66781988169933, 24.098878383159381 ], [ -106.669407630025162, 24.100520235302401 ], [ -106.669843563241173, 24.100997991261099 ], [ -106.670290147685179, 24.101585677544541 ], [ -106.670492190473212, 24.10194747435801 ], [ -106.670988475305194, 24.103048172804961 ], [ -106.671184660525768, 24.103384636792413 ], [ -106.671603903139854, 24.103854104156941 ], [ -106.672006636799921, 24.104188307095026 ], [ -106.673466830886781, 24.105278444867373 ], [ -106.673869441699566, 24.105602485494558 ], [ -106.674288084915474, 24.106024545906013 ], [ -106.67448353486958, 24.106303449471369 ], [ -106.674976994033358, 24.107182938581452 ], [ -106.675106849178491, 24.107523509908539 ], [ -106.675219377327039, 24.108233354780293 ], [ -106.675250276521908, 24.108906847625338 ], [ -106.675281946261507, 24.111339968999882 ], [ -106.675396963431297, 24.112098884194065 ], [ -106.675902043530158, 24.113207366154537 ], [ -106.676508574731358, 24.114031994332485 ], [ -106.678834029031762, 24.116771753214547 ], [ -106.679531939997545, 24.117387119027146 ], [ -106.680463343414658, 24.117519089145603 ], [ -106.681095999459075, 24.117092253087822 ], [ -106.683116949781379, 24.114968370533077 ], [ -106.683608803878002, 24.114355149073695 ], [ -106.683883211102824, 24.11361734559593 ], [ -106.683783371901299, 24.113176563145274 ] ], [ [ -106.561569414284065, 24.210972909808543 ], [ -106.561135819620688, 24.211293962420978 ], [ -106.559703528106681, 24.212525403726801 ], [ -106.559342404986708, 24.212886343411284 ], [ -106.559089471016947, 24.213339294530854 ], [ -106.55908926164868, 24.213625428519691 ], [ -106.559341221925962, 24.214507769143452 ], [ -106.559352397513493, 24.214819182796013 ], [ -106.559152586663586, 24.215390106175235 ], [ -106.558855965006217, 24.215894296945976 ], [ -106.55767152300659, 24.217676259137779 ], [ -106.557363568155353, 24.218160246198028 ], [ -106.557110905870999, 24.218636894895663 ], [ -106.557057916395109, 24.218833834987752 ], [ -106.557063295629902, 24.219276240250981 ], [ -106.557115090874959, 24.219436553881334 ], [ -106.557351423403887, 24.219742278644592 ], [ -106.557637246990026, 24.220018714181599 ], [ -106.558734767399827, 24.221003016788849 ], [ -106.559092897708354, 24.221304105293658 ], [ -106.559666644097717, 24.22172488633284 ], [ -106.560128151866351, 24.222024913104381 ], [ -106.561708120488149, 24.223004247662711 ], [ -106.562107554022134, 24.223290918703846 ], [ -106.562726843912984, 24.22388096976465 ], [ -106.563169232375714, 24.224428373067386 ], [ -106.564396898831973, 24.226185597574148 ], [ -106.564716720785867, 24.226673304242535 ], [ -106.564981537151169, 24.227192051115761 ], [ -106.565040022378739, 24.22744541207571 ], [ -106.565048135889214, 24.228109016679245 ], [ -106.564963127516478, 24.228404486910211 ], [ -106.564558305448486, 24.229119742868168 ], [ -106.564064992251616, 24.229846065722153 ], [ -106.562167641737304, 24.232520304509062 ], [ -106.561685998984501, 24.233297293107849 ], [ -106.561335727360259, 24.23424901317987 ], [ -106.561316986878538, 24.234831625760823 ], [ -106.561579811144583, 24.236598764058321 ], [ -106.561598663932841, 24.237084485037251 ], [ -106.561423813290901, 24.23758404528219 ], [ -106.561155172837402, 24.237811981462116 ], [ -106.560076362826948, 24.238376119113184 ], [ -106.559740017105341, 24.238503162132428 ], [ -106.559249219524347, 24.238531895325892 ], [ -106.558884426819262, 24.238445899565317 ], [ -106.557672863281098, 24.2380158476528 ], [ -106.557258658649843, 24.237965908441581 ], [ -106.556537261132448, 24.238162914814332 ], [ -106.555920894864656, 24.238494290676755 ], [ -106.553765889722982, 24.239843689729447 ], [ -106.553094367801478, 24.240195934923136 ], [ -106.552115629241356, 24.240490360361587 ], [ -106.551388955630259, 24.240558722393306 ], [ -106.548976551654661, 24.240583300259292 ], [ -106.548321693523405, 24.240635678809664 ], [ -106.547678093414632, 24.240855555791732 ], [ -106.547413522501031, 24.241117289237454 ], [ -106.54682245435599, 24.242118835403158 ], [ -106.54666890017306, 24.242399756047934 ], [ -106.546543387205318, 24.242709174027954 ], [ -106.546517637653523, 24.242870279176586 ], [ -106.546522986469753, 24.243312685258893 ], [ -106.546636137114646, 24.243507933297145 ], [ -106.547158826887184, 24.243976683518234 ], [ -106.547244829240299, 24.24404108089535 ], [ -106.547792379563944, 24.244451076274483 ], [ -106.550226306412739, 24.246196134222686 ], [ -106.550871821280609, 24.246741500800688 ], [ -106.550882410040131, 24.246756145666616 ], [ -106.551450261857923, 24.247541511196886 ], [ -106.551631087580219, 24.248139018917172 ], [ -106.551896502000318, 24.250127378651122 ], [ -106.552055177691813, 24.250725111432935 ], [ -106.552530247451486, 24.251526171052642 ], [ -106.553050245258689, 24.252072807664216 ], [ -106.555001860594331, 24.253822702946497 ], [ -106.55546611499949, 24.254339424787975 ], [ -106.555680989278315, 24.255000914899902 ], [ -106.555523694072193, 24.255429180215184 ], [ -106.554574762272182, 24.256766258737663 ], [ -106.554306797146921, 24.257205812680446 ], [ -106.554005234868313, 24.25791998871572 ], [ -106.553842397120221, 24.258500686473965 ], [ -106.553384044224828, 24.260496432903711 ], [ -106.553289157130322, 24.26119833780136 ], [ -106.553304711848028, 24.262478148130054 ], [ -106.55342182291831, 24.263604543458616 ], [ -106.553952810395245, 24.267581241443551 ], [ -106.554063591566688, 24.26864166977332 ], [ -106.554049558503081, 24.269613640616921 ], [ -106.553918727554219, 24.269941742253959 ], [ -106.553322212881824, 24.270500911164593 ], [ -106.553100393256216, 24.27063693085843 ], [ -106.552661752483687, 24.270712521051355 ], [ -106.552256942941355, 24.270684486679983 ], [ -106.550806475230658, 24.270478061621144 ], [ -106.550327982796375, 24.270313634181296 ], [ -106.549647483137875, 24.269825848597016 ], [ -106.549350520728211, 24.269514306677255 ], [ -106.548003295809309, 24.267868810510311 ], [ -106.547580176451589, 24.267395668908389 ], [ -106.546952826304775, 24.26683317768812 ], [ -106.546578496570731, 24.266571740220002 ], [ -106.546098941917407, 24.266067559966086 ], [ -106.545471604800937, 24.265505061880766 ], [ -106.545181489382287, 24.26533870215415 ], [ -106.544454952558425, 24.26512485442732 ], [ -106.544210507486653, 24.26506977244183 ], [ -106.543796299407987, 24.265026572395353 ], [ -106.543449018483045, 24.265019939696202 ], [ -106.542242581628003, 24.265032182033437 ], [ -106.54185707372892, 24.265071646777375 ], [ -106.541264473165086, 24.265243577695902 ], [ -106.540803407762567, 24.265449728240963 ], [ -106.539244358713105, 24.266239825384766 ], [ -106.539101564804369, 24.266650998186151 ], [ -106.539994264141939, 24.267779712859465 ], [ -106.540077298083446, 24.2678500513586 ], [ -106.541412366116347, 24.268980977145819 ], [ -106.547137707838289, 24.273458021506517 ], [ -106.548823960983242, 24.274829175082452 ], [ -106.549458829375112, 24.275398351794799 ], [ -106.550967598118717, 24.276750971559167 ], [ -106.552343678457689, 24.27812524711419 ], [ -106.55662189459116, 24.282616673257849 ], [ -106.557629821491474, 24.283781338546753 ], [ -106.558055084077608, 24.28472510004654 ], [ -106.557654658299256, 24.284908671242519 ], [ -106.555360738687568, 24.28482155517829 ], [ -106.55468591231373, 24.284769203624855 ], [ -106.553830642652756, 24.284612030579638 ], [ -106.553283656072523, 24.284439850042958 ], [ -106.551586330448131, 24.28379350483328 ], [ -106.550921332804876, 24.283485381154591 ], [ -106.549515336521452, 24.282693819454369 ], [ -106.548171779814098, 24.28187113241141 ], [ -106.543307972511329, 24.278823394040327 ], [ -106.541687846302906, 24.278033929707931 ], [ -106.5389909413353, 24.277397573613925 ], [ -106.536758331659172, 24.277277945351333 ], [ -106.529036356893457, 24.277355828129565 ], [ -106.526988583443256, 24.277401812250115 ], [ -106.525154298752767, 24.277538746712029 ], [ -106.524581666900204, 24.277688404869625 ], [ -106.523743668236619, 24.278249885862923 ], [ -106.523670878391925, 24.278496114148794 ], [ -106.524169198489574, 24.279083699941676 ], [ -106.524953880538291, 24.279676876165798 ], [ -106.528117471774252, 24.281857403624752 ], [ -106.528746931673368, 24.282441960937216 ], [ -106.528520754262075, 24.282989411057457 ], [ -106.52756817608028, 24.283186922885395 ], [ -106.523348970566417, 24.283561124380295 ], [ -106.522168667600653, 24.283715172059445 ], [ -106.52087980719763, 24.284059923713592 ], [ -106.52021888080904, 24.284398383766344 ], [ -106.518423401225732, 24.285633106836684 ], [ -106.517969701371428, 24.286157420106324 ], [ -106.517647933067565, 24.287369503912839 ], [ -106.517641967519054, 24.288576739810868 ], [ -106.517935917729091, 24.292998421410864 ], [ -106.518124077214736, 24.294218954305801 ], [ -106.518708194252753, 24.29549309350563 ], [ -106.519354489215871, 24.296092757345743 ], [ -106.521786442431448, 24.297617025669467 ], [ -106.522408900623091, 24.298074694630728 ], [ -106.522881720555688, 24.298686239305276 ], [ -106.522934716019734, 24.299102207923756 ], [ -106.522709203075877, 24.300431850995786 ], [ -106.522734189100291, 24.300822704074015 ], [ -106.5230763075146, 24.301317041665715 ], [ -106.52309857824558, 24.301332185252797 ], [ -106.523108052316786, 24.301345505815743 ], [ -106.523603553789258, 24.30168931194067 ], [ -106.525547650463579, 24.302775946334357 ], [ -106.526059484405351, 24.303094183529314 ], [ -106.526292287979544, 24.30330291543293 ], [ -106.526441515355245, 24.303577388680928 ], [ -106.526693467885011, 24.304459775778273 ], [ -106.526847935150286, 24.304708799529056 ], [ -106.526871749090049, 24.304723006041542 ], [ -106.527316828756796, 24.304988522740224 ], [ -106.527832209927368, 24.305139102201483 ], [ -106.529768434195788, 24.305562068695195 ], [ -106.530305864493585, 24.305702258906273 ], [ -106.530877642514426, 24.305933527418674 ], [ -106.531157037740911, 24.30612372198987 ], [ -106.531889107483835, 24.306780027113209 ], [ -106.532134280190391, 24.306889296999792 ], [ -106.532546344565333, 24.306742919765775 ], [ -106.532889833452174, 24.306424539301396 ], [ -106.534080702802626, 24.305085136632282 ], [ -106.534545852181367, 24.304745206615245 ], [ -106.535525692438156, 24.304498270529415 ], [ -106.536460316539177, 24.304485430945338 ], [ -106.539842061251406, 24.30467240665908 ], [ -106.540810178934592, 24.304679517558053 ], [ -106.541946311467584, 24.304525767001575 ], [ -106.542601238377969, 24.304299015394928 ], [ -106.544521416205143, 24.30339458288665 ], [ -106.545143206762475, 24.30317831615881 ], [ -106.546124734182499, 24.303073514113112 ], [ -106.54690512804774, 24.303140062267556 ], [ -106.549565448751579, 24.303555397325194 ], [ -106.550372380554577, 24.303525151445854 ], [ -106.551477726658334, 24.30296869318326 ], [ -106.55224985342285, 24.302203999312241 ], [ -106.554747701064443, 24.299191868751638 ], [ -106.555397136856527, 24.298367465471358 ], [ -106.555930056016408, 24.297532401784121 ], [ -106.556041939816737, 24.297163858956999 ], [ -106.556031149478983, 24.296279057027697 ], [ -106.555994723856642, 24.296018697011856 ], [ -106.555835528167364, 24.295688485464158 ], [ -106.555644531767044, 24.295477114482498 ], [ -106.554912414963624, 24.294820925843542 ], [ -106.554732750940445, 24.294629754458409 ], [ -106.554626431320131, 24.294393812312343 ], [ -106.554654209664164, 24.294247923692659 ], [ -106.55489016034862, 24.293803052154345 ], [ -106.555110696401286, 24.293558685123735 ], [ -106.555903909654262, 24.292863175085596 ], [ -106.556816526935037, 24.292113952327707 ], [ -106.56028210655748, 24.289313047834774 ], [ -106.56144206798642, 24.288855853023303 ], [ -106.563389746308047, 24.28952320984201 ], [ -106.565012220321918, 24.290933762236339 ], [ -106.570636394895587, 24.296848853827843 ], [ -106.572232275560907, 24.298335783584854 ], [ -106.574055242229306, 24.299359828555911 ], [ -106.575063567333558, 24.29933583062077 ], [ -106.577946067719466, 24.298199777831762 ], [ -106.578751633826769, 24.297913744796535 ], [ -106.579628472936093, 24.297715005491369 ], [ -106.580075537331879, 24.297717127598368 ], [ -106.581285002629514, 24.297925767085864 ], [ -106.581639191133348, 24.298035514126198 ], [ -106.582082604722544, 24.298339032610713 ], [ -106.58236186494473, 24.298662883625841 ], [ -106.583221674597155, 24.299870667161397 ], [ -106.583457872459121, 24.300296548148076 ], [ -106.583700311326368, 24.301076212419261 ], [ -106.583810454506477, 24.301764137764319 ], [ -106.584082023172982, 24.304194791072348 ], [ -106.584225420403357, 24.304882368762886 ], [ -106.584623033906226, 24.30566041158578 ], [ -106.585047656876895, 24.306084322723418 ], [ -106.586631632066101, 24.307284521628844 ], [ -106.58721652803213, 24.307671197166616 ], [ -106.588362055816262, 24.308275489565883 ], [ -106.589413631550286, 24.3087520844098 ], [ -106.593175506150018, 24.310371847092821 ], [ -106.594154757174664, 24.310823770680756 ], [ -106.594962669030082, 24.311313041729356 ], [ -106.595137572733989, 24.311560082272411 ], [ -106.595145874669768, 24.312223669878989 ], [ -106.595120644207441, 24.312422021582826 ], [ -106.594994599634035, 24.312684075245091 ], [ -106.594839766111804, 24.312860085801447 ], [ -106.594243251371793, 24.313419413504821 ], [ -106.59394420389458, 24.313586779299172 ], [ -106.593145165085119, 24.313808490781785 ], [ -106.592302727321936, 24.313957852255406 ], [ -106.589170375202485, 24.314433124913332 ], [ -106.588328180429059, 24.314602778728876 ], [ -106.587530304268071, 24.314919259987899 ], [ -106.587232676972931, 24.315201725687572 ], [ -106.586641622855268, 24.316203418940017 ], [ -106.586764119848297, 24.316842112066102 ], [ -106.587926854773286, 24.318820981081476 ], [ -106.589465452535194, 24.321009227784192 ], [ -106.595483300952694, 24.329242009073571 ], [ -106.5970763123144, 24.331328010488747 ], [ -106.598492054044158, 24.33283006778391 ], [ -106.598921485871429, 24.332889878437971 ], [ -106.599509732381335, 24.331666945630349 ], [ -106.599662029494127, 24.3312877917847 ], [ -106.599784508795651, 24.330741341074123 ], [ -106.599807182778008, 24.330339851139112 ], [ -106.599790516677345, 24.329012682055502 ], [ -106.599813445752503, 24.328631505863861 ], [ -106.599937112998319, 24.328179852817929 ], [ -106.600090850952895, 24.327915810273186 ], [ -106.600684623644725, 24.327135263597356 ], [ -106.600894547494477, 24.32693157715838 ], [ -106.601280423107696, 24.32676158778208 ], [ -106.601621750484782, 24.326722431832973 ], [ -106.602828736111334, 24.326709688189222 ], [ -106.603243581992956, 24.326786571876148 ], [ -106.603972546812457, 24.32715810961054 ], [ -106.604599082620666, 24.327611992683632 ], [ -106.606793985339209, 24.329358556810664 ], [ -106.607409456989416, 24.329812544443282 ], [ -106.608086721375926, 24.33018460871688 ], [ -106.608438766917899, 24.33026214310015 ], [ -106.609404379071506, 24.330251904192888 ], [ -106.609660471773481, 24.330193317474965 ], [ -106.609889958653312, 24.329930155239971 ], [ -106.609961704308759, 24.329612796241531 ], [ -106.610067030269519, 24.328394949908724 ], [ -106.6100379862892, 24.327997394499089 ], [ -106.609797124109861, 24.327359982008371 ], [ -106.609482081275161, 24.326846947478327 ], [ -106.608252763117193, 24.325090191809416 ], [ -106.60793225439582, 24.324582290464487 ], [ -106.607665845712603, 24.323968846821383 ], [ -106.607605768707487, 24.323600400771053 ], [ -106.607591816890604, 24.322494429804337 ], [ -106.607626276506807, 24.322150377870646 ], [ -106.607801038591219, 24.321650773151131 ], [ -106.608016238184092, 24.321281103849259 ], [ -106.60884573221648, 24.320055582894209 ], [ -106.609106031306425, 24.319746383563444 ], [ -106.609491274954934, 24.319528976115944 ], [ -106.609781324957552, 24.319527593241677 ], [ -106.610749650535936, 24.31973854397463 ], [ -106.611113736285546, 24.319893825333384 ], [ -106.611844479334962, 24.320407522454566 ], [ -106.612524316735588, 24.320986092011193 ], [ -106.614966195518349, 24.323172361608982 ], [ -106.615657017218425, 24.323740640625683 ], [ -106.616438925597521, 24.324206364019954 ], [ -106.616865111153047, 24.324303406073263 ], [ -106.618072064804622, 24.324290542417295 ], [ -106.618435546613526, 24.324251112878585 ], [ -106.618924841066075, 24.324079976924516 ], [ -106.619260350629062, 24.323874926672172 ], [ -106.620336760151034, 24.323089158105738 ], [ -106.620549564367778, 24.322824466037726 ], [ -106.620466249774807, 24.322375009152584 ], [ -106.620134427141295, 24.321997619457928 ], [ -106.618669253990504, 24.320685914811861 ], [ -106.618219705953507, 24.320203114770887 ], [ -106.617586975811477, 24.319261760275339 ], [ -106.617132626186134, 24.318399767978644 ], [ -106.615645098188452, 24.315318481851726 ], [ -106.615222483120533, 24.314334245913184 ], [ -106.614737769123124, 24.312822441382895 ], [ -106.614467934514082, 24.311646957181178 ], [ -106.613693446593913, 24.307673165104553 ], [ -106.61348987481972, 24.306476656896837 ], [ -106.613314330724549, 24.304866748686951 ], [ -106.613267122591012, 24.30376338839967 ], [ -106.613222363834652, 24.300224281350559 ], [ -106.613182692455354, 24.299278293043951 ], [ -106.613042314276456, 24.298402788844587 ], [ -106.612881445211698, 24.298098056808463 ], [ -106.61227110286778, 24.297551476692544 ], [ -106.612045541727198, 24.29738964580709 ], [ -106.611603263085669, 24.297181015971532 ], [ -106.611196997803589, 24.29704480358324 ], [ -106.609743376390853, 24.296617767665634 ], [ -106.609298648247176, 24.296507353302612 ], [ -106.608676866646235, 24.296419129391381 ], [ -106.608233334793255, 24.296403509632118 ], [ -106.606785299919679, 24.296418834533586 ], [ -106.606331453268879, 24.296464267942085 ], [ -106.6056615364827, 24.296660972255165 ], [ -106.605158357853853, 24.29689654480616 ], [ -106.603480094179361, 24.297799170222234 ], [ -106.602998943229139, 24.298024345100782 ], [ -106.602431849809875, 24.298172545113495 ], [ -106.602102868829121, 24.298159085156236 ], [ -106.601134720271119, 24.297948069402892 ], [ -106.600832234317835, 24.297837823629834 ], [ -106.600388781293915, 24.297534362101644 ], [ -106.600057763940953, 24.29721109124376 ], [ -106.598956480821599, 24.296005950677642 ], [ -106.598658207747704, 24.295641698513624 ], [ -106.598367538512505, 24.295147000837197 ], [ -106.598250568927313, 24.294804542505442 ], [ -106.597995381700756, 24.29370110123504 ], [ -106.59788975070893, 24.293378839795302 ], [ -106.597651991224055, 24.292978394554446 ], [ -106.597417966102242, 24.292728591107878 ], [ -106.596563613628177, 24.291963283930581 ], [ -106.596230239658126, 24.291744997471831 ], [ -106.595528842312049, 24.291491635734758 ], [ -106.594860220256621, 24.291347974961418 ], [ -106.592441387966815, 24.290930897913295 ], [ -106.591783979704061, 24.290797264092113 ], [ -106.591134899739274, 24.290590738789621 ], [ -106.590865050446311, 24.290429338505511 ], [ -106.590254835696797, 24.28988266256005 ], [ -106.590105112982641, 24.289577786687481 ], [ -106.590016619522274, 24.288701710108199 ], [ -106.590039922441605, 24.287755048093018 ], [ -106.590237158910043, 24.284213367954546 ], [ -106.590265432533855, 24.28322094094208 ], [ -106.590200143653902, 24.282131295654398 ], [ -106.59007860121099, 24.281567086468563 ], [ -106.589576699004937, 24.280023754128461 ], [ -106.589407132636211, 24.279607342402727 ], [ -106.589117718245163, 24.279207421189092 ], [ -106.588873834974862, 24.279052516762082 ], [ -106.588025128771676, 24.278729548032175 ], [ -106.587682407504701, 24.278646782809624 ], [ -106.586931745648954, 24.278583514579957 ], [ -106.586202092387282, 24.278575894312038 ], [ -106.583547702948337, 24.278603575444333 ], [ -106.582778071113339, 24.278499850762536 ], [ -106.58184085216925, 24.27798814547284 ], [ -106.581271603738372, 24.277360863868168 ], [ -106.579552366058678, 24.274945244477788 ], [ -106.578999197991138, 24.274272073252934 ], [ -106.578136950138884, 24.273546237898575 ], [ -106.577458333705493, 24.273182500730297 ], [ -106.575153719218989, 24.272210876895745 ], [ -106.574553804201912, 24.271937736147155 ], [ -106.574058796394311, 24.271634724481444 ], [ -106.573951555545818, 24.27147499347608 ], [ -106.573946104746781, 24.271032594826192 ], [ -106.574004937408603, 24.270860985791249 ], [ -106.574284939613705, 24.270502542020125 ], [ -106.574626108686729, 24.270162087956123 ], [ -106.575938214427893, 24.268931740160667 ], [ -106.576395022007418, 24.268534212391945 ], [ -106.577214695381343, 24.267909434343711 ], [ -106.5779288474087, 24.267414420466153 ], [ -106.580441847433733, 24.265729112835935 ], [ -106.581117008151082, 24.265219252569182 ], [ -106.581754794953653, 24.264525234220514 ], [ -106.581990761434639, 24.264043641786717 ], [ -106.582454149517559, 24.262490229532286 ], [ -106.58260745736419, 24.262045050873706 ], [ -106.582859510900164, 24.261520963202003 ], [ -106.583066279556803, 24.261217445086718 ], [ -106.583779141671087, 24.260325113317741 ], [ -106.584058107785708, 24.260036079587124 ], [ -106.584647090898429, 24.259579587789379 ], [ -106.585209527524043, 24.259216489126263 ], [ -106.587245226723724, 24.257978506332019 ], [ -106.587846108424912, 24.257589601215368 ], [ -106.588614544089893, 24.257012706731587 ], [ -106.589111427911192, 24.256577477493778 ], [ -106.590661766276909, 24.25512329571378 ], [ -106.591151389969141, 24.254550998206152 ], [ -106.591885975371426, 24.253334465107667 ], [ -106.592445754842345, 24.252168857923284 ], [ -106.594323410852823, 24.247945881116451 ], [ -106.59489473130796, 24.246820778568573 ], [ -106.595683300845565, 24.245793286190683 ], [ -106.595892142792934, 24.245664364434582 ], [ -106.5965821801217, 24.24556657904462 ], [ -106.596872958932607, 24.245489032417279 ], [ -106.597386950833197, 24.245246607848816 ], [ -106.597830444869302, 24.244977833097046 ], [ -106.597927956125261, 24.244914407554656 ], [ -106.599386077788111, 24.243965967526211 ], [ -106.599722231946046, 24.243530703067393 ], [ -106.599735333856842, 24.242511343384798 ], [ -106.59941790332411, 24.241490379376668 ], [ -106.597923515467116, 24.237745227670455 ], [ -106.597533416795258, 24.236669150049057 ], [ -106.597207291877197, 24.235392618189319 ], [ -106.597131492786701, 24.234645080001989 ], [ -106.597103886227899, 24.232433100667766 ], [ -106.597118222380601, 24.231806516787493 ], [ -106.597212728476535, 24.231094438380634 ], [ -106.597333400421547, 24.230703767365899 ], [ -106.59780202592772, 24.229592713698235 ], [ -106.597873930136885, 24.22928890049111 ], [ -106.597740862650525, 24.228982159807749 ], [ -106.597478862737901, 24.228847771652511 ], [ -106.59638926660476, 24.228527362791564 ], [ -106.596021349735878, 24.2283382117066 ], [ -106.595394000774093, 24.227775918653332 ], [ -106.594865708316874, 24.227161792932293 ], [ -106.593027730037406, 24.224858151748052 ], [ -106.592482405551493, 24.22420864037348 ], [ -106.591775500241496, 24.223481242161405 ], [ -106.591310957615448, 24.223091613837227 ], [ -106.589850007370231, 24.222000739432779 ], [ -106.589384593328759, 24.221540004859808 ], [ -106.588673603785281, 24.22048079150796 ], [ -106.588123323659133, 24.219428363321377 ], [ -106.586266403273072, 24.215576229202131 ], [ -106.585627818061482, 24.214545026401165 ], [ -106.584504612982926, 24.21358489355384 ], [ -106.583538614566237, 24.213244475396181 ], [ -106.580153834331014, 24.212615949038678 ], [ -106.579040409848986, 24.21244464579312 ], [ -106.577229193821893, 24.212273790532716 ], [ -106.575755165400579, 24.212201009684819 ], [ -106.570687581852042, 24.212032131384436 ], [ -106.569291079600859, 24.211958488024191 ], [ -106.567841652664185, 24.211783791646177 ], [ -106.567167545733668, 24.211607877090724 ], [ -106.565471148246047, 24.210961635339839 ], [ -106.564968830435177, 24.210794103274043 ], [ -106.564321069056589, 24.210658539040828 ], [ -106.563898012512865, 24.210632408378338 ], [ -106.56257150868754, 24.210646024228463 ], [ -106.562160579758256, 24.210706111712767 ], [ -106.561569414284065, 24.210972909808543 ] ], [ [ -106.693538331685133, 24.352745682758702 ], [ -106.693645802807296, 24.351749007627195 ], [ -106.693628070593164, 24.351388600015298 ], [ -106.693437851235416, 24.350703372775197 ], [ -106.693183843610626, 24.350084883832348 ], [ -106.692188714828134, 24.347883824105789 ], [ -106.691604582700819, 24.347035382977129 ], [ -106.689873768625233, 24.345277042427231 ], [ -106.687985344276044, 24.343613548250268 ], [ -106.680903886029483, 24.337608704065765 ], [ -106.679061571590822, 24.336061392904611 ], [ -106.677545176094895, 24.334845667047162 ], [ -106.677221174179053, 24.334656247698224 ], [ -106.67722554333767, 24.334988026859644 ], [ -106.677149888593661, 24.335136154007472 ], [ -106.676792462696483, 24.335495634423655 ], [ -106.67635750702479, 24.335861049794293 ], [ -106.674685119372072, 24.337206831390542 ], [ -106.674217764340654, 24.337638625671236 ], [ -106.673709180305565, 24.338307893330633 ], [ -106.673449987688386, 24.338832196496792 ], [ -106.672748998311292, 24.340609676274514 ], [ -106.67256726211933, 24.341122965948809 ], [ -106.672420159554164, 24.341740839481417 ], [ -106.672391750287218, 24.342110226416668 ], [ -106.672406277558224, 24.343216158548053 ], [ -106.672573001070688, 24.34366973658296 ], [ -106.67333652385625, 24.344680499239068 ], [ -106.674260558431101, 24.345670862533758 ], [ -106.677809312517113, 24.349281739999192 ], [ -106.678810617260908, 24.350240743183978 ], [ -106.679934504761007, 24.351105266371032 ], [ -106.680538742852363, 24.351381300551825 ], [ -106.682234630101064, 24.351804930588592 ], [ -106.682754318479169, 24.351975235144515 ], [ -106.683483639983308, 24.352346369327847 ], [ -106.684005840839674, 24.352706256364538 ], [ -106.685713475276955, 24.354014584326652 ], [ -106.686191208509555, 24.354364799646291 ], [ -106.686712976309906, 24.354690821630545 ], [ -106.686980623835922, 24.354806352992089 ], [ -106.687707877593638, 24.355019476345998 ], [ -106.68795200618851, 24.355033688500157 ], [ -106.688364017235742, 24.354886890085265 ], [ -106.688708474774032, 24.354662965632091 ], [ -106.689903922480852, 24.353764778688618 ], [ -106.690281498476267, 24.353530323836747 ], [ -106.690848081322557, 24.353334392133849 ], [ -106.691279910275028, 24.353288944262061 ], [ -106.692728529567106, 24.35327277873315 ], [ -106.693110401100199, 24.353222804444723 ], [ -106.693443849029023, 24.353005764610902 ], [ -106.693538331685133, 24.352745682758702 ] ], [ [ -106.6641348032758, 24.375303705660183 ], [ -106.663515179797557, 24.374093809067102 ], [ -106.663215216369764, 24.373770353362882 ], [ -106.662435005109714, 24.373470789472243 ], [ -106.661620380617777, 24.373366293560778 ], [ -106.658599011912457, 24.373178175546087 ], [ -106.657757994749659, 24.373175527540273 ], [ -106.656854611874152, 24.373351321887167 ], [ -106.656405080724497, 24.373605107585831 ], [ -106.655210641719421, 24.37461364451072 ], [ -106.654961290019557, 24.374910950435098 ], [ -106.654992099479387, 24.375289846317905 ], [ -106.655285466621763, 24.375533819990956 ], [ -106.656623713104253, 24.376293460193615 ], [ -106.65707199499019, 24.376510341290803 ], [ -106.657825722901876, 24.376762818238582 ], [ -106.658454195003117, 24.376906617414161 ], [ -106.660633342759283, 24.377325186148251 ], [ -106.661260890939602, 24.377397877628166 ], [ -106.662010293094099, 24.377318553096639 ], [ -106.662453317790707, 24.377132542054898 ], [ -106.663771354740035, 24.376343810801195 ], [ -106.664085858010949, 24.376083021569123 ], [ -106.664235512620891, 24.375654742813705 ], [ -106.6641348032758, 24.375303705660183 ] ], [ [ -106.691757474629995, 24.394645397158829 ], [ -106.69211532711553, 24.394309575506799 ], [ -106.692206953002341, 24.394110473401046 ], [ -106.692276688848878, 24.393517152327544 ], [ -106.692284685943889, 24.392868652896112 ], [ -106.692252272758097, 24.390435642815532 ], [ -106.692376508161075, 24.389770607529751 ], [ -106.692988680081243, 24.389100118785876 ], [ -106.693738973802212, 24.388807310073471 ], [ -106.696628155203598, 24.388111327020347 ], [ -106.697345844042772, 24.387869655471686 ], [ -106.697805896588562, 24.387437869665856 ], [ -106.697745428521017, 24.387062707067724 ], [ -106.697003203316058, 24.385743731985954 ], [ -106.696809397778466, 24.385349746842397 ], [ -106.696647188265658, 24.384830127272334 ], [ -106.69660926508098, 24.384481798997101 ], [ -106.696594499386535, 24.383375886683282 ], [ -106.696634199610287, 24.383026688947108 ], [ -106.696834231551634, 24.382503011801987 ], [ -106.697080290110591, 24.382104099057607 ], [ -106.698028520566623, 24.380766180444549 ], [ -106.698274436525935, 24.380357109728575 ], [ -106.698473824686616, 24.37978603461978 ], [ -106.698512750111988, 24.379379284020718 ], [ -106.698495015708389, 24.378052189643448 ], [ -106.698389655230017, 24.377636898599349 ], [ -106.697915709451195, 24.377025967171694 ], [ -106.697344007345393, 24.376568497097605 ], [ -106.695150038556136, 24.375044548034627 ], [ -106.694544007424241, 24.374506187497229 ], [ -106.69390980570391, 24.373517806594531 ], [ -106.693609833827054, 24.372644195966334 ], [ -106.692844186011996, 24.36955572496942 ], [ -106.692605688018361, 24.368716977139908 ], [ -106.692258322707673, 24.367891295229082 ], [ -106.692000582782896, 24.367550497563158 ], [ -106.691145165097183, 24.366785787732955 ], [ -106.69087255465179, 24.366577206468133 ], [ -106.690455784818326, 24.366368539636571 ], [ -106.690133009386926, 24.366279025284399 ], [ -106.689043494954731, 24.366069954337938 ], [ -106.68868927919921, 24.366117918924857 ], [ -106.688125782537625, 24.36655082832991 ], [ -106.687674999962539, 24.36712130545461 ], [ -106.686134815086376, 24.369350615691936 ], [ -106.685645610494333, 24.369951988619693 ], [ -106.684902868350136, 24.370529091465691 ], [ -106.684331014797692, 24.370752150594978 ], [ -106.682405101733835, 24.371215977946992 ], [ -106.681854677290787, 24.371382921541052 ], [ -106.681211950372855, 24.371698177155874 ], [ -106.680844193423155, 24.371981599670349 ], [ -106.679770712937085, 24.372988979878844 ], [ -106.679458926597746, 24.373312410537189 ], [ -106.67907741269525, 24.373814377033611 ], [ -106.678844179331861, 24.374208041598429 ], [ -106.678137264063665, 24.375543175257228 ], [ -106.677976568871657, 24.375971588014725 ], [ -106.677933581705219, 24.37663571551543 ], [ -106.678032868315199, 24.377156056323258 ], [ -106.678539202563215, 24.378920184223187 ], [ -106.678616048283757, 24.379420457099464 ], [ -106.678468317255962, 24.379990937615787 ], [ -106.678180425389897, 24.380305636583429 ], [ -106.676984651366908, 24.381203746079706 ], [ -106.676663352330522, 24.381508654266991 ], [ -106.676359739774995, 24.382033454575332 ], [ -106.676247307309055, 24.382478261576757 ], [ -106.676026233936867, 24.384029227380349 ], [ -106.676019481113912, 24.384498259734507 ], [ -106.676209045133362, 24.385136111548835 ], [ -106.67648660534509, 24.385578295551522 ], [ -106.677592336423984, 24.387003963446606 ], [ -106.678058157826456, 24.387423743007869 ], [ -106.679126249814928, 24.387957047381697 ], [ -106.680186275992384, 24.388299126006316 ], [ -106.684065003466642, 24.38936213088045 ], [ -106.685197741274706, 24.389749075236853 ], [ -106.686605097355169, 24.390491864726169 ], [ -106.687482870607283, 24.391166050944893 ], [ -106.69017184176731, 24.393569439530765 ], [ -106.690887971808124, 24.394179381916722 ], [ -106.691540881834968, 24.394622422069354 ], [ -106.691757474629995, 24.394645397158829 ] ], [ [ -106.605938023063871, 24.388616981297766 ], [ -106.603492172576097, 24.386209448842504 ], [ -106.602767050066305, 24.385583930416765 ], [ -106.60182894342806, 24.385072400447342 ], [ -106.601213908287193, 24.384967162912385 ], [ -106.599281845188685, 24.384987573223452 ], [ -106.598762671335678, 24.385008290853595 ], [ -106.59827192400283, 24.385084576816869 ], [ -106.598090030251242, 24.385172840464467 ], [ -106.597731939344825, 24.385508452007365 ], [ -106.597662985076795, 24.385758054918803 ], [ -106.597699291036022, 24.386587257353131 ], [ -106.597820113033109, 24.387522229115262 ], [ -106.598347663998709, 24.391056225313783 ], [ -106.59847448948328, 24.392026685939779 ], [ -106.598538770250002, 24.393021508868735 ], [ -106.59850377227427, 24.393472224114472 ], [ -106.598276164654749, 24.394580738945329 ], [ -106.598200623395726, 24.394894746617325 ], [ -106.598075706811642, 24.395251601050045 ], [ -106.597972795829023, 24.395447385401379 ], [ -106.597617459721221, 24.396004190892533 ], [ -106.597469546131421, 24.396149658836325 ], [ -106.597134620238322, 24.396271703751353 ], [ -106.596804068388352, 24.396300585189394 ], [ -106.595596418889556, 24.396313314907374 ], [ -106.595152663445418, 24.396160538218943 ], [ -106.594289460673465, 24.395434853126275 ], [ -106.593500077900259, 24.394550933916417 ], [ -106.590679581559954, 24.391151628525382 ], [ -106.589572609677631, 24.389702161632862 ], [ -106.587227221537972, 24.386337298892371 ], [ -106.584983720718029, 24.382979792584429 ], [ -106.576860344192781, 24.370675994292053 ], [ -106.57457343389693, 24.367349231398041 ], [ -106.572023659398553, 24.364128430185037 ], [ -106.570667953382056, 24.362854072541687 ], [ -106.566891116963873, 24.360127839538769 ], [ -106.565875132097545, 24.359418789222634 ], [ -106.56491061403274, 24.358836179432174 ], [ -106.564548707024116, 24.358712935612672 ], [ -106.56382432029865, 24.358720409503878 ], [ -106.563553236917841, 24.358768918026712 ], [ -106.563012566857807, 24.358987818224001 ], [ -106.562511262810972, 24.359252023344666 ], [ -106.560712497271524, 24.360266069332464 ], [ -106.560108403180323, 24.360739571065661 ], [ -106.559088069372351, 24.361935208302224 ], [ -106.558234533873744, 24.363169758101421 ], [ -106.555271588181498, 24.36773532667593 ], [ -106.554345469013597, 24.368935047328712 ], [ -106.552986637057685, 24.369968198615503 ], [ -106.551971578223146, 24.370244406992587 ], [ -106.548593471531717, 24.370500189616063 ], [ -106.547604450048283, 24.370638965200566 ], [ -106.546367129160359, 24.371030841381454 ], [ -106.545588547013978, 24.371451891109746 ], [ -106.543192452832031, 24.373024898173586 ], [ -106.542519746944379, 24.373490567401923 ], [ -106.541776579368161, 24.374090702780329 ], [ -106.541387619517337, 24.374482371396734 ], [ -106.540315632993185, 24.37571002082775 ], [ -106.539982601907312, 24.376141751128415 ], [ -106.539500452279029, 24.376928846397931 ], [ -106.539144696919408, 24.377621537859543 ], [ -106.537966632207855, 24.380066998886932 ], [ -106.537610737618834, 24.38074953018014 ], [ -106.537127983771768, 24.38148921903818 ], [ -106.536794231463119, 24.381863386156066 ], [ -106.535719467523776, 24.382869807125733 ], [ -106.535401053718573, 24.383137152805009 ], [ -106.534989895922038, 24.383378348566545 ], [ -106.534720942291429, 24.383455568388332 ], [ -106.533876982990762, 24.383574729621301 ], [ -106.533702108315467, 24.383635757478174 ], [ -106.533729986975715, 24.38380139571235 ], [ -106.533944688961398, 24.383976993782209 ], [ -106.534918758833143, 24.384630809076207 ], [ -106.535206714461438, 24.384902167672958 ], [ -106.535576433776328, 24.385514695951542 ], [ -106.535816649616265, 24.386118377818473 ], [ -106.536567952390385, 24.388323028846276 ], [ -106.536814031274986, 24.388952045000082 ], [ -106.537211082441104, 24.389682805302968 ], [ -106.537532219117224, 24.390097732238438 ], [ -106.53863381570693, 24.391303292836781 ], [ -106.539042947418338, 24.391656371937795 ], [ -106.539850622641765, 24.39209851661915 ], [ -106.540595313373885, 24.392377070566592 ], [ -106.543262878649088, 24.393234817425281 ], [ -106.544029640601948, 24.393502970605081 ], [ -106.544940280652057, 24.39389663142731 ], [ -106.545474432514581, 24.394190852580387 ], [ -106.547056512375576, 24.395170216462994 ], [ -106.547479889536575, 24.395475720049088 ], [ -106.547873556966223, 24.39592204969955 ], [ -106.548012560794049, 24.396254160851566 ], [ -106.548267579216983, 24.397357683475452 ], [ -106.548301654431484, 24.397726421187944 ], [ -106.548205650192713, 24.398343675006888 ], [ -106.548034424762335, 24.398856728359601 ], [ -106.547331366283387, 24.400633721928173 ], [ -106.547176462331677, 24.401121211798365 ], [ -106.547156646849331, 24.401619172571458 ], [ -106.547283244288067, 24.401843055229872 ], [ -106.547893851032242, 24.402389878533896 ], [ -106.548185831766801, 24.40253080279173 ], [ -106.548937799259164, 24.402641625393333 ], [ -106.549720057246503, 24.402659016200364 ], [ -106.552618623530364, 24.402629319344104 ], [ -106.553411972252064, 24.402646577305006 ], [ -106.554215703534268, 24.402756842340459 ], [ -106.554570543018471, 24.402897108660206 ], [ -106.555422732981256, 24.403441419259686 ], [ -106.555650583260189, 24.40362869986955 ], [ -106.555861690936823, 24.403958368387688 ], [ -106.555935422795471, 24.404242043074493 ], [ -106.556068397983054, 24.40523618977134 ], [ -106.556247315375757, 24.405503545565985 ], [ -106.556949288080204, 24.405757057387447 ], [ -106.557773188999732, 24.405851857691164 ], [ -106.560916088965655, 24.406040709436084 ], [ -106.561794327277937, 24.406043502844074 ], [ -106.562749867638601, 24.405867723337199 ], [ -106.56323668550182, 24.405613819427252 ], [ -106.56455295081993, 24.404604711216752 ], [ -106.564927592747452, 24.404250378665616 ], [ -106.565359666669096, 24.403605940712705 ], [ -106.565602273245204, 24.403039648056659 ], [ -106.566302353582344, 24.401041385996081 ], [ -106.566522894590051, 24.400485478582972 ], [ -106.566852016173627, 24.399889507280111 ], [ -106.567101649416784, 24.399594027031807 ], [ -106.567937478515987, 24.398811088343177 ], [ -106.568287929652143, 24.398595828442918 ], [ -106.569087543604894, 24.398374220980635 ], [ -106.569879397865833, 24.398272895967612 ], [ -106.572775096659996, 24.398021622565711 ], [ -106.573623657819638, 24.398021271669748 ], [ -106.57468792236385, 24.398270936165574 ], [ -106.575359742483528, 24.398627951958851 ], [ -106.577430663811214, 24.40004434705838 ], [ -106.57799323034719, 24.400534545622442 ], [ -106.578547596687969, 24.401405761080799 ], [ -106.578776980915293, 24.402160157545019 ], [ -106.579293084591399, 24.404809458170522 ], [ -106.579466517295941, 24.405523803636424 ], [ -106.579759753219591, 24.40620811698221 ], [ -106.580005227993738, 24.406471361928777 ], [ -106.580857543328023, 24.407015522315685 ], [ -106.581168306962113, 24.407176501205726 ], [ -106.581766218683128, 24.407383577304568 ], [ -106.582309614890931, 24.407518420281637 ], [ -106.584247557994203, 24.407940597425245 ], [ -106.584842203143197, 24.408181555856178 ], [ -106.585679269369678, 24.40888386373582 ], [ -106.586280437547273, 24.409646201959713 ], [ -106.588248872441497, 24.412501456668029 ], [ -106.588837837241854, 24.413172487469168 ], [ -106.589617851456012, 24.413448726209875 ], [ -106.59014318530491, 24.413172322990714 ], [ -106.591814702090574, 24.411606194996782 ], [ -106.59228277933606, 24.411188172481964 ], [ -106.592795646144822, 24.410803537885869 ], [ -106.593060237911544, 24.4106720831502 ], [ -106.593782132896521, 24.410443261269101 ], [ -106.594031424383871, 24.410418626790211 ], [ -106.594472891804045, 24.410532488976024 ], [ -106.594854269084664, 24.410719783195262 ], [ -106.596192571336658, 24.411479953774801 ], [ -106.596563628470278, 24.411728301236153 ], [ -106.596956918218837, 24.412127092498604 ], [ -106.597147703221907, 24.412448447426534 ], [ -106.597644747510628, 24.413549311850275 ], [ -106.597813352195118, 24.413870899859663 ], [ -106.598103125369761, 24.414270780427781 ], [ -106.598348482429827, 24.414520450193891 ], [ -106.599203713990264, 24.415285692304234 ], [ -106.599526465367958, 24.415514225826477 ], [ -106.600177402445681, 24.415815474985624 ], [ -106.600784561736717, 24.416017295886526 ], [ -106.602967045213276, 24.416657859563557 ], [ -106.603668176952084, 24.416833277780675 ], [ -106.604757630834953, 24.41701134742787 ], [ -106.605612860949307, 24.417090313114414 ], [ -106.608514482575345, 24.417280720798182 ], [ -106.609482057059566, 24.417470209481358 ], [ -106.611095790031357, 24.418164105342782 ], [ -106.612433560238941, 24.418965890981731 ], [ -106.617062877207147, 24.422013578725437 ], [ -106.618489337219742, 24.42280420119469 ], [ -106.620516712677713, 24.423446161565487 ], [ -106.621986490392075, 24.42357262535862 ], [ -106.626818057799653, 24.42352075295037 ], [ -106.628153290272479, 24.423536864613411 ], [ -106.629552817208079, 24.423664010415973 ], [ -106.630216910597397, 24.423829543089873 ], [ -106.631916494831586, 24.424474878872722 ], [ -106.632469665619041, 24.424641597717397 ], [ -106.633351536086892, 24.424774292207587 ], [ -106.634058179153669, 24.424797135890177 ], [ -106.636473973325721, 24.424771025036783 ], [ -106.637246124687863, 24.424711881139761 ], [ -106.638433702435961, 24.424462005021148 ], [ -106.639358087579254, 24.424164181736174 ], [ -106.642484274134077, 24.42302418384353 ], [ -106.643324850504513, 24.422681535881978 ], [ -106.644121386293719, 24.422222545104692 ], [ -106.644418721018411, 24.42190949529375 ], [ -106.645009745420552, 24.420907588152094 ], [ -106.645101534232495, 24.420571376641469 ], [ -106.644938864048854, 24.420004297734742 ], [ -106.644614691746469, 24.419530395835224 ], [ -106.643264578493685, 24.417885924071356 ], [ -106.642824015312414, 24.41741836054522 ], [ -106.642118149032044, 24.416880875622667 ], [ -106.641550331237113, 24.416580602863156 ], [ -106.639606392893114, 24.415716801047868 ], [ -106.639050071516536, 24.415446867877083 ], [ -106.63839783050247, 24.415050995785563 ], [ -106.638022378542317, 24.414755398370183 ], [ -106.636922518339702, 24.41377181223071 ], [ -106.636624324147519, 24.413444901307724 ], [ -106.636332602691638, 24.412902908171503 ], [ -106.6362140514169, 24.41245554362763 ], [ -106.635952536581328, 24.410909835340828 ], [ -106.63591724196958, 24.410466649458112 ], [ -106.636014043641723, 24.409944157588015 ], [ -106.636187625387436, 24.409640926410653 ], [ -106.636900866284435, 24.40874833770491 ], [ -106.637095972393041, 24.408394082686627 ], [ -106.63729323137963, 24.407633482963302 ], [ -106.637379924082779, 24.406901167071716 ], [ -106.637587229160204, 24.404244292322257 ], [ -106.637472970005092, 24.403412569407561 ], [ -106.63673246768127, 24.402188068218706 ], [ -106.635788876451272, 24.40127049823225 ], [ -106.632126050618396, 24.398212948734241 ], [ -106.631172736249937, 24.397397032308227 ], [ -106.630386660784907, 24.396647029178602 ], [ -106.630217000425063, 24.396391518086407 ], [ -106.630211321974215, 24.395949138921104 ], [ -106.63025942544445, 24.395808101110884 ], [ -106.630489586199303, 24.395592303653849 ], [ -106.630770283246093, 24.395425058980564 ], [ -106.631850036487876, 24.394860377092694 ], [ -106.632263813871788, 24.394691695653883 ], [ -106.633115025805267, 24.394469199073171 ], [ -106.633917264632117, 24.394320025637199 ], [ -106.636809820723059, 24.39384634944652 ], [ -106.637749826386084, 24.393629639626685 ], [ -106.63924397037853, 24.393092027638286 ], [ -106.640438449959518, 24.392540717576534 ], [ -106.644518469795059, 24.390505494970238 ], [ -106.6456293975655, 24.389929657867839 ], [ -106.646733782636275, 24.389277698971924 ], [ -106.647200554440886, 24.388922171614333 ], [ -106.648274434530009, 24.387915003246786 ], [ -106.648563763252014, 24.387561402863994 ], [ -106.648840092600139, 24.386918440016739 ], [ -106.648945520770312, 24.386353522402565 ], [ -106.649161188225605, 24.384360203025061 ], [ -106.649092159577506, 24.383599103052916 ], [ -106.648554370022765, 24.382040621060554 ], [ -106.647855141379893, 24.380575314607924 ], [ -106.645129999333903, 24.375295662365495 ], [ -106.644353757669521, 24.373871803583004 ], [ -106.643456306631236, 24.372506816731839 ], [ -106.642950463540089, 24.371980697028373 ], [ -106.641487316479953, 24.370890453108824 ], [ -106.641044635652833, 24.370531250204142 ], [ -106.64044192718211, 24.369945221720705 ], [ -106.640023596505159, 24.369467241155633 ], [ -106.638674113320263, 24.367822686700205 ], [ -106.638278495644002, 24.367385087346761 ], [ -106.637781743323032, 24.36698751901401 ], [ -106.637467713005591, 24.366857164043584 ], [ -106.636498990366576, 24.366646406414585 ], [ -106.636202965876777, 24.366622514194479 ], [ -106.635790238738807, 24.366721778000901 ], [ -106.635496652298244, 24.366887475703319 ], [ -106.63453930355341, 24.367561465122112 ], [ -106.634234886546025, 24.367747593495441 ], [ -106.633771627943986, 24.367942205716993 ], [ -106.633414247243635, 24.368034094592339 ], [ -106.632209727103984, 24.368268292263348 ], [ -106.631840343775892, 24.368289200090882 ], [ -106.631321078710414, 24.368152576840583 ], [ -106.630948656000271, 24.367936492861393 ], [ -106.629729957805949, 24.367064718781208 ], [ -106.629368368509759, 24.366828197935408 ], [ -106.628899640985225, 24.366596213674296 ], [ -106.628591618772191, 24.366501328678723 ], [ -106.627622910031121, 24.366290513366486 ], [ -106.627185169811412, 24.366024330417886 ], [ -106.626111099741848, 24.364992957242151 ], [ -106.625014470517428, 24.363785743270416 ], [ -106.620971106879722, 24.35918338003767 ], [ -106.619953675200364, 24.358092096345878 ], [ -106.619248847656209, 24.357601876616602 ], [ -106.619259367986317, 24.357992853101198 ], [ -106.620013305275506, 24.360307628378514 ], [ -106.620221998153497, 24.361021547272724 ], [ -106.620441945274379, 24.362038396678489 ], [ -106.620547461645756, 24.362777120020226 ], [ -106.620819929893159, 24.365207645511699 ], [ -106.62095865112407, 24.365940933928321 ], [ -106.62133354436159, 24.366932421305822 ], [ -106.621730387085535, 24.367615542541831 ], [ -106.623207454635107, 24.369811944351945 ], [ -106.623737765259918, 24.370524104034605 ], [ -106.62473545961231, 24.371651120166042 ], [ -106.625630432273468, 24.372548980280456 ], [ -106.628809359438961, 24.375611936553241 ], [ -106.629649335909804, 24.376540835577966 ], [ -106.630390214981404, 24.37781278474413 ], [ -106.630608629541584, 24.378700960069487 ], [ -106.630887019164561, 24.381573830539853 ], [ -106.630888357468962, 24.382398313891077 ], [ -106.630616200896156, 24.383373033504068 ], [ -106.630226064303827, 24.383941006083774 ], [ -106.628677561146461, 24.385616816887445 ], [ -106.628186041111491, 24.386063977715992 ], [ -106.627440805658694, 24.386474923885633 ], [ -106.626867705380775, 24.386614828447296 ], [ -106.624938470507786, 24.386856757623363 ], [ -106.624293217262249, 24.386992347586087 ], [ -106.623211271410355, 24.387383181770698 ], [ -106.622310883729526, 24.387805924331797 ], [ -106.619190975815386, 24.389387856503788 ], [ -106.61819074972162, 24.389811642900636 ], [ -106.616642978335392, 24.390207408027369 ], [ -106.615432105599311, 24.390348997608577 ], [ -106.611329129391564, 24.390613926199013 ], [ -106.610216896456251, 24.39066300170013 ], [ -106.609129466939081, 24.390627154329756 ], [ -106.608688230824384, 24.390526874082383 ], [ -106.607716562229456, 24.390094747717612 ], [ -106.607351417091095, 24.389871757900647 ], [ -106.606619075441884, 24.389263266728292 ], [ -106.605938023063871, 24.388616981297766 ] ], [ [ -106.668058594355529, 24.39776719605478 ], [ -106.666821943314019, 24.395568639820258 ], [ -106.666416259890681, 24.394941619064937 ], [ -106.665759699148012, 24.394214084329683 ], [ -106.665227438047111, 24.393801769131453 ], [ -106.663400129525897, 24.392605153664412 ], [ -106.662807951649569, 24.392274751046134 ], [ -106.661871745823916, 24.391929498562263 ], [ -106.661126485702567, 24.391766682259188 ], [ -106.658584816533448, 24.391352102556727 ], [ -106.657737125194956, 24.391413866536801 ], [ -106.656322883108629, 24.3921166970567 ], [ -106.655150214658462, 24.393058973647914 ], [ -106.651091870395007, 24.39675338198424 ], [ -106.649959916009536, 24.397847547312256 ], [ -106.648735933630377, 24.399259298027406 ], [ -106.648119350901851, 24.400181924055598 ], [ -106.646465919587854, 24.403075757577501 ], [ -106.646102751150707, 24.403868645135038 ], [ -106.646061440240828, 24.404674962688755 ], [ -106.646365598214786, 24.405033957343417 ], [ -106.647826324958899, 24.405902938954107 ], [ -106.648252230769558, 24.406240288122763 ], [ -106.648779056277832, 24.406945610556001 ], [ -106.649105759514043, 24.407615865193065 ], [ -106.650103570133069, 24.41003839339783 ], [ -106.650436033111745, 24.410723818458255 ], [ -106.650989695947729, 24.411499944716667 ], [ -106.65144817926587, 24.411923270949277 ], [ -106.65303411903426, 24.413122657431483 ], [ -106.653601415893604, 24.413382260508374 ], [ -106.654662843299491, 24.413394361697957 ], [ -106.655611866039379, 24.413152043053014 ], [ -106.658979172243193, 24.412009082409334 ], [ -106.659860030814428, 24.411645589583387 ], [ -106.660603433301006, 24.411092291977543 ], [ -106.660784581824288, 24.410665363647784 ], [ -106.660886542323794, 24.409226330953128 ], [ -106.661017576979418, 24.408784715344595 ], [ -106.661527109332994, 24.408162874415869 ], [ -106.66212397512264, 24.407716144084979 ], [ -106.664399786898329, 24.406253225139508 ], [ -106.665062913502467, 24.40578543950889 ], [ -106.665881719426409, 24.405065375654992 ], [ -106.666388316026982, 24.404504499636797 ], [ -106.667933605661815, 24.402607136149765 ], [ -106.668334888146688, 24.402052493405048 ], [ -106.668662275626858, 24.401361532081449 ], [ -106.668728692143475, 24.400929087973978 ], [ -106.668711251214916, 24.399601976997946 ], [ -106.668649926003226, 24.399155703763302 ], [ -106.668381183947517, 24.398400206021226 ], [ -106.668058594355529, 24.39776719605478 ] ], [ [ -106.798511126423577, 24.038756950030187 ], [ -106.799501265203972, 24.039260004909487 ], [ -106.799389203829477, 24.04039002897774 ], [ -106.798968031542287, 24.040503334919027 ], [ -106.798981364002586, 24.041460321661649 ], [ -106.798136827068731, 24.042942078488146 ], [ -106.797595773867855, 24.043625657679058 ], [ -106.796856885897867, 24.04351694777224 ], [ -106.796840426956365, 24.042334255528349 ], [ -106.79589832825917, 24.041045039792557 ], [ -106.79566362974947, 24.041842403629616 ], [ -106.796358349004478, 24.043017138286135 ], [ -106.795745335942513, 24.043475814306234 ], [ -106.797056223019268, 24.044417573425534 ], [ -106.798951925849508, 24.044286949009528 ], [ -106.799744654010183, 24.043320487162031 ], [ -106.800463021774377, 24.04195759177318 ], [ -106.801690123175575, 24.041825768232062 ], [ -106.80255124652804, 24.04012708711047 ], [ -106.798303242449265, 24.037242409188874 ], [ -106.798511126423577, 24.038756950030187 ] ], [ [ -106.807635732905553, 24.054288783210421 ], [ -106.808179048079069, 24.053767676010946 ], [ -106.808340857909059, 24.053386520214854 ], [ -106.808540851046018, 24.052923646502869 ], [ -106.808494949543288, 24.052454649250727 ], [ -106.808435802254735, 24.051742008964826 ], [ -106.80839091383362, 24.051345236504307 ], [ -106.808071874168988, 24.050328659992669 ], [ -106.808111128170509, 24.04891957623833 ], [ -106.807602414062131, 24.047697557571922 ], [ -106.806844468725274, 24.047634270700119 ], [ -106.806126855656558, 24.047642741063449 ], [ -106.805968856350148, 24.048999049120876 ], [ -106.806533638156665, 24.050012730413862 ], [ -106.806551708232348, 24.051303752657656 ], [ -106.806811755072289, 24.052321029244105 ], [ -106.806515724033474, 24.052947567901505 ], [ -106.80546775203203, 24.053239854561738 ], [ -106.805417482401765, 24.053863491458504 ], [ -106.806639127242747, 24.05333438449486 ], [ -106.806709234373187, 24.054128162909564 ], [ -106.806718714275263, 24.054805272073512 ], [ -106.807635732905553, 24.054288783210421 ] ], [ [ -106.823495240357033, 24.061929228813739 ], [ -106.824230419221394, 24.061071686133936 ], [ -106.82463541454328, 24.060507024255671 ], [ -106.824818503961737, 24.060242983563398 ], [ -106.82508662471021, 24.059734130528206 ], [ -106.825325633352818, 24.059252713074731 ], [ -106.824613963814201, 24.058990315887041 ], [ -106.82378355847851, 24.058675153386034 ], [ -106.823333109025825, 24.059502211814678 ], [ -106.822547500696686, 24.060270055429001 ], [ -106.821879603084056, 24.061018434480218 ], [ -106.821646570234563, 24.061924165228067 ], [ -106.821269250338105, 24.063057352523437 ], [ -106.820790423451825, 24.063966008417658 ], [ -106.820557378977739, 24.064871737948977 ], [ -106.82101715057415, 24.065399008844935 ], [ -106.822077964393131, 24.063923588584945 ], [ -106.822561884142459, 24.063376050499773 ], [ -106.82332273745746, 24.062942594598752 ], [ -106.823495240357033, 24.061929228813739 ] ], [ [ -106.98402539560584, 24.1195316101463 ], [ -106.984318160034178, 24.118742289431108 ], [ -106.985042671299837, 24.11788415389972 ], [ -106.985581291155256, 24.11709163500225 ], [ -106.98593926040175, 24.116066711951518 ], [ -106.986098027815501, 24.114881858452492 ], [ -106.985905264998763, 24.113864096934471 ], [ -106.98607448080746, 24.113356276721248 ], [ -106.986555744036025, 24.112672848219788 ], [ -106.987161362000307, 24.111762077447249 ], [ -106.987632994011491, 24.110455775813442 ], [ -106.987734551281704, 24.109389041462226 ], [ -106.987914425694271, 24.108935254450138 ], [ -106.986887234829041, 24.108659694000981 ], [ -106.985386070019374, 24.108263882779074 ], [ -106.985214402167941, 24.10925026755482 ], [ -106.984981639405746, 24.110102012200606 ], [ -106.984499401604026, 24.110722246010742 ], [ -106.983713274271722, 24.11140962831012 ], [ -106.983724684586278, 24.112149852692582 ], [ -106.983688222251971, 24.113613013412948 ], [ -106.983218209760324, 24.115027631216709 ], [ -106.982377117410167, 24.11661861524005 ], [ -106.982150445400507, 24.117867550510798 ], [ -106.982168665438948, 24.119050104172626 ], [ -106.981510089418265, 24.120358818291411 ], [ -106.981407644257345, 24.121371388205088 ], [ -106.981664921586741, 24.122108421609717 ], [ -106.983022753388624, 24.122767961528197 ], [ -106.983431970722407, 24.121236757757416 ], [ -106.983791776215341, 24.120329190918646 ], [ -106.98402539560584, 24.1195316101463 ] ] ] ] } },
{ "type": "Feature", "properties": { "fid": 3.0, "cat": 3, "VULNERABIL": 2.0, "CLAVE_ACUI": "2506", "NOM_ACUIF": "RIO ELOTA" }, "geometry": { "type": "MultiPolygon", "coordinates": [ [ [ [ -106.68475809751051, 24.438975570877137 ], [ -106.684932108159302, 24.438850045284585 ], [ -106.685268307474288, 24.438822597507354 ], [ -106.685574582182298, 24.438908911598137 ], [ -106.68666766921001, 24.439339153857219 ], [ -106.687107546183185, 24.439459526949808 ], [ -106.688067215084658, 24.439591027081242 ], [ -106.688998293567906, 24.439658507526346 ], [ -106.692383659588174, 24.439841873545706 ], [ -106.693303850106517, 24.439924685818607 ], [ -106.694212705100725, 24.440127820015064 ], [ -106.694590879162632, 24.440335203403141 ], [ -106.69544684115516, 24.441099858438697 ], [ -106.695603411090104, 24.44133003910126 ], [ -106.695478102183188, 24.441639563770785 ], [ -106.695142518049948, 24.441851560791402 ], [ -106.69370175822749, 24.442531347739667 ], [ -106.693305761327252, 24.442789727637717 ], [ -106.692898543391735, 24.443315720833766 ], [ -106.69271280064973, 24.443808760448263 ], [ -106.69225321423869, 24.44558361869753 ], [ -106.692105957755345, 24.44605083243054 ], [ -106.691878353291969, 24.446456305427418 ], [ -106.691700461104588, 24.446568338763196 ], [ -106.691097902105682, 24.446685686749678 ], [ -106.690918653427829, 24.446696156385851 ], [ -106.690684719505953, 24.446627667895779 ], [ -106.690529777125306, 24.446519357590326 ], [ -106.690040648509608, 24.44608239712964 ], [ -106.689796409715967, 24.445934452910205 ], [ -106.68914575673918, 24.445681006309147 ], [ -106.688460492625779, 24.445466881566862 ], [ -106.685913261614346, 24.444721054065084 ], [ -106.685261290444117, 24.444506543101571 ], [ -106.684765973796445, 24.444251345479799 ], [ -106.684710348133933, 24.444101290883605 ], [ -106.684946076229352, 24.443656234595416 ], [ -106.684984954702259, 24.443520363706916 ], [ -106.684930660547849, 24.443331356012781 ], [ -106.684814219273164, 24.443197215826757 ], [ -106.684325122749613, 24.442760234919426 ], [ -106.684197048518371, 24.442585592465814 ], [ -106.684088463684958, 24.442207576263204 ], [ -106.684061416608429, 24.441842195656374 ], [ -106.684043782086491, 24.440515102291471 ], [ -106.684061044345441, 24.440144149230125 ], [ -106.684159234973777, 24.439740128426699 ], [ -106.684282244739961, 24.439533908852304 ], [ -106.68475809751051, 24.438975570877137 ] ] ] ] } },
{ "type": "Feature", "properties": { "fid": 4.0, "cat": 5, "VULNERABIL": 2.0, "CLAVE_ACUI": "2506", "NOM_ACUIF": "RIO ELOTA" }, "geometry": { "type": "MultiPolygon", "coordinates": [ [ [ [ -106.655150214658462, 24.393058973647914 ], [ -106.656322883108629, 24.3921166970567 ], [ -106.657737125194956, 24.391413866536801 ], [ -106.658584816533448, 24.391352102556727 ], [ -106.661126485702567, 24.391766682259188 ], [ -106.661871745823916, 24.391929498562263 ], [ -106.662807951649569, 24.392274751046134 ], [ -106.663400129525897, 24.392605153664412 ], [ -106.665227438047111, 24.393801769131453 ], [ -106.665759699148012, 24.394214084329683 ], [ -106.666416259890681, 24.394941619064937 ], [ -106.666821943314019, 24.395568639820258 ], [ -106.668058594355529, 24.39776719605478 ], [ -106.668381183947517, 24.398400206021226 ], [ -106.668649926003226, 24.399155703763302 ], [ -106.668711251214916, 24.399601976997946 ], [ -106.668728692143475, 24.400929087973978 ], [ -106.668662275626858, 24.401361532081449 ], [ -106.668334888146688, 24.402052493405048 ], [ -106.667933605661815, 24.402607136149765 ], [ -106.666388316026982, 24.404504499636797 ], [ -106.665881719426409, 24.405065375654992 ], [ -106.665062913502467, 24.40578543950889 ], [ -106.664399786898329, 24.406253225139508 ], [ -106.66212397512264, 24.407716144084979 ], [ -106.661527109332994, 24.408162874415869 ], [ -106.661017576979418, 24.408784715344595 ], [ -106.660886542323794, 24.409226330953128 ], [ -106.660784581824288, 24.410665363647784 ], [ -106.660603433301006, 24.411092291977543 ], [ -106.659860030814428, 24.411645589583387 ], [ -106.658979172243193, 24.412009082409334 ], [ -106.655611866039379, 24.413152043053014 ], [ -106.654662843299491, 24.413394361697957 ], [ -106.653601415893604, 24.413382260508374 ], [ -106.65303411903426, 24.413122657431483 ], [ -106.65144817926587, 24.411923270949277 ], [ -106.650989695947729, 24.411499944716667 ], [ -106.650436033111745, 24.410723818458255 ], [ -106.650103570133069, 24.41003839339783 ], [ -106.649105759514043, 24.407615865193065 ], [ -106.648779056277832, 24.406945610556001 ], [ -106.648252230769558, 24.406240288122763 ], [ -106.647826324958899, 24.405902938954107 ], [ -106.646365598214786, 24.405033957343417 ], [ -106.646061440240828, 24.404674962688755 ], [ -106.646102751150707, 24.403868645135038 ], [ -106.646465919587854, 24.403075757577501 ], [ -106.648119350901851, 24.400181924055598 ], [ -106.648735933630377, 24.399259298027406 ], [ -106.649959916009536, 24.397847547312256 ], [ -106.651091870395007, 24.39675338198424 ], [ -106.655150214658462, 24.393058973647914 ] ] ] ] } },
{ "type": "Feature", "properties": { "fid": 5.0, "cat": 7, "VULNERABIL": 2.0, "CLAVE_ACUI": "2506", "NOM_ACUIF": "RIO ELOTA" }, "geometry": { "type": "MultiPolygon", "coordinates": [ [ [ [ -106.656405080724497, 24.373605107585831 ], [ -106.656854611874152, 24.373351321887167 ], [ -106.657757994749659, 24.373175527540273 ], [ -106.658599011912457, 24.373178175546087 ], [ -106.661620380617777, 24.373366293560778 ], [ -106.662435005109714, 24.373470789472243 ], [ -106.663215216369764, 24.373770353362882 ], [ -106.663515179797557, 24.374093809067102 ], [ -106.6641348032758, 24.375303705660183 ], [ -106.664235512620891, 24.375654742813705 ], [ -106.664085858010949, 24.376083021569123 ], [ -106.663771354740035, 24.376343810801195 ], [ -106.662453317790707, 24.377132542054898 ], [ -106.662010293094099, 24.377318553096639 ], [ -106.661260890939602, 24.377397877628166 ], [ -106.660633342759283, 24.377325186148251 ], [ -106.658454195003117, 24.376906617414161 ], [ -106.657825722901876, 24.376762818238582 ], [ -106.65707199499019, 24.376510341290803 ], [ -106.656623713104253, 24.376293460193615 ], [ -106.655285466621763, 24.375533819990956 ], [ -106.654992099479387, 24.375289846317905 ], [ -106.654961290019557, 24.374910950435098 ], [ -106.655210641719421, 24.37461364451072 ], [ -106.656405080724497, 24.373605107585831 ] ] ] ] } },
{ "type": "Feature", "properties": { "fid": 6.0, "cat": 6, "VULNERABIL": 2.0, "CLAVE_ACUI": "2506", "NOM_ACUIF": "RIO ELOTA" }, "geometry": { "type": "MultiPolygon", "coordinates": [ [ [ [ -106.687674999962539, 24.36712130545461 ], [ -106.688125782537625, 24.36655082832991 ], [ -106.68868927919921, 24.366117918924857 ], [ -106.689043494954731, 24.366069954337938 ], [ -106.690133009386926, 24.366279025284399 ], [ -106.690455784818326, 24.366368539636571 ], [ -106.69087255465179, 24.366577206468133 ], [ -106.691145165097183, 24.366785787732955 ], [ -106.692000582782896, 24.367550497563158 ], [ -106.692258322707673, 24.367891295229082 ], [ -106.692605688018361, 24.368716977139908 ], [ -106.692844186011996, 24.36955572496942 ], [ -106.693609833827054, 24.372644195966334 ], [ -106.69390980570391, 24.373517806594531 ], [ -106.694544007424241, 24.374506187497229 ], [ -106.695150038556136, 24.375044548034627 ], [ -106.697344007345393, 24.376568497097605 ], [ -106.697915709451195, 24.377025967171694 ], [ -106.698389655230017, 24.377636898599349 ], [ -106.698495015708389, 24.378052189643448 ], [ -106.698512750111988, 24.379379284020718 ], [ -106.698473824686616, 24.37978603461978 ], [ -106.698274436525935, 24.380357109728575 ], [ -106.698028520566623, 24.380766180444549 ], [ -106.697080290110591, 24.382104099057607 ], [ -106.696834231551634, 24.382503011801987 ], [ -106.696634199610287, 24.383026688947108 ], [ -106.696594499386535, 24.383375886683282 ], [ -106.69660926508098, 24.384481798997101 ], [ -106.696647188265658, 24.384830127272334 ], [ -106.696809397778466, 24.385349746842397 ], [ -106.697003203316058, 24.385743731985954 ], [ -106.697745428521017, 24.387062707067724 ], [ -106.697805896588562, 24.387437869665856 ], [ -106.697345844042772, 24.387869655471686 ], [ -106.696628155203598, 24.388111327020347 ], [ -106.693738973802212, 24.388807310073471 ], [ -106.692988680081243, 24.389100118785876 ], [ -106.692376508161075, 24.389770607529751 ], [ -106.692252272758097, 24.390435642815532 ], [ -106.692284685943889, 24.392868652896112 ], [ -106.692276688848878, 24.393517152327544 ], [ -106.692206953002341, 24.394110473401046 ], [ -106.69211532711553, 24.394309575506799 ], [ -106.691757474629995, 24.394645397158829 ], [ -106.691540881834968, 24.394622422069354 ], [ -106.690887971808124, 24.394179381916722 ], [ -106.69017184176731, 24.393569439530765 ], [ -106.687482870607283, 24.391166050944893 ], [ -106.686605097355169, 24.390491864726169 ], [ -106.685197741274706, 24.389749075236853 ], [ -106.684065003466642, 24.38936213088045 ], [ -106.680186275992384, 24.388299126006316 ], [ -106.679126249814928, 24.387957047381697 ], [ -106.678058157826456, 24.387423743007869 ], [ -106.677592336423984, 24.387003963446606 ], [ -106.67648660534509, 24.385578295551522 ], [ -106.676209045133362, 24.385136111548835 ], [ -106.676019481113912, 24.384498259734507 ], [ -106.676026233936867, 24.384029227380349 ], [ -106.676247307309055, 24.382478261576757 ], [ -106.676359739774995, 24.382033454575332 ], [ -106.676663352330522, 24.381508654266991 ], [ -106.676984651366908, 24.381203746079706 ], [ -106.678180425389897, 24.380305636583429 ], [ -106.678468317255962, 24.379990937615787 ], [ -106.678616048283757, 24.379420457099464 ], [ -106.678539202563215, 24.378920184223187 ], [ -106.678032868315199, 24.377156056323258 ], [ -106.677933581705219, 24.37663571551543 ], [ -106.677976568871657, 24.375971588014725 ], [ -106.678137264063665, 24.375543175257228 ], [ -106.678844179331861, 24.374208041598429 ], [ -106.67907741269525, 24.373814377033611 ], [ -106.679458926597746, 24.373312410537189 ], [ -106.679770712937085, 24.372988979878844 ], [ -106.680844193423155, 24.371981599670349 ], [ -106.681211950372855, 24.371698177155874 ], [ -106.681854677290787, 24.371382921541052 ], [ -106.682405101733835, 24.371215977946992 ], [ -106.684331014797692, 24.370752150594978 ], [ -106.684902868350136, 24.370529091465691 ], [ -106.685645610494333, 24.369951988619693 ], [ -106.686134815086376, 24.369350615691936 ], [ -106.687674999962539, 24.36712130545461 ] ] ] ] } },
{ "type": "Feature", "properties": { "fid": 7.0, "cat": 8, "VULNERABIL": 2.0, "CLAVE_ACUI": "2506", "NOM_ACUIF": "RIO ELOTA" }, "geometry": { "type": "MultiPolygon", "coordinates": [ [ [ [ -106.694626166988044, 24.356814746630779 ], [ -106.694976408947682, 24.356609366376745 ], [ -106.69541396864679, 24.356438561551531 ], [ -106.695688812790721, 24.356399935136196 ], [ -106.696533859588072, 24.356390481229845 ], [ -106.696826823004145, 24.356463386789866 ], [ -106.697348940788416, 24.356813068302632 ], [ -106.697801862252319, 24.357239706946583 ], [ -106.699393401376028, 24.35888099524519 ], [ -106.699830385371882, 24.359358595129031 ], [ -106.70027808234164, 24.359946117046146 ], [ -106.700480663647454, 24.360307835137629 ], [ -106.700978349081993, 24.361408330575635 ], [ -106.701080472281419, 24.361720385519977 ], [ -106.701059356200815, 24.362076147854154 ], [ -106.700927066370497, 24.362272324824932 ], [ -106.700330826759114, 24.362832053755231 ], [ -106.700109294650161, 24.362988599652621 ], [ -106.699671720180774, 24.363159418786552 ], [ -106.699268145847356, 24.363246899587185 ], [ -106.69782237037353, 24.36348431671923 ], [ -106.697350779118977, 24.363460817695433 ], [ -106.696595801604587, 24.363113744222456 ], [ -106.695988857281606, 24.362641422954237 ], [ -106.69391146235607, 24.360784313362846 ], [ -106.693370384865219, 24.360260455036101 ], [ -106.692922717277028, 24.359672911043575 ], [ -106.692824266294906, 24.359357422600972 ], [ -106.692812493742792, 24.358472688095702 ], [ -106.692864391564868, 24.358206310176246 ], [ -106.693118352764245, 24.357847947569301 ], [ -106.693429255780728, 24.357602378427224 ], [ -106.694626166988044, 24.356814746630779 ] ] ] ] } },
{ "type": "Feature", "properties": { "fid": 8.0, "cat": 4, "VULNERABIL": 2.0, "CLAVE_ACUI": "2506", "NOM_ACUIF": "RIO ELOTA" }, "geometry": { "type": "MultiPolygon", "coordinates": [ [ [ [ -106.619259367986317, 24.357992853101198 ], [ -106.619248847656209, 24.357601876616602 ], [ -106.619953675200364, 24.358092096345878 ], [ -106.620971106879722, 24.35918338003767 ], [ -106.625014470517428, 24.363785743270416 ], [ -106.626111099741848, 24.364992957242151 ], [ -106.627185169811412, 24.366024330417886 ], [ -106.627622910031121, 24.366290513366486 ], [ -106.628591618772191, 24.366501328678723 ], [ -106.628899640985225, 24.366596213674296 ], [ -106.629368368509759, 24.366828197935408 ], [ -106.629729957805949, 24.367064718781208 ], [ -106.630948656000271, 24.367936492861393 ], [ -106.631321078710414, 24.368152576840583 ], [ -106.631840343775892, 24.368289200090882 ], [ -106.632209727103984, 24.368268292263348 ], [ -106.633414247243635, 24.368034094592339 ], [ -106.633771627943986, 24.367942205716993 ], [ -106.634234886546025, 24.367747593495441 ], [ -106.63453930355341, 24.367561465122112 ], [ -106.635496652298244, 24.366887475703319 ], [ -106.635790238738807, 24.366721778000901 ], [ -106.636202965876777, 24.366622514194479 ], [ -106.636498990366576, 24.366646406414585 ], [ -106.637467713005591, 24.366857164043584 ], [ -106.637781743323032, 24.36698751901401 ], [ -106.638278495644002, 24.367385087346761 ], [ -106.638674113320263, 24.367822686700205 ], [ -106.640023596505159, 24.369467241155633 ], [ -106.64044192718211, 24.369945221720705 ], [ -106.641044635652833, 24.370531250204142 ], [ -106.641487316479953, 24.370890453108824 ], [ -106.642950463540089, 24.371980697028373 ], [ -106.643456306631236, 24.372506816731839 ], [ -106.644353757669521, 24.373871803583004 ], [ -106.645129999333903, 24.375295662365495 ], [ -106.647855141379893, 24.380575314607924 ], [ -106.648554370022765, 24.382040621060554 ], [ -106.649092159577506, 24.383599103052916 ], [ -106.649161188225605, 24.384360203025061 ], [ -106.648945520770312, 24.386353522402565 ], [ -106.648840092600139, 24.386918440016739 ], [ -106.648563763252014, 24.387561402863994 ], [ -106.648274434530009, 24.387915003246786 ], [ -106.647200554440886, 24.388922171614333 ], [ -106.646733782636275, 24.389277698971924 ], [ -106.6456293975655, 24.389929657867839 ], [ -106.644518469795059, 24.390505494970238 ], [ -106.640438449959518, 24.392540717576534 ], [ -106.63924397037853, 24.393092027638286 ], [ -106.637749826386084, 24.393629639626685 ], [ -106.636809820723059, 24.39384634944652 ], [ -106.633917264632117, 24.394320025637199 ], [ -106.633115025805267, 24.394469199073171 ], [ -106.632263813871788, 24.394691695653883 ], [ -106.631850036487876, 24.394860377092694 ], [ -106.630770283246093, 24.395425058980564 ], [ -106.630489586199303, 24.395592303653849 ], [ -106.63025942544445, 24.395808101110884 ], [ -106.630211321974215, 24.395949138921104 ], [ -106.630217000425063, 24.396391518086407 ], [ -106.630386660784907, 24.396647029178602 ], [ -106.631172736249937, 24.397397032308227 ], [ -106.632126050618396, 24.398212948734241 ], [ -106.635788876451272, 24.40127049823225 ], [ -106.63673246768127, 24.402188068218706 ], [ -106.637472970005092, 24.403412569407561 ], [ -106.637587229160204, 24.404244292322257 ], [ -106.637379924082779, 24.406901167071716 ], [ -106.63729323137963, 24.407633482963302 ], [ -106.637095972393041, 24.408394082686627 ], [ -106.636900866284435, 24.40874833770491 ], [ -106.636187625387436, 24.409640926410653 ], [ -106.636014043641723, 24.409944157588015 ], [ -106.63591724196958, 24.410466649458112 ], [ -106.635952536581328, 24.410909835340828 ], [ -106.6362140514169, 24.41245554362763 ], [ -106.636332602691638, 24.412902908171503 ], [ -106.636624324147519, 24.413444901307724 ], [ -106.636922518339702, 24.41377181223071 ], [ -106.638022378542317, 24.414755398370183 ], [ -106.63839783050247, 24.415050995785563 ], [ -106.639050071516536, 24.415446867877083 ], [ -106.639606392893114, 24.415716801047868 ], [ -106.641550331237113, 24.416580602863156 ], [ -106.642118149032044, 24.416880875622667 ], [ -106.642824015312414, 24.41741836054522 ], [ -106.643264578493685, 24.417885924071356 ], [ -106.644614691746469, 24.419530395835224 ], [ -106.644938864048854, 24.420004297734742 ], [ -106.645101534232495, 24.420571376641469 ], [ -106.645009745420552, 24.420907588152094 ], [ -106.644418721018411, 24.42190949529375 ], [ -106.644121386293719, 24.422222545104692 ], [ -106.643324850504513, 24.422681535881978 ], [ -106.642484274134077, 24.42302418384353 ], [ -106.639358087579254, 24.424164181736174 ], [ -106.638433702435961, 24.424462005021148 ], [ -106.637246124687863, 24.424711881139761 ], [ -106.636473973325721, 24.424771025036783 ], [ -106.634058179153669, 24.424797135890177 ], [ -106.633351536086892, 24.424774292207587 ], [ -106.632469665619041, 24.424641597717397 ], [ -106.631916494831586, 24.424474878872722 ], [ -106.630216910597397, 24.423829543089873 ], [ -106.629552817208079, 24.423664010415973 ], [ -106.628153290272479, 24.423536864613411 ], [ -106.626818057799653, 24.42352075295037 ], [ -106.621986490392075, 24.42357262535862 ], [ -106.620516712677713, 24.423446161565487 ], [ -106.618489337219742, 24.42280420119469 ], [ -106.617062877207147, 24.422013578725437 ], [ -106.612433560238941, 24.418965890981731 ], [ -106.611095790031357, 24.418164105342782 ], [ -106.609482057059566, 24.417470209481358 ], [ -106.608514482575345, 24.417280720798182 ], [ -106.605612860949307, 24.417090313114414 ], [ -106.604757630834953, 24.41701134742787 ], [ -106.603668176952084, 24.416833277780675 ], [ -106.602967045213276, 24.416657859563557 ], [ -106.600784561736717, 24.416017295886526 ], [ -106.600177402445681, 24.415815474985624 ], [ -106.599526465367958, 24.415514225826477 ], [ -106.599203713990264, 24.415285692304234 ], [ -106.598348482429827, 24.414520450193891 ], [ -106.598103125369761, 24.414270780427781 ], [ -106.597813352195118, 24.413870899859663 ], [ -106.597644747510628, 24.413549311850275 ], [ -106.597147703221907, 24.412448447426534 ], [ -106.596956918218837, 24.412127092498604 ], [ -106.596563628470278, 24.411728301236153 ], [ -106.596192571336658, 24.411479953774801 ], [ -106.594854269084664, 24.410719783195262 ], [ -106.594472891804045, 24.410532488976024 ], [ -106.594031424383871, 24.410418626790211 ], [ -106.593782132896521, 24.410443261269101 ], [ -106.593060237911544, 24.4106720831502 ], [ -106.592795646144822, 24.410803537885869 ], [ -106.59228277933606, 24.411188172481964 ], [ -106.591814702090574, 24.411606194996782 ], [ -106.59014318530491, 24.413172322990714 ], [ -106.589617851456012, 24.413448726209875 ], [ -106.588837837241854, 24.413172487469168 ], [ -106.588248872441497, 24.412501456668029 ], [ -106.586280437547273, 24.409646201959713 ], [ -106.585679269369678, 24.40888386373582 ], [ -106.584842203143197, 24.408181555856178 ], [ -106.584247557994203, 24.407940597425245 ], [ -106.582309614890931, 24.407518420281637 ], [ -106.581766218683128, 24.407383577304568 ], [ -106.581168306962113, 24.407176501205726 ], [ -106.580857543328023, 24.407015522315685 ], [ -106.580005227993738, 24.406471361928777 ], [ -106.579759753219591, 24.40620811698221 ], [ -106.579466517295941, 24.405523803636424 ], [ -106.579293084591399, 24.404809458170522 ], [ -106.578776980915293, 24.402160157545019 ], [ -106.578547596687969, 24.401405761080799 ], [ -106.57799323034719, 24.400534545622442 ], [ -106.577430663811214, 24.40004434705838 ], [ -106.575359742483528, 24.398627951958851 ], [ -106.57468792236385, 24.398270936165574 ], [ -106.573623657819638, 24.398021271669748 ], [ -106.572775096659996, 24.398021622565711 ], [ -106.569879397865833, 24.398272895967612 ], [ -106.569087543604894, 24.398374220980635 ], [ -106.568287929652143, 24.398595828442918 ], [ -106.567937478515987, 24.398811088343177 ], [ -106.567101649416784, 24.399594027031807 ], [ -106.566852016173627, 24.399889507280111 ], [ -106.566522894590051, 24.400485478582972 ], [ -106.566302353582344, 24.401041385996081 ], [ -106.565602273245204, 24.403039648056659 ], [ -106.565359666669096, 24.403605940712705 ], [ -106.564927592747452, 24.404250378665616 ], [ -106.56455295081993, 24.404604711216752 ], [ -106.56323668550182, 24.405613819427252 ], [ -106.562749867638601, 24.405867723337199 ], [ -106.561794327277937, 24.406043502844074 ], [ -106.560916088965655, 24.406040709436084 ], [ -106.557773188999732, 24.405851857691164 ], [ -106.556949288080204, 24.405757057387447 ], [ -106.556247315375757, 24.405503545565985 ], [ -106.556068397983054, 24.40523618977134 ], [ -106.555935422795471, 24.404242043074493 ], [ -106.555861690936823, 24.403958368387688 ], [ -106.555650583260189, 24.40362869986955 ], [ -106.555422732981256, 24.403441419259686 ], [ -106.554570543018471, 24.402897108660206 ], [ -106.554215703534268, 24.402756842340459 ], [ -106.553411972252064, 24.402646577305006 ], [ -106.552618623530364, 24.402629319344104 ], [ -106.549720057246503, 24.402659016200364 ], [ -106.548937799259164, 24.402641625393333 ], [ -106.548185831766801, 24.40253080279173 ], [ -106.547893851032242, 24.402389878533896 ], [ -106.547283244288067, 24.401843055229872 ], [ -106.547156646849331, 24.401619172571458 ], [ -106.547176462331677, 24.401121211798365 ], [ -106.547331366283387, 24.400633721928173 ], [ -106.548034424762335, 24.398856728359601 ], [ -106.548205650192713, 24.398343675006888 ], [ -106.548301654431484, 24.397726421187944 ], [ -106.548267579216983, 24.397357683475452 ], [ -106.548012560794049, 24.396254160851566 ], [ -106.547873556966223, 24.39592204969955 ], [ -106.547479889536575, 24.395475720049088 ], [ -106.547056512375576, 24.395170216462994 ], [ -106.545474432514581, 24.394190852580387 ], [ -106.544940280652057, 24.39389663142731 ], [ -106.544029640601948, 24.393502970605081 ], [ -106.543262878649088, 24.393234817425281 ], [ -106.540595313373885, 24.392377070566592 ], [ -106.539850622641765, 24.39209851661915 ], [ -106.539042947418338, 24.391656371937795 ], [ -106.53863381570693, 24.391303292836781 ], [ -106.537532219117224, 24.390097732238438 ], [ -106.537211082441104, 24.389682805302968 ], [ -106.536814031274986, 24.388952045000082 ], [ -106.536567952390385, 24.388323028846276 ], [ -106.535816649616265, 24.386118377818473 ], [ -106.535576433776328, 24.385514695951542 ], [ -106.535206714461438, 24.384902167672958 ], [ -106.534918758833143, 24.384630809076207 ], [ -106.533944688961398, 24.383976993782209 ], [ -106.533729986975715, 24.38380139571235 ], [ -106.533702108315467, 24.383635757478174 ], [ -106.533876982990762, 24.383574729621301 ], [ -106.534720942291429, 24.383455568388332 ], [ -106.534989895922038, 24.383378348566545 ], [ -106.535401053718573, 24.383137152805009 ], [ -106.535719467523776, 24.382869807125733 ], [ -106.536794231463119, 24.381863386156066 ], [ -106.537127983771768, 24.38148921903818 ], [ -106.537610737618834, 24.38074953018014 ], [ -106.537966632207855, 24.380066998886932 ], [ -106.539144696919408, 24.377621537859543 ], [ -106.539500452279029, 24.376928846397931 ], [ -106.539982601907312, 24.376141751128415 ], [ -106.540315632993185, 24.37571002082775 ], [ -106.541387619517337, 24.374482371396734 ], [ -106.541776579368161, 24.374090702780329 ], [ -106.542519746944379, 24.373490567401923 ], [ -106.543192452832031, 24.373024898173586 ], [ -106.545588547013978, 24.371451891109746 ], [ -106.546367129160359, 24.371030841381454 ], [ -106.547604450048283, 24.370638965200566 ], [ -106.548593471531717, 24.370500189616063 ], [ -106.551971578223146, 24.370244406992587 ], [ -106.552986637057685, 24.369968198615503 ], [ -106.554345469013597, 24.368935047328712 ], [ -106.555271588181498, 24.36773532667593 ], [ -106.558234533873744, 24.363169758101421 ], [ -106.559088069372351, 24.361935208302224 ], [ -106.560108403180323, 24.360739571065661 ], [ -106.560712497271524, 24.360266069332464 ], [ -106.562511262810972, 24.359252023344666 ], [ -106.563012566857807, 24.358987818224001 ], [ -106.563553236917841, 24.358768918026712 ], [ -106.56382432029865, 24.358720409503878 ], [ -106.564548707024116, 24.358712935612672 ], [ -106.56491061403274, 24.358836179432174 ], [ -106.565875132097545, 24.359418789222634 ], [ -106.566891116963873, 24.360127839538769 ], [ -106.570667953382056, 24.362854072541687 ], [ -106.572023659398553, 24.364128430185037 ], [ -106.57457343389693, 24.367349231398041 ], [ -106.576860344192781, 24.370675994292053 ], [ -106.584983720718029, 24.382979792584429 ], [ -106.587227221537972, 24.386337298892371 ], [ -106.589572609677631, 24.389702161632862 ], [ -106.590679581559954, 24.391151628525382 ], [ -106.593500077900259, 24.394550933916417 ], [ -106.594289460673465, 24.395434853126275 ], [ -106.595152663445418, 24.396160538218943 ], [ -106.595596418889556, 24.396313314907374 ], [ -106.596804068388352, 24.396300585189394 ], [ -106.597134620238322, 24.396271703751353 ], [ -106.597469546131421, 24.396149658836325 ], [ -106.597617459721221, 24.396004190892533 ], [ -106.597972795829023, 24.395447385401379 ], [ -106.598075706811642, 24.395251601050045 ], [ -106.598200623395726, 24.394894746617325 ], [ -106.598276164654749, 24.394580738945329 ], [ -106.59850377227427, 24.393472224114472 ], [ -106.598538770250002, 24.393021508868735 ], [ -106.59847448948328, 24.392026685939779 ], [ -106.598347663998709, 24.391056225313783 ], [ -106.597820113033109, 24.387522229115262 ], [ -106.597699291036022, 24.386587257353131 ], [ -106.597662985076795, 24.385758054918803 ], [ -106.597731939344825, 24.385508452007365 ], [ -106.598090030251242, 24.385172840464467 ], [ -106.59827192400283, 24.385084576816869 ], [ -106.598762671335678, 24.385008290853595 ], [ -106.599281845188685, 24.384987573223452 ], [ -106.601213908287193, 24.384967162912385 ], [ -106.60182894342806, 24.385072400447342 ], [ -106.602767050066305, 24.385583930416765 ], [ -106.603492172576097, 24.386209448842504 ], [ -106.605938023063871, 24.388616981297766 ], [ -106.606619075441884, 24.389263266728292 ], [ -106.607351417091095, 24.389871757900647 ], [ -106.607716562229456, 24.390094747717612 ], [ -106.608688230824384, 24.390526874082383 ], [ -106.609129466939081, 24.390627154329756 ], [ -106.610216896456251, 24.39066300170013 ], [ -106.611329129391564, 24.390613926199013 ], [ -106.615432105599311, 24.390348997608577 ], [ -106.616642978335392, 24.390207408027369 ], [ -106.61819074972162, 24.389811642900636 ], [ -106.619190975815386, 24.389387856503788 ], [ -106.622310883729526, 24.387805924331797 ], [ -106.623211271410355, 24.387383181770698 ], [ -106.624293217262249, 24.386992347586087 ], [ -106.624938470507786, 24.386856757623363 ], [ -106.626867705380775, 24.386614828447296 ], [ -106.627440805658694, 24.386474923885633 ], [ -106.628186041111491, 24.386063977715992 ], [ -106.628677561146461, 24.385616816887445 ], [ -106.630226064303827, 24.383941006083774 ], [ -106.630616200896156, 24.383373033504068 ], [ -106.630888357468962, 24.382398313891077 ], [ -106.630887019164561, 24.381573830539853 ], [ -106.630608629541584, 24.378700960069487 ], [ -106.630390214981404, 24.37781278474413 ], [ -106.629649335909804, 24.376540835577966 ], [ -106.628809359438961, 24.375611936553241 ], [ -106.625630432273468, 24.372548980280456 ], [ -106.62473545961231, 24.371651120166042 ], [ -106.623737765259918, 24.370524104034605 ], [ -106.623207454635107, 24.369811944351945 ], [ -106.621730387085535, 24.367615542541831 ], [ -106.62133354436159, 24.366932421305822 ], [ -106.62095865112407, 24.365940933928321 ], [ -106.620819929893159, 24.365207645511699 ], [ -106.620547461645756, 24.362777120020226 ], [ -106.620441945274379, 24.362038396678489 ], [ -106.620221998153497, 24.361021547272724 ], [ -106.620013305275506, 24.360307628378514 ], [ -106.619259367986317, 24.357992853101198 ] ] ] ] } },
{ "type": "Feature", "properties": { "fid": 9.0, "cat": 9, "VULNERABIL": 2.0, "CLAVE_ACUI": "2506", "NOM_ACUIF": "RIO ELOTA" }, "geometry": { "type": "MultiPolygon", "coordinates": [ [ [ [ -106.677221174179053, 24.334656247698224 ], [ -106.677545176094895, 24.334845667047162 ], [ -106.679061571590822, 24.336061392904611 ], [ -106.680903886029483, 24.337608704065765 ], [ -106.687985344276044, 24.343613548250268 ], [ -106.689873768625233, 24.345277042427231 ], [ -106.691604582700819, 24.347035382977129 ], [ -106.692188714828134, 24.347883824105789 ], [ -106.693183843610626, 24.350084883832348 ], [ -106.693437851235416, 24.350703372775197 ], [ -106.693628070593164, 24.351388600015298 ], [ -106.693645802807296, 24.351749007627195 ], [ -106.693538331685133, 24.352745682758702 ], [ -106.693443849029023, 24.353005764610902 ], [ -106.693110401100199, 24.353222804444723 ], [ -106.692728529567106, 24.35327277873315 ], [ -106.691279910275028, 24.353288944262061 ], [ -106.690848081322557, 24.353334392133849 ], [ -106.690281498476267, 24.353530323836747 ], [ -106.689903922480852, 24.353764778688618 ], [ -106.688708474774032, 24.354662965632091 ], [ -106.688364017235742, 24.354886890085265 ], [ -106.68795200618851, 24.355033688500157 ], [ -106.687707877593638, 24.355019476345998 ], [ -106.686980623835922, 24.354806352992089 ], [ -106.686712976309906, 24.354690821630545 ], [ -106.686191208509555, 24.354364799646291 ], [ -106.685713475276955, 24.354014584326652 ], [ -106.684005840839674, 24.352706256364538 ], [ -106.683483639983308, 24.352346369327847 ], [ -106.682754318479169, 24.351975235144515 ], [ -106.682234630101064, 24.351804930588592 ], [ -106.680538742852363, 24.351381300551825 ], [ -106.679934504761007, 24.351105266371032 ], [ -106.678810617260908, 24.350240743183978 ], [ -106.677809312517113, 24.349281739999192 ], [ -106.674260558431101, 24.345670862533758 ], [ -106.67333652385625, 24.344680499239068 ], [ -106.672573001070688, 24.34366973658296 ], [ -106.672406277558224, 24.343216158548053 ], [ -106.672391750287218, 24.342110226416668 ], [ -106.672420159554164, 24.341740839481417 ], [ -106.67256726211933, 24.341122965948809 ], [ -106.672748998311292, 24.340609676274514 ], [ -106.673449987688386, 24.338832196496792 ], [ -106.673709180305565, 24.338307893330633 ], [ -106.674217764340654, 24.337638625671236 ], [ -106.674685119372072, 24.337206831390542 ], [ -106.67635750702479, 24.335861049794293 ], [ -106.676792462696483, 24.335495634423655 ], [ -106.677149888593661, 24.335136154007472 ], [ -106.67722554333767, 24.334988026859644 ], [ -106.677221174179053, 24.334656247698224 ] ] ] ] } },
{ "type": "Feature", "properties": { "fid": 10.0, "cat": 10, "VULNERABIL": 2.0, "CLAVE_ACUI": "2506", "NOM_ACUIF": "RIO ELOTA" }, "geometry": { "type": "MultiPolygon", "coordinates": [ [ [ [ -106.588614544089893, 24.257012706731587 ], [ -106.587846108424912, 24.257589601215368 ], [ -106.587245226723724, 24.257978506332019 ], [ -106.585209527524043, 24.259216489126263 ], [ -106.584647090898429, 24.259579587789379 ], [ -106.584058107785708, 24.260036079587124 ], [ -106.583779141671087, 24.260325113317741 ], [ -106.583066279556803, 24.261217445086718 ], [ -106.582859510900164, 24.261520963202003 ], [ -106.58260745736419, 24.262045050873706 ], [ -106.582454149517559, 24.262490229532286 ], [ -106.581990761434639, 24.264043641786717 ], [ -106.581754794953653, 24.264525234220514 ], [ -106.581117008151082, 24.265219252569182 ], [ -106.580441847433733, 24.265729112835935 ], [ -106.5779288474087, 24.267414420466153 ], [ -106.577214695381343, 24.267909434343711 ], [ -106.576395022007418, 24.268534212391945 ], [ -106.575938214427893, 24.268931740160667 ], [ -106.574626108686729, 24.270162087956123 ], [ -106.574284939613705, 24.270502542020125 ], [ -106.574004937408603, 24.270860985791249 ], [ -106.573946104746781, 24.271032594826192 ], [ -106.573951555545818, 24.27147499347608 ], [ -106.574058796394311, 24.271634724481444 ], [ -106.574553804201912, 24.271937736147155 ], [ -106.575153719218989, 24.272210876895745 ], [ -106.577458333705493, 24.273182500730297 ], [ -106.578136950138884, 24.273546237898575 ], [ -106.578999197991138, 24.274272073252934 ], [ -106.579552366058678, 24.274945244477788 ], [ -106.581271603738372, 24.277360863868168 ], [ -106.58184085216925, 24.27798814547284 ], [ -106.582778071113339, 24.278499850762536 ], [ -106.583547702948337, 24.278603575444333 ], [ -106.586202092387282, 24.278575894312038 ], [ -106.586931745648954, 24.278583514579957 ], [ -106.587682407504701, 24.278646782809624 ], [ -106.588025128771676, 24.278729548032175 ], [ -106.588873834974862, 24.279052516762082 ], [ -106.589117718245163, 24.279207421189092 ], [ -106.589407132636211, 24.279607342402727 ], [ -106.589576699004937, 24.280023754128461 ], [ -106.59007860121099, 24.281567086468563 ], [ -106.590200143653902, 24.282131295654398 ], [ -106.590265432533855, 24.28322094094208 ], [ -106.590237158910043, 24.284213367954546 ], [ -106.590039922441605, 24.287755048093018 ], [ -106.590016619522274, 24.288701710108199 ], [ -106.590105112982641, 24.289577786687481 ], [ -106.590254835696797, 24.28988266256005 ], [ -106.590865050446311, 24.290429338505511 ], [ -106.591134899739274, 24.290590738789621 ], [ -106.591783979704061, 24.290797264092113 ], [ -106.592441387966815, 24.290930897913295 ], [ -106.594860220256621, 24.291347974961418 ], [ -106.595528842312049, 24.291491635734758 ], [ -106.596230239658126, 24.291744997471831 ], [ -106.596563613628177, 24.291963283930581 ], [ -106.597417966102242, 24.292728591107878 ], [ -106.597651991224055, 24.292978394554446 ], [ -106.59788975070893, 24.293378839795302 ], [ -106.597995381700756, 24.29370110123504 ], [ -106.598250568927313, 24.294804542505442 ], [ -106.598367538512505, 24.295147000837197 ], [ -106.598658207747704, 24.295641698513624 ], [ -106.598956480821599, 24.296005950677642 ], [ -106.600057763940953, 24.29721109124376 ], [ -106.600388781293915, 24.297534362101644 ], [ -106.600832234317835, 24.297837823629834 ], [ -106.601134720271119, 24.297948069402892 ], [ -106.602102868829121, 24.298159085156236 ], [ -106.602431849809875, 24.298172545113495 ], [ -106.602998943229139, 24.298024345100782 ], [ -106.603480094179361, 24.297799170222234 ], [ -106.605158357853853, 24.29689654480616 ], [ -106.6056615364827, 24.296660972255165 ], [ -106.606331453268879, 24.296464267942085 ], [ -106.606785299919679, 24.296418834533586 ], [ -106.608233334793255, 24.296403509632118 ], [ -106.608676866646235, 24.296419129391381 ], [ -106.609298648247176, 24.296507353302612 ], [ -106.609743376390853, 24.296617767665634 ], [ -106.611196997803589, 24.29704480358324 ], [ -106.611603263085669, 24.297181015971532 ], [ -106.612045541727198, 24.29738964580709 ], [ -106.61227110286778, 24.297551476692544 ], [ -106.612881445211698, 24.298098056808463 ], [ -106.613042314276456, 24.298402788844587 ], [ -106.613182692455354, 24.299278293043951 ], [ -106.613222363834652, 24.300224281350559 ], [ -106.613267122591012, 24.30376338839967 ], [ -106.613314330724549, 24.304866748686951 ], [ -106.61348987481972, 24.306476656896837 ], [ -106.613693446593913, 24.307673165104553 ], [ -106.614467934514082, 24.311646957181178 ], [ -106.614737769123124, 24.312822441382895 ], [ -106.615222483120533, 24.314334245913184 ], [ -106.615645098188452, 24.315318481851726 ], [ -106.617132626186134, 24.318399767978644 ], [ -106.617586975811477, 24.319261760275339 ], [ -106.618219705953507, 24.320203114770887 ], [ -106.618669253990504, 24.320685914811861 ], [ -106.620134427141295, 24.321997619457928 ], [ -106.620466249774807, 24.322375009152584 ], [ -106.620549564367778, 24.322824466037726 ], [ -106.620336760151034, 24.323089158105738 ], [ -106.619260350629062, 24.323874926672172 ], [ -106.618924841066075, 24.324079976924516 ], [ -106.618435546613526, 24.324251112878585 ], [ -106.618072064804622, 24.324290542417295 ], [ -106.616865111153047, 24.324303406073263 ], [ -106.616438925597521, 24.324206364019954 ], [ -106.615657017218425, 24.323740640625683 ], [ -106.614966195518349, 24.323172361608982 ], [ -106.612524316735588, 24.320986092011193 ], [ -106.611844479334962, 24.320407522454566 ], [ -106.611113736285546, 24.319893825333384 ], [ -106.610749650535936, 24.31973854397463 ], [ -106.609781324957552, 24.319527593241677 ], [ -106.609491274954934, 24.319528976115944 ], [ -106.609106031306425, 24.319746383563444 ], [ -106.60884573221648, 24.320055582894209 ], [ -106.608016238184092, 24.321281103849259 ], [ -106.607801038591219, 24.321650773151131 ], [ -106.607626276506807, 24.322150377870646 ], [ -106.607591816890604, 24.322494429804337 ], [ -106.607605768707487, 24.323600400771053 ], [ -106.607665845712603, 24.323968846821383 ], [ -106.60793225439582, 24.324582290464487 ], [ -106.608252763117193, 24.325090191809416 ], [ -106.609482081275161, 24.326846947478327 ], [ -106.609797124109861, 24.327359982008371 ], [ -106.6100379862892, 24.327997394499089 ], [ -106.610067030269519, 24.328394949908724 ], [ -106.609961704308759, 24.329612796241531 ], [ -106.609889958653312, 24.329930155239971 ], [ -106.609660471773481, 24.330193317474965 ], [ -106.609404379071506, 24.330251904192888 ], [ -106.608438766917899, 24.33026214310015 ], [ -106.608086721375926, 24.33018460871688 ], [ -106.607409456989416, 24.329812544443282 ], [ -106.606793985339209, 24.329358556810664 ], [ -106.604599082620666, 24.327611992683632 ], [ -106.603972546812457, 24.32715810961054 ], [ -106.603243581992956, 24.326786571876148 ], [ -106.602828736111334, 24.326709688189222 ], [ -106.601621750484782, 24.326722431832973 ], [ -106.601280423107696, 24.32676158778208 ], [ -106.600894547494477, 24.32693157715838 ], [ -106.600684623644725, 24.327135263597356 ], [ -106.600090850952895, 24.327915810273186 ], [ -106.599937112998319, 24.328179852817929 ], [ -106.599813445752503, 24.328631505863861 ], [ -106.599790516677345, 24.329012682055502 ], [ -106.599807182778008, 24.330339851139112 ], [ -106.599784508795651, 24.330741341074123 ], [ -106.599662029494127, 24.3312877917847 ], [ -106.599509732381335, 24.331666945630349 ], [ -106.598921485871429, 24.332889878437971 ], [ -106.598492054044158, 24.33283006778391 ], [ -106.5970763123144, 24.331328010488747 ], [ -106.595483300952694, 24.329242009073571 ], [ -106.589465452535194, 24.321009227784192 ], [ -106.587926854773286, 24.318820981081476 ], [ -106.586764119848297, 24.316842112066102 ], [ -106.586641622855268, 24.316203418940017 ], [ -106.587232676972931, 24.315201725687572 ], [ -106.587530304268071, 24.314919259987899 ], [ -106.588328180429059, 24.314602778728876 ], [ -106.589170375202485, 24.314433124913332 ], [ -106.592302727321936, 24.313957852255406 ], [ -106.593145165085119, 24.313808490781785 ], [ -106.59394420389458, 24.313586779299172 ], [ -106.594243251371793, 24.313419413504821 ], [ -106.594839766111804, 24.312860085801447 ], [ -106.594994599634035, 24.312684075245091 ], [ -106.595120644207441, 24.312422021582826 ], [ -106.595145874669768, 24.312223669878989 ], [ -106.595137572733989, 24.311560082272411 ], [ -106.594962669030082, 24.311313041729356 ], [ -106.594154757174664, 24.310823770680756 ], [ -106.593175506150018, 24.310371847092821 ], [ -106.589413631550286, 24.3087520844098 ], [ -106.588362055816262, 24.308275489565883 ], [ -106.58721652803213, 24.307671197166616 ], [ -106.586631632066101, 24.307284521628844 ], [ -106.585047656876895, 24.306084322723418 ], [ -106.584623033906226, 24.30566041158578 ], [ -106.584225420403357, 24.304882368762886 ], [ -106.584082023172982, 24.304194791072348 ], [ -106.583810454506477, 24.301764137764319 ], [ -106.583700311326368, 24.301076212419261 ], [ -106.583457872459121, 24.300296548148076 ], [ -106.583221674597155, 24.299870667161397 ], [ -106.58236186494473, 24.298662883625841 ], [ -106.582082604722544, 24.298339032610713 ], [ -106.581639191133348, 24.298035514126198 ], [ -106.581285002629514, 24.297925767085864 ], [ -106.580075537331879, 24.297717127598368 ], [ -106.579628472936093, 24.297715005491369 ], [ -106.578751633826769, 24.297913744796535 ], [ -106.577946067719466, 24.298199777831762 ], [ -106.575063567333558, 24.29933583062077 ], [ -106.574055242229306, 24.299359828555911 ], [ -106.572232275560907, 24.298335783584854 ], [ -106.570636394895587, 24.296848853827843 ], [ -106.565012220321918, 24.290933762236339 ], [ -106.563389746308047, 24.28952320984201 ], [ -106.56144206798642, 24.288855853023303 ], [ -106.56028210655748, 24.289313047834774 ], [ -106.556816526935037, 24.292113952327707 ], [ -106.555903909654262, 24.292863175085596 ], [ -106.555110696401286, 24.293558685123735 ], [ -106.55489016034862, 24.293803052154345 ], [ -106.554654209664164, 24.294247923692659 ], [ -106.554626431320131, 24.294393812312343 ], [ -106.554732750940445, 24.294629754458409 ], [ -106.554912414963624, 24.294820925843542 ], [ -106.555644531767044, 24.295477114482498 ], [ -106.555835528167364, 24.295688485464158 ], [ -106.555994723856642, 24.296018697011856 ], [ -106.556031149478983, 24.296279057027697 ], [ -106.556041939816737, 24.297163858956999 ], [ -106.555930056016408, 24.297532401784121 ], [ -106.555397136856527, 24.298367465471358 ], [ -106.554747701064443, 24.299191868751638 ], [ -106.55224985342285, 24.302203999312241 ], [ -106.551477726658334, 24.30296869318326 ], [ -106.550372380554577, 24.303525151445854 ], [ -106.549565448751579, 24.303555397325194 ], [ -106.54690512804774, 24.303140062267556 ], [ -106.546124734182499, 24.303073514113112 ], [ -106.545143206762475, 24.30317831615881 ], [ -106.544521416205143, 24.30339458288665 ], [ -106.542601238377969, 24.304299015394928 ], [ -106.541946311467584, 24.304525767001575 ], [ -106.540810178934592, 24.304679517558053 ], [ -106.539842061251406, 24.30467240665908 ], [ -106.536460316539177, 24.304485430945338 ], [ -106.535525692438156, 24.304498270529415 ], [ -106.534545852181367, 24.304745206615245 ], [ -106.534080702802626, 24.305085136632282 ], [ -106.532889833452174, 24.306424539301396 ], [ -106.532546344565333, 24.306742919765775 ], [ -106.532134280190391, 24.306889296999792 ], [ -106.531889107483835, 24.306780027113209 ], [ -106.531157037740911, 24.30612372198987 ], [ -106.530877642514426, 24.305933527418674 ], [ -106.530305864493585, 24.305702258906273 ], [ -106.529768434195788, 24.305562068695195 ], [ -106.527832209927368, 24.305139102201483 ], [ -106.527316828756796, 24.304988522740224 ], [ -106.526871749090049, 24.304723006041542 ], [ -106.526847935150286, 24.304708799529056 ], [ -106.526693467885011, 24.304459775778273 ], [ -106.526441515355245, 24.303577388680928 ], [ -106.526292287979544, 24.30330291543293 ], [ -106.526059484405351, 24.303094183529314 ], [ -106.525547650463579, 24.302775946334357 ], [ -106.523603553789258, 24.30168931194067 ], [ -106.523108052316786, 24.301345505815743 ], [ -106.52309857824558, 24.301332185252797 ], [ -106.5230763075146, 24.301317041665715 ], [ -106.522734189100291, 24.300822704074015 ], [ -106.522709203075877, 24.300431850995786 ], [ -106.522934716019734, 24.299102207923756 ], [ -106.522881720555688, 24.298686239305276 ], [ -106.522408900623091, 24.298074694630728 ], [ -106.521786442431448, 24.297617025669467 ], [ -106.519354489215871, 24.296092757345743 ], [ -106.518708194252753, 24.29549309350563 ], [ -106.518124077214736, 24.294218954305801 ], [ -106.517935917729091, 24.292998421410864 ], [ -106.517641967519054, 24.288576739810868 ], [ -106.517647933067565, 24.287369503912839 ], [ -106.517969701371428, 24.286157420106324 ], [ -106.518423401225732, 24.285633106836684 ], [ -106.52021888080904, 24.284398383766344 ], [ -106.52087980719763, 24.284059923713592 ], [ -106.522168667600653, 24.283715172059445 ], [ -106.523348970566417, 24.283561124380295 ], [ -106.52756817608028, 24.283186922885395 ], [ -106.528520754262075, 24.282989411057457 ], [ -106.528746931673368, 24.282441960937216 ], [ -106.528117471774252, 24.281857403624752 ], [ -106.524953880538291, 24.279676876165798 ], [ -106.524169198489574, 24.279083699941676 ], [ -106.523670878391925, 24.278496114148794 ], [ -106.523743668236619, 24.278249885862923 ], [ -106.524581666900204, 24.277688404869625 ], [ -106.525154298752767, 24.277538746712029 ], [ -106.526988583443256, 24.277401812250115 ], [ -106.529036356893457, 24.277355828129565 ], [ -106.536758331659172, 24.277277945351333 ], [ -106.5389909413353, 24.277397573613925 ], [ -106.541687846302906, 24.278033929707931 ], [ -106.543307972511329, 24.278823394040327 ], [ -106.548171779814098, 24.28187113241141 ], [ -106.549515336521452, 24.282693819454369 ], [ -106.550921332804876, 24.283485381154591 ], [ -106.551586330448131, 24.28379350483328 ], [ -106.553283656072523, 24.284439850042958 ], [ -106.553830642652756, 24.284612030579638 ], [ -106.55468591231373, 24.284769203624855 ], [ -106.555360738687568, 24.28482155517829 ], [ -106.557654658299256, 24.284908671242519 ], [ -106.558055084077608, 24.28472510004654 ], [ -106.557629821491474, 24.283781338546753 ], [ -106.55662189459116, 24.282616673257849 ], [ -106.552343678457689, 24.27812524711419 ], [ -106.550967598118717, 24.276750971559167 ], [ -106.549458829375112, 24.275398351794799 ], [ -106.548823960983242, 24.274829175082452 ], [ -106.547137707838289, 24.273458021506517 ], [ -106.541412366116347, 24.268980977145819 ], [ -106.540077298083446, 24.2678500513586 ], [ -106.539994264141939, 24.267779712859465 ], [ -106.539101564804369, 24.266650998186151 ], [ -106.539244358713105, 24.266239825384766 ], [ -106.540803407762567, 24.265449728240963 ], [ -106.541264473165086, 24.265243577695902 ], [ -106.54185707372892, 24.265071646777375 ], [ -106.542242581628003, 24.265032182033437 ], [ -106.543449018483045, 24.265019939696202 ], [ -106.543796299407987, 24.265026572395353 ], [ -106.544210507486653, 24.26506977244183 ], [ -106.544454952558425, 24.26512485442732 ], [ -106.545181489382287, 24.26533870215415 ], [ -106.545471604800937, 24.265505061880766 ], [ -106.546098941917407, 24.266067559966086 ], [ -106.546578496570731, 24.266571740220002 ], [ -106.546578496570731, 24.266571740220002 ], [ -106.546952826304775, 24.26683317768812 ], [ -106.547580176451589, 24.267395668908389 ], [ -106.548003295809309, 24.267868810510311 ], [ -106.549350520728211, 24.269514306677255 ], [ -106.549647483137875, 24.269825848597016 ], [ -106.549647483137875, 24.269825848597016 ], [ -106.550327982796375, 24.270313634181296 ], [ -106.550806475230658, 24.270478061621144 ], [ -106.552256942941355, 24.270684486679983 ], [ -106.552661752483687, 24.270712521051355 ], [ -106.553100393256216, 24.27063693085843 ], [ -106.553322212881824, 24.270500911164593 ], [ -106.553918727554219, 24.269941742253959 ], [ -106.554049558503081, 24.269613640616921 ], [ -106.554063591566688, 24.26864166977332 ], [ -106.553952810395245, 24.267581241443551 ], [ -106.55342182291831, 24.263604543458616 ], [ -106.553304711848028, 24.262478148130054 ], [ -106.553289157130322, 24.26119833780136 ], [ -106.553384044224828, 24.260496432903711 ], [ -106.553842397120221, 24.258500686473965 ], [ -106.554005234868313, 24.25791998871572 ], [ -106.554306797146921, 24.257205812680446 ], [ -106.554574762272182, 24.256766258737663 ], [ -106.555523694072193, 24.255429180215184 ], [ -106.555680989278315, 24.255000914899902 ], [ -106.55546611499949, 24.254339424787975 ], [ -106.555001860594331, 24.253822702946497 ], [ -106.553050245258689, 24.252072807664216 ], [ -106.552530247451486, 24.251526171052642 ], [ -106.552055177691813, 24.250725111432935 ], [ -106.551896502000318, 24.250127378651122 ], [ -106.551631087580219, 24.248139018917172 ], [ -106.551450261857923, 24.247541511196886 ], [ -106.550882410040131, 24.246756145666616 ], [ -106.550871821280609, 24.246741500800688 ], [ -106.550226306412739, 24.246196134222686 ], [ -106.547792379563944, 24.244451076274483 ], [ -106.547244829240299, 24.24404108089535 ], [ -106.547158826887184, 24.243976683518234 ], [ -106.546636137114646, 24.243507933297145 ], [ -106.546522986469753, 24.243312685258893 ], [ -106.546517637653523, 24.242870279176586 ], [ -106.546543387205318, 24.242709174027954 ], [ -106.54666890017306, 24.242399756047934 ], [ -106.54682245435599, 24.242118835403158 ], [ -106.547413522501031, 24.241117289237454 ], [ -106.547678093414632, 24.240855555791732 ], [ -106.548321693523405, 24.240635678809664 ], [ -106.548976551654661, 24.240583300259292 ], [ -106.551388955630259, 24.240558722393306 ], [ -106.552115629241356, 24.240490360361587 ], [ -106.553094367801478, 24.240195934923136 ], [ -106.553765889722982, 24.239843689729447 ], [ -106.555920894864656, 24.238494290676755 ], [ -106.556537261132448, 24.238162914814332 ], [ -106.557258658649843, 24.237965908441581 ], [ -106.557672863281098, 24.2380158476528 ], [ -106.558884426819262, 24.238445899565317 ], [ -106.559249219524347, 24.238531895325892 ], [ -106.559740017105341, 24.238503162132428 ], [ -106.560076362826948, 24.238376119113184 ], [ -106.561155172837402, 24.237811981462116 ], [ -106.561423813290901, 24.23758404528219 ], [ -106.561598663932841, 24.237084485037251 ], [ -106.561579811144583, 24.236598764058321 ], [ -106.561316986878538, 24.234831625760823 ], [ -106.561335727360259, 24.23424901317987 ], [ -106.561685998984501, 24.233297293107849 ], [ -106.562167641737304, 24.232520304509062 ], [ -106.564064992251616, 24.229846065722153 ], [ -106.564558305448486, 24.229119742868168 ], [ -106.564963127516478, 24.228404486910211 ], [ -106.565048135889214, 24.228109016679245 ], [ -106.565040022378739, 24.22744541207571 ], [ -106.564981537151169, 24.227192051115761 ], [ -106.564716720785867, 24.226673304242535 ], [ -106.564396898831973, 24.226185597574148 ], [ -106.563169232375714, 24.224428373067386 ], [ -106.562726843912984, 24.22388096976465 ], [ -106.562107554022134, 24.223290918703846 ], [ -106.562107554022134, 24.223290918703846 ], [ -106.561708120488149, 24.223004247662711 ], [ -106.560128151866351, 24.222024913104381 ], [ -106.559666644097717, 24.22172488633284 ], [ -106.559092897708354, 24.221304105293658 ], [ -106.558734767399827, 24.221003016788849 ], [ -106.557637246990026, 24.220018714181599 ], [ -106.557351423403887, 24.219742278644592 ], [ -106.557115090874959, 24.219436553881334 ], [ -106.557063295629902, 24.219276240250981 ], [ -106.557057916395109, 24.218833834987752 ], [ -106.557110905870999, 24.218636894895663 ], [ -106.557363568155353, 24.218160246198028 ], [ -106.55767152300659, 24.217676259137779 ], [ -106.558855965006217, 24.215894296945976 ], [ -106.559152586663586, 24.215390106175235 ], [ -106.559352397513493, 24.214819182796013 ], [ -106.559341221925962, 24.214507769143452 ], [ -106.55908926164868, 24.213625428519691 ], [ -106.559089471016947, 24.213339294530854 ], [ -106.559342404986708, 24.212886343411284 ], [ -106.559703528106681, 24.212525403726801 ], [ -106.561135819620688, 24.211293962420978 ], [ -106.561569414284065, 24.210972909808543 ], [ -106.562160579758256, 24.210706111712767 ], [ -106.56257150868754, 24.210646024228463 ], [ -106.563898012512865, 24.210632408378338 ], [ -106.564321069056589, 24.210658539040828 ], [ -106.564968830435177, 24.210794103274043 ], [ -106.565471148246047, 24.210961635339839 ], [ -106.567167545733668, 24.211607877090724 ], [ -106.567841652664185, 24.211783791646177 ], [ -106.569291079600859, 24.211958488024191 ], [ -106.570687581852042, 24.212032131384436 ], [ -106.575755165400579, 24.212201009684819 ], [ -106.577229193821893, 24.212273790532716 ], [ -106.579040409848986, 24.21244464579312 ], [ -106.580153834331014, 24.212615949038678 ], [ -106.583538614566237, 24.213244475396181 ], [ -106.584504612982926, 24.21358489355384 ], [ -106.585627818061482, 24.214545026401165 ], [ -106.586266403273072, 24.215576229202131 ], [ -106.588123323659133, 24.219428363321377 ], [ -106.588673603785281, 24.22048079150796 ], [ -106.589384593328759, 24.221540004859808 ], [ -106.589850007370231, 24.222000739432779 ], [ -106.591310957615448, 24.223091613837227 ], [ -106.591775500241496, 24.223481242161405 ], [ -106.592482405551493, 24.22420864037348 ], [ -106.593027730037406, 24.224858151748052 ], [ -106.594865708316874, 24.227161792932293 ], [ -106.595394000774093, 24.227775918653332 ], [ -106.596021349735878, 24.2283382117066 ], [ -106.59638926660476, 24.228527362791564 ], [ -106.597478862737901, 24.228847771652511 ], [ -106.597740862650525, 24.228982159807749 ], [ -106.597873930136885, 24.22928890049111 ], [ -106.59780202592772, 24.229592713698235 ], [ -106.597333400421547, 24.230703767365899 ], [ -106.597212728476535, 24.231094438380634 ], [ -106.597118222380601, 24.231806516787493 ], [ -106.597103886227899, 24.232433100667766 ], [ -106.597131492786701, 24.234645080001989 ], [ -106.597207291877197, 24.235392618189319 ], [ -106.597533416795258, 24.236669150049057 ], [ -106.597923515467116, 24.237745227670455 ], [ -106.59941790332411, 24.241490379376668 ], [ -106.599735333856842, 24.242511343384798 ], [ -106.599722231946046, 24.243530703067393 ], [ -106.599386077788111, 24.243965967526211 ], [ -106.597927956125261, 24.244914407554656 ], [ -106.597830444869302, 24.244977833097046 ], [ -106.597386950833197, 24.245246607848816 ], [ -106.596872958932607, 24.245489032417279 ], [ -106.5965821801217, 24.24556657904462 ], [ -106.595892142792934, 24.245664364434582 ], [ -106.595683300845565, 24.245793286190683 ], [ -106.59489473130796, 24.246820778568573 ], [ -106.594323410852823, 24.247945881116451 ], [ -106.592445754842345, 24.252168857923284 ], [ -106.591885975371426, 24.253334465107667 ], [ -106.591151389969141, 24.254550998206152 ], [ -106.590661766276909, 24.25512329571378 ], [ -106.589111427911192, 24.256577477493778 ], [ -106.588614544089893, 24.257012706731587 ] ] ] ] } },
{ "type": "Feature", "properties": { "fid": 11.0, "cat": 11, "VULNERABIL": 2.0, "CLAVE_ACUI": "2506", "NOM_ACUIF": "RIO ELOTA" }, "geometry": { "type": "MultiPolygon", "coordinates": [ [ [ [ -106.683783371901299, 24.113176563145274 ], [ -106.683883211102824, 24.11361734559593 ], [ -106.683608803878002, 24.114355149073695 ], [ -106.683116949781379, 24.114968370533077 ], [ -106.681095999459075, 24.117092253087822 ], [ -106.680463343414658, 24.117519089145603 ], [ -106.679531939997545, 24.117387119027146 ], [ -106.678834029031762, 24.116771753214547 ], [ -106.676508574731358, 24.114031994332485 ], [ -106.675902043530158, 24.113207366154537 ], [ -106.675396963431297, 24.112098884194065 ], [ -106.675281946261507, 24.111339968999882 ], [ -106.675250276521908, 24.108906847625338 ], [ -106.675219377327039, 24.108233354780293 ], [ -106.675106849178491, 24.107523509908539 ], [ -106.674976994033358, 24.107182938581452 ], [ -106.67448353486958, 24.106303449471369 ], [ -106.674288084915474, 24.106024545906013 ], [ -106.673869441699566, 24.105602485494558 ], [ -106.673466830886781, 24.105278444867373 ], [ -106.672006636799921, 24.104188307095026 ], [ -106.671603903139854, 24.103854104156941 ], [ -106.671184660525768, 24.103384636792413 ], [ -106.670988475305194, 24.103048172804961 ], [ -106.670492190473212, 24.10194747435801 ], [ -106.670290147685179, 24.101585677544541 ], [ -106.669843563241173, 24.100997991261099 ], [ -106.669407630025162, 24.100520235302401 ], [ -106.66781988169933, 24.098878383159381 ], [ -106.667323305997044, 24.098416519752423 ], [ -106.666593679755607, 24.097903018573039 ], [ -106.66604793110676, 24.097631308654986 ], [ -106.664230739097462, 24.096876818670498 ], [ -106.663778849390056, 24.096588840618352 ], [ -106.663487212215401, 24.095999446448186 ], [ -106.663522475580351, 24.09544543404219 ], [ -106.66397866599641, 24.093449436777099 ], [ -106.66418397600448, 24.092781831300982 ], [ -106.664685901401057, 24.091662336197945 ], [ -106.665197623290837, 24.090730661933687 ], [ -106.667083683219374, 24.08750233282715 ], [ -106.66760208746615, 24.086662003534695 ], [ -106.668135299079211, 24.085968806747807 ], [ -106.668378630758966, 24.085818855865476 ], [ -106.668980970264414, 24.085812281403658 ], [ -106.669304704711081, 24.085890013418286 ], [ -106.670213129079286, 24.086259335258383 ], [ -106.671187148960016, 24.086709200857985 ], [ -106.674824204526857, 24.088439199231299 ], [ -106.675844293562704, 24.089025665712953 ], [ -106.676967607331179, 24.090032561295597 ], [ -106.677552251347592, 24.090884520993985 ], [ -106.679157312660919, 24.093853429630375 ], [ -106.679641883100146, 24.094665845883501 ], [ -106.680298108696647, 24.09548822443908 ], [ -106.680751000146529, 24.09585063508263 ], [ -106.682208274418997, 24.096719499083552 ], [ -106.682621720643326, 24.097026467472983 ], [ -106.683093853011741, 24.097590130731632 ], [ -106.683354881745316, 24.098088396122161 ], [ -106.684100894129173, 24.099849969267993 ], [ -106.684333938319611, 24.100323145271471 ], [ -106.684675453747815, 24.100769729383963 ], [ -106.684930287749538, 24.100934530695714 ], [ -106.685777998616203, 24.101257016922613 ], [ -106.686015506507218, 24.101366137144343 ], [ -106.686276163827117, 24.101552881327937 ], [ -106.686411023494117, 24.101710538726074 ], [ -106.686779712802206, 24.102259528696255 ], [ -106.686876978499072, 24.102503945588033 ], [ -106.686962194391029, 24.103095568366733 ], [ -106.686986665696921, 24.103696326897037 ], [ -106.687015650772992, 24.105908243599728 ], [ -106.686985197780245, 24.106540083041093 ], [ -106.686814095586286, 24.107276750714895 ], [ -106.686600115825584, 24.107697293490435 ], [ -106.685772637545568, 24.10892315655455 ], [ -106.685496928202085, 24.109278350642434 ], [ -106.685037770297512, 24.109710061546089 ], [ -106.684657539707175, 24.109971596946156 ], [ -106.683342280007409, 24.110760378941073 ], [ -106.68306397853641, 24.111000374169603 ], [ -106.68306397853641, 24.111000374169603 ], [ -106.682916291916641, 24.111472762955852 ], [ -106.68304305977999, 24.111857379267278 ], [ -106.683783371901299, 24.113176563145274 ] ] ] ] } },
{ "type": "Feature", "properties": { "fid": 12.0, "cat": 12, "VULNERABIL": 2.0, "CLAVE_ACUI": "2506", "NOM_ACUIF": "RIO ELOTA" }, "geometry": { "type": "MultiPolygon", "coordinates": [ [ [ [ -107.024771683465346, 24.103000609386026 ], [ -107.023186590832481, 24.1018050329041 ], [ -107.022678281929643, 24.101378400319586 ], [ -107.021891254667992, 24.100583033123847 ], [ -107.021275241935726, 24.099873425956517 ], [ -107.019187587723593, 24.097357274849358 ], [ -107.018605429000388, 24.096687835537107 ], [ -107.017976295571074, 24.096079955768232 ], [ -107.01765968782847, 24.095880997067951 ], [ -107.016811317216394, 24.095560401703445 ], [ -107.016567649207033, 24.095426498237956 ], [ -107.016278900900076, 24.095122213409326 ], [ -107.016110071619011, 24.09482142441086 ], [ -107.015610954657973, 24.093722026216618 ], [ -107.015453349755433, 24.093431245204599 ], [ -107.015216972205522, 24.093173666500888 ], [ -107.015036894428093, 24.093096477930082 ], [ -107.01443290890991, 24.092993842078762 ], [ -107.014225256613756, 24.0929220944634 ], [ -107.013860198386411, 24.092689909012631 ], [ -107.013546339818163, 24.09242996275384 ], [ -107.012446734103179, 24.091449060698881 ], [ -107.01214891870525, 24.091153350479534 ], [ -107.011858710201082, 24.090754276643093 ], [ -107.011741941308216, 24.090479881849721 ], [ -107.011487229572211, 24.089598446613536 ], [ -107.011387451413498, 24.089349220316464 ], [ -107.011176529932911, 24.089067599735618 ], [ -107.010974991736418, 24.088914510745365 ], [ -107.010245403939308, 24.088481713931621 ], [ -107.010043709276275, 24.088318468642495 ], [ -107.009832053113783, 24.087989456203967 ], [ -107.009731381851637, 24.087682683888495 ], [ -107.009473241221073, 24.086580091884922 ], [ -107.009327851843111, 24.086243435959581 ], [ -107.008907507480032, 24.085774966669685 ], [ -107.008452406180396, 24.0854423796285 ], [ -107.006748959533283, 24.084358764131668 ], [ -107.006310697468493, 24.084041184582944 ], [ -107.005968905515132, 24.083642774393205 ], [ -107.0059188917526, 24.083391197696933 ], [ -107.006027284266736, 24.082615583825653 ], [ -107.00600531862402, 24.082389031652834 ], [ -107.005794420927174, 24.082107401870587 ], [ -107.005515104683894, 24.081931625315399 ], [ -107.004422531288526, 24.081392959595128 ], [ -107.004114855420539, 24.081171845405834 ], [ -107.003771604462813, 24.080678649448917 ], [ -107.003588922209545, 24.080195198289555 ], [ -107.003342903277499, 24.079343556361831 ], [ -107.003079663865236, 24.0784322876078 ], [ -107.002957742523051, 24.077942960718676 ], [ -107.002898025467047, 24.077422347683825 ], [ -107.002934635734675, 24.07716794181945 ], [ -107.003165199012756, 24.076501327392066 ], [ -107.003161327636505, 24.076445524668006 ], [ -107.002826924677422, 24.07561532358357 ], [ -107.002389842359563, 24.075015010184774 ], [ -107.000669425207647, 24.07282554618288 ], [ -107.00020961241357, 24.072184894414502 ], [ -106.999784203565369, 24.071384663639478 ], [ -106.999636286528286, 24.070882129848375 ], [ -106.99937141719488, 24.069337203199083 ], [ -106.999269003839657, 24.068915330479015 ], [ -106.999055940372699, 24.068491518228477 ], [ -106.998853977178186, 24.068307944728225 ], [ -106.998124547713871, 24.067875078570783 ], [ -106.997911841687582, 24.067711958202437 ], [ -106.997648640982575, 24.067383597960607 ], [ -106.997485346245611, 24.06707763235228 ], [ -106.996986509547085, 24.065978152007109 ], [ -106.996806235848467, 24.065647014391917 ], [ -106.9964637912272, 24.065201186709125 ], [ -106.996154858746976, 24.064895427256214 ], [ -106.995055627124714, 24.063914372528849 ], [ -106.994708228594206, 24.063624347099196 ], [ -106.99418625873281, 24.063251954146921 ], [ -106.993787985945318, 24.063009989440317 ], [ -106.992257204917152, 24.06211414413043 ], [ -106.992091562604699, 24.061995500874815 ], [ -106.99174914415336, 24.061549660723834 ], [ -106.991619768699152, 24.061170453214956 ], [ -106.991358437435807, 24.059846658283785 ], [ -106.99125694813938, 24.059482322944362 ], [ -106.991044659597321, 24.059105886668096 ], [ -106.990842879456011, 24.058932455741907 ], [ -106.990113529426225, 24.058499545613554 ], [ -106.989900535781345, 24.058316102049435 ], [ -106.98963591368863, 24.057892944172622 ], [ -106.989470876255027, 24.057471876543673 ], [ -106.988965330691059, 24.055930050839574 ], [ -106.988777867741433, 24.055488959359209 ], [ -106.988408579927693, 24.054972359148717 ], [ -106.988068489009478, 24.054675449876132 ], [ -106.986850693803518, 24.053806467563209 ], [ -106.986565746348148, 24.053498681387541 ], [ -106.9864537776905, 24.052931334697792 ], [ -106.986578768045263, 24.052428626080278 ], [ -106.987274013677109, 24.050649997942067 ], [ -106.98744323265079, 24.050146714414034 ], [ -106.987537685807311, 24.049576687453914 ], [ -106.98750340110918, 24.049265646839416 ], [ -106.987248955461226, 24.048384150505118 ], [ -106.987126519321365, 24.048094568626059 ], [ -106.986809595392543, 24.04762468280429 ], [ -106.986479284248006, 24.04724299861601 ], [ -106.985254769998818, 24.045931684996521 ], [ -106.984957641828444, 24.045549566560855 ], [ -106.984795543461502, 24.045077667714928 ], [ -106.984861100792912, 24.044785645529569 ], [ -106.985329128877723, 24.043894773673426 ], [ -106.985382599330691, 24.043575763947754 ], [ -106.985167714776168, 24.042987800978214 ], [ -106.984805722122644, 24.042462629762408 ], [ -106.983530306866541, 24.040851997326389 ], [ -106.983335766924455, 24.040632930625218 ], [ -106.983152706998666, 24.040463372925188 ], [ -106.982897950170852, 24.040298046531571 ], [ -106.982697099732732, 24.040187684741351 ], [ -106.982346864134513, 24.039966888399452 ], [ -106.982160529854269, 24.039773021451222 ], [ -106.984866161759967, 24.038278445708976 ], [ -106.986292938782327, 24.037527835086077 ], [ -106.990025568402714, 24.035737409324973 ], [ -107.00436017894269, 24.02825084798344 ], [ -107.008066838442815, 24.026247048232332 ], [ -107.011666684247857, 24.024064048211056 ], [ -107.012341089938516, 24.023655061526661 ], [ -107.015490849019656, 24.022120556366914 ], [ -107.019208193182976, 24.019997864185729 ], [ -107.022537965805597, 24.018127329134572 ], [ -107.027794087362096, 24.015071953136868 ], [ -107.028273420616628, 24.015396594470793 ], [ -107.029004365104356, 24.015939908257298 ], [ -107.029251271378072, 24.016171941992251 ], [ -107.029672554681994, 24.016711453824392 ], [ -107.030027483556822, 24.017250150774569 ], [ -107.031262556712292, 24.019224551036107 ], [ -107.031573517326919, 24.019779062069514 ], [ -107.031789571176887, 24.020392387543833 ], [ -107.031787256575868, 24.020714056470428 ], [ -107.031560398267445, 24.021601852814626 ], [ -107.031540781460578, 24.021878044735558 ], [ -107.031676096850362, 24.022279144039217 ], [ -107.031889022246531, 24.022575950812076 ], [ -107.032747366212348, 24.023559946373549 ], [ -107.033015095904645, 24.023825552931903 ], [ -107.033406150013519, 24.024081057495444 ], [ -107.033697068455183, 24.024180457428049 ], [ -107.034663634440292, 24.024388816054834 ], [ -107.035003106068686, 24.024411391025648 ], [ -107.035620738686106, 24.024308384625218 ], [ -107.036163597989855, 24.024138656742508 ], [ -107.038079296109288, 24.02344958740558 ], [ -107.038594108194076, 24.023254832056061 ], [ -107.039080878803304, 24.023035055977292 ], [ -107.039261454430132, 24.02291584672346 ], [ -107.039617370018448, 24.022579313391748 ], [ -107.039698283617057, 24.02245127385412 ], [ -107.039719965918366, 24.022190289775281 ], [ -107.039670027357886, 24.021945494912543 ], [ -107.039415300850806, 24.02106410251147 ], [ -107.039365363465734, 24.020819307447464 ], [ -107.039387046432807, 24.02055832333691 ], [ -107.039467959163161, 24.020430283959303 ], [ -107.039823867841775, 24.020093750542696 ], [ -107.039938747539765, 24.020016043418916 ], [ -107.040118945187885, 24.019989943900342 ], [ -107.040261490889364, 24.020030365945477 ], [ -107.04074650749115, 24.020245100798121 ], [ -107.040978940419649, 24.020375737157547 ], [ -107.041578612066743, 24.020770638063404 ], [ -107.042202856023238, 24.021204143760425 ], [ -107.044516355384388, 24.022832247214005 ], [ -107.045181001187316, 24.023371848078849 ], [ -107.045969154220515, 24.024261902843204 ], [ -107.046430441276215, 24.02499381004932 ], [ -107.047794988691436, 24.027519315166607 ], [ -107.048293948413132, 24.028184691537984 ], [ -107.049257850562512, 24.02876428213737 ], [ -107.050135890967766, 24.028926889648723 ], [ -107.053269507793132, 24.029106098850018 ], [ -107.054141299067169, 24.029223060729713 ], [ -107.055076042350308, 24.029589709257635 ], [ -107.05553960008794, 24.029996533924049 ], [ -107.056768141360109, 24.031528396838215 ], [ -107.057243899968284, 24.032006149810318 ], [ -107.058235553803129, 24.032703803749865 ], [ -107.059176446694337, 24.033222695364636 ], [ -107.062575672534138, 24.034946490191317 ], [ -107.063549929767461, 24.035475060256321 ], [ -107.064697192930055, 24.036217969744293 ], [ -107.065361881182838, 24.036750701910108 ], [ -107.067316520717398, 24.038493864101255 ], [ -107.067936678708051, 24.039006871418767 ], [ -107.068876083435498, 24.039657757023122 ], [ -107.069597931862077, 24.040074585549586 ], [ -107.072027175826435, 24.041368878096296 ], [ -107.07274920628474, 24.041795844906531 ], [ -107.073689415539761, 24.042494085741289 ], [ -107.074310541904921, 24.043064606534447 ], [ -107.076268952718905, 24.045028782049037 ], [ -107.076594743339868, 24.045329383564027 ], [ -107.076805947319912, 24.045524256735764 ], [ -107.077288662341985, 24.045902663142822 ], [ -107.077643615598021, 24.04626644166428 ], [ -107.075162448635226, 24.049950443931976 ], [ -107.074832385005095, 24.049579557864245 ], [ -107.074552075645755, 24.049262871138932 ], [ -107.073440396088998, 24.048600749364603 ], [ -107.07306733436441, 24.048508372640388 ], [ -107.071713579639791, 24.048172977600501 ], [ -107.071561124550371, 24.04812909282423 ], [ -107.071106402024427, 24.048001892241729 ], [ -107.070741680513237, 24.047901296250743 ], [ -107.070351969184841, 24.047793560732355 ], [ -107.069479598374372, 24.046730993178283 ], [ -107.068727016136279, 24.045730386321381 ], [ -107.067782253069836, 24.044389806528269 ], [ -107.066848518303217, 24.043725307194197 ], [ -107.065734085997533, 24.042891840898061 ], [ -107.064859661434269, 24.042226553584374 ], [ -107.063875670252273, 24.042122061219718 ], [ -107.063497652124767, 24.042093380346763 ], [ -107.062704284556276, 24.042029273528083 ], [ -107.061459842568922, 24.041026315075833 ], [ -107.060890870586704, 24.040009544398224 ], [ -107.0607728419766, 24.039798835543532 ], [ -107.059892759574268, 24.038789807967156 ], [ -107.05881166161673, 24.038179944761271 ], [ -107.058533810133397, 24.038023181809756 ], [ -107.057479054014181, 24.037811970942521 ], [ -107.056428481251388, 24.037256723030961 ], [ -107.055931215455487, 24.036855051065178 ], [ -107.055682540459358, 24.036653080894425 ], [ -107.055370540538192, 24.036605232935678 ], [ -107.055049901131667, 24.036557662227413 ], [ -107.05463847066757, 24.036494851177782 ], [ -107.054527561582276, 24.036502957768572 ], [ -107.053107329270844, 24.036623531878291 ], [ -107.051932236181244, 24.036269742272768 ], [ -107.051498468791777, 24.036139542977587 ], [ -107.050138807077218, 24.035254832348514 ], [ -107.049653707970222, 24.03565857719698 ], [ -107.050403617262404, 24.036497057768791 ], [ -107.050481824546893, 24.036538808491798 ], [ -107.05145684327637, 24.037057934588013 ], [ -107.051642294862376, 24.037157526238705 ], [ -107.05229236218733, 24.03728871734597 ], [ -107.052933791025879, 24.037420183516591 ], [ -107.054286168133629, 24.037853387740558 ], [ -107.05459286365695, 24.037924107850358 ], [ -107.055647678607926, 24.038169385077506 ], [ -107.05725602542293, 24.039221968146421 ], [ -107.057721158926867, 24.040595067560936 ], [ -107.057771214929218, 24.040741002663882 ], [ -107.058246050694606, 24.041461181689211 ], [ -107.058656561582495, 24.042082417377568 ], [ -107.059177932370545, 24.043989406428732 ], [ -107.058703642456138, 24.044676571530342 ], [ -107.058275150755307, 24.045300972929066 ], [ -107.057354851949952, 24.045538284344357 ], [ -107.056571931606257, 24.046396536835807 ], [ -107.056573148410479, 24.046400191442785 ], [ -107.055311146860532, 24.045905268821116 ], [ -107.05467785075426, 24.045724177205738 ], [ -107.053903824960301, 24.045734566458549 ], [ -107.053431367283295, 24.045930501036413 ], [ -107.052000578332112, 24.046834468156984 ], [ -107.051584047247147, 24.047070275029995 ], [ -107.051071035969528, 24.047266746363544 ], [ -107.050754694912655, 24.047311613162933 ], [ -107.049791448530712, 24.047324517534594 ], [ -107.0495127604526, 24.047302857692834 ], [ -107.049175463212634, 24.047188877258026 ], [ -107.048972298415762, 24.047047708087266 ], [ -107.048361496065567, 24.046502897821 ], [ -107.048266492135753, 24.046207926495125 ], [ -107.048433938628222, 24.045376205547729 ], [ -107.048768147858937, 24.044483003737785 ], [ -107.050160305360635, 24.041146444080944 ], [ -107.050521571934766, 24.040217327734513 ], [ -107.050815362834982, 24.039218016441716 ], [ -107.05087380131755, 24.038719545723982 ], [ -107.050852726676808, 24.037392660413726 ], [ -107.05079724574567, 24.037032833822863 ], [ -107.050559409264551, 24.036680528238847 ], [ -107.050275123976206, 24.036537060699114 ], [ -107.049186297871941, 24.036219846452806 ], [ -107.048759244194898, 24.036139228266741 ], [ -107.047855150472159, 24.036080225965353 ], [ -107.046990641021722, 24.036076552038974 ], [ -107.04386035272303, 24.036118373826969 ], [ -107.043039586424158, 24.036083622782954 ], [ -107.042339637537793, 24.03587966622004 ], [ -107.042160477404735, 24.035623054287708 ], [ -107.042024346104128, 24.034629490304972 ], [ -107.041960881670448, 24.034345942506285 ], [ -107.04180084450546, 24.034016283517758 ], [ -107.041635684554223, 24.033828889768341 ], [ -107.041024977874798, 24.033284043023269 ], [ -107.040799731184421, 24.033143155455686 ], [ -107.040359283928254, 24.033030527795962 ], [ -107.039955319881145, 24.033010518105115 ], [ -107.038510600252053, 24.033029759745329 ], [ -107.038003601985494, 24.033138078577075 ], [ -107.037082326231456, 24.03362432998065 ], [ -107.036273210751077, 24.034210654139041 ], [ -107.033418557551386, 24.036460556588953 ], [ -107.032626072427533, 24.037051720700447 ], [ -107.031782518658218, 24.037560610191239 ], [ -107.031369932430948, 24.037696433280193 ], [ -107.030288086338174, 24.037821382882981 ], [ -107.03005240963067, 24.037954856232723 ], [ -107.030034432731597, 24.03845278680868 ], [ -107.030244430338044, 24.039030642749118 ], [ -107.031242418200492, 24.041229367548389 ], [ -107.031596811115875, 24.041845932609789 ], [ -107.032252638940449, 24.042524515103366 ], [ -107.032835142518323, 24.042877352454621 ], [ -107.03489767829852, 24.043845328074724 ], [ -107.03550727790109, 24.044162244898402 ], [ -107.036289526133572, 24.044673229969913 ], [ -107.036797424311843, 24.045086292429311 ], [ -107.038385385041693, 24.046502923288863 ], [ -107.038798905418417, 24.04689184289229 ], [ -107.039140686619319, 24.047290181201689 ], [ -107.03921542316975, 24.047470317388111 ], [ -107.039222411335786, 24.047912615160314 ], [ -107.039268781860528, 24.048047423052989 ], [ -107.039478189741601, 24.048234228595177 ], [ -107.039730973662557, 24.048366285395641 ], [ -107.039766075500808, 24.048381822405933 ], [ -107.040701227405918, 24.048795741109078 ], [ -107.040965553209958, 24.048958112596406 ], [ -107.041228817023551, 24.049286394167325 ], [ -107.041340582328729, 24.04959299667226 ], [ -107.04159889222386, 24.050695526593437 ], [ -107.041744798023757, 24.051062614663088 ], [ -107.042167381257457, 24.051673162035701 ], [ -107.042625168113489, 24.052178283281716 ], [ -107.044338949431548, 24.053924955505749 ], [ -107.044741622287816, 24.05444096265429 ], [ -107.044906953746704, 24.05510233736592 ], [ -107.044740465024475, 24.055531152237759 ], [ -107.043798173513409, 24.05687091094687 ], [ -107.043553947444536, 24.057280449393129 ], [ -107.04335652784539, 24.0578518728509 ], [ -107.043318727056217, 24.058258653878784 ], [ -107.043339744848993, 24.059585541841848 ], [ -107.043384643708322, 24.059975982867169 ], [ -107.043573153961631, 24.060471152953909 ], [ -107.043797556122144, 24.060788097455855 ], [ -107.044656263080199, 24.061771998394068 ], [ -107.044884509324064, 24.061982242229224 ], [ -107.045090943395735, 24.061979482555699 ], [ -107.045157602169397, 24.06176529664987 ], [ -107.045262241781401, 24.060768522214008 ], [ -107.045327289602298, 24.060452788862943 ], [ -107.045526206279789, 24.059976140931035 ], [ -107.045745324354897, 24.059610948471025 ], [ -107.046568950342916, 24.058383362872654 ], [ -107.046926859635747, 24.058051861395803 ], [ -107.047773483449404, 24.05773243958388 ], [ -107.048625036595269, 24.057607620866193 ], [ -107.051752319366628, 24.057344519692823 ], [ -107.052581908904031, 24.057230130663704 ], [ -107.053326052763211, 24.056959452609199 ], [ -107.053559526609604, 24.056687162192087 ], [ -107.053904926499342, 24.055687153381616 ], [ -107.054033100211882, 24.055401040601659 ], [ -107.054285846451478, 24.055065856558798 ], [ -107.054518738646706, 24.054873134793617 ], [ -107.055352818894221, 24.054308948320909 ], [ -107.05578027859633, 24.054179630623477 ], [ -107.056941013966352, 24.054140331673427 ], [ -107.058171748965009, 24.054213500480678 ], [ -107.062754454223878, 24.054594174671589 ], [ -107.063973972454477, 24.054657290705908 ], [ -107.064364720303189, 24.054626954232159 ], [ -107.065192602810811, 24.055307664918793 ], [ -107.065441131899647, 24.055342785348202 ], [ -107.066296085099722, 24.05546391402547 ], [ -107.066588775379728, 24.055781350480313 ], [ -107.066855652086005, 24.056070109356927 ], [ -107.066501833515815, 24.056643320424499 ], [ -107.067058913523027, 24.057087295300551 ], [ -107.067954045709399, 24.05586672733159 ], [ -107.068933958501034, 24.055086055904827 ], [ -107.069528244283092, 24.054175943818144 ], [ -107.070007164329098, 24.053384181427464 ], [ -107.070838899793685, 24.052640054645941 ], [ -107.071103027161286, 24.052404540792317 ], [ -107.071929866016987, 24.052275717803624 ], [ -107.072690350170575, 24.052156976474095 ], [ -107.073482421217463, 24.052444925323044 ], [ -107.069049987433928, 24.059026141482523 ], [ -107.068394977552543, 24.059319983150967 ], [ -107.067964344853365, 24.059491636241976 ], [ -107.067621602508282, 24.05960913888573 ], [ -107.06736506016415, 24.059705709937486 ], [ -107.067007229075017, 24.059923837980502 ], [ -107.066752583773592, 24.060138878447248 ], [ -107.06592206474987, 24.060924270677443 ], [ -107.065717749236001, 24.061174178709809 ], [ -107.065594801602145, 24.061555026290222 ], [ -107.065623478454896, 24.061849186401538 ], [ -107.065746225086144, 24.062323343867959 ], [ -107.065880254544709, 24.062841085550069 ], [ -107.066023269644447, 24.063520170045411 ], [ -107.065160471571488, 24.064801240648467 ], [ -107.064559364371249, 24.065693756276001 ], [ -107.06419627603637, 24.0656615425425 ], [ -107.063662609430622, 24.065603889126034 ], [ -107.063186023375053, 24.0654894712847 ], [ -107.062678540311765, 24.065256472833763 ], [ -107.061955099729673, 24.064863339973805 ], [ -107.059581432944071, 24.063520868826238 ], [ -107.060654757053143, 24.063730735494328 ], [ -107.061820926448192, 24.063489302647227 ], [ -107.063303517834953, 24.063974916713057 ], [ -107.064622204140036, 24.062205557789461 ], [ -107.065094768411356, 24.061016421161199 ], [ -107.064159930886021, 24.060351887388663 ], [ -107.061257300595486, 24.058982550645069 ], [ -107.059451146571433, 24.057932460578947 ], [ -107.058763861754116, 24.056758950210018 ], [ -107.057399179335462, 24.056262671915949 ], [ -107.056660238928743, 24.056164262726242 ], [ -107.055854555436596, 24.055579195728416 ], [ -107.054568331496696, 24.055686761315645 ], [ -107.054218093517548, 24.057154118421547 ], [ -107.053054690858175, 24.057566999828353 ], [ -107.050736686660557, 24.058329418044107 ], [ -107.047987145120885, 24.059160781583081 ], [ -107.047259651754658, 24.059784474382706 ], [ -107.046482245701583, 24.061600627272007 ], [ -107.045661968303719, 24.063814615552431 ], [ -107.046172236883265, 24.064990556611022 ], [ -107.046861268716398, 24.065658493160491 ], [ -107.046140180342434, 24.066688390425469 ], [ -107.0460311472673, 24.067872615181276 ], [ -107.047296581769075, 24.066447196352296 ], [ -107.048258111537194, 24.065080010904946 ], [ -107.049476132833021, 24.064386539142319 ], [ -107.051751276213906, 24.064012944655147 ], [ -107.053270406764838, 24.063089686603981 ], [ -107.055463324081501, 24.061877471549558 ], [ -107.056638557267249, 24.062204765803727 ], [ -107.057449906868385, 24.06268716299444 ], [ -107.057390066520199, 24.062685792510251 ], [ -107.056430235473485, 24.062919892448818 ], [ -107.056125835543469, 24.063022167190667 ], [ -107.055665134872683, 24.063265352124546 ], [ -107.055311390265956, 24.063510484294984 ], [ -107.054121273628155, 24.064411245263337 ], [ -107.053706778431106, 24.064662268259305 ], [ -107.052962592347612, 24.064932950864705 ], [ -107.052313964645407, 24.065068615911184 ], [ -107.050031214095171, 24.065431018751973 ], [ -107.049517066047045, 24.065676595308442 ], [ -107.049400467807956, 24.066460236537711 ], [ -107.049748053050862, 24.067334147793975 ], [ -107.051486773503527, 24.070628742678473 ], [ -107.052056388907786, 24.071550452494893 ], [ -107.052975825393432, 24.072557182523873 ], [ -107.053719688414901, 24.073073657375993 ], [ -107.054977643437297, 24.073765488079168 ], [ -107.056569424311547, 24.074765425145205 ], [ -107.057798043902153, 24.075732871061501 ], [ -107.044998001665292, 24.094738196109518 ], [ -107.036177986442624, 24.107834032290047 ], [ -107.035812302971294, 24.107700219026206 ], [ -107.03506441978341, 24.107361308500991 ], [ -107.034337561185097, 24.106936956389394 ], [ -107.033893853500643, 24.10669278241452 ], [ -107.033024458279357, 24.106250698182084 ], [ -107.031977323424556, 24.105703977340077 ], [ -107.030817040234723, 24.105040906684184 ], [ -107.029853627929469, 24.104525551521217 ], [ -107.028762011911937, 24.104066062568172 ], [ -107.028165967437289, 24.103925008519614 ], [ -107.02647604042221, 24.103726238745153 ], [ -107.026013710313592, 24.103644343913334 ], [ -107.025546095286899, 24.103460948450728 ], [ -107.025503738892937, 24.103423862402479 ], [ -107.025261734113982, 24.103320828499392 ], [ -107.024771683465346, 24.103000609386026 ] ] ] ] } },
{ "type": "Feature", "properties": { "fid": 13.0, "cat": 16, "VULNERABIL": 2.0, "CLAVE_ACUI": "2506", "NOM_ACUIF": "RIO ELOTA" }, "geometry": { "type": "MultiPolygon", "coordinates": [ ] } },
{ "type": "Feature", "properties": { "fid": 14.0, "cat": 14, "VULNERABIL": 3.0, "CLAVE_ACUI": "2506", "NOM_ACUIF": "RIO ELOTA" }, "geometry": { "type": "MultiPolygon", "coordinates": [ [ [ [ -107.062801808791846, 24.06830335040538 ], [ -107.061402776036829, 24.070380614821421 ], [ -107.057798043902153, 24.075732871061501 ], [ -107.056569424311547, 24.074765425145205 ], [ -107.054977643437297, 24.073765488079168 ], [ -107.053719688414901, 24.073073657375993 ], [ -107.052975825393432, 24.072557182523873 ], [ -107.052056388907786, 24.071550452494893 ], [ -107.051486773503527, 24.070628742678473 ], [ -107.049748053050862, 24.067334147793975 ], [ -107.049400467807956, 24.066460236537711 ], [ -107.049517066047045, 24.065676595308442 ], [ -107.050031214095171, 24.065431018751973 ], [ -107.052313964645407, 24.065068615911184 ], [ -107.052962592347612, 24.064932950864705 ], [ -107.053706778431106, 24.064662268259305 ], [ -107.054121273628155, 24.064411245263337 ], [ -107.055311390265956, 24.063510484294984 ], [ -107.055665134872683, 24.063265352124546 ], [ -107.056125835543469, 24.063022167190667 ], [ -107.056430235473485, 24.062919892448818 ], [ -107.057390066520199, 24.062685792510251 ], [ -107.057449906868385, 24.06268716299444 ], [ -107.058494768303675, 24.063308385183625 ], [ -107.059581432944071, 24.063520868826238 ], [ -107.061955099729673, 24.064863339973805 ], [ -107.062678540311765, 24.065256472833763 ], [ -107.063186023375053, 24.0654894712847 ], [ -107.063662609430622, 24.065603889126034 ], [ -107.06419627603637, 24.0656615425425 ], [ -107.064559364371249, 24.065693756276001 ], [ -107.062801808791846, 24.06830335040538 ] ] ] ] } },
{ "type": "Feature", "properties": { "fid": 15.0, "cat": 17, "VULNERABIL": 3.0, "CLAVE_ACUI": "2506", "NOM_ACUIF": "RIO ELOTA" }, "geometry": { "type": "MultiPolygon", "coordinates": [ [ [ [ -107.069049987433928, 24.059026141482523 ], [ -107.068887422471391, 24.059267515682503 ], [ -107.068142555006887, 24.06037348455499 ], [ -107.067173636858598, 24.061812120772977 ], [ -107.066491511692391, 24.062824930751823 ], [ -107.066023269644447, 24.063520170045411 ], [ -107.065880254544709, 24.062841085550069 ], [ -107.065746225086144, 24.062323343867959 ], [ -107.065623478454896, 24.061849186401538 ], [ -107.065594801602145, 24.061555026290222 ], [ -107.065717749236001, 24.061174178709809 ], [ -107.06592206474987, 24.060924270677443 ], [ -107.066752583773592, 24.060138878447248 ], [ -107.067007229075017, 24.059923837980502 ], [ -107.06736506016415, 24.059705709937486 ], [ -107.067621602508282, 24.05960913888573 ], [ -107.067964344853365, 24.059491636241976 ], [ -107.068394977552543, 24.059319983150967 ], [ -107.069049987433928, 24.059026141482523 ] ] ] ] } },
{ "type": "Feature", "properties": { "fid": 16.0, "cat": 18, "VULNERABIL": 2.0, "CLAVE_ACUI": "2506", "NOM_ACUIF": "RIO ELOTA" }, "geometry": { "type": "MultiPolygon", "coordinates": [ [ [ [ -106.780478750437666, 24.058378552985634 ], [ -106.780721235207878, 24.058181037071655 ], [ -106.781262865279885, 24.058151030653327 ], [ -106.781794139376586, 24.058305678914436 ], [ -106.78373180151911, 24.059057362620116 ], [ -106.784259658566285, 24.059364410823747 ], [ -106.78478531989613, 24.06004563315912 ], [ -106.785008407677594, 24.060711760965887 ], [ -106.785523832857351, 24.063139134200348 ], [ -106.785442758656515, 24.063808810461406 ], [ -106.784548967625213, 24.064506592440672 ], [ -106.783353192344322, 24.064833739963319 ], [ -106.778666662232524, 24.065662564167845 ], [ -106.777441036119541, 24.065832565421385 ], [ -106.776408020180469, 24.065797161266111 ], [ -106.776157913277515, 24.06557659044573 ], [ -106.776023765192249, 24.064582668144123 ], [ -106.776010142459, 24.064262850611886 ], [ -106.7760807159639, 24.063764291296689 ], [ -106.776195157358885, 24.063371881196542 ], [ -106.776658638652293, 24.062039192750195 ], [ -106.776839581037024, 24.061656167919217 ], [ -106.777220501231412, 24.061201407304686 ], [ -106.777583730116945, 24.060934773592795 ], [ -106.778897869615193, 24.060145237716561 ], [ -106.779266902339813, 24.05989884869571 ], [ -106.779674924212273, 24.059538574882772 ], [ -106.779888780359315, 24.059270287503661 ], [ -106.780478750437666, 24.058378552985634 ] ] ] ] } },
{ "type": "Feature", "properties": { "fid": 18.0, "cat": 19, "VULNERABIL": 3.0, "CLAVE_ACUI": "2506", "NOM_ACUIF": "RIO ELOTA" }, "geometry": { "type": "MultiPolygon", "coordinates": [ [ [ [ -107.063973972454477, 24.054657290705908 ], [ -107.062754454223878, 24.054594174671589 ], [ -107.058171748965009, 24.054213500480678 ], [ -107.056941013966352, 24.054140331673427 ], [ -107.05578027859633, 24.054179630623477 ], [ -107.055352818894221, 24.054308948320909 ], [ -107.054518738646706, 24.054873134793617 ], [ -107.054285846451478, 24.055065856558798 ], [ -107.054033100211882, 24.055401040601659 ], [ -107.053904926499342, 24.055687153381616 ], [ -107.053559526609604, 24.056687162192087 ], [ -107.053326052763211, 24.056959452609199 ], [ -107.052581908904031, 24.057230130663704 ], [ -107.051752319366628, 24.057344519692823 ], [ -107.048625036595269, 24.057607620866193 ], [ -107.047773483449404, 24.05773243958388 ], [ -107.046926859635747, 24.058051861395803 ], [ -107.046568950342916, 24.058383362872654 ], [ -107.045745324354897, 24.059610948471025 ], [ -107.045526206279789, 24.059976140931035 ], [ -107.045327289602298, 24.060452788862943 ], [ -107.045262241781401, 24.060768522214008 ], [ -107.045157602169397, 24.06176529664987 ], [ -107.045090943395735, 24.061979482555699 ], [ -107.044884509324064, 24.061982242229224 ], [ -107.044656263080199, 24.061771998394068 ], [ -107.043797556122144, 24.060788097455855 ], [ -107.043573153961631, 24.060471152953909 ], [ -107.043384643708322, 24.059975982867169 ], [ -107.043339744848993, 24.059585541841848 ], [ -107.043318727056217, 24.058258653878784 ], [ -107.04335652784539, 24.0578518728509 ], [ -107.043553947444536, 24.057280449393129 ], [ -107.043798173513409, 24.05687091094687 ], [ -107.044740465024475, 24.055531152237759 ], [ -107.044906953746704, 24.05510233736592 ], [ -107.044741622287816, 24.05444096265429 ], [ -107.044338949431548, 24.053924955505749 ], [ -107.042625168113489, 24.052178283281716 ], [ -107.042167381257457, 24.051673162035701 ], [ -107.041744798023757, 24.051062614663088 ], [ -107.04159889222386, 24.050695526593437 ], [ -107.041340582328729, 24.04959299667226 ], [ -107.041228817023551, 24.049286394167325 ], [ -107.040965553209958, 24.048958112596406 ], [ -107.040701227405918, 24.048795741109078 ], [ -107.039766075500808, 24.048381822405933 ], [ -107.039730973662557, 24.048366285395641 ], [ -107.039478189741601, 24.048234228595177 ], [ -107.039268781860528, 24.048047423052989 ], [ -107.039222411335786, 24.047912615160314 ], [ -107.03921542316975, 24.047470317388111 ], [ -107.039140686619319, 24.047290181201689 ], [ -107.038798905418417, 24.04689184289229 ], [ -107.038385385041693, 24.046502923288863 ], [ -107.036797424311843, 24.045086292429311 ], [ -107.036289526133572, 24.044673229969913 ], [ -107.03550727790109, 24.044162244898402 ], [ -107.03489767829852, 24.043845328074724 ], [ -107.032835142518323, 24.042877352454621 ], [ -107.032252638940449, 24.042524515103366 ], [ -107.031596811115875, 24.041845932609789 ], [ -107.031242418200492, 24.041229367548389 ], [ -107.030244430338044, 24.039030642749118 ], [ -107.030034432731597, 24.03845278680868 ], [ -107.03005240963067, 24.037954856232723 ], [ -107.030288086338174, 24.037821382882981 ], [ -107.031369932430948, 24.037696433280193 ], [ -107.031782518658218, 24.037560610191239 ], [ -107.032626072427533, 24.037051720700447 ], [ -107.033418557551386, 24.036460556588953 ], [ -107.036273210751077, 24.034210654139041 ], [ -107.037082326231456, 24.03362432998065 ], [ -107.038003601985494, 24.033138078577075 ], [ -107.038510600252053, 24.033029759745329 ], [ -107.039955319881145, 24.033010518105115 ], [ -107.040359283928254, 24.033030527795962 ], [ -107.040799731184421, 24.033143155455686 ], [ -107.041024977874798, 24.033284043023269 ], [ -107.041635684554223, 24.033828889768341 ], [ -107.04180084450546, 24.034016283517758 ], [ -107.041960881670448, 24.034345942506285 ], [ -107.042024346104128, 24.034629490304972 ], [ -107.042160477404735, 24.035623054287708 ], [ -107.042339637537793, 24.03587966622004 ], [ -107.043039586424158, 24.036083622782954 ], [ -107.04386035272303, 24.036118373826969 ], [ -107.046990641021722, 24.036076552038974 ], [ -107.047855150472159, 24.036080225965353 ], [ -107.048759244194898, 24.036139228266741 ], [ -107.049186297871941, 24.036219846452806 ], [ -107.050275123976206, 24.036537060699114 ], [ -107.050559409264551, 24.036680528238847 ], [ -107.05079724574567, 24.037032833822863 ], [ -107.050852726676808, 24.037392660413726 ], [ -107.05087380131755, 24.038719545723982 ], [ -107.050815362834982, 24.039218016441716 ], [ -107.050521571934766, 24.040217327734513 ], [ -107.050160305360635, 24.041146444080944 ], [ -107.048768147858937, 24.044483003737785 ], [ -107.048433938628222, 24.045376205547729 ], [ -107.048266492135753, 24.046207926495125 ], [ -107.048361496065567, 24.046502897821 ], [ -107.048972298415762, 24.047047708087266 ], [ -107.049175463212634, 24.047188877258026 ], [ -107.0495127604526, 24.047302857692834 ], [ -107.049791448530712, 24.047324517534594 ], [ -107.050754694912655, 24.047311613162933 ], [ -107.051071035969528, 24.047266746363544 ], [ -107.051584047247147, 24.047070275029995 ], [ -107.052000578332112, 24.046834468156984 ], [ -107.053431367283295, 24.045930501036413 ], [ -107.053903824960301, 24.045734566458549 ], [ -107.05467785075426, 24.045724177205738 ], [ -107.055311146860532, 24.045905268821116 ], [ -107.056573148410479, 24.046400191442785 ], [ -107.056964138840016, 24.047574497749917 ], [ -107.057891602243984, 24.048463978921898 ], [ -107.059069541487162, 24.048953830741166 ], [ -107.059933006779247, 24.048943062817788 ], [ -107.060783706189085, 24.048597886359303 ], [ -107.062074097339689, 24.048860507371071 ], [ -107.062304843670603, 24.048462648118679 ], [ -107.062438179991275, 24.048232495726197 ], [ -107.062937909182352, 24.048794098448173 ], [ -107.063391463642958, 24.050088104930158 ], [ -107.063727969229305, 24.052167871303446 ], [ -107.063694385579666, 24.05374768885261 ], [ -107.064317254934622, 24.054587926361616 ], [ -107.064364720303189, 24.054626954232159 ], [ -107.063973972454477, 24.054657290705908 ] ] ] ] } },
{ "type": "Feature", "properties": { "fid": 21.0, "cat": 13, "VULNERABIL": 2.0, "CLAVE_ACUI": "2506", "NOM_ACUIF": "RIO ELOTA" }, "geometry": { "type": "MultiPolygon", "coordinates": [ [ [ [ -106.677581234714182, 24.052483560066591 ], [ -106.677337762949804, 24.052191637252349 ], [ -106.677088267926507, 24.051530694043372 ], [ -106.677110973869276, 24.051291724488042 ], [ -106.677466426799086, 24.050837476371711 ], [ -106.677951508169457, 24.050427518871178 ], [ -106.679859743296973, 24.048968619254786 ], [ -106.680450806651137, 24.04862859940982 ], [ -106.681300892462772, 24.048500750099173 ], [ -106.681924241297864, 24.048658127645279 ], [ -106.683983133755177, 24.049520390511088 ], [ -106.684662917925195, 24.049763481151178 ], [ -106.685776338313929, 24.050035653995156 ], [ -106.68668715411971, 24.050181379689548 ], [ -106.689824214458596, 24.050589225431015 ], [ -106.690774280273274, 24.050775126143538 ], [ -106.692070856122768, 24.051234849799904 ], [ -106.692973044906012, 24.051705697458232 ], [ -106.695886724508483, 24.053443233291681 ], [ -106.696711117702208, 24.053884444779914 ], [ -106.697644562599152, 24.054205928854454 ], [ -106.698153657512648, 24.054223982948084 ], [ -106.699595982499233, 24.053986746853614 ], [ -106.700047633153858, 24.053842900712141 ], [ -106.700713012197525, 24.053408861274939 ], [ -106.701211900832703, 24.052932650933691 ], [ -106.702874643810773, 24.051144367418228 ], [ -106.703373649841708, 24.050678307577556 ], [ -106.704039626897952, 24.050291653179087 ], [ -106.704492019136197, 24.05020534971889 ], [ -106.7059372075813, 24.050189247995132 ], [ -106.706341237266557, 24.050210139583321 ], [ -106.706781521881013, 24.050323742865267 ], [ -106.70700647057464, 24.050465142286299 ], [ -106.707615949236086, 24.05101140209279 ], [ -106.707754031277759, 24.051275668168067 ], [ -106.707788932721954, 24.051962651666226 ], [ -106.70770070877127, 24.052679790677857 ], [ -106.707254086170437, 24.055339455255584 ], [ -106.707216369999287, 24.056111900611892 ], [ -106.707486995484786, 24.057056981234918 ], [ -106.707911322925639, 24.057634649886143 ], [ -106.70962091786491, 24.05938534337545 ], [ -106.710088698728597, 24.059901570280537 ], [ -106.710562055793403, 24.060559948015904 ], [ -106.710770497317611, 24.060984261830274 ], [ -106.711269871053489, 24.062306014843692 ], [ -106.711378228658418, 24.062690814192056 ], [ -106.711384517144467, 24.06316479292499 ], [ -106.711285142131359, 24.063457106121827 ], [ -106.710815099735484, 24.06434725494443 ], [ -106.710704930774526, 24.064660004923176 ], [ -106.710660854967841, 24.065229356697721 ], [ -106.710708059327573, 24.06572996639261 ], [ -106.710972427644791, 24.067496792451301 ], [ -106.710964730844964, 24.068028490494413 ], [ -106.710664436880393, 24.068742922449289 ], [ -106.710243139554436, 24.069231840652716 ], [ -106.708577356658253, 24.07079901744239 ], [ -106.70817776498302, 24.071257213428897 ], [ -106.707978810307949, 24.071828294276745 ], [ -106.708094183996295, 24.07218592872896 ], [ -106.708831558057909, 24.073283806100214 ], [ -106.709208712836499, 24.073775649822146 ], [ -106.710231398258117, 24.07497304092124 ], [ -106.711315237796455, 24.07619174919612 ], [ -106.715350631285801, 24.080681592461001 ], [ -106.716428293083297, 24.081844458729751 ], [ -106.717421823970525, 24.082781396085782 ], [ -106.7177634760708, 24.082957018593497 ], [ -106.718364312105408, 24.082839656026234 ], [ -106.718535450561447, 24.082773890571826 ], [ -106.718740749723054, 24.082581471164037 ], [ -106.718859686196865, 24.082373585173432 ], [ -106.719210743396587, 24.081595361873664 ], [ -106.719370222975527, 24.081405766259035 ], [ -106.719878055728572, 24.08116290813906 ], [ -106.720394915287358, 24.081063977168068 ], [ -106.722319321938187, 24.080821090662223 ], [ -106.722940797483545, 24.080685419310221 ], [ -106.723916611624787, 24.080295183716125 ], [ -106.724689153085677, 24.079873374640687 ], [ -106.727318496052334, 24.078295146041317 ], [ -106.728041573464907, 24.077899274983633 ], [ -106.728786629912364, 24.077630128639974 ], [ -106.729127922764206, 24.077641506979806 ], [ -106.729975570722416, 24.077963751337219 ], [ -106.729959859712309, 24.07816709127535 ], [ -106.729038885750114, 24.078793766548273 ], [ -106.727738907405495, 24.079485668229449 ], [ -106.722593190156033, 24.082087772028725 ], [ -106.721023933557291, 24.082919787834733 ], [ -106.718846557456956, 24.084200505539641 ], [ -106.717305273874942, 24.085198087078073 ], [ -106.712289857623048, 24.088572675559224 ], [ -106.710796028903545, 24.089402054237674 ], [ -106.70884039706084, 24.089897976710656 ], [ -106.707540484341465, 24.089777060756433 ], [ -106.706863393080951, 24.089602425962283 ], [ -106.706913256804881, 24.089425103764224 ], [ -106.70633798061742, 24.089061300809679 ], [ -106.705768564626979, 24.08913989547645 ], [ -106.705516738629271, 24.088691210222617 ], [ -106.705907021661019, 24.087711625294734 ], [ -106.705985485587419, 24.086952237515693 ], [ -106.705732707521747, 24.086431323703941 ], [ -106.70481999408949, 24.085836501265277 ], [ -106.704729818034224, 24.085711088128175 ], [ -106.704109618308848, 24.084923370567889 ], [ -106.703490261737514, 24.084198850099607 ], [ -106.703061379982216, 24.083002649186628 ], [ -106.702877269935556, 24.081722451170357 ], [ -106.70254382093529, 24.081048920497871 ], [ -106.701970502489971, 24.08082955550017 ], [ -106.70139724447229, 24.081359671561302 ], [ -106.700760151319415, 24.082269752760812 ], [ -106.70043284002027, 24.082806159318746 ], [ -106.699944139407791, 24.083037342283603 ], [ -106.699532033247138, 24.082364679174976 ], [ -106.699186742387027, 24.081537763276263 ], [ -106.69926536384763, 24.080787404959572 ], [ -106.699577961251521, 24.079880937043551 ], [ -106.699390797373056, 24.078365988185652 ], [ -106.697416591183853, 24.078838626502431 ], [ -106.697224788459835, 24.078396791630613 ], [ -106.696904089687408, 24.077988942565057 ], [ -106.695806865148015, 24.077005607671548 ], [ -106.695454723726229, 24.076730160857487 ], [ -106.694908612982104, 24.076428081429949 ], [ -106.694480595755479, 24.076271985903198 ], [ -106.693029296605332, 24.075845612112573 ], [ -106.69263473712391, 24.075709457299425 ], [ -106.692244754100969, 24.075500450016488 ], [ -106.6920821946687, 24.075338023734847 ], [ -106.691713568231094, 24.074789041684845 ], [ -106.691615918145928, 24.074514156042948 ], [ -106.691528842988703, 24.073780338995039 ], [ -106.691502100141761, 24.073006914566552 ], [ -106.691464378173166, 24.070131417029494 ], [ -106.691353675009637, 24.069282733692294 ], [ -106.690911104539694, 24.068280001125228 ], [ -106.69042974399828, 24.067725188919365 ], [ -106.688479381053241, 24.06597693343188 ], [ -106.687925524439706, 24.065360004882709 ], [ -106.687497604647007, 24.064597211643346 ], [ -106.686863286202055, 24.06346647998679 ], [ -106.686563827332535, 24.062562308384045 ], [ -106.685800689011586, 24.059473570362059 ], [ -106.685451966652451, 24.058619514224237 ], [ -106.684438056271958, 24.057348563436268 ], [ -106.683379831333284, 24.056506911711473 ], [ -106.679491211618128, 24.053894934442813 ], [ -106.678467945388519, 24.053184920208448 ], [ -106.677581234714182, 24.052483560066591 ] ] ] ] } },
{ "type": "Feature", "properties": { "fid": 22.0, "cat": 25, "VULNERABIL": 3.0, "CLAVE_ACUI": "2506", "NOM_ACUIF": "RIO ELOTA" }, "geometry": { "type": "MultiPolygon", "coordinates": [ [ [ [ -107.011058407498211, 24.022514566337719 ], [ -107.01155888487574, 24.023724586516664 ], [ -107.011666684247857, 24.024064048211056 ], [ -107.008066838442815, 24.026247048232332 ], [ -107.00436017894269, 24.02825084798344 ], [ -106.990025568402714, 24.035737409324973 ], [ -106.986292938782327, 24.037527835086077 ], [ -106.984866161759967, 24.038278445708976 ], [ -106.982160529854269, 24.039773021451222 ], [ -106.981981403456842, 24.039422862100942 ], [ -106.981921791279689, 24.03923672090594 ], [ -106.982307441110095, 24.03854273209236 ], [ -106.982532117963942, 24.037489118585722 ], [ -106.982485019834698, 24.034421130132142 ], [ -106.982595068785926, 24.033493229938372 ], [ -106.982737148222242, 24.032504708334546 ], [ -106.983429576390151, 24.032206689417031 ], [ -106.984209257496374, 24.031836363572751 ], [ -106.986002392376321, 24.030860035178769 ], [ -106.992806906535364, 24.027011228229039 ], [ -106.994822950984414, 24.02579828772847 ], [ -106.99742685419514, 24.023986850052527 ], [ -106.999130673551136, 24.022612028765458 ], [ -107.001458626904054, 24.020817245293976 ], [ -107.002870833448171, 24.019607106667344 ], [ -107.003924412412545, 24.018558358241503 ], [ -107.004762282076939, 24.017656228167944 ], [ -107.005565500511764, 24.016664464828338 ], [ -107.006212823433799, 24.015563932148943 ], [ -107.006666597019503, 24.014924837962688 ], [ -107.007036651900108, 24.015036131769858 ], [ -107.007376280685975, 24.015025800519112 ], [ -107.007716064712184, 24.014895523325944 ], [ -107.008512429102424, 24.016179475054976 ], [ -107.009987938853428, 24.01815091280324 ], [ -107.0103728278565, 24.018724816147135 ], [ -107.010693440966264, 24.019431604155304 ], [ -107.01076656819383, 24.019867398938416 ], [ -107.010787214104994, 24.02119432035472 ], [ -107.01081556706491, 24.021595152952976 ], [ -107.010927234734226, 24.022138783702175 ], [ -107.011058407498211, 24.022514566337719 ] ] ] ] } },
{ "type": "Feature", "properties": { "fid": 23.0, "cat": 24, "VULNERABIL": 3.0, "CLAVE_ACUI": "2506", "NOM_ACUIF": "RIO ELOTA" }, "geometry": { "type": "MultiPolygon", "coordinates": [ [ [ [ -107.070500394235566, 24.028763488906161 ], [ -107.07074116815096, 24.028760233166935 ], [ -107.070792681165244, 24.028754458149777 ], [ -107.070792545514323, 24.028745995967157 ], [ -107.071470176479551, 24.02886096968184 ], [ -107.071851826924984, 24.028984459401723 ], [ -107.071882556539506, 24.029004357254301 ], [ -107.071864437054302, 24.029004602415778 ], [ -107.071853761118987, 24.02902844609935 ], [ -107.071855534560882, 24.02913901853967 ], [ -107.071867051990566, 24.029167640349531 ], [ -107.071919026557978, 24.029190636344758 ], [ -107.071981758507292, 24.029194865935676 ], [ -107.072172781131442, 24.029192281078824 ], [ -107.07242544791653, 24.029355884850844 ], [ -107.072792086561009, 24.029696820934532 ], [ -107.072849274163858, 24.029733849926171 ], [ -107.07323473121653, 24.030094276635463 ], [ -107.074459920271622, 24.031404838636909 ], [ -107.074792110862376, 24.031715446220883 ], [ -107.075407809192498, 24.032126668511591 ], [ -107.075853049189249, 24.032306840674604 ], [ -107.07730484029139, 24.032729535418497 ], [ -107.077800327850682, 24.032939490254844 ], [ -107.07866081125286, 24.033496590249232 ], [ -107.079394590017159, 24.034082490595036 ], [ -107.081958455334785, 24.036259565446088 ], [ -107.083648482155951, 24.037350499146964 ], [ -107.077643615598021, 24.04626644166428 ], [ -107.077288662341985, 24.045902663142822 ], [ -107.076805947319912, 24.045524256735764 ], [ -107.076594743339868, 24.045329383564027 ], [ -107.076268952718905, 24.045028782049037 ], [ -107.074310541904921, 24.043064606534447 ], [ -107.073689415539761, 24.042494085741289 ], [ -107.07274920628474, 24.041795844906531 ], [ -107.072027175826435, 24.041368878096296 ], [ -107.069597931862077, 24.040074585549586 ], [ -107.068876083435498, 24.039657757023122 ], [ -107.067936678708051, 24.039006871418767 ], [ -107.067316520717398, 24.038493864101255 ], [ -107.065361881182838, 24.036750701910108 ], [ -107.064697192930055, 24.036217969744293 ], [ -107.063549929767461, 24.035475060256321 ], [ -107.062575672534138, 24.034946490191317 ], [ -107.059176446694337, 24.033222695364636 ], [ -107.058235553803129, 24.032703803749865 ], [ -107.057243899968284, 24.032006149810318 ], [ -107.056768141360109, 24.031528396838215 ], [ -107.05553960008794, 24.029996533924049 ], [ -107.055076042350308, 24.029589709257635 ], [ -107.054141299067169, 24.029223060729713 ], [ -107.053269507793132, 24.029106098850018 ], [ -107.050135890967766, 24.028926889648723 ], [ -107.049257850562512, 24.02876428213737 ], [ -107.048293948413132, 24.028184691537984 ], [ -107.047794988691436, 24.027519315166607 ], [ -107.046430441276215, 24.02499381004932 ], [ -107.045969154220515, 24.024261902843204 ], [ -107.045181001187316, 24.023371848078849 ], [ -107.044516355384388, 24.022832247214005 ], [ -107.042202856023238, 24.021204143760425 ], [ -107.041578612066743, 24.020770638063404 ], [ -107.040978940419649, 24.020375737157547 ], [ -107.04074650749115, 24.020245100798121 ], [ -107.040261490889364, 24.020030365945477 ], [ -107.040118945187885, 24.019989943900342 ], [ -107.039938747539765, 24.020016043418916 ], [ -107.039823867841775, 24.020093750542696 ], [ -107.039467959163161, 24.020430283959303 ], [ -107.039387046432807, 24.02055832333691 ], [ -107.039365363465734, 24.020819307447464 ], [ -107.039415300850806, 24.02106410251147 ], [ -107.039670027357886, 24.021945494912543 ], [ -107.039719965918366, 24.022190289775281 ], [ -107.039698283617057, 24.02245127385412 ], [ -107.039617370018448, 24.022579313391748 ], [ -107.039261454430132, 24.02291584672346 ], [ -107.039080878803304, 24.023035055977292 ], [ -107.038594108194076, 24.023254832056061 ], [ -107.038079296109288, 24.02344958740558 ], [ -107.036163597989855, 24.024138656742508 ], [ -107.035620738686106, 24.024308384625218 ], [ -107.035003106068686, 24.024411391025648 ], [ -107.034663634440292, 24.024388816054834 ], [ -107.033697068455183, 24.024180457428049 ], [ -107.033406150013519, 24.024081057495444 ], [ -107.033015095904645, 24.023825552931903 ], [ -107.032747366212348, 24.023559946373549 ], [ -107.031889022246531, 24.022575950812076 ], [ -107.031676096850362, 24.022279144039217 ], [ -107.031540781460578, 24.021878044735558 ], [ -107.031560398267445, 24.021601852814626 ], [ -107.031787256575868, 24.020714056470428 ], [ -107.031789571176887, 24.020392387543833 ], [ -107.031573517326919, 24.019779062069514 ], [ -107.031262556712292, 24.019224551036107 ], [ -107.030027483556822, 24.017250150774569 ], [ -107.029672554681994, 24.016711453824392 ], [ -107.029251271378072, 24.016171941992251 ], [ -107.029004365104356, 24.015939908257298 ], [ -107.028273420616628, 24.015396594470793 ], [ -107.027794087362096, 24.015071953136868 ], [ -107.032873509263183, 24.011958282593181 ], [ -107.037120300371214, 24.009416372821907 ], [ -107.040263035347806, 24.007478589446766 ], [ -107.040459470926535, 24.007336839641084 ], [ -107.041919569111485, 24.008405397758505 ], [ -107.043222089285379, 24.009453177203838 ], [ -107.04484434386157, 24.010785775551675 ], [ -107.045168288374015, 24.011019395235369 ], [ -107.047387701361444, 24.012621078734604 ], [ -107.048940100575052, 24.013836707278699 ], [ -107.050931170547756, 24.015506967089319 ], [ -107.053109257824602, 24.017219993012866 ], [ -107.053974771769745, 24.01794918921097 ], [ -107.054405016891423, 24.017826394393673 ], [ -107.054027731596932, 24.016874934064219 ], [ -107.053093025013737, 24.016210386658678 ], [ -107.051968593635465, 24.015268189212954 ], [ -107.050796450404235, 24.014435340148417 ], [ -107.049913744781364, 24.013318517590463 ], [ -107.048730127402322, 24.012378199564921 ], [ -107.047065710215392, 24.011497579743658 ], [ -107.044951163724051, 24.01005369177782 ], [ -107.044324188076914, 24.00893430331957 ], [ -107.043506560569682, 24.008096830754774 ], [ -107.042212518615116, 24.007661668636608 ], [ -107.041132186745926, 24.006784988109729 ], [ -107.041508396985776, 24.006249937565727 ], [ -107.041658588253597, 24.006075268085869 ], [ -107.041888481837404, 24.005930007404917 ], [ -107.042066710223509, 24.005897161560135 ], [ -107.042129350626425, 24.005896326813598 ], [ -107.042668549270672, 24.005889140389073 ], [ -107.042851557418416, 24.005886700830324 ], [ -107.042999874104666, 24.006095257645232 ], [ -107.043092970421739, 24.006265421957817 ], [ -107.043163522966807, 24.006438845239952 ], [ -107.043242875428817, 24.006680639583827 ], [ -107.043326185281316, 24.006905660644598 ], [ -107.043426801582413, 24.007150311092282 ], [ -107.043583585587328, 24.007392584995316 ], [ -107.044344329973484, 24.008188222899303 ], [ -107.045213892806629, 24.008989175310251 ], [ -107.048511193536413, 24.011931268138014 ], [ -107.049570428048114, 24.012836304266393 ], [ -107.051216150309074, 24.01411775108728 ], [ -107.052507950495055, 24.015043350022729 ], [ -107.056890732047989, 24.018081291755987 ], [ -107.058075565240969, 24.018881314120637 ], [ -107.05922188998376, 24.019576889696602 ], [ -107.0596746524606, 24.019770554214794 ], [ -107.060641213626155, 24.019978748310411 ], [ -107.060960668245713, 24.020133574678116 ], [ -107.061484896242618, 24.020647906187136 ], [ -107.062981833524773, 24.022809026143772 ], [ -107.063107301155398, 24.022994867714175 ], [ -107.063834901972243, 24.024009778847891 ], [ -107.064411507682749, 24.024570791415258 ], [ -107.064794546206343, 24.024782307208351 ], [ -107.066005455001772, 24.025208363730648 ], [ -107.066388010561241, 24.025389411255389 ], [ -107.066962358815857, 24.025808247867076 ], [ -107.067400302312095, 24.026225537990015 ], [ -107.06795517172074, 24.026802731218115 ], [ -107.068543940732084, 24.027415179606596 ], [ -107.068563401582168, 24.027435422995826 ], [ -107.069308984056974, 24.028162134605495 ], [ -107.069881113732208, 24.028532611419852 ], [ -107.070262761982335, 24.028656105277982 ], [ -107.070373646858471, 24.028674919764299 ], [ -107.070374171267943, 24.028707640212705 ], [ -107.070385688331982, 24.028736262160638 ], [ -107.070437662496346, 24.028759258690116 ], [ -107.070500394235566, 24.028763488906161 ] ] ] ] } },
{ "type": "Feature", "properties": { "fid": 25.0, "cat": 26, "VULNERABIL": 2.0, "CLAVE_ACUI": "2506", "NOM_ACUIF": "RIO ELOTA" }, "geometry": { "type": "MultiPolygon", "coordinates": [ [ [ [ -107.083648482155951, 24.037350499146964 ], [ -107.081958455334785, 24.036259565446088 ], [ -107.079394590017159, 24.034082490595036 ], [ -107.07866081125286, 24.033496590249232 ], [ -107.077800327850682, 24.032939490254844 ], [ -107.07730484029139, 24.032729535418497 ], [ -107.075853049189249, 24.032306840674604 ], [ -107.075407809192498, 24.032126668511591 ], [ -107.074792110862376, 24.031715446220883 ], [ -107.074459920271622, 24.031404838636909 ], [ -107.07323473121653, 24.030094276635463 ], [ -107.072849274163858, 24.029733849926171 ], [ -107.072792086561009, 24.029696820934532 ], [ -107.07242544791653, 24.029355884850844 ], [ -107.072172781131442, 24.029192281078824 ], [ -107.071981758507292, 24.029194865935676 ], [ -107.071919026557978, 24.029190636344758 ], [ -107.071867051990566, 24.029167640349531 ], [ -107.071855534560882, 24.02913901853967 ], [ -107.071853761118987, 24.02902844609935 ], [ -107.071864437054302, 24.029004602415778 ], [ -107.071882556539506, 24.029004357254301 ], [ -107.071851826924984, 24.028984459401723 ], [ -107.071470176479551, 24.02886096968184 ], [ -107.070792545514323, 24.028745995967157 ], [ -107.070792681165244, 24.028754458149777 ], [ -107.07074116815096, 24.028760233166935 ], [ -107.070500394235566, 24.028763488906161 ], [ -107.070437662496346, 24.028759258690116 ], [ -107.070385688331982, 24.028736262160638 ], [ -107.070374171267943, 24.028707640212705 ], [ -107.070373646858471, 24.028674919764299 ], [ -107.070262761982335, 24.028656105277982 ], [ -107.069881113732208, 24.028532611419852 ], [ -107.069308984056974, 24.028162134605495 ], [ -107.068563401582168, 24.027435422995826 ], [ -107.068543940732084, 24.027415179606596 ], [ -107.067400302312095, 24.026225537990015 ], [ -107.066962358815857, 24.025808247867076 ], [ -107.066388010561241, 24.025389411255389 ], [ -107.066005455001772, 24.025208363730648 ], [ -107.064794546206343, 24.024782307208351 ], [ -107.064411507682749, 24.024570791415258 ], [ -107.063834901972243, 24.024009778847891 ], [ -107.063107301155398, 24.022994867714175 ], [ -107.062981833524773, 24.022809026143772 ], [ -107.061484896242618, 24.020647906187136 ], [ -107.060960668245713, 24.020133574678116 ], [ -107.060641213626155, 24.019978748310411 ], [ -107.0596746524606, 24.019770554214794 ], [ -107.05922188998376, 24.019576889696602 ], [ -107.058075565240969, 24.018881314120637 ], [ -107.056890732047989, 24.018081291755987 ], [ -107.052507950495055, 24.015043350022729 ], [ -107.051216150309074, 24.01411775108728 ], [ -107.049570428048114, 24.012836304266393 ], [ -107.048511193536413, 24.011931268138014 ], [ -107.045213892806629, 24.008989175310251 ], [ -107.044344329973484, 24.008188222899303 ], [ -107.043583585587328, 24.007392584995316 ], [ -107.043426801582413, 24.007150311092282 ], [ -107.043326185281316, 24.006905660644598 ], [ -107.043242875428817, 24.006680639583827 ], [ -107.043163522966807, 24.006438845239952 ], [ -107.043092970421739, 24.006265421957817 ], [ -107.042999874104666, 24.006095257645232 ], [ -107.042851557418416, 24.005886700830324 ], [ -107.043159951436266, 24.005811490585216 ], [ -107.043876914539482, 24.005470135596809 ], [ -107.04407393752625, 24.005356617714778 ], [ -107.044576139350283, 24.004978352527427 ], [ -107.04614727177497, 24.004000936208595 ], [ -107.047646551425743, 24.003108566472246 ], [ -107.048097829346702, 24.003298262198882 ], [ -107.049271627861145, 24.003626011703599 ], [ -107.050149372220304, 24.003965537714013 ], [ -107.050259772306234, 24.004009658677557 ], [ -107.050935702870547, 24.003883514909358 ], [ -107.051666408430222, 24.003476402136076 ], [ -107.05245029207741, 24.002681682475458 ], [ -107.052834756773933, 24.001520719122684 ], [ -107.052700258710942, 24.001071051541782 ], [ -107.052570771055656, 24.000187180222685 ], [ -107.053856939044778, 23.999458100883224 ], [ -107.054704042207447, 23.999074766450072 ], [ -107.05512706804511, 23.999234908733211 ], [ -107.056987705622447, 24.000112533687545 ], [ -107.058447363338971, 24.001521733428653 ], [ -107.059129955873047, 24.002024119793933 ], [ -107.060006117457291, 24.002807420742187 ], [ -107.059968830604632, 24.00416152059459 ], [ -107.060411897262327, 24.005509231168592 ], [ -107.060480195052335, 24.005583075488168 ], [ -107.061291808243467, 24.006454706693511 ], [ -107.062343366672351, 24.007171056365149 ], [ -107.063759723636409, 24.007216219609798 ], [ -107.063786762416299, 24.007244857826709 ], [ -107.064508371011229, 24.007991120363791 ], [ -107.064539089397101, 24.008245501285362 ], [ -107.064722146640818, 24.009738912242188 ], [ -107.065352177611459, 24.011030643459723 ], [ -107.066295902750042, 24.012739011750654 ], [ -107.06648302260723, 24.013076878169308 ], [ -107.066554727251614, 24.013207359096675 ], [ -107.067322994080897, 24.015173343360743 ], [ -107.067400184443954, 24.015673650476174 ], [ -107.06759609641604, 24.016920350708986 ], [ -107.067917893968229, 24.018486459784718 ], [ -107.067989022935834, 24.018828064615068 ], [ -107.068175377276901, 24.019210217612233 ], [ -107.068562790721188, 24.020003558088767 ], [ -107.068568073712697, 24.020012467530691 ], [ -107.068662826200068, 24.020357849969816 ], [ -107.068749091310693, 24.020675131610872 ], [ -107.068828146357518, 24.020965406253655 ], [ -107.069505293726053, 24.021515593578862 ], [ -107.069995503378507, 24.021830058529069 ], [ -107.070379189571881, 24.022073050229185 ], [ -107.070613111346475, 24.02218013584498 ], [ -107.070636992852215, 24.022190715102091 ], [ -107.071612869109657, 24.022635916760549 ], [ -107.072664229838395, 24.023116130389202 ], [ -107.074390766957691, 24.023545028951233 ], [ -107.075923391202011, 24.023523910304135 ], [ -107.076463421454818, 24.023331680667933 ], [ -107.077086414932751, 24.023111799419805 ], [ -107.079371379011377, 24.023796132885046 ], [ -107.079800110070337, 24.023924148333304 ], [ -107.079752752631393, 24.024655471235334 ], [ -107.080616448177707, 24.025202987396298 ], [ -107.081793541581803, 24.024932259690853 ], [ -107.081908680712601, 24.024905837026001 ], [ -107.082207202839925, 24.02450575050397 ], [ -107.083373849386234, 24.024381761001425 ], [ -107.083527419358788, 24.024358633992001 ], [ -107.084191150499606, 24.024266794643331 ], [ -107.084697478422541, 24.024194799858542 ], [ -107.085579968171899, 24.024072042198792 ], [ -107.087416483429735, 24.023984228712099 ], [ -107.089569515600274, 24.024126760131466 ], [ -107.089627111772316, 24.024146459568222 ], [ -107.090026713641308, 24.024287875662171 ], [ -107.090804548156754, 24.024561182222254 ], [ -107.090828823398468, 24.024581960566938 ], [ -107.091611065790559, 24.025227394893989 ], [ -107.091684537733371, 24.025418675366133 ], [ -107.088070105067686, 24.030785334819711 ], [ -107.083648482155951, 24.037350499146964 ] ] ], [ [ [ -107.051312052322771, 24.00092675412046 ], [ -107.051358409037888, 24.001520517383778 ], [ -107.051275259439905, 24.001737701766722 ], [ -107.051210082108597, 24.001907774134335 ], [ -107.051152592208737, 24.00205262976807 ], [ -107.051061840665596, 24.002297297880933 ], [ -107.051002098453836, 24.002447900733447 ], [ -107.049905501888688, 24.002687443149902 ], [ -107.049294416308229, 24.002127728845654 ], [ -107.051312052322771, 24.00092675412046 ] ] ], [ [ [ -107.062945881647593, 24.002371097011309 ], [ -107.062963480640647, 24.002411389372178 ], [ -107.063323623306331, 24.003269182347857 ], [ -107.062843157425092, 24.003952033780752 ], [ -107.062436349622061, 24.004913986123537 ], [ -107.061949712731362, 24.005208868971142 ], [ -107.061274282479005, 24.005380443273527 ], [ -107.061075163848557, 24.004598043969938 ], [ -107.060926914775635, 24.002623408881902 ], [ -107.060840791616044, 24.001532058825024 ], [ -107.060771237609046, 24.000874873515254 ], [ -107.062186337698179, 24.000856530203496 ], [ -107.062556675152734, 24.001301997462633 ], [ -107.062424273881788, 24.001523045119466 ], [ -107.062945881647593, 24.002371097011309 ] ] ] ] } },
{ "type": "Feature", "properties": { "fid": 26.0, "cat": 20, "VULNERABIL": 2.0, "CLAVE_ACUI": "2506", "NOM_ACUIF": "RIO ELOTA" }, "geometry": { "type": "MultiPolygon", "coordinates": [ [ [ [ -106.635398505465091, 23.961194961645205 ], [ -106.634984967399149, 23.954781069334043 ], [ -106.636113329447326, 23.95478418616478 ], [ -106.63743715531723, 23.954770071197306 ], [ -106.637848319038127, 23.954796160688481 ], [ -106.638443258492785, 23.954932032096405 ], [ -106.638882009108031, 23.955100044438847 ], [ -106.640334580262973, 23.955748223212069 ], [ -106.640785095258735, 23.955971976291369 ], [ -106.641434921357117, 23.956367985601226 ], [ -106.641705397216299, 23.95656156928737 ], [ -106.642086814983941, 23.956781465154094 ], [ -106.64292047735718, 23.957436237465558 ], [ -106.643063196639474, 23.95758365520674 ], [ -106.645175749885922, 23.959972037450896 ], [ -106.645775803826893, 23.960539699707102 ], [ -106.646363022974114, 23.960904051559197 ], [ -106.646817349942708, 23.960990604302921 ], [ -106.648261584921258, 23.960975101152446 ], [ -106.648726449056653, 23.96102090086066 ], [ -106.649451582226277, 23.961250142055892 ], [ -106.650022624443551, 23.961531829051697 ], [ -106.651962372639744, 23.962617113280736 ], [ -106.652539794236489, 23.962964752073702 ], [ -106.653294664775316, 23.96350179578728 ], [ -106.653795629839877, 23.96392136274353 ], [ -106.65537861358284, 23.965342289417737 ], [ -106.655802998914993, 23.965823626217354 ], [ -106.656200462241372, 23.966648948323339 ], [ -106.656343880459801, 23.967346644035711 ], [ -106.656615706885958, 23.969777235019791 ], [ -106.656664851767957, 23.9704505515042 ], [ -106.656622360018886, 23.971162105164108 ], [ -106.656512511562269, 23.971505293941245 ], [ -106.656042373571026, 23.972395287218188 ], [ -106.655947999745649, 23.972651961386234 ], [ -106.655977730405581, 23.972959781597957 ], [ -106.656114577231875, 23.973142850503027 ], [ -106.656723468096374, 23.973689350202076 ], [ -106.65694848784716, 23.973851149096649 ], [ -106.657389686862814, 23.974059711745983 ], [ -106.65779495162235, 23.974195858850891 ], [ -106.659244992643011, 23.974622641521954 ], [ -106.659709821036103, 23.974661633581718 ], [ -106.66042897209924, 23.974416820552204 ], [ -106.660991499286425, 23.97402809519189 ], [ -106.662897448628996, 23.972458845476115 ], [ -106.663415353730088, 23.972040120037558 ], [ -106.663926321226356, 23.971655329787215 ], [ -106.664138372186784, 23.971524355985554 ], [ -106.664616976645362, 23.971297935250025 ], [ -106.664769340967297, 23.971253955164169 ], [ -106.665001771103121, 23.971275136137255 ], [ -106.665181450093669, 23.971349374690938 ], [ -106.665787523667433, 23.971674638953985 ], [ -106.66596824856876, 23.97183013289829 ], [ -106.66620555700743, 23.972230508321957 ], [ -106.6663638447247, 23.972646979267534 ], [ -106.66686521929492, 23.974190133631435 ], [ -106.666996857596487, 23.974683081604656 ], [ -106.667109788153951, 23.975440352553715 ], [ -106.667139478648252, 23.976029220336532 ], [ -106.667165104449822, 23.978019998849671 ], [ -106.667228089948722, 23.978618662979496 ], [ -106.66749639698169, 23.9794216502893 ], [ -106.66781670899573, 23.979970110247017 ], [ -106.66904320992856, 23.981726595878648 ], [ -106.669324123629821, 23.982219609295065 ], [ -106.669408533054693, 23.982763860173037 ], [ -106.669248201777535, 23.983048348456663 ], [ -106.668415573094805, 23.98383170718947 ], [ -106.668154699384942, 23.984036020629308 ], [ -106.667769922889079, 23.984206126515215 ], [ -106.667481116421058, 23.984244821372418 ], [ -106.666518129708521, 23.984255288373884 ], [ -106.666229191887254, 23.984283823870864 ], [ -106.665843801957607, 23.984406525624561 ], [ -106.665582182354825, 23.984553278450175 ], [ -106.664746676791665, 23.985115421235186 ], [ -106.664540850774841, 23.985302200554123 ], [ -106.664415839079155, 23.985611697087492 ], [ -106.664443077583741, 23.985867055868084 ], [ -106.664695204947535, 23.986749233267606 ], [ -106.664728037164807, 23.987009610432079 ], [ -106.664629124228284, 23.987342526862339 ], [ -106.664454987191519, 23.987557744471651 ], [ -106.663741256409878, 23.988229175110803 ], [ -106.663555931129764, 23.988434354726746 ], [ -106.663404814708457, 23.988720430691952 ], [ -106.663374259816422, 23.988923931188655 ], [ -106.663382787315925, 23.989587524245799 ], [ -106.663446136102792, 23.989784926862313 ], [ -106.663733236780672, 23.990042545682424 ], [ -106.664080032386281, 23.990213169274359 ], [ -106.665411316868799, 23.990751786839962 ], [ -106.665780226943809, 23.990922166194185 ], [ -106.666170517371057, 23.991178659034784 ], [ -106.666359164749721, 23.991374698599397 ], [ -106.666849230934957, 23.99203305656933 ], [ -106.667020839660822, 23.992193725898698 ], [ -106.667331611341424, 23.992285158885771 ], [ -106.667603961662522, 23.992255107889875 ], [ -106.668564155592463, 23.99202343377867 ], [ -106.668836504937019, 23.991993380637748 ], [ -106.669147277169628, 23.992084809901229 ], [ -106.669318888654189, 23.992245476495128 ], [ -106.66980897287128, 23.992903823916251 ], [ -106.669991641712315, 23.993064369233817 ], [ -106.670354009264926, 23.993155233908379 ], [ -106.670689007796113, 23.993124494862805 ], [ -106.671889963446134, 23.992890176274898 ], [ -106.672241346949448, 23.992844017588389 ], [ -106.672680184008499, 23.992862933777097 ], [ -106.67295571108636, 23.992936115827305 ], [ -106.673802669439681, 23.993258713648505 ], [ -106.673968300471003, 23.993383885534836 ], [ -106.673894284358084, 23.993645426158004 ], [ -106.67362291486711, 23.99389388353633 ], [ -106.672430530012306, 23.994791805558087 ], [ -106.672120788836921, 23.995066075080086 ], [ -106.671867724165921, 23.995448082417486 ], [ -106.671815945347774, 23.995719538129105 ], [ -106.67182737674905, 23.996604324262083 ], [ -106.671887204893494, 23.996955830164595 ], [ -106.672154973220429, 23.997711404542734 ], [ -106.672477674206789, 23.998439289852666 ], [ -106.673715874214665, 24.00108050571815 ], [ -106.67403898773172, 24.001838857377372 ], [ -106.674308620847938, 24.00273662374947 ], [ -106.674370694610388, 24.003260796223245 ], [ -106.674390737579387, 24.004809168337726 ], [ -106.674341591275351, 24.005283763671688 ], [ -106.674092196417419, 24.005950169788001 ], [ -106.673785062699295, 24.006427582771057 ], [ -106.672601151334888, 24.0079890993234 ], [ -106.672272682132643, 24.008527692861325 ], [ -106.671923751325778, 24.009479617220475 ], [ -106.671753748631303, 24.010300915994574 ], [ -106.671309326876397, 24.013181718879167 ], [ -106.671106670391055, 24.014044006713597 ], [ -106.670605366361372, 24.015187213672732 ], [ -106.670091871179196, 24.015958077577885 ], [ -106.668196826623017, 24.018412224024122 ], [ -106.66767224730971, 24.019183201411312 ], [ -106.667119292236393, 24.020326960740249 ], [ -106.666853938177582, 24.021189926245 ], [ -106.666168563783927, 24.024073338784937 ], [ -106.665892269964871, 24.024946580255886 ], [ -106.665288282927122, 24.026138294869366 ], [ -106.664701734765586, 24.026967501545215 ], [ -106.662568450784647, 24.029645403626581 ], [ -106.662015307375739, 24.030494555290627 ], [ -106.66162774867081, 24.031606027229937 ], [ -106.661567303184086, 24.031779375995118 ], [ -106.661480445875867, 24.032765683833304 ], [ -106.661523125618302, 24.036083632749143 ], [ -106.661436659202579, 24.037100411158676 ], [ -106.660990459405838, 24.038527428453659 ], [ -106.660439491181421, 24.039549244876994 ], [ -106.658314446795345, 24.042890689734243 ], [ -106.657740407779471, 24.043841638728637 ], [ -106.657186662562154, 24.044937969959758 ], [ -106.656969642290903, 24.045553209766155 ], [ -106.656510624907014, 24.047327997970839 ], [ -106.656233353405796, 24.047989601753279 ], [ -106.655398433909312, 24.049302296189154 ], [ -106.654482951217304, 24.050515966499756 ], [ -106.651045490069706, 24.05486702852113 ], [ -106.650062394072464, 24.055989978803385 ], [ -106.648912202240396, 24.056879387318435 ], [ -106.648252179978854, 24.057027022989487 ], [ -106.646322280355733, 24.056826570742469 ], [ -106.645742168016255, 24.056734612800927 ], [ -106.644964875553711, 24.056505940479205 ], [ -106.644434571066583, 24.056271223927038 ], [ -106.642737121063178, 24.055404542587286 ], [ -106.642073942274479, 24.054901450360351 ], [ -106.641324914579556, 24.054107563010913 ], [ -106.640640189996887, 24.053182020763892 ], [ -106.638308322543963, 24.049777956040909 ], [ -106.637556379410739, 24.048782007762764 ], [ -106.636379115980418, 24.047538333989177 ], [ -106.635449253642918, 24.046757603843048 ], [ -106.632287216206436, 24.044357832667725 ], [ -106.631452951034149, 24.043697958464534 ], [ -106.630871097636287, 24.043157214430448 ], [ -106.630391714505365, 24.042503131258869 ], [ -106.630091226288684, 24.041989815096215 ], [ -106.629834467360155, 24.041518982006988 ], [ -106.630009174372844, 24.040983433238758 ], [ -106.630695133324622, 24.038880687241189 ], [ -106.630932894541118, 24.038151851433931 ], [ -106.631387261398316, 24.038016591615641 ], [ -106.631730206520217, 24.037871147840718 ], [ -106.632274608172366, 24.037462993318449 ], [ -106.633007937865443, 24.036773669492955 ], [ -106.633971748671556, 24.035867679361452 ], [ -106.634477949886204, 24.035371282868145 ], [ -106.634935838320374, 24.034844925199536 ], [ -106.635048564773868, 24.034650193031325 ], [ -106.635165722362885, 24.034354500917519 ], [ -106.635272288765094, 24.034094831943879 ], [ -106.635362145666861, 24.033909971950482 ], [ -106.635509574986685, 24.033708436966712 ], [ -106.635715050569885, 24.033490038862642 ], [ -106.636514469449892, 24.032712838451051 ], [ -106.63751182601429, 24.031991082581179 ], [ -106.638137208176644, 24.031737204284269 ], [ -106.640058299330235, 24.031274184185943 ], [ -106.640596427112413, 24.031117736143852 ], [ -106.641186606631805, 24.03085067827374 ], [ -106.641491592734582, 24.030625616150438 ], [ -106.64232467711696, 24.029842382951632 ], [ -106.642562531766472, 24.029557087878452 ], [ -106.642839440519495, 24.029008946286126 ], [ -106.642891614952916, 24.028844293850756 ], [ -106.64296977093305, 24.028724239642219 ], [ -106.643243059358781, 24.02789169896182 ], [ -106.643345993031971, 24.027143946641871 ], [ -106.643553060647235, 24.024486976303027 ], [ -106.643572989978324, 24.023735035064377 ], [ -106.643458930086808, 24.022882946558742 ], [ -106.643276059211118, 24.022417618285811 ], [ -106.64253673010893, 24.021098172210372 ], [ -106.642255182813784, 24.020699930499603 ], [ -106.641680617897421, 24.020160916566105 ], [ -106.641141359247754, 24.019789137136897 ], [ -106.63975820219899, 24.018937312549866 ], [ -106.639138300062399, 24.018580951059249 ], [ -106.638405627175644, 24.018247098940424 ], [ -106.637902162183195, 24.018044017894578 ], [ -106.637539837047228, 24.017898858343397 ], [ -106.638804548145657, 24.014021999249458 ], [ -106.637974615883095, 24.001149916614185 ], [ -106.637619932915385, 23.995648855051098 ], [ -106.635909323264798, 23.969117643080768 ], [ -106.635398505465091, 23.961194961645205 ] ] ] ] } },
{ "type": "Feature", "properties": { "fid": 27.0, "cat": 15, "VULNERABIL": 2.0, "CLAVE_ACUI": "2506", "NOM_ACUIF": "RIO ELOTA" }, "geometry": { "type": "MultiPolygon", "coordinates": [ [ [ [ -106.898312406619993, 23.983495864687519 ], [ -106.897992655852534, 23.983051195515113 ], [ -106.89772675899971, 23.982509362050493 ], [ -106.897666655509454, 23.982179984073593 ], [ -106.897652068455997, 23.981184720616135 ], [ -106.897708618043438, 23.980894529544496 ], [ -106.897987101773808, 23.980535567826497 ], [ -106.898328385240731, 23.980312955868502 ], [ -106.899642549873789, 23.979633055692322 ], [ -106.900138940764023, 23.979433912757077 ], [ -106.901141273063118, 23.979184481746906 ], [ -106.902076784556911, 23.979027291222536 ], [ -106.905440156643479, 23.97854312642929 ], [ -106.906415387569567, 23.978456519381009 ], [ -106.907603112157432, 23.97853655616268 ], [ -106.908324633850967, 23.978737503663716 ], [ -106.910504026412397, 23.979595207555491 ], [ -106.911170593221229, 23.979817140705574 ], [ -106.912101830688201, 23.97999514128843 ], [ -106.912765601434472, 23.980027494815992 ], [ -106.914931957530825, 23.980000462343568 ], [ -106.915660542585925, 23.979930418823773 ], [ -106.916894248132763, 23.979630594275889 ], [ -106.917928095214393, 23.97927231428303 ], [ -106.921518963864344, 23.977900123070611 ], [ -106.92257458592799, 23.977521225219288 ], [ -106.923909997548691, 23.97712526797055 ], [ -106.924762109643495, 23.976938514572243 ], [ -106.927403212780419, 23.976462935829002 ], [ -106.92814145601028, 23.976424878248608 ], [ -106.92894550382313, 23.976722879130399 ], [ -106.92935590345887, 23.977186654138656 ], [ -106.93046707218295, 23.979052932946509 ], [ -106.930756965446292, 23.979589322360177 ], [ -106.930998613197886, 23.980226200188955 ], [ -106.931053929197233, 23.98059963682271 ], [ -106.931070421810702, 23.981705463535402 ], [ -106.931141939633463, 23.982053302381516 ], [ -106.93145919785951, 23.982570723203452 ], [ -106.931840907666626, 23.98296205607252 ], [ -106.933304978216697, 23.984270846054716 ], [ -106.933956979771807, 23.984993960797379 ], [ -106.93553559657353, 23.987059703900741 ], [ -106.937138803931802, 23.989287635762956 ], [ -106.943042266086948, 23.997618747299367 ], [ -106.944691943497588, 23.999978040800656 ], [ -106.946486546553544, 24.002657122345237 ], [ -106.947400553351486, 24.004125101169372 ], [ -106.949871369812641, 24.008296571945625 ], [ -106.950675519741765, 24.009806553500354 ], [ -106.951957338818318, 24.012681685687959 ], [ -106.952984380194962, 24.015279031864065 ], [ -106.956495715923438, 24.024524782906848 ], [ -106.957454926677428, 24.027011222189589 ], [ -106.95841959865146, 24.029368923964849 ], [ -106.958838461771478, 24.030250636489331 ], [ -106.959828478422054, 24.03200759347407 ], [ -106.960136539513812, 24.032509821395369 ], [ -106.96058412664884, 24.033096598906422 ], [ -106.960915475102141, 24.033432624541106 ], [ -106.962014188338458, 24.03441396212116 ], [ -106.962377943983981, 24.034698782535621 ], [ -106.962976748864051, 24.03504661084909 ], [ -106.963468428705383, 24.035258687420587 ], [ -106.965164137369968, 24.035900539229296 ], [ -106.965727000413708, 24.036065986817171 ], [ -106.966657977323635, 24.036196232341403 ], [ -106.967425080146086, 24.036216848347998 ], [ -106.970073912534218, 24.036182786583005 ], [ -106.97098336400316, 24.03611013783971 ], [ -106.972578636141165, 24.035805190114289 ], [ -106.973527144944143, 24.035559883222518 ], [ -106.974613201553325, 24.035236238741163 ], [ -106.976623421941156, 24.034667294747639 ], [ -106.978743815407881, 24.034053081112258 ], [ -106.980007847666513, 24.033666002309484 ], [ -106.980639133198324, 24.033427285614358 ], [ -106.981280392128866, 24.033125079366012 ], [ -106.981642257042353, 24.032860634186846 ], [ -106.982061846543118, 24.032517414897047 ], [ -106.982206062530125, 24.032578390687526 ], [ -106.982338302788918, 24.03259248160246 ], [ -106.982457560607941, 24.032580226998522 ], [ -106.982567658639013, 24.032559017470714 ], [ -106.982737148222242, 24.032504708334546 ], [ -106.982595068785926, 24.033493229938372 ], [ -106.982485019834698, 24.034421130132142 ], [ -106.982532117963942, 24.037489118585722 ], [ -106.982307441110095, 24.03854273209236 ], [ -106.981921791279689, 24.03923672090594 ], [ -106.981251105706122, 24.039885521256135 ], [ -106.980571435633564, 24.040368102287015 ], [ -106.979215121482326, 24.041178545469386 ], [ -106.979027989969026, 24.041290361135694 ], [ -106.973175432070406, 24.044462735479524 ], [ -106.971461567021422, 24.045458220248054 ], [ -106.969316239235496, 24.046931550318082 ], [ -106.967965353637283, 24.048040828769476 ], [ -106.963806433697286, 24.051744087688164 ], [ -106.962561897892272, 24.052943373169967 ], [ -106.960913100466726, 24.054836830973432 ], [ -106.959802209554979, 24.056342487025756 ], [ -106.956266713112058, 24.061475392725146 ], [ -106.95528766026392, 24.062928548195003 ], [ -106.954254393264151, 24.064577071864928 ], [ -106.953757362897377, 24.065478953473079 ], [ -106.952471141074426, 24.068039208986736 ], [ -106.952073392851119, 24.06855892098126 ], [ -106.951503486105665, 24.06842399183672 ], [ -106.951087088588849, 24.06771152338553 ], [ -106.950750778664244, 24.066930316917247 ], [ -106.94971385064396, 24.064521590195106 ], [ -106.949366065357722, 24.063589859359126 ], [ -106.949116264138326, 24.062431725691152 ], [ -106.949107186230108, 24.061708980835544 ], [ -106.949314618108914, 24.059494305440797 ], [ -106.949289948962985, 24.05883778145559 ], [ -106.94896739979086, 24.057988677879607 ], [ -106.948531287250347, 24.057432195523344 ], [ -106.946818670158791, 24.055684368386235 ], [ -106.946372281898022, 24.055178796130992 ], [ -106.946001727601853, 24.054567299048809 ], [ -106.9459187500307, 24.05419930529062 ], [ -106.945902074046714, 24.053093498774249 ], [ -106.945841521983496, 24.052745534304929 ], [ -106.945575622432813, 24.052227506350764 ], [ -106.945256319342349, 24.051835430247923 ], [ -106.944032151713728, 24.05052376305942 ], [ -106.943712857681916, 24.050131683081098 ], [ -106.943446972586244, 24.049613650366432 ], [ -106.94338642941986, 24.049265684247043 ], [ -106.943369778978166, 24.048159875351441 ], [ -106.94340845714477, 24.047790334544032 ], [ -106.943605604063762, 24.047171619665981 ], [ -106.943848562934221, 24.046657281836499 ], [ -106.944785210264158, 24.044875750906908 ], [ -106.944961658850673, 24.044352099355759 ], [ -106.94484845395155, 24.043689925630101 ], [ -106.94451028709662, 24.043267614064916 ], [ -106.943045397153981, 24.041958990814276 ], [ -106.942641351828158, 24.041567982714099 ], [ -106.942220680995916, 24.041051910444413 ], [ -106.942023766842766, 24.040705673215882 ], [ -106.94152550838885, 24.039605971199755 ], [ -106.941383581764995, 24.039238720797339 ], [ -106.941219511535863, 24.038624588812095 ], [ -106.941127052120237, 24.038114507862549 ], [ -106.94085964953797, 24.03634826147767 ], [ -106.940755983795512, 24.03582816471647 ], [ -106.940539608864171, 24.03516729337904 ], [ -106.940334167940421, 24.034743288036385 ], [ -106.939591826730805, 24.033425465174048 ], [ -106.939397144255267, 24.032981007175731 ], [ -106.939230958967187, 24.032224695389662 ], [ -106.939188233225181, 24.031588708208076 ], [ -106.939155032774352, 24.029377079627505 ], [ -106.939084591105427, 24.028736364412502 ], [ -106.938789063686258, 24.027957988540077 ], [ -106.938437324771769, 24.027486737481588 ], [ -106.937091419728432, 24.02606593379112 ], [ -106.936641096452746, 24.025656869084624 ], [ -106.935885478100573, 24.025168710126593 ], [ -106.935256346426982, 24.024880403832459 ], [ -106.933076029997167, 24.024023115888966 ], [ -106.932402228078203, 24.023704888777388 ], [ -106.931438124694338, 24.023077132819775 ], [ -106.930734638699008, 24.022498565293262 ], [ -106.928415846977018, 24.020426319014664 ], [ -106.927784178037655, 24.019841753469191 ], [ -106.927155140198948, 24.01918604987587 ], [ -106.926888180061056, 24.018833898075346 ], [ -106.926271405969857, 24.017846226501867 ], [ -106.926066696573841, 24.017589785827553 ], [ -106.925728154838666, 24.017380735699852 ], [ -106.92544923260175, 24.017338533176112 ], [ -106.924486136198098, 24.017350635021824 ], [ -106.924212817830949, 24.017313438542974 ], [ -106.923900429436117, 24.017127756376357 ], [ -106.923727479096883, 24.016899692836098 ], [ -106.923232769665944, 24.016021077617946 ], [ -106.9229754681229, 24.015697576173487 ], [ -106.922904491129273, 24.015634136531556 ], [ -106.922074727663357, 24.014986007352391 ], [ -106.918908601637483, 24.0125924178998 ], [ -106.91809538524258, 24.01193897892237 ], [ -106.918056551571325, 24.011898490839137 ], [ -106.918000132606707, 24.011853832781377 ], [ -106.917449625939341, 24.011268203459373 ], [ -106.917381144666365, 24.010999887251181 ], [ -106.917612067694094, 24.01033337553438 ], [ -106.917655345450811, 24.010144920571733 ], [ -106.91762638666691, 24.00993197593878 ], [ -106.917541739441944, 24.009816224240907 ], [ -106.917175678892434, 24.009488993683597 ], [ -106.917047413331545, 24.009414417323434 ], [ -106.916814900169584, 24.009393625259953 ], [ -106.916611003812122, 24.009438498548832 ], [ -106.915891998919491, 24.009668697555927 ], [ -106.915654484268842, 24.009683517482078 ], [ -106.915265089702004, 24.009522479445025 ], [ -106.914946327483804, 24.009277604855221 ], [ -106.913848174589688, 24.0082958899531 ], [ -106.91358394279203, 24.007999543659515 ], [ -106.913449004413323, 24.007598314568629 ], [ -106.913520465829748, 24.00732147688856 ], [ -106.913988886552815, 24.006430796240913 ], [ -106.914021127537666, 24.006118896976883 ], [ -106.913703170218994, 24.005554047875588 ], [ -106.913216707767518, 24.005059018320384 ], [ -106.911264537156612, 24.003313712671339 ], [ -106.910733123214072, 24.002768447173679 ], [ -106.910205334251955, 24.001969196453878 ], [ -106.909982762023759, 24.001372676625426 ], [ -106.909471887311994, 23.99938816761787 ], [ -106.909282936769884, 23.998821699939487 ], [ -106.908912033864567, 23.998162694321845 ], [ -106.908571123264693, 23.997787724958492 ], [ -106.907351120104622, 23.996696867493604 ], [ -106.906999463045594, 23.996342342925203 ], [ -106.906578389743345, 23.995778758312991 ], [ -106.906328513417961, 23.995328162348432 ], [ -106.905583506348236, 23.993788963604267 ], [ -106.905333936792616, 23.99335867682354 ], [ -106.904968002696435, 23.992949890931083 ], [ -106.904564330650757, 23.992650439283434 ], [ -106.903256783463803, 23.991940922830981 ], [ -106.903012328264197, 23.991782618053705 ], [ -106.902645659598491, 23.991407953208196 ], [ -106.902460435056412, 23.991091981423398 ], [ -106.901962726715723, 23.989992110502225 ], [ -106.901810965742882, 23.989696037720755 ], [ -106.901604925025836, 23.989420225528686 ], [ -106.90145147691814, 23.989307736972286 ], [ -106.900966777973693, 23.989092537688915 ], [ -106.900828559857928, 23.988965588671558 ], [ -106.900668240612632, 23.98858836005493 ], [ -106.90057743157584, 23.988176411076285 ], [ -106.900313979341476, 23.986631210580303 ], [ -106.900189118426027, 23.986158737676909 ], [ -106.899869883851693, 23.985499064756894 ], [ -106.899538696604935, 23.985029147173123 ], [ -106.898312406619993, 23.983495864687519 ] ] ] ] } },
{ "type": "Feature", "properties": { "fid": 28.0, "cat": 30, "VULNERABIL": 4.0, "CLAVE_ACUI": "2506", "NOM_ACUIF": "RIO ELOTA" }, "geometry": { "type": "MultiPolygon", "coordinates": [ [ [ [ -106.972659558551186, 23.988769295528595 ], [ -106.973716671015794, 23.988735376948473 ], [ -106.977568087665688, 23.988685751276069 ], [ -106.978580982947634, 23.988652369496947 ], [ -106.979456416190175, 23.988546269208282 ], [ -106.979694140324824, 23.988428084517743 ], [ -106.979928086557891, 23.987982659063288 ], [ -106.980044536135125, 23.987886354330627 ], [ -106.980354022144255, 23.987882357488104 ], [ -106.980679695931968, 23.987972951897699 ], [ -106.981890025437764, 23.988399716894968 ], [ -106.982403759777071, 23.988498033810846 ], [ -106.983590852647254, 23.988530081616279 ], [ -106.984772963292926, 23.988477541090031 ], [ -106.989102369824636, 23.988200236237574 ], [ -106.990296461893038, 23.988208441150288 ], [ -106.991539505285502, 23.988524102753221 ], [ -106.992121193319036, 23.988966848784973 ], [ -106.993592715476268, 23.990717331301084 ], [ -106.994019987712065, 23.991182391312982 ], [ -106.994542380057595, 23.991602198024534 ], [ -106.99486138048718, 23.991736862490146 ], [ -106.995827656393331, 23.991945487353792 ], [ -106.996079399045826, 23.992020081641371 ], [ -106.996257340487361, 23.992139111168722 ], [ -106.996270542994594, 23.992227507892579 ], [ -106.996155301653658, 23.992560809595261 ], [ -106.996186500472888, 23.992672132330053 ], [ -106.996375030256118, 23.992806718696787 ], [ -106.996398245725473, 23.99286123289443 ], [ -106.99665908300716, 23.993047436612098 ], [ -106.996974352268694, 23.993178759216001 ], [ -106.998184775554662, 23.993605388479011 ], [ -106.998539126707428, 23.993761591207601 ], [ -106.998980612099174, 23.994062735407475 ], [ -106.999261148361896, 23.994339599474625 ], [ -107.000119053795373, 23.99532381031608 ], [ -107.000354439074258, 23.995650846567571 ], [ -107.000594991533063, 23.996192808080796 ], [ -107.000703252315304, 23.996640002820016 ], [ -107.000967920222649, 23.998184949712968 ], [ -107.001093943375068, 23.998708090670338 ], [ -107.001417381801573, 23.999604468299641 ], [ -107.001753416136438, 24.000361866078965 ], [ -107.002998167880122, 24.003000003374449 ], [ -107.003290004506198, 24.003757974171318 ], [ -107.003407125370302, 24.004657042448869 ], [ -107.003282600369729, 24.005183455572912 ], [ -107.00258435207796, 24.006740980617412 ], [ -107.002403291455778, 24.007186874926301 ], [ -107.002256599026239, 24.007710191368915 ], [ -107.00222809994203, 24.008011892103934 ], [ -107.002241797674387, 24.008896512416257 ], [ -107.002324474973037, 24.009237388889783 ], [ -107.002696606842264, 24.009943524770904 ], [ -107.003145550159047, 24.010611412490213 ], [ -107.004868524743685, 24.013022071929303 ], [ -107.005361474866817, 24.013674140189938 ], [ -107.005938897410402, 24.014306479175929 ], [ -107.006169977380623, 24.014532320722335 ], [ -107.00647204499603, 24.014783190436827 ], [ -107.006666597019503, 24.014924837962688 ], [ -107.006212823433799, 24.015563932148943 ], [ -107.005565500511764, 24.016664464828338 ], [ -107.004762282076939, 24.017656228167944 ], [ -107.003924412412545, 24.018558358241503 ], [ -107.002870833448171, 24.019607106667344 ], [ -107.001458626904054, 24.020817245293976 ], [ -106.999130673551136, 24.022612028765458 ], [ -106.99742685419514, 24.023986850052527 ], [ -106.994822950984414, 24.02579828772847 ], [ -106.992806906535364, 24.027011228229039 ], [ -106.986002392376321, 24.030860035178769 ], [ -106.984209257496374, 24.031836363572751 ], [ -106.983429576390151, 24.032206689417031 ], [ -106.982737148222242, 24.032504708334546 ], [ -106.982567658639013, 24.032559017470714 ], [ -106.982457560607941, 24.032580226998522 ], [ -106.982338302788918, 24.03259248160246 ], [ -106.982206062530125, 24.032578390687526 ], [ -106.982061846543118, 24.032517414897047 ], [ -106.981945496182462, 24.032420957463557 ], [ -106.981850974445223, 24.032282632970045 ], [ -106.981715991092031, 24.03203173151886 ], [ -106.981553277433292, 24.031757900226712 ], [ -106.981284017933376, 24.031026680723347 ], [ -106.981062077084687, 24.030255912435418 ], [ -106.980295634070004, 24.027390209417909 ], [ -106.980017724682966, 24.026574454934504 ], [ -106.979487238687867, 24.025633306498964 ], [ -106.979007311032433, 24.025104562384112 ], [ -106.977298154186698, 24.023578226409629 ], [ -106.97688566737142, 24.023119704542786 ], [ -106.976669862631695, 24.022506284873295 ], [ -106.9767740539491, 24.022088494014689 ], [ -106.977476075147578, 24.020752221792605 ], [ -106.977635697546077, 24.020343872082236 ], [ -106.977678589083297, 24.019774513818046 ], [ -106.977580241696998, 24.019369494577369 ], [ -106.977078402590806, 24.018048761532665 ], [ -106.976902979982697, 24.017665050789081 ], [ -106.9765861749122, 24.017195134726652 ], [ -106.976309018958659, 24.016907536550093 ], [ -106.975332436121178, 24.016035323933146 ], [ -106.9750998177512, 24.015767463456598 ], [ -106.974990840640046, 24.015389664794419 ], [ -106.975067776349277, 24.015117813235168 ], [ -106.975535782637436, 24.01422697069847 ], [ -106.975545298374158, 24.013884887620861 ], [ -106.975121705489542, 24.013179342202161 ], [ -106.974507062492037, 24.01251350076824 ], [ -106.972062373896392, 24.010111759368939 ], [ -106.971414286947891, 24.00942601958468 ], [ -106.970834518822343, 24.008627668048465 ], [ -106.970654360854994, 24.008172908127399 ], [ -106.97039339118281, 24.006849047750055 ], [ -106.970275044329355, 24.006459514555853 ], [ -106.969983726239349, 24.005965553529453 ], [ -106.969685904966539, 24.005649427664256 ], [ -106.968587399142848, 24.004668129581127 ], [ -106.968257193373631, 24.004403202938853 ], [ -106.967814729857736, 24.004148181355724 ], [ -106.967512844111113, 24.004048791605481 ], [ -106.966546508078423, 24.003839991375887 ], [ -106.966205083936515, 24.003685241202874 ], [ -106.965808658034121, 24.003360649843 ], [ -106.96557810867975, 24.003171876012164 ], [ -106.965023857482237, 24.002593246022172 ], [ -106.963169336071701, 24.000523478940561 ], [ -106.963064364962037, 24.000406321510898 ], [ -106.96251558719834, 23.999822532292683 ], [ -106.961914079043638, 23.999285123653863 ], [ -106.961603555914039, 23.999101187637848 ], [ -106.960755955473942, 23.99878022683362 ], [ -106.960551404540155, 23.998663086382191 ], [ -106.96049571724825, 23.998631195780497 ], [ -106.960128871561608, 23.998256680730051 ], [ -106.959865045412855, 23.997870690205168 ], [ -106.959000713193404, 23.996443912904073 ], [ -106.958720236638896, 23.996053054074007 ], [ -106.958275667838294, 23.995655826461626 ], [ -106.957921045406962, 23.995479217065448 ], [ -106.956710712345895, 23.995052262265066 ], [ -106.956373058099302, 23.994900825840645 ], [ -106.956007667817317, 23.994621082862942 ], [ -106.955823335929537, 23.994372886906628 ], [ -106.955328514072832, 23.993494381393457 ], [ -106.955155392332784, 23.993256198818582 ], [ -106.954842309125723, 23.993023186503919 ], [ -106.954568168897339, 23.992928494110895 ], [ -106.953601931991344, 23.992719605202939 ], [ -106.953311289323565, 23.992630199438121 ], [ -106.952921192884887, 23.992421864613295 ], [ -106.952654555337674, 23.992213649245254 ], [ -106.951800348600159, 23.99145030967798 ], [ -106.951566339477864, 23.991206126043213 ], [ -106.951328498408373, 23.9908299450226 ], [ -106.951222734262529, 23.990536727460498 ], [ -106.950967011159918, 23.989544559660658 ], [ -106.950855875469415, 23.989261567422165 ], [ -106.95059296346281, 23.98893310492765 ], [ -106.950430068660054, 23.988818386748903 ], [ -106.950787242706184, 23.988905239831482 ], [ -106.952931125346879, 23.989091253037049 ], [ -106.955160614167994, 23.989192236998303 ], [ -106.955352088476786, 23.989200908238793 ], [ -106.964506033952475, 23.989526303935488 ], [ -106.966942886456792, 23.98958986344482 ], [ -106.966974204156458, 23.989589461678921 ], [ -106.969160914778712, 23.989561393170838 ], [ -106.969892673438551, 23.989457192008402 ], [ -106.97108951545323, 23.988999404289288 ], [ -106.971577788582309, 23.988878010653377 ], [ -106.972659558551186, 23.988769295528595 ] ] ] ] } },
{ "type": "Feature", "properties": { "fid": 29.0, "cat": 31, "VULNERABIL": 3.0, "CLAVE_ACUI": "2506", "NOM_ACUIF": "RIO ELOTA" }, "geometry": { "type": "MultiPolygon", "coordinates": [ ] } },
{ "type": "Feature", "properties": { "fid": 34.0, "cat": 36, "VULNERABIL": 3.0, "CLAVE_ACUI": "2506", "NOM_ACUIF": "RIO ELOTA" }, "geometry": { "type": "MultiPolygon", "coordinates": [ [ [ [ -107.059819737971338, 23.996333276839529 ], [ -107.060620831646062, 23.995726630316252 ], [ -107.060996981460264, 23.995511664101851 ], [ -107.061394379879559, 23.995375986120646 ], [ -107.061798843296799, 23.995263350738636 ], [ -107.062533764318843, 23.99512192661831 ], [ -107.064043334675674, 23.99621929324573 ], [ -107.064888542820839, 23.996833708604058 ], [ -107.066039819616066, 23.99767061741608 ], [ -107.069114622033467, 24.000274078954575 ], [ -107.069927594933546, 24.000869288118395 ], [ -107.071792666462144, 24.00223477971706 ], [ -107.07689700036299, 24.006678785852305 ], [ -107.079791561156256, 24.008829186276852 ], [ -107.082536313270651, 24.010868292218532 ], [ -107.086391468852867, 24.013959749670423 ], [ -107.094819332675357, 24.020764175347328 ], [ -107.093302084397592, 24.023016964530697 ], [ -107.093106076524577, 24.022843156650854 ], [ -107.092235777162742, 24.021835117723022 ], [ -107.09085700278284, 24.020391822373917 ], [ -107.088690767859305, 24.018841222202109 ], [ -107.087879814269385, 24.018508823960151 ], [ -107.086780330993705, 24.018578465691068 ], [ -107.085735513439886, 24.018365989608728 ], [ -107.084804351742051, 24.017927372462989 ], [ -107.083134663976551, 24.017336717085463 ], [ -107.081469967078917, 24.017069353244239 ], [ -107.079992990504593, 24.016864002924624 ], [ -107.078880282479233, 24.01603965085604 ], [ -107.078511481597701, 24.015894941925303 ], [ -107.077762689044533, 24.015603613156223 ], [ -107.076159819277152, 24.014884743197939 ], [ -107.07507855677963, 24.0142352715764 ], [ -107.074791490634325, 24.014062944880546 ], [ -107.074626882905307, 24.013991081679304 ], [ -107.073129422425154, 24.013345956517867 ], [ -107.072255072078661, 24.012743130363546 ], [ -107.0718081786505, 24.011783739305418 ], [ -107.071300669419315, 24.010725289593811 ], [ -107.071036521452143, 24.009601100819211 ], [ -107.070560757286785, 24.007853823890436 ], [ -107.070453082661189, 24.00746118892145 ], [ -107.07043970274529, 24.007434381039857 ], [ -107.070300751310114, 24.007160793483184 ], [ -107.070196397253184, 24.006951918565704 ], [ -107.069652527933783, 24.005878746263857 ], [ -107.069631224588861, 24.005838574128173 ], [ -107.069221744350216, 24.005081130062571 ], [ -107.069163290885371, 24.004974057251669 ], [ -107.068978426866025, 24.004630445566658 ], [ -107.068933266454025, 24.004547913512294 ], [ -107.067748747251855, 24.003553283776377 ], [ -107.067674900556455, 24.003269649256104 ], [ -107.067424568947814, 24.00231185032337 ], [ -107.067083611744422, 24.001989159991233 ], [ -107.066597766814169, 24.001528132675134 ], [ -107.065217858717062, 24.000786076165202 ], [ -107.063364262068802, 23.999576904182881 ], [ -107.061630767130779, 23.998697527674629 ], [ -107.060257878366343, 23.997587467663376 ], [ -107.059271828238195, 23.996706724532462 ], [ -107.059819737971338, 23.996333276839529 ] ] ] ] } },
{ "type": "Feature", "properties": { "fid": 52.0, "cat": 38, "VULNERABIL": 4.0, "CLAVE_ACUI": "2506", "NOM_ACUIF": "RIO ELOTA" }, "geometry": { "type": "MultiPolygon", "coordinates": [ [ [ [ -107.028806702325028, 23.96681094823143 ], [ -107.030273232636858, 23.968107464120358 ], [ -107.035459675363768, 23.972692644084361 ], [ -107.03848869980142, 23.97524270169766 ], [ -107.043021692176254, 23.979151207631542 ], [ -107.046170084027949, 23.981782521234511 ], [ -107.048491348663859, 23.983722551415067 ], [ -107.051230436545524, 23.985908313894257 ], [ -107.054577942545521, 23.988820302152551 ], [ -107.05558704562587, 23.989650434268118 ], [ -107.058196422294188, 23.991611134646828 ], [ -107.061065221498282, 23.994054384535957 ], [ -107.062533764318843, 23.99512192661831 ], [ -107.061798843296799, 23.995263350738636 ], [ -107.061394379879559, 23.995375986120646 ], [ -107.060996981460264, 23.995511664101851 ], [ -107.060620831646062, 23.995726630316252 ], [ -107.059819737971338, 23.996333276839529 ], [ -107.059271828238195, 23.996706724532462 ], [ -107.058764039184055, 23.996253158182995 ], [ -107.056767855233304, 23.994249471934666 ], [ -107.054162976688005, 23.992252857482747 ], [ -107.051439954175294, 23.99081727720688 ], [ -107.050499343107262, 23.990122260236696 ], [ -107.049203893133452, 23.989159435255026 ], [ -107.048148897225943, 23.988217248880218 ], [ -107.046086282164993, 23.98637559828915 ], [ -107.043735478217357, 23.984944958099017 ], [ -107.04225523327068, 23.984512372862724 ], [ -107.041005440919918, 23.983057703551928 ], [ -107.039257376807811, 23.98116728348047 ], [ -107.03799232275982, 23.980252198219596 ], [ -107.036644813061756, 23.979279592357535 ], [ -107.034038910719801, 23.977174863489175 ], [ -107.031912565194048, 23.974945774518925 ], [ -107.030298786699873, 23.973495870565568 ], [ -107.028064895755151, 23.97194549091293 ], [ -107.025964746012448, 23.971413423314146 ], [ -107.024737597919028, 23.971428844343379 ], [ -107.024537576920878, 23.971340216765164 ], [ -107.024913484848227, 23.97098473087598 ], [ -107.025312788484896, 23.970483455670902 ], [ -107.025634301326093, 23.96960231614991 ], [ -107.025694304016852, 23.968844821305002 ], [ -107.025652809789634, 23.966190984573643 ], [ -107.025655726107729, 23.965835028330449 ], [ -107.025657887212049, 23.965571251008505 ], [ -107.025693313911304, 23.965216485420378 ], [ -107.02576417554657, 23.964909503003522 ], [ -107.02587201741899, 23.964634815252811 ], [ -107.026015972147775, 23.964327132323799 ], [ -107.027036804205125, 23.965236842967986 ], [ -107.028806702325028, 23.96681094823143 ] ] ], [ [ [ -107.053856939044778, 23.999458100883224 ], [ -107.052570771055656, 24.000187180222685 ], [ -107.052568358556357, 24.00017071256649 ], [ -107.052670283789283, 23.999149356305455 ], [ -107.053397248991757, 23.998580051632004 ], [ -107.054704042207447, 23.999074766450072 ], [ -107.053856939044778, 23.999458100883224 ] ] ], [ [ [ -107.044157926454503, 24.000145832609732 ], [ -107.043580953187231, 24.000307360813359 ], [ -107.043090702524495, 24.000312881347316 ], [ -107.042681916371322, 24.000543916743876 ], [ -107.042780493639356, 24.001219470438667 ], [ -107.042427391995815, 24.001517951606434 ], [ -107.042065256875972, 24.001968808845682 ], [ -107.041267187854629, 24.00187183766235 ], [ -107.041043667075613, 24.002036770641187 ], [ -107.040957151093906, 24.002100834983171 ], [ -107.040601785897692, 24.002664969124258 ], [ -107.039979516794148, 24.002447719110961 ], [ -107.039183959943173, 24.002449399776534 ], [ -107.039070876430685, 24.002757200139026 ], [ -107.039821911746799, 24.003632015405877 ], [ -107.03989366534924, 24.004479811620236 ], [ -107.038891250279065, 24.005020428819947 ], [ -107.038762949072662, 24.005090371625048 ], [ -107.039052594037869, 24.006015168773033 ], [ -107.039872248565473, 24.006907077561198 ], [ -107.040459470926535, 24.007336839641084 ], [ -107.040263035347806, 24.007478589446766 ], [ -107.037120300371214, 24.009416372821907 ], [ -107.032873509263183, 24.011958282593181 ], [ -107.027794087362096, 24.015071953136868 ], [ -107.022537965805597, 24.018127329134572 ], [ -107.019208193182976, 24.019997864185729 ], [ -107.015490849019656, 24.022120556366914 ], [ -107.012341089938516, 24.023655061526661 ], [ -107.011666684247857, 24.024064048211056 ], [ -107.01155888487574, 24.023724586516664 ], [ -107.011058407498211, 24.022514566337719 ], [ -107.010927234734226, 24.022138783702175 ], [ -107.01081556706491, 24.021595152952976 ], [ -107.010787214104994, 24.02119432035472 ], [ -107.01076656819383, 24.019867398938416 ], [ -107.010693440966264, 24.019431604155304 ], [ -107.0103728278565, 24.018724816147135 ], [ -107.009987938853428, 24.01815091280324 ], [ -107.008512429102424, 24.016179475054976 ], [ -107.007716064712184, 24.014895523325944 ], [ -107.007992216266032, 24.014679648283519 ], [ -107.008870051426285, 24.013813824555335 ], [ -107.009105831472723, 24.013526944626779 ], [ -107.009446819009838, 24.013050877038726 ], [ -107.01007860649068, 24.012129951920134 ], [ -107.014563299549948, 24.006319883867878 ], [ -107.015837389342877, 24.004593353585843 ], [ -107.017298657622248, 24.002346339493837 ], [ -107.018112107022347, 24.00086285419345 ], [ -107.020446869450595, 23.996186927279979 ], [ -107.021096192446024, 23.994817319966415 ], [ -107.021791689850986, 23.993101761076705 ], [ -107.0221359411413, 23.992020571277372 ], [ -107.023046935400671, 23.988690576950429 ], [ -107.02322199238138, 23.987748738073439 ], [ -107.023127956673548, 23.986683486330872 ], [ -107.022818567176728, 23.98610353639755 ], [ -107.021468805096475, 23.984462346490631 ], [ -107.021028226266239, 23.983975535171588 ], [ -107.020321936754485, 23.983344945446337 ], [ -107.01975353075116, 23.982930913573938 ], [ -107.019392636160077, 23.982689566194779 ], [ -107.021382062314842, 23.983130241745588 ], [ -107.023755491946531, 23.985356166342271 ], [ -107.027675750504983, 23.985954455579641 ], [ -107.027932071919253, 23.977852137049421 ], [ -107.024805467807411, 23.976466877496669 ], [ -107.022516740984216, 23.977138129655177 ], [ -107.020546644615351, 23.976820997080495 ], [ -107.01753342569566, 23.981466192262268 ], [ -107.017256810496391, 23.981301397424495 ], [ -107.016634193150395, 23.98107258668897 ], [ -107.016295204911373, 23.981073658124256 ], [ -107.015335873534127, 23.981307467010506 ], [ -107.015052619965246, 23.981338274641669 ], [ -107.014690103995306, 23.981248237668577 ], [ -107.014455478236982, 23.981088805886852 ], [ -107.013723078218888, 23.980434825963886 ], [ -107.013494218066924, 23.980290552528821 ], [ -107.013158599582709, 23.9802712584274 ], [ -107.012908003930903, 23.980387968857919 ], [ -107.012074171501894, 23.980951909601497 ], [ -107.011814572505997, 23.981200779120577 ], [ -107.011436945436742, 23.981798231499553 ], [ -107.011157075968853, 23.982402865378294 ], [ -107.010228629730975, 23.984627035724888 ], [ -107.009948907042798, 23.985241823033508 ], [ -107.009571996385574, 23.985886662177997 ], [ -107.009313276353737, 23.986193073658434 ], [ -107.008482822926922, 23.986978152826648 ], [ -107.008233575438723, 23.987182867275219 ], [ -107.007900879472544, 23.987353124166408 ], [ -107.00767484754914, 23.987391633876573 ], [ -107.006952728201696, 23.987401087309696 ], [ -107.006720146009883, 23.987373659951896 ], [ -107.006356882456657, 23.987236213688842 ], [ -107.006070517269393, 23.987067289047939 ], [ -107.005097415320918, 23.986416416697661 ], [ -107.004645576530649, 23.986269967184803 ], [ -107.003510091597249, 23.986237407521312 ], [ -107.00233980613416, 23.986337336925704 ], [ -106.998013932980015, 23.986836166122735 ], [ -106.996893294221607, 23.986930328883766 ], [ -106.995989546060216, 23.986870995456297 ], [ -106.995819118348564, 23.986692077340329 ], [ -106.995927536365357, 23.985916462790293 ], [ -106.99590530489732, 23.985669593930837 ], [ -106.995693141389609, 23.985293153604143 ], [ -106.995412283111961, 23.985002250064969 ], [ -106.994313783964884, 23.98402113526053 ], [ -106.993816545178788, 23.983677177699644 ], [ -106.992594593399517, 23.98305315632329 ], [ -106.991346193045302, 23.982505647039901 ], [ -106.986742347916504, 23.980574541773265 ], [ -106.985404484408363, 23.979957039527786 ], [ -106.983764902371206, 23.97900654569851 ], [ -106.982760505164009, 23.97826620400248 ], [ -106.982239329773208, 23.977837915591856 ], [ -106.982702728407901, 23.977793427337389 ], [ -106.983447409486459, 23.978298455959713 ], [ -106.984910637243672, 23.977602345417953 ], [ -106.986929943052829, 23.977287268571736 ], [ -106.988576326951573, 23.976363025234125 ], [ -106.988951435880921, 23.976475539132416 ], [ -106.990119252288267, 23.977020191976834 ], [ -106.990917040646877, 23.97650421136915 ], [ -106.992259436909364, 23.976261054288454 ], [ -106.992456505685411, 23.976935672668109 ], [ -106.992954645587716, 23.977380652686257 ], [ -106.994000288693513, 23.977646961935928 ], [ -106.994806455427621, 23.978313656227307 ], [ -106.995416324273634, 23.977718835596246 ], [ -106.995523361598089, 23.977013178491621 ], [ -106.994655615554123, 23.976175736803203 ], [ -106.993713973037316, 23.975005175569546 ], [ -106.992289774456253, 23.974400676812092 ], [ -106.991911582381675, 23.973448509416556 ], [ -106.993132589108455, 23.972981196533269 ], [ -106.994116614189963, 23.973076755840534 ], [ -106.994717057131709, 23.972509148427857 ], [ -106.994835868671061, 23.9681014311189 ], [ -106.995511027427654, 23.96792109894265 ], [ -106.995641976074964, 23.96876812544679 ], [ -106.995796657149242, 23.970517746739485 ], [ -106.996101181735696, 23.970513784578593 ], [ -106.996666873793245, 23.971517674579747 ], [ -106.997854241176228, 23.972694046891274 ], [ -106.999086500404957, 23.972957892353573 ], [ -106.999995974945321, 23.972043134971901 ], [ -107.000730922097617, 23.971916173736602 ], [ -107.001591699520404, 23.972302221064609 ], [ -107.00161443707691, 23.973773653578942 ], [ -107.001574607115884, 23.975011148007166 ], [ -107.001470672981981, 23.975915405416035 ], [ -107.00209646235065, 23.975717628897385 ], [ -107.002810383849692, 23.975500641120195 ], [ -107.002979583941809, 23.974369805838087 ], [ -107.003636467683918, 23.973006875763804 ], [ -107.003550249746652, 23.97187937605954 ], [ -107.002385921369182, 23.971560505631363 ], [ -107.001141399555763, 23.970502292749678 ], [ -106.999725165503406, 23.970412412483878 ], [ -106.999272877524206, 23.969118127953156 ], [ -107.000194450708037, 23.968988737865505 ], [ -107.001182908948749, 23.969373123962235 ], [ -107.001225255009615, 23.968298118260392 ], [ -107.00159504902156, 23.96806756857433 ], [ -107.003452079175162, 23.969343506646471 ], [ -107.003657987800025, 23.970586820720978 ], [ -107.004828640348236, 23.970679874064416 ], [ -107.005986115730792, 23.970556394686852 ], [ -107.006090194952421, 23.969029132612569 ], [ -107.005150188099208, 23.96796697014339 ], [ -107.003781802666339, 23.966522148908815 ], [ -107.003380613625609, 23.964721585142065 ], [ -107.002443312082093, 23.963830918738982 ], [ -107.000948003721689, 23.962432868986575 ], [ -107.000185245576986, 23.960754384905222 ], [ -107.000271981227243, 23.95809871868423 ], [ -106.999562068556187, 23.956022262361678 ], [ -106.998324684728317, 23.955415374738426 ], [ -106.997819662573775, 23.954519044791791 ], [ -106.995117735052702, 23.95450001666325 ], [ -106.994466948380506, 23.95626011221372 ], [ -106.993114352677438, 23.955826230744364 ], [ -106.992945077124261, 23.956957061830927 ], [ -106.992020803512972, 23.956905858056587 ], [ -106.990587649401832, 23.9550644645315 ], [ -106.988063332693855, 23.955097183393313 ], [ -106.988075515172937, 23.955891584807969 ], [ -106.988785247010412, 23.957968106543188 ], [ -106.989971443562283, 23.959081363870244 ], [ -106.990016489906012, 23.962015227341446 ], [ -106.989678705884003, 23.964331049048141 ], [ -106.98894457090627, 23.968349473168818 ], [ -106.988336360417307, 23.968411531448741 ], [ -106.987354034087119, 23.968424259696206 ], [ -106.987118005919399, 23.96905032298092 ], [ -106.986968607414511, 23.971481078031641 ], [ -106.98530746637482, 23.971439381898968 ], [ -106.983575496517233, 23.970622082486113 ], [ -106.981793030755739, 23.970356189069783 ], [ -106.979940289065027, 23.969991861473407 ], [ -106.978332488327979, 23.968938140554176 ], [ -106.976409541594947, 23.967834286750783 ], [ -106.976199954301634, 23.967848554904435 ], [ -106.9764078797552, 23.966593959983602 ], [ -106.976562683826444, 23.966114573215094 ], [ -106.977064668666031, 23.965207492908107 ], [ -106.977626980838195, 23.964391049332331 ], [ -106.979749067435719, 23.961488045728913 ], [ -106.980431819546581, 23.960598938504496 ], [ -106.981495953327169, 23.959352785944368 ], [ -106.982333390405415, 23.958461674042567 ], [ -106.985177231500899, 23.95554928063563 ], [ -106.985927306542109, 23.954730382063541 ], [ -106.986583887243427, 23.953821274935532 ], [ -106.986771791512055, 23.953341451553985 ], [ -106.986992100708491, 23.95201138415808 ], [ -106.98699884479268, 23.95161008493087 ], [ -106.986810011160514, 23.951067422516054 ], [ -106.986533506092798, 23.950693489209261 ], [ -106.985431994249922, 23.949491124025432 ], [ -106.985028191560801, 23.949103597902162 ], [ -106.984245282681542, 23.948497510824645 ], [ -106.983530646435867, 23.948019196171646 ], [ -106.980978619616508, 23.946393122421785 ], [ -106.980257473796371, 23.945848852689895 ], [ -106.979444122680619, 23.944935026410029 ], [ -106.979003337872541, 23.944173831852176 ], [ -106.978341778236896, 23.942770304992916 ], [ -106.978365986113715, 23.942807442910855 ], [ -106.979737417124056, 23.944487241381555 ], [ -106.980670011711339, 23.945089193260817 ], [ -106.981399731743906, 23.944628321536875 ], [ -106.980276119613166, 23.943739905994825 ], [ -106.978959487114054, 23.94178853198855 ], [ -106.977577776489767, 23.939431671097189 ], [ -106.977864203282863, 23.938245165118595 ], [ -106.977279832907328, 23.935995405392703 ], [ -106.978006903039372, 23.935363031853687 ], [ -106.979538949976359, 23.935343291947223 ], [ -106.979336932629977, 23.934334632532508 ], [ -106.97912872385271, 23.932919741123087 ], [ -106.979188106600873, 23.932304994472517 ], [ -106.980342526697868, 23.932001181807205 ], [ -106.981394289985786, 23.932050821183907 ], [ -106.982265912959122, 23.933168215349191 ], [ -106.984365435092187, 23.933646734095131 ], [ -106.986353745481324, 23.935201125762529 ], [ -106.987975825651787, 23.937211685290471 ], [ -106.989915692033904, 23.939443834008166 ], [ -106.990464977314758, 23.939031674425536 ], [ -106.991262088557349, 23.939706405727481 ], [ -106.992256980410232, 23.940445138659666 ], [ -106.995907133089133, 23.943052163974347 ], [ -106.996941608367862, 23.94384621367665 ], [ -106.998118931616261, 23.944944806382455 ], [ -106.998766342771091, 23.945720178717664 ], [ -107.00061030425961, 23.948239979807802 ], [ -107.001190196016054, 23.948934962156638 ], [ -107.00205235704891, 23.949658425473785 ], [ -107.002704121290122, 23.949996961855899 ], [ -107.004883537191247, 23.950853318343498 ], [ -107.005523321890109, 23.951131055307236 ], [ -107.006329554827659, 23.95157082185726 ], [ -107.00684153157907, 23.951921323631371 ], [ -107.008424537778396, 23.953117223630574 ], [ -107.008781354825331, 23.953439276831801 ], [ -107.008810777496393, 23.953549277273176 ], [ -107.008632599830818, 23.953470153890429 ], [ -107.007619888227012, 23.953796404944171 ], [ -107.007527169925723, 23.953826600538331 ], [ -107.005178248286654, 23.952386261255846 ], [ -107.003704045554144, 23.952297032668952 ], [ -107.002724341167749, 23.952417903352494 ], [ -107.00173589965857, 23.951979498342727 ], [ -107.000373423881967, 23.95154505035832 ], [ -106.998415101460978, 23.951913828000659 ], [ -106.996696865383115, 23.951935583260436 ], [ -106.995710035656373, 23.951604913272732 ], [ -106.994592094326748, 23.950382904175264 ], [ -106.99383157844629, 23.948813568242262 ], [ -106.993074594074926, 23.947468843135731 ], [ -106.991941363701784, 23.945904536116942 ], [ -106.990206723798835, 23.944798569622876 ], [ -106.98910147072958, 23.944469352233078 ], [ -106.988987265119249, 23.94537302265277 ], [ -106.989381312151181, 23.946722486440947 ], [ -106.990260950919776, 23.948407231425307 ], [ -106.992737706818161, 23.949838049463569 ], [ -106.993986658339026, 23.951293117426175 ], [ -106.993634786918804, 23.95208290327577 ], [ -106.993154148064193, 23.952765553158137 ], [ -106.994883073743395, 23.95342108196208 ], [ -106.996966162281566, 23.953511453621669 ], [ -106.998684418690701, 23.953489695431646 ], [ -107.001022672324439, 23.953567352931998 ], [ -107.002251593802853, 23.953668958564407 ], [ -107.003997174629134, 23.955452033491245 ], [ -107.00610336937828, 23.957004544964086 ], [ -107.006976938919678, 23.957670177202427 ], [ -107.007229742781135, 23.958118382528703 ], [ -107.008705953789672, 23.958324419474366 ], [ -107.010231084275304, 23.958304766432974 ], [ -107.010553300072431, 23.959015494362916 ], [ -107.010718201074695, 23.959433163089088 ], [ -107.010989280602885, 23.960282812164479 ], [ -107.011211637717182, 23.96107892756611 ], [ -107.011594936915259, 23.962511704609273 ], [ -107.011978245770194, 23.963944479878311 ], [ -107.012278130790236, 23.964749733288016 ], [ -107.012899430843106, 23.965625765063496 ], [ -107.013070522200394, 23.965714424977715 ], [ -107.014324153422564, 23.966218336592348 ], [ -107.014349607364124, 23.966483096014038 ], [ -107.013748152144316, 23.966941532254829 ], [ -107.012760277639245, 23.966620079081277 ], [ -107.012141811984065, 23.966628463565819 ], [ -107.012537759349456, 23.968085632513716 ], [ -107.014032763760795, 23.969537233919915 ], [ -107.015023023500902, 23.97008446497744 ], [ -107.016009281370074, 23.970296997868878 ], [ -107.017837835443402, 23.969822062202297 ], [ -107.01799692264467, 23.969893219684998 ], [ -107.018823322618744, 23.970851696646253 ], [ -107.019516802633618, 23.971611123530032 ], [ -107.020301488964577, 23.972311788724308 ], [ -107.020728983723586, 23.972553314196791 ], [ -107.021068333238503, 23.972672886737133 ], [ -107.021203740846886, 23.972828907885322 ], [ -107.02270937175588, 23.974948594699693 ], [ -107.02407379842019, 23.976176146699217 ], [ -107.025799525677485, 23.976604451176591 ], [ -107.028015429468212, 23.977027264577572 ], [ -107.02998328254489, 23.977227587547038 ], [ -107.030867925405062, 23.978569186777548 ], [ -107.031752856549062, 23.980471453590955 ], [ -107.032649140995389, 23.982607157846786 ], [ -107.035007815192657, 23.984607468695383 ], [ -107.037737022591301, 23.986376813030613 ], [ -107.039614270142849, 23.988382277848494 ], [ -107.041364447875267, 23.990390663077541 ], [ -107.043097700259608, 23.991270265179399 ], [ -107.043655538294075, 23.99180850050989 ], [ -107.044712272172845, 23.992828973772166 ], [ -107.047811010802064, 23.994367231729811 ], [ -107.050296509501763, 23.996247477174951 ], [ -107.050413644604475, 23.996403744733954 ], [ -107.051550184603215, 23.997927810354007 ], [ -107.051201609148137, 23.999512101333202 ], [ -107.051312052322771, 24.00092675412046 ], [ -107.049294416308229, 24.002127728845654 ], [ -107.048630546074278, 24.001519658556486 ], [ -107.047855909378285, 24.00099975524812 ], [ -107.047192330517476, 24.000638583134165 ], [ -107.046280568221491, 24.000118536913689 ], [ -107.045048277476823, 23.999908411946301 ], [ -107.044157926454503, 24.000145832609732 ] ] ], [ [ [ -107.042668549270672, 24.005889140389073 ], [ -107.042129350626425, 24.005896326813598 ], [ -107.042066710223509, 24.005897161560135 ], [ -107.041888481837404, 24.005930007404917 ], [ -107.041658588253597, 24.006075268085869 ], [ -107.041508396985776, 24.006249937565727 ], [ -107.041132186745926, 24.006784988109729 ], [ -107.040779634628137, 24.00649889049863 ], [ -107.041000334827118, 24.004861984347105 ], [ -107.041962284463125, 24.003549732180392 ], [ -107.043428167392761, 24.003079342777237 ], [ -107.043605126010519, 24.002892066427346 ], [ -107.044394905729519, 24.002056339684 ], [ -107.04531813198966, 24.002098202473249 ], [ -107.046186969057302, 24.002366532418176 ], [ -107.046931440811235, 24.002807964074222 ], [ -107.047646551425743, 24.003108566472246 ], [ -107.04614727177497, 24.004000936208595 ], [ -107.044576139350283, 24.004978352527427 ], [ -107.04407393752625, 24.005356617714778 ], [ -107.043876914539482, 24.005470135596809 ], [ -107.043159951436266, 24.005811490585216 ], [ -107.042851557418416, 24.005886700830324 ], [ -107.042668549270672, 24.005889140389073 ] ] ], [ [ [ -106.968337661486913, 23.933267627105099 ], [ -106.967894501319478, 23.932464102154686 ], [ -106.966407275882986, 23.929607483757461 ], [ -106.965874833566232, 23.928744149922903 ], [ -106.964877297282015, 23.9275718842913 ], [ -106.963984690966711, 23.926760549879447 ], [ -106.960816796886803, 23.924146547761396 ], [ -106.95990229725578, 23.923345623519076 ], [ -106.958802461134255, 23.922222018782342 ], [ -106.958145763803969, 23.92141779581701 ], [ -106.956181050389617, 23.918788346758394 ], [ -106.955597035902258, 23.918039051442278 ], [ -106.954836304990224, 23.917171805197896 ], [ -106.954333558399625, 23.916682177993099 ], [ -106.952748153274754, 23.91526448857546 ], [ -106.952241195957541, 23.914861245439415 ], [ -106.951460782563984, 23.914397142362219 ], [ -106.950852862899879, 23.91413738052886 ], [ -106.948796327890804, 23.913389246668107 ], [ -106.948271650304875, 23.913153812223491 ], [ -106.9478796778846, 23.912803269001081 ], [ -106.947844393498798, 23.912537929025408 ], [ -106.948071702548546, 23.911650219587052 ], [ -106.948163532256402, 23.911388347264019 ], [ -106.948364762862454, 23.911053985874545 ], [ -106.948560405187365, 23.910838198922342 ], [ -106.949272168229911, 23.910165552916609 ], [ -106.949344161326778, 23.909809128545586 ], [ -106.948968374329397, 23.908818461708893 ], [ -106.948359551784748, 23.907759645047445 ], [ -106.945894257940424, 23.903809137243275 ], [ -106.945257947014397, 23.902755731794194 ], [ -106.944753699866666, 23.901790377205295 ], [ -106.944669648974923, 23.901464707519896 ], [ -106.944781653346126, 23.900910271577057 ], [ -106.94485482879422, 23.900755290624605 ], [ -106.945084309953941, 23.900586481970755 ], [ -106.945338964561728, 23.90050030738503 ], [ -106.946297869589202, 23.900266964657277 ], [ -106.94663650710433, 23.900255906071539 ], [ -106.947257913781911, 23.900437643970957 ], [ -106.947807002043618, 23.900708326957091 ], [ -106.949748025204627, 23.901789761678028 ], [ -106.95031952063816, 23.902080465856429 ], [ -106.951045459000525, 23.902355664671472 ], [ -106.951511016829556, 23.902458102373412 ], [ -106.95295768205736, 23.902660939925834 ], [ -106.953407207340405, 23.902799126499598 ], [ -106.954058327276456, 23.903241166210925 ], [ -106.954538975721618, 23.903734464606689 ], [ -106.956130907389834, 23.905594473869055 ], [ -106.956735375516701, 23.906238550413807 ], [ -106.957964280124997, 23.907384236843676 ], [ -106.95911539975117, 23.908376849187302 ], [ -106.963258507795629, 23.911863283070762 ], [ -106.964449676429822, 23.91294167702954 ], [ -106.96479717707571, 23.913321236578906 ], [ -106.963789441114983, 23.913026655562255 ], [ -106.961869242335069, 23.912039906920029 ], [ -106.96138169222499, 23.912271860419725 ], [ -106.961638213580684, 23.912999953608846 ], [ -106.9626321385945, 23.913781835247622 ], [ -106.962155629636868, 23.914745017264227 ], [ -106.961183916877403, 23.915434612824857 ], [ -106.961083939894536, 23.916618716837419 ], [ -106.960720202502245, 23.917246374742756 ], [ -106.958229515863977, 23.91490344685403 ], [ -106.957381214624945, 23.915311540476896 ], [ -106.956219500807848, 23.915777795115435 ], [ -106.957096400389432, 23.916615378081278 ], [ -106.95801043250971, 23.916657909754285 ], [ -106.958998375763201, 23.917042604433313 ], [ -106.960557078498269, 23.918151378333363 ], [ -106.962423221851168, 23.920104954733219 ], [ -106.964596692534968, 23.921594086200088 ], [ -106.965449380124198, 23.921474830333498 ], [ -106.966540155111204, 23.920214843755382 ], [ -106.967853858887381, 23.91811228034749 ], [ -106.968076171737238, 23.917707501234382 ], [ -106.96915910453491, 23.919347147621757 ], [ -106.969310099492333, 23.919564910656142 ], [ -106.969051542771311, 23.920020154979827 ], [ -106.969127572702874, 23.921147829159032 ], [ -106.969534957898006, 23.923399903787825 ], [ -106.969758243124161, 23.925816861891189 ], [ -106.969787419573905, 23.927739702984329 ], [ -106.970482607014176, 23.929536621969607 ], [ -106.970138023765585, 23.930778038902837 ], [ -106.971383687873413, 23.931953906554231 ], [ -106.971881575800026, 23.932398973589066 ], [ -106.973200608249243, 23.934521944329791 ], [ -106.974580739242342, 23.936138482847113 ], [ -106.974714938892291, 23.937211226252128 ], [ -106.974112081447061, 23.937616259896796 ], [ -106.972814050151726, 23.93760755751952 ], [ -106.972681494255312, 23.937528769927397 ], [ -106.97186700648912, 23.937017819594438 ], [ -106.970980389769153, 23.93636558737979 ], [ -106.970528279413443, 23.93594478015066 ], [ -106.969305057666091, 23.934633241762533 ], [ -106.968918479822179, 23.934160802051448 ], [ -106.968337661486913, 23.933267627105099 ] ] ] ] } },
{ "type": "Feature", "properties": { "fid": 53.0, "cat": 56, "VULNERABIL": 5.0, "CLAVE_ACUI": "2506", "NOM_ACUIF": "RIO ELOTA" }, "geometry": { "type": "MultiPolygon", "coordinates": [ [ [ [ -107.00205235704891, 23.949658425473785 ], [ -107.001190196016054, 23.948934962156638 ], [ -107.00061030425961, 23.948239979807802 ], [ -106.998766342771091, 23.945720178717664 ], [ -106.998118931616261, 23.944944806382455 ], [ -106.996941608367862, 23.94384621367665 ], [ -106.995907133089133, 23.943052163974347 ], [ -106.992256980410232, 23.940445138659666 ], [ -106.991262088557349, 23.939706405727481 ], [ -106.990464977314758, 23.939031674425536 ], [ -106.99076056594879, 23.938809875852144 ], [ -106.989010751770593, 23.936801003970256 ], [ -106.987251453842305, 23.934169223103162 ], [ -106.979458539992805, 23.926206839051499 ], [ -106.97776882100915, 23.924251218277586 ], [ -106.976159021739917, 23.923025909804359 ], [ -106.974552474347178, 23.92265831169567 ], [ -106.973189041720531, 23.921483977829741 ], [ -106.971561000929754, 23.919699041718108 ], [ -106.97074341376576, 23.918246802467724 ], [ -106.969826398946537, 23.918655845102016 ], [ -106.969310099492333, 23.919564910656142 ], [ -106.96915910453491, 23.919347147621757 ], [ -106.968076171737238, 23.917707501234382 ], [ -106.968962545960991, 23.916093597157154 ], [ -106.967393190172658, 23.915580974452421 ], [ -106.966202408041767, 23.914124454451418 ], [ -106.965269151439216, 23.913459201163242 ], [ -106.96479717707571, 23.913321236578906 ], [ -106.964449676429822, 23.91294167702954 ], [ -106.963258507795629, 23.911863283070762 ], [ -106.95911539975117, 23.908376849187302 ], [ -106.957964280124997, 23.907384236843676 ], [ -106.956735375516701, 23.906238550413807 ], [ -106.956130907389834, 23.905594473869055 ], [ -106.954538975721618, 23.903734464606689 ], [ -106.954058327276456, 23.903241166210925 ], [ -106.953407207340405, 23.902799126499598 ], [ -106.95295768205736, 23.902660939925834 ], [ -106.951511016829556, 23.902458102373412 ], [ -106.951045459000525, 23.902355664671472 ], [ -106.95031952063816, 23.902080465856429 ], [ -106.949748025204627, 23.901789761678028 ], [ -106.947807002043618, 23.900708326957091 ], [ -106.947257913781911, 23.900437643970957 ], [ -106.94663650710433, 23.900255906071539 ], [ -106.946297869589202, 23.900266964657277 ], [ -106.945338964561728, 23.90050030738503 ], [ -106.945084309953941, 23.900586481970755 ], [ -106.94485482879422, 23.900755290624605 ], [ -106.944781653346126, 23.900910271577057 ], [ -106.944669648974923, 23.901464707519896 ], [ -106.944753699866666, 23.901790377205295 ], [ -106.945257947014397, 23.902755731794194 ], [ -106.945894257940424, 23.903809137243275 ], [ -106.948359551784748, 23.907759645047445 ], [ -106.948968374329397, 23.908818461708893 ], [ -106.949344161326778, 23.909809128545586 ], [ -106.949272168229911, 23.910165552916609 ], [ -106.948560405187365, 23.910838198922342 ], [ -106.948364762862454, 23.911053985874545 ], [ -106.948163532256402, 23.911388347264019 ], [ -106.948071702548546, 23.911650219587052 ], [ -106.947844393498798, 23.912537929025408 ], [ -106.9478796778846, 23.912803269001081 ], [ -106.948271650304875, 23.913153812223491 ], [ -106.948796327890804, 23.913389246668107 ], [ -106.950852862899879, 23.91413738052886 ], [ -106.951460782563984, 23.914397142362219 ], [ -106.952241195957541, 23.914861245439415 ], [ -106.952748153274754, 23.91526448857546 ], [ -106.954333558399625, 23.916682177993099 ], [ -106.954836304990224, 23.917171805197896 ], [ -106.955597035902258, 23.918039051442278 ], [ -106.956181050389617, 23.918788346758394 ], [ -106.958145763803969, 23.92141779581701 ], [ -106.958802461134255, 23.922222018782342 ], [ -106.95990229725578, 23.923345623519076 ], [ -106.960816796886803, 23.924146547761396 ], [ -106.963984690966711, 23.926760549879447 ], [ -106.964877297282015, 23.9275718842913 ], [ -106.965874833566232, 23.928744149922903 ], [ -106.966407275882986, 23.929607483757461 ], [ -106.967894501319478, 23.932464102154686 ], [ -106.968337661486913, 23.933267627105099 ], [ -106.968918479822179, 23.934160802051448 ], [ -106.969305057666091, 23.934633241762533 ], [ -106.970528279413443, 23.93594478015066 ], [ -106.970980389769153, 23.93636558737979 ], [ -106.97186700648912, 23.937017819594438 ], [ -106.972681494255312, 23.937528769927397 ], [ -106.972814050151726, 23.93760755751952 ], [ -106.9713417302453, 23.937597673364948 ], [ -106.96999707120689, 23.937669104060035 ], [ -106.968967137059678, 23.938413675833125 ], [ -106.967914635512173, 23.938318817308641 ], [ -106.967536606918941, 23.937357539488858 ], [ -106.966555461142491, 23.937433311296591 ], [ -106.96675738706891, 23.938441993339566 ], [ -106.967438912366632, 23.939336180642208 ], [ -106.968768196116287, 23.939544872807257 ], [ -106.969968162792128, 23.939646862306802 ], [ -106.971704020000516, 23.940753227933509 ], [ -106.972930716489373, 23.940674267223002 ], [ -106.973914626887677, 23.940779001004582 ], [ -106.975156852256234, 23.941720116243701 ], [ -106.97619791147261, 23.94170672086727 ], [ -106.975810952407997, 23.94080878651177 ], [ -106.976730710245562, 23.940571220227106 ], [ -106.977420483247144, 23.941356902917381 ], [ -106.978341778236896, 23.942770304992916 ], [ -106.979003337872541, 23.944173831852176 ], [ -106.979444122680619, 23.944935026410029 ], [ -106.980257473796371, 23.945848852689895 ], [ -106.980978619616508, 23.946393122421785 ], [ -106.983530646435867, 23.948019196171646 ], [ -106.984245282681542, 23.948497510824645 ], [ -106.985028191560801, 23.949103597902162 ], [ -106.985431994249922, 23.949491124025432 ], [ -106.986533506092798, 23.950693489209261 ], [ -106.986810011160514, 23.951067422516054 ], [ -106.98699884479268, 23.95161008493087 ], [ -106.986992100708491, 23.95201138415808 ], [ -106.986771791512055, 23.953341451553985 ], [ -106.986583887243427, 23.953821274935532 ], [ -106.985927306542109, 23.954730382063541 ], [ -106.985177231500899, 23.95554928063563 ], [ -106.982333390405415, 23.958461674042567 ], [ -106.981495953327169, 23.959352785944368 ], [ -106.980431819546581, 23.960598938504496 ], [ -106.979749067435719, 23.961488045728913 ], [ -106.977626980838195, 23.964391049332331 ], [ -106.977064668666031, 23.965207492908107 ], [ -106.976562683826444, 23.966114573215094 ], [ -106.9764078797552, 23.966593959983602 ], [ -106.976199954301634, 23.967848554904435 ], [ -106.974446533616586, 23.967967911901084 ], [ -106.97199413922597, 23.96822518198341 ], [ -106.971081045084105, 23.968914100771997 ], [ -106.969986039888866, 23.969271272688168 ], [ -106.968561177169363, 23.96861237739461 ], [ -106.967094520642902, 23.969082647080835 ], [ -106.965130653438393, 23.969161990424137 ], [ -106.964590806821903, 23.969846091080061 ], [ -106.963804544422459, 23.970479169778653 ], [ -106.963502094220857, 23.97126857779271 ], [ -106.963392830544876, 23.971838813092297 ], [ -106.964445227847946, 23.972556700977648 ], [ -106.965378929563883, 23.973221926932169 ], [ -106.966865378249409, 23.974051613659547 ], [ -106.968101036026354, 23.974541395862179 ], [ -106.968054986850049, 23.97539072540696 ], [ -106.967633843501218, 23.976127488500719 ], [ -106.968430407904393, 23.976171442495101 ], [ -106.968670929933907, 23.975834277638675 ], [ -106.96945115735511, 23.974803969665849 ], [ -106.970432718699001, 23.974737188683338 ], [ -106.971248578265758, 23.975403890060051 ], [ -106.972653394084489, 23.975385829213277 ], [ -106.974440513781786, 23.975308660058939 ], [ -106.9769128752407, 23.976351277551771 ], [ -106.97838467128858, 23.97621492205322 ], [ -106.979247076957094, 23.976709424906741 ], [ -106.979567211539347, 23.977725580625261 ], [ -106.980673045136783, 23.977431401951858 ], [ -106.981289866449586, 23.977929063700149 ], [ -106.982239329773208, 23.977837915591856 ], [ -106.982760505164009, 23.97826620400248 ], [ -106.983764902371206, 23.97900654569851 ], [ -106.985404484408363, 23.979957039527786 ], [ -106.986742347916504, 23.980574541773265 ], [ -106.991346193045302, 23.982505647039901 ], [ -106.992594593399517, 23.98305315632329 ], [ -106.993816545178788, 23.983677177699644 ], [ -106.994313783964884, 23.98402113526053 ], [ -106.995412283111961, 23.985002250064969 ], [ -106.995693141389609, 23.985293153604143 ], [ -106.99590530489732, 23.985669593930837 ], [ -106.995927536365357, 23.985916462790293 ], [ -106.995819118348564, 23.986692077340329 ], [ -106.995989546060216, 23.986870995456297 ], [ -106.996893294221607, 23.986930328883766 ], [ -106.998013932980015, 23.986836166122735 ], [ -107.00233980613416, 23.986337336925704 ], [ -107.003510091597249, 23.986237407521312 ], [ -107.004645576530649, 23.986269967184803 ], [ -107.005097415320918, 23.986416416697661 ], [ -107.006070517269393, 23.987067289047939 ], [ -107.006356882456657, 23.987236213688842 ], [ -107.006720146009883, 23.987373659951896 ], [ -107.006952728201696, 23.987401087309696 ], [ -107.00767484754914, 23.987391633876573 ], [ -107.007900879472544, 23.987353124166408 ], [ -107.008233575438723, 23.987182867275219 ], [ -107.008482822926922, 23.986978152826648 ], [ -107.009313276353737, 23.986193073658434 ], [ -107.009571996385574, 23.985886662177997 ], [ -107.009948907042798, 23.985241823033508 ], [ -107.010228629730975, 23.984627035724888 ], [ -107.011157075968853, 23.982402865378294 ], [ -107.011436945436742, 23.981798231499553 ], [ -107.011814572505997, 23.981200779120577 ], [ -107.012074171501894, 23.980951909601497 ], [ -107.012908003930903, 23.980387968857919 ], [ -107.013158599582709, 23.9802712584274 ], [ -107.013494218066924, 23.980290552528821 ], [ -107.013723078218888, 23.980434825963886 ], [ -107.014455478236982, 23.981088805886852 ], [ -107.014690103995306, 23.981248237668577 ], [ -107.015052619965246, 23.981338274641669 ], [ -107.015335873534127, 23.981307467010506 ], [ -107.016295204911373, 23.981073658124256 ], [ -107.016634193150395, 23.98107258668897 ], [ -107.017256810496391, 23.981301397424495 ], [ -107.01753342569566, 23.981466192262268 ], [ -107.017073139269471, 23.982175740013844 ], [ -107.019392636160077, 23.982689566194779 ], [ -107.01975353075116, 23.982930913573938 ], [ -107.020321936754485, 23.983344945446337 ], [ -107.021028226266239, 23.983975535171588 ], [ -107.021468805096475, 23.984462346490631 ], [ -107.022818567176728, 23.98610353639755 ], [ -107.023127956673548, 23.986683486330872 ], [ -107.02322199238138, 23.987748738073439 ], [ -107.023046935400671, 23.988690576950429 ], [ -107.0221359411413, 23.992020571277372 ], [ -107.021791689850986, 23.993101761076705 ], [ -107.021096192446024, 23.994817319966415 ], [ -107.020446869450595, 23.996186927279979 ], [ -107.018112107022347, 24.00086285419345 ], [ -107.017298657622248, 24.002346339493837 ], [ -107.015837389342877, 24.004593353585843 ], [ -107.014563299549948, 24.006319883867878 ], [ -107.01007860649068, 24.012129951920134 ], [ -107.009446819009838, 24.013050877038726 ], [ -107.009105831472723, 24.013526944626779 ], [ -107.008870051426285, 24.013813824555335 ], [ -107.007992216266032, 24.014679648283519 ], [ -107.007716064712184, 24.014895523325944 ], [ -107.007376280685975, 24.015025800519112 ], [ -107.007036651900108, 24.015036131769858 ], [ -107.006666597019503, 24.014924837962688 ], [ -107.00647204499603, 24.014783190436827 ], [ -107.006169977380623, 24.014532320722335 ], [ -107.005938897410402, 24.014306479175929 ], [ -107.005361474866817, 24.013674140189938 ], [ -107.004868524743685, 24.013022071929303 ], [ -107.003145550159047, 24.010611412490213 ], [ -107.002696606842264, 24.009943524770904 ], [ -107.002324474973037, 24.009237388889783 ], [ -107.002241797674387, 24.008896512416257 ], [ -107.00222809994203, 24.008011892103934 ], [ -107.002256599026239, 24.007710191368915 ], [ -107.002403291455778, 24.007186874926301 ], [ -107.00258435207796, 24.006740980617412 ], [ -107.003282600369729, 24.005183455572912 ], [ -107.003407125370302, 24.004657042448869 ], [ -107.003290004506198, 24.003757974171318 ], [ -107.002998167880122, 24.003000003374449 ], [ -107.001753416136438, 24.000361866078965 ], [ -107.001417381801573, 23.999604468299641 ], [ -107.001093943375068, 23.998708090670338 ], [ -107.000967920222649, 23.998184949712968 ], [ -107.000703252315304, 23.996640002820016 ], [ -107.000594991533063, 23.996192808080796 ], [ -107.000354439074258, 23.995650846567571 ], [ -107.000119053795373, 23.99532381031608 ], [ -106.999261148361896, 23.994339599474625 ], [ -106.998980612099174, 23.994062735407475 ], [ -106.998539126707428, 23.993761591207601 ], [ -106.998184775554662, 23.993605388479011 ], [ -106.996974352268694, 23.993178759216001 ], [ -106.99665908300716, 23.993047436612098 ], [ -106.996398245725473, 23.99286123289443 ], [ -106.996375030256118, 23.992806718696787 ], [ -106.996186500472888, 23.992672132330053 ], [ -106.996155301653658, 23.992560809595261 ], [ -106.996270542994594, 23.992227507892579 ], [ -106.996257340487361, 23.992139111168722 ], [ -106.996079399045826, 23.992020081641371 ], [ -106.995827656393331, 23.991945487353792 ], [ -106.99486138048718, 23.991736862490146 ], [ -106.994542380057595, 23.991602198024534 ], [ -106.994019987712065, 23.991182391312982 ], [ -106.993592715476268, 23.990717331301084 ], [ -106.992121193319036, 23.988966848784973 ], [ -106.991539505285502, 23.988524102753221 ], [ -106.990296461893038, 23.988208441150288 ], [ -106.989102369824636, 23.988200236237574 ], [ -106.984772963292926, 23.988477541090031 ], [ -106.983590852647254, 23.988530081616279 ], [ -106.982403759777071, 23.988498033810846 ], [ -106.981890025437764, 23.988399716894968 ], [ -106.980679695931968, 23.987972951897699 ], [ -106.980354022144255, 23.987882357488104 ], [ -106.980044536135125, 23.987886354330627 ], [ -106.979928086557891, 23.987982659063288 ], [ -106.979694140324824, 23.988428084517743 ], [ -106.979456416190175, 23.988546269208282 ], [ -106.978580982947634, 23.988652369496947 ], [ -106.977568087665688, 23.988685751276069 ], [ -106.973716671015794, 23.988735376948473 ], [ -106.972659558551186, 23.988769295528595 ], [ -106.971577788582309, 23.988878010653377 ], [ -106.97108951545323, 23.988999404289288 ], [ -106.969892673438551, 23.989457192008402 ], [ -106.969160914778712, 23.989561393170838 ], [ -106.966974204156458, 23.989589461678921 ], [ -106.966942886456792, 23.98958986344482 ], [ -106.964506033952475, 23.989526303935488 ], [ -106.955352088476786, 23.989200908238793 ], [ -106.955160614167994, 23.989192236998303 ], [ -106.952931125346879, 23.989091253037049 ], [ -106.950787242706184, 23.988905239831482 ], [ -106.950430068660054, 23.988818386748903 ], [ -106.950145516496107, 23.988749192248481 ], [ -106.94929467867631, 23.988206998685481 ], [ -106.948988782997489, 23.987960338538361 ], [ -106.948412106761012, 23.987351453026491 ], [ -106.947894182585117, 23.986728275515574 ], [ -106.946053916591524, 23.984428984497498 ], [ -106.945513757417558, 23.983795922294284 ], [ -106.944833244213271, 23.983140937262924 ], [ -106.944401238781154, 23.982838307358296 ], [ -106.943065731596761, 23.982081013918414 ], [ -106.942649931907212, 23.981752779789929 ], [ -106.9420450358826, 23.980978319905159 ], [ -106.941596701421318, 23.98020018238255 ], [ -106.940109407576742, 23.977343323673033 ], [ -106.939671998848254, 23.976554883317796 ], [ -106.939118014271074, 23.975732364092874 ], [ -106.938764013520384, 23.975345777574709 ], [ -106.937666000261885, 23.974364222426395 ], [ -106.937352589051969, 23.974104087481802 ], [ -106.936988007347324, 23.97387168446911 ], [ -106.936780586667709, 23.973799815478575 ], [ -106.936177204903871, 23.973696828970237 ], [ -106.93603079938984, 23.973639424982565 ], [ -106.935950955075597, 23.973474527659871 ], [ -106.935983297120288, 23.973296364165684 ], [ -106.936214069544477, 23.972629831732512 ], [ -106.936207045819955, 23.972406456527469 ], [ -106.935943498273943, 23.972030571143446 ], [ -106.935574026971821, 23.971716966370654 ], [ -106.934113388829559, 23.970629353668688 ], [ -106.933753764991621, 23.970234360192897 ], [ -106.933536145608144, 23.9694786791698 ], [ -106.933584882518332, 23.968794129145543 ], [ -106.934029930961742, 23.966355243141972 ], [ -106.93407821055996, 23.965640226279355 ], [ -106.933858477152484, 23.96474236712978 ], [ -106.933496295690091, 23.964174727168057 ], [ -106.932025871401564, 23.962423589864581 ], [ -106.931642510780009, 23.961917156133378 ], [ -106.931323896183429, 23.96130494581152 ], [ -106.931252090893665, 23.960936794308093 ], [ -106.931235612811818, 23.959830964724315 ], [ -106.931209072033525, 23.959533345867545 ], [ -106.931101692854782, 23.959250287486391 ], [ -106.930974834835524, 23.95914353714527 ], [ -106.93049021053767, 23.958928426342055 ], [ -106.930352151148341, 23.958811658848088 ], [ -106.93019249789738, 23.95848185553449 ], [ -106.930102481481242, 23.958127475473411 ], [ -106.929842061432822, 23.956803504703334 ], [ -106.929684987230402, 23.95639917988083 ], [ -106.929212393039322, 23.955836301017978 ], [ -106.928694334463273, 23.955436511708726 ], [ -106.926749342645209, 23.954133691578349 ], [ -106.926254002842811, 23.95377423807119 ], [ -106.92588738699537, 23.953399624492764 ], [ -106.925858987655971, 23.953223917255272 ], [ -106.926093071033065, 23.952778564180786 ], [ -106.926126278733861, 23.952657950282319 ], [ -106.926047165640341, 23.952540438635186 ], [ -106.925900939363117, 23.952493178631823 ], [ -106.925297663550197, 23.952390142149664 ], [ -106.925078931483299, 23.952298081873117 ], [ -106.92466145843656, 23.951971504430418 ], [ -106.924283802053523, 23.951597024862696 ], [ -106.922938895464938, 23.950176023317582 ], [ -106.922554594959635, 23.949725440638957 ], [ -106.922106084077839, 23.949043730454136 ], [ -106.92184965430998, 23.948520441919293 ], [ -106.921101503239953, 23.946760136722514 ], [ -106.920845383444757, 23.946257157133214 ], [ -106.92039829805789, 23.945670226505413 ], [ -106.920015724333851, 23.945334733336999 ], [ -106.918677475228364, 23.944356022213423 ], [ -106.918262661731802, 23.944081872368514 ], [ -106.91766510405499, 23.943781223960723 ], [ -106.917226263096452, 23.943625876009982 ], [ -106.915775899893205, 23.94320156013848 ], [ -106.915381561440697, 23.943065966576746 ], [ -106.914991674061795, 23.94285752054261 ], [ -106.914829030246878, 23.942695334792106 ], [ -106.914459914386285, 23.942146913961654 ], [ -106.914312627093452, 23.941527445373982 ], [ -106.914291688461688, 23.941373317435211 ], [ -106.913994409176169, 23.939185012223977 ], [ -106.913815515217337, 23.93759757430951 ], [ -106.913679673433094, 23.935953745481417 ], [ -106.912568873822067, 23.925902537229788 ], [ -106.912277408845284, 23.923119596959289 ], [ -106.912117014060456, 23.921232278811654 ], [ -106.912027285661026, 23.920141452732917 ], [ -106.911961238165475, 23.918657570894474 ], [ -106.91190920839982, 23.915123369678447 ], [ -106.911911304842121, 23.914532228896796 ], [ -106.911921916547314, 23.914148396473337 ], [ -106.911955479389519, 23.913589660654822 ], [ -106.911995333557542, 23.913097764880522 ], [ -106.912055246160634, 23.912665249361552 ], [ -106.912097635612639, 23.912411199868654 ], [ -106.913320404445372, 23.911577731280648 ], [ -106.913654117746944, 23.91122991102969 ], [ -106.914260527077943, 23.91039282196412 ], [ -106.914793108650116, 23.90954479995689 ], [ -106.916672032149805, 23.906424443006241 ], [ -106.917122034115479, 23.905597758915292 ], [ -106.917343170884877, 23.904860267821242 ], [ -106.917018747906809, 23.904463088162178 ], [ -106.915806137034679, 23.903814573277312 ], [ -106.915685839289665, 23.903724211385253 ], [ -106.915600876272435, 23.903630908051937 ], [ -106.914984799307319, 23.902643136754673 ], [ -106.914723882160402, 23.902306106199266 ], [ -106.914112387861223, 23.901712771571592 ], [ -106.913523921569137, 23.901222329139166 ], [ -106.911332858528183, 23.899479896642209 ], [ -106.910751101389707, 23.898986016935396 ], [ -106.910227265239143, 23.898423697647537 ], [ -106.910060681990558, 23.89811426601603 ], [ -106.90980712920846, 23.897232571861441 ], [ -106.909690776906686, 23.896958067560316 ], [ -106.909401351048388, 23.896558741676202 ], [ -106.909104238545879, 23.896262779967429 ], [ -106.908007148329659, 23.895280946156049 ], [ -106.907699592407255, 23.895025741557895 ], [ -106.907361412246445, 23.89481662554655 ], [ -106.907185852721881, 23.894773093403757 ], [ -106.906889901379486, 23.894776763185853 ], [ -106.906699849200933, 23.894812570387003 ], [ -106.906507506852648, 23.894869273540117 ], [ -106.90638554382717, 23.894984476594995 ], [ -106.906159306916365, 23.89526608620114 ], [ -106.905994707152345, 23.89538057985018 ], [ -106.90580028064204, 23.895462933222305 ], [ -106.905629246157517, 23.895497201091658 ], [ -106.905474705615021, 23.895485590033282 ], [ -106.905295179854036, 23.895370486286883 ], [ -106.905160826685361, 23.895237785165566 ], [ -106.905038815293594, 23.895109610930472 ], [ -106.904909358964474, 23.894928393809995 ], [ -106.904723564464035, 23.894612871410494 ], [ -106.903837378453005, 23.892748321995239 ], [ -106.90298185530024, 23.891351247242291 ], [ -106.902875575187949, 23.891188319886567 ], [ -106.902452679726622, 23.890755104780212 ], [ -106.900990024872158, 23.889445918669885 ], [ -106.900586459986158, 23.889044598309106 ], [ -106.900458758161236, 23.888873495464974 ], [ -106.900165796455255, 23.888480964915992 ], [ -106.899968412416456, 23.888077095468148 ], [ -106.899467954871653, 23.886756004124106 ], [ -106.899259827608233, 23.886372581492633 ], [ -106.898789019948424, 23.885904367711031 ], [ -106.898324565427629, 23.885618912521711 ], [ -106.896627929689558, 23.884754990819907 ], [ -106.896174972699868, 23.884499860026306 ], [ -106.895757797308704, 23.884173182870157 ], [ -106.895614788404586, 23.883961633105894 ], [ -106.895364589328395, 23.883301078427216 ], [ -106.895176367512079, 23.883018981150176 ], [ -106.894548200316692, 23.882363080413459 ], [ -106.893839045781363, 23.88170817367801 ], [ -106.891157881258749, 23.879307812211788 ], [ -106.890459952374115, 23.878662907701713 ], [ -106.889884058750752, 23.878053745843559 ], [ -106.889759276958728, 23.877828422119553 ], [ -106.889752852339811, 23.877386074792611 ], [ -106.889661941686256, 23.877211123674726 ], [ -106.889275827703784, 23.876865422632704 ], [ -106.889244117950881, 23.876837031676395 ], [ -106.888738139669641, 23.876477564137648 ], [ -106.886794753101526, 23.875174125222003 ], [ -106.88626080961366, 23.874789597261827 ], [ -106.885923828716471, 23.87448786591986 ], [ -106.885712439282372, 23.874298587523558 ], [ -106.885462995000765, 23.873981674340961 ], [ -106.884847295414659, 23.872993755330789 ], [ -106.884637024247368, 23.872711912943707 ], [ -106.884277049050723, 23.872389579178058 ], [ -106.88395948091356, 23.872198776410769 ], [ -106.882869183180787, 23.871659084945804 ], [ -106.882573853264077, 23.871478164815244 ], [ -106.882285940299667, 23.871173567010853 ], [ -106.882169965714212, 23.870919347844808 ], [ -106.88191666545535, 23.870037589484504 ], [ -106.881794950672642, 23.869768203423501 ], [ -106.881480247399367, 23.8693928268039 ], [ -106.881152386753655, 23.869125959994392 ], [ -106.879937082256404, 23.86825595213557 ], [ -106.879620564390976, 23.868009258772105 ], [ -106.879358776512177, 23.867728037119566 ], [ -106.879301310811599, 23.86757298586091 ], [ -106.879294924820556, 23.867130635276091 ], [ -106.879170392523477, 23.866920534864683 ], [ -106.878595630590866, 23.866382415373121 ], [ -106.877899079092572, 23.865823770733719 ], [ -106.877279708511239, 23.865344879505116 ], [ -106.876055379257906, 23.864398221687484 ], [ -106.875350404880379, 23.863785138801479 ], [ -106.874471496254472, 23.86285198455796 ], [ -106.8740259325658, 23.862418442344008 ], [ -106.874385773595449, 23.862095783000921 ], [ -106.875452065133288, 23.860976722904265 ], [ -106.875795334264367, 23.86065426246228 ], [ -106.876330974411175, 23.860268510023939 ], [ -106.876752905626148, 23.860039895215291 ], [ -106.878186270227573, 23.859358771998188 ], [ -106.878669662835705, 23.859180191487823 ], [ -106.879492138596206, 23.859027943962939 ], [ -106.880183712021278, 23.858989026612559 ], [ -106.883887197086622, 23.856767800193115 ], [ -106.885325521416661, 23.859829063214416 ], [ -106.888289900869722, 23.861147103165163 ], [ -106.88916597002455, 23.861136355239818 ], [ -106.890849395578726, 23.861115688387653 ], [ -106.891725463224731, 23.861104925915861 ], [ -106.892466341234922, 23.860405093072416 ], [ -106.893889966851773, 23.859060307465867 ], [ -106.894359779053389, 23.858709164083038 ], [ -106.895128625953845, 23.858415285367549 ], [ -106.89575716792821, 23.858346600962797 ], [ -106.897921517240093, 23.858319936212801 ], [ -106.89904786103817, 23.858306047637917 ], [ -106.899099525923475, 23.857557124185981 ], [ -106.89919880277958, 23.856118016240341 ], [ -106.899300672587174, 23.85565627581536 ], [ -106.899676786404896, 23.85494059478258 ], [ -106.900112219452708, 23.854379932894854 ], [ -106.901768099993419, 23.852479182997346 ], [ -106.902215522102694, 23.85198439303203 ], [ -106.902629814910924, 23.851490011224634 ], [ -106.902893041451051, 23.851205303397101 ], [ -106.903204662094481, 23.851510475845977 ], [ -106.905428402015289, 23.85354904815518 ], [ -106.906113233119527, 23.854176854362422 ], [ -106.909273102120281, 23.857073605635069 ], [ -106.911530684586467, 23.859143202469767 ], [ -106.91705275716258, 23.864205460037621 ], [ -106.919372210506182, 23.86613564492939 ], [ -106.921989246312904, 23.868884065681232 ], [ -106.922214446029102, 23.869109870379717 ], [ -106.928260385307865, 23.874732900089345 ], [ -106.93100121071852, 23.877338979585794 ], [ -106.931001210671141, 23.877338979597223 ], [ -106.930790311590258, 23.877389856052158 ], [ -106.930564266877596, 23.877423475883791 ], [ -106.930338555696508, 23.877431382665371 ], [ -106.930046259292723, 23.877423756917079 ], [ -106.929898502413437, 23.877413633412488 ], [ -106.929815829246238, 23.877418793887571 ], [ -106.929698867202703, 23.87743373056507 ], [ -106.929647402307509, 23.8774669522059 ], [ -106.929633628661449, 23.877450224880931 ], [ -106.929637050559634, 23.877473634466543 ], [ -106.929578512710435, 23.877511421795845 ], [ -106.929222660638459, 23.877847698422837 ], [ -106.929130819069343, 23.877985977352289 ], [ -106.929058078089739, 23.878295002818128 ], [ -106.929046004131521, 23.878598188870519 ], [ -106.929062400753665, 23.879704031560792 ], [ -106.929001606687862, 23.880073852717324 ], [ -106.928701502193874, 23.880693841921222 ], [ -106.928333573375113, 23.881209719026561 ], [ -106.926916655219785, 23.882997149940699 ], [ -106.926550066922744, 23.883604424868992 ], [ -106.926256260306872, 23.884650950029222 ], [ -106.926203127424444, 23.88553871158058 ], [ -106.926248987821864, 23.888635073091525 ], [ -106.926289512628685, 23.889506425024361 ], [ -106.926432764898792, 23.890476373105681 ], [ -106.926596886578295, 23.890990661159485 ], [ -106.927133138417034, 23.892222278462008 ], [ -106.926913672637852, 23.892680757270742 ], [ -106.927985115200897, 23.893416765926556 ], [ -106.928496393154532, 23.8922646496585 ], [ -106.928806157801219, 23.891971956774888 ], [ -106.929042515973919, 23.891645643047354 ], [ -106.929315110066625, 23.890907492832522 ], [ -106.929468171801474, 23.890179306417252 ], [ -106.929909858989134, 23.887519252982393 ], [ -106.930068211125885, 23.886775763329172 ], [ -106.930365507057772, 23.885966198720588 ], [ -106.930631863286933, 23.885553167284115 ], [ -106.931577555432739, 23.884435249119321 ], [ -106.931816218090844, 23.884017484850592 ], [ -106.931984293648085, 23.883185839338591 ], [ -106.931985740450529, 23.882415538778513 ], [ -106.931836196194965, 23.879854083724304 ], [ -106.931776845694301, 23.879289078150059 ], [ -106.931597609320278, 23.877920214464087 ], [ -106.933731528767041, 23.880060842286419 ], [ -106.935810660030086, 23.882219907220509 ], [ -106.937889791293145, 23.884378972154636 ], [ -106.941693326453702, 23.888105912480626 ], [ -106.945786657058662, 23.892141684141286 ], [ -106.947129956623343, 23.893431625684205 ], [ -106.948743749596062, 23.894949839773577 ], [ -106.951655361074657, 23.897592919582856 ], [ -106.956071632211476, 23.901601887523757 ], [ -106.959436373073203, 23.904645936774433 ], [ -106.962251776359409, 23.907390541893747 ], [ -106.964093045898963, 23.909010984139794 ], [ -106.969964734536305, 23.914183646503059 ], [ -106.971409482110403, 23.915501135945199 ], [ -106.972389227969245, 23.916400255356958 ], [ -106.974619675557221, 23.918447152218185 ], [ -106.976794020816726, 23.920548407455772 ], [ -106.977982364794656, 23.921696805575515 ], [ -106.978961576085609, 23.922643100946424 ], [ -106.982887587152845, 23.926437140224149 ], [ -106.983378704156138, 23.926911748463535 ], [ -106.983583284425663, 23.927118015111944 ], [ -106.9843854811635, 23.927930948657185 ], [ -106.985835508465343, 23.929398868659373 ], [ -106.987340993509235, 23.930785804880625 ], [ -106.989145362286806, 23.932448089354494 ], [ -106.990728006596072, 23.933906108965378 ], [ -106.995447147546884, 23.938294396048558 ], [ -106.99674612631361, 23.939450334232767 ], [ -106.998951142300285, 23.941571251676049 ], [ -107.000704282418781, 23.943020862401745 ], [ -107.003511159717647, 23.945594561947235 ], [ -107.006260490699191, 23.948130454701062 ], [ -107.009956544690169, 23.951367669085883 ], [ -107.011441123947762, 23.952730859934615 ], [ -107.014927929006291, 23.955502163462221 ], [ -107.016217358415133, 23.956469162736649 ], [ -107.018704665033255, 23.958468010877585 ], [ -107.020322182198868, 23.959908022063942 ], [ -107.022435625148304, 23.961496800120536 ], [ -107.023389354487918, 23.962467616612816 ], [ -107.024765720255346, 23.963386346683986 ], [ -107.025540939931886, 23.963903809153244 ], [ -107.026015972147775, 23.964327132323799 ], [ -107.02587201741899, 23.964634815252811 ], [ -107.02576417554657, 23.964909503003522 ], [ -107.025693313911304, 23.965216485420378 ], [ -107.025657887212049, 23.965571251008505 ], [ -107.025655726107729, 23.965835028330449 ], [ -107.025652809789634, 23.966190984573643 ], [ -107.025694304016852, 23.968844821305002 ], [ -107.025634301326093, 23.96960231614991 ], [ -107.025312788484896, 23.970483455670902 ], [ -107.024913484848227, 23.97098473087598 ], [ -107.024537576920878, 23.971340216765164 ], [ -107.023254000217875, 23.970771465613655 ], [ -107.02227057096151, 23.97066671075633 ], [ -107.021412684750032, 23.970452383401891 ], [ -107.02099267997346, 23.967416104614053 ], [ -107.021117499973812, 23.967189657889847 ], [ -107.02226263671227, 23.967553700999016 ], [ -107.023621700402785, 23.967402421242582 ], [ -107.023820944380986, 23.967380159613231 ], [ -107.024306700017576, 23.967030938164488 ], [ -107.023921411124746, 23.966249905366517 ], [ -107.022920020624369, 23.965017553519992 ], [ -107.022480367086828, 23.964822773555376 ], [ -107.022070835894496, 23.964640649213472 ], [ -107.021931418770237, 23.964579277136831 ], [ -107.021667495502953, 23.964524155133663 ], [ -107.021657540996685, 23.964522203383122 ], [ -107.02143973260678, 23.964478091663576 ], [ -107.020464275933335, 23.964941699953663 ], [ -107.019115075627596, 23.96473284769672 ], [ -107.017888031316602, 23.964749348957994 ], [ -107.017625660222649, 23.963625014425983 ], [ -107.017234873905096, 23.962501375870907 ], [ -107.017345304310766, 23.961371942486299 ], [ -107.017344994381673, 23.961331092878961 ], [ -107.017328591779389, 23.960244299728121 ], [ -107.016450123673351, 23.959353017388906 ], [ -107.015580821750049, 23.95834453394151 ], [ -107.014946373286321, 23.957341032726259 ], [ -107.012962162430981, 23.956012875723033 ], [ -107.011484026765189, 23.955690036943299 ], [ -107.009878174557272, 23.954699346012475 ], [ -107.009259764199058, 23.954707719200986 ], [ -107.009126219945244, 23.953689355080538 ], [ -107.008810777496393, 23.953549277273176 ], [ -107.008781354825331, 23.953439276831801 ], [ -107.008424537778396, 23.953117223630574 ], [ -107.00684153157907, 23.951921323631371 ], [ -107.006329554827659, 23.95157082185726 ], [ -107.005523321890109, 23.951131055307236 ], [ -107.004883537191247, 23.950853318343498 ], [ -107.002704121290122, 23.949996961855899 ], [ -107.00205235704891, 23.949658425473785 ] ] ], [ [ [ -107.020728983723586, 23.972553314196791 ], [ -107.020301488964577, 23.972311788724308 ], [ -107.019516802633618, 23.971611123530032 ], [ -107.018823322618744, 23.970851696646253 ], [ -107.01799692264467, 23.969893219684998 ], [ -107.019074122085726, 23.970375029339124 ], [ -107.021068333238503, 23.972672886737133 ], [ -107.020728983723586, 23.972553314196791 ] ] ], [ [ [ -107.010718201074695, 23.959433163089088 ], [ -107.010553300072431, 23.959015494362916 ], [ -107.010231084275304, 23.958304766432974 ], [ -107.010915558234913, 23.958295941279946 ], [ -107.012652191639589, 23.959510580876021 ], [ -107.012674399115227, 23.96098081330835 ], [ -107.012204593178041, 23.962340761711197 ], [ -107.012945549080243, 23.962665557833507 ], [ -107.014209169854482, 23.965022314645083 ], [ -107.014324153422564, 23.966218336592348 ], [ -107.013070522200394, 23.965714424977715 ], [ -107.012899430843106, 23.965625765063496 ], [ -107.012278130790236, 23.964749733288016 ], [ -107.011978245770194, 23.963944479878311 ], [ -107.011594936915259, 23.962511704609273 ], [ -107.011211637717182, 23.96107892756611 ], [ -107.010989280602885, 23.960282812164479 ], [ -107.010718201074695, 23.959433163089088 ] ] ] ] } },
{ "type": "Feature", "properties": { "fid": 56.0, "cat": 29, "VULNERABIL": 1.0, "CLAVE_ACUI": "2506", "NOM_ACUIF": "RIO ELOTA" }, "geometry": { "type": "MultiPolygon", "coordinates": [ [ [ [ -106.635715050569885, 24.033490038862642 ], [ -106.635509574986685, 24.033708436966712 ], [ -106.635362145666861, 24.033909971950482 ], [ -106.635272288765094, 24.034094831943879 ], [ -106.635165722362885, 24.034354500917519 ], [ -106.635050186918633, 24.034646098935898 ], [ -106.634935838320374, 24.034844925199536 ], [ -106.634477949886204, 24.035371282868145 ], [ -106.633971748671556, 24.035867679361452 ], [ -106.633007937865443, 24.036773669492955 ], [ -106.632274608172366, 24.037462993318449 ], [ -106.631730206520217, 24.037871147840718 ], [ -106.631387261398316, 24.038016591615641 ], [ -106.630932894541118, 24.038151851433931 ], [ -106.631637479933289, 24.035992007744376 ], [ -106.635496794315202, 24.024161623653878 ], [ -106.636825007012376, 24.020090106071617 ], [ -106.637539837047228, 24.017898858343397 ], [ -106.637902162183195, 24.018044017894578 ], [ -106.638405627175644, 24.018247098940424 ], [ -106.639138300062399, 24.018580951059249 ], [ -106.63975820219899, 24.018937312549866 ], [ -106.641141359247754, 24.019789137136897 ], [ -106.641680617897421, 24.020160916566105 ], [ -106.642255182813784, 24.020699930499603 ], [ -106.64253673010893, 24.021098172210372 ], [ -106.643276059211118, 24.022417618285811 ], [ -106.643458930086808, 24.022882946558742 ], [ -106.643572989978324, 24.023735035064377 ], [ -106.643553060647235, 24.024486976303027 ], [ -106.643345993031971, 24.027143946641871 ], [ -106.643243059358781, 24.02789169896182 ], [ -106.64296977093305, 24.028724239642219 ], [ -106.642891614952916, 24.028844293850756 ], [ -106.642839440519495, 24.029008946286126 ], [ -106.642562531766472, 24.029557087878452 ], [ -106.64232467711696, 24.029842382951632 ], [ -106.641491592734582, 24.030625616150438 ], [ -106.641186606631805, 24.03085067827374 ], [ -106.640596427112413, 24.031117736143852 ], [ -106.640058299330235, 24.031274184185943 ], [ -106.638137208176644, 24.031737204284269 ], [ -106.63751182601429, 24.031991082581179 ], [ -106.636514469449892, 24.032712838451051 ], [ -106.635715050569885, 24.033490038862642 ] ] ] ] } },
{ "type": "Feature", "properties": { "fid": 64.0, "cat": 66, "VULNERABIL": 3.0, "CLAVE_ACUI": "2506", "NOM_ACUIF": "RIO ELOTA" }, "geometry": { "type": "MultiPolygon", "coordinates": [ ] } },
{ "type": "Feature", "properties": { "fid": 67.0, "cat": 28, "VULNERABIL": 3.0, "CLAVE_ACUI": "2506", "NOM_ACUIF": "RIO ELOTA" }, "geometry": { "type": "MultiPolygon", "coordinates": [ [ [ [ -106.896527364558224, 23.924462627181747 ], [ -106.897028986171236, 23.924761164320532 ], [ -106.898848088093843, 23.925734142926135 ], [ -106.899309454022799, 23.926023070472063 ], [ -106.899761265432062, 23.926467748175718 ], [ -106.8999284114348, 23.92681442711525 ], [ -106.900185208846509, 23.927917305846027 ], [ -106.900380945858984, 23.928329655118524 ], [ -106.901037589939534, 23.92915107143752 ], [ -106.90177992223397, 23.929912170767221 ], [ -106.904587562409461, 23.932642517131619 ], [ -106.905362486073571, 23.933362562144787 ], [ -106.906171089000026, 23.933992459192968 ], [ -106.906551305906646, 23.934172270087004 ], [ -106.907517045460963, 23.934381489649855 ], [ -106.907818727645079, 23.93448101171067 ], [ -106.908260837674021, 23.934736231398571 ], [ -106.908590742020536, 23.935001308739203 ], [ -106.909688194657335, 23.935983112010934 ], [ -106.909985406141701, 23.936279065291266 ], [ -106.910274931475485, 23.936678382390792 ], [ -106.910391326901603, 23.936952882571756 ], [ -106.910644981457651, 23.937834566283524 ], [ -106.91078930122238, 23.938129033804042 ], [ -106.911209138522565, 23.938621531461887 ], [ -106.911664588177359, 23.939030630862536 ], [ -106.913370203099959, 23.940447251485992 ], [ -106.913831190687517, 23.940856274688073 ], [ -106.914276830783521, 23.941348441167854 ], [ -106.914291688461688, 23.941373317435211 ], [ -106.914312627093452, 23.941527445373982 ], [ -106.914459914386285, 23.942146913961654 ], [ -106.914829030246878, 23.942695334792106 ], [ -106.914991674061795, 23.94285752054261 ], [ -106.915381561440697, 23.943065966576746 ], [ -106.915775899893205, 23.94320156013848 ], [ -106.917226263096452, 23.943625876009982 ], [ -106.91766510405499, 23.943781223960723 ], [ -106.918262661731802, 23.944081872368514 ], [ -106.918677475228364, 23.944356022213423 ], [ -106.920015724333851, 23.945334733336999 ], [ -106.92039829805789, 23.945670226505413 ], [ -106.920845383444757, 23.946257157133214 ], [ -106.921101503239953, 23.946760136722514 ], [ -106.92184965430998, 23.948520441919293 ], [ -106.922106084077839, 23.949043730454136 ], [ -106.922554594959635, 23.949725440638957 ], [ -106.922938895464938, 23.950176023317582 ], [ -106.924283802053523, 23.951597024862696 ], [ -106.92466145843656, 23.951971504430418 ], [ -106.925078931483299, 23.952298081873117 ], [ -106.925297663550197, 23.952390142149664 ], [ -106.925900939363117, 23.952493178631823 ], [ -106.926047165640341, 23.952540438635186 ], [ -106.926126278733861, 23.952657950282319 ], [ -106.926093071033065, 23.952778564180786 ], [ -106.925858987655971, 23.953223917255272 ], [ -106.92588738699537, 23.953399624492764 ], [ -106.926254002842811, 23.95377423807119 ], [ -106.926749342645209, 23.954133691578349 ], [ -106.928694334463273, 23.955436511708726 ], [ -106.929212393039322, 23.955836301017978 ], [ -106.929684987230402, 23.95639917988083 ], [ -106.929842061432822, 23.956803504703334 ], [ -106.930102481481242, 23.958127475473411 ], [ -106.93019249789738, 23.95848185553449 ], [ -106.930352151148341, 23.958811658848088 ], [ -106.93049021053767, 23.958928426342055 ], [ -106.930974834835524, 23.95914353714527 ], [ -106.931101692854782, 23.959250287486391 ], [ -106.931209072033525, 23.959533345867545 ], [ -106.931235612811818, 23.959830964724315 ], [ -106.931252090893665, 23.960936794308093 ], [ -106.931323896183429, 23.96130494581152 ], [ -106.931642510780009, 23.961917156133378 ], [ -106.932025871401564, 23.962423589864581 ], [ -106.933496295690091, 23.964174727168057 ], [ -106.933858477152484, 23.96474236712978 ], [ -106.93407821055996, 23.965640226279355 ], [ -106.934029930961742, 23.966355243141972 ], [ -106.933584882518332, 23.968794129145543 ], [ -106.933536145608144, 23.9694786791698 ], [ -106.933753764991621, 23.970234360192897 ], [ -106.934113388829559, 23.970629353668688 ], [ -106.935574026971821, 23.971716966370654 ], [ -106.935943498273943, 23.972030571143446 ], [ -106.936207045819955, 23.972406456527469 ], [ -106.936214069544477, 23.972629831732512 ], [ -106.935983297120288, 23.973296364165684 ], [ -106.935950955075597, 23.973474527659871 ], [ -106.93603079938984, 23.973639424982565 ], [ -106.936177204903871, 23.973696828970237 ], [ -106.936780586667709, 23.973799815478575 ], [ -106.936988007347324, 23.97387168446911 ], [ -106.937352589051969, 23.974104087481802 ], [ -106.937666000261885, 23.974364222426395 ], [ -106.938764013520384, 23.975345777574709 ], [ -106.939118014271074, 23.975732364092874 ], [ -106.939671998848254, 23.976554883317796 ], [ -106.940109407576742, 23.977343323673033 ], [ -106.941596701421318, 23.98020018238255 ], [ -106.9420450358826, 23.980978319905159 ], [ -106.942649931907212, 23.981752779789929 ], [ -106.943065731596761, 23.982081013918414 ], [ -106.944401238781154, 23.982838307358296 ], [ -106.944833244213271, 23.983140937262924 ], [ -106.945513757417558, 23.983795922294284 ], [ -106.946053916591524, 23.984428984497498 ], [ -106.947894182585117, 23.986728275515574 ], [ -106.948412106761012, 23.987351453026491 ], [ -106.948988782997489, 23.987960338538361 ], [ -106.94929467867631, 23.988206998685481 ], [ -106.950145516496107, 23.988749192248481 ], [ -106.950430068660054, 23.988818386748903 ], [ -106.95059296346281, 23.98893310492765 ], [ -106.950855875469415, 23.989261567422165 ], [ -106.950967011159918, 23.989544559660658 ], [ -106.951222734262529, 23.990536727460498 ], [ -106.951328498408373, 23.9908299450226 ], [ -106.951566339477864, 23.991206126043213 ], [ -106.951800348600159, 23.99145030967798 ], [ -106.952654555337674, 23.992213649245254 ], [ -106.952921192884887, 23.992421864613295 ], [ -106.953311289323565, 23.992630199438121 ], [ -106.953601931991344, 23.992719605202939 ], [ -106.954568168897339, 23.992928494110895 ], [ -106.954842309125723, 23.993023186503919 ], [ -106.955155392332784, 23.993256198818582 ], [ -106.955328514072832, 23.993494381393457 ], [ -106.955823335929537, 23.994372886906628 ], [ -106.956007667817317, 23.994621082862942 ], [ -106.956373058099302, 23.994900825840645 ], [ -106.956710712345895, 23.995052262265066 ], [ -106.957921045406962, 23.995479217065448 ], [ -106.958275667838294, 23.995655826461626 ], [ -106.958720236638896, 23.996053054074007 ], [ -106.959000713193404, 23.996443912904073 ], [ -106.959865045412855, 23.997870690205168 ], [ -106.960128871561608, 23.998256680730051 ], [ -106.96049571724825, 23.998631195780497 ], [ -106.960551404540155, 23.998663086382191 ], [ -106.960755955473942, 23.99878022683362 ], [ -106.961603555914039, 23.999101187637848 ], [ -106.961914079043638, 23.999285123653863 ], [ -106.96251558719834, 23.999822532292683 ], [ -106.963064364962037, 24.000406321510898 ], [ -106.963169336071701, 24.000523478940561 ], [ -106.965023857482237, 24.002593246022172 ], [ -106.96557810867975, 24.003171876012164 ], [ -106.965808658034121, 24.003360649843 ], [ -106.966205083936515, 24.003685241202874 ], [ -106.966546508078423, 24.003839991375887 ], [ -106.967512844111113, 24.004048791605481 ], [ -106.967814729857736, 24.004148181355724 ], [ -106.968257193373631, 24.004403202938853 ], [ -106.968587399142848, 24.004668129581127 ], [ -106.969685904966539, 24.005649427664256 ], [ -106.969983726239349, 24.005965553529453 ], [ -106.970275044329355, 24.006459514555853 ], [ -106.97039339118281, 24.006849047750055 ], [ -106.970654360854994, 24.008172908127399 ], [ -106.970834518822343, 24.008627668048465 ], [ -106.971414286947891, 24.00942601958468 ], [ -106.972062373896392, 24.010111759368939 ], [ -106.974507062492037, 24.01251350076824 ], [ -106.975121705489542, 24.013179342202161 ], [ -106.975545298374158, 24.013884887620861 ], [ -106.975535782637436, 24.01422697069847 ], [ -106.975067776349277, 24.015117813235168 ], [ -106.974990840640046, 24.015389664794419 ], [ -106.9750998177512, 24.015767463456598 ], [ -106.975332436121178, 24.016035323933146 ], [ -106.976309018958659, 24.016907536550093 ], [ -106.9765861749122, 24.017195134726652 ], [ -106.976902979982697, 24.017665050789081 ], [ -106.977078402590806, 24.018048761532665 ], [ -106.977580241696998, 24.019369494577369 ], [ -106.977678589083297, 24.019774513818046 ], [ -106.977635697546077, 24.020343872082236 ], [ -106.977476075147578, 24.020752221792605 ], [ -106.9767740539491, 24.022088494014689 ], [ -106.976669862631695, 24.022506284873295 ], [ -106.97688566737142, 24.023119704542786 ], [ -106.977298154186698, 24.023578226409629 ], [ -106.979007311032433, 24.025104562384112 ], [ -106.979487238687867, 24.025633306498964 ], [ -106.980017724682966, 24.026574454934504 ], [ -106.980295634070004, 24.027390209417909 ], [ -106.981062077084687, 24.030255912435418 ], [ -106.981284017933376, 24.031026680723347 ], [ -106.981553277433292, 24.031757900226712 ], [ -106.981715991092031, 24.03203173151886 ], [ -106.981850974445223, 24.032282632970045 ], [ -106.981945496182462, 24.032420957463557 ], [ -106.982061846543118, 24.032517414897047 ], [ -106.981642257042353, 24.032860634186846 ], [ -106.981280392128866, 24.033125079366012 ], [ -106.980639133198324, 24.033427285614358 ], [ -106.980007847666513, 24.033666002309484 ], [ -106.978743815407881, 24.034053081112258 ], [ -106.976623421941156, 24.034667294747639 ], [ -106.974613201553325, 24.035236238741163 ], [ -106.973527144944143, 24.035559883222518 ], [ -106.972578636141165, 24.035805190114289 ], [ -106.97098336400316, 24.03611013783971 ], [ -106.970073912534218, 24.036182786583005 ], [ -106.967425080146086, 24.036216848347998 ], [ -106.966657977323635, 24.036196232341403 ], [ -106.965727000413708, 24.036065986817171 ], [ -106.965164137369968, 24.035900539229296 ], [ -106.963468428705383, 24.035258687420587 ], [ -106.962976748864051, 24.03504661084909 ], [ -106.962377943983981, 24.034698782535621 ], [ -106.962014188338458, 24.03441396212116 ], [ -106.960915475102141, 24.033432624541106 ], [ -106.96058412664884, 24.033096598906422 ], [ -106.960136539513812, 24.032509821395369 ], [ -106.959828478422054, 24.03200759347407 ], [ -106.958838461771478, 24.030250636489331 ], [ -106.95841959865146, 24.029368923964849 ], [ -106.957454926677428, 24.027011222189589 ], [ -106.956495715923438, 24.024524782906848 ], [ -106.952984380194962, 24.015279031864065 ], [ -106.951957338818318, 24.012681685687959 ], [ -106.950675519741765, 24.009806553500354 ], [ -106.949871369812641, 24.008296571945625 ], [ -106.947400553351486, 24.004125101169372 ], [ -106.946486546553544, 24.002657122345237 ], [ -106.944691943497588, 23.999978040800656 ], [ -106.943042266086948, 23.997618747299367 ], [ -106.937138803931802, 23.989287635762956 ], [ -106.93553559657353, 23.987059703900741 ], [ -106.933956979771807, 23.984993960797379 ], [ -106.933304978216697, 23.984270846054716 ], [ -106.931840907666626, 23.98296205607252 ], [ -106.93145919785951, 23.982570723203452 ], [ -106.931141939633463, 23.982053302381516 ], [ -106.931070421810702, 23.981705463535402 ], [ -106.931053929197233, 23.98059963682271 ], [ -106.930998613197886, 23.980226200188955 ], [ -106.930756965446292, 23.979589322360177 ], [ -106.93046707218295, 23.979052932946509 ], [ -106.92935590345887, 23.977186654138656 ], [ -106.92894550382313, 23.976722879130399 ], [ -106.92814145601028, 23.976424878248608 ], [ -106.927403212780419, 23.976462935829002 ], [ -106.924762109643495, 23.976938514572243 ], [ -106.923909997548691, 23.97712526797055 ], [ -106.92257458592799, 23.977521225219288 ], [ -106.921518963864344, 23.977900123070611 ], [ -106.917928095214393, 23.97927231428303 ], [ -106.916894248132763, 23.979630594275889 ], [ -106.915660542585925, 23.979930418823773 ], [ -106.914931957530825, 23.980000462343568 ], [ -106.912765601434472, 23.980027494815992 ], [ -106.912101830688201, 23.97999514128843 ], [ -106.911170593221229, 23.979817140705574 ], [ -106.910504026412397, 23.979595207555491 ], [ -106.908324633850967, 23.978737503663716 ], [ -106.907603112157432, 23.97853655616268 ], [ -106.906415387569567, 23.978456519381009 ], [ -106.905440156643479, 23.97854312642929 ], [ -106.902076784556911, 23.979027291222536 ], [ -106.901141273063118, 23.979184481746906 ], [ -106.900138940764023, 23.979433912757077 ], [ -106.899642549873789, 23.979633055692322 ], [ -106.898328385240731, 23.980312955868502 ], [ -106.897985315397761, 23.980413698835676 ], [ -106.897723965987879, 23.98022256509293 ], [ -106.897762153654213, 23.980147284089036 ], [ -106.89798827413226, 23.979149041987274 ], [ -106.89803561170622, 23.978858964801926 ], [ -106.898030401753132, 23.978503513505373 ], [ -106.897975621707801, 23.978285803102679 ], [ -106.897725193073697, 23.977625272152075 ], [ -106.897604172105432, 23.977413459872853 ], [ -106.897289835510691, 23.977085533438768 ], [ -106.896961804941782, 23.976828878817674 ], [ -106.895745340993884, 23.97595907760638 ], [ -106.895439421438795, 23.975702146131919 ], [ -106.895228251718848, 23.975372940110098 ], [ -106.895232499229778, 23.975159577854136 ], [ -106.895463488685621, 23.974493093419873 ], [ -106.895445630954129, 23.97428000429084 ], [ -106.895131307698406, 23.973952072483495 ], [ -106.895061498436561, 23.973910724364007 ], [ -106.894919732882869, 23.973762820105371 ], [ -106.894514695304139, 23.973530811774047 ], [ -106.892938851842999, 23.972776028423013 ], [ -106.892507081579538, 23.972506658760125 ], [ -106.892002122399404, 23.9719648163431 ], [ -106.891729550592018, 23.971467068060363 ], [ -106.890981642011681, 23.969706603453346 ], [ -106.890697582682492, 23.969178521449258 ], [ -106.890119871685727, 23.968474604993226 ], [ -106.889578630902648, 23.967997090799816 ], [ -106.887630575233615, 23.966472592342324 ], [ -106.887112195078842, 23.966045575470872 ], [ -106.887105326624024, 23.966038748550492 ], [ -106.886486528271533, 23.965335461369477 ], [ -106.886236186812269, 23.964674905361601 ], [ -106.886109893532776, 23.964478383422101 ], [ -106.885770865475635, 23.964221836912348 ], [ -106.885681210873827, 23.964179274018036 ], [ -106.885412833381437, 23.96405186318735 ], [ -106.884081050476013, 23.963515192029799 ], [ -106.883684120260838, 23.963330455113113 ], [ -106.883163557425988, 23.963005026940888 ], [ -106.882816826797892, 23.962724866651463 ], [ -106.881719321908236, 23.961742875848866 ], [ -106.881422108177304, 23.961446868356933 ], [ -106.881132606685114, 23.961047495922863 ], [ -106.881016246145009, 23.960772971827755 ], [ -106.880762733014507, 23.95989123178612 ], [ -106.880573583128509, 23.959551574261702 ], [ -106.879944398649002, 23.958848244436773 ], [ -106.879234718882273, 23.958183142108187 ], [ -106.87655212049593, 23.955782630256397 ], [ -106.875865017721239, 23.955147707487697 ], [ -106.875341079037696, 23.954585277804902 ], [ -106.875279692400611, 23.954416732579869 ], [ -106.875517156822497, 23.954192618965006 ], [ -106.875517945699855, 23.954119812397693 ], [ -106.875331476488682, 23.954027567464315 ], [ -106.875284163445599, 23.954004161994614 ], [ -106.874949400281736, 23.95391175305387 ], [ -106.87362095764523, 23.953596154730956 ], [ -106.873224903293249, 23.95346893797284 ], [ -106.872705090140258, 23.953190864167382 ], [ -106.872358554882638, 23.952920832794611 ], [ -106.871261212278043, 23.951938755888794 ], [ -106.87095270130348, 23.951622547683606 ], [ -106.870610317579818, 23.951128991182141 ], [ -106.870429708640827, 23.950740119034421 ], [ -106.869929255738967, 23.949418937920946 ], [ -106.869743199522489, 23.949035209883377 ], [ -106.869375385012845, 23.948565661008516 ], [ -106.869035992207216, 23.948278604478443 ], [ -106.867819981712231, 23.947408550343411 ], [ -106.867492084380061, 23.947151823438748 ], [ -106.867485075710817, 23.947144506666827 ], [ -106.867056958256242, 23.946611982659501 ], [ -106.866806756721033, 23.945951385017747 ], [ -106.866647069080543, 23.945734934731568 ], [ -106.866252241424604, 23.945456163511132 ], [ -106.866152061538358, 23.945385430335079 ], [ -106.865604597029161, 23.945102587006307 ], [ -106.863544786421485, 23.944132138932556 ], [ -106.862958438334573, 23.943834520807719 ], [ -106.862281942630744, 23.943416100325255 ], [ -106.861901867572556, 23.943115976056674 ], [ -106.86080468716797, 23.942133813148629 ], [ -106.860451151621589, 23.941757179901053 ], [ -106.859898493532668, 23.940981724943654 ], [ -106.859462520118839, 23.9402505648432 ], [ -106.857980669810971, 23.93761392936899 ], [ -106.857500521440571, 23.936883296701385 ], [ -106.856741646554809, 23.936110321861243 ], [ -106.856137686061857, 23.935736704156536 ], [ -106.854078090931864, 23.934766114368397 ], [ -106.853480393861631, 23.934443198946404 ], [ -106.852750721790656, 23.933906865745499 ], [ -106.852306030350249, 23.933463591750677 ], [ -106.850960491671302, 23.93193130680574 ], [ -106.850549467392455, 23.931523173722368 ], [ -106.850606272001784, 23.931373507814172 ], [ -106.850819481321835, 23.93082580197142 ], [ -106.851875463950918, 23.928932747901108 ], [ -106.852227282135217, 23.928418921916279 ], [ -106.852813132731214, 23.927914123711854 ], [ -106.853298244870317, 23.927706808745633 ], [ -106.854976245698779, 23.927244127611431 ], [ -106.855472835650929, 23.927067140927111 ], [ -106.856112260357492, 23.926703893410433 ], [ -106.856529133626012, 23.92636195550924 ], [ -106.857835104715619, 23.925129488384595 ], [ -106.85822856307729, 23.924696409087751 ], [ -106.8587587422643, 23.923907844505116 ], [ -106.8591226818168, 23.923214403129041 ], [ -106.860290865889681, 23.920766904682441 ], [ -106.860735758046715, 23.919940428519258 ], [ -106.861643750938811, 23.918531039726606 ], [ -106.862495983186065, 23.917344100850709 ], [ -106.866269015784127, 23.912100359113154 ], [ -106.866503491025497, 23.912270194488212 ], [ -106.867814379415009, 23.911993553511746 ], [ -106.868748574329487, 23.912542569657884 ], [ -106.871797347089171, 23.915381250200589 ], [ -106.872401878217218, 23.915863172418241 ], [ -106.872636020641295, 23.91607191954667 ], [ -106.873677390870895, 23.916770270441312 ], [ -106.874262119136915, 23.916962909643434 ], [ -106.87594947651111, 23.917163534983896 ], [ -106.876498864955593, 23.917204230524391 ], [ -106.877375317659855, 23.917193526130085 ], [ -106.878106785422474, 23.91713453600229 ], [ -106.88048074508545, 23.916886942664021 ], [ -106.881145914651341, 23.916792688081578 ], [ -106.88116074325886, 23.916790586832626 ], [ -106.881931332307417, 23.916591541420633 ], [ -106.882352175583307, 23.916403548250692 ], [ -106.882827077742164, 23.916133629885838 ], [ -106.883019410974313, 23.916024313450251 ], [ -106.883882981372338, 23.915502761940424 ], [ -106.88426448824039, 23.915142564713303 ], [ -106.884348716320929, 23.915024045848309 ], [ -106.885059061555907, 23.913847869392129 ], [ -106.885144786341883, 23.913537007475732 ], [ -106.884957812391704, 23.913088974985886 ], [ -106.884604983790098, 23.912759789721651 ], [ -106.883145438064545, 23.911671615075555 ], [ -106.882754173496465, 23.911358132569287 ], [ -106.882387804556657, 23.910983397669252 ], [ -106.882255683734584, 23.910761545436149 ], [ -106.882130586133314, 23.910431257875441 ], [ -106.882005489223147, 23.910100970159625 ], [ -106.881895758406543, 23.909899158858618 ], [ -106.881633874791419, 23.90961794812042 ], [ -106.881369486535903, 23.909418029450229 ], [ -106.880397563390332, 23.908766282578899 ], [ -106.880264013327434, 23.908660224354325 ], [ -106.879948973103907, 23.908307898885017 ], [ -106.879759910467541, 23.907968233374294 ], [ -106.879506535435183, 23.907086478554668 ], [ -106.879368141435208, 23.906812218267959 ], [ -106.878943866389065, 23.906391906659199 ], [ -106.878553408428928, 23.90611959826045 ], [ -106.876975299116268, 23.905143413256457 ], [ -106.876536469073173, 23.904849116205749 ], [ -106.87606669258021, 23.904451924791495 ], [ -106.875834412538325, 23.904178806357908 ], [ -106.875416121118718, 23.903581287836857 ], [ -106.875842756105968, 23.903736277288655 ], [ -106.876684751180051, 23.903726001793974 ], [ -106.876979994203111, 23.903641135512771 ], [ -106.877515798226142, 23.903255370133213 ], [ -106.877985987027344, 23.90278914241107 ], [ -106.879644371927711, 23.900999170073742 ], [ -106.880141720018088, 23.900502131142627 ], [ -106.880804317007218, 23.899972596288137 ], [ -106.881253537685652, 23.899713157019537 ], [ -106.882687297603809, 23.899031969253002 ], [ -106.88344697953012, 23.898849984363551 ], [ -106.885558406891548, 23.898681899490196 ], [ -106.887815047990955, 23.898623738155958 ], [ -106.896234588067514, 23.898520141333044 ], [ -106.898524051212334, 23.898441102864378 ], [ -106.900788694414203, 23.898176113127917 ], [ -106.901734436342181, 23.897876618950189 ], [ -106.903484877873041, 23.89695395435248 ], [ -106.903956939965624, 23.896693970369796 ], [ -106.90425906448516, 23.896522594564406 ], [ -106.904448523699998, 23.896415126539036 ], [ -106.9046319566081, 23.896286159042575 ], [ -106.90477365738748, 23.896158976111114 ], [ -106.904897432945958, 23.895995822601069 ], [ -106.905028233236223, 23.89575697268295 ], [ -106.905082809323915, 23.89561065610485 ], [ -106.9051359113937, 23.895401206459347 ], [ -106.905160826685361, 23.895237785165566 ], [ -106.905295179854036, 23.895370486286883 ], [ -106.905474705615021, 23.895485590033282 ], [ -106.905629246157517, 23.895497201091658 ], [ -106.905945690285307, 23.896380399286425 ], [ -106.906185402725669, 23.896989043459062 ], [ -106.907028482816372, 23.898772646077884 ], [ -106.909502283697435, 23.903387372861292 ], [ -106.910170413956706, 23.904745274867608 ], [ -106.91058443704226, 23.905852390589526 ], [ -106.910814453188152, 23.906467454138607 ], [ -106.911066370583541, 23.907569810941162 ], [ -106.911597955618475, 23.910991962864053 ], [ -106.911779946968309, 23.911846325167485 ], [ -106.912097635612639, 23.912411199868654 ], [ -106.912055246160634, 23.912665249361552 ], [ -106.911995333557542, 23.913097764880522 ], [ -106.911955479389519, 23.913589660654822 ], [ -106.910223109357446, 23.913297341875413 ], [ -106.90657503777841, 23.912922309836198 ], [ -106.90217810311907, 23.912671975382473 ], [ -106.900439873022179, 23.912558042255789 ], [ -106.898710058786079, 23.912389811089511 ], [ -106.897977125337306, 23.912263427811901 ], [ -106.896286587515164, 23.91184187062056 ], [ -106.895835212476484, 23.911701845251773 ], [ -106.895419328436304, 23.911469961706512 ], [ -106.895276583031375, 23.911278725910218 ], [ -106.895026322658566, 23.910618176106407 ], [ -106.894796239452674, 23.910499120290517 ], [ -106.893972775514172, 23.910604074034502 ], [ -106.893026477654715, 23.910873059334978 ], [ -106.889433843934071, 23.912023324278383 ], [ -106.888461013715229, 23.912368791359206 ], [ -106.887513810782252, 23.912830751503328 ], [ -106.887133497108138, 23.913145231746 ], [ -106.88630589954289, 23.91415084707852 ], [ -106.886168475128827, 23.914452186271422 ], [ -106.886318796981783, 23.914775466045292 ], [ -106.886354767139935, 23.914852822607365 ], [ -106.886758324905415, 23.915123820118559 ], [ -106.888455314852678, 23.915987826728976 ], [ -106.888908520496997, 23.916253129220461 ], [ -106.889326478553485, 23.91662721241028 ], [ -106.889470354856272, 23.916896315564578 ], [ -106.889723820428344, 23.91777804744433 ], [ -106.889901581101782, 23.918097521860169 ], [ -106.89047766631154, 23.918706669485104 ], [ -106.891122888359476, 23.919257403566203 ], [ -106.893557880328117, 23.921218323331221 ], [ -106.894209795511159, 23.921765540576349 ], [ -106.894778409700422, 23.922320621825946 ], [ -106.894955349502851, 23.922582539258858 ], [ -106.895205637130033, 23.923243086776967 ], [ -106.895371086226703, 23.923474672322758 ], [ -106.895873962849805, 23.92387961176771 ], [ -106.896005551734362, 23.924042445452613 ], [ -106.896527364558224, 23.924462627181747 ] ] ] ] } },
{ "type": "Feature", "properties": { "fid": 68.0, "cat": 70, "VULNERABIL": 1.0, "CLAVE_ACUI": "2506", "NOM_ACUIF": "RIO ELOTA" }, "geometry": { "type": "MultiPolygon", "coordinates": [ ] } },
{ "type": "Feature", "properties": { "fid": 69.0, "cat": 50, "VULNERABIL": 2.0, "CLAVE_ACUI": "2506", "NOM_ACUIF": "RIO ELOTA" }, "geometry": { "type": "MultiPolygon", "coordinates": [ [ [ [ -106.816330913507372, 23.967155956799065 ], [ -106.816763484916606, 23.966734360909697 ], [ -106.818429724303201, 23.965387322535168 ], [ -106.818873335114688, 23.964965590400062 ], [ -106.819277298467227, 23.964344554803461 ], [ -106.819410779888514, 23.963879094118102 ], [ -106.819629729712247, 23.962327980204453 ], [ -106.819658714483595, 23.961899311027562 ], [ -106.819575029736242, 23.96144996889662 ], [ -106.819426495831394, 23.96123672060563 ], [ -106.818817025051089, 23.960690902428734 ], [ -106.818525675261242, 23.960540293127227 ], [ -106.817775511529376, 23.960383267281898 ], [ -106.816995198808897, 23.960309551034658 ], [ -106.814103904946307, 23.960122536626894 ], [ -106.813290155085113, 23.96002888067715 ], [ -106.812383948785069, 23.959778863998078 ], [ -106.811903119078465, 23.959515355605514 ], [ -106.810565463600753, 23.958535661943575 ], [ -106.810115811318553, 23.958129568310667 ], [ -106.809355084022911, 23.957214163498644 ], [ -106.808717988388423, 23.956312534466463 ], [ -106.806505666566594, 23.953020315597936 ], [ -106.805907079407675, 23.952102982362469 ], [ -106.805325929622413, 23.951114335337451 ], [ -106.805094296945683, 23.950619317771746 ], [ -106.804594495323911, 23.949297883065618 ], [ -106.8043472364688, 23.94882674962242 ], [ -106.804329575194359, 23.948793097213198 ], [ -106.803593083519772, 23.947758863444431 ], [ -106.802805881079451, 23.94678616887213 ], [ -106.799868852113505, 23.943281123142178 ], [ -106.799178623369613, 23.942124425827892 ], [ -106.798894492988268, 23.940231590675367 ], [ -106.799178805595758, 23.938684240820731 ], [ -106.800789650253307, 23.933356103279799 ], [ -106.801257867466276, 23.931923411393026 ], [ -106.801832101365989, 23.93056566004692 ], [ -106.802184223951812, 23.93005870748371 ], [ -106.803253225495908, 23.929050677215923 ], [ -106.803619492422186, 23.928767032097191 ], [ -106.80425974462986, 23.928451387620164 ], [ -106.804808123784127, 23.928284111131376 ], [ -106.806726966957683, 23.927819119435064 ], [ -106.807308345426321, 23.927641288198956 ], [ -106.808102608240276, 23.927276412525373 ], [ -106.808655889852233, 23.926932993034853 ], [ -106.810443589642304, 23.925695235254256 ], [ -106.810880207813, 23.925307471975003 ], [ -106.81113007933709, 23.92473567910023 ], [ -106.811050423240772, 23.924306596271691 ], [ -106.810428833406917, 23.92287600062258 ], [ -106.810332962318938, 23.922472503207082 ], [ -106.810507144171027, 23.922020113007747 ], [ -106.810851844781681, 23.921777338210489 ], [ -106.812286256898233, 23.921096771827969 ], [ -106.812781027047279, 23.920918249951832 ], [ -106.813655550395993, 23.920765718914367 ], [ -106.814410099941995, 23.920726337469233 ], [ -106.817056806513591, 23.92069506373425 ], [ -106.817933738800122, 23.920715165683692 ], [ -106.819379386757802, 23.920840267795963 ], [ -106.820413249337676, 23.920978268232329 ], [ -106.82466734941913, 23.921613905541616 ], [ -106.825832830248615, 23.921721956789671 ], [ -106.825921122456137, 23.92171413569422 ], [ -106.827919708052491, 23.92134500412882 ], [ -106.830069603444713, 23.920213329274105 ], [ -106.830777515572663, 23.919871378404832 ], [ -106.831931228441988, 23.919407294546687 ], [ -106.832871476613803, 23.919086266405852 ], [ -106.836105559954234, 23.918052184394327 ], [ -106.836918949638203, 23.917747884853739 ], [ -106.837480716664714, 23.917361940723485 ], [ -106.837469854830644, 23.917114894970421 ], [ -106.836857405798796, 23.916347958259504 ], [ -106.836664901612181, 23.916148793805235 ], [ -106.836378993707783, 23.915986297839556 ], [ -106.836163057600061, 23.915953325176037 ], [ -106.835441263041375, 23.915961947007862 ], [ -106.835242114196802, 23.915944009418297 ], [ -106.835034547857489, 23.915851680709004 ], [ -106.834937173476774, 23.915737720302086 ], [ -106.834690326932176, 23.915298233643782 ], [ -106.834570570749605, 23.915164224310384 ], [ -106.834258554572813, 23.914978333976197 ], [ -106.833932573674332, 23.914846785159341 ], [ -106.832723349617808, 23.91441877534724 ], [ -106.832358346161726, 23.91426229353225 ], [ -106.831864217628592, 23.913960059905389 ], [ -106.831523323692039, 23.913684779455817 ], [ -106.830426622556274, 23.912702366602293 ], [ -106.830095637879751, 23.912345701133795 ], [ -106.829647736755334, 23.911663679571831 ], [ -106.829338863760256, 23.911046028516967 ], [ -106.828345376409359, 23.908845673984622 ], [ -106.827953091034701, 23.908188379555686 ], [ -106.827115898354947, 23.907321362353731 ], [ -106.825801404688278, 23.90641645317185 ], [ -106.824755292442504, 23.90575369347437 ], [ -106.823285121953916, 23.904676422328283 ], [ -106.822823711145062, 23.904358008541809 ], [ -106.82237871690505, 23.904165382730678 ], [ -106.821758262635413, 23.904076226204424 ], [ -106.822067282912883, 23.90370127460843 ], [ -106.822225138532005, 23.903502481175167 ], [ -106.822461717303142, 23.903273656850867 ], [ -106.822809985176733, 23.903027427438936 ], [ -106.82321298752791, 23.902805077589047 ], [ -106.823852029271379, 23.902546935136328 ], [ -106.824332276319765, 23.902363678298446 ], [ -106.824981905363202, 23.902061807843566 ], [ -106.825799224431108, 23.901633866779463 ], [ -106.826636252951673, 23.901142326525356 ], [ -106.828189040968013, 23.900394987929531 ], [ -106.828472118832792, 23.900272129949986 ], [ -106.828926623647348, 23.900032223704034 ], [ -106.829340056045737, 23.899794262683862 ], [ -106.830984399498334, 23.900776250083986 ], [ -106.833737537547421, 23.902420324530162 ], [ -106.834603146995946, 23.902951754734122 ], [ -106.835490234856081, 23.903699625685991 ], [ -106.83589189081907, 23.90423658600271 ], [ -106.836879208278816, 23.905994528318068 ], [ -106.837224206174483, 23.906430582180949 ], [ -106.837846863428936, 23.906707561330411 ], [ -106.838391373479624, 23.90666719114266 ], [ -106.840309752274251, 23.906201805372309 ], [ -106.84085267612528, 23.906049708655413 ], [ -106.841467949801768, 23.905805322379869 ], [ -106.841803988640265, 23.905608296837201 ], [ -106.842756891584131, 23.904933228740962 ], [ -106.843181589220762, 23.904755453467789 ], [ -106.844210612918744, 23.904600902781365 ], [ -106.845255949155657, 23.904557886291432 ], [ -106.849105157096488, 23.904511639012203 ], [ -106.850249476047949, 23.904436924511508 ], [ -106.851740424312325, 23.904134554030339 ], [ -106.852726028157448, 23.903777312773002 ], [ -106.85583452751618, 23.902412530044312 ], [ -106.856776064308718, 23.902065953657502 ], [ -106.857075664049418, 23.902007090901428 ], [ -106.857276555129417, 23.901868038398948 ], [ -106.857870073716512, 23.901307829814833 ], [ -106.857876089387247, 23.901300137535134 ], [ -106.857882096850815, 23.901333079143107 ], [ -106.8584284578004, 23.901682000785339 ], [ -106.859139043645825, 23.901796997394591 ], [ -106.861908750891303, 23.901984697282415 ], [ -106.862729441705909, 23.902072949103044 ], [ -106.863789624190233, 23.902297117074614 ], [ -106.86448348104048, 23.902529106199214 ], [ -106.866661311632356, 23.903387538846012 ], [ -106.867387880703959, 23.903588643691918 ], [ -106.868600689908035, 23.903668714337169 ], [ -106.869606702146498, 23.903581993642327 ], [ -106.873088597013137, 23.903097185351907 ], [ -106.873927510440538, 23.902915973462999 ], [ -106.874257344341089, 23.902641169997739 ], [ -106.874515759956964, 23.902889051389344 ], [ -106.874731497440223, 23.903079219968419 ], [ -106.874900522973249, 23.903095415825526 ], [ -106.875220218961587, 23.903301444212403 ], [ -106.875416121118718, 23.903581287836857 ], [ -106.875834412538325, 23.904178806357908 ], [ -106.87606669258021, 23.904451924791495 ], [ -106.876536469073173, 23.904849116205749 ], [ -106.876975299116268, 23.905143413256457 ], [ -106.878553408428928, 23.90611959826045 ], [ -106.878943866389065, 23.906391906659199 ], [ -106.879368141435208, 23.906812218267959 ], [ -106.879506535435183, 23.907086478554668 ], [ -106.879759910467541, 23.907968233374294 ], [ -106.879948973103907, 23.908307898885017 ], [ -106.880264013327434, 23.908660224354325 ], [ -106.880397563390332, 23.908766282578899 ], [ -106.881369486535903, 23.909418029450229 ], [ -106.881633874791419, 23.90961794812042 ], [ -106.881895758406543, 23.909899158858618 ], [ -106.882005489223147, 23.910100970159625 ], [ -106.882130586133314, 23.910431257875441 ], [ -106.882255683734584, 23.910761545436149 ], [ -106.882387804556657, 23.910983397669252 ], [ -106.882754173496465, 23.911358132569287 ], [ -106.883145438064545, 23.911671615075555 ], [ -106.884604983790098, 23.912759789721651 ], [ -106.884957812391704, 23.913088974985886 ], [ -106.885144786341883, 23.913537007475732 ], [ -106.885059061555907, 23.913847869392129 ], [ -106.884348716320929, 23.915024045848309 ], [ -106.88426448824039, 23.915142564713303 ], [ -106.883882981372338, 23.915502761940424 ], [ -106.883019410974313, 23.916024313450251 ], [ -106.882827077742164, 23.916133629885838 ], [ -106.882352175583307, 23.916403548250692 ], [ -106.881931332307417, 23.916591541420633 ], [ -106.88116074325886, 23.916790586832626 ], [ -106.881145914651341, 23.916792688081578 ], [ -106.88048074508545, 23.916886942664021 ], [ -106.878106785422474, 23.91713453600229 ], [ -106.877375317659855, 23.917193526130085 ], [ -106.876498864955593, 23.917204230524391 ], [ -106.87594947651111, 23.917163534983896 ], [ -106.874262119136915, 23.916962909643434 ], [ -106.873677390870895, 23.916770270441312 ], [ -106.872636020641295, 23.91607191954667 ], [ -106.872401878217218, 23.915863172418241 ], [ -106.871797347089171, 23.915381250200589 ], [ -106.868748574329487, 23.912542569657884 ], [ -106.867814379415009, 23.911993553511746 ], [ -106.866503491025497, 23.912270194488212 ], [ -106.866269015784127, 23.912100359113154 ], [ -106.866485688456805, 23.911031159503384 ], [ -106.86609118729335, 23.910617786659792 ], [ -106.864033526551708, 23.909757895321761 ], [ -106.863453930406791, 23.909534678962331 ], [ -106.862806794555794, 23.909352910044092 ], [ -106.862461909449095, 23.909316457820644 ], [ -106.8614995801058, 23.909328114435148 ], [ -106.86115033555501, 23.909372974595058 ], [ -106.860482856017939, 23.909570667359489 ], [ -106.859878556626228, 23.909808224186772 ], [ -106.857725954292235, 23.910719114396617 ], [ -106.856967416939085, 23.910988997769074 ], [ -106.855580192647594, 23.911337573203664 ], [ -106.854356979658704, 23.911565649704698 ], [ -106.850035847574489, 23.91228136656007 ], [ -106.848879042419966, 23.912518758843333 ], [ -106.847801780340021, 23.91291094034197 ], [ -106.847419642148779, 23.913233813812024 ], [ -106.846713589820695, 23.91434837791769 ], [ -106.846348521597292, 23.914706596452039 ], [ -106.845350923918971, 23.915263716813687 ], [ -106.844290847870937, 23.915701379290311 ], [ -106.840341370776898, 23.917186629000362 ], [ -106.839272225808486, 23.917766577447185 ], [ -106.838232406623106, 23.918987808626092 ], [ -106.837816098253569, 23.920152481300295 ], [ -106.8369131269002, 23.924366390548297 ], [ -106.836728240289659, 23.925487662371978 ], [ -106.836768438031697, 23.926506357240562 ], [ -106.837010753212837, 23.92684036355449 ], [ -106.838101364186727, 23.927380359863925 ], [ -106.838440247415505, 23.927510050504061 ], [ -106.838931086470922, 23.927575281271992 ], [ -106.839293401129638, 23.927538777399587 ], [ -106.840493360543903, 23.927303190662435 ], [ -106.840817362973638, 23.927292536910851 ], [ -106.841102118391348, 23.927462150147729 ], [ -106.841187783718809, 23.927697799100251 ], [ -106.841322211874683, 23.928691659685207 ], [ -106.841418032301007, 23.928954615883125 ], [ -106.84161394834517, 23.929100750240146 ], [ -106.841635052975803, 23.929148964274507 ], [ -106.841973904002401, 23.929405620450154 ], [ -106.842330442076502, 23.92948091502674 ], [ -106.843655435267124, 23.929575627035863 ], [ -106.84400637787023, 23.929645905866508 ], [ -106.844123196745542, 23.92973303768305 ], [ -106.844229632326957, 23.929976177971099 ], [ -106.844485971270601, 23.931079178400246 ], [ -106.844642099387244, 23.931353970336122 ], [ -106.844987234848034, 23.931487937929798 ], [ -106.845367443351265, 23.931413958888484 ], [ -106.846804901299109, 23.93095425300864 ], [ -106.847245370883911, 23.930843992478902 ], [ -106.847846491819638, 23.93079065960362 ], [ -106.848243325339638, 23.930821830847041 ], [ -106.849569908875182, 23.931027079318063 ], [ -106.849976875138992, 23.931150844703829 ], [ -106.850549467392455, 23.931523173722368 ], [ -106.850960491671302, 23.93193130680574 ], [ -106.852306030350249, 23.933463591750677 ], [ -106.852750721790656, 23.933906865745499 ], [ -106.853480393861631, 23.934443198946404 ], [ -106.854078090931864, 23.934766114368397 ], [ -106.856137686061857, 23.935736704156536 ], [ -106.856741646554809, 23.936110321861243 ], [ -106.857500521440571, 23.936883296701385 ], [ -106.857980669810971, 23.93761392936899 ], [ -106.859462520118839, 23.9402505648432 ], [ -106.859898493532668, 23.940981724943654 ], [ -106.860451151621589, 23.941757179901053 ], [ -106.86080468716797, 23.942133813148629 ], [ -106.861901867572556, 23.943115976056674 ], [ -106.862281942630744, 23.943416100325255 ], [ -106.862958438334573, 23.943834520807719 ], [ -106.863544786421485, 23.944132138932556 ], [ -106.865604597029161, 23.945102587006307 ], [ -106.866152061538358, 23.945385430335079 ], [ -106.866252241424604, 23.945456163511132 ], [ -106.866647069080543, 23.945734934731568 ], [ -106.866806756721033, 23.945951385017747 ], [ -106.867056958256242, 23.946611982659501 ], [ -106.867485075710817, 23.947144506666827 ], [ -106.867492084380061, 23.947151823438748 ], [ -106.867819981712231, 23.947408550343411 ], [ -106.869035992207216, 23.948278604478443 ], [ -106.869375385012845, 23.948565661008516 ], [ -106.869743199522489, 23.949035209883377 ], [ -106.869929255738967, 23.949418937920946 ], [ -106.870429708640827, 23.950740119034421 ], [ -106.870610317579818, 23.951128991182141 ], [ -106.87095270130348, 23.951622547683606 ], [ -106.871261212278043, 23.951938755888794 ], [ -106.872358554882638, 23.952920832794611 ], [ -106.872705090140258, 23.953190864167382 ], [ -106.873224903293249, 23.95346893797284 ], [ -106.87362095764523, 23.953596154730956 ], [ -106.874949400281736, 23.95391175305387 ], [ -106.875284163445599, 23.954004161994614 ], [ -106.875331476488682, 23.954027567464315 ], [ -106.875517945699855, 23.954119812397693 ], [ -106.875517156822497, 23.954192618965006 ], [ -106.875279692400611, 23.954416732579869 ], [ -106.875341079037696, 23.954585277804902 ], [ -106.875865017721239, 23.955147707487697 ], [ -106.87655212049593, 23.955782630256397 ], [ -106.879234718882273, 23.958183142108187 ], [ -106.879944398649002, 23.958848244436773 ], [ -106.880573583128509, 23.959551574261702 ], [ -106.880762733014507, 23.95989123178612 ], [ -106.881016246145009, 23.960772971827755 ], [ -106.881132606685114, 23.961047495922863 ], [ -106.881422108177304, 23.961446868356933 ], [ -106.881719321908236, 23.961742875848866 ], [ -106.882816826797892, 23.962724866651463 ], [ -106.883163557425988, 23.963005026940888 ], [ -106.883684120260838, 23.963330455113113 ], [ -106.884081050476013, 23.963515192029799 ], [ -106.885412833381437, 23.96405186318735 ], [ -106.885681210873827, 23.964179274018036 ], [ -106.885770865475635, 23.964221836912348 ], [ -106.886109893532776, 23.964478383422101 ], [ -106.886236186812269, 23.964674905361601 ], [ -106.886486528271533, 23.965335461369477 ], [ -106.887105326624024, 23.966038748550492 ], [ -106.887112195078842, 23.966045575470872 ], [ -106.887630575233615, 23.966472592342324 ], [ -106.889578630902648, 23.967997090799816 ], [ -106.890119871685727, 23.968474604993226 ], [ -106.890697582682492, 23.969178521449258 ], [ -106.890981642011681, 23.969706603453346 ], [ -106.891729550592018, 23.971467068060363 ], [ -106.892002122399404, 23.9719648163431 ], [ -106.892507081579538, 23.972506658760125 ], [ -106.892938851842999, 23.972776028423013 ], [ -106.894514695304139, 23.973530811774047 ], [ -106.894919732882869, 23.973762820105371 ], [ -106.895061498436561, 23.973910724364007 ], [ -106.895131307698406, 23.973952072483495 ], [ -106.895445630954129, 23.97428000429084 ], [ -106.895463488685621, 23.974493093419873 ], [ -106.895232499229778, 23.975159577854136 ], [ -106.895228251718848, 23.975372940110098 ], [ -106.895439421438795, 23.975702146131919 ], [ -106.895745340993884, 23.97595907760638 ], [ -106.896961804941782, 23.976828878817674 ], [ -106.897289835510691, 23.977085533438768 ], [ -106.897604172105432, 23.977413459872853 ], [ -106.897725193073697, 23.977625272152075 ], [ -106.897975621707801, 23.978285803102679 ], [ -106.898030401753132, 23.978503513505373 ], [ -106.89803561170622, 23.978858964801926 ], [ -106.89798827413226, 23.979149041987274 ], [ -106.897762153654213, 23.980147284089036 ], [ -106.897723965987879, 23.98022256509293 ], [ -106.897985315397761, 23.980413698835676 ], [ -106.898328385240731, 23.980312955868502 ], [ -106.897987101773808, 23.980535567826497 ], [ -106.897708618043438, 23.980894529544496 ], [ -106.897652068455997, 23.981184720616135 ], [ -106.897533406926456, 23.981008430911114 ], [ -106.896994238745094, 23.981181008063043 ], [ -106.896342656024288, 23.981603834509382 ], [ -106.893841062810424, 23.983404426161183 ], [ -106.89308137548845, 23.983996175188981 ], [ -106.892037794771369, 23.98495709758765 ], [ -106.891306651045255, 23.985738095152097 ], [ -106.888938178316621, 23.988421812819066 ], [ -106.888178028879935, 23.989111735801448 ], [ -106.886999190137956, 23.989647672595165 ], [ -106.886075289860258, 23.989723371750301 ], [ -106.882942602722409, 23.989540663618651 ], [ -106.882017369943028, 23.989524935938839 ], [ -106.880832299973378, 23.989634281960591 ], [ -106.880064573850703, 23.989806219838691 ], [ -106.87766690642728, 23.990499234228217 ], [ -106.876965641069532, 23.990680500763016 ], [ -106.876090752461323, 23.990833415756327 ], [ -106.875542178415429, 23.990870600186735 ], [ -106.873857055127672, 23.990891204261214 ], [ -106.873362132686466, 23.990815990772226 ], [ -106.872737621179894, 23.990444399955791 ], [ -106.87234038634837, 23.989988769766512 ], [ -106.871111154063186, 23.988234080585919 ], [ -106.870741346281221, 23.987762874294457 ], [ -106.870486845265674, 23.987535173685991 ], [ -106.870244790117297, 23.987318607132096 ], [ -106.869905230304937, 23.987155146284838 ], [ -106.868817174888662, 23.986836592380943 ], [ -106.868557632636339, 23.986854991778713 ], [ -106.868434487514961, 23.987259414394121 ], [ -106.8685181090176, 23.987818761849965 ], [ -106.869031500459386, 23.990024625339469 ], [ -106.869158143180641, 23.990883099548238 ], [ -106.869235741302177, 23.992683450751219 ], [ -106.869219952320719, 23.994396906799743 ], [ -106.869068674252532, 24.000592681748454 ], [ -106.868998641824149, 24.002377901580186 ], [ -106.868823095541515, 24.004513154689452 ], [ -106.868642345427901, 24.005778296538864 ], [ -106.867974374245463, 24.009547037600413 ], [ -106.867742467717534, 24.010716304125491 ], [ -106.867328221696198, 24.012404141065826 ], [ -106.866968345934211, 24.013646069873619 ], [ -106.865703133860819, 24.017753896591195 ], [ -106.86530713028958, 24.018793108739562 ], [ -106.864724365244854, 24.01953494217889 ], [ -106.864287852089049, 24.019555491686472 ], [ -106.862833568074763, 24.018909548125254 ], [ -106.862322189343459, 24.018722769742595 ], [ -106.861390032660509, 24.018497086241606 ], [ -106.86056975902045, 24.018361457328336 ], [ -106.857673979027666, 24.017954175526562 ], [ -106.856830869003161, 24.01776801456824 ], [ -106.856380748378413, 24.01756805817503 ], [ -106.855792131091178, 24.017306574604813 ], [ -106.855151331947724, 24.016833537144354 ], [ -106.854839333077649, 24.016554403673755 ], [ -106.851977987967146, 24.014544682526946 ], [ -106.85102546281712, 24.013923027923667 ], [ -106.849986096503258, 24.013414150600859 ], [ -106.849453805652487, 24.013308841534332 ], [ -106.848009142412224, 24.013326272892847 ], [ -106.847521948211295, 24.013281359575874 ], [ -106.846693040938078, 24.013054338162391 ], [ -106.845996084102055, 24.012774933648995 ], [ -106.843572547787517, 24.011698045300626 ], [ -106.842820179597041, 24.011409134497864 ], [ -106.841732643579164, 24.011137792436951 ], [ -106.840931387002826, 24.011039071421141 ], [ -106.838279725926711, 24.010849692106902 ], [ -106.837416726696731, 24.010685667525514 ], [ -106.836041062327411, 24.010109618978262 ], [ -106.834938834440464, 24.009450713945068 ], [ -106.831170848179696, 24.006951818204282 ], [ -106.83017822075243, 24.00622046172678 ], [ -106.8293138666522, 24.00530641920232 ], [ -106.829071695061415, 24.004732006275624 ], [ -106.828805913020958, 24.002965457833927 ], [ -106.828758436756033, 24.002475062332465 ], [ -106.828802657327984, 24.001953099199891 ], [ -106.828913305074522, 24.001697833087348 ], [ -106.829385437898438, 24.001028553638889 ], [ -106.829507713477454, 24.000813779718953 ], [ -106.829606202629108, 24.000480781583843 ], [ -106.829624626136408, 24.000219843943899 ], [ -106.829612113992937, 23.999335133055038 ], [ -106.829562340379127, 23.998942957509566 ], [ -106.829342577529033, 23.99799751554205 ], [ -106.829078407619662, 23.997039059065688 ], [ -106.82806541276635, 23.993511697490334 ], [ -106.82789917582204, 23.992440333510768 ], [ -106.828136358262597, 23.990968003356077 ], [ -106.828641417945065, 23.989936037846149 ], [ -106.830761119215353, 23.986592514527992 ], [ -106.831344668990624, 23.985640867121901 ], [ -106.831948258121827, 23.98454338266481 ], [ -106.832226983430616, 23.983927196339739 ], [ -106.832924107617146, 23.982149144313016 ], [ -106.833077362313333, 23.981651271369639 ], [ -106.833095437420198, 23.981105917765845 ], [ -106.832968005701545, 23.980824714100937 ], [ -106.83206501481051, 23.979868354617686 ], [ -106.832052120940318, 23.979859939268824 ], [ -106.831250249705406, 23.9797036035948 ], [ -106.830407851393687, 23.979678106412763 ], [ -106.827278525627889, 23.979715419139634 ], [ -106.826435983207503, 23.979679743925399 ], [ -106.825633449584956, 23.979475982936254 ], [ -106.825329516301821, 23.979220574402493 ], [ -106.824713699166878, 23.978232429627219 ], [ -106.824547149028916, 23.977919516566846 ], [ -106.824385727039896, 23.977447402150702 ], [ -106.824321673980833, 23.977085866195718 ], [ -106.824190938820365, 23.975930517104423 ], [ -106.824102943030056, 23.975727875412851 ], [ -106.823504091139256, 23.975332065790855 ], [ -106.822859959324788, 23.975253379242986 ], [ -106.820452858288618, 23.975281963635783 ], [ -106.819809726564685, 23.975274357597957 ], [ -106.819215548764817, 23.975210299847422 ], [ -106.819009855372983, 23.975126396861032 ], [ -106.818644131540438, 23.974798908156185 ], [ -106.818492420737016, 23.974622943280167 ], [ -106.818150161332042, 23.974129262591337 ], [ -106.8178129322025, 23.973599968691403 ], [ -106.816581477741323, 23.971623604086062 ], [ -106.816260057907357, 23.971038250242305 ], [ -106.81599153151214, 23.970282970805307 ], [ -106.815929340135852, 23.969789354710773 ], [ -106.815907639151746, 23.968241092615191 ], [ -106.81597850558299, 23.967776375371308 ], [ -106.816330913507372, 23.967155956799065 ] ] ] ] } },
{ "type": "Feature", "properties": { "fid": 70.0, "cat": 71, "VULNERABIL": 4.0, "CLAVE_ACUI": "2506", "NOM_ACUIF": "RIO ELOTA" }, "geometry": { "type": "MultiPolygon", "coordinates": [ [ [ [ -106.889326478553485, 23.91662721241028 ], [ -106.888908520496997, 23.916253129220461 ], [ -106.888455314852678, 23.915987826728976 ], [ -106.886758324905415, 23.915123820118559 ], [ -106.886354767139935, 23.914852822607365 ], [ -106.886318796981783, 23.914775466045292 ], [ -106.886168475128827, 23.914452186271422 ], [ -106.88630589954289, 23.91415084707852 ], [ -106.887133497108138, 23.913145231746 ], [ -106.887513810782252, 23.912830751503328 ], [ -106.888461013715229, 23.912368791359206 ], [ -106.889433843934071, 23.912023324278383 ], [ -106.893026477654715, 23.910873059334978 ], [ -106.893972775514172, 23.910604074034502 ], [ -106.894796239452674, 23.910499120290517 ], [ -106.895026322658566, 23.910618176106407 ], [ -106.895276583031375, 23.911278725910218 ], [ -106.895419328436304, 23.911469961706512 ], [ -106.895835212476484, 23.911701845251773 ], [ -106.896286587515164, 23.91184187062056 ], [ -106.897977125337306, 23.912263427811901 ], [ -106.898710058786079, 23.912389811089511 ], [ -106.900439873022179, 23.912558042255789 ], [ -106.90217810311907, 23.912671975382473 ], [ -106.90657503777841, 23.912922309836198 ], [ -106.910223109357446, 23.913297341875413 ], [ -106.911955479389519, 23.913589660654822 ], [ -106.911921916547314, 23.914148396473337 ], [ -106.911911304842121, 23.914532228896796 ], [ -106.91190920839982, 23.915123369678447 ], [ -106.911961238165475, 23.918657570894474 ], [ -106.912027285661026, 23.920141452732917 ], [ -106.912117014060456, 23.921232278811654 ], [ -106.912277408845284, 23.923119596959289 ], [ -106.912568873822067, 23.925902537229788 ], [ -106.913679673433094, 23.935953745481417 ], [ -106.913815515217337, 23.93759757430951 ], [ -106.913994409176169, 23.939185012223977 ], [ -106.914291688461688, 23.941373317435211 ], [ -106.914276830783521, 23.941348441167854 ], [ -106.913831190687517, 23.940856274688073 ], [ -106.913370203099959, 23.940447251485992 ], [ -106.911664588177359, 23.939030630862536 ], [ -106.911209138522565, 23.938621531461887 ], [ -106.91078930122238, 23.938129033804042 ], [ -106.910644981457651, 23.937834566283524 ], [ -106.910391326901603, 23.936952882571756 ], [ -106.910274931475485, 23.936678382390792 ], [ -106.909985406141701, 23.936279065291266 ], [ -106.909688194657335, 23.935983112010934 ], [ -106.908590742020536, 23.935001308739203 ], [ -106.908260837674021, 23.934736231398571 ], [ -106.907818727645079, 23.93448101171067 ], [ -106.907517045460963, 23.934381489649855 ], [ -106.906551305906646, 23.934172270087004 ], [ -106.906171089000026, 23.933992459192968 ], [ -106.905362486073571, 23.933362562144787 ], [ -106.904587562409461, 23.932642517131619 ], [ -106.90177992223397, 23.929912170767221 ], [ -106.901037589939534, 23.92915107143752 ], [ -106.900380945858984, 23.928329655118524 ], [ -106.900185208846509, 23.927917305846027 ], [ -106.8999284114348, 23.92681442711525 ], [ -106.899761265432062, 23.926467748175718 ], [ -106.899309454022799, 23.926023070472063 ], [ -106.898848088093843, 23.925734142926135 ], [ -106.897028986171236, 23.924761164320532 ], [ -106.896527364558224, 23.924462627181747 ], [ -106.896005551734362, 23.924042445452613 ], [ -106.895873962849805, 23.92387961176771 ], [ -106.895371086226703, 23.923474672322758 ], [ -106.895205637130033, 23.923243086776967 ], [ -106.894955349502851, 23.922582539258858 ], [ -106.894778409700422, 23.922320621825946 ], [ -106.894209795511159, 23.921765540576349 ], [ -106.893557880328117, 23.921218323331221 ], [ -106.891122888359476, 23.919257403566203 ], [ -106.89047766631154, 23.918706669485104 ], [ -106.889901581101782, 23.918097521860169 ], [ -106.889723820428344, 23.91777804744433 ], [ -106.889470354856272, 23.916896315564578 ], [ -106.889326478553485, 23.91662721241028 ] ] ] ] } },
{ "type": "Feature", "properties": { "fid": 71.0, "cat": 72, "VULNERABIL": 1.0, "CLAVE_ACUI": "2506", "NOM_ACUIF": "RIO ELOTA" }, "geometry": { "type": "MultiPolygon", "coordinates": [ [ [ [ -106.836768438031697, 23.926506357240562 ], [ -106.836728240289659, 23.925487662371978 ], [ -106.8369131269002, 23.924366390548297 ], [ -106.837816098253569, 23.920152481300295 ], [ -106.838232406623106, 23.918987808626092 ], [ -106.839272225808486, 23.917766577447185 ], [ -106.840341370776898, 23.917186629000362 ], [ -106.844290847870937, 23.915701379290311 ], [ -106.845350923918971, 23.915263716813687 ], [ -106.846348521597292, 23.914706596452039 ], [ -106.846713589820695, 23.91434837791769 ], [ -106.847419642148779, 23.913233813812024 ], [ -106.847801780340021, 23.91291094034197 ], [ -106.848879042419966, 23.912518758843333 ], [ -106.850035847574489, 23.91228136656007 ], [ -106.854356979658704, 23.911565649704698 ], [ -106.855580192647594, 23.911337573203664 ], [ -106.856967416939085, 23.910988997769074 ], [ -106.857725954292235, 23.910719114396617 ], [ -106.859878556626228, 23.909808224186772 ], [ -106.860482856017939, 23.909570667359489 ], [ -106.86115033555501, 23.909372974595058 ], [ -106.8614995801058, 23.909328114435148 ], [ -106.862461909449095, 23.909316457820644 ], [ -106.862806794555794, 23.909352910044092 ], [ -106.863453930406791, 23.909534678962331 ], [ -106.864033526551708, 23.909757895321761 ], [ -106.86609118729335, 23.910617786659792 ], [ -106.866485688456805, 23.911031159503384 ], [ -106.866269015784127, 23.912100359113154 ], [ -106.862495983186065, 23.917344100850709 ], [ -106.861643750938811, 23.918531039726606 ], [ -106.860735758046715, 23.919940428519258 ], [ -106.860290865889681, 23.920766904682441 ], [ -106.8591226818168, 23.923214403129041 ], [ -106.8587587422643, 23.923907844505116 ], [ -106.85822856307729, 23.924696409087751 ], [ -106.857835104715619, 23.925129488384595 ], [ -106.856529133626012, 23.92636195550924 ], [ -106.856112260357492, 23.926703893410433 ], [ -106.855472835650929, 23.927067140927111 ], [ -106.854976245698779, 23.927244127611431 ], [ -106.853298244870317, 23.927706808745633 ], [ -106.852813132731214, 23.927914123711854 ], [ -106.852227282135217, 23.928418921916279 ], [ -106.851875463950918, 23.928932747901108 ], [ -106.850819481321835, 23.93082580197142 ], [ -106.850606272001784, 23.931373507814172 ], [ -106.850549467392455, 23.931523173722368 ], [ -106.849976875138992, 23.931150844703829 ], [ -106.849569908875182, 23.931027079318063 ], [ -106.848243325339638, 23.930821830847041 ], [ -106.847846491819638, 23.93079065960362 ], [ -106.847245370883911, 23.930843992478902 ], [ -106.846804901299109, 23.93095425300864 ], [ -106.845367443351265, 23.931413958888484 ], [ -106.844987234848034, 23.931487937929798 ], [ -106.844642099387244, 23.931353970336122 ], [ -106.844485971270601, 23.931079178400246 ], [ -106.844229632326957, 23.929976177971099 ], [ -106.844123196745542, 23.92973303768305 ], [ -106.84400637787023, 23.929645905866508 ], [ -106.843655435267124, 23.929575627035863 ], [ -106.842330442076502, 23.92948091502674 ], [ -106.841973904002401, 23.929405620450154 ], [ -106.841635052975803, 23.929148964274507 ], [ -106.84161394834517, 23.929100750240146 ], [ -106.841418032301007, 23.928954615883125 ], [ -106.841322211874683, 23.928691659685207 ], [ -106.841187783718809, 23.927697799100251 ], [ -106.841102118391348, 23.927462150147729 ], [ -106.840817362973638, 23.927292536910851 ], [ -106.840493360543903, 23.927303190662435 ], [ -106.839293401129638, 23.927538777399587 ], [ -106.838931086470922, 23.927575281271992 ], [ -106.838440247415505, 23.927510050504061 ], [ -106.838101364186727, 23.927380359863925 ], [ -106.837010753212837, 23.92684036355449 ], [ -106.836768438031697, 23.926506357240562 ] ] ] ] } },
{ "type": "Feature", "properties": { "fid": 72.0, "cat": 77, "VULNERABIL": 3.0, "CLAVE_ACUI": "2506", "NOM_ACUIF": "RIO ELOTA" }, "geometry": { "type": "MultiPolygon", "coordinates": [ [ [ [ -106.820665453443041, 23.903178932891343 ], [ -106.820351579861551, 23.902650598364449 ], [ -106.819988407211213, 23.902142182859546 ], [ -106.81968746540646, 23.901689637026003 ], [ -106.819534132509617, 23.901399341541694 ], [ -106.819444157807169, 23.901119193482852 ], [ -106.819382568180274, 23.900729235976659 ], [ -106.819374249884206, 23.900134980446953 ], [ -106.819325845988544, 23.899834199393563 ], [ -106.819112346165952, 23.899315281647333 ], [ -106.818855751627083, 23.898874751194647 ], [ -106.817871823805405, 23.897337855568033 ], [ -106.81780095745863, 23.897236284048141 ], [ -106.817365570726096, 23.896706524675263 ], [ -106.81710594153877, 23.896483461000809 ], [ -106.816809727691663, 23.896293240040052 ], [ -106.816569146243168, 23.89618617106262 ], [ -106.816299704142196, 23.89609504124531 ], [ -106.816042598615937, 23.896024789158965 ], [ -106.815638373527591, 23.895955221278399 ], [ -106.816518846832125, 23.895397068088919 ], [ -106.817679866882216, 23.89480168137764 ], [ -106.819323919050888, 23.893819559960665 ], [ -106.819958060039227, 23.893476843213989 ], [ -106.820650643471467, 23.893231626132003 ], [ -106.821005910248374, 23.893224034129531 ], [ -106.821971241787494, 23.893433819870946 ], [ -106.822323548078288, 23.893609103659887 ], [ -106.823002314770875, 23.894217310650713 ], [ -106.823619680087035, 23.894910892232186 ], [ -106.82582200272418, 23.897539378410393 ], [ -106.826444993901418, 23.898237959044046 ], [ -106.82711820969881, 23.898841132340348 ], [ -106.827149912535646, 23.898869536539824 ], [ -106.827533943193231, 23.899073211133061 ], [ -106.828621166412617, 23.899392112443866 ], [ -106.828865904463271, 23.8995110972952 ], [ -106.829340056045737, 23.899794262683862 ], [ -106.828926623647348, 23.900032223704034 ], [ -106.828472118832792, 23.900272129949986 ], [ -106.828189040968013, 23.900394987929531 ], [ -106.826636252951673, 23.901142326525356 ], [ -106.825799224431108, 23.901633866779463 ], [ -106.824981905363202, 23.902061807843566 ], [ -106.824332276319765, 23.902363678298446 ], [ -106.823852029271379, 23.902546935136328 ], [ -106.82321298752791, 23.902805077589047 ], [ -106.822809985176733, 23.903027427438936 ], [ -106.822461717303142, 23.903273656850867 ], [ -106.822225138532005, 23.903502481175167 ], [ -106.822067282912883, 23.90370127460843 ], [ -106.821758262635413, 23.904076226204424 ], [ -106.821298258579731, 23.904128533892838 ], [ -106.821029415063563, 23.903747777462261 ], [ -106.820665453443041, 23.903178932891343 ] ] ] ] } },
{ "type": "Feature", "properties": { "fid": 73.0, "cat": 75, "VULNERABIL": 4.0, "CLAVE_ACUI": "2506", "NOM_ACUIF": "RIO ELOTA" }, "geometry": { "type": "MultiPolygon", "coordinates": [ [ [ [ -106.857558897013433, 23.885904634381216 ], [ -106.857391863861679, 23.885406094821036 ], [ -106.857720810375085, 23.885429133876443 ], [ -106.857990241631555, 23.885414836643942 ], [ -106.858185117759348, 23.885370099410029 ], [ -106.85837789258585, 23.885292574321888 ], [ -106.858587334848082, 23.885165464686732 ], [ -106.858924866822036, 23.884971983932445 ], [ -106.859460994939298, 23.884609979626351 ], [ -106.859854963994493, 23.884220911692626 ], [ -106.861157342535279, 23.88276726091377 ], [ -106.861384397010411, 23.88241224897461 ], [ -106.861497746175587, 23.882198646011876 ], [ -106.861545495422277, 23.881980492580364 ], [ -106.861541570055735, 23.88177243430308 ], [ -106.861456704428448, 23.881456208654246 ], [ -106.861321225548721, 23.881096004638174 ], [ -106.860333802580755, 23.879338222633372 ], [ -106.860098238837438, 23.878829791649107 ], [ -106.859986348121112, 23.878214900694559 ], [ -106.860062066013867, 23.877844916436931 ], [ -106.860527301659118, 23.876733213659179 ], [ -106.860681199303926, 23.876423231036465 ], [ -106.860934156365687, 23.876088348677033 ], [ -106.861141626078492, 23.875919927818881 ], [ -106.861856858690189, 23.875468844537714 ], [ -106.862063308896879, 23.875229329870464 ], [ -106.862311512263346, 23.874562679705036 ], [ -106.862459637785221, 23.87384983710583 ], [ -106.862902679630125, 23.871189888035353 ], [ -106.863056103250344, 23.870461744019629 ], [ -106.863329045217924, 23.869723688085436 ], [ -106.863565538929521, 23.869397466318166 ], [ -106.86439622992765, 23.868613151831354 ], [ -106.864689246624039, 23.868377664549897 ], [ -106.865225971320214, 23.868063039735048 ], [ -106.865699703705971, 23.867849062256997 ], [ -106.867373720430194, 23.867165116123903 ], [ -106.867852603088835, 23.86692567523702 ], [ -106.868413381148684, 23.866492239880337 ], [ -106.868735609996321, 23.866112488091161 ], [ -106.869678557430845, 23.864773746636875 ], [ -106.870006300146287, 23.864393925536721 ], [ -106.870592827730405, 23.863960170208365 ], [ -106.871102981487553, 23.863720340002402 ], [ -106.872424051320792, 23.863215630455503 ], [ -106.873172225437514, 23.862912360611801 ], [ -106.873469330630172, 23.862775228154625 ], [ -106.873757767265715, 23.862613671974493 ], [ -106.8740259325658, 23.862418442344008 ], [ -106.874471496254472, 23.86285198455796 ], [ -106.875350404880379, 23.863785138801479 ], [ -106.876055379257906, 23.864398221687484 ], [ -106.877279708511239, 23.865344879505116 ], [ -106.877899079092572, 23.865823770733719 ], [ -106.878595630590866, 23.866382415373121 ], [ -106.879170392523477, 23.866920534864683 ], [ -106.879294924820556, 23.867130635276091 ], [ -106.879301310811599, 23.86757298586091 ], [ -106.879358776512177, 23.867728037119566 ], [ -106.879620564390976, 23.868009258772105 ], [ -106.879937082256404, 23.86825595213557 ], [ -106.881152386753655, 23.869125959994392 ], [ -106.881480247399367, 23.8693928268039 ], [ -106.881794950672642, 23.869768203423501 ], [ -106.88191666545535, 23.870037589484504 ], [ -106.882169965714212, 23.870919347844808 ], [ -106.882285940299667, 23.871173567010853 ], [ -106.882573853264077, 23.871478164815244 ], [ -106.882869183180787, 23.871659084945804 ], [ -106.88395948091356, 23.872198776410769 ], [ -106.884277049050723, 23.872389579178058 ], [ -106.884637024247368, 23.872711912943707 ], [ -106.884847295414659, 23.872993755330789 ], [ -106.885462995000765, 23.873981674340961 ], [ -106.885712439282372, 23.874298587523558 ], [ -106.885923828716471, 23.87448786591986 ], [ -106.88626080961366, 23.874789597261827 ], [ -106.886794753101526, 23.875174125222003 ], [ -106.888738139669641, 23.876477564137648 ], [ -106.889244117950881, 23.876837031676395 ], [ -106.889275827703784, 23.876865422632704 ], [ -106.889661941686256, 23.877211123674726 ], [ -106.889752852339811, 23.877386074792611 ], [ -106.889759276958728, 23.877828422119553 ], [ -106.889884058750752, 23.878053745843559 ], [ -106.890459952374115, 23.878662907701713 ], [ -106.891157881258749, 23.879307812211788 ], [ -106.893839045781363, 23.88170817367801 ], [ -106.894548200316692, 23.882363080413459 ], [ -106.895176367512079, 23.883018981150176 ], [ -106.895364589328395, 23.883301078427216 ], [ -106.895614788404586, 23.883961633105894 ], [ -106.895757797308704, 23.884173182870157 ], [ -106.896174972699868, 23.884499860026306 ], [ -106.896627929689558, 23.884754990819907 ], [ -106.898324565427629, 23.885618912521711 ], [ -106.898789019948424, 23.885904367711031 ], [ -106.899259827608233, 23.886372581492633 ], [ -106.899467954871653, 23.886756004124106 ], [ -106.899968412416456, 23.888077095468148 ], [ -106.900165796455255, 23.888480964915992 ], [ -106.900458758161236, 23.888873495464974 ], [ -106.900586459986158, 23.889044598309106 ], [ -106.900990024872158, 23.889445918669885 ], [ -106.902452679726622, 23.890755104780212 ], [ -106.902875575187949, 23.891188319886567 ], [ -106.90298185530024, 23.891351247242291 ], [ -106.903837378453005, 23.892748321995239 ], [ -106.904723564464035, 23.894612871410494 ], [ -106.904909358964474, 23.894928393809995 ], [ -106.905038815293594, 23.895109610930472 ], [ -106.905160826685361, 23.895237785165566 ], [ -106.9051359113937, 23.895401206459347 ], [ -106.905082809323915, 23.89561065610485 ], [ -106.905028233236223, 23.89575697268295 ], [ -106.904897432945958, 23.895995822601069 ], [ -106.90477365738748, 23.896158976111114 ], [ -106.9046319566081, 23.896286159042575 ], [ -106.904448523699998, 23.896415126539036 ], [ -106.90425906448516, 23.896522594564406 ], [ -106.903956939965624, 23.896693970369796 ], [ -106.903484877873041, 23.89695395435248 ], [ -106.901734436342181, 23.897876618950189 ], [ -106.900788694414203, 23.898176113127917 ], [ -106.898524051212334, 23.898441102864378 ], [ -106.896234588067514, 23.898520141333044 ], [ -106.887815047990955, 23.898623738155958 ], [ -106.885558406891548, 23.898681899490196 ], [ -106.88344697953012, 23.898849984363551 ], [ -106.882687297603809, 23.899031969253002 ], [ -106.881253537685652, 23.899713157019537 ], [ -106.880804317007218, 23.899972596288137 ], [ -106.880141720018088, 23.900502131142627 ], [ -106.879644371927711, 23.900999170073742 ], [ -106.877985987027344, 23.90278914241107 ], [ -106.877515798226142, 23.903255370133213 ], [ -106.876979994203111, 23.903641135512771 ], [ -106.876684751180051, 23.903726001793974 ], [ -106.875842756105968, 23.903736277288655 ], [ -106.875416121118718, 23.903581287836857 ], [ -106.875220218961587, 23.903301444212403 ], [ -106.874900522973249, 23.903095415825526 ], [ -106.874731497440223, 23.903079219968419 ], [ -106.874515759956964, 23.902889051389344 ], [ -106.874257344341089, 23.902641169997739 ], [ -106.874360562661337, 23.902555172548546 ], [ -106.874140298522164, 23.902220957991894 ], [ -106.872679364702648, 23.901022082074356 ], [ -106.872293339220391, 23.900684804327017 ], [ -106.871994952687956, 23.900356149016503 ], [ -106.871915777990125, 23.900167968184135 ], [ -106.871909407313723, 23.899725617595216 ], [ -106.871863272103326, 23.899590742037674 ], [ -106.87165434540222, 23.899403673176653 ], [ -106.871652411828123, 23.899402658879243 ], [ -106.871651858183199, 23.899401446164447 ], [ -106.871442932089863, 23.899214376973745 ], [ -106.871216717144534, 23.899105394266694 ], [ -106.87036997550004, 23.898783874690388 ], [ -106.870148535155607, 23.898665351634932 ], [ -106.869907896084413, 23.898406884082256 ], [ -106.869797512903247, 23.898157667289592 ], [ -106.869544228336977, 23.897275889572065 ], [ -106.869310733869952, 23.896916433151965 ], [ -106.868474381487829, 23.896120744819736 ], [ -106.867513095389882, 23.895343498224314 ], [ -106.863863535204132, 23.892511979764905 ], [ -106.862902302849506, 23.891734700619452 ], [ -106.862066022828373, 23.890938972405262 ], [ -106.861832560887464, 23.890579502354402 ], [ -106.861579347952883, 23.889697706418882 ], [ -106.861228384539515, 23.88918999836304 ], [ -106.861207191453005, 23.889167230359373 ], [ -106.860943554204439, 23.889014666572486 ], [ -106.859975047515704, 23.888583950161497 ], [ -106.85978017490045, 23.8884674801286 ], [ -106.859354501268314, 23.888064937199406 ], [ -106.859149028556146, 23.8877305186275 ], [ -106.858530287746134, 23.886521310163403 ], [ -106.858362537023083, 23.886297011852395 ], [ -106.858238115226655, 23.886164424177206 ], [ -106.85804085614204, 23.886035414583329 ], [ -106.857882316004819, 23.885960252344827 ], [ -106.857682915275291, 23.885919666962174 ], [ -106.857558897013433, 23.885904634381216 ] ] ] ] } },
{ "type": "Feature", "properties": { "fid": 74.0, "cat": 76, "VULNERABIL": 3.0, "CLAVE_ACUI": "2506", "NOM_ACUIF": "RIO ELOTA" }, "geometry": { "type": "MultiPolygon", "coordinates": [ [ [ [ -106.874257344341089, 23.902641169997739 ], [ -106.873927510440538, 23.902915973462999 ], [ -106.873088597013137, 23.903097185351907 ], [ -106.869606702146498, 23.903581993642327 ], [ -106.868600689908035, 23.903668714337169 ], [ -106.867387880703959, 23.903588643691918 ], [ -106.866661311632356, 23.903387538846012 ], [ -106.86448348104048, 23.902529106199214 ], [ -106.863789624190233, 23.902297117074614 ], [ -106.862729441705909, 23.902072949103044 ], [ -106.861908750891303, 23.901984697282415 ], [ -106.859139043645825, 23.901796997394591 ], [ -106.8584284578004, 23.901682000785339 ], [ -106.857882096850815, 23.901333079143107 ], [ -106.857876089387247, 23.901300137535134 ], [ -106.857812166601803, 23.900949619059734 ], [ -106.858032182384378, 23.899509061448235 ], [ -106.858044374489552, 23.899073819808734 ], [ -106.857881258476965, 23.898483249745595 ], [ -106.85763604484157, 23.898074819451661 ], [ -106.856654841920317, 23.896759376985091 ], [ -106.856398517051431, 23.896345999501609 ], [ -106.85618352622329, 23.895732351436195 ], [ -106.856132720305709, 23.895269089237352 ], [ -106.856110616641644, 23.89372084712755 ], [ -106.856048476510963, 23.893237405810197 ], [ -106.855780593682582, 23.892529588209481 ], [ -106.855460045859758, 23.892001860861903 ], [ -106.854232057677777, 23.890246943841447 ], [ -106.853912101373609, 23.889759836885407 ], [ -106.853646940740973, 23.889241595162776 ], [ -106.853643017633701, 23.889224712651956 ], [ -106.853588094255002, 23.888988357479555 ], [ -106.853578636806716, 23.888324823687245 ], [ -106.853614328259411, 23.88811615717092 ], [ -106.853790345125276, 23.887805913825854 ], [ -106.854006105760888, 23.88757137534682 ], [ -106.854836966270952, 23.886787103491447 ], [ -106.855119284621779, 23.886572076789705 ], [ -106.855605914777001, 23.886352892222604 ], [ -106.856462276055581, 23.886153965864153 ], [ -106.856965251681032, 23.886039608683237 ], [ -106.857558897013433, 23.885904634381216 ], [ -106.857682915275291, 23.885919666962174 ], [ -106.857882316004819, 23.885960252344827 ], [ -106.85804085614204, 23.886035414583329 ], [ -106.858238115226655, 23.886164424177206 ], [ -106.858362537023083, 23.886297011852395 ], [ -106.858530287746134, 23.886521310163403 ], [ -106.859149028556146, 23.8877305186275 ], [ -106.859354501268314, 23.888064937199406 ], [ -106.85978017490045, 23.8884674801286 ], [ -106.859975047515704, 23.888583950161497 ], [ -106.860943554204439, 23.889014666572486 ], [ -106.861207191453005, 23.889167230359373 ], [ -106.861228384539515, 23.88918999836304 ], [ -106.861579347952883, 23.889697706418882 ], [ -106.861832560887464, 23.890579502354402 ], [ -106.862066022828373, 23.890938972405262 ], [ -106.862902302849506, 23.891734700619452 ], [ -106.863863535204132, 23.892511979764905 ], [ -106.867513095389882, 23.895343498224314 ], [ -106.868474381487829, 23.896120744819736 ], [ -106.869310733869952, 23.896916433151965 ], [ -106.869544228336977, 23.897275889572065 ], [ -106.869797512903247, 23.898157667289592 ], [ -106.869907896084413, 23.898406884082256 ], [ -106.870148535155607, 23.898665351634932 ], [ -106.87036997550004, 23.898783874690388 ], [ -106.871216717144534, 23.899105394266694 ], [ -106.871442932089863, 23.899214376973745 ], [ -106.871651858183199, 23.899401446164447 ], [ -106.871652411828123, 23.899402658879243 ], [ -106.87165434540222, 23.899403673176653 ], [ -106.871863272103326, 23.899590742037674 ], [ -106.871909407313723, 23.899725617595216 ], [ -106.871915777990125, 23.900167968184135 ], [ -106.871994952687956, 23.900356149016503 ], [ -106.872293339220391, 23.900684804327017 ], [ -106.872679364702648, 23.901022082074356 ], [ -106.874140298522164, 23.902220957991894 ], [ -106.874360562661337, 23.902555172548546 ], [ -106.874257344341089, 23.902641169997739 ] ] ] ] } },
{ "type": "Feature", "properties": { "fid": 75.0, "cat": 74, "VULNERABIL": 4.0, "CLAVE_ACUI": "2506", "NOM_ACUIF": "RIO ELOTA" }, "geometry": { "type": "MultiPolygon", "coordinates": [ [ [ [ -106.913654117746944, 23.91122991102969 ], [ -106.913320404445372, 23.911577731280648 ], [ -106.912097635612639, 23.912411199868654 ], [ -106.911779946968309, 23.911846325167485 ], [ -106.911597955618475, 23.910991962864053 ], [ -106.911066370583541, 23.907569810941162 ], [ -106.910814453188152, 23.906467454138607 ], [ -106.91058443704226, 23.905852390589526 ], [ -106.910170413956706, 23.904745274867608 ], [ -106.909502283697435, 23.903387372861292 ], [ -106.907028482816372, 23.898772646077884 ], [ -106.906185402725669, 23.896989043459062 ], [ -106.905945690285307, 23.896380399286425 ], [ -106.905757806289799, 23.895856013491002 ], [ -106.905629246157517, 23.895497201091658 ], [ -106.90580028064204, 23.895462933222305 ], [ -106.905994707152345, 23.89538057985018 ], [ -106.906159306916365, 23.89526608620114 ], [ -106.90638554382717, 23.894984476594995 ], [ -106.906507506852648, 23.894869273540117 ], [ -106.906699849200933, 23.894812570387003 ], [ -106.906889901379486, 23.894776763185853 ], [ -106.907185852721881, 23.894773093403757 ], [ -106.907361412246445, 23.89481662554655 ], [ -106.907699592407255, 23.895025741557895 ], [ -106.908007148329659, 23.895280946156049 ], [ -106.909104238545879, 23.896262779967429 ], [ -106.909401351048388, 23.896558741676202 ], [ -106.909690776906686, 23.896958067560316 ], [ -106.90980712920846, 23.897232571861441 ], [ -106.910060681990558, 23.89811426601603 ], [ -106.910227265239143, 23.898423697647537 ], [ -106.910751101389707, 23.898986016935396 ], [ -106.911332858528183, 23.899479896642209 ], [ -106.913523921569137, 23.901222329139166 ], [ -106.914112387861223, 23.901712771571592 ], [ -106.914723882160402, 23.902306106199266 ], [ -106.914984799307319, 23.902643136754673 ], [ -106.915600876272435, 23.903630908051937 ], [ -106.915685839289665, 23.903724211385253 ], [ -106.915806137034679, 23.903814573277312 ], [ -106.917018747906809, 23.904463088162178 ], [ -106.917343170884877, 23.904860267821242 ], [ -106.917122034115479, 23.905597758915292 ], [ -106.916672032149805, 23.906424443006241 ], [ -106.914793108650116, 23.90954479995689 ], [ -106.914260527077943, 23.91039282196412 ], [ -106.913654117746944, 23.91122991102969 ] ] ] ] } },
{ "type": "Feature", "properties": { "fid": 76.0, "cat": 73, "VULNERABIL": 2.0, "CLAVE_ACUI": "2506", "NOM_ACUIF": "RIO ELOTA" }, "geometry": { "type": "MultiPolygon", "coordinates": [ [ [ [ -106.813022817814073, 23.895221284298163 ], [ -106.813657129762703, 23.895549019744262 ], [ -106.81443367646925, 23.895776880176697 ], [ -106.81515036052852, 23.895882977955331 ], [ -106.815638373527591, 23.895955221278399 ], [ -106.816042598615937, 23.896024789158965 ], [ -106.816299704142196, 23.89609504124531 ], [ -106.816569146243168, 23.89618617106262 ], [ -106.816809727691663, 23.896293240040052 ], [ -106.81710594153877, 23.896483461000809 ], [ -106.817365570726096, 23.896706524675263 ], [ -106.81780095745863, 23.897236284048141 ], [ -106.817871823805405, 23.897337855568033 ], [ -106.818855751627083, 23.898874751194647 ], [ -106.819112346165952, 23.899315281647333 ], [ -106.819325845988544, 23.899834199393563 ], [ -106.819374249884206, 23.900134980446953 ], [ -106.819382568180274, 23.900729235976659 ], [ -106.819444157807169, 23.901119193482852 ], [ -106.819534132509617, 23.901399341541694 ], [ -106.81968746540646, 23.901689637026003 ], [ -106.819988407211213, 23.902142182859546 ], [ -106.820351579861551, 23.902650598364449 ], [ -106.820665453443041, 23.903178932891343 ], [ -106.821029415063563, 23.903747777462261 ], [ -106.821298258579731, 23.904128533892838 ], [ -106.820889918747383, 23.90425763442629 ], [ -106.820735102181359, 23.904344795405677 ], [ -106.820371426960719, 23.904549541756143 ], [ -106.819501390638152, 23.905062077375625 ], [ -106.818867526200634, 23.905435479407025 ], [ -106.818137572209778, 23.905787926703745 ], [ -106.817750181572933, 23.90593182958219 ], [ -106.816669549822919, 23.90608681479803 ], [ -106.816658977442046, 23.906086089500082 ], [ -106.816652979090392, 23.90608701060917 ], [ -106.815869573191904, 23.906031931844591 ], [ -106.813216990818248, 23.905620802270764 ], [ -106.812483016745176, 23.905544806981872 ], [ -106.811710377934062, 23.90560131796904 ], [ -106.811340580955616, 23.90575804555089 ], [ -106.81038749499146, 23.90643292901899 ], [ -106.81006230728272, 23.906619602430158 ], [ -106.809497855611482, 23.906815863609292 ], [ -106.809016683932626, 23.906909562605794 ], [ -106.807335664318714, 23.907150553667492 ], [ -106.806864689291331, 23.907183177989751 ], [ -106.806347830363151, 23.907094443625855 ], [ -106.806080436322588, 23.906935056709994 ], [ -106.805349460508054, 23.906279984136106 ], [ -106.805049915218561, 23.906192079093639 ], [ -106.804383006914321, 23.906436928878065 ], [ -106.803729821921152, 23.906874617689013 ], [ -106.801348494678123, 23.908672297110172 ], [ -106.800607470780932, 23.909151635049053 ], [ -106.799530722366057, 23.909590881930061 ], [ -106.798733537215739, 23.909739038893459 ], [ -106.796090084780587, 23.909991168260593 ], [ -106.795419729220342, 23.910122589244477 ], [ -106.794934862210496, 23.910483784207212 ], [ -106.794912551890647, 23.910868358434726 ], [ -106.795293311477081, 23.912301843009747 ], [ -106.79529869208946, 23.912691172775862 ], [ -106.794943035022925, 23.913074561039693 ], [ -106.79442957163333, 23.913232927413237 ], [ -106.79238905957051, 23.913588566600854 ], [ -106.791820210586579, 23.913737412273729 ], [ -106.791206099949378, 23.91407640090339 ], [ -106.79089764790767, 23.914411825970582 ], [ -106.790072308536864, 23.915638153462709 ], [ -106.789874471533466, 23.915982446413359 ], [ -106.78977658041309, 23.916362821571408 ], [ -106.789834573979576, 23.916561921847865 ], [ -106.790203103999929, 23.917110680669396 ], [ -106.790332142337917, 23.9172530836593 ], [ -106.790565789517387, 23.917368872564126 ], [ -106.790770532666457, 23.917391882168303 ], [ -106.791492353071817, 23.917383469592096 ], [ -106.791719192860526, 23.917406220339135 ], [ -106.792055958671412, 23.917520804653449 ], [ -106.792310213303736, 23.917661745685056 ], [ -106.793159972990196, 23.918204883522193 ], [ -106.793359549392591, 23.918387092944343 ], [ -106.79344114230075, 23.918694268830148 ], [ -106.793358126468434, 23.918950882325863 ], [ -106.792889122372628, 23.919841235437911 ], [ -106.792723311269526, 23.920103893636604 ], [ -106.792418532978928, 23.920439279162707 ], [ -106.792148946302262, 23.920655742907975 ], [ -106.791195648258864, 23.921330518576887 ], [ -106.790993330013933, 23.921617302832942 ], [ -106.791002482570889, 23.922280856923894 ], [ -106.791217878684179, 23.922942006859728 ], [ -106.792213932015471, 23.925363813466873 ], [ -106.792323884145091, 23.925990637805754 ], [ -106.791840914265393, 23.926494016347466 ], [ -106.791041002872461, 23.926586300887919 ], [ -106.787791054450508, 23.926513542449111 ], [ -106.786824843177669, 23.926567107845774 ], [ -106.785565802171703, 23.926889873977796 ], [ -106.784733379838244, 23.927297404593567 ], [ -106.782107747602268, 23.928876428906083 ], [ -106.78143992579723, 23.929200768385247 ], [ -106.780949096406829, 23.92913535248648 ], [ -106.780915736593499, 23.928717564 ], [ -106.781250881841501, 23.926833300904583 ], [ -106.781324389741883, 23.926150162687392 ], [ -106.781332286600772, 23.924846447674938 ], [ -106.781270061971128, 23.92366713568979 ], [ -106.780971800521343, 23.919467392523408 ], [ -106.780837561585841, 23.918273676711816 ], [ -106.780509361992159, 23.916902747644937 ], [ -106.780174745196106, 23.916137992855376 ], [ -106.778941421462932, 23.913940059178824 ], [ -106.778564577418038, 23.913318002349392 ], [ -106.778039272644136, 23.912613010696518 ], [ -106.777665680003622, 23.912227936702028 ], [ -106.776447561325256, 23.911135911024704 ], [ -106.776129772097846, 23.910790820456278 ], [ -106.775864863314737, 23.910272429795693 ], [ -106.775804210356327, 23.909876962878258 ], [ -106.775786071447953, 23.908549841483886 ], [ -106.775824431669648, 23.908122756235105 ], [ -106.776021583052227, 23.907456813167677 ], [ -106.776264866227663, 23.906932550934211 ], [ -106.777203022598584, 23.905151934233558 ], [ -106.777423091347202, 23.904546673641274 ], [ -106.77751193678121, 23.903502743642083 ], [ -106.777418793111678, 23.902616675673023 ], [ -106.776895295906414, 23.899525619183862 ], [ -106.776802577648951, 23.898670019636938 ], [ -106.776893370979309, 23.897768280886353 ], [ -106.777115791432379, 23.897335682185201 ], [ -106.778062950990432, 23.896218623992958 ], [ -106.778319199317181, 23.89583642342815 ], [ -106.778567873590603, 23.895169881850919 ], [ -106.778666874872485, 23.894599880420518 ], [ -106.778880205315673, 23.892606415265629 ], [ -106.779107138504159, 23.892100961865097 ], [ -106.779952829252366, 23.891735642063352 ], [ -106.780934026523568, 23.891719204944916 ], [ -106.784667265646021, 23.892007765211812 ], [ -106.785819772577057, 23.892029423711179 ], [ -106.787436215053773, 23.891845248821379 ], [ -106.78860519596995, 23.891559083209472 ], [ -106.792438896239929, 23.890408349629752 ], [ -106.793491798351226, 23.8901184215187 ], [ -106.794571683789712, 23.889916208444237 ], [ -106.795061479461737, 23.889917265307595 ], [ -106.796267311453093, 23.89012440901271 ], [ -106.796703561852766, 23.890247982969868 ], [ -106.797533565836389, 23.890617520714162 ], [ -106.79828303859513, 23.891021855556282 ], [ -106.800950608022006, 23.892539186103793 ], [ -106.801420483233144, 23.89275388240279 ], [ -106.801676211227402, 23.892813985223455 ], [ -106.802737624002219, 23.89287265436219 ], [ -106.80634601822959, 23.892830317442368 ], [ -106.807418477045331, 23.892888824393751 ], [ -106.808814899308103, 23.893204237136249 ], [ -106.809287629262244, 23.893405173768361 ], [ -106.810105412351433, 23.893582960240725 ], [ -106.810839266372199, 23.89391969457283 ], [ -106.813022817814073, 23.895221284298163 ] ] ] ] } },
{ "type": "Feature", "properties": { "fid": 77.0, "cat": 80, "VULNERABIL": 5.0, "CLAVE_ACUI": "2506", "NOM_ACUIF": "RIO ELOTA" }, "geometry": { "type": "MultiPolygon", "coordinates": [ ] } },
{ "type": "Feature", "properties": { "fid": 78.0, "cat": 78, "VULNERABIL": 4.0, "CLAVE_ACUI": "2506", "NOM_ACUIF": "RIO ELOTA" }, "geometry": { "type": "MultiPolygon", "coordinates": [ [ [ [ -106.931597609320278, 23.877920214464087 ], [ -106.931776845694301, 23.879289078150059 ], [ -106.931836196194965, 23.879854083724304 ], [ -106.931985740450529, 23.882415538778513 ], [ -106.931984293648085, 23.883185839338591 ], [ -106.931816218090844, 23.884017484850592 ], [ -106.931577555432739, 23.884435249119321 ], [ -106.930631863286933, 23.885553167284115 ], [ -106.930365507057772, 23.885966198720588 ], [ -106.930068211125885, 23.886775763329172 ], [ -106.929909858989134, 23.887519252982393 ], [ -106.929468171801474, 23.890179306417252 ], [ -106.929315110066625, 23.890907492832522 ], [ -106.929042515973919, 23.891645643047354 ], [ -106.928806157801219, 23.891971956774888 ], [ -106.928496393154532, 23.8922646496585 ], [ -106.928621760423638, 23.891982143342386 ], [ -106.929180922266866, 23.890620725473877 ], [ -106.928987238805462, 23.88881728163533 ], [ -106.929382836470666, 23.887683648822566 ], [ -106.929913270830298, 23.88504944854553 ], [ -106.930452529424514, 23.883011074315089 ], [ -106.931412932378706, 23.881563350090605 ], [ -106.931726840800522, 23.880882206340154 ], [ -106.930981358002143, 23.879609394782449 ], [ -106.930553510409837, 23.878567357035852 ], [ -106.929647402307509, 23.8774669522059 ], [ -106.929698867202703, 23.87743373056507 ], [ -106.929815829246238, 23.877418793887571 ], [ -106.929898502413437, 23.877413633412488 ], [ -106.930046259292723, 23.877423756917079 ], [ -106.930338555696508, 23.877431382665371 ], [ -106.930564266877596, 23.877423475883791 ], [ -106.930790311590258, 23.877389856052158 ], [ -106.931001210671141, 23.877338979597223 ], [ -106.931112351301451, 23.877445282413525 ], [ -106.931241392050239, 23.877568706244194 ], [ -106.931597609320278, 23.877920214464087 ] ] ], [ [ [ -106.926289512628685, 23.889506425024361 ], [ -106.926248987821864, 23.888635073091525 ], [ -106.926203127424444, 23.88553871158058 ], [ -106.926256260306872, 23.884650950029222 ], [ -106.926550066922744, 23.883604424868992 ], [ -106.926916655219785, 23.882997149940699 ], [ -106.928333573375113, 23.881209719026561 ], [ -106.928701502193874, 23.880693841921222 ], [ -106.929001606687862, 23.880073852717324 ], [ -106.929062400753665, 23.879704031560792 ], [ -106.929046004131521, 23.878598188870519 ], [ -106.929058078089739, 23.878295002818128 ], [ -106.929130819069343, 23.877985977352289 ], [ -106.929222660638459, 23.877847698422837 ], [ -106.929578512710435, 23.877511421795845 ], [ -106.929637050559634, 23.877473634466543 ], [ -106.92981939200989, 23.878721036956041 ], [ -106.929667100023437, 23.879707148969239 ], [ -106.929199681467111, 23.881293151566112 ], [ -106.927911810511674, 23.882510203665756 ], [ -106.928360932019928, 23.884987652531098 ], [ -106.928712880986652, 23.886870378595848 ], [ -106.92823753440166, 23.887923745429777 ], [ -106.927669540153033, 23.888689332370447 ], [ -106.927687337703816, 23.889890015695389 ], [ -106.927313713590337, 23.891845042299998 ], [ -106.927133138417034, 23.892222278462008 ], [ -106.926596886578295, 23.890990661159485 ], [ -106.926432764898792, 23.890476373105681 ], [ -106.926289512628685, 23.889506425024361 ] ] ] ] } },
{ "type": "Feature", "properties": { "fid": 79.0, "cat": 69, "VULNERABIL": 2.0, "CLAVE_ACUI": "2506", "NOM_ACUIF": "RIO ELOTA" }, "geometry": { "type": "MultiPolygon", "coordinates": [ [ [ [ -106.689319625316116, 23.982460627649413 ], [ -106.689265892398438, 23.982014251173847 ], [ -106.689123881950209, 23.980356614397152 ], [ -106.689026861600993, 23.979981822956123 ], [ -106.688716107606325, 23.979890433021318 ], [ -106.688369192011208, 23.980134666895072 ], [ -106.687060991230936, 23.981365809257866 ], [ -106.686718338765118, 23.981513488164968 ], [ -106.686427511340582, 23.980971519643603 ], [ -106.686354698004138, 23.980049600439191 ], [ -106.686305734423456, 23.976289278603893 ], [ -106.686368785428996, 23.975188093419671 ], [ -106.686711977044737, 23.973809551875402 ], [ -106.687139195553172, 23.972941391276482 ], [ -106.688789654322136, 23.970268508042068 ], [ -106.689217775393516, 23.969471441201421 ], [ -106.689565251718591, 23.96842468782015 ], [ -106.689633529252376, 23.967726393477534 ], [ -106.689604686638418, 23.965514439889748 ], [ -106.689618890791522, 23.964908166243831 ], [ -106.689714016900425, 23.964290843190266 ], [ -106.689835706729212, 23.964015226727909 ], [ -106.690308464038552, 23.963346338905215 ], [ -106.690452257326143, 23.963070478569055 ], [ -106.690650537201819, 23.962452018788607 ], [ -106.69079000041603, 23.961844365161614 ], [ -106.69124254198455, 23.95962710748114 ], [ -106.691414759834018, 23.958988617252828 ], [ -106.691765907131412, 23.958226254131617 ], [ -106.692095327655295, 23.95777565379986 ], [ -106.693281463786008, 23.956435210896732 ], [ -106.693589566532665, 23.95604579317666 ], [ -106.69384125685896, 23.955568958048243 ], [ -106.693892713103367, 23.955277183168654 ], [ -106.693881153327723, 23.95439240233193 ], [ -106.69383886648383, 23.954116899391586 ], [ -106.693653088053836, 23.953715999717204 ], [ -106.693429977845298, 23.953418788529579 ], [ -106.692574582576796, 23.952432699437232 ], [ -106.692291023577425, 23.952161548764199 ], [ -106.691823136693372, 23.951882270520485 ], [ -106.691438285445244, 23.951754451925346 ], [ -106.690110202161918, 23.951437237125031 ], [ -106.689772637968247, 23.951120963118896 ], [ -106.689525421251034, 23.949962239270882 ], [ -106.689509818357919, 23.948623194007936 ], [ -106.689684218218204, 23.943533038843519 ], [ -106.689683409376627, 23.94205669120371 ], [ -106.689505239192201, 23.9402572251226 ], [ -106.689251522371933, 23.93916290647649 ], [ -106.688245711007482, 23.935855546174018 ], [ -106.687835725519903, 23.934641039993192 ], [ -106.686928258564336, 23.932280706557112 ], [ -106.6860418823739, 23.930123303036297 ], [ -106.682813154122371, 23.922415699434971 ], [ -106.680641756130271, 23.917960871319682 ], [ -106.680580658804871, 23.917845114342967 ], [ -106.679731795953728, 23.916577811725467 ], [ -106.677039284957658, 23.913067543751023 ], [ -106.676397388847874, 23.912216030799062 ], [ -106.675442048481173, 23.910887338863869 ], [ -106.674998704521585, 23.910211550342904 ], [ -106.673938480523901, 23.908505027320977 ], [ -106.673770016572377, 23.908233864767254 ], [ -106.673433446415629, 23.90761350884711 ], [ -106.673184806857336, 23.907122798206046 ], [ -106.672743421371436, 23.90644450893069 ], [ -106.672446753261639, 23.906147261127536 ], [ -106.688738035899462, 23.888177854398844 ], [ -106.706977091959715, 23.868060039001467 ], [ -106.708552246344823, 23.866322631920902 ], [ -106.709861418722454, 23.866693425877052 ], [ -106.711037075870053, 23.867036222172253 ], [ -106.712169314573799, 23.867405826184985 ], [ -106.71475524330134, 23.868356325792249 ], [ -106.715816725610139, 23.868715279154959 ], [ -106.717265198908564, 23.869102076139093 ], [ -106.718272961740993, 23.869295690659047 ], [ -106.721527389891151, 23.869812393975234 ], [ -106.722341343706063, 23.869967515291538 ], [ -106.722132825161395, 23.87076615321428 ], [ -106.721949543803547, 23.871106816757568 ], [ -106.721809965706171, 23.87224611767326 ], [ -106.721793851022312, 23.873533026857302 ], [ -106.721858238763417, 23.878399300256625 ], [ -106.721903079695153, 23.879700763971911 ], [ -106.722047941300076, 23.880907989591048 ], [ -106.722210044971305, 23.881331133920952 ], [ -106.722821669546008, 23.882098580354956 ], [ -106.723019679681585, 23.882313074927243 ], [ -106.72333209860912, 23.882546604508079 ], [ -106.723580401036003, 23.882665723511661 ], [ -106.724426728483536, 23.882988080060812 ], [ -106.724647216295295, 23.883092271453599 ], [ -106.724829829859786, 23.883256144236416 ], [ -106.724870218357268, 23.883386057091442 ], [ -106.724876084255001, 23.88382844443224 ], [ -106.72484487716568, 23.883974397490856 ], [ -106.724693377772269, 23.884213124364372 ], [ -106.72450815673875, 23.884408209534193 ], [ -106.723795287169906, 23.885079878411752 ], [ -106.723610601922346, 23.885315590054152 ], [ -106.723461610923749, 23.885743910557562 ], [ -106.723433452368965, 23.886120085498959 ], [ -106.723451038098688, 23.887447247976354 ], [ -106.723495016016983, 23.887848010575588 ], [ -106.723682660832281, 23.888391073491782 ], [ -106.723906747777448, 23.888766114743873 ], [ -106.724764850944439, 23.889973240980538 ], [ -106.725087687564113, 23.890296381093044 ], [ -106.72573614708628, 23.89059724384914 ], [ -106.726339680551078, 23.89070390627608 ], [ -106.728507711530568, 23.890900784490469 ], [ -106.72912229435471, 23.891007311643158 ], [ -106.729822315678419, 23.891307576880564 ], [ -106.730207764213375, 23.891630001279793 ], [ -106.731306513358973, 23.89283437970483 ], [ -106.731549041031329, 23.893209200659889 ], [ -106.731582075451982, 23.893753992244843 ], [ -106.731386737606869, 23.894157445222408 ], [ -106.730442114833664, 23.895495431257309 ], [ -106.730218951324588, 23.895883958549028 ], [ -106.730122155508525, 23.896359102825016 ], [ -106.7302070407233, 23.896649353229108 ], [ -106.730699972133436, 23.897528709616978 ], [ -106.730828912197609, 23.897808305408009 ], [ -106.730937697342355, 23.89823373054422 ], [ -106.730964164288949, 23.898561885053368 ], [ -106.730978891616331, 23.899667847610047 ], [ -106.730928975918573, 23.90006797010286 ], [ -106.730681306532489, 23.900829245763212 ], [ -106.730541198319742, 23.901146167665214 ], [ -106.730526964335439, 23.90122377124025 ], [ -106.730279290807445, 23.901985046406171 ], [ -106.73002504793233, 23.902529684314164 ], [ -106.729086241452066, 23.9043100500819 ], [ -106.728711141758382, 23.904906836858878 ], [ -106.727899490375464, 23.905911476631779 ], [ -106.727115082391464, 23.906749887194881 ], [ -106.724266093711918, 23.909657804030996 ], [ -106.7234164293655, 23.910578196093706 ], [ -106.722300380516572, 23.911965466245277 ], [ -106.721555689440393, 23.913026889586959 ], [ -106.719196451324706, 23.916592914148296 ], [ -106.718561525130767, 23.917602305139084 ], [ -106.717957844349527, 23.918746789156213 ], [ -106.717730375810149, 23.919372376970337 ], [ -106.717272536224584, 23.921147303290443 ], [ -106.717088585676265, 23.921721612264921 ], [ -106.716687992856265, 23.922626794622051 ], [ -106.716299665713834, 23.923345602763206 ], [ -106.714888037391319, 23.925794852415301 ], [ -106.714544828669588, 23.926584261577325 ], [ -106.714354845557395, 23.92781892770207 ], [ -106.714426654485393, 23.928793327624291 ], [ -106.714867818534017, 23.93157630449554 ], [ -106.715110911906095, 23.932998015458608 ], [ -106.715328456092621, 23.933848886656126 ], [ -106.715480087392166, 23.934172260059384 ], [ -106.715970157080662, 23.934830463929835 ], [ -106.716110606703865, 23.935143803131051 ], [ -106.716193286524856, 23.935545826508889 ], [ -106.716384745523087, 23.936373284121846 ], [ -106.716635927819482, 23.93781634564855 ], [ -106.717362220712076, 23.942490216449713 ], [ -106.717549552304789, 23.942824341760527 ], [ -106.717668406940049, 23.943175167358731 ], [ -106.717730020268192, 23.943932965754005 ], [ -106.717699184017917, 23.944664709369327 ], [ -106.717677203151965, 23.944948886409549 ], [ -106.717742492835754, 23.945709402522478 ], [ -106.717721452617965, 23.946346225499376 ], [ -106.717501286623346, 23.947897266594932 ], [ -106.717379572836265, 23.948443790755412 ], [ -106.717031740636244, 23.949443195564644 ], [ -106.716656547980946, 23.950324392009314 ], [ -106.715253445711824, 23.953437231452646 ], [ -106.714924587950932, 23.954480439593468 ], [ -106.714795873814069, 23.956265168564151 ], [ -106.714934023204805, 23.957700518689396 ], [ -106.715723438307563, 23.962779877802873 ], [ -106.715918479375446, 23.964152453560892 ], [ -106.716039212414913, 23.965478454260534 ], [ -106.71601664275147, 23.966000165803205 ], [ -106.715790580588646, 23.967108819083688 ], [ -106.715627628611315, 23.967464488330627 ], [ -106.715093247447086, 23.96801562403428 ], [ -106.714492795021499, 23.968447289799627 ], [ -106.712225035799449, 23.969910576577341 ], [ -106.711391909695493, 23.970304194052609 ], [ -106.710329111564391, 23.970549277334378 ], [ -106.709966425871826, 23.970675063885988 ], [ -106.709048489145232, 23.970925704869199 ], [ -106.707400983045332, 23.971181075024784 ], [ -106.705965340023866, 23.971295241752113 ], [ -106.70091316346128, 23.971572559870257 ], [ -106.699505739550844, 23.971732066248276 ], [ -106.697989950547054, 23.972199202805168 ], [ -106.69723196010986, 23.972707042253809 ], [ -106.695776287570823, 23.974077210292013 ], [ -106.69388537430595, 23.976421355021738 ], [ -106.693523742789779, 23.97690012126878 ], [ -106.693119872171721, 23.977626235218086 ], [ -106.69112420581699, 23.98151971580873 ], [ -106.690588126048169, 23.98251775930196 ], [ -106.690427327612653, 23.982760581190618 ], [ -106.690403958075677, 23.98280760956828 ], [ -106.690049651975343, 23.983332976964743 ], [ -106.689895419440887, 23.983375309900431 ], [ -106.689529976529755, 23.983047496024266 ], [ -106.68942836591394, 23.982886081418489 ], [ -106.689319625316116, 23.982460627649413 ] ] ] ] } },
{ "type": "Feature", "properties": { "fid": 80.0, "cat": 79, "VULNERABIL": 2.0, "CLAVE_ACUI": "2506", "NOM_ACUIF": "RIO ELOTA" }, "geometry": { "type": "MultiPolygon", "coordinates": [ [ [ [ -106.851619738386816, 23.87988576800252 ], [ -106.851509407638943, 23.879636534367496 ], [ -106.851247651779133, 23.879355262949606 ], [ -106.850984045709154, 23.879202679950374 ], [ -106.850015642903074, 23.878771893734136 ], [ -106.849763228364793, 23.878629331839942 ], [ -106.849553693434999, 23.878394832967327 ], [ -106.849506772039632, 23.87820239683202 ], [ -106.849497340200969, 23.877538860575402 ], [ -106.849444536141434, 23.877321100330885 ], [ -106.849207549633903, 23.876968421870846 ], [ -106.848921802442703, 23.87668235524783 ], [ -106.847825311290393, 23.875700050975095 ], [ -106.847512319526999, 23.875439703330191 ], [ -106.847148173182617, 23.875207056788042 ], [ -106.846940955004882, 23.875135052594104 ], [ -106.846338082896352, 23.875031678669341 ], [ -106.846158404155176, 23.874954264001069 ], [ -106.845922775564418, 23.874696370686209 ], [ -106.845765842488674, 23.874405366341797 ], [ -106.845269121593645, 23.873305238263583 ], [ -106.845050369014132, 23.872938789771268 ], [ -106.844526242128467, 23.872328824967777 ], [ -106.843996244427629, 23.871823893718371 ], [ -106.842047077397382, 23.870077496810715 ], [ -106.84152799872048, 23.869562267364266 ], [ -106.841054769862268, 23.868904276268367 ], [ -106.840897804747428, 23.868479519957585 ], [ -106.840638530526434, 23.867155315438094 ], [ -106.840492182171317, 23.866699957649608 ], [ -106.84006849695507, 23.865899158798523 ], [ -106.839609584024387, 23.865210516955297 ], [ -106.837891712036779, 23.862797640369113 ], [ -106.837466382120539, 23.862139063746071 ], [ -106.837199343136731, 23.861478596794125 ], [ -106.837243184873017, 23.861193650459938 ], [ -106.837714813996357, 23.860524367536499 ], [ -106.837836816367158, 23.860299435904789 ], [ -106.837934534197416, 23.859919038583694 ], [ -106.837952129042122, 23.859600545528686 ], [ -106.837936521362252, 23.858494641851401 ], [ -106.837865342632611, 23.858146734522904 ], [ -106.83754878392368, 23.857629070260305 ], [ -106.837167737510896, 23.857237456336659 ], [ -106.835706095864708, 23.855927579813521 ], [ -106.835336388983336, 23.855556141536074 ], [ -106.835072715104133, 23.85513264873007 ], [ -106.835065743258426, 23.854899098156523 ], [ -106.835296879473418, 23.854232688481439 ], [ -106.835290050486222, 23.854009294193919 ], [ -106.835027047916952, 23.853633197009913 ], [ -106.834658160408608, 23.853319308758305 ], [ -106.833199701590175, 23.852230585055548 ], [ -106.832808451697488, 23.851896642106361 ], [ -106.832441064726879, 23.851426974117459 ], [ -106.832307475027022, 23.85108996361177 ], [ -106.832051444778273, 23.849986916044212 ], [ -106.831962598121294, 23.849690004821014 ], [ -106.831804008050142, 23.8494074670601 ], [ -106.831666297269436, 23.849300752866803 ], [ -106.831182237514525, 23.849085290202574 ], [ -106.831054998859912, 23.848937818874017 ], [ -106.830945277860707, 23.848465082898336 ], [ -106.830915772316345, 23.847937217179041 ], [ -106.830887802073207, 23.845946579560774 ], [ -106.830857869994304, 23.845388244667749 ], [ -106.830746156113392, 23.844773319666235 ], [ -106.830616497152448, 23.844453190185622 ], [ -106.83012313935177, 23.843574176462866 ], [ -106.830004525032592, 23.84325391506929 ], [ -106.829944345582106, 23.842638376822965 ], [ -106.829976988627905, 23.84207929795933 ], [ -106.830189499196322, 23.840085801338621 ], [ -106.830154609414066, 23.839436102408023 ], [ -106.829779286440967, 23.838397670061628 ], [ -106.829278005733954, 23.837563892487523 ], [ -106.827314068633697, 23.834711344674957 ], [ -106.826856982875483, 23.833877033271015 ], [ -106.826687801257989, 23.832836146572799 ], [ -106.826903192120298, 23.83218347832015 ], [ -106.828077508121524, 23.830178575735996 ], [ -106.828370670951983, 23.829560536361079 ], [ -106.828564467796852, 23.828681259483357 ], [ -106.828548160146752, 23.82804318935046 ], [ -106.82754479878507, 23.824343306077864 ], [ -106.831058738049563, 23.823370642331554 ], [ -106.834885182019207, 23.822311476806352 ], [ -106.842945191168539, 23.820080453984261 ], [ -106.848415661127717, 23.818566219558431 ], [ -106.851898008924636, 23.817602300378514 ], [ -106.852348589955739, 23.818761274431299 ], [ -106.852843556871576, 23.819750806196247 ], [ -106.853010411988109, 23.820084376263139 ], [ -106.853209948189601, 23.820363279454604 ], [ -106.853734902254885, 23.820833763298587 ], [ -106.854952726094936, 23.821925201190616 ], [ -106.855270189907657, 23.822249820804419 ], [ -106.85546690754245, 23.822565762553399 ], [ -106.855593048638468, 23.822953604628836 ], [ -106.855635985983824, 23.823523318618985 ], [ -106.855729838741439, 23.823912751154349 ], [ -106.855810008050327, 23.824245405601697 ], [ -106.856015878882516, 23.824706331430075 ], [ -106.856377644267965, 23.825325629759455 ], [ -106.85784856534012, 23.827298860837704 ], [ -106.858231746610912, 23.827842769332047 ], [ -106.858548978810788, 23.828407787866674 ], [ -106.858618983868311, 23.828671049668252 ], [ -106.858628440396032, 23.829334586694991 ], [ -106.858587897429672, 23.829589023765433 ], [ -106.858389239296287, 23.830112859655081 ], [ -106.858145983559169, 23.83060675932262 ], [ -106.857209434429464, 23.832387785934515 ], [ -106.857053865775612, 23.832683623207494 ], [ -106.8569655215491, 23.832851623788262 ], [ -106.856898153166412, 23.833089267267408 ], [ -106.85688578739672, 23.83328422395682 ], [ -106.856912188365484, 23.83348503830765 ], [ -106.857057157584407, 23.833655896548514 ], [ -106.857277578597717, 23.833812460094904 ], [ -106.85756955013423, 23.833924590849069 ], [ -106.857909362748245, 23.833977528271742 ], [ -106.858453624635473, 23.834070851001801 ], [ -106.8594730756583, 23.834188911724993 ], [ -106.863326494790613, 23.83458479391577 ], [ -106.864451347865497, 23.834737099184316 ], [ -106.865847236683564, 23.835052026406458 ], [ -106.866716511869811, 23.835349619904576 ], [ -106.869377261987424, 23.836423440626074 ], [ -106.870164547435493, 23.836777876791196 ], [ -106.871177776407933, 23.837358116752771 ], [ -106.871837961489703, 23.837832595795561 ], [ -106.873905622098306, 23.839466576757271 ], [ -106.874556539025548, 23.840063049906025 ], [ -106.875526470155151, 23.84121262487324 ], [ -106.876261174396745, 23.842258400648863 ], [ -106.879096918189944, 23.846603269017443 ], [ -106.883887197086622, 23.856767800193115 ], [ -106.880183712021278, 23.858989026612559 ], [ -106.879492138596206, 23.859027943962939 ], [ -106.878669662835705, 23.859180191487823 ], [ -106.878186270227573, 23.859358771998188 ], [ -106.876752905626148, 23.860039895215291 ], [ -106.876330974411175, 23.860268510023939 ], [ -106.875795334264367, 23.86065426246228 ], [ -106.875452065133288, 23.860976722904265 ], [ -106.874385773595449, 23.862095783000921 ], [ -106.8740259325658, 23.862418442344008 ], [ -106.873757767265715, 23.862613671974493 ], [ -106.873469330630172, 23.862775228154625 ], [ -106.873172225437514, 23.862912360611801 ], [ -106.872424051320792, 23.863215630455503 ], [ -106.871102981487553, 23.863720340002402 ], [ -106.870592827730405, 23.863960170208365 ], [ -106.870006300146287, 23.864393925536721 ], [ -106.869678557430845, 23.864773746636875 ], [ -106.868735609996321, 23.866112488091161 ], [ -106.868413381148684, 23.866492239880337 ], [ -106.867852603088835, 23.86692567523702 ], [ -106.867373720430194, 23.867165116123903 ], [ -106.865699703705971, 23.867849062256997 ], [ -106.865225971320214, 23.868063039735048 ], [ -106.864689246624039, 23.868377664549897 ], [ -106.86439622992765, 23.868613151831354 ], [ -106.863565538929521, 23.869397466318166 ], [ -106.863329045217924, 23.869723688085436 ], [ -106.863056103250344, 23.870461744019629 ], [ -106.862902679630125, 23.871189888035353 ], [ -106.862459637785221, 23.87384983710583 ], [ -106.862311512263346, 23.874562679705036 ], [ -106.862063308896879, 23.875229329870464 ], [ -106.861856858690189, 23.875468844537714 ], [ -106.861141626078492, 23.875919927818881 ], [ -106.860934156365687, 23.876088348677033 ], [ -106.860681199303926, 23.876423231036465 ], [ -106.860527301659118, 23.876733213659179 ], [ -106.860062066013867, 23.877844916436931 ], [ -106.859986348121112, 23.878214900694559 ], [ -106.860098238837438, 23.878829791649107 ], [ -106.860333802580755, 23.879338222633372 ], [ -106.861321225548721, 23.881096004638174 ], [ -106.861456704428448, 23.881456208654246 ], [ -106.861541570055735, 23.88177243430308 ], [ -106.861545495422277, 23.881980492580364 ], [ -106.861497746175587, 23.882198646011876 ], [ -106.861384397010411, 23.88241224897461 ], [ -106.861157342535279, 23.88276726091377 ], [ -106.859854963994493, 23.884220911692626 ], [ -106.859460994939298, 23.884609979626351 ], [ -106.858924866822036, 23.884971983932445 ], [ -106.858587334848082, 23.885165464686732 ], [ -106.85837789258585, 23.885292574321888 ], [ -106.858185117759348, 23.885370099410029 ], [ -106.857990241631555, 23.885414836643942 ], [ -106.857720810375085, 23.885429133876443 ], [ -106.857391863861679, 23.885406094821036 ], [ -106.857010439499859, 23.885339537549843 ], [ -106.856784329906276, 23.885262984750227 ], [ -106.856654890485146, 23.885193693668509 ], [ -106.856528954734614, 23.885105317123848 ], [ -106.856298969520822, 23.884859696734278 ], [ -106.855977336847104, 23.884476194821804 ], [ -106.855691289815809, 23.884181500487429 ], [ -106.855362873473766, 23.883879306234569 ], [ -106.854848641058709, 23.883452873799193 ], [ -106.854423932676426, 23.883142328397785 ], [ -106.854050640212137, 23.882894653762044 ], [ -106.853715018224676, 23.882690033017116 ], [ -106.853401502438118, 23.882461184125269 ], [ -106.853021943453669, 23.882137802751831 ], [ -106.852448437420691, 23.88162407829963 ], [ -106.852214889915373, 23.881384793789142 ], [ -106.851977887995801, 23.881032120694666 ], [ -106.851872860986518, 23.880767586760626 ], [ -106.851619738386816, 23.87988576800252 ] ] ] ] } },
{ "type": "Feature", "properties": { "fid": 81.0, "cat": 81, "VULNERABIL": 3.0, "CLAVE_ACUI": "2506", "NOM_ACUIF": "RIO ELOTA" }, "geometry": { "type": "MultiPolygon", "coordinates": [ [ [ [ -106.856377644267965, 23.825325629759455 ], [ -106.856015878882516, 23.824706331430075 ], [ -106.855810008050327, 23.824245405601697 ], [ -106.855729838741439, 23.823912751154349 ], [ -106.855635985983824, 23.823523318618985 ], [ -106.855593048638468, 23.822953604628836 ], [ -106.85546690754245, 23.822565762553399 ], [ -106.855270189907657, 23.822249820804419 ], [ -106.854952726094936, 23.821925201190616 ], [ -106.853734902254885, 23.820833763298587 ], [ -106.853209948189601, 23.820363279454604 ], [ -106.853010411988109, 23.820084376263139 ], [ -106.852843556871576, 23.819750806196247 ], [ -106.852348589955739, 23.818761274431299 ], [ -106.851898008924636, 23.817602300378514 ], [ -106.870480982397936, 23.812458504986576 ], [ -106.883499146074271, 23.808855057431437 ], [ -106.883982341826894, 23.80928214231265 ], [ -106.884487923440815, 23.812328647565977 ], [ -106.88446517802528, 23.8161299262702 ], [ -106.885518226710161, 23.820713195809265 ], [ -106.885884546450811, 23.823415857787854 ], [ -106.886662875881768, 23.826496165009974 ], [ -106.887204702805221, 23.829946493446723 ], [ -106.888314977277716, 23.833522427967861 ], [ -106.889333575517909, 23.836088031158237 ], [ -106.890684103159899, 23.838708671832961 ], [ -106.893118036833954, 23.841632567573516 ], [ -106.898348700325201, 23.846754995822426 ], [ -106.900396459999698, 23.848760382332397 ], [ -106.902617044826414, 23.850951258165946 ], [ -106.902893041451051, 23.851205303397101 ], [ -106.902629814910924, 23.851490011224634 ], [ -106.902215522102694, 23.85198439303203 ], [ -106.901768099993419, 23.852479182997346 ], [ -106.900112219452708, 23.854379932894854 ], [ -106.899676786404896, 23.85494059478258 ], [ -106.899300672587174, 23.85565627581536 ], [ -106.89919880277958, 23.856118016240341 ], [ -106.899099525923475, 23.857557124185981 ], [ -106.89904786103817, 23.858306047637917 ], [ -106.897921517240093, 23.858319936212801 ], [ -106.89575716792821, 23.858346600962797 ], [ -106.895128625953845, 23.858415285367549 ], [ -106.894359779053389, 23.858709164083038 ], [ -106.893889966851773, 23.859060307465867 ], [ -106.892466341234922, 23.860405093072416 ], [ -106.891725463224731, 23.861104925915861 ], [ -106.890849395578726, 23.861115688387653 ], [ -106.88916597002455, 23.861136355239818 ], [ -106.888289900869722, 23.861147103165163 ], [ -106.885325521416661, 23.859829063214416 ], [ -106.883887197086622, 23.856767800193115 ], [ -106.879096918189944, 23.846603269017443 ], [ -106.876261174396745, 23.842258400648863 ], [ -106.875526470155151, 23.84121262487324 ], [ -106.874556539025548, 23.840063049906025 ], [ -106.873905622098306, 23.839466576757271 ], [ -106.871837961489703, 23.837832595795561 ], [ -106.871177776407933, 23.837358116752771 ], [ -106.870164547435493, 23.836777876791196 ], [ -106.869377261987424, 23.836423440626074 ], [ -106.866716511869811, 23.835349619904576 ], [ -106.865847236683564, 23.835052026406458 ], [ -106.864451347865497, 23.834737099184316 ], [ -106.863326494790613, 23.83458479391577 ], [ -106.8594730756583, 23.834188911724993 ], [ -106.858453624635473, 23.834070851001801 ], [ -106.857909362748245, 23.833977528271742 ], [ -106.85756955013423, 23.833924590849069 ], [ -106.857277578597717, 23.833812460094904 ], [ -106.857057157584407, 23.833655896548514 ], [ -106.856912188365484, 23.83348503830765 ], [ -106.85688578739672, 23.83328422395682 ], [ -106.856898153166412, 23.833089267267408 ], [ -106.8569655215491, 23.832851623788262 ], [ -106.857053865775612, 23.832683623207494 ], [ -106.857209434429464, 23.832387785934515 ], [ -106.858145983559169, 23.83060675932262 ], [ -106.858389239296287, 23.830112859655081 ], [ -106.858587897429672, 23.829589023765433 ], [ -106.858628440396032, 23.829334586694991 ], [ -106.858618983868311, 23.828671049668252 ], [ -106.858548978810788, 23.828407787866674 ], [ -106.858231746610912, 23.827842769332047 ], [ -106.85784856534012, 23.827298860837704 ], [ -106.856377644267965, 23.825325629759455 ] ] ] ] } },
{ "type": "Feature", "properties": { "fid": 82.0, "cat": 82, "VULNERABIL": 4.0, "CLAVE_ACUI": "2506", "NOM_ACUIF": "RIO ELOTA" }, "geometry": { "type": "MultiPolygon", "coordinates": [ ] } },
{ "type": "Feature", "properties": { "fid": 83.0, "cat": 83, "VULNERABIL": 2.0, "CLAVE_ACUI": "2506", "NOM_ACUIF": "RIO ELOTA" }, "geometry": { "type": "MultiPolygon", "coordinates": [ ] } },
{ "type": "Feature", "properties": { "fid": 84.0, "cat": 84, "VULNERABIL": 1.0, "CLAVE_ACUI": "2506", "NOM_ACUIF": "RIO ELOTA" }, "geometry": { "type": "MultiPolygon", "coordinates": [ ] } }
]
}
