CLAVE_ACUIFERO,TIPO_ARCHIVO,NOMBRE_ARCHIVO,ENLACE_DRIVE
3234,DOCUMENTO,3234.docx,https://docs.google.com/document/d/17vUpNyricrAQrZP4GYat21x_-PI_3E7V/edit?usp=drivesdk&ouid=115564273494382878883&rtpof=true&sd=true
3233,DOCUMENTO,3233.docx,https://docs.google.com/document/d/1gPQMXch3GYBPUNtuTDTmeAQ7UYkAbe2D/edit?usp=drivesdk&ouid=115564273494382878883&rtpof=true&sd=true
3232,DOCUMENTO,3232.docx,https://docs.google.com/document/d/1EBt7hj4rWYZ3bUEjV5YI8coaTHxb9yEz/edit?usp=drivesdk&ouid=115564273494382878883&rtpof=true&sd=true
3231,DOCUMENTO,3231.docx,https://docs.google.com/document/d/1-ZmvwuE7WDJLLZscAIhESwOiCgJxCNsY/edit?usp=drivesdk&ouid=115564273494382878883&rtpof=true&sd=true
3231,IMAGEN_GEO,3231_PINOS_GEO.png,https://drive.google.com/file/d/1ByGKMxdXR2Z4hz2BO45A8KjpYu1lxXPX/view?usp=drivesdk
3230,DOCUMENTO,3230.docx,https://docs.google.com/document/d/1WDgbEmjBson1xBvXNE3wtpNhVzFWXYUZ/edit?usp=drivesdk&ouid=115564273494382878883&rtpof=true&sd=true
3230,IMAGEN_GEO,3230_VILLA_HIDALGO_GEO.png,https://drive.google.com/file/d/1HNiQkiTYPRY3BwPRcA89v4a9nQ2-tI3e/view?usp=drivesdk
3229,DOCUMENTO,3229.docx,https://docs.google.com/document/d/1UCN8uMcq1qcM2qhdxoRF00E2_qjTOXgZ/edit?usp=drivesdk&ouid=115564273494382878883&rtpof=true&sd=true
3228,DOCUMENTO,3228.docx,https://docs.google.com/document/d/1sOlh1guErdiIvkBtaCbsGwre-L_gSFNy/edit?usp=drivesdk&ouid=115564273494382878883&rtpof=true&sd=true
3227,DOCUMENTO,3227.docx,https://docs.google.com/document/d/1h717PN1YQWuTOF7Id4645LGCwLHzywIB/edit?usp=drivesdk&ouid=115564273494382878883&rtpof=true&sd=true
3226,DOCUMENTO,3226.docx,https://docs.google.com/document/d/1Lcq9UwzyOOkBtqJSw9Q_TlJbUtp3-YdU/edit?usp=drivesdk&ouid=115564273494382878883&rtpof=true&sd=true
3226,IMAGEN_GEO,3226_CHUPADEROS_GEO.png,https://drive.google.com/file/d/1xayZ-u8U6DkmynKoVWYgHTt77fM8u1g2/view?usp=drivesdk
3225,DOCUMENTO,3225.docx,https://docs.google.com/document/d/1ymSbOuIgsFiwl0NFwy-sL52y0i6NC18v/edit?usp=drivesdk&ouid=115564273494382878883&rtpof=true&sd=true
3225,IMAGEN_GEO,3225_CALERA_GEO.png,https://drive.google.com/file/d/1uQ708Mxhw7xaFAigUdRF0xBPwGGKQb4W/view?usp=drivesdk
3224,DOCUMENTO,3224.docx,https://docs.google.com/document/d/1lY0Ft6Xt6S3eShC10p6jopEPq4P82sND/edit?usp=drivesdk&ouid=115564273494382878883&rtpof=true&sd=true
3224,IMAGEN_GEO,3224_PUERTO_MADERO_GEO.png,https://drive.google.com/file/d/1BpMU0YOYRLZQQDbbk1EvqCl2RujSjKBg/view?usp=drivesdk
3223,DOCUMENTO,3223.docx,https://docs.google.com/document/d/1WPSnXE02fdKSn4rvqCKVAFyrdaw9k025/edit?usp=drivesdk&ouid=115564273494382878883&rtpof=true&sd=true
3223,IMAGEN_GEO,3223_GPE_DE_LAS_CORRIENTES_GEO.png,https://drive.google.com/file/d/1xteb4Bd9FTYwzUHiaKuMu3bH1oGE3eJ1/view?usp=drivesdk
3222,DOCUMENTO,3222.docx,https://docs.google.com/document/d/1JByy4ZK3GPHk1N5hdDXPfcRoqJ6hSjHd/edit?usp=drivesdk&ouid=115564273494382878883&rtpof=true&sd=true
3222,IMAGEN_GEO,3222_EL_CARDITO_GEO.png,https://drive.google.com/file/d/1oc72YLZpnC7_VHOY1p98W2gL2a_Ivtgm/view?usp=drivesdk
3221,DOCUMENTO,3221.docx,https://docs.google.com/document/d/1z6PgAe5RjscEj7je80Vt12EBCEuxudIW/edit?usp=drivesdk&ouid=115564273494382878883&rtpof=true&sd=true
3221,IMAGEN_GEO,3221_CAMACHO_GEO.png,https://drive.google.com/file/d/1yTN460BhDuxfXDhVEfrAUggKEbTi3gL3/view?usp=drivesdk
3220,DOCUMENTO,3220.docx,https://docs.google.com/document/d/1mg9Zd4A8bubq8SlJnLpsRw4oQyCtnZzn/edit?usp=drivesdk&ouid=115564273494382878883&rtpof=true&sd=true
3219,DOCUMENTO,3219.docx,https://docs.google.com/document/d/1Solu-K8GLpB4w4VMhyPesVkCYbmvqUua/edit?usp=drivesdk&ouid=115564273494382878883&rtpof=true&sd=true
3219,IMAGEN_GEO,3219_EL_SALVADOR_GEO.png,https://drive.google.com/file/d/1AkSNbDxTyw6VEZc7Uq41Aa80LmYq6EiP/view?usp=drivesdk
3218,DOCUMENTO,3218.docx,https://docs.google.com/document/d/1qDr_JK3aMNbBsSiaO4RsDaCNEJwtgsq-/edit?usp=drivesdk&ouid=115564273494382878883&rtpof=true&sd=true
3218,IMAGEN_GEO,3218_CEDROS_GEO.png,https://drive.google.com/file/d/1HI-7N_w-BY8hY3L8_psPKGxXU-RQkjRI/view?usp=drivesdk
3217,DOCUMENTO,3217.docx,https://docs.google.com/document/d/1jdC378lEaLqhftdBwz6LoIQhwfMGcyxU/edit?usp=drivesdk&ouid=115564273494382878883&rtpof=true&sd=true
3216,DOCUMENTO,3216.docx,https://docs.google.com/document/d/1Oy3XIoq4vE94d0M2xw2Q5fsvF5fzn1sH/edit?usp=drivesdk&ouid=115564273494382878883&rtpof=true&sd=true
3216,IMAGEN_GEO,3216_SAIN_ALTO_GEO.png,https://drive.google.com/file/d/1vTW_csh1H_vdNJkv40ZEG7Mp26lc6GkY/view?usp=drivesdk
3215,DOCUMENTO,3215.docx,https://docs.google.com/document/d/1tkdTWkpI11bWtkm_fINJXORN6V-GMyCG/edit?usp=drivesdk&ouid=115564273494382878883&rtpof=true&sd=true
3214,DOCUMENTO,3214.docx,https://docs.google.com/document/d/1CC-99qXwf4urcNLVjw0oLG_qpvwp-jkQ/edit?usp=drivesdk&ouid=115564273494382878883&rtpof=true&sd=true
3214,IMAGEN_GEO,3214_AGUANAVAL_GEO.png,https://drive.google.com/file/d/1aK_WxFsVqSFtEiSdNiEwno4Yl66Hz5TG/view?usp=drivesdk
3213,DOCUMENTO,3213.docx,https://docs.google.com/document/d/1CQeafBU9u_5DK4x6JXKFcpA3CjlKc0U4/edit?usp=drivesdk&ouid=115564273494382878883&rtpof=true&sd=true
3213,IMAGEN_GEO,3213_VILLA_GARCIA_GEO.png,https://drive.google.com/file/d/1R4PvORj1I2sVkz5N7SyDHmrjWcpvLjDJ/view?usp=drivesdk
3212,DOCUMENTO,3212.docx,https://docs.google.com/document/d/1VYAW7c3WNIJzv72RmooZhQi35-RzEjU-/edit?usp=drivesdk&ouid=115564273494382878883&rtpof=true&sd=true
3211,DOCUMENTO,3211.docx,https://docs.google.com/document/d/1vjEJ8KR6IIbZvtwkt6idzsoA4CsTqyIE/edit?usp=drivesdk&ouid=115564273494382878883&rtpof=true&sd=true
3211,IMAGEN_GEO,3211_VILLA_NUEVA_GEO.png,https://drive.google.com/file/d/1nq2Uk2CNidP8FwoMObw4lORqRnTgKQKe/view?usp=drivesdk
3210,DOCUMENTO,3210.docx,https://docs.google.com/document/d/1A30GQSHfRW6iu1BHuZQY6Sw7KPmWHxJ5/edit?usp=drivesdk&ouid=115564273494382878883&rtpof=true&sd=true
3210,IMAGEN_GEO,3210_BENITO_JUAREZ_GEO.png,https://drive.google.com/file/d/17ejoCZ5HOzcaJfAG8cIT5Q6UE99TF2k6/view?usp=drivesdk
3209,DOCUMENTO,3209.docx,https://docs.google.com/document/d/1NKx0Px4TIVVKhQ9uQPHeD6USbKRnZCv_/edit?usp=drivesdk&ouid=115564273494382878883&rtpof=true&sd=true
3208,DOCUMENTO,3208.docx,https://docs.google.com/document/d/1HSQOms4olIeMC37BaPLjCdD5LNLtUUks/edit?usp=drivesdk&ouid=115564273494382878883&rtpof=true&sd=true
3208,IMAGEN_GEO,3208_NOCHISTLAN_GEO.png,https://drive.google.com/file/d/1qzZ1Oba1s5juaYPISPoet8-kp6qVGrdT/view?usp=drivesdk
3207,DOCUMENTO,3207.docx,https://docs.google.com/document/d/14jukqjyykUY-NBO0-13oxZXES8-fUDGZ/edit?usp=drivesdk&ouid=115564273494382878883&rtpof=true&sd=true
3207,IMAGEN_GEO,3207_GARCIA_DE_LA_CADENA_GEO.png,https://drive.google.com/file/d/1W7ZpMKphEs89pacIriT9LZedMX41dIwW/view?usp=drivesdk
3206,DOCUMENTO,3206.docx,https://docs.google.com/document/d/18v6c_dgRHe6oslkbwheBD4Nok5RA7MZW/edit?usp=drivesdk&ouid=115564273494382878883&rtpof=true&sd=true
3206,IMAGEN_GEO,3206_TLALTENANGO_TEPECHITLAN_GEO.png,https://drive.google.com/file/d/1Q01IX64S0G2Qy7TXWnkmLiSI9rnsU-iR/view?usp=drivesdk
3205,DOCUMENTO,3205.docx,https://docs.google.com/document/d/1Qc6D1fYXfTG69amlT1MEHJUn7XnfMmPQ/edit?usp=drivesdk&ouid=115564273494382878883&rtpof=true&sd=true
3205,IMAGEN_GEO,3205_JEREZ_GEO.png,https://drive.google.com/file/d/1c-_YRBLNRks2vPVP77mAGSAlWxn_o9io/view?usp=drivesdk
3204,DOCUMENTO,3204.docx,https://docs.google.com/document/d/1jiQuz7bOEEw9flnkPzIT0qSNlORcq4R3/edit?usp=drivesdk&ouid=115564273494382878883&rtpof=true&sd=true
3204,IMAGEN_GEO,3204_VALPARAISO_GEO.png,https://drive.google.com/file/d/1vaGwscsFo-WdqD8qukK8KNicVZs9XQcK/view?usp=drivesdk
3203,DOCUMENTO,3203.docx,https://docs.google.com/document/d/1LtgMrW3P85-m_aHwsCGdNIoQJWo061IX/edit?usp=drivesdk&ouid=115564273494382878883&rtpof=true&sd=true
3202,DOCUMENTO,3202.docx,https://docs.google.com/document/d/1QI6cAj8m6UVD88Y4kFnpZ3H5xOLkYhLK/edit?usp=drivesdk&ouid=115564273494382878883&rtpof=true&sd=true
3201,DOCUMENTO,3201.docx,https://docs.google.com/document/d/17xiPmQFRWQmd7TVdYagMaSkwHCxkCfOY/edit?usp=drivesdk&ouid=115564273494382878883&rtpof=true&sd=true
3201,IMAGEN_GEO,3201_SABINAS_GEO.png,https://drive.google.com/file/d/13DIhBKvVFrJ-qIzo6mDzZfMyc403j9bi/view?usp=drivesdk
3105,DOCUMENTO,3105.docx,https://docs.google.com/document/d/1xZAMRu2cEbeJ8cqiqCL4iiErD7RRduug/edit?usp=drivesdk&ouid=115564273494382878883&rtpof=true&sd=true
3020,DOCUMENTO,3020.docx,https://docs.google.com/document/d/1tTIaDcm7YbwhpvgpSMagw74CrdIHRV59/edit?usp=drivesdk&ouid=115564273494382878883&rtpof=true&sd=true
3019,DOCUMENTO,3019.docx,https://docs.google.com/document/d/1c_3XQzxOQRdGcPZ__SHM9kaZ3Di5MR2q/edit?usp=drivesdk&ouid=115564273494382878883&rtpof=true&sd=true
3019,IMAGEN_GEO,3019_CUENCA_RIO_PAPALOAPAN_GEO.png,https://drive.google.com/file/d/1xc8-3lk3APYoPqoo79ql4-qJUzewBDqh/view?usp=drivesdk
3018,DOCUMENTO,3018.docx,https://docs.google.com/document/d/1ip6u8_-pbS3yb2g2Vpch-5fXs-p6P03S/edit?usp=drivesdk&ouid=115564273494382878883&rtpof=true&sd=true
3017,DOCUMENTO,3017.docx,https://docs.google.com/document/d/1HP8TmvRMdPu3MepY25xJDO55AwuNt--Q/edit?usp=drivesdk&ouid=115564273494382878883&rtpof=true&sd=true
3016,DOCUMENTO,3016.docx,https://docs.google.com/document/d/14msDiCsCdfuyDBeREOfOLtKM5M-TLkpf/edit?usp=drivesdk&ouid=115564273494382878883&rtpof=true&sd=true
3014,DOCUMENTO,3014.docx,https://docs.google.com/document/d/1PBi51FpKZEmh79-iBrHlEOigAG2Ll9Yf/edit?usp=drivesdk&ouid=115564273494382878883&rtpof=true&sd=true
3014,IMAGEN_GEO,3014_ALAMO_TUXPAN_GEO.png,https://drive.google.com/file/d/14Nq2rz7jdrFC8GPiku2Zs8KX9cm9kzjr/view?usp=drivesdk
3012,DOCUMENTO,3012.docx,https://docs.google.com/document/d/1gDqM9BI2vQLXRrEm7ttdA8uNbAep5S_p/edit?usp=drivesdk&ouid=115564273494382878883&rtpof=true&sd=true
3011,DOCUMENTO,3011.docx,https://docs.google.com/document/d/16wJqyWdS93B1LRSSBejPCXx_7Hytiju6/edit?usp=drivesdk&ouid=115564273494382878883&rtpof=true&sd=true
3010,DOCUMENTO,3010.docx,https://docs.google.com/document/d/1JtfcCo2fR3flqE0Vz4_oPua7IWCG_OQp/edit?usp=drivesdk&ouid=115564273494382878883&rtpof=true&sd=true
3009,DOCUMENTO,3009.docx,https://docs.google.com/document/d/1KR1EGWo3Lj1wMe09AH9NDPWF79-DzG2F/edit?usp=drivesdk&ouid=115564273494382878883&rtpof=true&sd=true
3008,DOCUMENTO,3008.docx,https://docs.google.com/document/d/1bsmgN06-UVNuTnF5wymTlaVSN_z_iwT6/edit?usp=drivesdk&ouid=115564273494382878883&rtpof=true&sd=true
3008,IMAGEN_GEO,3008_COTAXTLA_GEO.jpg,https://drive.google.com/file/d/12Wmj64CIosZ82aj1kTYcbMPfE4tOY7l6/view?usp=drivesdk
3007,DOCUMENTO,3007.docx,https://docs.google.com/document/d/17EXVm0MuBkA5FAJ7akTywZJWnv0dGGkj/edit?usp=drivesdk&ouid=115564273494382878883&rtpof=true&sd=true
3006,DOCUMENTO,3006.docx,https://docs.google.com/document/d/1LuZ23Omw5huGUHVnUzR9Qz0T4hDEPrJU/edit?usp=drivesdk&ouid=115564273494382878883&rtpof=true&sd=true
3006,IMAGEN_GEO,3006_COSTERA_DE_VERACRUZ_GEO.png,https://drive.google.com/file/d/15des-ROnLc-xtHNqSORO8XnGsUxFzi7L/view?usp=drivesdk
3005,DOCUMENTO,3005.docx,https://docs.google.com/document/d/1-geyvVFl-2XZbuZs7M6V_eMXACs7pA1Z/edit?usp=drivesdk&ouid=115564273494382878883&rtpof=true&sd=true
3005,IMAGEN_GEO,3005_VALLE_DE_ATOCPAN_GEO.png,https://drive.google.com/file/d/1NhDQE8JvhCQbl2ngqoF3YvrvVSH1BBwZ/view?usp=drivesdk
3004,DOCUMENTO,3004.docx,https://docs.google.com/document/d/1Rzkqg74W0I6p6XSEQhOMNiUr3RUZ6T1v/edit?usp=drivesdk&ouid=115564273494382878883&rtpof=true&sd=true
3004,IMAGEN_GEO,3004_PEROTE_ZALAYETA_GEO.jpg,https://drive.google.com/file/d/1srYJOy7uoH2G1-PSEhcSUzKlhGdsXsE-/view?usp=drivesdk
3003,DOCUMENTO,3003.docx,https://docs.google.com/document/d/1-o3N5lZJtBjOvyu5En_j9gFb9n6ZTW6K/edit?usp=drivesdk&ouid=115564273494382878883&rtpof=true&sd=true
3002,DOCUMENTO,3002.docx,https://docs.google.com/document/d/1s11FknCmcYgTnLbf4BaTTxo_uYWhsmVd/edit?usp=drivesdk&ouid=115564273494382878883&rtpof=true&sd=true
3001,DOCUMENTO,3001.docx,https://docs.google.com/document/d/1xXYsAvkWRrTD-1FupZXIRbwYs8GonJak/edit?usp=drivesdk&ouid=115564273494382878883&rtpof=true&sd=true
2904,DOCUMENTO,2904.docx,https://docs.google.com/document/d/1A9JzJIxMSxOSXRXdiKUFhwxydrfHRwoj/edit?usp=drivesdk&ouid=115564273494382878883&rtpof=true&sd=true
2903,DOCUMENTO,2903.docx,https://docs.google.com/document/d/1aasqEkC6-U4al_RQv6Pp_DKPYWfIZtLq/edit?usp=drivesdk&ouid=115564273494382878883&rtpof=true&sd=true
2903,IMAGEN_GEO,2903_HUAMANTLA_GEO.jpg,https://drive.google.com/file/d/1NIS-Zgjbdht-lg5JQDORnfokCUE_LoZn/view?usp=drivesdk
2902,DOCUMENTO,2902.docx,https://docs.google.com/document/d/1kddvVVVRZxQ5GB9OibsrGpLUy7Yfxro4/edit?usp=drivesdk&ouid=115564273494382878883&rtpof=true&sd=true
2902,IMAGEN_GEO,2902_SOLTEPEC_GEO.png,https://drive.google.com/file/d/1_4m-nQRKAs_qcKESqQgmGecwalVYQ2Uz/view?usp=drivesdk
2901,DOCUMENTO,2901.docx,https://docs.google.com/document/d/1kCSpFtQUtmpKnBImc6-wYYCDqzzeNqLb/edit?usp=drivesdk&ouid=115564273494382878883&rtpof=true&sd=true
2901,IMAGEN_GEO,2901_ALTO_ATOYAC_GEO.jpg,https://drive.google.com/file/d/1dlI8mgDiHo9xQ5QjLX6tgb0j-wM2f37o/view?usp=drivesdk
2814,DOCUMENTO,2814.docx,https://docs.google.com/document/d/1PovFRglT2DkkYRFyftTGLJfK3N8Nyg4e/edit?usp=drivesdk&ouid=115564273494382878883&rtpof=true&sd=true
2813,DOCUMENTO,2813.docx,https://docs.google.com/document/d/1RnHa1DQ1OHy6c_CNQAmZMyVmQQB0tria/edit?usp=drivesdk&ouid=115564273494382878883&rtpof=true&sd=true
2812,DOCUMENTO,2812.docx,https://docs.google.com/document/d/1FtS8kYR5P571KASMdVSRSri8ZksLwWwq/edit?usp=drivesdk&ouid=115564273494382878883&rtpof=true&sd=true
2811,DOCUMENTO,2811.docx,https://docs.google.com/document/d/13ALgW_YLaL0L7csQx2DbnpcUrboC9CDi/edit?usp=drivesdk&ouid=115564273494382878883&rtpof=true&sd=true
2810,DOCUMENTO,2810.docx,https://docs.google.com/document/d/1qjcQ_87TSStc-AEaMCDadbeBNK6wyMYc/edit?usp=drivesdk&ouid=115564273494382878883&rtpof=true&sd=true
2810,IMAGEN_GEO,2810_PALMILLAS_JAUMAVE_GEO.jpg,https://drive.google.com/file/d/1xBxb5pW22xLoNtX5C_LLzG8fslBxa4qi/view?usp=drivesdk
2809,DOCUMENTO,2809.docx,https://docs.google.com/document/d/1EUO5Cc90NSiD_nhaNTDAbcdLeo33pBsZ/edit?usp=drivesdk&ouid=115564273494382878883&rtpof=true&sd=true
2808,DOCUMENTO,2808.docx,https://docs.google.com/document/d/1CG5Wao7zjQOgyxDEtHWSPLazUp_jyr25/edit?usp=drivesdk&ouid=115564273494382878883&rtpof=true&sd=true
2808,IMAGEN_GEO,2808_VICTORIA_CASAS_GEO.jpg,https://drive.google.com/file/d/1CKrjhoxQuT1RpOz6Qr3GXbuTKnTKZGv9/view?usp=drivesdk
2807,DOCUMENTO,2807.docx,https://docs.google.com/document/d/1yP5vYgr1cREgF7_ad_vgHNSt00KwxYo4/edit?usp=drivesdk&ouid=115564273494382878883&rtpof=true&sd=true
2807,IMAGEN_GEO,2807_VICTORIA_GUEMEZ_GEO.jpg,https://drive.google.com/file/d/10JbiLp5z_pVqlMR8Iqc-3NkbSgcX3uGl/view?usp=drivesdk
2806,DOCUMENTO,2806.docx,https://docs.google.com/document/d/1hcIgiXtET55DY8P1N4_K_MYZEN2qMXYn/edit?usp=drivesdk&ouid=115564273494382878883&rtpof=true&sd=true
2805,DOCUMENTO,2805.docx,https://docs.google.com/document/d/1wFKEI0f74H3m2kfqi24ZPjT0RMV89qc1/edit?usp=drivesdk&ouid=115564273494382878883&rtpof=true&sd=true
2804,DOCUMENTO,2804.docx,https://docs.google.com/document/d/10qOjQf8Ynni8ajNhrLRzN9fHUnIq5-V-/edit?usp=drivesdk&ouid=115564273494382878883&rtpof=true&sd=true
2803,DOCUMENTO,2803.docx,https://docs.google.com/document/d/1Dd8kSclPE6izTLawGTkVAUPANBQXlv-H/edit?usp=drivesdk&ouid=115564273494382878883&rtpof=true&sd=true
2802,DOCUMENTO,2802.docx,https://docs.google.com/document/d/1_q-l-NxAPIvvADDz5X8kSOMDX65lnG35/edit?usp=drivesdk&ouid=115564273494382878883&rtpof=true&sd=true
2802,IMAGEN_GEO,2802_MENDEZ_SAN_FERNANDO_GEO.png,https://drive.google.com/file/d/1RY6-Kt5sldxH1n8pSYxiqeSycjhObsmr/view?usp=drivesdk
2801,DOCUMENTO,2801.docx,https://docs.google.com/document/d/1Ic11KdLCWSF5YbekNYe45Q6geUmmfzV9/edit?usp=drivesdk&ouid=115564273494382878883&rtpof=true&sd=true
2708,DOCUMENTO,2708.docx,https://docs.google.com/document/d/1r5u6l2Aoqq6g8PUBb_oUGVNIM3MbU8KL/edit?usp=drivesdk&ouid=115564273494382878883&rtpof=true&sd=true
2707,DOCUMENTO,2707.docx,https://docs.google.com/document/d/1sZJSU-QEvVA8hQkRoFrq5JeigCzSzyz8/edit?usp=drivesdk&ouid=115564273494382878883&rtpof=true&sd=true
2706,DOCUMENTO,2706.docx,https://docs.google.com/document/d/1iSGbP5wKub44zQHmzflgC8YDJEfFWnaQ/edit?usp=drivesdk&ouid=115564273494382878883&rtpof=true&sd=true
2705,DOCUMENTO,2705.docx,https://docs.google.com/document/d/1JDY7qJmvqmj1KOp3xpVwjLjqv9locH1Y/edit?usp=drivesdk&ouid=115564273494382878883&rtpof=true&sd=true
2704,DOCUMENTO,2704.docx,https://docs.google.com/document/d/1-mSnYUe6JmmkcHhg9cgo8mK012S-AQ6p/edit?usp=drivesdk&ouid=115564273494382878883&rtpof=true&sd=true
2703,DOCUMENTO,2703.docx,https://docs.google.com/document/d/1_dZmefkZSTzPm9NPqQpD6FhuADWIqUtz/edit?usp=drivesdk&ouid=115564273494382878883&rtpof=true&sd=true
2702,DOCUMENTO,2702.docx,https://docs.google.com/document/d/19dL9EAB9hM7wCnmWt9yB9LUmDbBIR2Ap/edit?usp=drivesdk&ouid=115564273494382878883&rtpof=true&sd=true
2701,DOCUMENTO,2701.docx,https://docs.google.com/document/d/1gazP8RARzprYcyK7ZEByXqNFlcBL18nX/edit?usp=drivesdk&ouid=115564273494382878883&rtpof=true&sd=true
2661,DOCUMENTO,2661.docx,https://docs.google.com/document/d/1oORniKAH5A5EZxvE8x3HSed8sE7dfcn0/edit?usp=drivesdk&ouid=115564273494382878883&rtpof=true&sd=true
2660,DOCUMENTO,2660.docx,https://docs.google.com/document/d/1nVuLPeXMU7fQZskAjP2rYTU_FchK6g-o/edit?usp=drivesdk&ouid=115564273494382878883&rtpof=true&sd=true
2658,DOCUMENTO,2658.docx,https://docs.google.com/document/d/1jFvwQctATzia9j66UGdySrneWxaOXdfc/edit?usp=drivesdk&ouid=115564273494382878883&rtpof=true&sd=true
2657,DOCUMENTO,2657.docx,https://docs.google.com/document/d/1F8CUuO07UNxxZ5ymEHHk5OofTihueXbq/edit?usp=drivesdk&ouid=115564273494382878883&rtpof=true&sd=true
2656,DOCUMENTO,2656.docx,https://docs.google.com/document/d/1fS2YPO-hWfn0TybnNoLbHHh_mn8jeAKK/edit?usp=drivesdk&ouid=115564273494382878883&rtpof=true&sd=true
2655,DOCUMENTO,2655.docx,https://docs.google.com/document/d/196wvJJ7QQ-YuF2RnJgfQXEJCLyR-fuk9/edit?usp=drivesdk&ouid=115564273494382878883&rtpof=true&sd=true
2654,DOCUMENTO,2654.docx,https://docs.google.com/document/d/1HPzwu-Wiih04rACtffAEKadxDsEpG0kf/edit?usp=drivesdk&ouid=115564273494382878883&rtpof=true&sd=true
2653,DOCUMENTO,2653.docx,https://docs.google.com/document/d/15USE6UTa8L0L-fZIDrK3AlMKHKxSh_Ti/edit?usp=drivesdk&ouid=115564273494382878883&rtpof=true&sd=true
2652,DOCUMENTO,2652.docx,https://docs.google.com/document/d/1a_zS47crbcC_x0bbBW1_qMc6MyWrX68r/edit?usp=drivesdk&ouid=115564273494382878883&rtpof=true&sd=true
2651,DOCUMENTO,2651.docx,https://docs.google.com/document/d/1z78UhjfW3bCRbeQmGUViZXkb8bONezjR/edit?usp=drivesdk&ouid=115564273494382878883&rtpof=true&sd=true
2650,DOCUMENTO,2650.docx,https://docs.google.com/document/d/1tHCbMjdYtdlRO31CuSlMyQWQwr9QcO86/edit?usp=drivesdk&ouid=115564273494382878883&rtpof=true&sd=true
2649,DOCUMENTO,2649.docx,https://docs.google.com/document/d/1b9jspmpK45Hyd8U9fahMjn_ri-6IZ1w2/edit?usp=drivesdk&ouid=115564273494382878883&rtpof=true&sd=true
2648,DOCUMENTO,2648.docx,https://docs.google.com/document/d/1DMhkE2ORk6XealgFAplbtKcXw-d5_nv8/edit?usp=drivesdk&ouid=115564273494382878883&rtpof=true&sd=true
2647,DOCUMENTO,2647.docx,https://docs.google.com/document/d/1huDD9jIyt-fUvcZmo9Cdsm_LkBSneE0O/edit?usp=drivesdk&ouid=115564273494382878883&rtpof=true&sd=true
2646,DOCUMENTO,2646.docx,https://docs.google.com/document/d/1TImqqCUcQ--rIElnjHfVUykKciSHn8Ky/edit?usp=drivesdk&ouid=115564273494382878883&rtpof=true&sd=true
2645,DOCUMENTO,2645.docx,https://docs.google.com/document/d/19s96neyR-m1dpqRsQn8cfzNp47Hmscws/edit?usp=drivesdk&ouid=115564273494382878883&rtpof=true&sd=true
2644,DOCUMENTO,2644.docx,https://docs.google.com/document/d/1-kHz-xlJirpx92shxcxd2FUzcrcItste/edit?usp=drivesdk&ouid=115564273494382878883&rtpof=true&sd=true
2643,DOCUMENTO,2643.docx,https://docs.google.com/document/d/1h5Wqpt8D8oRZ22KewsMbkhjilKnttpjn/edit?usp=drivesdk&ouid=115564273494382878883&rtpof=true&sd=true
2642,DOCUMENTO,2642.docx,https://docs.google.com/document/d/1nLTZb_wHri5FMZJsq0PFB9qakWzPs6l_/edit?usp=drivesdk&ouid=115564273494382878883&rtpof=true&sd=true
2642,IMAGEN_GEO,2642_VALLE_DEL_MAYO_GEO.png,https://drive.google.com/file/d/1ogWRfTwil5mio2V29UiW-hbwbu_NYhJa/view?usp=drivesdk
2641,DOCUMENTO,2641.docx,https://docs.google.com/document/d/1Rxeb8Gf4JSWgAc57jkuqBPDRhJ8HQif7/edit?usp=drivesdk&ouid=115564273494382878883&rtpof=true&sd=true
2640,DOCUMENTO,2640.docx,https://docs.google.com/document/d/1KaFPaabQ-pgm2OG4eFlnV7z3zunB-LG7/edit?usp=drivesdk&ouid=115564273494382878883&rtpof=true&sd=true
2639,DOCUMENTO,2639.docx,https://docs.google.com/document/d/1ud1cU85Kuo9GycossCD-wdvOQDb9XtGn/edit?usp=drivesdk&ouid=115564273494382878883&rtpof=true&sd=true
2638,DOCUMENTO,2638.docx,https://docs.google.com/document/d/1wNadduTCRGkiImzbRjwDys4rY95nAgmp/edit?usp=drivesdk&ouid=115564273494382878883&rtpof=true&sd=true
2637,DOCUMENTO,2637.docx,https://docs.google.com/document/d/16XE7JAlhDUQY_qS1c5xCEMDgCF7BIMZA/edit?usp=drivesdk&ouid=115564273494382878883&rtpof=true&sd=true
2636,DOCUMENTO,2636.docx,https://docs.google.com/document/d/1MkC25M0bQ4aTRqiDBEOLNLRAWDpzDutz/edit?usp=drivesdk&ouid=115564273494382878883&rtpof=true&sd=true
2636,IMAGEN_GEO,2636_SAN_JOSE_DE_GUAYMAS_GEO.png,https://drive.google.com/file/d/1SV3VP7pfvzppX304WbIoY6UMBd8HWNM3/view?usp=drivesdk
2635,DOCUMENTO,2635.docx,https://docs.google.com/document/d/1gGW2Z_lDOhekh3ge9voQHPg5CPe28_py/edit?usp=drivesdk&ouid=115564273494382878883&rtpof=true&sd=true
2635,IMAGEN_GEO,2635_VALLE_DE_GUAYMAS_GEO.png,https://drive.google.com/file/d/1uiTeD7i1eJUIdQ51twiGi2dXRVGWDDNW/view?usp=drivesdk
2634,DOCUMENTO,2634.docx,https://docs.google.com/document/d/1smHYYF8G9HXBzqE8b-uFpRRqr3s9zO3D/edit?usp=drivesdk&ouid=115564273494382878883&rtpof=true&sd=true
2633,DOCUMENTO,2633.docx,https://docs.google.com/document/d/1djt9wf15fZ1ncQ4q1HnlIH7Fz58YpLSe/edit?usp=drivesdk&ouid=115564273494382878883&rtpof=true&sd=true
2632,DOCUMENTO,2632.docx,https://docs.google.com/document/d/1olmEB3s8MZQ-069q1D_y8ihBXxbjYMBa/edit?usp=drivesdk&ouid=115564273494382878883&rtpof=true&sd=true
2631,DOCUMENTO,2631.docx,https://docs.google.com/document/d/1y78Xjj-Pq3QhGb9QMCYJC5NPKfN-J71P/edit?usp=drivesdk&ouid=115564273494382878883&rtpof=true&sd=true
2630,DOCUMENTO,2630.docx,https://docs.google.com/document/d/1ZgKta9dvbZsLqD4kJB234i_KvgQ2RDEo/edit?usp=drivesdk&ouid=115564273494382878883&rtpof=true&sd=true
2629,DOCUMENTO,2629.docx,https://docs.google.com/document/d/1u9dQhbTXrePzhRLZvNIj0zGyktoYCgsp/edit?usp=drivesdk&ouid=115564273494382878883&rtpof=true&sd=true
2629,IMAGEN_GENERAL,2629_RIO_AGUA_PRIETA_RIO_AGUA_PRIETA.png,https://drive.google.com/file/d/1vd3mtx0yMktmxf6JdATeghdXyRKEXxXf/view?usp=drivesdk
2628,DOCUMENTO,2628.docx,https://docs.google.com/document/d/1T61G7eW-Z3qYRmPQe2sEz2EoOc9O2qip/edit?usp=drivesdk&ouid=115564273494382878883&rtpof=true&sd=true
2628,IMAGEN_GEO,2628_RIO_BACANUCHI_GEO.png,https://drive.google.com/file/d/1fBCwX4VsNvF-mLRABsma7LpR11wKJpf9/view?usp=drivesdk
2627,DOCUMENTO,2627.docx,https://docs.google.com/document/d/1dccLOnrafzgcRv_o1iH2pAn2WOwGAoiW/edit?usp=drivesdk&ouid=115564273494382878883&rtpof=true&sd=true
2627,IMAGEN_GEO,2627_RIO_BACOACHI_GEO.jpg,https://drive.google.com/file/d/1HklIfY2B17tiEdkDsptGvGztz7V_U8qi/view?usp=drivesdk
2626,DOCUMENTO,2626.docx,https://docs.google.com/document/d/1GjnlOhYg3A-n4KTlRkSswqqq-ogXAr8L/edit?usp=drivesdk&ouid=115564273494382878883&rtpof=true&sd=true
2626,IMAGEN_GEO,2626_RIO_ZANJON_GEO.jpg,https://drive.google.com/file/d/12HyCdW1b8rX05mJqAWIYdpPOAcxH0oxM/view?usp=drivesdk
2625,DOCUMENTO,2625.docx,https://docs.google.com/document/d/1fofFMEObNk3l14CIKCLupOM5MsiMZAuC/edit?usp=drivesdk&ouid=115564273494382878883&rtpof=true&sd=true
2625,IMAGEN_GEO,2625_RIO_SAN_MIGUEL_GEO.jpg,https://drive.google.com/file/d/1Vv45Hm0yf2VDz1v2fFmHyl8sh_qU-Q4-/view?usp=drivesdk
2624,DOCUMENTO,2624.docx,https://docs.google.com/document/d/1xJ3pR5Jm__wtDLwaa2StBBuM9lk2svag/edit?usp=drivesdk&ouid=115564273494382878883&rtpof=true&sd=true
2623,DOCUMENTO,2623.docx,https://docs.google.com/document/d/1pa3BeXFwjBFAp1x5rajESJgGYXKpO9sm/edit?usp=drivesdk&ouid=115564273494382878883&rtpof=true&sd=true
2622,DOCUMENTO,2622.docx,https://docs.google.com/document/d/1j-kXuf_oy3MiTFYxBOqtwHcGrJ8R5Fgo/edit?usp=drivesdk&ouid=115564273494382878883&rtpof=true&sd=true
2621,DOCUMENTO,2621.docx,https://docs.google.com/document/d/1zY5bSCX5k6KaDCZ1dtXXO6vCInzY6lVw/edit?usp=drivesdk&ouid=115564273494382878883&rtpof=true&sd=true
2620,DOCUMENTO,2620.docx,https://docs.google.com/document/d/1uMz-7bSwnlCPRnu0BbldpsNdgfIWgqfS/edit?usp=drivesdk&ouid=115564273494382878883&rtpof=true&sd=true
2620,IMAGEN_GEO,2620_SAHUARAL_GEO.png,https://drive.google.com/file/d/1uUF2LZH79toQtmGMIOVB4LqoMzBdN6mK/view?usp=drivesdk
2619,DOCUMENTO,2619.docx,https://docs.google.com/document/d/1anR9lf4_l2ZT0Ti2v7xGYwc_Iw7_SXpR/edit?usp=drivesdk&ouid=115564273494382878883&rtpof=true&sd=true
2619,IMAGEN_GEO,2619_COSTA_DE_HERMOSILLO_GEO.png,https://drive.google.com/file/d/19Q14oBOxAtonhnUPE-jVE-tD34RzjWRd/view?usp=drivesdk
2618,DOCUMENTO,2618.docx,https://docs.google.com/document/d/1057m7QqR1K_xdSPrxZyKjIxoAFUhAD1W/edit?usp=drivesdk&ouid=115564273494382878883&rtpof=true&sd=true
2617,DOCUMENTO,2617.docx,https://docs.google.com/document/d/1SmPSHUKbDznZB-f_CFVMncZNxJE6FnTV/edit?usp=drivesdk&ouid=115564273494382878883&rtpof=true&sd=true
2616,DOCUMENTO,2616.docx,https://docs.google.com/document/d/1csx75It7u8f9SvQ65c8dW5QMXSFt2yOd/edit?usp=drivesdk&ouid=115564273494382878883&rtpof=true&sd=true
2616,IMAGEN_GEO,2616_RIO_SAN_PEDRO_GEO.png,https://drive.google.com/file/d/1eo8zeuaQx-n6HN3oNyMX86l0MAwshgHw/view?usp=drivesdk
2615,DOCUMENTO,2615.docx,https://docs.google.com/document/d/1zidpZYOBh0SM6th1WTzD0Tn_inWampN0/edit?usp=drivesdk&ouid=115564273494382878883&rtpof=true&sd=true
2614,DOCUMENTO,2614.docx,https://docs.google.com/document/d/1s_99VPRhnCKfxXfRORNDYMJF5OdiAt0K/edit?usp=drivesdk&ouid=115564273494382878883&rtpof=true&sd=true
2613,DOCUMENTO,2613.docx,https://docs.google.com/document/d/1RKY0yHaLRTfQPB3r_l1CqikSnGyXJG7q/edit?usp=drivesdk&ouid=115564273494382878883&rtpof=true&sd=true
2612,DOCUMENTO,2612.docx,https://docs.google.com/document/d/1UHx3s9V1OdwlLMWLfv4xxltyZF2_LhSt/edit?usp=drivesdk&ouid=115564273494382878883&rtpof=true&sd=true
2611,DOCUMENTO,2611.docx,https://docs.google.com/document/d/1Ko5l2q0Mjd0s1jqA9xOAs1fyyHAEm4Q1/edit?usp=drivesdk&ouid=115564273494382878883&rtpof=true&sd=true
2610,DOCUMENTO,2610.docx,https://docs.google.com/document/d/1Lqz4eX8jWDsnPrx_IuW8JVwn9D2i23Ds/edit?usp=drivesdk&ouid=115564273494382878883&rtpof=true&sd=true
2609,DOCUMENTO,2609.docx,https://docs.google.com/document/d/1Cws31xBBEX94_DxYKNKAssVnugjEAMlF/edit?usp=drivesdk&ouid=115564273494382878883&rtpof=true&sd=true
2608,DOCUMENTO,2608.docx,https://docs.google.com/document/d/1BU_itDL3FyLVUcssV8wCC4REHd_d_to_/edit?usp=drivesdk&ouid=115564273494382878883&rtpof=true&sd=true
2607,DOCUMENTO,2607.docx,https://docs.google.com/document/d/1bJRLQmozI-syx7Zan_GYwYhUVGZoUcpA/edit?usp=drivesdk&ouid=115564273494382878883&rtpof=true&sd=true
2606,DOCUMENTO,2606.docx,https://docs.google.com/document/d/1szuwvTA6GWtLL77A2zjeQz5oYy1RfJUx/edit?usp=drivesdk&ouid=115564273494382878883&rtpof=true&sd=true
2605,DOCUMENTO,2605.docx,https://docs.google.com/document/d/18A9VjVDQdAVqLJSM4wvKr4kW4drE3ZfC/edit?usp=drivesdk&ouid=115564273494382878883&rtpof=true&sd=true
2605,IMAGEN_GEO,2605_CABORCA_GEO.jpg,https://drive.google.com/file/d/1vbFV7h0JcStUJxcUENj6fFSGlwAR4_UH/view?usp=drivesdk
2604,DOCUMENTO,2604.docx,https://docs.google.com/document/d/1EPy6ieEgMCU4k8c5VgcFtP79bUTZ9oAr/edit?usp=drivesdk&ouid=115564273494382878883&rtpof=true&sd=true
2603,DOCUMENTO,2603.docx,https://docs.google.com/document/d/1XieXoZJePqNdrDKdI8i5KqywUgBOPQbw/edit?usp=drivesdk&ouid=115564273494382878883&rtpof=true&sd=true
2602,DOCUMENTO,2602.docx,https://docs.google.com/document/d/1a9J2h1tRvNOXXKwzTcUY3nU97e_4dd4I/edit?usp=drivesdk&ouid=115564273494382878883&rtpof=true&sd=true
2601,DOCUMENTO,2601.docx,https://docs.google.com/document/d/1jNKegXYfS50gylhUlyUfieBsza2lWjUo/edit?usp=drivesdk&ouid=115564273494382878883&rtpof=true&sd=true
2514,DOCUMENTO,2514.docx,https://docs.google.com/document/d/142lr_9rXjqFNFlFzJfmWd08aF0yQIY8e/edit?usp=drivesdk&ouid=115564273494382878883&rtpof=true&sd=true
2513,DOCUMENTO,2513.docx,https://docs.google.com/document/d/1XSR0DpDiDumIgsyCac5VEVDQBz1DC7wJ/edit?usp=drivesdk&ouid=115564273494382878883&rtpof=true&sd=true
2513,IMAGEN_GEO,2513_RIO_CANAS_GEO.png,https://drive.google.com/file/d/1bOF_UUmj44j_f1x9HlB0gkbFD-TMKwAK/view?usp=drivesdk
2512,DOCUMENTO,2512.docx,https://docs.google.com/document/d/1E3hQpih2NcUJRzc2xQCYdPx4rYS4fATm/edit?usp=drivesdk&ouid=115564273494382878883&rtpof=true&sd=true
2512,IMAGEN_GEO,2512_LAGUNA_AGUA_GRANDE_GEO.png,https://drive.google.com/file/d/1-KHVKHaxhUnq-2J15-W8G7M5FiaT0QGD/view?usp=drivesdk
2511,DOCUMENTO,2511.docx,https://docs.google.com/document/d/1LyhplLE0wXVZlUDAV7O_xXy-0mvzxscv/edit?usp=drivesdk&ouid=115564273494382878883&rtpof=true&sd=true
2511,IMAGEN_GEO,2511_VALLE_DE_ESCUINAPA_GEO.png,https://drive.google.com/file/d/1Hel5mIEysv9132Hz19oaGPwn8HwZyMV9/view?usp=drivesdk
2510,DOCUMENTO,2510.docx,https://docs.google.com/document/d/1Hp5kknBg05P4bUw-NniJJfQcQQ1yzdOB/edit?usp=drivesdk&ouid=115564273494382878883&rtpof=true&sd=true
2510,IMAGEN_GEO,2510_RIO_BALUARTE_GEO.png,https://drive.google.com/file/d/1XbCD8eovaGv8YzN1G7M22QBOUR6xIs5d/view?usp=drivesdk
2509,DOCUMENTO,2509.docx,https://docs.google.com/document/d/1KTeYW5cSOkA9fyNcZZi64AAU9vgyHndS/edit?usp=drivesdk&ouid=115564273494382878883&rtpof=true&sd=true
2509,IMAGEN_GEO,2509_RIO_PRESIDIO_GEO.png,https://drive.google.com/file/d/11QR4ruaBlzBqPZnR-Jd3toKHoW0uWGnh/view?usp=drivesdk
2508,DOCUMENTO,2508.docx,https://docs.google.com/document/d/1-lgugaSLtMcN0w9YKARDJUSPZoDXbZRS/edit?usp=drivesdk&ouid=115564273494382878883&rtpof=true&sd=true
2508,IMAGEN_GEO,2508_RIO_QUELITE_GEO.png,https://drive.google.com/file/d/1JHZxhnRCCDHeJ3tNyOQj0_ivq2NuYZ7N/view?usp=drivesdk
2507,DOCUMENTO,2507.docx,https://docs.google.com/document/d/1a47BdzDrBzlw8DQD_zbzfO9e-xFbh6tF/edit?usp=drivesdk&ouid=115564273494382878883&rtpof=true&sd=true
2507,IMAGEN_GEO,2507_RIO_PIAXTLA_GEO.png,https://drive.google.com/file/d/1KnLzdxADujaFe-Q42XbiWHWJ2XssQ33n/view?usp=drivesdk
2506,DOCUMENTO,2506.docx,https://docs.google.com/document/d/1TxRefKuZWa_gGl1s0zeHcdlYif9l8nEA/edit?usp=drivesdk&ouid=115564273494382878883&rtpof=true&sd=true
2506,IMAGEN_GEO,2506_RIO_ELOTA_GEO.png,https://drive.google.com/file/d/1_nxLeLP9fmyp2KQh3bArCgEfX2o4uaom/view?usp=drivesdk
2505,DOCUMENTO,2505.docx,https://docs.google.com/document/d/1ITuTFVDINjZCNXJHvV2Wp6xprJf0WwYg/edit?usp=drivesdk&ouid=115564273494382878883&rtpof=true&sd=true
2505,IMAGEN_GEO,2505_RIO_SAN_LORENZO_GEO.png,https://drive.google.com/file/d/18XrzRF5a-l6LM1yNOO9KUlbxWA_UnsBC/view?usp=drivesdk
2504,DOCUMENTO,2504.docx,https://docs.google.com/document/d/1T0ZtURZeir_BceAcCAlu9ZS0g9aq4TGT/edit?usp=drivesdk&ouid=115564273494382878883&rtpof=true&sd=true
2504,IMAGEN_GEO,2504_RIO_CULIACAN_GEO.png,https://drive.google.com/file/d/16eNJGXSmPL3t5iDu3jYIIStJGCLGGMeK/view?usp=drivesdk
2503,DOCUMENTO,2503.docx,https://docs.google.com/document/d/1YXbw5jJYQIerM_6-cvQJ-fzqeZ2djDol/edit?usp=drivesdk&ouid=115564273494382878883&rtpof=true&sd=true
2502,DOCUMENTO,2502.docx,https://docs.google.com/document/d/1S9cjaaqCW89vyn-Wre9mDC9O0EyoWVGX/edit?usp=drivesdk&ouid=115564273494382878883&rtpof=true&sd=true
2502,IMAGEN_GEO,2502_RIO_SINALOA_GEO.png,https://drive.google.com/file/d/1x90qeKg07BBnevNZz7-sc1y8iGz2zDGv/view?usp=drivesdk
2501,DOCUMENTO,2501.docx,https://docs.google.com/document/d/1WVCXa6EoOJLkHfIdnIm372s9GIotHHDo/edit?usp=drivesdk&ouid=115564273494382878883&rtpof=true&sd=true
2419,DOCUMENTO,2419.docx,https://docs.google.com/document/d/1K-MqeaX5D_O_4qzXD9uNReXMvpbd5a4X/edit?usp=drivesdk&ouid=115564273494382878883&rtpof=true&sd=true
2418,DOCUMENTO,2418.docx,https://docs.google.com/document/d/1UZlXmUT-g11CqJJwp1D2lG3LisTMbdpB/edit?usp=drivesdk&ouid=115564273494382878883&rtpof=true&sd=true
2417,DOCUMENTO,2417.docx,https://docs.google.com/document/d/1hLzkFHA7ivvL1mBUm3oq1DBSrQmMGIW2/edit?usp=drivesdk&ouid=115564273494382878883&rtpof=true&sd=true
2416,DOCUMENTO,2416.docx,https://docs.google.com/document/d/1U5WGj0mLoWLWnDpGrXYU4xwbUfs3q-bN/edit?usp=drivesdk&ouid=115564273494382878883&rtpof=true&sd=true
2415,DOCUMENTO,2415.docx,https://docs.google.com/document/d/1HPIrXAIQN8DLASwYuIaoXq6z-hdxU5s6/edit?usp=drivesdk&ouid=115564273494382878883&rtpof=true&sd=true
2414,DOCUMENTO,2414.docx,https://docs.google.com/document/d/19Jv0FzZja3uPnQCfJkJa_h7xSsrcq316/edit?usp=drivesdk&ouid=115564273494382878883&rtpof=true&sd=true
2413,DOCUMENTO,2413.docx,https://docs.google.com/document/d/17wYh01Ny7bGzrLXH0mL9jHyHd8NHFjIC/edit?usp=drivesdk&ouid=115564273494382878883&rtpof=true&sd=true
2412,DOCUMENTO,2412.docx,https://docs.google.com/document/d/17d4nrr7xRarP89GMNQiGu8WTmlVnKiIW/edit?usp=drivesdk&ouid=115564273494382878883&rtpof=true&sd=true
2412,IMAGEN_GEO,2412_JARAL_DE_BERRIOS_VILLA_DE_REYES_GEO.png,https://drive.google.com/file/d/1Qxk19qbXzW34floOwmnSC6VPoFkSvG9d/view?usp=drivesdk
2411,DOCUMENTO,2411.docx,https://docs.google.com/document/d/1dZMb0wLFuex_8vFPK5xF4acfVZo5h3Aq/edit?usp=drivesdk&ouid=115564273494382878883&rtpof=true&sd=true
2410,DOCUMENTO,2410.docx,https://docs.google.com/document/d/1ELAnA8GE2sE0Zi4n8-jR3RGS1yaOLO-2/edit?usp=drivesdk&ouid=115564273494382878883&rtpof=true&sd=true
2409,DOCUMENTO,2409.docx,https://docs.google.com/document/d/14MDsyd9ThS8g_A470R3SoJgv2WjoJTfK/edit?usp=drivesdk&ouid=115564273494382878883&rtpof=true&sd=true
2408,DOCUMENTO,2408.docx,https://docs.google.com/document/d/1FDrgJ8T3a8K-wR1RzYmaZnfjVO2xmGWt/edit?usp=drivesdk&ouid=115564273494382878883&rtpof=true&sd=true
2407,DOCUMENTO,2407.docx,https://docs.google.com/document/d/1g08q5K4-I1guZaGWDtY3ns8XDJNno7EO/edit?usp=drivesdk&ouid=115564273494382878883&rtpof=true&sd=true
2406,DOCUMENTO,2406.docx,https://docs.google.com/document/d/1ZuGvelwCEoV3G4P8jAMJYwK2c477Nj7v/edit?usp=drivesdk&ouid=115564273494382878883&rtpof=true&sd=true
2405,DOCUMENTO,2405.docx,https://docs.google.com/document/d/19zsGrF3E8on0B2wvGDoA7Luh5mSBfv67/edit?usp=drivesdk&ouid=115564273494382878883&rtpof=true&sd=true
2404,DOCUMENTO,2404.docx,https://docs.google.com/document/d/1DIru_fODxKoY7sjcc0LLLezesl9t1uYi/edit?usp=drivesdk&ouid=115564273494382878883&rtpof=true&sd=true
2403,DOCUMENTO,2403.docx,https://docs.google.com/document/d/1YF0-y6R1QuzZv1nvX7b9-2oCSWak2q-t/edit?usp=drivesdk&ouid=115564273494382878883&rtpof=true&sd=true
2402,DOCUMENTO,2402.docx,https://docs.google.com/document/d/1itutAeVWhqnOSbFjvE6l1UlAeR1NqdmG/edit?usp=drivesdk&ouid=115564273494382878883&rtpof=true&sd=true
2401,DOCUMENTO,2401.DOCX,https://docs.google.com/document/d/1cNgkWVzIfXyBtY91yl4gueEuidKM8hDR/edit?usp=drivesdk&ouid=115564273494382878883&rtpof=true&sd=true
2305,DOCUMENTO,2305.docx,https://docs.google.com/document/d/1t2En1fkoU1qqvu3AnujCr52n5L8RfMtC/edit?usp=drivesdk&ouid=115564273494382878883&rtpof=true&sd=true
2301,DOCUMENTO,2301.docx,https://docs.google.com/document/d/16tDRLDV0lCV7vSHWK1thYob6ClYZ2RJD/edit?usp=drivesdk&ouid=115564273494382878883&rtpof=true&sd=true
2211,DOCUMENTO,2211.docx,https://docs.google.com/document/d/1hvizhxJ6BaEjr_9cLk0q1_wrznIlpP34/edit?usp=drivesdk&ouid=115564273494382878883&rtpof=true&sd=true
2210,DOCUMENTO,2210.docx,https://docs.google.com/document/d/1R-H-CJYsc8hq19MTVMOaFjYD9oHYJdpX/edit?usp=drivesdk&ouid=115564273494382878883&rtpof=true&sd=true
2209,DOCUMENTO,2209.docx,https://docs.google.com/document/d/1DyiRg2TEDfzakRx1JcKFWmbyaeCPSiM4/edit?usp=drivesdk&ouid=115564273494382878883&rtpof=true&sd=true
2208,DOCUMENTO,2208.docx,https://docs.google.com/document/d/1UQUsy1Omdh_qIFAi1UE3qxJQh_b85x8G/edit?usp=drivesdk&ouid=115564273494382878883&rtpof=true&sd=true
2208,IMAGEN_GEO,2208_VALLE_DE_HUIMILPAN_GEO.jpg,https://drive.google.com/file/d/1uBx2L7TZBuXrYHgamuA5dHPIVDqUo8sp/view?usp=drivesdk
2207,DOCUMENTO,2207.docx,https://docs.google.com/document/d/1oJUlUQF4ldT3puIlqjh_0DdYKRZ8oYwR/edit?usp=drivesdk&ouid=115564273494382878883&rtpof=true&sd=true
2206,DOCUMENTO,2206.docx,https://docs.google.com/document/d/1irFU89_pYH4cbTa-yLAxkilyYwihf1Nu/edit?usp=drivesdk&ouid=115564273494382878883&rtpof=true&sd=true
2205,DOCUMENTO,2205.docx,https://docs.google.com/document/d/1zXQB56U2gcKM7N9hVQ2On9_CB8WPwRUR/edit?usp=drivesdk&ouid=115564273494382878883&rtpof=true&sd=true
2205,IMAGEN_GEO,2205_VALLE_DE_TEQUISQUIAPAN_GEO.jpg,https://drive.google.com/file/d/1UWzRo8zs_X8Jqu561uJQ-QZiB1wWSXwo/view?usp=drivesdk
2204,DOCUMENTO,2204.docx,https://docs.google.com/document/d/1xkgXNQ_QnMh3O7iGjl_LU0--6yg1uIF4/edit?usp=drivesdk&ouid=115564273494382878883&rtpof=true&sd=true
2204,IMAGEN_GEO,2204_VALLE_DE_BUENAVISTA_GEO.jpg,https://drive.google.com/file/d/1pVBoyXAzKIFoT4ova96D5Qww-rtc_8aT/view?usp=drivesdk
2203,DOCUMENTO,2203.docx,https://docs.google.com/document/d/1IenLVTRlNnVpdt1hNb85T3VtMzwntvf0/edit?usp=drivesdk&ouid=115564273494382878883&rtpof=true&sd=true
2203,IMAGEN_GEO,2203_VALLE_DE_SAN_JUAN_DEL_RIO_GEO.jpg,https://drive.google.com/file/d/1YTkRzJq1NjQzKRkmlCa5Tl1T7K4LJhAL/view?usp=drivesdk
2202,DOCUMENTO,2202.docx,https://docs.google.com/document/d/1wbj0MU7s8WhSV21tzAdeKC5pBcd4Xiuu/edit?usp=drivesdk&ouid=115564273494382878883&rtpof=true&sd=true
2202,IMAGEN_GEO,2202_VALLE_DE_AMAZCALA_GEO.png,https://drive.google.com/file/d/1XafNPr2B0KMDYRIdzQIIvDNzawN5-X2l/view?usp=drivesdk
2201,DOCUMENTO,2201.docx,https://docs.google.com/document/d/1_MDkRqinYmw1WYgORcOHLPU1u3Cq8H18/edit?usp=drivesdk&ouid=115564273494382878883&rtpof=true&sd=true
2201,IMAGEN_GEO,2201_VALLE_DE_QUERETARO_GEO.jpg,https://drive.google.com/file/d/1SQoLB6enkOUiLP0_p7AktA4AItGwAi_q/view?usp=drivesdk
2106,DOCUMENTO,2106.docx,https://docs.google.com/document/d/1mpbh5Ga2rZ4Wa_8KpELTwoYpJBAhz7wJ/edit?usp=drivesdk&ouid=115564273494382878883&rtpof=true&sd=true
2105,DOCUMENTO,2105.docx,https://docs.google.com/document/d/1SewgPm2WeKot89-paGmEs6P9r5UM6kuD/edit?usp=drivesdk&ouid=115564273494382878883&rtpof=true&sd=true
2104,DOCUMENTO,2104.docx,https://docs.google.com/document/d/1WTUkxTGQHf5BO6jLzIpVUOE9-3yKln7G/edit?usp=drivesdk&ouid=115564273494382878883&rtpof=true&sd=true
2103,DOCUMENTO,2103.docx,https://docs.google.com/document/d/1AIDAngNkVYbGl-euIBC7iz4zpRe96E5p/edit?usp=drivesdk&ouid=115564273494382878883&rtpof=true&sd=true
2102,DOCUMENTO,2102.docx,https://docs.google.com/document/d/1NKYN2xyh3vpygmC3awZ3j2l7xjGJk48t/edit?usp=drivesdk&ouid=115564273494382878883&rtpof=true&sd=true
2101,DOCUMENTO,2101.docx,https://docs.google.com/document/d/1d-yMEzjfW1nsFM9ai12D7gFpAXi4WMs_/edit?usp=drivesdk&ouid=115564273494382878883&rtpof=true&sd=true
2025,DOCUMENTO,2025.docx,https://docs.google.com/document/d/1kRHVfA0YTYLYKesYfQUsr6DW22EH1G7W/edit?usp=drivesdk&ouid=115564273494382878883&rtpof=true&sd=true
2024,DOCUMENTO,2024.docx,https://docs.google.com/document/d/1R8IoRNy3CTRHQTwRt1Q9BUNJdxgl1usm/edit?usp=drivesdk&ouid=115564273494382878883&rtpof=true&sd=true
2023,DOCUMENTO,2023.DOCX,https://docs.google.com/document/d/1nppiLtrZlF7Q0OWtG1udVG33hK1YBq6Y/edit?usp=drivesdk&ouid=115564273494382878883&rtpof=true&sd=true
2022,DOCUMENTO,2022.docx,https://docs.google.com/document/d/1wx1znRlHt-vY4-2d9ShXcjUNvir52x9i/edit?usp=drivesdk&ouid=115564273494382878883&rtpof=true&sd=true
2021,DOCUMENTO,2021.docx,https://docs.google.com/document/d/1pbTq9OcOLHWvVboQ60NncLCtc4YPjzdB/edit?usp=drivesdk&ouid=115564273494382878883&rtpof=true&sd=true
2020,DOCUMENTO,2020.docx,https://docs.google.com/document/d/1vdYylGOfmiJKk5SXzbG9v31n9GKYhuMJ/edit?usp=drivesdk&ouid=115564273494382878883&rtpof=true&sd=true
2019,DOCUMENTO,2019.docx,https://docs.google.com/document/d/15qBdcZLTdzaMIf9vumuId58Lq71en-ot/edit?usp=drivesdk&ouid=115564273494382878883&rtpof=true&sd=true
2018,DOCUMENTO,2018.docx,https://docs.google.com/document/d/1vxJi5HQFnyAPhZ5KLVTNLM-R06Zdj6Iq/edit?usp=drivesdk&ouid=115564273494382878883&rtpof=true&sd=true
2017,DOCUMENTO,2017.docx,https://docs.google.com/document/d/12prUZAmIY6UtVW5ZHmRQuy1eGGn_x-yc/edit?usp=drivesdk&ouid=115564273494382878883&rtpof=true&sd=true
2016,DOCUMENTO,2016.docx,https://docs.google.com/document/d/1nOw8qwYxCcXm_Ar0QsHNHB5wiHcSPIAk/edit?usp=drivesdk&ouid=115564273494382878883&rtpof=true&sd=true
2015,DOCUMENTO,2015.docx,https://docs.google.com/document/d/1SXTq2WuHZKWcNylAX3Af0d9AU9gGOLXg/edit?usp=drivesdk&ouid=115564273494382878883&rtpof=true&sd=true
2014,DOCUMENTO,2014.docx,https://docs.google.com/document/d/15poShpkasImfviOR3z9hMMahyOFhSfuA/edit?usp=drivesdk&ouid=115564273494382878883&rtpof=true&sd=true
2013,DOCUMENTO,2013.docx,https://docs.google.com/document/d/1XSqbPuuBCgmiaKVc6w2tKqrYQCFl4aql/edit?usp=drivesdk&ouid=115564273494382878883&rtpof=true&sd=true
2012,DOCUMENTO,2012.docx,https://docs.google.com/document/d/177o5dKHQ2H3hzJNzKtJrEklUzHcUKhI8/edit?usp=drivesdk&ouid=115564273494382878883&rtpof=true&sd=true
2011,DOCUMENTO,2011.docx,https://docs.google.com/document/d/1xqrbQj3DKRuFMjD8LJaub9MilrB3ux4v/edit?usp=drivesdk&ouid=115564273494382878883&rtpof=true&sd=true
2010,DOCUMENTO,2010.docx,https://docs.google.com/document/d/1L986Z45azc5OJln7uBetUlol3JTUlgKo/edit?usp=drivesdk&ouid=115564273494382878883&rtpof=true&sd=true
2009,DOCUMENTO,2009.docx,https://docs.google.com/document/d/1gRLA02mVGPlg3NtQYT57DX5wclmk97Bo/edit?usp=drivesdk&ouid=115564273494382878883&rtpof=true&sd=true
2008,DOCUMENTO,2008.docx,https://docs.google.com/document/d/1g0vGA1xvDHKVZxZv-sXTkqq7R-XZsuC4/edit?usp=drivesdk&ouid=115564273494382878883&rtpof=true&sd=true
2007,DOCUMENTO,2007.docx,https://docs.google.com/document/d/1XMntvcWpRstdgjb4d8mqgL29EM6Y348X/edit?usp=drivesdk&ouid=115564273494382878883&rtpof=true&sd=true
2005,DOCUMENTO,2005.docx,https://docs.google.com/document/d/1Wt8Js58i4b2DwWvvzuLL8b5M5tCH1vMa/edit?usp=drivesdk&ouid=115564273494382878883&rtpof=true&sd=true
2004,DOCUMENTO,2004.docx,https://docs.google.com/document/d/11mKTQmgokFyEif55QKmuY9g9S5CigFPk/edit?usp=drivesdk&ouid=115564273494382878883&rtpof=true&sd=true
1924,DOCUMENTO,1924.docx,https://docs.google.com/document/d/1Vnu6cB6gFx98zYWcwx11pZ0mx9cfPh2o/edit?usp=drivesdk&ouid=115564273494382878883&rtpof=true&sd=true
1924,IMAGEN_GEO,1924_EL_CARMEN_SALINAS_VICTORIA_GEO.png,https://drive.google.com/file/d/1ynkXtF1vxjVdaUCNNgwYgdX4xO41VUrL/view?usp=drivesdk
1923,DOCUMENTO,1923.docx,https://docs.google.com/document/d/1iHDvwo3HDeccSWLjX_lIMlESNxv1mQvJ/edit?usp=drivesdk&ouid=115564273494382878883&rtpof=true&sd=true
1922,DOCUMENTO,1922.docx,https://docs.google.com/document/d/1jV5KaeLp1iq2I0djK_RpjS_j9fNVfEgJ/edit?usp=drivesdk&ouid=115564273494382878883&rtpof=true&sd=true
1921,DOCUMENTO,1921.DOCX,https://docs.google.com/document/d/1LR5Nk9Dkt2x0jrXcRqHCAEXXezzT-W7N/edit?usp=drivesdk&ouid=115564273494382878883&rtpof=true&sd=true
1920,DOCUMENTO,1920.docx,https://docs.google.com/document/d/1h_f4tnPipUmaYPfMnTD0RtYYaYX06o_O/edit?usp=drivesdk&ouid=115564273494382878883&rtpof=true&sd=true
1919,DOCUMENTO,1919.DOCX,https://docs.google.com/document/d/1qITvB_LlBswaq-G52lW4tlyqeDjo-Lr8/edit?usp=drivesdk&ouid=115564273494382878883&rtpof=true&sd=true
1918,DOCUMENTO,1918.DOCX,https://docs.google.com/document/d/1kagDkNYMWOs0W3gUSdUMNZxdKvbaTQQZ/edit?usp=drivesdk&ouid=115564273494382878883&rtpof=true&sd=true
1917,DOCUMENTO,1917.docx,https://docs.google.com/document/d/1I5Fs68Gx29yxjHABtqzYm0yUlM-pCEuS/edit?usp=drivesdk&ouid=115564273494382878883&rtpof=true&sd=true
1916,DOCUMENTO,1916.docx,https://docs.google.com/document/d/1kv1JAvcyfcKzQCLwkBMHEVeHUPNyeHud/edit?usp=drivesdk&ouid=115564273494382878883&rtpof=true&sd=true
1915,DOCUMENTO,1915.docx,https://docs.google.com/document/d/1Ttvz458Qv41OW3pG6hkMF92m8hXcuxO-/edit?usp=drivesdk&ouid=115564273494382878883&rtpof=true&sd=true
1914,DOCUMENTO,1914.docx,https://docs.google.com/document/d/1X8UJxNJpDqzR6o0QS1ckqZ8cx0WraMNO/edit?usp=drivesdk&ouid=115564273494382878883&rtpof=true&sd=true
1913,DOCUMENTO,1913.docx,https://docs.google.com/document/d/1qkWDl1Q8MmVP6OO-MGnhukq1aREX3-Oi/edit?usp=drivesdk&ouid=115564273494382878883&rtpof=true&sd=true
1912,DOCUMENTO,1912.docx,https://docs.google.com/document/d/1C0QbySPxA8O1CTjxxJk2YfFEeTHJ1-Tt/edit?usp=drivesdk&ouid=115564273494382878883&rtpof=true&sd=true
1911,DOCUMENTO,1911.docx,https://docs.google.com/document/d/1M3FnXiTxR1ud-AO_wQQYG6XZ9EXU7L5G/edit?usp=drivesdk&ouid=115564273494382878883&rtpof=true&sd=true
1910,DOCUMENTO,1910.docx,https://docs.google.com/document/d/1G3ADih8-j5-V54T7YcOHmGgJ1b4uTvEO/edit?usp=drivesdk&ouid=115564273494382878883&rtpof=true&sd=true
1909,DOCUMENTO,1909.docx,https://docs.google.com/document/d/18zivI0YwbmE6jz1ZHL9a8J5MkATCgcPW/edit?usp=drivesdk&ouid=115564273494382878883&rtpof=true&sd=true
1908,DOCUMENTO,1908.docx,https://docs.google.com/document/d/1YGfrqFcuaXTlXaKWWN9TaS00shS9zuaD/edit?usp=drivesdk&ouid=115564273494382878883&rtpof=true&sd=true
1907,DOCUMENTO,1907.docx,https://docs.google.com/document/d/17ZElGQtKRsdWAGypjMKlRyjmzQF8_n7T/edit?usp=drivesdk&ouid=115564273494382878883&rtpof=true&sd=true
1906,DOCUMENTO,1906.docx,https://docs.google.com/document/d/11wMqmFeKy4kWkdlG-w5OEMkBFYIGRVkq/edit?usp=drivesdk&ouid=115564273494382878883&rtpof=true&sd=true
1905,DOCUMENTO,1905.DOCX,https://docs.google.com/document/d/1j2Xaj_oN5BYxqcM_6EaAbKMJXEruL-XB/edit?usp=drivesdk&ouid=115564273494382878883&rtpof=true&sd=true
1903,DOCUMENTO,1903.DOCX,https://docs.google.com/document/d/1-tH7m6PTws7vBIPC_6FiJAUGjYRKi16h/edit?usp=drivesdk&ouid=115564273494382878883&rtpof=true&sd=true
1902,DOCUMENTO,1902.docx,https://docs.google.com/document/d/1ZJd6zozU4xvWNzHu4irrrvpl6rKF641Z/edit?usp=drivesdk&ouid=115564273494382878883&rtpof=true&sd=true
1901,DOCUMENTO,1901.DOCX,https://docs.google.com/document/d/1jBaurwsTfikVW89KqktUKKxNg0DZQD1b/edit?usp=drivesdk&ouid=115564273494382878883&rtpof=true&sd=true
1812,DOCUMENTO,1812.docx,https://docs.google.com/document/d/17k5TzAKuypC1CbcplNSiKt-NU50ehLux/edit?usp=drivesdk&ouid=115564273494382878883&rtpof=true&sd=true
1811,DOCUMENTO,1811.docx,https://docs.google.com/document/d/1M2rfzhskDIxls-Ib1GGprAevOtDNivwl/edit?usp=drivesdk&ouid=115564273494382878883&rtpof=true&sd=true
1810,DOCUMENTO,1810.docx,https://docs.google.com/document/d/1R0Sb6QNCpskg-z2FMjMehkgJsmKFlwqE/edit?usp=drivesdk&ouid=115564273494382878883&rtpof=true&sd=true
1809,DOCUMENTO,1809.DOCX,https://docs.google.com/document/d/1Kf4ml7JvEMtDVHE759cDc4F-O-PO2Snz/edit?usp=drivesdk&ouid=115564273494382878883&rtpof=true&sd=true
1808,DOCUMENTO,1808.docx,https://docs.google.com/document/d/1wXfo7KpJH9OH9r6aODDcC5ULjGR8lGaP/edit?usp=drivesdk&ouid=115564273494382878883&rtpof=true&sd=true
1807,DOCUMENTO,1807.docx,https://docs.google.com/document/d/10mcZi13hPwz3E9qCelXPmbvre0N7H3WB/edit?usp=drivesdk&ouid=115564273494382878883&rtpof=true&sd=true
1806,DOCUMENTO,1806.DOCX,https://docs.google.com/document/d/1C9H1hvaSzbOP9Qp6TsrOb7L9_imRXuSk/edit?usp=drivesdk&ouid=115564273494382878883&rtpof=true&sd=true
1806,IMAGEN_GEO,1806_ZACUALPAN_LAS_VARAS_GEO.png,https://drive.google.com/file/d/1YqlTsbpqzSyRxaOJko8BDY-fOPL-UR1o/view?usp=drivesdk
1805,DOCUMENTO,1805.docx,https://docs.google.com/document/d/1MLRBEf5iMVZINGFeKMVCjQn7kWF_XjGd/edit?usp=drivesdk&ouid=115564273494382878883&rtpof=true&sd=true
1804,DOCUMENTO,1804.docx,https://docs.google.com/document/d/1OnOlpnmFE2XIY7ouCnFyzKgBM2pU13x3/edit?usp=drivesdk&ouid=115564273494382878883&rtpof=true&sd=true
1803,DOCUMENTO,1803.docx,https://docs.google.com/document/d/1jTWzn80DC21Li7oRCgIzi-yT_7jaRRjx/edit?usp=drivesdk&ouid=115564273494382878883&rtpof=true&sd=true
1802,DOCUMENTO,1802.docx,https://docs.google.com/document/d/1sBf5Bg7o8-lMAO-aI1FUEcXZDLPau3R9/edit?usp=drivesdk&ouid=115564273494382878883&rtpof=true&sd=true
1801,DOCUMENTO,1801.docx,https://docs.google.com/document/d/1qlztYGeS9iWn9CUebKTMUG9jwcfqZPDH/edit?usp=drivesdk&ouid=115564273494382878883&rtpof=true&sd=true
1704,DOCUMENTO,1704.docx,https://docs.google.com/document/d/11A4dA2ChDepquNNzOd9oaHeyhoMibSNG/edit?usp=drivesdk&ouid=115564273494382878883&rtpof=true&sd=true
1703,DOCUMENTO,1703.docx,https://docs.google.com/document/d/14Ku2l1zz--Ag-XuxgrInuzhlTJ1LNQsX/edit?usp=drivesdk&ouid=115564273494382878883&rtpof=true&sd=true
1702,DOCUMENTO,1702.docx,https://docs.google.com/document/d/1NJyMf3z-4r464JQUDjTszogW_K7paRLg/edit?usp=drivesdk&ouid=115564273494382878883&rtpof=true&sd=true
1701,DOCUMENTO,1701.docx,https://docs.google.com/document/d/17vrRIEkOJyyHz2O5ied4HwzkJKdDv9HP/edit?usp=drivesdk&ouid=115564273494382878883&rtpof=true&sd=true
1701,IMAGEN_GEO,1701_CUERNAVACA_GEO.png,https://drive.google.com/file/d/1FTP398RXKKWFDK75AacJk-hFhVplibuy/view?usp=drivesdk
1623,DOCUMENTO,1623.docx,https://docs.google.com/document/d/1rKm76XbRmFO-tQD1p51u0srktTD_7S1s/edit?usp=drivesdk&ouid=115564273494382878883&rtpof=true&sd=true
1622,DOCUMENTO,1622.docx,https://docs.google.com/document/d/1eZcrdFKXF99KDKyCN4PY0ufTeO-zeaOV/edit?usp=drivesdk&ouid=115564273494382878883&rtpof=true&sd=true
1621,DOCUMENTO,1621.docx,https://docs.google.com/document/d/1aAsQn4z8KlfUJtkNCYLmtdbuUnjkMlig/edit?usp=drivesdk&ouid=115564273494382878883&rtpof=true&sd=true
1620,DOCUMENTO,1620.docx,https://docs.google.com/document/d/1D7LuoYYqBAAdD5I_9QKYFvtSkwsG_kuT/edit?usp=drivesdk&ouid=115564273494382878883&rtpof=true&sd=true
1619,DOCUMENTO,1619.docx,https://docs.google.com/document/d/1zOZ4DYf5CuuMhEXtyybDomq6XhgirFoj/edit?usp=drivesdk&ouid=115564273494382878883&rtpof=true&sd=true
1618,DOCUMENTO,1618.docx,https://docs.google.com/document/d/1JKJgm_BYAZqeRQqrcGb_CVRmt95q9ZX6/edit?usp=drivesdk&ouid=115564273494382878883&rtpof=true&sd=true
1617,DOCUMENTO,1617.docx,https://docs.google.com/document/d/1-B-3j0vxD2F9mHSvj4s-Lej555snw89m/edit?usp=drivesdk&ouid=115564273494382878883&rtpof=true&sd=true
1616,DOCUMENTO,1616.docx,https://docs.google.com/document/d/1jsViO9Q1UNp5wOYj3fYEhRnN8LpzI2HQ/edit?usp=drivesdk&ouid=115564273494382878883&rtpof=true&sd=true
1615,DOCUMENTO,1615.docx,https://docs.google.com/document/d/1Fon79zxiOZ_Ecp-i33cn_Nf1tERMEbfV/edit?usp=drivesdk&ouid=115564273494382878883&rtpof=true&sd=true
1614,DOCUMENTO,1614.docx,https://docs.google.com/document/d/1_rJ4bxSFn5nL9Cbf8Ra8bGsmZlF1KOd3/edit?usp=drivesdk&ouid=115564273494382878883&rtpof=true&sd=true
1613,DOCUMENTO,1613.docx,https://docs.google.com/document/d/1nA2u3Ka4fBzcxRFdd9VfSmfGkL1P1x9x/edit?usp=drivesdk&ouid=115564273494382878883&rtpof=true&sd=true
1612,DOCUMENTO,1612.docx,https://docs.google.com/document/d/160K26y5ippmI206gK-cbCj2MUx5tHsHW/edit?usp=drivesdk&ouid=115564273494382878883&rtpof=true&sd=true
1611,DOCUMENTO,1611.docx,https://docs.google.com/document/d/1MXoEaoTKg9jLx79TTwJfzNfWhugW1eX7/edit?usp=drivesdk&ouid=115564273494382878883&rtpof=true&sd=true
1610,DOCUMENTO,1610.docx,https://docs.google.com/document/d/1ZXdBkwf1LfoGC_RP7CAKdM6YWNUWiut2/edit?usp=drivesdk&ouid=115564273494382878883&rtpof=true&sd=true
1609,DOCUMENTO,1609.docx,https://docs.google.com/document/d/10_-osiPlOEgjydwZ9LYk4o2Ibf4SCagf/edit?usp=drivesdk&ouid=115564273494382878883&rtpof=true&sd=true
1608,DOCUMENTO,1608.docx,https://docs.google.com/document/d/1OIJO2YKXno9gw5O3bFXDuXNod4aF-6nS/edit?usp=drivesdk&ouid=115564273494382878883&rtpof=true&sd=true
1607,DOCUMENTO,1607.docx,https://docs.google.com/document/d/19bNPLHkfmxxcEat-_9fKONAMYmOAUu5K/edit?usp=drivesdk&ouid=115564273494382878883&rtpof=true&sd=true
1606,DOCUMENTO,1606.docx,https://docs.google.com/document/d/1KqCV3JKk5_i574mUASjlKxeLqNytS6Nk/edit?usp=drivesdk&ouid=115564273494382878883&rtpof=true&sd=true
1605,DOCUMENTO,1605.docx,https://docs.google.com/document/d/1DUyRFtrZScRjZ3BAt3KIEPK7U12_YsOX/edit?usp=drivesdk&ouid=115564273494382878883&rtpof=true&sd=true
1604,DOCUMENTO,1604.docx,https://docs.google.com/document/d/1tm-VBKWZFqOuhK-6wnN4nbvt-ovEjnTa/edit?usp=drivesdk&ouid=115564273494382878883&rtpof=true&sd=true
1602,DOCUMENTO,1602.docx,https://docs.google.com/document/d/1GpS496AZvI3VU7oNenp5XT4uxPNjgkeQ/edit?usp=drivesdk&ouid=115564273494382878883&rtpof=true&sd=true
1601,DOCUMENTO,1601.docx,https://docs.google.com/document/d/1p5xGEHNW5DzFZ59Vfzsq-fnWA7VYDjQb/edit?usp=drivesdk&ouid=115564273494382878883&rtpof=true&sd=true
1509,DOCUMENTO,1509.docx,https://docs.google.com/document/d/1qC__zNQrMtJMRkPsHxsglC-vKQRU27LC/edit?usp=drivesdk&ouid=115564273494382878883&rtpof=true&sd=true
1508,DOCUMENTO,1508.docx,https://docs.google.com/document/d/1xUQAvczqCfoXeNW61yg3z8WHUL2H8F-F/edit?usp=drivesdk&ouid=115564273494382878883&rtpof=true&sd=true
1507,DOCUMENTO,1507.docx,https://docs.google.com/document/d/1dB8UdfE5v4UcEid9BNRmPzXS3VPH53bq/edit?usp=drivesdk&ouid=115564273494382878883&rtpof=true&sd=true
1506,DOCUMENTO,1506.docx,https://docs.google.com/document/d/1i9zgYzRHRSPBvQUEoabpy5FUC4Pe5ehd/edit?usp=drivesdk&ouid=115564273494382878883&rtpof=true&sd=true
1505,DOCUMENTO,1505.docx,https://docs.google.com/document/d/1vk7o2HpPmpQJ1QT7NNUiSvhiR3bPPM0g/edit?usp=drivesdk&ouid=115564273494382878883&rtpof=true&sd=true
1504,DOCUMENTO,1504.docx,https://docs.google.com/document/d/10zAOZZGjuD0uYqPP54Hoh3klUTQubGkN/edit?usp=drivesdk&ouid=115564273494382878883&rtpof=true&sd=true
1503,DOCUMENTO,1503.docx,https://docs.google.com/document/d/1nLyPOOGaOS1P4_L4r_0FLG-bg7Xc9BP3/edit?usp=drivesdk&ouid=115564273494382878883&rtpof=true&sd=true
1502,DOCUMENTO,1502.docx,https://docs.google.com/document/d/1sj1ptTLrkVp6fI2W0OXzwQLq6ACfRtU0/edit?usp=drivesdk&ouid=115564273494382878883&rtpof=true&sd=true
1501,DOCUMENTO,1501.docx,https://docs.google.com/document/d/1UEKTNrP9R_tbqnv0JrLkDuw2nUCjA49v/edit?usp=drivesdk&ouid=115564273494382878883&rtpof=true&sd=true
1459,DOCUMENTO,1459.docx,https://docs.google.com/document/d/1L5-hGK45oQnogozxVIVTPNsfu9GVHDMa/edit?usp=drivesdk&ouid=115564273494382878883&rtpof=true&sd=true
1458,DOCUMENTO,1458.DOCX,https://docs.google.com/document/d/1rrwdOJvtHhygZM2ugXLexxc4FD-J1i6p/edit?usp=drivesdk&ouid=115564273494382878883&rtpof=true&sd=true
1457,DOCUMENTO,1457.docx,https://docs.google.com/document/d/17EIGMVTZTRCL_scWzm22pIvTUjnnTdRY/edit?usp=drivesdk&ouid=115564273494382878883&rtpof=true&sd=true
1456,DOCUMENTO,1456.DOCX,https://docs.google.com/document/d/1neBisukNt_OWOwieXNgt0pMb1DjYb6kZ/edit?usp=drivesdk&ouid=115564273494382878883&rtpof=true&sd=true
1455,DOCUMENTO,1455.DOCX,https://docs.google.com/document/d/13UTNDqto0Pw1md2ipuoUHpQj20b6gAZE/edit?usp=drivesdk&ouid=115564273494382878883&rtpof=true&sd=true
1454,DOCUMENTO,1454.DOCX,https://docs.google.com/document/d/1CynStIDMEJjL_HK8-3ynUoL6hflk-BiJ/edit?usp=drivesdk&ouid=115564273494382878883&rtpof=true&sd=true
1453,DOCUMENTO,1453.DOCX,https://docs.google.com/document/d/1zWAXw93kqRKvHk_uc4SGtcPP52xsemNT/edit?usp=drivesdk&ouid=115564273494382878883&rtpof=true&sd=true
1452,DOCUMENTO,1452.DOCX,https://docs.google.com/document/d/1NaKPfV2XiHiWingGzC0bRUDOCGkqcKog/edit?usp=drivesdk&ouid=115564273494382878883&rtpof=true&sd=true
1451,DOCUMENTO,1451.docx,https://docs.google.com/document/d/1K_018WMM9y0XrZ4gt6BPGCGGSz35ZJYb/edit?usp=drivesdk&ouid=115564273494382878883&rtpof=true&sd=true
1450,DOCUMENTO,1450.docx,https://docs.google.com/document/d/1Zt3QU_CjZPrPticxNGJ0o1hHhMlIGRoj/edit?usp=drivesdk&ouid=115564273494382878883&rtpof=true&sd=true
1449,DOCUMENTO,1449.docx,https://docs.google.com/document/d/1X-I12k9RDwPGnBvVvOJjyqAIUdn3jr0a/edit?usp=drivesdk&ouid=115564273494382878883&rtpof=true&sd=true
1448,DOCUMENTO,1448.docx,https://docs.google.com/document/d/1MsInFGWGg2uY7kyjX2jWhsPcDYHJItvj/edit?usp=drivesdk&ouid=115564273494382878883&rtpof=true&sd=true
1447,DOCUMENTO,1447.docx,https://docs.google.com/document/d/1Eyj4qjvjPFEC35vFgNskfO_6JL7MjTcN/edit?usp=drivesdk&ouid=115564273494382878883&rtpof=true&sd=true
1446,DOCUMENTO,1446.docx,https://docs.google.com/document/d/1_h-VCiH_ibPiJ3GvKeBXDqsB3Yw5LcJM/edit?usp=drivesdk&ouid=115564273494382878883&rtpof=true&sd=true
1445,DOCUMENTO,1445.DOCX,https://docs.google.com/document/d/1X4H-vjtRAL63F3stfg-js7nKf9UQiyts/edit?usp=drivesdk&ouid=115564273494382878883&rtpof=true&sd=true
1444,DOCUMENTO,1444.docx,https://docs.google.com/document/d/1VR9WMETuNL8in2n6KXktZy0SfHF9DtKA/edit?usp=drivesdk&ouid=115564273494382878883&rtpof=true&sd=true
1443,DOCUMENTO,1443.DOCX,https://docs.google.com/document/d/1CVOLTwD4Uesr-kubsHIkLZH_A57FTq0z/edit?usp=drivesdk&ouid=115564273494382878883&rtpof=true&sd=true
1442,DOCUMENTO,1442.DOCX,https://docs.google.com/document/d/1PX4KAFVSwaLg58iKNy9yfqL5InuXKehH/edit?usp=drivesdk&ouid=115564273494382878883&rtpof=true&sd=true
1441,DOCUMENTO,1441.DOCX,https://docs.google.com/document/d/1q5D__ysxTp8GzPhJDE1YQ9Ef2vUGQN1V/edit?usp=drivesdk&ouid=115564273494382878883&rtpof=true&sd=true
1440,DOCUMENTO,1440.docx,https://docs.google.com/document/d/132MgNDfw8qwtASJ-59sH9JrVY4s93437/edit?usp=drivesdk&ouid=115564273494382878883&rtpof=true&sd=true
1439,DOCUMENTO,1439.docx,https://docs.google.com/document/d/18PdSJEznWfdejnWnuOjMBsGHk9zhhuMa/edit?usp=drivesdk&ouid=115564273494382878883&rtpof=true&sd=true
1438,DOCUMENTO,1438.docx,https://docs.google.com/document/d/1NyS5wgMKN0rQI-6QvU9WwdmkPkEXXWjm/edit?usp=drivesdk&ouid=115564273494382878883&rtpof=true&sd=true
1437,DOCUMENTO,1437.docx,https://docs.google.com/document/d/13iQKTEi_3oF-XwMZyMnDYHAk9rht3VRl/edit?usp=drivesdk&ouid=115564273494382878883&rtpof=true&sd=true
1436,DOCUMENTO,1436.docx,https://docs.google.com/document/d/1Cgqr4awZVwKGz3irybQZ_2nUoAUj1mU6/edit?usp=drivesdk&ouid=115564273494382878883&rtpof=true&sd=true
1435,DOCUMENTO,1435.docx,https://docs.google.com/document/d/10UlgMWSoGyvWhHL5zkMNy9fkK_WjzC1s/edit?usp=drivesdk&ouid=115564273494382878883&rtpof=true&sd=true
1434,DOCUMENTO,1434.docx,https://docs.google.com/document/d/1JxxzRrYthGu-cL5q9i4-eq4YVbU1mvD7/edit?usp=drivesdk&ouid=115564273494382878883&rtpof=true&sd=true
1433,DOCUMENTO,1433.docx,https://docs.google.com/document/d/1ALx-RRM5yXDellUmdUpoy9belhx4qo-z/edit?usp=drivesdk&ouid=115564273494382878883&rtpof=true&sd=true
1432,DOCUMENTO,1432.docx,https://docs.google.com/document/d/1ZUgJ1oUX3Csz22495u5ztUJj6cmxEVP1/edit?usp=drivesdk&ouid=115564273494382878883&rtpof=true&sd=true
1431,DOCUMENTO,1431.docx,https://docs.google.com/document/d/1hvV8yNSyAsfeRFAjFhr1nWB43tku94NF/edit?usp=drivesdk&ouid=115564273494382878883&rtpof=true&sd=true
1430,DOCUMENTO,1430.docx,https://docs.google.com/document/d/1J0kkvnwD5aNsnK83f1PnKOZF9RcBvi2F/edit?usp=drivesdk&ouid=115564273494382878883&rtpof=true&sd=true
1429,DOCUMENTO,1429.docx,https://docs.google.com/document/d/1Tv8xZawvkKm1mwnCbwWaSFCWqHcl7OZV/edit?usp=drivesdk&ouid=115564273494382878883&rtpof=true&sd=true
1428,DOCUMENTO,1428.docx,https://docs.google.com/document/d/1C-zV3QS1K07UGn3x4lxhbpY3Jn2aN0x8/edit?usp=drivesdk&ouid=115564273494382878883&rtpof=true&sd=true
1427,DOCUMENTO,1427.docx,https://docs.google.com/document/d/19KOXviW7LmQQGaZ9wCsLMEsefZ3tWFRE/edit?usp=drivesdk&ouid=115564273494382878883&rtpof=true&sd=true
1426,DOCUMENTO,1426.docx,https://docs.google.com/document/d/1goZJihvllOM2NomRvG7cOtGpQhlC8I-x/edit?usp=drivesdk&ouid=115564273494382878883&rtpof=true&sd=true
1425,DOCUMENTO,1425.docx,https://docs.google.com/document/d/1N9APuaktLJvffM_yTUQyrUX7PBzyIQti/edit?usp=drivesdk&ouid=115564273494382878883&rtpof=true&sd=true
1424,DOCUMENTO,1424.docx,https://docs.google.com/document/d/1zXkAbHG24puORZJsX-h-w0r4aeEwB8qD/edit?usp=drivesdk&ouid=115564273494382878883&rtpof=true&sd=true
1423,DOCUMENTO,1423.docx,https://docs.google.com/document/d/1rL6BSY3NKDJv4frYAItux3lLQZCAMTnx/edit?usp=drivesdk&ouid=115564273494382878883&rtpof=true&sd=true
1422,DOCUMENTO,1422.docx,https://docs.google.com/document/d/1oo-17b7nyq7n2HqXP7I61srAhmIcLZ45/edit?usp=drivesdk&ouid=115564273494382878883&rtpof=true&sd=true
1421,DOCUMENTO,1421.docx,https://docs.google.com/document/d/1jz4CJGTV-LCkQMFYC9x5yCA2lHmUqiK7/edit?usp=drivesdk&ouid=115564273494382878883&rtpof=true&sd=true
1420,DOCUMENTO,1420.docx,https://docs.google.com/document/d/1zYzpycwK5YoL4drQKLwyly9WO4JptcjP/edit?usp=drivesdk&ouid=115564273494382878883&rtpof=true&sd=true
1419,DOCUMENTO,1419.docx,https://docs.google.com/document/d/1Y0pr3BnpwE5y5OuzqeT67n3nqXY5PhhF/edit?usp=drivesdk&ouid=115564273494382878883&rtpof=true&sd=true
1418,DOCUMENTO,1418.docx,https://docs.google.com/document/d/1lodXE0hhYaOi75DhS9_4gKnx6IoJD5BX/edit?usp=drivesdk&ouid=115564273494382878883&rtpof=true&sd=true
1417,DOCUMENTO,1417.docx,https://docs.google.com/document/d/1uzP4-EHBKvsmYJtmAayVzioqYYSXOUar/edit?usp=drivesdk&ouid=115564273494382878883&rtpof=true&sd=true
1416,DOCUMENTO,1416.docx,https://docs.google.com/document/d/10h5TbcOUldnhYRpvwWUH1aRzsGy11qgN/edit?usp=drivesdk&ouid=115564273494382878883&rtpof=true&sd=true
1415,DOCUMENTO,1415.docx,https://docs.google.com/document/d/1FnP3VoMqxMPT3iWxJ7ehxZ-JyKHdMjWp/edit?usp=drivesdk&ouid=115564273494382878883&rtpof=true&sd=true
1414,DOCUMENTO,1414.docx,https://docs.google.com/document/d/1Q8OdBPrGsZmBR42ktKn1qiI4ikbXA18H/edit?usp=drivesdk&ouid=115564273494382878883&rtpof=true&sd=true
1413,DOCUMENTO,1413.docx,https://docs.google.com/document/d/1Fw0_ODSFSfc2Gi1W3aXAKo6RHCjFC5Vv/edit?usp=drivesdk&ouid=115564273494382878883&rtpof=true&sd=true
1412,DOCUMENTO,1412.docx,https://docs.google.com/document/d/1XBIhp9MVF4fp2eQSH4SKzfE53HpFMojC/edit?usp=drivesdk&ouid=115564273494382878883&rtpof=true&sd=true
1411,DOCUMENTO,1411.docx,https://docs.google.com/document/d/1idwpNBgMVsNaygHAnnYYSR-uNzgar5-h/edit?usp=drivesdk&ouid=115564273494382878883&rtpof=true&sd=true
1410,DOCUMENTO,1410.docx,https://docs.google.com/document/d/1t1qXdd96ecglTU-1dHu_0Om_-MuiypY8/edit?usp=drivesdk&ouid=115564273494382878883&rtpof=true&sd=true
1409,DOCUMENTO,1409.docx,https://docs.google.com/document/d/18ZV8OmQ0U7Df1_XszI6tfDc7wUavQBYJ/edit?usp=drivesdk&ouid=115564273494382878883&rtpof=true&sd=true
1408,DOCUMENTO,1408.docx,https://docs.google.com/document/d/1tyUdkBSar_f4fa73YIHr7KMTdeyMva5B/edit?usp=drivesdk&ouid=115564273494382878883&rtpof=true&sd=true
1407,DOCUMENTO,1407.docx,https://docs.google.com/document/d/192A5e2G4A5Ihy5i8jRcS_N00OsyKatvc/edit?usp=drivesdk&ouid=115564273494382878883&rtpof=true&sd=true
1406,DOCUMENTO,1406.docx,https://docs.google.com/document/d/14NtjyIeQ0yCLlT1UlFbSMiSeVaCEMAfy/edit?usp=drivesdk&ouid=115564273494382878883&rtpof=true&sd=true
1405,DOCUMENTO,1405.docx,https://docs.google.com/document/d/1G6-mApVASZymu-Oz_RkUdAwKnOy4kP3z/edit?usp=drivesdk&ouid=115564273494382878883&rtpof=true&sd=true
1404,DOCUMENTO,1404.docx,https://docs.google.com/document/d/1MMGV2lvOqk4-l5nXbtIdxpJdWIixvAEu/edit?usp=drivesdk&ouid=115564273494382878883&rtpof=true&sd=true
1403,DOCUMENTO,1403.docx,https://docs.google.com/document/d/19lBSG-PHL7VhBGexZSL2NZoLb-oKXued/edit?usp=drivesdk&ouid=115564273494382878883&rtpof=true&sd=true
1402,DOCUMENTO,1402.docx,https://docs.google.com/document/d/1OdIioC3E0RM2PPMUNgnOdWsoCd9xA7DF/edit?usp=drivesdk&ouid=115564273494382878883&rtpof=true&sd=true
1401,DOCUMENTO,1401.docx,https://docs.google.com/document/d/1N3tuE_4kAinfS1OoDBzcgyGzxIW_aGYo/edit?usp=drivesdk&ouid=115564273494382878883&rtpof=true&sd=true
1321,DOCUMENTO,1321.docx,https://docs.google.com/document/d/1lqd1keAt1B5-uZxjm-z5rSZX_jq5LKxq/edit?usp=drivesdk&ouid=115564273494382878883&rtpof=true&sd=true
1320,DOCUMENTO,1320.docx,https://docs.google.com/document/d/1yq2g45qNyJFUHNgyYev4MzjEUY2Pd5Fk/edit?usp=drivesdk&ouid=115564273494382878883&rtpof=true&sd=true
1320,IMAGEN_GEO,1320_APAN_GEO.png,https://drive.google.com/file/d/1zElDukL5p4pYXLsyD690sJJU1ilb4hF6/view?usp=drivesdk
1319,DOCUMENTO,1319.docx,https://docs.google.com/document/d/1WXpfacI0-K55KYUGA_9QcD6QKH1e45PO/edit?usp=drivesdk&ouid=115564273494382878883&rtpof=true&sd=true
1318,DOCUMENTO,1318.docx,https://docs.google.com/document/d/1da2T5Glg1JmcgspnUMe9MksDVzpdO8ie/edit?usp=drivesdk&ouid=115564273494382878883&rtpof=true&sd=true
1317,DOCUMENTO,1317.docx,https://docs.google.com/document/d/18wI1dIjN8Uj5U1Q-9KLFTSB46A--D6uq/edit?usp=drivesdk&ouid=115564273494382878883&rtpof=true&sd=true
1316,DOCUMENTO,1316.docx,https://docs.google.com/document/d/1DnEHd1nzt46WV03Kf_SKOYgFMd4aoz70/edit?usp=drivesdk&ouid=115564273494382878883&rtpof=true&sd=true
1316,IMAGEN_GEO,1316_TEPEJI_DEL_RIO_GEO.png,https://drive.google.com/file/d/1CTWdEALTJbeP8saerykfYsF40dm9oN8l/view?usp=drivesdk
1315,DOCUMENTO,1315.docx,https://docs.google.com/document/d/1aN2AZt3UNf1I6A3PTmWm2CuZ34zP5DAX/edit?usp=drivesdk&ouid=115564273494382878883&rtpof=true&sd=true
1314,DOCUMENTO,1314.docx,https://docs.google.com/document/d/1DofD-vaAaQ1D0PckfkL1YlvUA3dN57Tf/edit?usp=drivesdk&ouid=115564273494382878883&rtpof=true&sd=true
1313,DOCUMENTO,1313.docx,https://docs.google.com/document/d/1enHJSO-jxvAHaA4K2WboxchIe33hpwYx/edit?usp=drivesdk&ouid=115564273494382878883&rtpof=true&sd=true
1312,DOCUMENTO,1312.docx,https://docs.google.com/document/d/1q4jjWjR6_zqmn-7QSCOiWJyXXCCEQT6r/edit?usp=drivesdk&ouid=115564273494382878883&rtpof=true&sd=true
1311,DOCUMENTO,1311.docx,https://docs.google.com/document/d/1FR1NXPH-Jit5qUkL88ZVAZsoN4iHI0A3/edit?usp=drivesdk&ouid=115564273494382878883&rtpof=true&sd=true
1310,DOCUMENTO,1310.docx,https://docs.google.com/document/d/14EO13ZeOlmMqNSC5itHIgKwrOisINqrx/edit?usp=drivesdk&ouid=115564273494382878883&rtpof=true&sd=true
1310,IMAGEN_GEO,1310_VALLE_DEL_MEZQUITAL_GEO.png,https://drive.google.com/file/d/12L1Aw9WhnVUp9BVx6Fx_qeKlwQFB7ytg/view?usp=drivesdk
1309,DOCUMENTO,1309.docx,https://docs.google.com/document/d/1xZmThbSf0zAFnSay93MaJaEAptqYaZM2/edit?usp=drivesdk&ouid=115564273494382878883&rtpof=true&sd=true
1308,DOCUMENTO,1308.docx,https://docs.google.com/document/d/1lrpNWIZ9lmyE3yBHxrOR6Wr7GGX_McUn/edit?usp=drivesdk&ouid=115564273494382878883&rtpof=true&sd=true
1307,DOCUMENTO,1307.docx,https://docs.google.com/document/d/1Y43h_iJ1PWBejhG6ILlaSfosHMDhnAuQ/edit?usp=drivesdk&ouid=115564273494382878883&rtpof=true&sd=true
1306,DOCUMENTO,1306.docx,https://docs.google.com/document/d/1inkKXH-mghGNdd_wrcllMY3uQepf8Wpa/edit?usp=drivesdk&ouid=115564273494382878883&rtpof=true&sd=true
1305,DOCUMENTO,1305.docx,https://docs.google.com/document/d/1843hPkwWInzYv4FXYaaHFxqfZjNlszYB/edit?usp=drivesdk&ouid=115564273494382878883&rtpof=true&sd=true
1304,DOCUMENTO,1304.docx,https://docs.google.com/document/d/10BJk2WRbFNOauSkk6au6xpqpqHIi2kpg/edit?usp=drivesdk&ouid=115564273494382878883&rtpof=true&sd=true
1303,DOCUMENTO,1303.docx,https://docs.google.com/document/d/1YLWwjWaNGtKONuqmMXGIJsoor0Yms2XC/edit?usp=drivesdk&ouid=115564273494382878883&rtpof=true&sd=true
1302,DOCUMENTO,1302.docx,https://docs.google.com/document/d/1GAc9cN9efstQ32rh22y3FPZPHNeoNF0G/edit?usp=drivesdk&ouid=115564273494382878883&rtpof=true&sd=true
1301,DOCUMENTO,1301.docx,https://docs.google.com/document/d/1Xzoh16t_vmjleG_Bx9Ohwtk6utyqzEV1/edit?usp=drivesdk&ouid=115564273494382878883&rtpof=true&sd=true
1235,DOCUMENTO,1235.docx,https://docs.google.com/document/d/1J3AxXCiDiSeHsFeJ_VQZ0H5GbIZoHDO7/edit?usp=drivesdk&ouid=115564273494382878883&rtpof=true&sd=true
1234,DOCUMENTO,1234.docx,https://docs.google.com/document/d/1S1nUD1bjTG5IAkUdqOLiTddfw9tOCWLz/edit?usp=drivesdk&ouid=115564273494382878883&rtpof=true&sd=true
1233,DOCUMENTO,1233.docx,https://docs.google.com/document/d/1OyqO13rtOl1TIc_nZzjO5Sm9wQB5rq1h/edit?usp=drivesdk&ouid=115564273494382878883&rtpof=true&sd=true
1232,DOCUMENTO,1232.docx,https://docs.google.com/document/d/1K4UQG_M4vqpWQ6eHyh2BxvFpnpDbp0jl/edit?usp=drivesdk&ouid=115564273494382878883&rtpof=true&sd=true
1231,DOCUMENTO,1231.docx,https://docs.google.com/document/d/1Vt77jqvZ1S7F_95oXcLK_D9BWbIStYh0/edit?usp=drivesdk&ouid=115564273494382878883&rtpof=true&sd=true
1230,DOCUMENTO,1230.docx,https://docs.google.com/document/d/1HgUkNFmihRiTJuzmBRUceL2jojjhxr5i/edit?usp=drivesdk&ouid=115564273494382878883&rtpof=true&sd=true
1229,DOCUMENTO,1229.DOCX,https://docs.google.com/document/d/1zLsAynn6DhMjiwhzcNRjxpvOmSvrwUmC/edit?usp=drivesdk&ouid=115564273494382878883&rtpof=true&sd=true
1228,DOCUMENTO,1228.docx,https://docs.google.com/document/d/1B2pGB2HQtTHz4UmGAM69rCK8CL2p8nYd/edit?usp=drivesdk&ouid=115564273494382878883&rtpof=true&sd=true
1227,DOCUMENTO,1227.docx,https://docs.google.com/document/d/1qDlm4O4T9RvhaXBMwbBaroOILcWLW15i/edit?usp=drivesdk&ouid=115564273494382878883&rtpof=true&sd=true
1226,DOCUMENTO,1226.docx,https://docs.google.com/document/d/1_LEvAfQFT9UugcOQ-cvf03DE8k3ISR1m/edit?usp=drivesdk&ouid=115564273494382878883&rtpof=true&sd=true
1226,IMAGEN_GEO,1226_BAHIA_DE_ACAPULCO_GEO.png,https://drive.google.com/file/d/16KYUYaFyjbE1nU_W3uDgGrn_DzGdeB5W/view?usp=drivesdk
1225,DOCUMENTO,1225.docx,https://docs.google.com/document/d/1Wxjdf47oO8AlREl9pe4Wg31l-nh7Xenn/edit?usp=drivesdk&ouid=115564273494382878883&rtpof=true&sd=true
1224,DOCUMENTO,1224.docx,https://docs.google.com/document/d/1B16_mhEsYeJElmO9X0KNYM1bvOyDGntC/edit?usp=drivesdk&ouid=115564273494382878883&rtpof=true&sd=true
1223,DOCUMENTO,1223.docx,https://docs.google.com/document/d/1OPMiqYzGcPDHSIUifNnc4SMn5V1-bqtl/edit?usp=drivesdk&ouid=115564273494382878883&rtpof=true&sd=true
1222,DOCUMENTO,1222.docx,https://docs.google.com/document/d/1Qfr0tS7BbDzNEQxsLJeO7ocxj9nmvYvn/edit?usp=drivesdk&ouid=115564273494382878883&rtpof=true&sd=true
1221,DOCUMENTO,1221.docx,https://docs.google.com/document/d/1VPXg_RISrzbfGelI2Utqzc8Ttl-y9d4e/edit?usp=drivesdk&ouid=115564273494382878883&rtpof=true&sd=true
1220,DOCUMENTO,1220.docx,https://docs.google.com/document/d/12vmcVDO5AOnvmKBqe5kzCqHFPhqFL48n/edit?usp=drivesdk&ouid=115564273494382878883&rtpof=true&sd=true
1219,DOCUMENTO,1219.docx,https://docs.google.com/document/d/1TjBhoLFsh81-a6LtuY8Shr2HRsZzGPu2/edit?usp=drivesdk&ouid=115564273494382878883&rtpof=true&sd=true
1218,DOCUMENTO,1218.docx,https://docs.google.com/document/d/1tC842b1wd3Ujmm7sby3o5OEttzI3Z--r/edit?usp=drivesdk&ouid=115564273494382878883&rtpof=true&sd=true
1217,DOCUMENTO,1217.docx,https://docs.google.com/document/d/1J5vxBEl5Lv3yB41EwKqqYp3sBKCaWUrC/edit?usp=drivesdk&ouid=115564273494382878883&rtpof=true&sd=true
1216,DOCUMENTO,1216.docx,https://docs.google.com/document/d/1TVPM0DTVIKtkuu5_KgNXQnbK8Lo-sn1A/edit?usp=drivesdk&ouid=115564273494382878883&rtpof=true&sd=true
1215,DOCUMENTO,1215.docx,https://docs.google.com/document/d/1EPwuXz5ewkXENgJ8k6aiw0Ky5pBv7buT/edit?usp=drivesdk&ouid=115564273494382878883&rtpof=true&sd=true
1214,DOCUMENTO,1214.docx,https://docs.google.com/document/d/1okqARyjggrT6BTyDAmKEkI-LgPWS1xjc/edit?usp=drivesdk&ouid=115564273494382878883&rtpof=true&sd=true
1213,DOCUMENTO,1213.docx,https://docs.google.com/document/d/1J2Y9_PCCifKLATaBABv2IZMTfuaa2Sag/edit?usp=drivesdk&ouid=115564273494382878883&rtpof=true&sd=true
1212,DOCUMENTO,1212.docx,https://docs.google.com/document/d/1Hiob_rAOwGHzMdWPPVPj78itHPw0NpKp/edit?usp=drivesdk&ouid=115564273494382878883&rtpof=true&sd=true
1211,DOCUMENTO,1211.docx,https://docs.google.com/document/d/1wP1XdbZbcr1_aP_BuczyJYvk74KkCWJY/edit?usp=drivesdk&ouid=115564273494382878883&rtpof=true&sd=true
1210,DOCUMENTO,1210.docx,https://docs.google.com/document/d/14bW0CWvOnAO6-jZV2aZ0ajGc4u6JgApL/edit?usp=drivesdk&ouid=115564273494382878883&rtpof=true&sd=true
1209,DOCUMENTO,1209.docx,https://docs.google.com/document/d/1aALvPfXCgVdrP7DIdK1aZ6rpzLvc8RqZ/edit?usp=drivesdk&ouid=115564273494382878883&rtpof=true&sd=true
1208,DOCUMENTO,1208.docx,https://docs.google.com/document/d/1KMF72yfXqqROJhpURTxxWx1hPgFeYfbz/edit?usp=drivesdk&ouid=115564273494382878883&rtpof=true&sd=true
1207,DOCUMENTO,1207.docx,https://docs.google.com/document/d/1PLAPDhXcx5Bse4IhsHPss1bIR9hMBoRJ/edit?usp=drivesdk&ouid=115564273494382878883&rtpof=true&sd=true
1206,DOCUMENTO,1206.docx,https://docs.google.com/document/d/13hyuiKBNYfs7qFDmDCH2miLmUlBmrTGG/edit?usp=drivesdk&ouid=115564273494382878883&rtpof=true&sd=true
1205,DOCUMENTO,1205.docx,https://docs.google.com/document/d/1cdQ9Q-qRmpHcKp-BDXaByZyi0DPlO5BC/edit?usp=drivesdk&ouid=115564273494382878883&rtpof=true&sd=true
1204,DOCUMENTO,1204.docx,https://docs.google.com/document/d/137iodssDjySCaeYtovZZT39XrUqdQbSM/edit?usp=drivesdk&ouid=115564273494382878883&rtpof=true&sd=true
1203,DOCUMENTO,1203.docx,https://docs.google.com/document/d/1OdcnZbfgNfB_5ABSJMkNkWlNgjimICWy/edit?usp=drivesdk&ouid=115564273494382878883&rtpof=true&sd=true
1202,DOCUMENTO,1202.docx,https://docs.google.com/document/d/1FYPdkr0V1-1rcSI51kE1z3TDFUtxDdeg/edit?usp=drivesdk&ouid=115564273494382878883&rtpof=true&sd=true
1201,DOCUMENTO,1201.docx,https://docs.google.com/document/d/1mZxWG9PqtKzjpliDaT4D24YHUS_olTxg/edit?usp=drivesdk&ouid=115564273494382878883&rtpof=true&sd=true
1122,DOCUMENTO,1122.docx,https://docs.google.com/document/d/1PEyRf2aJJVo4eWOk-mgCzLyepqI2FRx0/edit?usp=drivesdk&ouid=115564273494382878883&rtpof=true&sd=true
1121,DOCUMENTO,1121.docx,https://docs.google.com/document/d/14sqCSm1WOA_XIGdll62fbtz2eGXRQV2k/edit?usp=drivesdk&ouid=115564273494382878883&rtpof=true&sd=true
1120,DOCUMENTO,1120.docx,https://docs.google.com/document/d/1B4WaLIoA6_XVHTlldz-RCAF3D4APpYfN/edit?usp=drivesdk&ouid=115564273494382878883&rtpof=true&sd=true
1119,DOCUMENTO,1119.docx,https://docs.google.com/document/d/1xggh6ZS8EWZXwqtjyD9O2pdYBb4X8A8F/edit?usp=drivesdk&ouid=115564273494382878883&rtpof=true&sd=true
1118,DOCUMENTO,1118.docx,https://docs.google.com/document/d/1TLeg646CCay0yXSYbf_Gydd7jf4bdUpG/edit?usp=drivesdk&ouid=115564273494382878883&rtpof=true&sd=true
1117,DOCUMENTO,1117.docx,https://docs.google.com/document/d/1g8i8_lCeodsXoDOXZfkRoVFSz2DSBfNa/edit?usp=drivesdk&ouid=115564273494382878883&rtpof=true&sd=true
1116,DOCUMENTO,1116.docx,https://docs.google.com/document/d/17piCp950Zk4aprUg9beMy_EUWjoQotRc/edit?usp=drivesdk&ouid=115564273494382878883&rtpof=true&sd=true
1115,DOCUMENTO,1115.docx,https://docs.google.com/document/d/1HcWJJndCcTZ55007xHn5BX7bNQFWRCeI/edit?usp=drivesdk&ouid=115564273494382878883&rtpof=true&sd=true
1114,DOCUMENTO,1114.docx,https://docs.google.com/document/d/1ZDHQ8SgEuKoDVTlIpXv0Ssg2zRbEM6Cs/edit?usp=drivesdk&ouid=115564273494382878883&rtpof=true&sd=true
1113,DOCUMENTO,1113.docx,https://docs.google.com/document/d/1boWksBwbt1KcDgqj0feCewMlMHC0Lrbo/edit?usp=drivesdk&ouid=115564273494382878883&rtpof=true&sd=true
1111,DOCUMENTO,1111.docx,https://docs.google.com/document/d/1tp5Qsjd1W2KRQAIwJzfTQ2nRfprJUpD-/edit?usp=drivesdk&ouid=115564273494382878883&rtpof=true&sd=true
1110,DOCUMENTO,1110.docx,https://docs.google.com/document/d/1GWEcuJTZNKVb97oAvOTdg7kdjARvWLmF/edit?usp=drivesdk&ouid=115564273494382878883&rtpof=true&sd=true
1108,DOCUMENTO,1108.docx,https://docs.google.com/document/d/1p0Gvlqo-5l5BmFBYuR6DB610gVKsKi84/edit?usp=drivesdk&ouid=115564273494382878883&rtpof=true&sd=true
1108,IMAGEN_GEO,1108_CUENCA_ALTA_DEL_RIO_LAJA_GEO.png,https://drive.google.com/file/d/14wVip0xJ0WAXHVuZ6VLjlmOmwG9428cq/view?usp=drivesdk
1107,DOCUMENTO,1107.docx,https://docs.google.com/document/d/1oH3aqKLp2mc3BtrLJK88q0THTu2tx2uT/edit?usp=drivesdk&ouid=115564273494382878883&rtpof=true&sd=true
1106,DOCUMENTO,1106.docx,https://docs.google.com/document/d/1_H1UQzxG0QnO5efrrXEiqLzNR15h3BV6/edit?usp=drivesdk&ouid=115564273494382878883&rtpof=true&sd=true
1106,IMAGEN_GEO,1106_DR_MORA_SAN_JOSE_ITURBIDE_GEO.png,https://drive.google.com/file/d/18yHUtw5ah3GYgIubnivkim-Xhy3n7snn/view?usp=drivesdk
1104,DOCUMENTO,1104.docx,https://docs.google.com/document/d/1Ikz8rLZ8n5PMhquaSQykCH_NMhYAMur1/edit?usp=drivesdk&ouid=115564273494382878883&rtpof=true&sd=true
1104,IMAGEN_GEO,1104_LAGUNA_SECA_GEO.png,https://drive.google.com/file/d/1v_lxNi5UVbmIwrQHCX5GdU6yKB84_DZF/view?usp=drivesdk
1103,DOCUMENTO,1103.docx,https://docs.google.com/document/d/1JnmAJkpz5P5o4stXB8ahHkoH1lVPwb-H/edit?usp=drivesdk&ouid=115564273494382878883&rtpof=true&sd=true
1103,IMAGEN_GEO,1103_OCAMPO_GEO.png,https://drive.google.com/file/d/1l_-3pHcHTLMfJmGjsNHX9K1AHygC9iWD/view?usp=drivesdk
1101,DOCUMENTO,1101.docx,https://docs.google.com/document/d/1883h1DO991k7ZIbMXsyKj2vQwP1m5mFp/edit?usp=drivesdk&ouid=115564273494382878883&rtpof=true&sd=true
1101,IMAGEN_GEO,1101_XICHU_ATARJEA_GEO.png,https://drive.google.com/file/d/1j4FZz_sUVNK4-W-RgZceM5k6vhPfq83B/view?usp=drivesdk
1029,DOCUMENTO,1029.docx,https://docs.google.com/document/d/1sMtVqtO-n_OzJySkeBA67eUgXvAxPu7i/edit?usp=drivesdk&ouid=115564273494382878883&rtpof=true&sd=true
1028,DOCUMENTO,1028.docx,https://docs.google.com/document/d/1uTz22HZfGjDpRUE1-YrLLIq3SM-hMJh4/edit?usp=drivesdk&ouid=115564273494382878883&rtpof=true&sd=true
1027,DOCUMENTO,1027.docx,https://docs.google.com/document/d/15oDSMWQ3R1ABHoI3gahpxa7hsUyxumJX/edit?usp=drivesdk&ouid=115564273494382878883&rtpof=true&sd=true
1026,DOCUMENTO,1026.docx,https://docs.google.com/document/d/1mmBott-eHaEbPj6-8t_rFR1wM49ALcZu/edit?usp=drivesdk&ouid=115564273494382878883&rtpof=true&sd=true
1025,DOCUMENTO,1025.docx,https://docs.google.com/document/d/1hBOqMcECfqieWIIeezEoSXfCX8xxcxno/edit?usp=drivesdk&ouid=115564273494382878883&rtpof=true&sd=true
1024,DOCUMENTO,1024.docx,https://docs.google.com/document/d/117kB1ziwyp0GEgi9vlwjUMbrTKys53KG/edit?usp=drivesdk&ouid=115564273494382878883&rtpof=true&sd=true
1023,DOCUMENTO,1023.docx,https://docs.google.com/document/d/18krE-9DDRrXjKt5WIUTN40VtEGmKrk4W/edit?usp=drivesdk&ouid=115564273494382878883&rtpof=true&sd=true
1023,IMAGEN_GEO,1023_CEBALLOS_GEO.png,https://drive.google.com/file/d/1X7fFcfSgxdroh8LuDx5KeEEn45JHDG3q/view?usp=drivesdk
1022,DOCUMENTO,1022.docx,https://docs.google.com/document/d/1S7DzYx28kPZy4ZmhmdjW-qXgutnbjy49/edit?usp=drivesdk&ouid=115564273494382878883&rtpof=true&sd=true
1021,DOCUMENTO,1021.docx,https://docs.google.com/document/d/1oQVfJO24s9UiFgDbM14JEdLnMz3lI9yP/edit?usp=drivesdk&ouid=115564273494382878883&rtpof=true&sd=true
1020,DOCUMENTO,1020.docx,https://docs.google.com/document/d/18eXsapW5YMhSroif02hP1hXnXRI8g7Ir/edit?usp=drivesdk&ouid=115564273494382878883&rtpof=true&sd=true
1019,DOCUMENTO,1019.docx,https://docs.google.com/document/d/1f7uWgz1x5ZdFVVL6lWEZ85AnfG_jj2Hi/edit?usp=drivesdk&ouid=115564273494382878883&rtpof=true&sd=true
1018,DOCUMENTO,1018.docx,https://docs.google.com/document/d/1BLTHXdymqTszsgSwX8SWpdhiTagSIoru/edit?usp=drivesdk&ouid=115564273494382878883&rtpof=true&sd=true
1017,DOCUMENTO,1017.docx,https://docs.google.com/document/d/11bZdXEf4DMvJ2IurjOiVX7S4bF8dOwTR/edit?usp=drivesdk&ouid=115564273494382878883&rtpof=true&sd=true
1016,DOCUMENTO,1016.docx,https://docs.google.com/document/d/1bESbmm6OL-u7z6OFv7FVkEjor8zXIO72/edit?usp=drivesdk&ouid=115564273494382878883&rtpof=true&sd=true
1015,DOCUMENTO,1015.docx,https://docs.google.com/document/d/1I7yNDVFKvQMyUSmEuI5yjHZ26LvYYDwz/edit?usp=drivesdk&ouid=115564273494382878883&rtpof=true&sd=true
1014,DOCUMENTO,1014.docx,https://docs.google.com/document/d/1JLeg8SIO_nGEOQmlqhJ6eZXURaE0bZCo/edit?usp=drivesdk&ouid=115564273494382878883&rtpof=true&sd=true
1013,DOCUMENTO,1013.docx,https://docs.google.com/document/d/1o8dAfRo5JsSVBOkYbmdeO1UjTW8jMfhK/edit?usp=drivesdk&ouid=115564273494382878883&rtpof=true&sd=true
1012,DOCUMENTO,1012.docx,https://docs.google.com/document/d/1Xwa8rLpp6bFskaS8rmx08wptQMNMsQcN/edit?usp=drivesdk&ouid=115564273494382878883&rtpof=true&sd=true
1011,DOCUMENTO,1011.docx,https://docs.google.com/document/d/1ufnK_XM9JZZZh8_m8s4-ALzYVm507Aek/edit?usp=drivesdk&ouid=115564273494382878883&rtpof=true&sd=true
1010,DOCUMENTO,1010.docx,https://docs.google.com/document/d/15oFyvNdRemoJ5qk-VAZwLL5-25vRS4uE/edit?usp=drivesdk&ouid=115564273494382878883&rtpof=true&sd=true
1009,DOCUMENTO,1009.docx,https://docs.google.com/document/d/1DN3Svxs357I9sUlKhGGMgi-G0M3cb8TG/edit?usp=drivesdk&ouid=115564273494382878883&rtpof=true&sd=true
1008,DOCUMENTO,1008.docx,https://docs.google.com/document/d/1eIpWeg81zy_rF7H8AwYUDt-0-z40XLo6/edit?usp=drivesdk&ouid=115564273494382878883&rtpof=true&sd=true
1007,DOCUMENTO,1007.docx,https://docs.google.com/document/d/13rve_2kVivpR612vVHmVUDKdIEcKTZ7m/edit?usp=drivesdk&ouid=115564273494382878883&rtpof=true&sd=true
1006,DOCUMENTO,1006.docx,https://docs.google.com/document/d/1GP0zGYItmRh9YVmzH3ZYkt6dN5whnrzY/edit?usp=drivesdk&ouid=115564273494382878883&rtpof=true&sd=true
1005,DOCUMENTO,1005.docx,https://docs.google.com/document/d/1cBl2PFqCAIKNxC1MFGEH3gW66hVe1WJC/edit?usp=drivesdk&ouid=115564273494382878883&rtpof=true&sd=true
1005,IMAGEN_GEO,1005_MADERO_VICTORIA_GEO.png,https://drive.google.com/file/d/1n9iIpIjQklFXKcYpvsAvThQ-hYGxC8Od/view?usp=drivesdk
1004,DOCUMENTO,1004.docx,https://docs.google.com/document/d/10mzP1jDbdzR2lddzUdwQSk5wI3MB82Lt/edit?usp=drivesdk&ouid=115564273494382878883&rtpof=true&sd=true
1004,IMAGEN_GEO,1004_VALLE_VICENTE_GUERRERO_POANAS_GEO.jpg,https://drive.google.com/file/d/1mOo8L-O16cPi_JqcpneRuusACin5FTmp/view?usp=drivesdk
1003,DOCUMENTO,1003.docx,https://docs.google.com/document/d/1ysswFQY35nFsP99Oa3f9rFnNd-wr1CLE/edit?usp=drivesdk&ouid=115564273494382878883&rtpof=true&sd=true
1003,IMAGEN_GEO,1003_VALLE_DEL_GUADIANA_GEO.jpg,https://drive.google.com/file/d/1pRRb6rI4kxZoQpkFMcFje7uByvd5UwfE/view?usp=drivesdk
1002,DOCUMENTO,1002.docx,https://docs.google.com/document/d/1UoYR6Z2cL00u4kn8vB5Bwrf23Sv5Va6C/edit?usp=drivesdk&ouid=115564273494382878883&rtpof=true&sd=true
1002,IMAGEN_GEO,1002_VALLE_DE_CANATLAN_GEO.jpg,https://drive.google.com/file/d/1u4kr1aHt7zEGMhKjiM1H3xVyFJMglvae/view?usp=drivesdk
1001,DOCUMENTO,1001.docx,https://docs.google.com/document/d/1lhuyngmD1imG8TvEAZz3w7CCEGeEwNiF/edit?usp=drivesdk&ouid=115564273494382878883&rtpof=true&sd=true
1001,IMAGEN_GEO,1001_VALLE_DE_SANTIAGUILLO_GEO.jpg,https://drive.google.com/file/d/1qNL3LwQzIixA0MnVN9Jry5aye1QDI8-O/view?usp=drivesdk
0901,DOCUMENTO,0901.doc,https://docs.google.com/document/d/18MLkXmgWaXBHuvN4yf8g5uWyCUqlIYga/edit?usp=drivesdk&ouid=115564273494382878883&rtpof=true&sd=true
0861,DOCUMENTO,0861.docx,https://docs.google.com/document/d/1j7oSdYgtTx5QawRrslnAWHNn4RSzl_7K/edit?usp=drivesdk&ouid=115564273494382878883&rtpof=true&sd=true
0860,DOCUMENTO,0860.docx,https://docs.google.com/document/d/118lEGMtgPy9-ypv_44LZgBK95S1gpjMb/edit?usp=drivesdk&ouid=115564273494382878883&rtpof=true&sd=true
0859,DOCUMENTO,0859.docx,https://docs.google.com/document/d/1YEmZ-bufdojyr1JwfnC-gD349X_bETdF/edit?usp=drivesdk&ouid=115564273494382878883&rtpof=true&sd=true
0858,DOCUMENTO,0858.docx,https://docs.google.com/document/d/1fEQ3gC12Q_1YOrRO_vPe1Ru1npXSaThQ/edit?usp=drivesdk&ouid=115564273494382878883&rtpof=true&sd=true
0857,DOCUMENTO,0857.docx,https://docs.google.com/document/d/1UCTWHmLF-b9RF2Xl_XTBLKJkDr6pX4zT/edit?usp=drivesdk&ouid=115564273494382878883&rtpof=true&sd=true
0856,DOCUMENTO,0856.docx,https://docs.google.com/document/d/1DKHU-zOOhQc0peok0Ld2go4_WK6ea3i4/edit?usp=drivesdk&ouid=115564273494382878883&rtpof=true&sd=true
0855,DOCUMENTO,0855.docx,https://docs.google.com/document/d/1X-nHjDnQVKB0Cau9_9N2kg2ku6R1_MMP/edit?usp=drivesdk&ouid=115564273494382878883&rtpof=true&sd=true
0854,DOCUMENTO,0854.docx,https://docs.google.com/document/d/1Mgiv01Zu23TDLy2V1wZBan9GzxMCqq1J/edit?usp=drivesdk&ouid=115564273494382878883&rtpof=true&sd=true
0853,DOCUMENTO,0853.docx,https://docs.google.com/document/d/1p7dTxt1iScRDjiLv_QN3ej0J80xANgSx/edit?usp=drivesdk&ouid=115564273494382878883&rtpof=true&sd=true
0852,DOCUMENTO,0852.docx,https://docs.google.com/document/d/1xhctsCjB46UK-HjudJRwls1KTKUFk5Wj/edit?usp=drivesdk&ouid=115564273494382878883&rtpof=true&sd=true
0851,DOCUMENTO,0851.docx,https://docs.google.com/document/d/1Yw1zOrZWq2pPA4KsQYaGSLL_FPccJzhh/edit?usp=drivesdk&ouid=115564273494382878883&rtpof=true&sd=true
0850,DOCUMENTO,0850.docx,https://docs.google.com/document/d/1Pso4iHIZKlz_RkbxuCnbrrTebVCv8DEl/edit?usp=drivesdk&ouid=115564273494382878883&rtpof=true&sd=true
0849,DOCUMENTO,0849.docx,https://docs.google.com/document/d/1BE2ZDwJoWZ1ELKF0yBRvylSEeETgdDSm/edit?usp=drivesdk&ouid=115564273494382878883&rtpof=true&sd=true
0848,DOCUMENTO,0848.docx,https://docs.google.com/document/d/19kGc0A7002qZeDyNmBlmD1-PiTr-LuP6/edit?usp=drivesdk&ouid=115564273494382878883&rtpof=true&sd=true
0847,DOCUMENTO,0847.docx,https://docs.google.com/document/d/1dEotpVy7vufwnidatHWnVkIhNNBNG8Pl/edit?usp=drivesdk&ouid=115564273494382878883&rtpof=true&sd=true
0846,DOCUMENTO,0846.docx,https://docs.google.com/document/d/1q20Y6OJP4FQt8Nm2FKRnNI9RzDTAIk5V/edit?usp=drivesdk&ouid=115564273494382878883&rtpof=true&sd=true
0845,DOCUMENTO,0845.docx,https://docs.google.com/document/d/1JSdFQe5NrcjK3zHpEVi1AIW-q4zE3LhD/edit?usp=drivesdk&ouid=115564273494382878883&rtpof=true&sd=true
0844,DOCUMENTO,0844.docx,https://docs.google.com/document/d/1KPel4QdVqSNidLSQam_WweTXPREuijo3/edit?usp=drivesdk&ouid=115564273494382878883&rtpof=true&sd=true
0843,DOCUMENTO,0843.docx,https://docs.google.com/document/d/18EAErrvd1-BYXi6mudNnN4TttI9KaPTW/edit?usp=drivesdk&ouid=115564273494382878883&rtpof=true&sd=true
0842,DOCUMENTO,0842.docx,https://docs.google.com/document/d/1aIbK4Vnrq3mNFObL04-vC_JLyqcH_MH5/edit?usp=drivesdk&ouid=115564273494382878883&rtpof=true&sd=true
0841,DOCUMENTO,0841.docx,https://docs.google.com/document/d/1U5UFWXpEMdoxWOKmvPJmBsLiscMtytD-/edit?usp=drivesdk&ouid=115564273494382878883&rtpof=true&sd=true
0840,DOCUMENTO,0840.docx,https://docs.google.com/document/d/1u8fLCkDqwu_YqMo6mBHafU_jGUbHa44y/edit?usp=drivesdk&ouid=115564273494382878883&rtpof=true&sd=true
0839,DOCUMENTO,0839.docx,https://docs.google.com/document/d/1x_V7I3UEf-jh88E0-PPGbIRM-oQdaqHs/edit?usp=drivesdk&ouid=115564273494382878883&rtpof=true&sd=true
0838,DOCUMENTO,0838.docx,https://docs.google.com/document/d/1kzMrI9jK-f6MhmVbYw7SjhWco703Hkwc/edit?usp=drivesdk&ouid=115564273494382878883&rtpof=true&sd=true
0837,DOCUMENTO,0837.docx,https://docs.google.com/document/d/1ubyXV5S61q3mff02kGTgfhrIKEio0aJ8/edit?usp=drivesdk&ouid=115564273494382878883&rtpof=true&sd=true
0836,DOCUMENTO,0836.docx,https://docs.google.com/document/d/1bFJR8JYdE9KyA0x44L8sj-pGtem5Cmcp/edit?usp=drivesdk&ouid=115564273494382878883&rtpof=true&sd=true
0835,DOCUMENTO,0835.docx,https://docs.google.com/document/d/1p_GnyDo2qKfbfXj_gaEnMR9p3NZZX0kk/edit?usp=drivesdk&ouid=115564273494382878883&rtpof=true&sd=true
0834,DOCUMENTO,0834.docx,https://docs.google.com/document/d/1BTMiZnMleUpEgh45bxGiN5OrfW9VPfbk/edit?usp=drivesdk&ouid=115564273494382878883&rtpof=true&sd=true
0833,DOCUMENTO,0833.docx,https://docs.google.com/document/d/16LKolYNX-2YFmnJpAwhfCqFV3zrIvXwy/edit?usp=drivesdk&ouid=115564273494382878883&rtpof=true&sd=true
0832,DOCUMENTO,0832.docx,https://docs.google.com/document/d/1EGZnN63KpDJWp4yVdyGXUpqrSSZWvHws/edit?usp=drivesdk&ouid=115564273494382878883&rtpof=true&sd=true
0831,DOCUMENTO,0831.docx,https://docs.google.com/document/d/1ovYmgbZY9rScSoFYtF7IRIgxeQsQKZxX/edit?usp=drivesdk&ouid=115564273494382878883&rtpof=true&sd=true
0830,DOCUMENTO,0830.docx,https://docs.google.com/document/d/1z135fwL6Ab844gXjtTdpQdN8o4dX1UNK/edit?usp=drivesdk&ouid=115564273494382878883&rtpof=true&sd=true
0829,DOCUMENTO,0829.docx,https://docs.google.com/document/d/1s9YcdGrSGcIC8P4I3AS-FqP0O0RbVmb-/edit?usp=drivesdk&ouid=115564273494382878883&rtpof=true&sd=true
0828,DOCUMENTO,0828.docx,https://docs.google.com/document/d/1vx4-fLFcOwyBKGK_sNrD9IIcIfaek3cA/edit?usp=drivesdk&ouid=115564273494382878883&rtpof=true&sd=true
0827,DOCUMENTO,0827.docx,https://docs.google.com/document/d/1DLcK21NCroKw5YeJ2O48kubjHnpASS0N/edit?usp=drivesdk&ouid=115564273494382878883&rtpof=true&sd=true
0826,DOCUMENTO,0826.docx,https://docs.google.com/document/d/1Xwpt6DZXmjDLNgSBYSN0hu5HZIEk6Q8c/edit?usp=drivesdk&ouid=115564273494382878883&rtpof=true&sd=true
0825,DOCUMENTO,0825.docx,https://docs.google.com/document/d/1ezZvv3NmnAA7eqoRd2009qPv9esxVmfa/edit?usp=drivesdk&ouid=115564273494382878883&rtpof=true&sd=true
0824,DOCUMENTO,0824.docx,https://docs.google.com/document/d/1QQ9Qzt3WBZZzbrjG-gkPPBUZ05t25ZsD/edit?usp=drivesdk&ouid=115564273494382878883&rtpof=true&sd=true
0823,DOCUMENTO,0823.docx,https://docs.google.com/document/d/1l9deTZWsYy-3YbKHgxa0a3C7autxIC36/edit?usp=drivesdk&ouid=115564273494382878883&rtpof=true&sd=true
0822,DOCUMENTO,0822.docx,https://docs.google.com/document/d/1kmZaY_b0Oa9mEy1ABvIY4UiYt5F-Pgs2/edit?usp=drivesdk&ouid=115564273494382878883&rtpof=true&sd=true
0821,DOCUMENTO,0821.docx,https://docs.google.com/document/d/1yG4GP0z1D4rCLAs0_7HYG40FYL0Iv6MI/edit?usp=drivesdk&ouid=115564273494382878883&rtpof=true&sd=true
0820,DOCUMENTO,0820.docx,https://docs.google.com/document/d/1Mo6_h-L_UFcUyI3HeRqAKdHeWzZYzUuq/edit?usp=drivesdk&ouid=115564273494382878883&rtpof=true&sd=true
0819,DOCUMENTO,0819.docx,https://docs.google.com/document/d/1OLFGxb_zqHkbWSegfvEmTlpIaLrky83O/edit?usp=drivesdk&ouid=115564273494382878883&rtpof=true&sd=true
0818,DOCUMENTO,0818.docx,https://docs.google.com/document/d/1iWmo5gxB-Tj_Z0paTrOXDy_Jl0X1Kdp3/edit?usp=drivesdk&ouid=115564273494382878883&rtpof=true&sd=true
0817,DOCUMENTO,0817.docx,https://docs.google.com/document/d/1GhNE3mNrQAQ4DPHRCasJFGM6gpf-yzw6/edit?usp=drivesdk&ouid=115564273494382878883&rtpof=true&sd=true
0816,DOCUMENTO,0816.docx,https://docs.google.com/document/d/1Q8MDLDUpP88mbyTh_JARImh9gnJuH1HG/edit?usp=drivesdk&ouid=115564273494382878883&rtpof=true&sd=true
0815,DOCUMENTO,0815.docx,https://docs.google.com/document/d/1D0h6WfQ0875OBVqyQidzhHTVRcAPHwYj/edit?usp=drivesdk&ouid=115564273494382878883&rtpof=true&sd=true
0814,DOCUMENTO,0814.docx,https://docs.google.com/document/d/1IjrMShQ6MeKzqN8ET697WV09sCChO3fy/edit?usp=drivesdk&ouid=115564273494382878883&rtpof=true&sd=true
0813,DOCUMENTO,0813.docx,https://docs.google.com/document/d/1LiZx0EBh84LjpJoGWSSCAZvjGgpwfrPw/edit?usp=drivesdk&ouid=115564273494382878883&rtpof=true&sd=true
0812,DOCUMENTO,0812.docx,https://docs.google.com/document/d/1_bM1Ph4vpyBiwob7SM0jddfpxOdleR8I/edit?usp=drivesdk&ouid=115564273494382878883&rtpof=true&sd=true
0811,DOCUMENTO,0811.docx,https://docs.google.com/document/d/14FRpwXeDp0cUgJgGDZFY-6CCW_SEn4xq/edit?usp=drivesdk&ouid=115564273494382878883&rtpof=true&sd=true
0810,DOCUMENTO,0810.docx,https://docs.google.com/document/d/1EuVbQUrQ9INqpSLrjAw5npCVQGo3ezGE/edit?usp=drivesdk&ouid=115564273494382878883&rtpof=true&sd=true
0809,DOCUMENTO,0809.docx,https://docs.google.com/document/d/1Vgyxh49k0OekrWBal0QCBuyUSQuwZWl8/edit?usp=drivesdk&ouid=115564273494382878883&rtpof=true&sd=true
0808,DOCUMENTO,0808.docx,https://docs.google.com/document/d/19uWQhsglLI1eCI3eCUaQ2AQn2Mlih_t1/edit?usp=drivesdk&ouid=115564273494382878883&rtpof=true&sd=true
0807,DOCUMENTO,0807.docx,https://docs.google.com/document/d/1uSYOl_1TtRSnf970dLz3I4d7rb0MmbIa/edit?usp=drivesdk&ouid=115564273494382878883&rtpof=true&sd=true
0806,DOCUMENTO,0806.docx,https://docs.google.com/document/d/1y8Qd9OUyL-Bs59g_wb03p56pWaPO32OG/edit?usp=drivesdk&ouid=115564273494382878883&rtpof=true&sd=true
0805,DOCUMENTO,0805.docx,https://docs.google.com/document/d/12OC_iTSzm0lrmMIPjyitb5qly8LcVwTF/edit?usp=drivesdk&ouid=115564273494382878883&rtpof=true&sd=true
0804,DOCUMENTO,0804.docx,https://docs.google.com/document/d/1lrcQuRznPHcQJfaNDDJhurcyyKSljmPm/edit?usp=drivesdk&ouid=115564273494382878883&rtpof=true&sd=true
0803,DOCUMENTO,0803.docx,https://docs.google.com/document/d/1JOcB6F3M1EvPynoylTjHE_Gm8q2eJCW5/edit?usp=drivesdk&ouid=115564273494382878883&rtpof=true&sd=true
0802,DOCUMENTO,0802.docx,https://docs.google.com/document/d/1s1mrlaUFCm2o4z3NeAorY9kRZmdLB_Fb/edit?usp=drivesdk&ouid=115564273494382878883&rtpof=true&sd=true
0801,DOCUMENTO,0801.docx,https://docs.google.com/document/d/1uvo1GIUiHlscZ-M9vDC4s1667NqH3p2m/edit?usp=drivesdk&ouid=115564273494382878883&rtpof=true&sd=true
0715,DOCUMENTO,0715.docx,https://docs.google.com/document/d/1vXDnbeXS573zSrW7Fd7YHhfEsfxXpCjx/edit?usp=drivesdk&ouid=115564273494382878883&rtpof=true&sd=true
0714,DOCUMENTO,0714.docx,https://docs.google.com/document/d/1zL0Gko8MsMmBhLfvC5Wyx4KPzMt5CO_r/edit?usp=drivesdk&ouid=115564273494382878883&rtpof=true&sd=true
0713,DOCUMENTO,0713.docx,https://docs.google.com/document/d/1gbqwY8NBAtsS4AHlUUrH9KuCGd30wZT7/edit?usp=drivesdk&ouid=115564273494382878883&rtpof=true&sd=true
0712,DOCUMENTO,0712.docx,https://docs.google.com/document/d/15kwVzQHuBlL41tsRfbD7RSM2XKg5q7lJ/edit?usp=drivesdk&ouid=115564273494382878883&rtpof=true&sd=true
0711,DOCUMENTO,0711.docx,https://docs.google.com/document/d/1drv4xOzzSYtR1yCUG6LPun1fW6bEDqGx/edit?usp=drivesdk&ouid=115564273494382878883&rtpof=true&sd=true
0711,IMAGEN_GEO,0711_ARRIAGA_PIJIJIAPAN_GEO.jpg,https://drive.google.com/file/d/1i1Da3a9WcvtugDfy395aY6ZZD6GPyg7I/view?usp=drivesdk
0710,DOCUMENTO,0710.docx,https://docs.google.com/document/d/1P9eWYFOapX0X9Gb1OvwJDvDXhqYVfmAe/edit?usp=drivesdk&ouid=115564273494382878883&rtpof=true&sd=true
0710,IMAGEN_GEO,0710_SOCONUSCO_GEO.jpg,https://drive.google.com/file/d/1ZuNpjaBm11fDy1Viqxl1LVHuZZl2ymrd/view?usp=drivesdk
0709,DOCUMENTO,0709.docx,https://docs.google.com/document/d/1bV54BabwdAMowoy2eqluTmhXdq9o7IHR/edit?usp=drivesdk&ouid=115564273494382878883&rtpof=true&sd=true
0708,DOCUMENTO,0708.docx,https://docs.google.com/document/d/1L1ppmB5s5Ya_YfyXERYnJnqU1lfTfkvB/edit?usp=drivesdk&ouid=115564273494382878883&rtpof=true&sd=true
0707,DOCUMENTO,0707.docx,https://docs.google.com/document/d/15GFOZW2JBmGbD4v2Nej8WX_10xiaKSDT/edit?usp=drivesdk&ouid=115564273494382878883&rtpof=true&sd=true
0706,DOCUMENTO,0706.docx,https://docs.google.com/document/d/1yxP6UTiKCZRqSc3MIPVBAjoqom3Jg_Pf/edit?usp=drivesdk&ouid=115564273494382878883&rtpof=true&sd=true
0706,IMAGEN_GEO,0706_FRAYLESCA_GEO.jpg,https://drive.google.com/file/d/1K6cKbPC0y0Xt_kTGCtMPMdJcja6nh7-n/view?usp=drivesdk
0705,DOCUMENTO,0705.docx,https://docs.google.com/document/d/16W6MhVTo5gdX88Akz5UDAXtgnKM57Oq5/edit?usp=drivesdk&ouid=115564273494382878883&rtpof=true&sd=true
0705,IMAGEN_GEO,0705_CINTALAPA_GEO.jpg,https://drive.google.com/file/d/1qWKGRcXQtokDwYbXAJblHZZzYwTlWyJR/view?usp=drivesdk
0704,DOCUMENTO,0704.docx,https://docs.google.com/document/d/11k0JC2zdwtyN2tfSATSGz8JwLigiSRgh/edit?usp=drivesdk&ouid=115564273494382878883&rtpof=true&sd=true
0703,DOCUMENTO,0703.docx,https://docs.google.com/document/d/1XVBrm2hej2ccbWLOwqmNkWewM4ce-6Q0/edit?usp=drivesdk&ouid=115564273494382878883&rtpof=true&sd=true
0702,DOCUMENTO,0702.docx,https://docs.google.com/document/d/1Iu3lmSHrt6aZ1XMUkklW7jgDAZiwVWwc/edit?usp=drivesdk&ouid=115564273494382878883&rtpof=true&sd=true
0701,DOCUMENTO,0701.docx,https://docs.google.com/document/d/1I90rwMOXmfgmK6KmmBpkzPnXKSfyCbjR/edit?usp=drivesdk&ouid=115564273494382878883&rtpof=true&sd=true
0615,DOCUMENTO,0615.docx,https://docs.google.com/document/d/1WkVNYhQuvigsS3pyTbDmMeauy-Xysanf/edit?usp=drivesdk&ouid=115564273494382878883&rtpof=true&sd=true
0614,DOCUMENTO,0614.docx,https://docs.google.com/document/d/1J3nBvQDs462wPs51n7TlG7ZbOXr9NI8E/edit?usp=drivesdk&ouid=115564273494382878883&rtpof=true&sd=true
0613,DOCUMENTO,0613.docx,https://docs.google.com/document/d/1KwOtg-U_7qOplwvzA6Ep6RFQfxdyM18x/edit?usp=drivesdk&ouid=115564273494382878883&rtpof=true&sd=true
0612,DOCUMENTO,0612.docx,https://docs.google.com/document/d/1zFnM8gnsaavauCmovIP7a_KAYTWI02Xi/edit?usp=drivesdk&ouid=115564273494382878883&rtpof=true&sd=true
0610,DOCUMENTO,0610.docx,https://docs.google.com/document/d/12pObNQFEaTznsFKPXoXsprrsu69lnzsd/edit?usp=drivesdk&ouid=115564273494382878883&rtpof=true&sd=true
0609,DOCUMENTO,0609.docx,https://docs.google.com/document/d/1yaH4GUHG_B_sNiAqkJCnTlqIqKwkV0yr/edit?usp=drivesdk&ouid=115564273494382878883&rtpof=true&sd=true
0608,DOCUMENTO,0608.docx,https://docs.google.com/document/d/1QT9NFENEyUVM-4ImtKkkNpAPsqhQsHof/edit?usp=drivesdk&ouid=115564273494382878883&rtpof=true&sd=true
0607,DOCUMENTO,0607.docx,https://docs.google.com/document/d/1w2WXv4ENnmuk3kyEx9wTiJBk2AoGgRqQ/edit?usp=drivesdk&ouid=115564273494382878883&rtpof=true&sd=true
0605,DOCUMENTO,0605.docx,https://docs.google.com/document/d/12b_QdqMbF_9cpvH-ZHDM_mKJZ0iNrw1c/edit?usp=drivesdk&ouid=115564273494382878883&rtpof=true&sd=true
0603,DOCUMENTO,0603.docx,https://docs.google.com/document/d/1ckBKX2G7wN0cw5Mmx7qhdPFFgreMO-VB/edit?usp=drivesdk&ouid=115564273494382878883&rtpof=true&sd=true
0601,DOCUMENTO,0601.docx,https://docs.google.com/document/d/1evWZaA9VHlbpWhSC5iEg9p9u6yOX8MTk/edit?usp=drivesdk&ouid=115564273494382878883&rtpof=true&sd=true
0528,DOCUMENTO,0528.docx,https://docs.google.com/document/d/176r9Yb9vZMv4OswF-bY4joXxyxSWprqS/edit?usp=drivesdk&ouid=115564273494382878883&rtpof=true&sd=true
0527,DOCUMENTO,0527.docx,https://docs.google.com/document/d/15fLBZ0Y3orEFOuVbybXuBvopcHXlwKb4/edit?usp=drivesdk&ouid=115564273494382878883&rtpof=true&sd=true
0526,DOCUMENTO,0526.docx,https://docs.google.com/document/d/12XRfN3VUthIfv4rlZEHtQ420rmFGxa-E/edit?usp=drivesdk&ouid=115564273494382878883&rtpof=true&sd=true
0525,DOCUMENTO,0525.docx,https://docs.google.com/document/d/1luz8lA90In6C-Gla-BBx7agHRXBAk8HF/edit?usp=drivesdk&ouid=115564273494382878883&rtpof=true&sd=true
0524,DOCUMENTO,0524.docx,https://docs.google.com/document/d/12Rr5c3xH5riB45YdbJL7Lnk9NOYQGNBT/edit?usp=drivesdk&ouid=115564273494382878883&rtpof=true&sd=true
0523,DOCUMENTO,0523.docx,https://docs.google.com/document/d/1SKFjyBddTwIwwqDBdm2-c875zQH6QNdi/edit?usp=drivesdk&ouid=115564273494382878883&rtpof=true&sd=true
0522,DOCUMENTO,0522.docx,https://docs.google.com/document/d/1X4B5DvVMte2CHCP5RCk1LXUgxYq1L02g/edit?usp=drivesdk&ouid=115564273494382878883&rtpof=true&sd=true
0521,DOCUMENTO,0521.docx,https://docs.google.com/document/d/1-2gzoPS2_oZgrBrITmB7UnbVYVVupqla/edit?usp=drivesdk&ouid=115564273494382878883&rtpof=true&sd=true
0520,DOCUMENTO,0520.docx,https://docs.google.com/document/d/1ID3g05nycoCOFhaO_X3fOf7bkabjr9AS/edit?usp=drivesdk&ouid=115564273494382878883&rtpof=true&sd=true
0519,DOCUMENTO,0519.docx,https://docs.google.com/document/d/15nJtZ9y_YDjnNFJvGVQI6Szl6HhxjWsk/edit?usp=drivesdk&ouid=115564273494382878883&rtpof=true&sd=true
0518,DOCUMENTO,0518.docx,https://docs.google.com/document/d/1c65aDt9P2xCF2oamDORQmeDXUqpshBR0/edit?usp=drivesdk&ouid=115564273494382878883&rtpof=true&sd=true
0517,DOCUMENTO,0517.docx,https://docs.google.com/document/d/1hU4ezWYQqMZ_2AQA-uOVgCXXrkzRpB-B/edit?usp=drivesdk&ouid=115564273494382878883&rtpof=true&sd=true
0516,DOCUMENTO,0516.docx,https://docs.google.com/document/d/1XBMb2xBjkN0OVfQR0edbEBSbeMy8rf7c/edit?usp=drivesdk&ouid=115564273494382878883&rtpof=true&sd=true
0515,DOCUMENTO,0515.docx,https://docs.google.com/document/d/1pPkWUwnHknj66Lyf98SK1-cFZt3hLr9V/edit?usp=drivesdk&ouid=115564273494382878883&rtpof=true&sd=true
0514,DOCUMENTO,0514.docx,https://docs.google.com/document/d/1EnERSliYKZElTReZQ9zNOeIcuJdhk47j/edit?usp=drivesdk&ouid=115564273494382878883&rtpof=true&sd=true
0513,DOCUMENTO,0513.DOCX,https://docs.google.com/document/d/1awltWGS6O0UaWMbtRMW_i3dWSQpUwSYW/edit?usp=drivesdk&ouid=115564273494382878883&rtpof=true&sd=true
0512,DOCUMENTO,0512.docx,https://docs.google.com/document/d/15MxCBmKQiQrult6kST0eSxo-6b-_F8b0/edit?usp=drivesdk&ouid=115564273494382878883&rtpof=true&sd=true
0511,DOCUMENTO,0511.docx,https://docs.google.com/document/d/1hjbMjabxVGgutGvaOqVkhzoKK_XkuxyR/edit?usp=drivesdk&ouid=115564273494382878883&rtpof=true&sd=true
0510,DOCUMENTO,0510.docx,https://docs.google.com/document/d/1Kv--pTr6y8I9jBgsPeUKPCGCUWvXMPWm/edit?usp=drivesdk&ouid=115564273494382878883&rtpof=true&sd=true
0509,DOCUMENTO,0509.docx,https://docs.google.com/document/d/1_F0wPSigSMxF5VzTNtqw42wzZo1hOCec/edit?usp=drivesdk&ouid=115564273494382878883&rtpof=true&sd=true
0508,DOCUMENTO,0508.docx,https://docs.google.com/document/d/1O-zZA92M_3eTc2n0z6lFFw5TB6TLhLQe/edit?usp=drivesdk&ouid=115564273494382878883&rtpof=true&sd=true
0507,DOCUMENTO,0507.docx,https://docs.google.com/document/d/1uRKySQku2M0OMkdkuQ5SMQCIxtJs5mHN/edit?usp=drivesdk&ouid=115564273494382878883&rtpof=true&sd=true
0506,DOCUMENTO,0506.docx,https://docs.google.com/document/d/1xM3i1NKO2pdBBCo_86cXgzZc-JvV7r24/edit?usp=drivesdk&ouid=115564273494382878883&rtpof=true&sd=true
0505,DOCUMENTO,0505.docx,https://docs.google.com/document/d/17vTcRNvK8DCJbo8dYw8awAWQCkbISal6/edit?usp=drivesdk&ouid=115564273494382878883&rtpof=true&sd=true
0504,DOCUMENTO,0504.docx,https://docs.google.com/document/d/1AB4YbbAx4C9KgvIJHN0OZN-yL7w1ZYv3/edit?usp=drivesdk&ouid=115564273494382878883&rtpof=true&sd=true
0503,DOCUMENTO,0503.docx,https://docs.google.com/document/d/1SIjrsz9dIsSnSRo4vEUzsLbslq8iHtdk/edit?usp=drivesdk&ouid=115564273494382878883&rtpof=true&sd=true
0502,DOCUMENTO,0502.docx,https://docs.google.com/document/d/1bDPQ9kRLfArSHvxBgxlG590cDoItAghN/edit?usp=drivesdk&ouid=115564273494382878883&rtpof=true&sd=true
0501,DOCUMENTO,0501.docx,https://docs.google.com/document/d/1qyu_e_oZW_pAqX7Eyht2u8mOdyjjwC8b/edit?usp=drivesdk&ouid=115564273494382878883&rtpof=true&sd=true
0405,DOCUMENTO,0405.docx,https://docs.google.com/document/d/1BKEXFw8z8GvMaBFpEw4hKCcaf5rZHdJ7/edit?usp=drivesdk&ouid=115564273494382878883&rtpof=true&sd=true
0339,DOCUMENTO,0339.docx,https://docs.google.com/document/d/1EKCb3QCoxL0ZddAP_Xs1RCeIvX0HB6TS/edit?usp=drivesdk&ouid=115564273494382878883&rtpof=true&sd=true
0338,DOCUMENTO,0338.DOCX,https://docs.google.com/document/d/1VK7UvzaUcSD_GVOrY_KbjsKeScka9l-y/edit?usp=drivesdk&ouid=115564273494382878883&rtpof=true&sd=true
0337,DOCUMENTO,0337.docx,https://docs.google.com/document/d/1d5ziXZaUpSIMfwIb4qiAI8Y6pYBHjLri/edit?usp=drivesdk&ouid=115564273494382878883&rtpof=true&sd=true
0336,DOCUMENTO,0336.docx,https://docs.google.com/document/d/1xsiLSbFd8zZaPY03oWZflGI5e0xT0nha/edit?usp=drivesdk&ouid=115564273494382878883&rtpof=true&sd=true
0335,DOCUMENTO,0335.docx,https://docs.google.com/document/d/1q5EkRs0Rg4r6is9QAcS_wrOgKY4oPetv/edit?usp=drivesdk&ouid=115564273494382878883&rtpof=true&sd=true
0334,DOCUMENTO,0334.docx,https://docs.google.com/document/d/1UuzXhmecu-_wjssDohk6Y3AMPev2tIy8/edit?usp=drivesdk&ouid=115564273494382878883&rtpof=true&sd=true
0333,DOCUMENTO,0333.docx,https://docs.google.com/document/d/1gh9mrEnhc9dljQFgKAPyz2-es_4xCXIL/edit?usp=drivesdk&ouid=115564273494382878883&rtpof=true&sd=true
0332,DOCUMENTO,0332.docx,https://docs.google.com/document/d/1FzWzo_nN0svDabq851bDfSkGxHr3Tfcn/edit?usp=drivesdk&ouid=115564273494382878883&rtpof=true&sd=true
0331,DOCUMENTO,0331.docx,https://docs.google.com/document/d/1Bc8LGlHbfq8-ABUXmgeObeQdjr3zKXNI/edit?usp=drivesdk&ouid=115564273494382878883&rtpof=true&sd=true
0330,DOCUMENTO,0330.docx,https://docs.google.com/document/d/1BMcAjhXnJ81G4CRVV3bLJTX3TuraCDJZ/edit?usp=drivesdk&ouid=115564273494382878883&rtpof=true&sd=true
0329,DOCUMENTO,0329.docx,https://docs.google.com/document/d/1n3K7GU7QhP5M-RRIJxr2V77xCbqr_rF7/edit?usp=drivesdk&ouid=115564273494382878883&rtpof=true&sd=true
0328,DOCUMENTO,0328.docx,https://docs.google.com/document/d/1_7qsvN9VpuLIfnVP9LPtOA7u2UFDxfw8/edit?usp=drivesdk&ouid=115564273494382878883&rtpof=true&sd=true
0327,DOCUMENTO,0327.docx,https://docs.google.com/document/d/1tarMHlvCfpUEQIZ_-sY_B1i37KeI8OL3/edit?usp=drivesdk&ouid=115564273494382878883&rtpof=true&sd=true
0326,DOCUMENTO,0326.docx,https://docs.google.com/document/d/16hdTM-cNuLxXepImhsQLACDJnBDlXlZT/edit?usp=drivesdk&ouid=115564273494382878883&rtpof=true&sd=true
0325,DOCUMENTO,0325.docx,https://docs.google.com/document/d/1WK3OBaHQa8KGGe14TEDSVt9Y6mMH-KKB/edit?usp=drivesdk&ouid=115564273494382878883&rtpof=true&sd=true
0324,DOCUMENTO,0324.docx,https://docs.google.com/document/d/18c55FqJV2bnalDddTVsF8HadvjoOdIBF/edit?usp=drivesdk&ouid=115564273494382878883&rtpof=true&sd=true
0324,IMAGEN_GEO,0324_LA_PAZ_GEO.png,https://drive.google.com/file/d/1OwrAX8S-z7c0PRmHqm9p2qdRFtSYAoMM/view?usp=drivesdk
0323,DOCUMENTO,0323.docx,https://docs.google.com/document/d/1zzt_vw3i5rWgVwaUK2pm2V-WgmWbjQAD/edit?usp=drivesdk&ouid=115564273494382878883&rtpof=true&sd=true
0323,IMAGEN_GEO,0323_LOS_PLANES_GEO.jpg,https://drive.google.com/file/d/1wCrYOqiEqCfnzR9sZqRp3eESYnWYgInj/view?usp=drivesdk
0322,DOCUMENTO,0322.docx,https://docs.google.com/document/d/1P-6FR4JAjTvXzGGA3U2K-QIg7hYVJGu4/edit?usp=drivesdk&ouid=115564273494382878883&rtpof=true&sd=true
0322,IMAGEN_GEO,0322_EL_CARRIZAL_GEO.png,https://drive.google.com/file/d/1hRhFzcYqbMfbSETf_hgxnwV8BHKyTazT/view?usp=drivesdk
0321,DOCUMENTO,0321.docx,https://docs.google.com/document/d/1SSr9TXhRsVSpGkqEliqWu-AHxEF5K7GK/edit?usp=drivesdk&ouid=115564273494382878883&rtpof=true&sd=true
0320,DOCUMENTO,0320.docx,https://docs.google.com/document/d/1OyoyPjEaf_EKznskMXVD5BSE597VLSLN/edit?usp=drivesdk&ouid=115564273494382878883&rtpof=true&sd=true
0319,DOCUMENTO,0319.docx,https://docs.google.com/document/d/1by9zJIgPhnIJPCTuhaBZs7lMreAFaNDn/edit?usp=drivesdk&ouid=115564273494382878883&rtpof=true&sd=true
0319,IMAGEN_GEO,0319_SAN_JOSE_DEL_CABO_GEO.jpg,https://drive.google.com/file/d/13GzJZVaiseWvTfoug0bB6jOJTnDfPBgK/view?usp=drivesdk
0318,DOCUMENTO,0318.docx,https://docs.google.com/document/d/1exq5IHHqp-Xhr5Kcc2OiMt0fq6YEKTkr/edit?usp=drivesdk&ouid=115564273494382878883&rtpof=true&sd=true
0317,DOCUMENTO,0317.docx,https://docs.google.com/document/d/1AOzjkhHySNol3yB5_fJhhztjmk5sMYSj/edit?usp=drivesdk&ouid=115564273494382878883&rtpof=true&sd=true
0316,DOCUMENTO,0316.docx,https://docs.google.com/document/d/1Yf5QqE-hxHAKXEUyUhSLDNdg7Es866mc/edit?usp=drivesdk&ouid=115564273494382878883&rtpof=true&sd=true
0315,DOCUMENTO,0315.docx,https://docs.google.com/document/d/1aoFlNBv83rg064P4Hn10JNc9sWfwQuQO/edit?usp=drivesdk&ouid=115564273494382878883&rtpof=true&sd=true
0314,DOCUMENTO,0314.docx,https://docs.google.com/document/d/12-enl7gu4R-DrIpuqltuDHuDruoxeqTg/edit?usp=drivesdk&ouid=115564273494382878883&rtpof=true&sd=true
0313,DOCUMENTO,0313.docx,https://docs.google.com/document/d/1IlRY5sYuVGSR5RFm2eghKZ5U9ewjFd6c/edit?usp=drivesdk&ouid=115564273494382878883&rtpof=true&sd=true
0312,DOCUMENTO,0312.docx,https://docs.google.com/document/d/1Z1RKOlikWPZcf-pojF9mkcj9CI0aermz/edit?usp=drivesdk&ouid=115564273494382878883&rtpof=true&sd=true
0311,DOCUMENTO,0311.docx,https://docs.google.com/document/d/1FEZ38CDXidpSl_tv8j28PaSMtnraIx31/edit?usp=drivesdk&ouid=115564273494382878883&rtpof=true&sd=true
0310,DOCUMENTO,0310.docx,https://docs.google.com/document/d/1D4fOYRlrRHrn7smo8EFa__faSQvQKvHh/edit?usp=drivesdk&ouid=115564273494382878883&rtpof=true&sd=true
0309,DOCUMENTO,0309.docx,https://docs.google.com/document/d/1e7T5CfynMLC5BEDDUkGl4thtdtLTPgI4/edit?usp=drivesdk&ouid=115564273494382878883&rtpof=true&sd=true
0308,DOCUMENTO,0308.docx,https://docs.google.com/document/d/1tikzk-qgbrDu3dw_q-0_rOmycvgvwdGF/edit?usp=drivesdk&ouid=115564273494382878883&rtpof=true&sd=true
0307,DOCUMENTO,0307.docx,https://docs.google.com/document/d/1kFh-0FNDlgzn6ZdDvwx-gjS7XO7rMbeY/edit?usp=drivesdk&ouid=115564273494382878883&rtpof=true&sd=true
0306,DOCUMENTO,0306.docx,https://docs.google.com/document/d/1BFiCkD7AbqQUYubZLpB9q2Mezie9bA1j/edit?usp=drivesdk&ouid=115564273494382878883&rtpof=true&sd=true
0306,IMAGEN_GEO,0306_SANTO_DOMINGO_GEO.png,https://drive.google.com/file/d/1nXZTIUYKc15B25_Xob7cZo3WRFMIdBl6/view?usp=drivesdk
0306,IMAGEN_GEO,0306_SANTO_DOMINGO_GEO.jpg,https://drive.google.com/file/d/1b1_MPpBHDCNzn6ovDc94wkH9M8cxwGzp/view?usp=drivesdk
0305,DOCUMENTO,0305.docx,https://docs.google.com/document/d/1X_VcEHdZwhnnFBplZ5BMuf5viA8BQ4Rr/edit?usp=drivesdk&ouid=115564273494382878883&rtpof=true&sd=true
0304,DOCUMENTO,0304.docx,https://docs.google.com/document/d/1wcZsA41Lls0HQa4nygCDecWq5SFB0CbS/edit?usp=drivesdk&ouid=115564273494382878883&rtpof=true&sd=true
0303,DOCUMENTO,0303.docx,https://docs.google.com/document/d/11s6FvjSWVmMN-Fvw6tj-i_zR0FUAXncq/edit?usp=drivesdk&ouid=115564273494382878883&rtpof=true&sd=true
0302,DOCUMENTO,0302.docx,https://docs.google.com/document/d/1MJ7QxHUnEQGogCMJzS4WQHEQgXDh1FcS/edit?usp=drivesdk&ouid=115564273494382878883&rtpof=true&sd=true
0302,IMAGEN_GEO,0302_VIZCAINO_GEO.png,https://drive.google.com/file/d/110BbaEBPirYbcZ6ZSBBwDcCvx_v9lhTF/view?usp=drivesdk
0301,DOCUMENTO,0301.docx,https://docs.google.com/document/d/16RtWlwRfrgkDwP0TcC9P6E4AuRrtKUec/edit?usp=drivesdk&ouid=115564273494382878883&rtpof=true&sd=true
0248,DOCUMENTO,0248.docx,https://docs.google.com/document/d/1MARqCaXEz4VB82SRIJ2QqzLpf8tyaOXJ/edit?usp=drivesdk&ouid=115564273494382878883&rtpof=true&sd=true
0247,DOCUMENTO,0247.docx,https://docs.google.com/document/d/1Dh2AhUFS2AwhLjzToxmaboLl65y0MIEi/edit?usp=drivesdk&ouid=115564273494382878883&rtpof=true&sd=true
0246,DOCUMENTO,0246.docx,https://docs.google.com/document/d/1FRIt_NPQYrOt_wvrdsFB7DpJr0HzhXrv/edit?usp=drivesdk&ouid=115564273494382878883&rtpof=true&sd=true
0245,DOCUMENTO,0245.docx,https://docs.google.com/document/d/1Cqa8EFKhmQ1LzkOe7NkChELFS_7j4ylf/edit?usp=drivesdk&ouid=115564273494382878883&rtpof=true&sd=true
0244,DOCUMENTO,0244.docx,https://docs.google.com/document/d/1yiSfXqRfu50BDu8dxw-F1wHV9bCeN42A/edit?usp=drivesdk&ouid=115564273494382878883&rtpof=true&sd=true
0243,DOCUMENTO,0243.docx,https://docs.google.com/document/d/16C-ejjy_BybdQ_sQ4eOkoOiXXWxMIxHU/edit?usp=drivesdk&ouid=115564273494382878883&rtpof=true&sd=true
0242,DOCUMENTO,0242.docx,https://docs.google.com/document/d/1CCEv17u9YhaHLGOiPpjFNkNE4Uvf-2SL/edit?usp=drivesdk&ouid=115564273494382878883&rtpof=true&sd=true
0241,DOCUMENTO,0241.docx,https://docs.google.com/document/d/1uWkCz0o-WpTKn-Gqur-5yJVVYBS_vcEy/edit?usp=drivesdk&ouid=115564273494382878883&rtpof=true&sd=true
0240,DOCUMENTO,0240.docx,https://docs.google.com/document/d/1GTyiREUegWWhTL0jYVrOAexPir9Joq6y/edit?usp=drivesdk&ouid=115564273494382878883&rtpof=true&sd=true
0239,DOCUMENTO,0239.docx,https://docs.google.com/document/d/1oGOL2vIueoGPPGmMMF9FWAco2OVhBkF9/edit?usp=drivesdk&ouid=115564273494382878883&rtpof=true&sd=true
0238,DOCUMENTO,0238.docx,https://docs.google.com/document/d/1p9tmE5PEftl5iH67g5owPHQLiZTZQlOW/edit?usp=drivesdk&ouid=115564273494382878883&rtpof=true&sd=true
0237,DOCUMENTO,0237.docx,https://docs.google.com/document/d/1DRZGV06G2nwaB6FCEKtb228tOeEGVKWt/edit?usp=drivesdk&ouid=115564273494382878883&rtpof=true&sd=true
0236,DOCUMENTO,0236.docx,https://docs.google.com/document/d/1n43vLGjOnxK2jGrvMzMj5tT4bUqpFrSs/edit?usp=drivesdk&ouid=115564273494382878883&rtpof=true&sd=true
0235,DOCUMENTO,0235.docx,https://docs.google.com/document/d/15e5JBMKr7kQNKLkhHzDVhOv5-sIx8Clp/edit?usp=drivesdk&ouid=115564273494382878883&rtpof=true&sd=true
0234,DOCUMENTO,0234.docx,https://docs.google.com/document/d/1huJip9bN_6fQbaaRv6czYgE0yjZZxoLE/edit?usp=drivesdk&ouid=115564273494382878883&rtpof=true&sd=true
0233,DOCUMENTO,0233.docx,https://docs.google.com/document/d/10sJZDrq2fFRw7FL93d4HNtQYe8Eydzfg/edit?usp=drivesdk&ouid=115564273494382878883&rtpof=true&sd=true
0232,DOCUMENTO,0232.docx,https://docs.google.com/document/d/1Uxvws_A3fX6W6lbEFU0QxJM9Fu5W2P37/edit?usp=drivesdk&ouid=115564273494382878883&rtpof=true&sd=true
0231,DOCUMENTO,0231.docx,https://docs.google.com/document/d/1czEGL0LFDJRaj8aJcVNpB1hYYHfNJJuD/edit?usp=drivesdk&ouid=115564273494382878883&rtpof=true&sd=true
0230,DOCUMENTO,0230.docx,https://docs.google.com/document/d/1EwpSPVg63_fs_8jhp6GjZ2R7usd9bHq_/edit?usp=drivesdk&ouid=115564273494382878883&rtpof=true&sd=true
0229,DOCUMENTO,0229.docx,https://docs.google.com/document/d/1QUsFnd-Rg1s_lyFw80h3eyl-mcRWojL9/edit?usp=drivesdk&ouid=115564273494382878883&rtpof=true&sd=true
0228,DOCUMENTO,0228.docx,https://docs.google.com/document/d/1JaVpmKcJtoE8FCkzXoXO3fNKSdGCnFUW/edit?usp=drivesdk&ouid=115564273494382878883&rtpof=true&sd=true
0228,IMAGEN_GEO,0228_LLANOS_DEL_BERRENDO_GEO.png,https://drive.google.com/file/d/1l56i2g6ileQkXnTt0wWvL6R43XxD2t4M/view?usp=drivesdk
0227,DOCUMENTO,0227.docx,https://docs.google.com/document/d/18_g_BX6E8K-eIH_94Y0YRY5tCK80ZvX1/edit?usp=drivesdk&ouid=115564273494382878883&rtpof=true&sd=true
0227,IMAGEN_GEO,0227_VILLA_DE_JESUS_MARIA_GEO.png,https://drive.google.com/file/d/1lMVQqdfRerHykwshSnbIjJIhJaNr6t-R/view?usp=drivesdk
0226,DOCUMENTO,0226.docx,https://docs.google.com/document/d/1jk1-if6Rc6-rJPKvd92smUXL6vxXlxKq/edit?usp=drivesdk&ouid=115564273494382878883&rtpof=true&sd=true
0225,DOCUMENTO,0225.docx,https://docs.google.com/document/d/1IPbtM2ZFyOrUpGi1_HQUij6mSmtjSN6R/edit?usp=drivesdk&ouid=115564273494382878883&rtpof=true&sd=true
0224,DOCUMENTO,0224.docx,https://docs.google.com/document/d/1PDbVs4c7bxm-uh_Gk1mNc3Gtd0A2Ya9C/edit?usp=drivesdk&ouid=115564273494382878883&rtpof=true&sd=true
0223,DOCUMENTO,0223.docx,https://docs.google.com/document/d/1CYNwh6dO9Y435hiigytGHIB8wAdd6UQ4/edit?usp=drivesdk&ouid=115564273494382878883&rtpof=true&sd=true
0222,DOCUMENTO,0222.docx,https://docs.google.com/document/d/1mtXUCAf1UUKf_9yV3jXPFd_Czt4NDNt1/edit?usp=drivesdk&ouid=115564273494382878883&rtpof=true&sd=true
0221,DOCUMENTO,0221.docx,https://docs.google.com/document/d/11wconSpMNOkl5x3iPkATWqbLIjZzK3WL/edit?usp=drivesdk&ouid=115564273494382878883&rtpof=true&sd=true
0220,DOCUMENTO,0220.docx,https://docs.google.com/document/d/1N16T0IGvJfG9m0fG8bgQiZIIZsFfFT9w/edit?usp=drivesdk&ouid=115564273494382878883&rtpof=true&sd=true
0219,DOCUMENTO,0219.docx,https://docs.google.com/document/d/1y0q-YLokBvcokqKx4J72ziWlCjGBvEEd/edit?usp=drivesdk&ouid=115564273494382878883&rtpof=true&sd=true
0218,DOCUMENTO,0218.docx,https://docs.google.com/document/d/1CuZl6bPmi8GTzr9sBFguGZc0IzG4Kltu/edit?usp=drivesdk&ouid=115564273494382878883&rtpof=true&sd=true
0217,DOCUMENTO,0217.docx,https://docs.google.com/document/d/1BExQHIgemMgaQ2TfXgzLL21fvV6V76od/edit?usp=drivesdk&ouid=115564273494382878883&rtpof=true&sd=true
0216,DOCUMENTO,0216.docx,https://docs.google.com/document/d/1S-yK1DaFAi6t7WkmqkEWPyTxtEWFBEpd/edit?usp=drivesdk&ouid=115564273494382878883&rtpof=true&sd=true
0215,DOCUMENTO,0215.docx,https://docs.google.com/document/d/1xtn7STpcacMROrjBy9ttKnxEQxYK3-P_/edit?usp=drivesdk&ouid=115564273494382878883&rtpof=true&sd=true
0214,DOCUMENTO,0214.docx,https://docs.google.com/document/d/10GPcaDyjx4p0Im536zZBZeT-joHAQ9Jx/edit?usp=drivesdk&ouid=115564273494382878883&rtpof=true&sd=true
0213,DOCUMENTO,0213.docx,https://docs.google.com/document/d/16nc-naBGfIYisWvSd_wT3MLy1CsnvSg_/edit?usp=drivesdk&ouid=115564273494382878883&rtpof=true&sd=true
0212,DOCUMENTO,0212.docx,https://docs.google.com/document/d/1ultJ-8tNHcY2932KPwC05oI5pO9khrga/edit?usp=drivesdk&ouid=115564273494382878883&rtpof=true&sd=true
0211,DOCUMENTO,0211.docx,https://docs.google.com/document/d/1oHIXoXB2IPXogmBG0kUAVO213nhthjg1/edit?usp=drivesdk&ouid=115564273494382878883&rtpof=true&sd=true
0210,DOCUMENTO,0210.docx,https://docs.google.com/document/d/1pJQ3RVcCSXu8VSG1ioAkvwk4oN0WG_hO/edit?usp=drivesdk&ouid=115564273494382878883&rtpof=true&sd=true
0210,IMAGEN_GEO,0210_VALLE_DE_MEXICALI_GEO.png,https://drive.google.com/file/d/1m86za87U8myrvky64wPzdBUQGLnibdRG/view?usp=drivesdk
0209,DOCUMENTO,0209.docx,https://docs.google.com/document/d/1PFWxc8EBYgIFE6pf1Kz0CllyJnzph50g/edit?usp=drivesdk&ouid=115564273494382878883&rtpof=true&sd=true
0208,DOCUMENTO,0208.docx,https://docs.google.com/document/d/1pR3R8LqpD31__5AYgIYXVAJfZqs5fc7k/edit?usp=drivesdk&ouid=115564273494382878883&rtpof=true&sd=true
0207,DOCUMENTO,0207.docx,https://docs.google.com/document/d/1hRjZSySHjEdfpj3f4wwfGwc2JsDkLWod/edit?usp=drivesdk&ouid=115564273494382878883&rtpof=true&sd=true
0206,DOCUMENTO,0206.docx,https://docs.google.com/document/d/1oU4_azRadsbsF3UVTWrbBqCABmV5UAr8/edit?usp=drivesdk&ouid=115564273494382878883&rtpof=true&sd=true
0205,DOCUMENTO,0205.docx,https://docs.google.com/document/d/1HkSkdAllvf5tPAa_9-ItDYKU76CbjxtK/edit?usp=drivesdk&ouid=115564273494382878883&rtpof=true&sd=true
0204,DOCUMENTO,0204.docx,https://docs.google.com/document/d/1SIGNdVgD6LGoAY-rxQVvL5bKk_Gp8Iu3/edit?usp=drivesdk&ouid=115564273494382878883&rtpof=true&sd=true
0203,DOCUMENTO,0203.docx,https://docs.google.com/document/d/1TWbZe8C9B-VJrW6UCWKjOdhWRrP1U4dK/edit?usp=drivesdk&ouid=115564273494382878883&rtpof=true&sd=true
0202,DOCUMENTO,0202.docx,https://docs.google.com/document/d/1-UEbzQW61kxhD4F_nB0CcOO6MErGMIeu/edit?usp=drivesdk&ouid=115564273494382878883&rtpof=true&sd=true
0201,DOCUMENTO,0201.docx,https://docs.google.com/document/d/1C7heh1aVkCPI5dmD0cEK0LcgT3S-HPHU/edit?usp=drivesdk&ouid=115564273494382878883&rtpof=true&sd=true
0105,DOCUMENTO,0105.docx,https://docs.google.com/document/d/1lKV2XliXGGDwd-Kg-uT0qv9V1Z44wN1b/edit?usp=drivesdk&ouid=115564273494382878883&rtpof=true&sd=true
0104,DOCUMENTO,0104.docx,https://docs.google.com/document/d/1EhiZeatAB0IY_NNQ4q9lp9HDHMYCS-Uh/edit?usp=drivesdk&ouid=115564273494382878883&rtpof=true&sd=true
0103,DOCUMENTO,0103.docx,https://docs.google.com/document/d/1jc6xdyjJZ2KbXOb6DCuMpGqdSyVHgWm_/edit?usp=drivesdk&ouid=115564273494382878883&rtpof=true&sd=true
0102,DOCUMENTO,0102.docx,https://docs.google.com/document/d/1OsO82pdAbAfjzVRX6r-u140_Qtpzcdnh/edit?usp=drivesdk&ouid=115564273494382878883&rtpof=true&sd=true
0102,IMAGEN_GEO,0102_VALLE_DE_CHICALOTE_GEO.png,https://drive.google.com/file/d/17zTCKIDna6XiPvIfRJpgsSDF_rFtIUXy/view?usp=drivesdk
0101,DOCUMENTO,0101.docx,https://docs.google.com/document/d/1mJbbVDaHLjiUFmi97DmQ9CzBCrjyw6gT/edit?usp=drivesdk&ouid=115564273494382878883&rtpof=true&sd=true