{
"type": "FeatureCollection",
"name": "0607",
"crs": { "type": "name", "properties": { "name": "urn:ogc:def:crs:OGC:1.3:CRS84" } },
"features": [
{ "type": "Feature", "properties": { "fid": 1.0, "cat": 1, "CLAVE_ACUI": "0607", "NOM_ACUIF": "EL COLOMO", "VULNERABIL": 1 }, "geometry": { "type": "MultiPolygon", "coordinates": [ [ [ [ -104.162777644968173, 19.105383395075034 ], [ -104.163326867666839, 19.105338446849572 ], [ -104.163794150072562, 19.105282958651408 ], [ -104.165425576553247, 19.105068954076803 ], [ -104.165893061460409, 19.10497279570172 ], [ -104.166443232490352, 19.104738069031953 ], [ -104.166761705845417, 19.104498904117332 ], [ -104.167697738696035, 19.103617525721646 ], [ -104.168091068810568, 19.103378696482253 ], [ -104.168990581085964, 19.103145538865789 ], [ -104.169882268742811, 19.103051282847861 ], [ -104.17314396349758, 19.102844546508297 ], [ -104.174099965456932, 19.102720059187838 ], [ -104.17529961354515, 19.102345885088958 ], [ -104.176057392512561, 19.101935839463341 ], [ -104.178394023512041, 19.100396453046582 ], [ -104.17908747079035, 19.100016606866799 ], [ -104.179986951520576, 19.099783394187739 ], [ -104.180578479691789, 19.099830080125983 ], [ -104.182439471754577, 19.100281152041756 ], [ -104.183019959348258, 19.100398946510673 ], [ -104.183867903530739, 19.100497590971639 ], [ -104.184498764234036, 19.100520716860355 ], [ -104.186594836696855, 19.100529981081653 ], [ -104.187156508186717, 19.100486710359863 ], [ -104.187681567829216, 19.100275529642115 ], [ -104.187869981227394, 19.100017114901448 ], [ -104.188224182186616, 19.099022360531386 ], [ -104.188305874815896, 19.098717725945832 ], [ -104.188332908716831, 19.098290852805729 ], [ -104.188324921694218, 19.097949350009817 ], [ -104.188244011947575, 19.097447974858724 ], [ -104.18806179960626, 19.096988348941291 ], [ -104.187824872932381, 19.096772842710823 ], [ -104.18810978505897, 19.096545836789325 ], [ -104.1884396569925, 19.096258026382603 ], [ -104.188915241936257, 19.095955125345281 ], [ -104.190783208317129, 19.094967020128397 ], [ -104.191258908849122, 19.094638697018294 ], [ -104.191610890000121, 19.094094639303798 ], [ -104.19163802109253, 19.093645738193924 ], [ -104.19141265532906, 19.092094924311137 ], [ -104.191391615453497, 19.091655978348786 ], [ -104.191518792436312, 19.091158377884476 ], [ -104.191721513091153, 19.090886465839738 ], [ -104.192540361722592, 19.090115141096994 ], [ -104.192871008426167, 19.089925119896932 ], [ -104.193595181807709, 19.089809679705777 ], [ -104.194299069407947, 19.089834784599031 ], [ -104.19685971058054, 19.090067361257944 ], [ -104.19757927349761, 19.090168770767058 ], [ -104.19837658887019, 19.090409457889034 ], [ -104.198796048133374, 19.090651888708909 ], [ -104.199956215444686, 19.091542543248035 ], [ -104.200300823866584, 19.091784645919407 ], [ -104.200748822392299, 19.092023807422905 ], [ -104.201044211316869, 19.092123364171936 ], [ -104.201974695276746, 19.092348798666187 ], [ -104.202243326811256, 19.092453320952441 ], [ -104.20256645566397, 19.092715659602437 ], [ -104.202759437002769, 19.092985906980555 ], [ -104.203336891213965, 19.093984722076573 ], [ -104.203551068590272, 19.094295726346335 ], [ -104.203973106083581, 19.094748264970733 ], [ -104.204361840079812, 19.095083743986606 ], [ -104.205753904559316, 19.096196768593817 ], [ -104.206137032048048, 19.096588135723191 ], [ -104.2065328864783, 19.097301496637481 ], [ -104.206715264886284, 19.097929217017327 ], [ -104.207170514358694, 19.100145217613228 ], [ -104.207347574919623, 19.100767831214718 ], [ -104.207718603207951, 19.101457361079422 ], [ -104.20807158330912, 19.101819789741281 ], [ -104.209347803075076, 19.10282158894983 ], [ -104.209631383778998, 19.103013485838542 ], [ -104.209557264069531, 19.103004355335841 ], [ -104.209024427674933, 19.102980041306228 ], [ -104.208400019961289, 19.103095969157003 ], [ -104.208040844471356, 19.103285895083989 ], [ -104.206989094523536, 19.104056285631916 ], [ -104.206704486574552, 19.104307528809802 ], [ -104.206428071123298, 19.104709610033186 ], [ -104.206317800201589, 19.105032768930258 ], [ -104.206079616749221, 19.106138762515357 ], [ -104.206060079207319, 19.106497894919755 ], [ -104.206207090124863, 19.107067852821128 ], [ -104.206436644396248, 19.107522945782577 ], [ -104.207360896421903, 19.109076752508507 ], [ -104.207611580038417, 19.109587850803937 ], [ -104.207857176043248, 19.11041917186321 ], [ -104.207957343195559, 19.111095675284702 ], [ -104.208179195490217, 19.113421370003113 ], [ -104.208295194594129, 19.114020400383865 ], [ -104.208502125673974, 19.114691678124377 ], [ -104.208675712549223, 19.115172514922286 ], [ -104.204260089707873, 19.115423911477702 ], [ -104.192638596527757, 19.116081769402616 ], [ -104.189112032002413, 19.124544985505459 ], [ -104.173119144609302, 19.117076392130109 ], [ -104.173021193810143, 19.116517572311967 ], [ -104.173007010628197, 19.115913249625102 ], [ -104.173064764813816, 19.115090531464283 ], [ -104.173119827071403, 19.114401146117387 ], [ -104.173121728050305, 19.114018601784661 ], [ -104.17312570197312, 19.113218894545543 ], [ -104.173659705221141, 19.113316298474132 ], [ -104.173660580003499, 19.11331547475962 ], [ -104.173909273162906, 19.113356068855101 ], [ -104.174051710378578, 19.113387800437636 ], [ -104.174680922660968, 19.113532154630786 ], [ -104.17541491025969, 19.11369734366998 ], [ -104.175987562490803, 19.113826223057064 ], [ -104.176348123861061, 19.113907369913534 ], [ -104.176927851602585, 19.114001422162907 ], [ -104.177394144858113, 19.114040588705951 ], [ -104.179920927747261, 19.114030257817191 ], [ -104.180595303180809, 19.11391465101266 ], [ -104.18173300750783, 19.113222177966726 ], [ -104.181967424063345, 19.113038528775697 ], [ -104.182243445540806, 19.112731372151202 ], [ -104.182459628259977, 19.11250647245221 ], [ -104.182635082886677, 19.11226039294398 ], [ -104.182602878303157, 19.112062795235168 ], [ -104.182873520725437, 19.111592701662349 ], [ -104.182990638724661, 19.111337365396452 ], [ -104.183038597184421, 19.111187378304688 ], [ -104.18306701698981, 19.111029321652399 ], [ -104.18305901112268, 19.110844595504602 ], [ -104.183025353776387, 19.110680653296534 ], [ -104.182992556609406, 19.110633554647283 ], [ -104.182948776533351, 19.110570683898498 ], [ -104.182897996322112, 19.110514920558291 ], [ -104.182812266147408, 19.110448319394589 ], [ -104.182741747630573, 19.110404747327063 ], [ -104.182626608173663, 19.11034888535367 ], [ -104.182482508475189, 19.110310966582251 ], [ -104.182251684173806, 19.110281318972191 ], [ -104.181970873783712, 19.110281740592377 ], [ -104.179757680215459, 19.110382599551048 ], [ -104.179085644454986, 19.110388077669189 ], [ -104.17816267272822, 19.110312796688618 ], [ -104.177516178225858, 19.110199774496191 ], [ -104.175422182466463, 19.109747607152418 ], [ -104.17484513303053, 19.109650136230947 ], [ -104.174028292135063, 19.109741361973004 ], [ -104.172745643976015, 19.110425794014738 ], [ -104.172352947225519, 19.110176646598873 ], [ -104.171115669063468, 19.109808662089982 ], [ -104.170700140457356, 19.109751403226852 ], [ -104.17049643437305, 19.109754944441349 ], [ -104.170324658456948, 19.109811829713049 ], [ -104.170142249688112, 19.109893767371517 ], [ -104.169944647925774, 19.110017254254124 ], [ -104.169765219045146, 19.110202592940247 ], [ -104.169636402620171, 19.110382903627421 ], [ -104.169548223327112, 19.110531561700789 ], [ -104.169482575056833, 19.110708150442672 ], [ -104.169445017527437, 19.110927387407862 ], [ -104.169367177811537, 19.111468190161965 ], [ -104.169349663101002, 19.111748620306553 ], [ -104.169265320625954, 19.112272716831274 ], [ -104.16917567373568, 19.11264251025365 ], [ -104.168992632013854, 19.113175718747677 ], [ -104.168737965270438, 19.113685052234512 ], [ -104.16839042201677, 19.114254895164056 ], [ -104.168141158436129, 19.114744388825738 ], [ -104.156667384781329, 19.10938181918948 ], [ -104.135537414623798, 19.14058552525465 ], [ -104.093025602128478, 19.140799819975825 ], [ -104.084600225837164, 19.138438008617744 ], [ -104.069003615194958, 19.13363126491679 ], [ -104.06268683312048, 19.110464371289186 ], [ -104.068713525141376, 19.098723865993581 ], [ -104.131875188011605, 19.075283137719957 ], [ -104.131228696045653, 19.062245759100509 ], [ -104.132329165219161, 19.062169033570324 ], [ -104.132923253876712, 19.062237549534888 ], [ -104.13410123130069, 19.06222105221579 ], [ -104.138526343250419, 19.062020356255029 ], [ -104.139891502609927, 19.061989445761046 ], [ -104.141837139345768, 19.062045945030967 ], [ -104.143251463100725, 19.062157568216854 ], [ -104.147906021331565, 19.062621918866913 ], [ -104.149175862265352, 19.062763329181603 ], [ -104.149766536376177, 19.062848757942501 ], [ -104.150447294605698, 19.062972693413677 ], [ -104.150993582805469, 19.063097025366275 ], [ -104.151493743927944, 19.063241203373241 ], [ -104.151914540929738, 19.063388929980256 ], [ -104.15227196781278, 19.063545706450405 ], [ -104.152422631432088, 19.063621672899668 ], [ -104.152595090943763, 19.063729073811285 ], [ -104.152764042873358, 19.063849875314563 ], [ -104.15290236935239, 19.063945516085465 ], [ -104.153039650643763, 19.064058922369636 ], [ -104.153170963183328, 19.064184266157405 ], [ -104.153303869980462, 19.064343694872104 ], [ -104.153380615590095, 19.064527966781807 ], [ -104.153422520777767, 19.064679821526358 ], [ -104.15343586193012, 19.064798264149857 ], [ -104.153436465067159, 19.06495616424959 ], [ -104.153410527784047, 19.065098116844624 ], [ -104.153362569250064, 19.065323094329766 ], [ -104.153329338327083, 19.065475711532308 ], [ -104.153277184706951, 19.065714071477601 ], [ -104.153210522992978, 19.066039726710336 ], [ -104.153149771589852, 19.06656909435684 ], [ -104.153089141543973, 19.067438728075533 ], [ -104.153054089123941, 19.067988938116329 ], [ -104.153004868729965, 19.068565023291011 ], [ -104.152936935839847, 19.069431547733171 ], [ -104.152902428526204, 19.070637596646325 ], [ -104.15289612125224, 19.071879549986814 ], [ -104.152890135659902, 19.073058161607094 ], [ -104.152882554984103, 19.074550858085463 ], [ -104.15291563094641, 19.075539195871961 ], [ -104.152982079924399, 19.076296395940314 ], [ -104.15312946222528, 19.077135179147522 ], [ -104.153260495625574, 19.077683854849425 ], [ -104.153329215448181, 19.078011485151301 ], [ -104.153038663734918, 19.078361421977956 ], [ -104.152828800353149, 19.07871875001317 ], [ -104.152643021113704, 19.079253427185307 ], [ -104.152602774042876, 19.079408277152819 ], [ -104.152436880139476, 19.079246722503843 ], [ -104.152064721868626, 19.079046501682754 ], [ -104.151705974946211, 19.078982127820176 ], [ -104.151113238105609, 19.078987472616593 ], [ -104.150122771894516, 19.079179069462946 ], [ -104.149399670676843, 19.07942737185401 ], [ -104.148371683962665, 19.079780367469105 ], [ -104.147543641269692, 19.080064705229212 ], [ -104.146977322130326, 19.080323700035741 ], [ -104.146665686917856, 19.080492740582557 ], [ -104.146430609631508, 19.080702116284616 ], [ -104.146256206515318, 19.080884558166446 ], [ -104.146036978395031, 19.081195726905516 ], [ -104.145943010006164, 19.081418105872224 ], [ -104.145901610752119, 19.081761912532134 ], [ -104.145935970575181, 19.082016599980687 ], [ -104.146022685052742, 19.082555766612497 ], [ -104.146237314142368, 19.083890270914409 ], [ -104.146389560865089, 19.084438267528189 ], [ -104.146616893411846, 19.084714789419539 ], [ -104.14684223284462, 19.084832785569152 ], [ -104.147144896155282, 19.084941443987162 ], [ -104.14744289631264, 19.084990431545741 ], [ -104.147745600834213, 19.084991830462034 ], [ -104.148537862427304, 19.084995491813523 ], [ -104.148938699803608, 19.085027841531314 ], [ -104.149090843664368, 19.085074292549166 ], [ -104.149406568910393, 19.085196051822791 ], [ -104.149687100954807, 19.085404062823514 ], [ -104.150010840703658, 19.08580095051553 ], [ -104.150287493849945, 19.08631086848494 ], [ -104.150355701918699, 19.086840839717794 ], [ -104.15022160657, 19.087485120504123 ], [ -104.149942840345389, 19.088143396595395 ], [ -104.149478965521936, 19.088987752015736 ], [ -104.148865146599505, 19.090105039068337 ], [ -104.148062274997514, 19.091566444073958 ], [ -104.147465422667722, 19.092568464411737 ], [ -104.146560717024045, 19.093821522960404 ], [ -104.145865133338276, 19.094609585729092 ], [ -104.143523748625, 19.097034136490866 ], [ -104.142924774960193, 19.097746387977477 ], [ -104.142470987721268, 19.098645696707091 ], [ -104.142421697939753, 19.099218173796842 ], [ -104.142645471679728, 19.10099042541048 ], [ -104.142719661944582, 19.1014668962904 ], [ -104.142842107407702, 19.101918175659399 ], [ -104.142942839089756, 19.102086389581689 ], [ -104.143290475282583, 19.102420108190969 ], [ -104.143701655094006, 19.102528766630815 ], [ -104.145272859508736, 19.102702113048824 ], [ -104.147106260211771, 19.102841077694961 ], [ -104.154090954486023, 19.103316081078553 ], [ -104.155983063164769, 19.103480643346703 ], [ -104.157828182759886, 19.103773746085707 ], [ -104.158571957364927, 19.10402791593809 ], [ -104.160197792359313, 19.104920941894395 ], [ -104.160663622097857, 19.105153503529905 ], [ -104.16121164917935, 19.105345772606281 ], [ -104.161528714289489, 19.10538788158528 ], [ -104.1624603237331, 19.105392119180038 ], [ -104.162777644968173, 19.105383395075034 ] ] ] ] } },
{ "type": "Feature", "properties": { "fid": 2.0, "cat": 3, "CLAVE_ACUI": "0607", "NOM_ACUIF": "EL COLOMO", "VULNERABIL": 2 }, "geometry": { "type": "MultiPolygon", "coordinates": [ [ [ [ -104.209810315672939, 19.113568706694092 ], [ -104.209541641287458, 19.11452537147121 ], [ -104.209371300799305, 19.115131900243323 ], [ -104.208675712549223, 19.115172514922286 ], [ -104.208502125673974, 19.114691678124377 ], [ -104.208295194594129, 19.114020400383865 ], [ -104.208179195490217, 19.113421370003113 ], [ -104.207957343195559, 19.111095675284702 ], [ -104.207857176043248, 19.11041917186321 ], [ -104.207611580038417, 19.109587850803937 ], [ -104.207360896421903, 19.109076752508507 ], [ -104.206436644396248, 19.107522945782577 ], [ -104.206207090124863, 19.107067852821128 ], [ -104.206060079207319, 19.106497894919755 ], [ -104.206079616749221, 19.106138762515357 ], [ -104.206317800201589, 19.105032768930258 ], [ -104.206428071123298, 19.104709610033186 ], [ -104.206704486574552, 19.104307528809802 ], [ -104.206989094523536, 19.104056285631916 ], [ -104.208040844471356, 19.103285895083989 ], [ -104.208400019961289, 19.103095969157003 ], [ -104.209024427674933, 19.102980041306228 ], [ -104.209557264069531, 19.103004355335841 ], [ -104.209631383778998, 19.103013485838542 ], [ -104.211419430240767, 19.103233738638117 ], [ -104.211930830970402, 19.10326812061426 ], [ -104.212455197745157, 19.103199196943265 ], [ -104.212692891864862, 19.103066353506989 ], [ -104.213277762192803, 19.102515340826475 ], [ -104.213451816299695, 19.102270392835546 ], [ -104.213679199795294, 19.101678315895171 ], [ -104.213829978701241, 19.101077439675443 ], [ -104.214306222762531, 19.098865426476955 ], [ -104.214499964972177, 19.098224066402643 ], [ -104.214927857083467, 19.097443066532321 ], [ -104.215345388627455, 19.096968711864939 ], [ -104.216865963670145, 19.095536049028187 ], [ -104.217299095930272, 19.095153254665281 ], [ -104.217799819376992, 19.094799551250102 ], [ -104.218082007673488, 19.094677055577932 ], [ -104.218898163003246, 19.094459111158756 ], [ -104.219131655411232, 19.094458406021715 ], [ -104.219405132967893, 19.094673061811921 ], [ -104.219469931262324, 19.094799762990991 ], [ -104.219562323254408, 19.094980418224335 ], [ -104.220022403844268, 19.096200091943707 ], [ -104.220141834161694, 19.096578453911526 ], [ -104.220239091491464, 19.097124469987808 ], [ -104.220258599828895, 19.097526131034972 ], [ -104.220252380748207, 19.09885453309829 ], [ -104.220218584475617, 19.099220385639814 ], [ -104.220067087494172, 19.099599295454407 ], [ -104.219884459333088, 19.099774742501626 ], [ -104.219183689786135, 19.100214583962433 ], [ -104.219011849707101, 19.100369742714474 ], [ -104.218910700878254, 19.100653977094957 ], [ -104.218938042959792, 19.100904867599358 ], [ -104.219166789762966, 19.10179145544803 ], [ -104.219097453373706, 19.102133435050074 ], [ -104.218545132488558, 19.102842751041866 ], [ -104.217825434374021, 19.103514077433246 ], [ -104.215019117492545, 19.105937590954571 ], [ -104.214191892815791, 19.10672535887419 ], [ -104.213137867612545, 19.107978119658863 ], [ -104.212459341592222, 19.108980010991072 ], [ -104.211649800239371, 19.110291663954708 ], [ -104.210924002423283, 19.111458070256134 ], [ -104.210195409830803, 19.112661563130331 ], [ -104.209810315672939, 19.113568706694092 ] ] ] ] } },
{ "type": "Feature", "properties": { "fid": 3.0, "cat": 2, "CLAVE_ACUI": "0607", "NOM_ACUIF": "EL COLOMO", "VULNERABIL": 2 }, "geometry": { "type": "MultiPolygon", "coordinates": [ [ [ [ -104.17312570197312, 19.113218894545543 ], [ -104.173121728050305, 19.114018601784661 ], [ -104.173119827071403, 19.114401146117387 ], [ -104.173064764813816, 19.115090531464283 ], [ -104.173007010628197, 19.115913249625102 ], [ -104.173021193810143, 19.116517572311967 ], [ -104.173119144609302, 19.117076392130109 ], [ -104.172424414478883, 19.116746990683037 ], [ -104.168141158436129, 19.114744388825738 ], [ -104.16839042201677, 19.114254895164056 ], [ -104.168737965270438, 19.113685052234512 ], [ -104.168992632013854, 19.113175718747677 ], [ -104.16917567373568, 19.11264251025365 ], [ -104.169265320625954, 19.112272716831274 ], [ -104.169349663101002, 19.111748620306553 ], [ -104.169367177811537, 19.111468190161965 ], [ -104.169445017527437, 19.110927387407862 ], [ -104.169482575056833, 19.110708150442672 ], [ -104.169548223327112, 19.110531561700789 ], [ -104.169636402620171, 19.110382903627421 ], [ -104.169765219045146, 19.110202592940247 ], [ -104.169944647925774, 19.110017254254124 ], [ -104.170142249688112, 19.109893767371517 ], [ -104.170324658456948, 19.109811829713049 ], [ -104.17049643437305, 19.109754944441349 ], [ -104.170700140457356, 19.109751403226852 ], [ -104.171115669063468, 19.109808662089982 ], [ -104.172352947225519, 19.110176646598873 ], [ -104.172745643976015, 19.110425794014738 ], [ -104.17293698216092, 19.110737483637848 ], [ -104.173066518530362, 19.111138885481708 ], [ -104.173112562942976, 19.11137862706024 ], [ -104.173139919722047, 19.111616879736211 ], [ -104.173132213375467, 19.111908440787129 ], [ -104.173130988474568, 19.112154958497108 ], [ -104.173129484876327, 19.112457565501305 ], [ -104.173128099709174, 19.112736337630267 ], [ -104.17312570197312, 19.113218894545543 ] ] ] ] } },
{ "type": "Feature", "properties": { "fid": 4.0, "cat": 6, "CLAVE_ACUI": "0607", "NOM_ACUIF": "EL COLOMO", "VULNERABIL": 3 }, "geometry": { "type": "MultiPolygon", "coordinates": [ [ [ [ -104.17484513303053, 19.109650136230947 ], [ -104.175422182466463, 19.109747607152418 ], [ -104.177516178225858, 19.110199774496191 ], [ -104.17816267272822, 19.110312796688618 ], [ -104.179085644454986, 19.110388077669189 ], [ -104.179757680215459, 19.110382599551048 ], [ -104.181970873783712, 19.110281740592377 ], [ -104.182251684173806, 19.110281318972191 ], [ -104.182482508475189, 19.110310966582251 ], [ -104.182626608173663, 19.11034888535367 ], [ -104.182741747630573, 19.110404747327063 ], [ -104.182812266147408, 19.110448319394589 ], [ -104.182897996322112, 19.110514920558291 ], [ -104.182948776533351, 19.110570683898498 ], [ -104.183025353776387, 19.110680653296534 ], [ -104.18305901112268, 19.110844595504602 ], [ -104.18306701698981, 19.111029321652399 ], [ -104.183038597184421, 19.111187378304688 ], [ -104.182990638724661, 19.111337365396452 ], [ -104.182873520725437, 19.111592701662349 ], [ -104.182602878303157, 19.112062795235168 ], [ -104.182419218777625, 19.111664109993999 ], [ -104.182222330808187, 19.111522373493642 ], [ -104.182220279005037, 19.111520896431028 ], [ -104.181852769381848, 19.111583651854843 ], [ -104.180336659492525, 19.112019716412082 ], [ -104.179893832484524, 19.112173630701378 ], [ -104.179343419774682, 19.112455839555253 ], [ -104.178999942710078, 19.112705081122073 ], [ -104.177947456820647, 19.1135859966693 ], [ -104.177774158098018, 19.113726087403084 ], [ -104.177539334587465, 19.113890901419808 ], [ -104.177394144858113, 19.114040588705951 ], [ -104.176927851602585, 19.114001422162907 ], [ -104.176348123861061, 19.113907369913534 ], [ -104.175987562490803, 19.113826223057064 ], [ -104.17541491025969, 19.11369734366998 ], [ -104.174680922660968, 19.113532154630786 ], [ -104.174051710378578, 19.113387800437636 ], [ -104.173909273162906, 19.113356068855101 ], [ -104.173660580003499, 19.11331547475962 ], [ -104.173659705221141, 19.113316298474132 ], [ -104.17312570197312, 19.113218894545543 ], [ -104.173128099709174, 19.112736337630267 ], [ -104.173129484876327, 19.112457565501305 ], [ -104.173130988474568, 19.112154958497108 ], [ -104.173132213375467, 19.111908440787129 ], [ -104.173139919722047, 19.111616879736211 ], [ -104.173112562942976, 19.11137862706024 ], [ -104.173066518530362, 19.111138885481708 ], [ -104.17293698216092, 19.110737483637848 ], [ -104.172745643976015, 19.110425794014738 ], [ -104.174028292135063, 19.109741361973004 ], [ -104.17484513303053, 19.109650136230947 ] ] ] ] } },
{ "type": "Feature", "properties": { "fid": 5.0, "cat": 5, "CLAVE_ACUI": "0607", "NOM_ACUIF": "EL COLOMO", "VULNERABIL": 2 }, "geometry": { "type": "MultiPolygon", "coordinates": [ [ [ [ -104.180595303180809, 19.11391465101266 ], [ -104.179920927747261, 19.114030257817191 ], [ -104.177394144858113, 19.114040588705951 ], [ -104.177539334587465, 19.113890901419808 ], [ -104.177774158098018, 19.113726087403084 ], [ -104.177947456820647, 19.1135859966693 ], [ -104.178999942710078, 19.112705081122073 ], [ -104.179343419774682, 19.112455839555253 ], [ -104.179893832484524, 19.112173630701378 ], [ -104.180336659492525, 19.112019716412082 ], [ -104.181852769381848, 19.111583651854843 ], [ -104.182220279005037, 19.111520896431028 ], [ -104.182222330808187, 19.111522373493642 ], [ -104.182419218777625, 19.111664109993999 ], [ -104.182602878303157, 19.112062795235168 ], [ -104.182635082886677, 19.11226039294398 ], [ -104.182459628259977, 19.11250647245221 ], [ -104.182243445540806, 19.112731372151202 ], [ -104.181967424063345, 19.113038528775697 ], [ -104.18173300750783, 19.113222177966726 ], [ -104.180595303180809, 19.11391465101266 ] ] ] ] } },
{ "type": "Feature", "properties": { "fid": 6.0, "cat": 4, "CLAVE_ACUI": "0607", "NOM_ACUIF": "EL COLOMO", "VULNERABIL": 1 }, "geometry": { "type": "MultiPolygon", "coordinates": [ [ [ [ -104.245164696212029, 19.086626171463063 ], [ -104.246555015781723, 19.086201471216395 ], [ -104.248513099268848, 19.085706892083842 ], [ -104.250302405006096, 19.085304897238732 ], [ -104.2523547666094, 19.085069239799935 ], [ -104.254177873544947, 19.085069125478711 ], [ -104.252687329183331, 19.086221144104922 ], [ -104.246403226894586, 19.091078029328941 ], [ -104.234236662523244, 19.100481378289079 ], [ -104.215752735056768, 19.114767319234776 ], [ -104.209371300799305, 19.115131900243323 ], [ -104.209541641287458, 19.11452537147121 ], [ -104.209810315672939, 19.113568706694092 ], [ -104.210195409830803, 19.112661563130331 ], [ -104.210924002423283, 19.111458070256134 ], [ -104.211649800239371, 19.110291663954708 ], [ -104.212459341592222, 19.108980010991072 ], [ -104.213137867612545, 19.107978119658863 ], [ -104.214191892815791, 19.10672535887419 ], [ -104.215019117492545, 19.105937590954571 ], [ -104.217825434374021, 19.103514077433246 ], [ -104.218545132488558, 19.102842751041866 ], [ -104.219097453373706, 19.102133435050074 ], [ -104.219166789762966, 19.10179145544803 ], [ -104.218938042959792, 19.100904867599358 ], [ -104.218910700878254, 19.100653977094957 ], [ -104.219011849707101, 19.100369742714474 ], [ -104.219183689786135, 19.100214583962433 ], [ -104.219884459333088, 19.099774742501626 ], [ -104.220067087494172, 19.099599295454407 ], [ -104.220218584475617, 19.099220385639814 ], [ -104.220252380748207, 19.09885453309829 ], [ -104.220258599828895, 19.097526131034972 ], [ -104.220239091491464, 19.097124469987808 ], [ -104.220141834161694, 19.096578453911526 ], [ -104.220022403844268, 19.096200091943707 ], [ -104.219562323254408, 19.094980418224335 ], [ -104.219469931262324, 19.094799762990991 ], [ -104.219405132967893, 19.094673061811921 ], [ -104.219131655411232, 19.094458406021715 ], [ -104.218898163003246, 19.094459111158756 ], [ -104.219100431370961, 19.094275275924144 ], [ -104.219160440498513, 19.093974700337508 ], [ -104.219208448113392, 19.092904944120704 ], [ -104.218988532632764, 19.090136452100722 ], [ -104.21891006634965, 19.089385489388963 ], [ -104.218763803205988, 19.08864948917747 ], [ -104.21863332203678, 19.088349023001591 ], [ -104.218413046741276, 19.08803184475039 ], [ -104.218029024657056, 19.08748399872492 ], [ -104.217830637422068, 19.087222215796853 ], [ -104.217688876955961, 19.087047088609175 ], [ -104.217225716834506, 19.086491610788677 ], [ -104.217030638678736, 19.086274056994394 ], [ -104.216933552696418, 19.0861406409762 ], [ -104.21685491807493, 19.086000582194924 ], [ -104.216797857358586, 19.085859228744379 ], [ -104.216734214064616, 19.085679605939763 ], [ -104.216636394598183, 19.085448443221122 ], [ -104.216540692829184, 19.085241236081444 ], [ -104.216283667162116, 19.084684741109026 ], [ -104.216164125689048, 19.084333487033323 ], [ -104.216067018498265, 19.083683082491483 ], [ -104.216048600947786, 19.083128259635156 ], [ -104.216057971373857, 19.081135655075396 ], [ -104.215964602253834, 19.080525264935453 ], [ -104.215564256926868, 19.079755423041028 ], [ -104.215519512672387, 19.079669381838364 ], [ -104.215119171340362, 19.078899539053545 ], [ -104.214626158224036, 19.07838233515557 ], [ -104.212770534401869, 19.076824590808506 ], [ -104.212293261708965, 19.07637353073801 ], [ -104.211921593257699, 19.075826338411726 ], [ -104.211867908983038, 19.075495696132197 ], [ -104.211989048341977, 19.074499891430726 ], [ -104.212052821900556, 19.074389307302752 ], [ -104.212510155199595, 19.074221406617156 ], [ -104.213207286001591, 19.074154909463243 ], [ -104.215885716390019, 19.074055609894355 ], [ -104.216630556581322, 19.074075718273832 ], [ -104.217428049289595, 19.074268878585002 ], [ -104.217822485186502, 19.07452471537303 ], [ -104.218865699734863, 19.075525458751351 ], [ -104.219147319590078, 19.075897730616934 ], [ -104.219418324814526, 19.076634259097577 ], [ -104.219523854865102, 19.077314171048531 ], [ -104.219745324911216, 19.079750564822621 ], [ -104.219850857776848, 19.080430476476579 ], [ -104.220121872735902, 19.081167003937324 ], [ -104.220403504512518, 19.081539274097231 ], [ -104.22144677739837, 19.082540004227805 ], [ -104.221835821097045, 19.082811060090133 ], [ -104.221848550609039, 19.0828154150392 ], [ -104.22260807941835, 19.083075258781349 ], [ -104.223322261669338, 19.083181627961331 ], [ -104.225882857469472, 19.083413799242471 ], [ -104.226597090919128, 19.083509989479225 ], [ -104.228210110797946, 19.084337197035673 ], [ -104.229166391622897, 19.085227096205035 ], [ -104.229582217264579, 19.086623854439761 ], [ -104.230034679384559, 19.089504014150311 ], [ -104.23020032444559, 19.090299392846013 ], [ -104.230520866114759, 19.091131000948824 ], [ -104.230526997671575, 19.091139238001855 ], [ -104.230531465977691, 19.091151378332203 ], [ -104.230813137655659, 19.091523633598619 ], [ -104.23185653559689, 19.092524308123853 ], [ -104.232396036579104, 19.092643470934977 ], [ -104.233870297744602, 19.092198885572095 ], [ -104.235436871695768, 19.091444590338916 ], [ -104.24127316559084, 19.088369021202457 ], [ -104.242989820345116, 19.087518694118312 ], [ -104.245164696212029, 19.086626171463063 ] ] ] ] } },
{ "type": "Feature", "properties": { "fid": 13.0, "cat": 11, "CLAVE_ACUI": "0607", "NOM_ACUIF": "EL COLOMO", "VULNERABIL": 2 }, "geometry": { "type": "MultiPolygon", "coordinates": [ [ [ [ -104.153210522992978, 19.066039726710336 ], [ -104.153277184706951, 19.065714071477601 ], [ -104.153329338327083, 19.065475711532308 ], [ -104.153362569250064, 19.065323094329766 ], [ -104.153410527784047, 19.065098116844624 ], [ -104.153436465067159, 19.06495616424959 ], [ -104.15343586193012, 19.064798264149857 ], [ -104.153422520777767, 19.064679821526358 ], [ -104.153380615590095, 19.064527966781807 ], [ -104.153303869980462, 19.064343694872104 ], [ -104.153170963183328, 19.064184266157405 ], [ -104.153039650643763, 19.064058922369636 ], [ -104.15290236935239, 19.063945516085465 ], [ -104.152764042873358, 19.063849875314563 ], [ -104.152595090943763, 19.063729073811285 ], [ -104.152422631432088, 19.063621672899668 ], [ -104.15227196781278, 19.063545706450405 ], [ -104.151914540929738, 19.063388929980256 ], [ -104.151493743927944, 19.063241203373241 ], [ -104.150993582805469, 19.063097025366275 ], [ -104.150447294605698, 19.062972693413677 ], [ -104.149766536376177, 19.062848757942501 ], [ -104.149175862265352, 19.062763329181603 ], [ -104.147906021331565, 19.062621918866913 ], [ -104.143251463100725, 19.062157568216854 ], [ -104.141837139345768, 19.062045945030967 ], [ -104.139891502609927, 19.061989445761046 ], [ -104.138526343250419, 19.062020356255029 ], [ -104.13410123130069, 19.06222105221579 ], [ -104.132923253876712, 19.062237549534888 ], [ -104.132329165219161, 19.062169033570324 ], [ -104.131228696045653, 19.062245759100509 ], [ -104.130806380464165, 19.053729198303405 ], [ -104.151256399002136, 19.050767259791968 ], [ -104.151343096809626, 19.051477218263575 ], [ -104.151522046946866, 19.05240834428831 ], [ -104.151771367646049, 19.053465592621784 ], [ -104.15192427379472, 19.05423921251667 ], [ -104.152022752026042, 19.05481671078957 ], [ -104.152149580288295, 19.055507404306269 ], [ -104.152359788367434, 19.056626202067175 ], [ -104.152511658440332, 19.057519232367184 ], [ -104.152612192519925, 19.058733365318787 ], [ -104.152675069824156, 19.059601296762441 ], [ -104.152711311276974, 19.060197914854125 ], [ -104.152743940123401, 19.060837035091538 ], [ -104.152770423952688, 19.06135482440466 ], [ -104.15280870327247, 19.062000195862467 ], [ -104.152854686717561, 19.06256490966021 ], [ -104.152892767745328, 19.062856468023817 ], [ -104.15294781834838, 19.063075070714138 ], [ -104.153011268658872, 19.063224667524828 ], [ -104.153146089838515, 19.063432556002525 ], [ -104.153235159776827, 19.063522309288796 ], [ -104.153331053088962, 19.063616852216434 ], [ -104.153417003605441, 19.063695101073701 ], [ -104.153505213284035, 19.063775406659211 ], [ -104.153796231383552, 19.063949122206491 ], [ -104.154199453727216, 19.064076455578171 ], [ -104.154836120585628, 19.06415073337832 ], [ -104.155151344376065, 19.064122713485837 ], [ -104.155394504753474, 19.064069151490106 ], [ -104.155642565272942, 19.063949122206491 ], [ -104.155941002862818, 19.063715677691739 ], [ -104.156135982088202, 19.063560490145001 ], [ -104.156342898817201, 19.063376122033919 ], [ -104.156798243209209, 19.062978849427676 ], [ -104.157234232418972, 19.062527232889373 ], [ -104.158238538630158, 19.061534014201257 ], [ -104.159197846939634, 19.060455154732516 ], [ -104.159663903741119, 19.059981502406316 ], [ -104.160396170260597, 19.059288640034353 ], [ -104.161673109319466, 19.058369294433319 ], [ -104.162747413097705, 19.057701488028165 ], [ -104.166483841561686, 19.055504360949598 ], [ -104.166925125804497, 19.055264455671491 ], [ -104.167019320616234, 19.055204606966488 ], [ -104.167080392672233, 19.055180044027839 ], [ -104.167525527617116, 19.054938042866063 ], [ -104.168650355798633, 19.05449239643583 ], [ -104.169215572670666, 19.054422080530724 ], [ -104.170728428336446, 19.054539582902468 ], [ -104.171094973292696, 19.05464628249921 ], [ -104.171292659679665, 19.055026718944198 ], [ -104.171208523011941, 19.055463500523881 ], [ -104.170618190817549, 19.057121376639667 ], [ -104.170357616929053, 19.057562448191156 ], [ -104.169731943343962, 19.057962906209752 ], [ -104.16909869825318, 19.058093916035787 ], [ -104.166769227041996, 19.058304820576826 ], [ -104.166120220829228, 19.058379833277783 ], [ -104.165420998569573, 19.058519004367273 ], [ -104.165071115834692, 19.058642808886237 ], [ -104.164137549752553, 19.059081390861426 ], [ -104.163814062769433, 19.059271394509608 ], [ -104.163238023955685, 19.059719498043599 ], [ -104.162738596675197, 19.060169641555241 ], [ -104.160983955608032, 19.061822197801565 ], [ -104.160505771564189, 19.062297847468482 ], [ -104.160028906209646, 19.06286499994183 ], [ -104.159825855646815, 19.063199569030328 ], [ -104.159355150166093, 19.064193738890665 ], [ -104.159264566030799, 19.064488153601051 ], [ -104.159260592567051, 19.064683630999742 ], [ -104.159312549186794, 19.064867919968286 ], [ -104.159471681371016, 19.065116028588921 ], [ -104.160166318873792, 19.065894100986316 ], [ -104.160357401289886, 19.066167770432994 ], [ -104.160554478502277, 19.066666823480453 ], [ -104.160644934801937, 19.067106087073633 ], [ -104.160869988482858, 19.068656930685098 ], [ -104.160955100396421, 19.069096169794424 ], [ -104.161127234058512, 19.069595108829237 ], [ -104.161288027472921, 19.069868639697177 ], [ -104.161866265715162, 19.070646177120913 ], [ -104.162059393512038, 19.070869021945363 ], [ -104.162382415714688, 19.071131427726286 ], [ -104.16265074819691, 19.071283448144715 ], [ -104.163579946738508, 19.07173046856709 ], [ -104.163950087964139, 19.071837199585506 ], [ -104.164748212411851, 19.071888257903282 ], [ -104.165518248391109, 19.071854465212347 ], [ -104.168313621619063, 19.071645683861313 ], [ -104.16911036192441, 19.071617079709529 ], [ -104.170033113922415, 19.071692398128857 ], [ -104.170554591639927, 19.071828601729909 ], [ -104.172065408134216, 19.072388895596951 ], [ -104.172388903678552, 19.072559788257738 ], [ -104.172387726614105, 19.072797000774464 ], [ -104.172062548428542, 19.072964983090312 ], [ -104.170546221535687, 19.073511680232198 ], [ -104.170044740725359, 19.073653449964933 ], [ -104.169220829007031, 19.073768350466118 ], [ -104.168545293691722, 19.073790723385372 ], [ -104.166216708797563, 19.073780214253414 ], [ -104.165492930170274, 19.073827774087622 ], [ -104.164639709083062, 19.074014396999058 ], [ -104.164524825865215, 19.074042305704182 ], [ -104.164033133792415, 19.074231212302681 ], [ -104.162165813813616, 19.075108352476388 ], [ -104.16159433477462, 19.075346362167377 ], [ -104.160794762858799, 19.075579943713009 ], [ -104.1607070318354, 19.075594650312642 ], [ -104.160348448195663, 19.075734927964643 ], [ -104.159398937320404, 19.076015264206742 ], [ -104.158796040379585, 19.076120957999176 ], [ -104.156932031610509, 19.07633385094654 ], [ -104.156085985662614, 19.076523609811801 ], [ -104.155286757154855, 19.076844951481917 ], [ -104.15517196002051, 19.076901896628819 ], [ -104.153653861544711, 19.077780546878785 ], [ -104.153329215448181, 19.078011485151301 ], [ -104.153260495625574, 19.077683854849425 ], [ -104.15312946222528, 19.077135179147522 ], [ -104.152982079924399, 19.076296395940314 ], [ -104.15291563094641, 19.075539195871961 ], [ -104.152882554984103, 19.074550858085463 ], [ -104.152890135659902, 19.073058161607094 ], [ -104.15289612125224, 19.071879549986814 ], [ -104.152902428526204, 19.070637596646325 ], [ -104.152936935839847, 19.069431547733171 ], [ -104.153004868729965, 19.068565023291011 ], [ -104.153054089123941, 19.067988938116329 ], [ -104.153089141543973, 19.067438728075533 ], [ -104.153149771589852, 19.06656909435684 ], [ -104.153210522992978, 19.066039726710336 ] ], [ [ -104.156798890992647, 19.065772563356692 ], [ -104.157847259883738, 19.065666648844651 ], [ -104.158136190060461, 19.065618829186857 ], [ -104.158244412573595, 19.065589575608449 ], [ -104.158389154804652, 19.065525225003132 ], [ -104.158474065109161, 19.065469098448979 ], [ -104.158575764104413, 19.065381922092154 ], [ -104.158686846300512, 19.065274164380661 ], [ -104.158787102678374, 19.065166913371858 ], [ -104.158875141767382, 19.065049403570828 ], [ -104.158927265460719, 19.064940718599907 ], [ -104.158949751164826, 19.064882651567491 ], [ -104.158954678419335, 19.064805290750638 ], [ -104.158926622251641, 19.064745743323137 ], [ -104.158876633955316, 19.064683444476259 ], [ -104.158809485497585, 19.064644274542573 ], [ -104.158725922972422, 19.064610700313715 ], [ -104.158417225504479, 19.064495235326881 ], [ -104.15819488276081, 19.064416431264686 ], [ -104.157109593276402, 19.064067315926859 ], [ -104.157038442232277, 19.064044142383572 ], [ -104.156979026830783, 19.064031316892571 ], [ -104.156899194775477, 19.064027213375706 ], [ -104.156799218182854, 19.064035979979916 ], [ -104.156723489644421, 19.064057989752172 ], [ -104.156658206421611, 19.064086714370209 ], [ -104.156461237612248, 19.064198628466436 ], [ -104.15637916727502, 19.064264284736222 ], [ -104.156342737451197, 19.064315761661202 ], [ -104.156319833908753, 19.064368281171689 ], [ -104.1563047089859, 19.064429632828624 ], [ -104.156298866193822, 19.06449828419451 ], [ -104.156257580255073, 19.064983383792921 ], [ -104.156257333165954, 19.065032247941655 ], [ -104.156255932687131, 19.065309202709066 ], [ -104.156302761134299, 19.065563578086238 ], [ -104.156526332218903, 19.065754373782553 ], [ -104.156798890992647, 19.065772563356692 ] ] ] ] } },
{ "type": "Feature", "properties": { "fid": 18.0, "cat": 19, "CLAVE_ACUI": "0607", "NOM_ACUIF": "EL COLOMO", "VULNERABIL": 5 }, "geometry": { "type": "MultiPolygon", "coordinates": [ [ [ [ -104.258295818966786, 19.064223609516983 ], [ -104.256669812307919, 19.063331440538278 ], [ -104.256140209215914, 19.06300736323465 ], [ -104.255294727851862, 19.062387177611082 ], [ -104.254616502549624, 19.061825274678739 ], [ -104.252296962575912, 19.059823232048171 ], [ -104.251661388231696, 19.05929199137368 ], [ -104.251014882940424, 19.05881492635822 ], [ -104.250726875291264, 19.058664646982251 ], [ -104.250029343812841, 19.058440407991316 ], [ -104.249794385058976, 19.058381842457205 ], [ -104.249395441322449, 19.058332776668735 ], [ -104.249060480362388, 19.058321247953593 ], [ -104.247896272999341, 19.058316509131544 ], [ -104.247566497744046, 19.058340582065359 ], [ -104.247191753402618, 19.058457665230062 ], [ -104.246986179364129, 19.058600854257104 ], [ -104.24640157615174, 19.059151985800838 ], [ -104.246227846322114, 19.059346137079309 ], [ -104.246001712078964, 19.059701045863669 ], [ -104.245852392844398, 19.06001390716056 ], [ -104.245381700659905, 19.061119017019237 ], [ -104.245269708588467, 19.061452363565728 ], [ -104.245217774836618, 19.061902871835219 ], [ -104.245255576334984, 19.062213108600634 ], [ -104.245483918803899, 19.063210371751733 ], [ -104.245513263012839, 19.063302109769023 ], [ -104.245541757908512, 19.063358992837923 ], [ -104.245566142423286, 19.063394963495703 ], [ -104.245592582128523, 19.063418885133764 ], [ -104.245649710777286, 19.063467830064269 ], [ -104.24575169249745, 19.063527004642626 ], [ -104.245916783275916, 19.063598926936013 ], [ -104.246061572137862, 19.063662508131912 ], [ -104.246089743014267, 19.063775663775097 ], [ -104.246123432486129, 19.063899332061073 ], [ -104.246169062129937, 19.064004178370254 ], [ -104.246057637657941, 19.063903613062898 ], [ -104.245966042964852, 19.06384900248127 ], [ -104.245883733644405, 19.063811703611393 ], [ -104.245812913005395, 19.063786522939747 ], [ -104.245754682702241, 19.063767165298426 ], [ -104.2456359769118, 19.063737963501026 ], [ -104.245408696339382, 19.063683679895284 ], [ -104.245158360213765, 19.063623889709959 ], [ -104.24510906245871, 19.063612115374141 ], [ -104.243247277427983, 19.063383085438247 ], [ -104.2431565242711, 19.063367194602101 ], [ -104.243076324825054, 19.063350503872357 ], [ -104.242968306807541, 19.063319738391566 ], [ -104.242854698626616, 19.063279165330659 ], [ -104.242768569803829, 19.063247735256208 ], [ -104.242694625743198, 19.063218350930487 ], [ -104.242648185122192, 19.063199896083368 ], [ -104.242576328069433, 19.063164436036828 ], [ -104.24251066696084, 19.063129716266229 ], [ -104.242445033369322, 19.063085243908734 ], [ -104.242380296752572, 19.063036063513717 ], [ -104.242297150773354, 19.062957895989232 ], [ -104.242239972618236, 19.062904141437521 ], [ -104.242179027328959, 19.062839650996406 ], [ -104.242132757844814, 19.062776384558905 ], [ -104.242095623023772, 19.062719156675342 ], [ -104.242033136812637, 19.062620815221916 ], [ -104.241918788839655, 19.062398249592519 ], [ -104.241526233115735, 19.061453274851921 ], [ -104.241227797524189, 19.060734862188728 ], [ -104.24103855724006, 19.06002750393009 ], [ -104.240986004011617, 19.059579584454067 ], [ -104.240576748576558, 19.051395832125053 ], [ -104.240555531043583, 19.050778969146997 ], [ -104.240528818288297, 19.049208114341148 ], [ -104.240609803534966, 19.047856284763473 ], [ -104.240752209009884, 19.047495954548452 ], [ -104.241335782324839, 19.047166242115104 ], [ -104.241573111658596, 19.047090966906165 ], [ -104.242097076558807, 19.047069395301019 ], [ -104.24260826896132, 19.047113853001875 ], [ -104.244469872184055, 19.047342883488621 ], [ -104.245007587001666, 19.047433192969802 ], [ -104.245655317019057, 19.047625616672558 ], [ -104.246042931002378, 19.047810198840583 ], [ -104.24720407104401, 19.048479155670417 ], [ -104.247709336476916, 19.048654047246167 ], [ -104.248906097488771, 19.048801250704209 ], [ -104.2501104903928, 19.048836644265066 ], [ -104.254534231153698, 19.048854551074434 ], [ -104.255926129132092, 19.048799163414635 ], [ -104.258596650981687, 19.048393222808617 ], [ -104.25956568377751, 19.048183455372854 ], [ -104.264810162253397, 19.046875957165327 ], [ -104.266254743471933, 19.046586866921203 ], [ -104.266281069152726, 19.04658613711397 ], [ -104.267247874601125, 19.046559331156125 ], [ -104.267944816120192, 19.046684922537352 ], [ -104.268968573656821, 19.047109700355083 ], [ -104.269638949864458, 19.04753853167168 ], [ -104.270275220696021, 19.047841015465075 ], [ -104.271208716512405, 19.048083819961217 ], [ -104.272048890778777, 19.048171535746039 ], [ -104.272725113236916, 19.04820824204884 ], [ -104.273451597330819, 19.048169088256049 ], [ -104.274496604500996, 19.048041292757159 ], [ -104.275322844605654, 19.048061547889962 ], [ -104.276657994881077, 19.04830473147701 ], [ -104.27755446396047, 19.048531490249779 ], [ -104.278179069084118, 19.048695876359833 ], [ -104.2789291789515, 19.048838661870139 ], [ -104.279838487466805, 19.048849071324398 ], [ -104.280423011834628, 19.048772137586461 ], [ -104.280793487754593, 19.0486156268096 ], [ -104.281000404483621, 19.048313210051802 ], [ -104.281025161595778, 19.047997788581473 ], [ -104.280817346846263, 19.047652908731905 ], [ -104.280478318823569, 19.047340201974848 ], [ -104.280173664607233, 19.04705920033004 ], [ -104.279668596595272, 19.046593344502384 ], [ -104.279317298656125, 19.046242917352536 ], [ -104.279070094151535, 19.045720061768385 ], [ -104.279068241525181, 19.04532355289351 ], [ -104.279306796998696, 19.043996033538214 ], [ -104.27943842562027, 19.043635628701754 ], [ -104.279814138609211, 19.043281258693796 ], [ -104.280219242755209, 19.043135419991987 ], [ -104.281734013415416, 19.042809202225122 ], [ -104.282224204371758, 19.042765356961887 ], [ -104.282996995594459, 19.042886969228352 ], [ -104.283610793692048, 19.043104545720148 ], [ -104.285702406849623, 19.043998278363663 ], [ -104.286294570479924, 19.044276762817464 ], [ -104.286966375601651, 19.044682636856567 ], [ -104.287333932984239, 19.044983973431851 ], [ -104.288377401223286, 19.045984334775401 ], [ -104.288605449341574, 19.046327574298566 ], [ -104.288713920532658, 19.046559168396065 ], [ -104.288838211519717, 19.046788556212835 ], [ -104.288946467816629, 19.04691168662594 ], [ -104.289051587465366, 19.047005390213251 ], [ -104.288924956779624, 19.047117208930612 ], [ -104.288840556381331, 19.047324209332071 ], [ -104.288759781821867, 19.047594307057388 ], [ -104.288607798744266, 19.047986286352806 ], [ -104.288542662098322, 19.048190570057582 ], [ -104.288380296974907, 19.048570944081629 ], [ -104.288244535165376, 19.048890656610936 ], [ -104.288161708406719, 19.049155242089974 ], [ -104.288057988909358, 19.049404681934249 ], [ -104.287877867290931, 19.049701330876591 ], [ -104.287672582786172, 19.049926360553989 ], [ -104.287420906487739, 19.050111076648893 ], [ -104.287062003532498, 19.050310752320421 ], [ -104.2862714755165, 19.050634391306836 ], [ -104.285598000138364, 19.050862688045189 ], [ -104.285133433506829, 19.050987210857603 ], [ -104.284518320703498, 19.051110989961945 ], [ -104.283902289690346, 19.051227712767432 ], [ -104.283369749846415, 19.051275781524708 ], [ -104.282859568282547, 19.051289558508778 ], [ -104.282161960019621, 19.051273940413338 ], [ -104.281573404656299, 19.051284322058244 ], [ -104.281254187377641, 19.051292573435362 ], [ -104.280830446694708, 19.05129901897935 ], [ -104.280413321844165, 19.051250842033852 ], [ -104.280050591706456, 19.051162498043386 ], [ -104.279806654123874, 19.051056183100606 ], [ -104.279588032519527, 19.050940995373587 ], [ -104.279295780430644, 19.050826676052687 ], [ -104.279025392858529, 19.050767025194666 ], [ -104.278632109828038, 19.050727148784578 ], [ -104.277707181740254, 19.050754034103754 ], [ -104.275716227170236, 19.050746237363516 ], [ -104.274913193262961, 19.050743086539658 ], [ -104.274148700624465, 19.050755333733797 ], [ -104.273375055314744, 19.050823458561329 ], [ -104.273034340087619, 19.050908534699126 ], [ -104.272217979428461, 19.051237431565632 ], [ -104.272026398614642, 19.051433282466796 ], [ -104.271848196603955, 19.051586160037058 ], [ -104.271495566222612, 19.052359697009834 ], [ -104.271414057628149, 19.05266268165331 ], [ -104.271386316434445, 19.053303073497332 ], [ -104.271428195211058, 19.053914934359106 ], [ -104.271651373826529, 19.056129892872868 ], [ -104.27169334260492, 19.056721420527339 ], [ -104.271666284429983, 19.057261550314195 ], [ -104.271585006907017, 19.057454688810267 ], [ -104.271234294954013, 19.05778541651258 ], [ -104.271062850096456, 19.057871156532233 ], [ -104.271007244783419, 19.057879743348124 ], [ -104.270613486688404, 19.057940548689245 ], [ -104.270142983939678, 19.057953939441525 ], [ -104.268396668514612, 19.057947028101722 ], [ -104.268062989831861, 19.057976724837225 ], [ -104.267682897059885, 19.058085427129591 ], [ -104.267220834335419, 19.058222491858231 ], [ -104.266448107943006, 19.058275926663573 ], [ -104.265633388501513, 19.058355715780809 ], [ -104.264859287819547, 19.058518690811322 ], [ -104.264568149250252, 19.058671725839176 ], [ -104.263983601779557, 19.059222915053432 ], [ -104.263799065395091, 19.059447540408254 ], [ -104.263522444391299, 19.059944603771289 ], [ -104.26331180726018, 19.06043006884984 ], [ -104.262605446553991, 19.062198507336493 ], [ -104.262384066756297, 19.062694094822699 ], [ -104.262057329874992, 19.063238399676063 ], [ -104.261811943145801, 19.063520390529213 ], [ -104.260993538682598, 19.064292041006478 ], [ -104.260748508881548, 19.064492698498828 ], [ -104.260423445156263, 19.064657451688298 ], [ -104.26020409863591, 19.064692155968004 ], [ -104.259505545721112, 19.064689354840791 ], [ -104.259249114989458, 19.064647659305038 ], [ -104.25875099180341, 19.064455882075599 ], [ -104.258295818966786, 19.064223609516983 ] ] ] ] } },
{ "type": "Feature", "properties": { "fid": 21.0, "cat": 14, "CLAVE_ACUI": "0607", "NOM_ACUIF": "EL COLOMO", "VULNERABIL": 4 }, "geometry": { "type": "MultiPolygon", "coordinates": [ [ [ [ -104.271666284429983, 19.057261550314195 ], [ -104.27169334260492, 19.056721420527339 ], [ -104.271651373826529, 19.056129892872868 ], [ -104.271428195211058, 19.053914934359106 ], [ -104.271386316434445, 19.053303073497332 ], [ -104.271414057628149, 19.05266268165331 ], [ -104.271495566222612, 19.052359697009834 ], [ -104.271848196603955, 19.051586160037058 ], [ -104.272026398614642, 19.051433282466796 ], [ -104.272217979428461, 19.051237431565632 ], [ -104.273034340087619, 19.050908534699126 ], [ -104.273375055314744, 19.050823458561329 ], [ -104.274148700624465, 19.050755333733797 ], [ -104.274913193262961, 19.050743086539658 ], [ -104.275716227170236, 19.050746237363516 ], [ -104.277707181740254, 19.050754034103754 ], [ -104.278632109828038, 19.050727148784578 ], [ -104.279025392858529, 19.050767025194666 ], [ -104.279295780430644, 19.050826676052687 ], [ -104.279588032519527, 19.050940995373587 ], [ -104.279806654123874, 19.051056183100606 ], [ -104.280050591706456, 19.051162498043386 ], [ -104.280413321844165, 19.051250842033852 ], [ -104.280830446694708, 19.05129901897935 ], [ -104.281254187377641, 19.051292573435362 ], [ -104.281573404656299, 19.051284322058244 ], [ -104.282161960019621, 19.051273940413338 ], [ -104.282859568282547, 19.051289558508778 ], [ -104.283369749846415, 19.051275781524708 ], [ -104.283902289690346, 19.051227712767432 ], [ -104.284518320703498, 19.051110989961945 ], [ -104.285133433506829, 19.050987210857603 ], [ -104.285598000138364, 19.050862688045189 ], [ -104.2862714755165, 19.050634391306836 ], [ -104.287062003532498, 19.050310752320421 ], [ -104.287420906487739, 19.050111076648893 ], [ -104.287672582786172, 19.049926360553989 ], [ -104.287877867290931, 19.049701330876591 ], [ -104.288057988909358, 19.049404681934249 ], [ -104.288161708406719, 19.049155242089974 ], [ -104.288244535165376, 19.048890656610936 ], [ -104.288380296974907, 19.048570944081629 ], [ -104.288542662098322, 19.048190570057582 ], [ -104.288607798744266, 19.047986286352806 ], [ -104.288759781821867, 19.047594307057388 ], [ -104.288840556381331, 19.047324209332071 ], [ -104.288924956779624, 19.047117208930612 ], [ -104.289051587465366, 19.047005390213251 ], [ -104.289300948651615, 19.046973556870327 ], [ -104.28962384421088, 19.047025008384693 ], [ -104.290371499740814, 19.047197327416569 ], [ -104.292327614792313, 19.047825717936426 ], [ -104.293332808655904, 19.048074696977391 ], [ -104.293841117684849, 19.048181691777383 ], [ -104.294432321655563, 19.048264193044449 ], [ -104.294833935682803, 19.048303796459262 ], [ -104.294572682878979, 19.048439217034229 ], [ -104.29425985492604, 19.048536166605583 ], [ -104.294100520425289, 19.04855814182778 ], [ -104.293947324339825, 19.048557556394851 ], [ -104.293333175295942, 19.048555207898218 ], [ -104.292575797205785, 19.048572642340762 ], [ -104.291602497410025, 19.048663801731948 ], [ -104.290969446597103, 19.048776595766835 ], [ -104.288988503966863, 19.049211798552459 ], [ -104.288461993679704, 19.049411411077479 ], [ -104.287985892412053, 19.049907745714862 ], [ -104.287591397909182, 19.052298227343865 ], [ -104.287581899338804, 19.052853971187925 ], [ -104.287734162437133, 19.053405907307159 ], [ -104.287778437700013, 19.053566399346629 ], [ -104.288068706809312, 19.054028409682218 ], [ -104.289226768720255, 19.055472025730282 ], [ -104.28953863623714, 19.055823847957168 ], [ -104.290003010321612, 19.056459510354678 ], [ -104.290348775249001, 19.057113196381174 ], [ -104.285870768792321, 19.060574178140087 ], [ -104.276993932092537, 19.067434947590073 ], [ -104.273062201959434, 19.070473720848501 ], [ -104.272622820869586, 19.070813311680247 ], [ -104.272313644185502, 19.070635134774847 ], [ -104.271918483481812, 19.070321324133854 ], [ -104.271675600133207, 19.070066459575667 ], [ -104.271350043929104, 19.069640216892992 ], [ -104.270655824062274, 19.06864114100339 ], [ -104.270464716433139, 19.068330302245883 ], [ -104.270267096348263, 19.067878798630623 ], [ -104.270175889267875, 19.067544632342301 ], [ -104.269947877365212, 19.066436693208992 ], [ -104.269846001604677, 19.066097401213508 ], [ -104.269598592443771, 19.065621977703483 ], [ -104.269347027074076, 19.065282093029506 ], [ -104.268420471108641, 19.064171385592175 ], [ -104.26816924464498, 19.063755250714784 ], [ -104.267923404416791, 19.062923997852945 ], [ -104.26782343018634, 19.062152628838941 ], [ -104.267602726026666, 19.059384159318352 ], [ -104.267486449489624, 19.058673725312023 ], [ -104.267220834335419, 19.058222491858231 ], [ -104.267682897059885, 19.058085427129591 ], [ -104.268062989831861, 19.057976724837225 ], [ -104.268396668514612, 19.057947028101722 ], [ -104.270142983939678, 19.057953939441525 ], [ -104.270613486688404, 19.057940548689245 ], [ -104.271007244783419, 19.057879743348124 ], [ -104.271062850096456, 19.057871156532233 ], [ -104.271234294954013, 19.05778541651258 ], [ -104.271585006907017, 19.057454688810267 ], [ -104.271666284429983, 19.057261550314195 ] ] ] ] } },
{ "type": "Feature", "properties": { "fid": 10.0, "cat": 9, "CLAVE_ACUI": "0607", "NOM_ACUIF": "EL COLOMO", "VULNERABIL": 2 }, "geometry": { "type": "MultiPolygon", "coordinates": [ [ [ [ -104.220403504512518, 19.081539274097231 ], [ -104.220121872735902, 19.081167003937324 ], [ -104.219850857776848, 19.080430476476579 ], [ -104.219745324911216, 19.079750564822621 ], [ -104.219523854865102, 19.077314171048531 ], [ -104.219418324814526, 19.076634259097577 ], [ -104.219147319590078, 19.075897730616934 ], [ -104.218865699734863, 19.075525458751351 ], [ -104.217822485186502, 19.07452471537303 ], [ -104.217428049289595, 19.074268878585002 ], [ -104.216630556581322, 19.074075718273832 ], [ -104.215885716390019, 19.074055609894355 ], [ -104.213207286001591, 19.074154909463243 ], [ -104.212510155199595, 19.074221406617156 ], [ -104.212052821900556, 19.074389307302752 ], [ -104.211989048341977, 19.074499891430726 ], [ -104.211867908983038, 19.075495696132197 ], [ -104.211921593257699, 19.075826338411726 ], [ -104.212293261708965, 19.07637353073801 ], [ -104.212770534401869, 19.076824590808506 ], [ -104.214626158224036, 19.07838233515557 ], [ -104.215119171340362, 19.078899539053545 ], [ -104.215519512672387, 19.079669381838364 ], [ -104.215564256926868, 19.079755423041028 ], [ -104.215964602253834, 19.080525264935453 ], [ -104.216057971373857, 19.081135655075396 ], [ -104.216048600947786, 19.083128259635156 ], [ -104.216067018498265, 19.083683082491483 ], [ -104.216164125689048, 19.084333487033323 ], [ -104.216283667162116, 19.084684741109026 ], [ -104.216540692829184, 19.085241236081444 ], [ -104.216636394598183, 19.085448443221122 ], [ -104.216734214064616, 19.085679605939763 ], [ -104.216797857358586, 19.085859228744379 ], [ -104.21685491807493, 19.086000582194924 ], [ -104.216933552696418, 19.0861406409762 ], [ -104.217030638678736, 19.086274056994394 ], [ -104.216891779730162, 19.086274506376103 ], [ -104.216750366673111, 19.086287883650783 ], [ -104.216559972244539, 19.086315952075811 ], [ -104.215743854596326, 19.08653388764133 ], [ -104.215483544179023, 19.086554807829682 ], [ -104.215084881465017, 19.086434501541692 ], [ -104.214775674381187, 19.086241715119577 ], [ -104.213731376324105, 19.085462348529294 ], [ -104.213406660405909, 19.085157661777334 ], [ -104.212935613698804, 19.084515159599878 ], [ -104.2125874068646, 19.083901986041553 ], [ -104.211433504296295, 19.081683008254736 ], [ -104.211127760947548, 19.081127574108464 ], [ -104.21021810215818, 19.080162992694323 ], [ -104.209444001705236, 19.079542906145004 ], [ -104.206774962450964, 19.077649507901658 ], [ -104.206246166099177, 19.077297205196686 ], [ -104.204426379161077, 19.076308051347318 ], [ -104.204086341110212, 19.076137798001689 ], [ -104.203014146012094, 19.075750229482161 ], [ -104.202890796467173, 19.075705641563978 ], [ -104.202036272440026, 19.075515560870549 ], [ -104.199244044622134, 19.07506065330184 ], [ -104.198469625748587, 19.074891237030823 ], [ -104.198218836100139, 19.074788790072741 ], [ -104.197248402058648, 19.07424543610442 ], [ -104.196205863411791, 19.073133875429896 ], [ -104.195993401608774, 19.072844898182062 ], [ -104.196044443340014, 19.072607901701481 ], [ -104.196329821154961, 19.07255831236029 ], [ -104.197610542927038, 19.072563886531459 ], [ -104.197997352225954, 19.072545235261998 ], [ -104.198521739926377, 19.072452626313687 ], [ -104.198884055561379, 19.072338979156342 ], [ -104.200050470909105, 19.071901230994335 ], [ -104.200503670165276, 19.07178797457971 ], [ -104.201452187737701, 19.071697194449136 ], [ -104.202354014072739, 19.071680762175301 ], [ -104.205614021647193, 19.071694826364684 ], [ -104.206547635569407, 19.071739509691138 ], [ -104.207644492934804, 19.071933998766628 ], [ -104.208277819089005, 19.072167159179923 ], [ -104.21013649450731, 19.073060744949803 ], [ -104.210662903055976, 19.073293439632469 ], [ -104.211260789306365, 19.07348577222437 ], [ -104.211588502843284, 19.073527839134535 ], [ -104.212519945693145, 19.07353181708346 ], [ -104.212799854971436, 19.073507595193263 ], [ -104.213174654976669, 19.073390584137837 ], [ -104.213430173967481, 19.073247647424949 ], [ -104.214247792989823, 19.072697618623266 ], [ -104.214476746289691, 19.072518984289264 ], [ -104.214727578711177, 19.072235388306439 ], [ -104.214856957549827, 19.07200888568908 ], [ -104.215209891505111, 19.071235469168201 ], [ -104.215397909876117, 19.071044798468332 ], [ -104.215922396633246, 19.070928417987577 ], [ -104.216483645621679, 19.070952829590023 ], [ -104.218578325298296, 19.071183117479574 ], [ -104.219150411073528, 19.071177067182358 ], [ -104.219725459888963, 19.070918557766195 ], [ -104.219974871458248, 19.070555310075743 ], [ -104.220138678766006, 19.070155675200404 ], [ -104.220563737935805, 19.069118663239454 ], [ -104.22064225804931, 19.068714026258419 ], [ -104.220632115054045, 19.068693430542588 ], [ -104.220419825889849, 19.068262368528302 ], [ -104.220243268211647, 19.068155176981936 ], [ -104.220083867009933, 19.068079645069954 ], [ -104.218572911674428, 19.067519739898554 ], [ -104.21816398037214, 19.06731806532536 ], [ -104.217962916666636, 19.067125178159273 ], [ -104.217766584320628, 19.066936829315367 ], [ -104.217565521534297, 19.066743941740945 ], [ -104.217431581522831, 19.066424821240613 ], [ -104.217203923832528, 19.065316828962381 ], [ -104.217250785168488, 19.065007386238815 ], [ -104.217250024036716, 19.0649866108356 ], [ -104.217255798393182, 19.064974281984682 ], [ -104.2173852732911, 19.064697839072767 ], [ -104.217651984550884, 19.064255626134639 ], [ -104.218486263074368, 19.063190670929231 ], [ -104.220747651160124, 19.060689085374097 ], [ -104.221177948049814, 19.060213071678497 ], [ -104.22154313143227, 19.059822144467855 ], [ -104.222667545084946, 19.058714694569808 ], [ -104.223003591548874, 19.058492444136505 ], [ -104.223909235331377, 19.058101275037298 ], [ -104.224043551710224, 19.058007126970349 ], [ -104.22426994965511, 19.057604803404139 ], [ -104.224280470815458, 19.05756079236243 ], [ -104.224369900436798, 19.057186698467344 ], [ -104.224609937112092, 19.055637865422888 ], [ -104.224720529912219, 19.055229971431917 ], [ -104.224996595290364, 19.054875299342598 ], [ -104.225280381819417, 19.054776518626053 ], [ -104.226328653626368, 19.054670210677301 ], [ -104.226660055996106, 19.054678376626413 ], [ -104.227158329805278, 19.054822795182929 ], [ -104.227538747901832, 19.055020941319231 ], [ -104.228237360027549, 19.055447796060307 ], [ -104.228815765365283, 19.055801200382088 ], [ -104.229147911693005, 19.056034724814882 ], [ -104.229420903661946, 19.056344251358702 ], [ -104.229478745176905, 19.05655290817311 ], [ -104.229477994432585, 19.05671557073854 ], [ -104.230175864429427, 19.057888771110278 ], [ -104.230502022702339, 19.05826290632832 ], [ -104.231099881149049, 19.058455173816473 ], [ -104.231627804649264, 19.058355705594117 ], [ -104.233493579794057, 19.057699242421435 ], [ -104.23407528432169, 19.057528824037249 ], [ -104.234924138069772, 19.057390010810312 ], [ -104.235555082600726, 19.057362124341164 ], [ -104.237650638122119, 19.057370788668546 ], [ -104.2382225466622, 19.057393482403352 ], [ -104.238795897418683, 19.057490735549305 ], [ -104.23904306149872, 19.057606976109923 ], [ -104.239623144564234, 19.058052178926847 ], [ -104.239784429493639, 19.058244314504233 ], [ -104.240337926783724, 19.05918672243703 ], [ -104.240323762655947, 19.060702284111514 ], [ -104.24027247815782, 19.061292921444949 ], [ -104.240182042688602, 19.061636880477455 ], [ -104.240111536808001, 19.061838325850594 ], [ -104.24000829605427, 19.0620070363506 ], [ -104.23988176317927, 19.062136716809555 ], [ -104.239706127994538, 19.062281505671503 ], [ -104.238607271689006, 19.06329283812595 ], [ -104.238302792862967, 19.063628774689711 ], [ -104.238051687884422, 19.06398356982789 ], [ -104.237997446261176, 19.064154483915775 ], [ -104.237995424289039, 19.064597288079668 ], [ -104.238128154673973, 19.064799473833766 ], [ -104.238749587422888, 19.065300201993217 ], [ -104.239504621838378, 19.065813339742544 ], [ -104.24240672133736, 19.067707229050448 ], [ -104.243252824327655, 19.06818514265612 ], [ -104.244299167545833, 19.06852153989384 ], [ -104.24494783646837, 19.068524195009964 ], [ -104.246928608006016, 19.06820017875285 ], [ -104.247444149281051, 19.06808536554599 ], [ -104.24786924058553, 19.067873599301844 ], [ -104.247960972981289, 19.067685890501703 ], [ -104.247986791864179, 19.067458022244413 ], [ -104.247983644280239, 19.067199290843288 ], [ -104.247964226412279, 19.066964073094081 ], [ -104.24792240443422, 19.066753792330775 ], [ -104.247724741058008, 19.066325988314322 ], [ -104.247484187665108, 19.06592512024411 ], [ -104.246559277483243, 19.064482204100962 ], [ -104.246233124047762, 19.064096235001156 ], [ -104.246169062129937, 19.064004178370254 ], [ -104.246123432486129, 19.063899332061073 ], [ -104.246089743014267, 19.063775663775097 ], [ -104.246061572137862, 19.063662508131912 ], [ -104.246265378198956, 19.063738522284421 ], [ -104.246622726882123, 19.063848743148647 ], [ -104.247669549813878, 19.064074419430078 ], [ -104.247735195354991, 19.064092915471484 ], [ -104.247809434295604, 19.064141637448419 ], [ -104.248853769445802, 19.064920813686605 ], [ -104.249141252190014, 19.06518970475269 ], [ -104.249438498211191, 19.065665356645727 ], [ -104.249575652396445, 19.066075968562043 ], [ -104.249918461555211, 19.067516505483106 ], [ -104.250136016301212, 19.067881693896208 ], [ -104.250808460636776, 19.068145368519694 ], [ -104.251551540046478, 19.068156855800723 ], [ -104.254346794972165, 19.067946764065553 ], [ -104.255191882601579, 19.067862065681677 ], [ -104.256340371870891, 19.067676919766605 ], [ -104.257135982449896, 19.06749712433329 ], [ -104.259700332479753, 19.066843207200343 ], [ -104.260421180238666, 19.066642764149428 ], [ -104.261220796307086, 19.066361300301423 ], [ -104.261642257765061, 19.06615965373755 ], [ -104.262809457907096, 19.065500097750846 ], [ -104.263144034193616, 19.06534867912514 ], [ -104.263712467370823, 19.065208869043879 ], [ -104.264265120774837, 19.065160239487138 ], [ -104.265895084118711, 19.065166729436399 ], [ -104.266356428848695, 19.065214313728049 ], [ -104.266879408024977, 19.065429891673553 ], [ -104.267165176904015, 19.065690276491868 ], [ -104.268078052888967, 19.066840237466678 ], [ -104.268218370783671, 19.067046621834336 ], [ -104.268539792318649, 19.067712118187988 ], [ -104.268756386368906, 19.068306032022416 ], [ -104.269040411912457, 19.069173774523946 ], [ -104.269229324229599, 19.06975093122821 ], [ -104.269463295519046, 19.0704092357227 ], [ -104.269828116804945, 19.071214967761417 ], [ -104.270042049332432, 19.07163149065245 ], [ -104.270243864243568, 19.072114938672019 ], [ -104.270369484836792, 19.072554880162041 ], [ -104.26794190048885, 19.074431122464883 ], [ -104.26591023701161, 19.076001363665519 ], [ -104.258346948500915, 19.081846912086707 ], [ -104.254177873544947, 19.085069125478711 ], [ -104.2523547666094, 19.085069239799935 ], [ -104.250302405006096, 19.085304897238732 ], [ -104.248513099268848, 19.085706892083842 ], [ -104.246555015781723, 19.086201471216395 ], [ -104.245164696212029, 19.086626171463063 ], [ -104.242989820345116, 19.087518694118312 ], [ -104.24127316559084, 19.088369021202457 ], [ -104.235436871695768, 19.091444590338916 ], [ -104.233870297744602, 19.092198885572095 ], [ -104.232396036579104, 19.092643470934977 ], [ -104.23185653559689, 19.092524308123853 ], [ -104.230813137655659, 19.091523633598619 ], [ -104.230531465977691, 19.091151378332203 ], [ -104.230526997671575, 19.091139238001855 ], [ -104.230520866114759, 19.091131000948824 ], [ -104.23020032444559, 19.090299392846013 ], [ -104.230034679384559, 19.089504014150311 ], [ -104.229582217264579, 19.086623854439761 ], [ -104.229166391622897, 19.085227096205035 ], [ -104.228210110797946, 19.084337197035673 ], [ -104.226597090919128, 19.083509989479225 ], [ -104.225882857469472, 19.083413799242471 ], [ -104.223322261669338, 19.083181627961331 ], [ -104.22260807941835, 19.083075258781349 ], [ -104.221848550609039, 19.0828154150392 ], [ -104.221835821097045, 19.082811060090133 ], [ -104.22144677739837, 19.082540004227805 ], [ -104.220403504512518, 19.081539274097231 ] ] ] ] } },
{ "type": "Feature", "properties": { "fid": 11.0, "cat": 13, "CLAVE_ACUI": "0607", "NOM_ACUIF": "EL COLOMO", "VULNERABIL": 3 }, "geometry": { "type": "MultiPolygon", "coordinates": [ [ [ [ -104.250726875291264, 19.058664646982251 ], [ -104.251014882940424, 19.05881492635822 ], [ -104.251661388231696, 19.05929199137368 ], [ -104.252296962575912, 19.059823232048171 ], [ -104.254616502549624, 19.061825274678739 ], [ -104.255294727851862, 19.062387177611082 ], [ -104.256140209215914, 19.06300736323465 ], [ -104.256669812307919, 19.063331440538278 ], [ -104.258295818966786, 19.064223609516983 ], [ -104.25875099180341, 19.064455882075599 ], [ -104.259249114989458, 19.064647659305038 ], [ -104.259505545721112, 19.064689354840791 ], [ -104.26020409863591, 19.064692155968004 ], [ -104.260423445156263, 19.064657451688298 ], [ -104.260748508881548, 19.064492698498828 ], [ -104.260993538682598, 19.064292041006478 ], [ -104.261811943145801, 19.063520390529213 ], [ -104.262057329874992, 19.063238399676063 ], [ -104.262384066756297, 19.062694094822699 ], [ -104.262605446553991, 19.062198507336493 ], [ -104.26331180726018, 19.06043006884984 ], [ -104.263522444391299, 19.059944603771289 ], [ -104.263799065395091, 19.059447540408254 ], [ -104.263983601779557, 19.059222915053432 ], [ -104.264568149250252, 19.058671725839176 ], [ -104.264859287819547, 19.058518690811322 ], [ -104.265633388501513, 19.058355715780809 ], [ -104.266448107943006, 19.058275926663573 ], [ -104.267220834335419, 19.058222491858231 ], [ -104.267486449489624, 19.058673725312023 ], [ -104.267602726026666, 19.059384159318352 ], [ -104.26782343018634, 19.062152628838941 ], [ -104.267923404416791, 19.062923997852945 ], [ -104.26816924464498, 19.063755250714784 ], [ -104.268420471108641, 19.064171385592175 ], [ -104.269347027074076, 19.065282093029506 ], [ -104.269598592443771, 19.065621977703483 ], [ -104.269846001604677, 19.066097401213508 ], [ -104.269947877365212, 19.066436693208992 ], [ -104.270175889267875, 19.067544632342301 ], [ -104.270267096348263, 19.067878798630623 ], [ -104.270464716433139, 19.068330302245883 ], [ -104.270655824062274, 19.06864114100339 ], [ -104.271350043929104, 19.069640216892992 ], [ -104.271675600133207, 19.070066459575667 ], [ -104.271918483481812, 19.070321324133854 ], [ -104.272313644185502, 19.070635134774847 ], [ -104.272622820869586, 19.070813311680247 ], [ -104.270369484836792, 19.072554880162041 ], [ -104.270243864243568, 19.072114938672019 ], [ -104.270042049332432, 19.07163149065245 ], [ -104.269828116804945, 19.071214967761417 ], [ -104.269463295519046, 19.0704092357227 ], [ -104.269229324229599, 19.06975093122821 ], [ -104.269040411912457, 19.069173774523946 ], [ -104.268756386368906, 19.068306032022416 ], [ -104.268539792318649, 19.067712118187988 ], [ -104.268218370783671, 19.067046621834336 ], [ -104.268078052888967, 19.066840237466678 ], [ -104.267165176904015, 19.065690276491868 ], [ -104.266879408024977, 19.065429891673553 ], [ -104.266356428848695, 19.065214313728049 ], [ -104.265895084118711, 19.065166729436399 ], [ -104.264265120774837, 19.065160239487138 ], [ -104.263712467370823, 19.065208869043879 ], [ -104.263144034193616, 19.06534867912514 ], [ -104.262809457907096, 19.065500097750846 ], [ -104.261642257765061, 19.06615965373755 ], [ -104.261220796307086, 19.066361300301423 ], [ -104.260421180238666, 19.066642764149428 ], [ -104.259700332479753, 19.066843207200343 ], [ -104.257135982449896, 19.06749712433329 ], [ -104.256340371870891, 19.067676919766605 ], [ -104.255191882601579, 19.067862065681677 ], [ -104.254346794972165, 19.067946764065553 ], [ -104.251551540046478, 19.068156855800723 ], [ -104.250808460636776, 19.068145368519694 ], [ -104.250136016301212, 19.067881693896208 ], [ -104.249918461555211, 19.067516505483106 ], [ -104.249575652396445, 19.066075968562043 ], [ -104.249438498211191, 19.065665356645727 ], [ -104.249141252190014, 19.06518970475269 ], [ -104.248853769445802, 19.064920813686605 ], [ -104.247809434295604, 19.064141637448419 ], [ -104.247735195354991, 19.064092915471484 ], [ -104.247669549813878, 19.064074419430078 ], [ -104.246622726882123, 19.063848743148647 ], [ -104.246265378198956, 19.063738522284421 ], [ -104.246061572137862, 19.063662508131912 ], [ -104.245916783275916, 19.063598926936013 ], [ -104.24575169249745, 19.063527004642626 ], [ -104.245649710777286, 19.063467830064269 ], [ -104.245592582128523, 19.063418885133764 ], [ -104.245566142423286, 19.063394963495703 ], [ -104.245541757908512, 19.063358992837923 ], [ -104.245513263012839, 19.063302109769023 ], [ -104.245483918803899, 19.063210371751733 ], [ -104.245255576334984, 19.062213108600634 ], [ -104.245217774836618, 19.061902871835219 ], [ -104.245269708588467, 19.061452363565728 ], [ -104.245381700659905, 19.061119017019237 ], [ -104.245852392844398, 19.06001390716056 ], [ -104.246001712078964, 19.059701045863669 ], [ -104.246227846322114, 19.059346137079309 ], [ -104.24640157615174, 19.059151985800838 ], [ -104.246986179364129, 19.058600854257104 ], [ -104.247191753402618, 19.058457665230062 ], [ -104.247566497744046, 19.058340582065359 ], [ -104.247896272999341, 19.058316509131544 ], [ -104.249060480362388, 19.058321247953593 ], [ -104.249395441322449, 19.058332776668735 ], [ -104.249794385058976, 19.058381842457205 ], [ -104.250029343812841, 19.058440407991316 ], [ -104.250726875291264, 19.058664646982251 ] ] ] ] } },
{ "type": "Feature", "properties": { "fid": 12.0, "cat": 12, "CLAVE_ACUI": "0607", "NOM_ACUIF": "EL COLOMO", "VULNERABIL": 4 }, "geometry": { "type": "MultiPolygon", "coordinates": [ [ [ [ -104.195118791844479, 19.072390368971089 ], [ -104.19307204906211, 19.072571203966746 ], [ -104.190512557209232, 19.07264810201999 ], [ -104.180615007204054, 19.072825815441551 ], [ -104.178034353351975, 19.072856696742065 ], [ -104.175888852715815, 19.072823403981875 ], [ -104.175404505630155, 19.072744991261263 ], [ -104.175289718979755, 19.072412373090575 ], [ -104.175329376890303, 19.072321052004675 ], [ -104.175629233333396, 19.072227504843635 ], [ -104.176017941669343, 19.072185186434421 ], [ -104.177532056819473, 19.072081240397228 ], [ -104.178022467530809, 19.072013954840489 ], [ -104.178796935425211, 19.071803907183419 ], [ -104.179412906310304, 19.071571123971541 ], [ -104.181512957402276, 19.070694836922261 ], [ -104.182187603798894, 19.070487720662992 ], [ -104.183235914937768, 19.070397476596568 ], [ -104.184058858013472, 19.070475671818134 ], [ -104.186850958717457, 19.070930805224982 ], [ -104.187620395471697, 19.071018915387803 ], [ -104.188418989171211, 19.070974985970452 ], [ -104.188790399207349, 19.070824121542255 ], [ -104.189725048071466, 19.070164015999918 ], [ -104.190000323218825, 19.069992393824009 ], [ -104.19035029580516, 19.069851598531759 ], [ -104.190574981910771, 19.069822084710381 ], [ -104.191273544910501, 19.069825147647876 ], [ -104.191530012112381, 19.069856771051914 ], [ -104.192028296528278, 19.070001284806548 ], [ -104.192483664955887, 19.070176108994936 ], [ -104.194110440890526, 19.070847433802243 ], [ -104.19454962815162, 19.071052681913891 ], [ -104.194972385419973, 19.071339189516692 ], [ -104.195137136506233, 19.071543238723375 ], [ -104.195483218375244, 19.072208960951549 ], [ -104.195118791844479, 19.072390368971089 ] ] ] ] } },
{ "type": "Feature", "properties": { "fid": 7.0, "cat": 8, "CLAVE_ACUI": "0607", "NOM_ACUIF": "EL COLOMO", "VULNERABIL": 3 }, "geometry": { "type": "MultiPolygon", "coordinates": [ [ [ [ -104.159825855646815, 19.063199569030328 ], [ -104.160028906209646, 19.06286499994183 ], [ -104.160505771564189, 19.062297847468482 ], [ -104.160983955608032, 19.061822197801565 ], [ -104.162738596675197, 19.060169641555241 ], [ -104.163238023955685, 19.059719498043599 ], [ -104.163814062769433, 19.059271394509608 ], [ -104.164137549752553, 19.059081390861426 ], [ -104.165071115834692, 19.058642808886237 ], [ -104.165420998569573, 19.058519004367273 ], [ -104.166120220829228, 19.058379833277783 ], [ -104.166769227041996, 19.058304820576826 ], [ -104.16909869825318, 19.058093916035787 ], [ -104.169731943343962, 19.057962906209752 ], [ -104.170357616929053, 19.057562448191156 ], [ -104.170618190817549, 19.057121376639667 ], [ -104.171208523011941, 19.055463500523881 ], [ -104.171292659679665, 19.055026718944198 ], [ -104.171094973292696, 19.05464628249921 ], [ -104.170728428336446, 19.054539582902468 ], [ -104.169215572670666, 19.054422080530724 ], [ -104.168650355798633, 19.05449239643583 ], [ -104.167525527617116, 19.054938042866063 ], [ -104.167080392672233, 19.055180044027839 ], [ -104.167019320616234, 19.055204606966488 ], [ -104.166925125804497, 19.055264455671491 ], [ -104.166483841561686, 19.055504360949598 ], [ -104.162747413097705, 19.057701488028165 ], [ -104.161673109319466, 19.058369294433319 ], [ -104.160396170260597, 19.059288640034353 ], [ -104.159663903741119, 19.059981502406316 ], [ -104.159197846939634, 19.060455154732516 ], [ -104.158238538630158, 19.061534014201257 ], [ -104.157234232418972, 19.062527232889373 ], [ -104.156798243209209, 19.062978849427676 ], [ -104.156342898817201, 19.063376122033919 ], [ -104.156135982088202, 19.063560490145001 ], [ -104.155941002862818, 19.063715677691739 ], [ -104.155642565272942, 19.063949122206491 ], [ -104.155394504753474, 19.064069151490106 ], [ -104.155151344376065, 19.064122713485837 ], [ -104.154836120585628, 19.06415073337832 ], [ -104.154199453727216, 19.064076455578171 ], [ -104.153796231383552, 19.063949122206491 ], [ -104.153505213284035, 19.063775406659211 ], [ -104.153417003605441, 19.063695101073701 ], [ -104.153331053088962, 19.063616852216434 ], [ -104.153235159776827, 19.063522309288796 ], [ -104.153146089838515, 19.063432556002525 ], [ -104.153011268658872, 19.063224667524828 ], [ -104.15294781834838, 19.063075070714138 ], [ -104.152892767745328, 19.062856468023817 ], [ -104.152854686717561, 19.06256490966021 ], [ -104.15280870327247, 19.062000195862467 ], [ -104.152770423952688, 19.06135482440466 ], [ -104.152743940123401, 19.060837035091538 ], [ -104.152711311276974, 19.060197914854125 ], [ -104.152675069824156, 19.059601296762441 ], [ -104.152612192519925, 19.058733365318787 ], [ -104.152511658440332, 19.057519232367184 ], [ -104.152359788367434, 19.056626202067175 ], [ -104.152149580288295, 19.055507404306269 ], [ -104.152022752026042, 19.05481671078957 ], [ -104.15192427379472, 19.05423921251667 ], [ -104.151771367646049, 19.053465592621784 ], [ -104.151522046946866, 19.05240834428831 ], [ -104.151343096809626, 19.051477218263575 ], [ -104.151256399002136, 19.050767259791968 ], [ -104.177776747797822, 19.046926107164701 ], [ -104.180503370930111, 19.042281276859942 ], [ -104.190918009563731, 19.039930779330749 ], [ -104.191134651227543, 19.039887485599646 ], [ -104.191383480815603, 19.039794093816923 ], [ -104.19171775364569, 19.039668632408951 ], [ -104.191853689330799, 19.039560783785955 ], [ -104.191904954214948, 19.039276344540237 ], [ -104.191869473110899, 19.039107430860302 ], [ -104.191781397310635, 19.039035195740929 ], [ -104.191320595714799, 19.038036857548935 ], [ -104.191355727187457, 19.037772680925162 ], [ -104.19146128573567, 19.037660723639924 ], [ -104.191558582863479, 19.03758153362681 ], [ -104.192183326102693, 19.037347046159638 ], [ -104.193015626603227, 19.037299849891458 ], [ -104.196274955147416, 19.037314054518884 ], [ -104.197160364324574, 19.037338236455085 ], [ -104.198032944243366, 19.037436913296791 ], [ -104.198394077893951, 19.037553701291991 ], [ -104.19920679031442, 19.038000035487599 ], [ -104.199536147402412, 19.03805568418721 ], [ -104.200058578080942, 19.037921059883207 ], [ -104.200314606746986, 19.037717909767945 ], [ -104.200966567287367, 19.037378455405392 ], [ -104.203533277246535, 19.036171805750751 ], [ -104.203884593629326, 19.036033585182057 ], [ -104.20418969557322, 19.035849708751527 ], [ -104.204438984222492, 19.035789275139585 ], [ -104.204728561946368, 19.035789275139582 ], [ -104.204965260259812, 19.035849708751524 ], [ -104.20516969522788, 19.036006019242347 ], [ -104.205747506673546, 19.036894125739227 ], [ -104.205919237029192, 19.037125306275353 ], [ -104.206142830561404, 19.037316043138347 ], [ -104.206290519204614, 19.037357343862713 ], [ -104.206756139064723, 19.03735934315635 ], [ -104.206925208428373, 19.03740073515613 ], [ -104.20724857935447, 19.037591898910783 ], [ -104.20754146907619, 19.037823597743508 ], [ -104.208584923174598, 19.038713692151319 ], [ -104.208840304220345, 19.038965561537022 ], [ -104.2088865203513, 19.039023627492597 ], [ -104.208926809425904, 19.039089726755659 ], [ -104.208953878647918, 19.039145124233272 ], [ -104.208976226494016, 19.039199787274633 ], [ -104.208988621852939, 19.039250860916418 ], [ -104.208988711910266, 19.039295801700177 ], [ -104.208981787225582, 19.039336300613733 ], [ -104.20896437059433, 19.039370491244444 ], [ -104.208945122412047, 19.039406562341608 ], [ -104.208593805950429, 19.039847869220321 ], [ -104.20837410658315, 19.039962149379384 ], [ -104.20770016007792, 19.040054148858548 ], [ -104.206957078944825, 19.040071294212897 ], [ -104.204163315161239, 19.040059282242034 ], [ -104.203367072927051, 19.04001518471113 ], [ -104.202445039748483, 19.039821431109569 ], [ -104.201924092526326, 19.039588739477594 ], [ -104.200415047236902, 19.038696594364929 ], [ -104.199959754778362, 19.038533175371597 ], [ -104.199851199269133, 19.038494211124316 ], [ -104.198728944661354, 19.038441904170199 ], [ -104.197689569395862, 19.038569559591636 ], [ -104.193961389730703, 19.039217549598455 ], [ -104.19349252658148, 19.039404904829038 ], [ -104.193075470649134, 19.039666094565952 ], [ -104.192873082059066, 19.040065058103927 ], [ -104.192762287103847, 19.040335330646222 ], [ -104.192709827371232, 19.040665617122592 ], [ -104.19266937248004, 19.041111359947234 ], [ -104.192975159766505, 19.042727483107996 ], [ -104.194808346060583, 19.048824116172199 ], [ -104.195354836595698, 19.050415868094667 ], [ -104.196071869965536, 19.051747419596563 ], [ -104.196549705957494, 19.052057884380996 ], [ -104.198062568723842, 19.052175162608084 ], [ -104.198520222923776, 19.052236454290753 ], [ -104.199143078975425, 19.052405210149381 ], [ -104.19957521963056, 19.052584998385196 ], [ -104.200969026147646, 19.053255249371542 ], [ -104.201379594072279, 19.0534756063748 ], [ -104.20190176559116, 19.053833693387233 ], [ -104.202237157034673, 19.054124889516512 ], [ -104.203280151801636, 19.055125715262111 ], [ -104.203514101203169, 19.055391055060724 ], [ -104.203562862791912, 19.055628485068361 ], [ -104.20339857205488, 19.055702331101145 ], [ -104.202583119733887, 19.055809513709683 ], [ -104.202333345571489, 19.055872823018838 ], [ -104.201983185215582, 19.056061085641751 ], [ -104.201732729926675, 19.056266722918426 ], [ -104.200914094808425, 19.057038098931802 ], [ -104.200711383470264, 19.057320190467859 ], [ -104.200584036391788, 19.057865243943223 ], [ -104.200604823978125, 19.058361800426322 ], [ -104.20082918277943, 19.060134010365388 ], [ -104.200935553600019, 19.060620770659501 ], [ -104.201207590483577, 19.06112010880036 ], [ -104.201489843957361, 19.06134668841397 ], [ -104.202534993334623, 19.061904718566229 ], [ -104.202860454318767, 19.062039983881302 ], [ -104.203334118803497, 19.06211319459738 ], [ -104.203685320817172, 19.062082515920572 ], [ -104.204850597118408, 19.06186613423667 ], [ -104.205180705311307, 19.061774362497886 ], [ -104.205555935006686, 19.061562480119054 ], [ -104.205761869082139, 19.0613515630438 ], [ -104.206347662303045, 19.060579164937799 ], [ -104.206500377179395, 19.060317185348271 ], [ -104.206627256274075, 19.059867013242776 ], [ -104.206655797524377, 19.059485889931931 ], [ -104.206662111056062, 19.05815748655084 ], [ -104.206631824040841, 19.057781193649998 ], [ -104.206484171858875, 19.05735356354403 ], [ -104.20630352752481, 19.057118956166704 ], [ -104.205608175754477, 19.056451750414496 ], [ -104.205470105906485, 19.056257991678486 ], [ -104.205511215348238, 19.056067037233316 ], [ -104.205549509758796, 19.056048224425716 ], [ -104.206132126045105, 19.055940027752328 ], [ -104.206299979720328, 19.055866194571436 ], [ -104.206500680652738, 19.055629837386299 ], [ -104.206566392878784, 19.055483985752485 ], [ -104.206665533652668, 19.055437381050854 ], [ -104.206908564488685, 19.055292704321925 ], [ -104.207109263863032, 19.055056346404097 ], [ -104.207152946677425, 19.054863369236351 ], [ -104.207156100705447, 19.054199167157446 ], [ -104.207226632176386, 19.053980888804887 ], [ -104.207543184341844, 19.053636721656037 ], [ -104.207947794752087, 19.053338406412493 ], [ -104.209465921775333, 19.052348587615629 ], [ -104.209967853753568, 19.05209148795177 ], [ -104.210792085559902, 19.051881514075102 ], [ -104.211467628660927, 19.051838650159137 ], [ -104.213795933380595, 19.051848576882858 ], [ -104.214450093618638, 19.05180561098684 ], [ -104.21517453475262, 19.051595192807554 ], [ -104.215555289642595, 19.051337562576396 ], [ -104.216607698116093, 19.050345704133161 ], [ -104.216892561834115, 19.050016498064544 ], [ -104.217169523840809, 19.049472065189409 ], [ -104.217280320550145, 19.049023510332631 ], [ -104.217520407940555, 19.047474687077884 ], [ -104.21761509440033, 19.047041313499026 ], [ -104.217816879476018, 19.046567726988176 ], [ -104.218010457379663, 19.046324548286936 ], [ -104.218712033202934, 19.045663299264156 ], [ -104.21888408452844, 19.045450528298939 ], [ -104.218985418005275, 19.04511884786881 ], [ -104.218958129225072, 19.044857789794825 ], [ -104.218729449734909, 19.043971199092162 ], [ -104.21864333890602, 19.043714975494492 ], [ -104.218470166872279, 19.043405856154312 ], [ -104.218308889170999, 19.043220480614647 ], [ -104.21772943389476, 19.04266451315339 ], [ -104.217546586067058, 19.04251971204474 ], [ -104.217272749384733, 19.042399941800532 ], [ -104.217064401744082, 19.04237364250859 ], [ -104.216365949268933, 19.042370681359017 ], [ -104.216141303628078, 19.042400228181265 ], [ -104.215791409355262, 19.04254107568827 ], [ -104.215516205620375, 19.042712739456555 ], [ -104.214581811706495, 19.043372986891146 ], [ -104.21429068892094, 19.043519164577837 ], [ -104.213866514227306, 19.04354108214757 ], [ -104.213551673970684, 19.043426215238149 ], [ -104.213059587159236, 19.043218937227167 ], [ -104.212506598516441, 19.042868249225663 ], [ -104.21227766237871, 19.042717982713636 ], [ -104.212041420955046, 19.042517212980922 ], [ -104.211768435873765, 19.042217828611104 ], [ -104.211501096118397, 19.041909952348693 ], [ -104.210986378527366, 19.04126995324204 ], [ -104.210556367933108, 19.040552111076945 ], [ -104.210348187935764, 19.040114058242324 ], [ -104.210294329735021, 19.039732778157742 ], [ -104.210301662316311, 19.039402198264806 ], [ -104.210352664957725, 19.039142711085582 ], [ -104.210443375346117, 19.038823308304771 ], [ -104.21056982855248, 19.038467868994996 ], [ -104.211151217521774, 19.036833679559155 ], [ -104.21126181052955, 19.03629697081978 ], [ -104.211270080984278, 19.036117387537875 ], [ -104.21125921184391, 19.035938960094381 ], [ -104.211198392226081, 19.035706630736883 ], [ -104.211096373417575, 19.035481702645633 ], [ -104.210978664339891, 19.035305311299862 ], [ -104.210796182385621, 19.035046232228133 ], [ -104.209406147509796, 19.03360115364308 ], [ -104.209092659864012, 19.033205009768228 ], [ -104.209024384528618, 19.033013735607792 ], [ -104.20902060742786, 19.032837470906294 ], [ -104.209108739778614, 19.03268764591002 ], [ -104.209229049998001, 19.032621014252044 ], [ -104.21027875758918, 19.032182690492764 ], [ -104.21063741430909, 19.032069001081954 ], [ -104.211261440936639, 19.03197677671703 ], [ -104.211794251175576, 19.03195871633325 ], [ -104.213656673259621, 19.031966648805454 ], [ -104.214216303865427, 19.031928362314055 ], [ -104.214965489766513, 19.031741769062371 ], [ -104.215476123745717, 19.031513493967608 ], [ -104.217109887164654, 19.030634796129771 ], [ -104.217631204841197, 19.030406560097468 ], [ -104.218430266439213, 19.030220163508694 ], [ -104.219050466332462, 19.030182118219855 ], [ -104.22114567261147, 19.03019095784347 ], [ -104.221738792645212, 19.030229039056916 ], [ -104.222411480033941, 19.030397924726433 ], [ -104.222779342467604, 19.030601109766444 ], [ -104.223800108171972, 19.031363068946618 ], [ -104.223835720827267, 19.031402498619439 ], [ -104.224078242311464, 19.031740709795631 ], [ -104.224537118456922, 19.032433213438928 ], [ -104.224724781022488, 19.032939695335514 ], [ -104.225412936225752, 19.03515664501003 ], [ -104.225731941506609, 19.035873225954429 ], [ -104.225735634637005, 19.035881521788419 ], [ -104.226340427917933, 19.036743716443329 ], [ -104.226553401725013, 19.037047329855014 ], [ -104.227398947763632, 19.037987890529482 ], [ -104.229828481747049, 19.040491429046742 ], [ -104.229925805909119, 19.040624251287415 ], [ -104.230447128750185, 19.041172032146601 ], [ -104.230761075806214, 19.041448949844817 ], [ -104.231373091906889, 19.042070549531349 ], [ -104.232192672173781, 19.042856787525047 ], [ -104.232517531180989, 19.043120775156758 ], [ -104.23321395722084, 19.043566480000319 ], [ -104.233502077992171, 19.043682897385764 ], [ -104.234150213772566, 19.043780473837106 ], [ -104.234788001126873, 19.043803449885971 ], [ -104.23711620667288, 19.043813078541319 ], [ -104.23773798202852, 19.043830894975997 ], [ -104.238311394305754, 19.043904426432224 ], [ -104.238508779345622, 19.043991656537109 ], [ -104.238856497750177, 19.044325199599157 ], [ -104.238968172052424, 19.044452742630476 ], [ -104.239141599872653, 19.044714400664873 ], [ -104.239277679787889, 19.044960654800498 ], [ -104.239739294144698, 19.045848182175657 ], [ -104.239843210605969, 19.046114636820519 ], [ -104.239866536880839, 19.046470565095341 ], [ -104.239795943214816, 19.046712579426586 ], [ -104.239443177736376, 19.047486050854999 ], [ -104.239201480686233, 19.047737526943777 ], [ -104.238426326447652, 19.048137609048336 ], [ -104.237560658211578, 19.048457675561057 ], [ -104.236184588697526, 19.048918612426377 ], [ -104.234296004761987, 19.049551203206498 ], [ -104.233836682741071, 19.049692441160612 ], [ -104.233166400036808, 19.049785997162889 ], [ -104.230604264797137, 19.049996748080531 ], [ -104.229841600204409, 19.050000347163188 ], [ -104.228844638636431, 19.049806410477448 ], [ -104.228183074295629, 19.049525759710143 ], [ -104.226330836955654, 19.04853706996311 ], [ -104.225887069006703, 19.048191103006886 ], [ -104.225219913786319, 19.047581698176764 ], [ -104.222901962088599, 19.045357900424637 ], [ -104.222293131376688, 19.044855480215286 ], [ -104.222193833580477, 19.044832555282699 ], [ -104.221769836095305, 19.044734666101583 ], [ -104.221631098503778, 19.04506449622388 ], [ -104.221625000122856, 19.045146039790605 ], [ -104.221506949306942, 19.046724518176838 ], [ -104.221495742208276, 19.047217551113896 ], [ -104.221567593779611, 19.047858349785443 ], [ -104.221570149072605, 19.047867829944121 ], [ -104.221572773431959, 19.047893954716226 ], [ -104.22168144654151, 19.048280743488224 ], [ -104.222140911803464, 19.049611114809871 ], [ -104.222297768173647, 19.049982856248679 ], [ -104.22257029587243, 19.050387278733261 ], [ -104.222802764704582, 19.050593283570382 ], [ -104.223615094100396, 19.051150215144666 ], [ -104.223922687123846, 19.051295534818376 ], [ -104.224545789102393, 19.051416762536935 ], [ -104.22512834152073, 19.051444624182611 ], [ -104.227223817595743, 19.051453404295128 ], [ -104.227843719645435, 19.051496663579449 ], [ -104.228641120301219, 19.051689772513232 ], [ -104.229160362971697, 19.05192238369138 ], [ -104.230786104364199, 19.052814787267959 ], [ -104.231348072180339, 19.053057737036784 ], [ -104.232344838349746, 19.053299104213231 ], [ -104.233206821793587, 19.053400962715692 ], [ -104.236232649468562, 19.053634908482415 ], [ -104.237067839590665, 19.053751888187016 ], [ -104.237939561574237, 19.054063875217548 ], [ -104.238349688837232, 19.054392593713583 ], [ -104.239391901216635, 19.055614625419896 ], [ -104.239673250706502, 19.056049560184565 ], [ -104.23990264767383, 19.056550788649009 ], [ -104.240021963384606, 19.056855406333913 ], [ -104.240138587418272, 19.057238017876575 ], [ -104.240275824023172, 19.05778520708034 ], [ -104.240343465136547, 19.058114112700682 ], [ -104.24036820835326, 19.058509357464043 ], [ -104.24035835243285, 19.058839486401947 ], [ -104.240337926783724, 19.05918672243703 ], [ -104.239784429493639, 19.058244314504233 ], [ -104.239623144564234, 19.058052178926847 ], [ -104.23904306149872, 19.057606976109923 ], [ -104.238795897418683, 19.057490735549305 ], [ -104.2382225466622, 19.057393482403352 ], [ -104.237650638122119, 19.057370788668546 ], [ -104.235555082600726, 19.057362124341164 ], [ -104.234924138069772, 19.057390010810312 ], [ -104.23407528432169, 19.057528824037249 ], [ -104.233493579794057, 19.057699242421435 ], [ -104.231627804649264, 19.058355705594117 ], [ -104.231099881149049, 19.058455173816473 ], [ -104.230502022702339, 19.05826290632832 ], [ -104.230175864429427, 19.057888771110278 ], [ -104.229477994432585, 19.05671557073854 ], [ -104.229478745176905, 19.05655290817311 ], [ -104.229420903661946, 19.056344251358702 ], [ -104.229147911693005, 19.056034724814882 ], [ -104.228815765365283, 19.055801200382088 ], [ -104.228237360027549, 19.055447796060307 ], [ -104.227538747901832, 19.055020941319231 ], [ -104.227158329805278, 19.054822795182929 ], [ -104.226660055996106, 19.054678376626413 ], [ -104.226328653626368, 19.054670210677301 ], [ -104.225280381819417, 19.054776518626053 ], [ -104.224996595290364, 19.054875299342598 ], [ -104.224720529912219, 19.055229971431917 ], [ -104.224609937112092, 19.055637865422888 ], [ -104.224369900436798, 19.057186698467344 ], [ -104.224280470815458, 19.05756079236243 ], [ -104.22426994965511, 19.057604803404139 ], [ -104.224043551710224, 19.058007126970349 ], [ -104.223909235331377, 19.058101275037298 ], [ -104.223003591548874, 19.058492444136505 ], [ -104.222667545084946, 19.058714694569808 ], [ -104.22154313143227, 19.059822144467855 ], [ -104.221177948049814, 19.060213071678497 ], [ -104.220747651160124, 19.060689085374097 ], [ -104.218486263074368, 19.063190670929231 ], [ -104.217651984550884, 19.064255626134639 ], [ -104.2173852732911, 19.064697839072767 ], [ -104.217255798393182, 19.064974281984682 ], [ -104.217250024036716, 19.0649866108356 ], [ -104.217250785168488, 19.065007386238815 ], [ -104.217203923832528, 19.065316828962381 ], [ -104.217431581522831, 19.066424821240613 ], [ -104.217565521534297, 19.066743941740945 ], [ -104.217766584320628, 19.066936829315367 ], [ -104.217962916666636, 19.067125178159273 ], [ -104.21816398037214, 19.06731806532536 ], [ -104.218572911674428, 19.067519739898554 ], [ -104.220083867009933, 19.068079645069954 ], [ -104.220243268211647, 19.068155176981936 ], [ -104.220419825889849, 19.068262368528302 ], [ -104.220632115054045, 19.068693430542588 ], [ -104.22064225804931, 19.068714026258419 ], [ -104.220563737935805, 19.069118663239454 ], [ -104.220138678766006, 19.070155675200404 ], [ -104.219974871458248, 19.070555310075743 ], [ -104.219725459888963, 19.070918557766195 ], [ -104.219150411073528, 19.071177067182358 ], [ -104.218578325298296, 19.071183117479574 ], [ -104.216483645621679, 19.070952829590023 ], [ -104.215922396633246, 19.070928417987577 ], [ -104.215397909876117, 19.071044798468332 ], [ -104.215209891505111, 19.071235469168201 ], [ -104.214856957549827, 19.07200888568908 ], [ -104.214727578711177, 19.072235388306439 ], [ -104.214476746289691, 19.072518984289264 ], [ -104.214247792989823, 19.072697618623266 ], [ -104.213430173967481, 19.073247647424949 ], [ -104.213174654976669, 19.073390584137837 ], [ -104.212799854971436, 19.073507595193263 ], [ -104.212519945693145, 19.07353181708346 ], [ -104.211588502843284, 19.073527839134535 ], [ -104.211260789306365, 19.07348577222437 ], [ -104.210662903055976, 19.073293439632469 ], [ -104.21013649450731, 19.073060744949803 ], [ -104.208277819089005, 19.072167159179923 ], [ -104.207644492934804, 19.071933998766628 ], [ -104.206547635569407, 19.071739509691138 ], [ -104.205614021647193, 19.071694826364684 ], [ -104.202354014072739, 19.071680762175301 ], [ -104.201452187737701, 19.071697194449136 ], [ -104.200503670165276, 19.07178797457971 ], [ -104.200050470909105, 19.071901230994335 ], [ -104.198884055561379, 19.072338979156342 ], [ -104.198521739926377, 19.072452626313687 ], [ -104.197997352225954, 19.072545235261998 ], [ -104.197610542927038, 19.072563886531459 ], [ -104.196329821154961, 19.07255831236029 ], [ -104.196044443340014, 19.072607901701481 ], [ -104.195993401608774, 19.072844898182062 ], [ -104.196205863411791, 19.073133875429896 ], [ -104.197248402058648, 19.07424543610442 ], [ -104.198218836100139, 19.074788790072741 ], [ -104.198469625748587, 19.074891237030823 ], [ -104.199244044622134, 19.07506065330184 ], [ -104.202036272440026, 19.075515560870549 ], [ -104.202890796467173, 19.075705641563978 ], [ -104.203014146012094, 19.075750229482161 ], [ -104.204086341110212, 19.076137798001689 ], [ -104.204426379161077, 19.076308051347318 ], [ -104.206246166099177, 19.077297205196686 ], [ -104.206774962450964, 19.077649507901658 ], [ -104.209444001705236, 19.079542906145004 ], [ -104.21021810215818, 19.080162992694323 ], [ -104.211127760947548, 19.081127574108464 ], [ -104.211433504296295, 19.081683008254736 ], [ -104.2125874068646, 19.083901986041553 ], [ -104.212935613698804, 19.084515159599878 ], [ -104.213406660405909, 19.085157661777334 ], [ -104.213731376324105, 19.085462348529294 ], [ -104.214775674381187, 19.086241715119577 ], [ -104.215084881465017, 19.086434501541692 ], [ -104.215483544179023, 19.086554807829682 ], [ -104.215743854596326, 19.08653388764133 ], [ -104.216559972244539, 19.086315952075811 ], [ -104.216750366673111, 19.086287883650783 ], [ -104.216891779730162, 19.086274506376103 ], [ -104.217030638678736, 19.086274056994394 ], [ -104.217225716834506, 19.086491610788677 ], [ -104.217688876955961, 19.087047088609175 ], [ -104.217830637422068, 19.087222215796853 ], [ -104.218029024657056, 19.08748399872492 ], [ -104.218413046741276, 19.08803184475039 ], [ -104.21863332203678, 19.088349023001591 ], [ -104.218763803205988, 19.08864948917747 ], [ -104.21891006634965, 19.089385489388963 ], [ -104.218988532632764, 19.090136452100722 ], [ -104.219208448113392, 19.092904944120704 ], [ -104.219160440498513, 19.093974700337508 ], [ -104.219100431370961, 19.094275275924144 ], [ -104.218898163003246, 19.094459111158756 ], [ -104.218082007673488, 19.094677055577932 ], [ -104.217799819376992, 19.094799551250102 ], [ -104.217299095930272, 19.095153254665281 ], [ -104.216865963670145, 19.095536049028187 ], [ -104.215345388627455, 19.096968711864939 ], [ -104.214927857083467, 19.097443066532321 ], [ -104.214499964972177, 19.098224066402643 ], [ -104.214306222762531, 19.098865426476955 ], [ -104.213829978701241, 19.101077439675443 ], [ -104.213679199795294, 19.101678315895171 ], [ -104.213451816299695, 19.102270392835546 ], [ -104.213277762192803, 19.102515340826475 ], [ -104.212692891864862, 19.103066353506989 ], [ -104.212455197745157, 19.103199196943265 ], [ -104.211930830970402, 19.10326812061426 ], [ -104.211419430240767, 19.103233738638117 ], [ -104.209631383778998, 19.103013485838542 ], [ -104.209347803075076, 19.10282158894983 ], [ -104.20807158330912, 19.101819789741281 ], [ -104.207718603207951, 19.101457361079422 ], [ -104.207347574919623, 19.100767831214718 ], [ -104.207170514358694, 19.100145217613228 ], [ -104.206715264886284, 19.097929217017327 ], [ -104.2065328864783, 19.097301496637481 ], [ -104.206137032048048, 19.096588135723191 ], [ -104.205753904559316, 19.096196768593817 ], [ -104.204361840079812, 19.095083743986606 ], [ -104.203973106083581, 19.094748264970733 ], [ -104.203551068590272, 19.094295726346335 ], [ -104.203336891213965, 19.093984722076573 ], [ -104.202759437002769, 19.092985906980555 ], [ -104.20256645566397, 19.092715659602437 ], [ -104.202243326811256, 19.092453320952441 ], [ -104.201974695276746, 19.092348798666187 ], [ -104.201044211316869, 19.092123364171936 ], [ -104.200748822392299, 19.092023807422905 ], [ -104.200300823866584, 19.091784645919407 ], [ -104.199956215444686, 19.091542543248035 ], [ -104.198796048133374, 19.090651888708909 ], [ -104.19837658887019, 19.090409457889034 ], [ -104.19757927349761, 19.090168770767058 ], [ -104.19685971058054, 19.090067361257944 ], [ -104.194299069407947, 19.089834784599031 ], [ -104.193595181807709, 19.089809679705777 ], [ -104.192871008426167, 19.089925119896932 ], [ -104.192540361722592, 19.090115141096994 ], [ -104.191721513091153, 19.090886465839738 ], [ -104.191518792436312, 19.091158377884476 ], [ -104.191391615453497, 19.091655978348786 ], [ -104.19141265532906, 19.092094924311137 ], [ -104.19163802109253, 19.093645738193924 ], [ -104.191610890000121, 19.094094639303798 ], [ -104.191258908849122, 19.094638697018294 ], [ -104.190783208317129, 19.094967020128397 ], [ -104.188915241936257, 19.095955125345281 ], [ -104.1884396569925, 19.096258026382603 ], [ -104.18810978505897, 19.096545836789325 ], [ -104.187824872932381, 19.096772842710823 ], [ -104.187273094988328, 19.096666731567737 ], [ -104.18667652409377, 19.096571323328906 ], [ -104.18606398776879, 19.096576266529382 ], [ -104.182481774699554, 19.096780055932427 ], [ -104.181455045695728, 19.096763702591293 ], [ -104.179909382995177, 19.096472170326944 ], [ -104.178881135028675, 19.096074488849013 ], [ -104.175628341813081, 19.094510148326648 ], [ -104.174713132240157, 19.093965536097521 ], [ -104.173694916508552, 19.092988383320911 ], [ -104.173155531582239, 19.092137065480856 ], [ -104.171656642095257, 19.089141398121587 ], [ -104.171218690031651, 19.088326113313173 ], [ -104.170673774689504, 19.087517124086911 ], [ -104.17033327390493, 19.087176710307812 ], [ -104.169289188422724, 19.086397099390709 ], [ -104.168931968479001, 19.086193854976724 ], [ -104.168309022380868, 19.086024994117412 ], [ -104.167776318831471, 19.085987007995406 ], [ -104.16591331481051, 19.0859785901051 ], [ -104.165353802736988, 19.085955725403764 ], [ -104.164605750432031, 19.085857450962113 ], [ -104.164096616822533, 19.085739923869372 ], [ -104.162468717351075, 19.085289731827622 ], [ -104.161991615694063, 19.085182510949302 ], [ -104.161393035354209, 19.085132346260849 ], [ -104.161015021566371, 19.085167903665116 ], [ -104.159849535640546, 19.085383999530357 ], [ -104.159450134670791, 19.085419456244839 ], [ -104.158751751383903, 19.085368827998749 ], [ -104.158153462783147, 19.085261044332945 ], [ -104.156059839760687, 19.084808669545474 ], [ -104.155482735522511, 19.084741639998594 ], [ -104.15488319738364, 19.084881223214769 ], [ -104.154603817347208, 19.085147658481919 ], [ -104.153899576758562, 19.086251439123057 ], [ -104.153657567605293, 19.086528210692986 ], [ -104.153232437370292, 19.086716032023091 ], [ -104.152867118363062, 19.086707576328113 ], [ -104.151587429469686, 19.086480290390899 ], [ -104.151298154711981, 19.086238353859912 ], [ -104.151227892728613, 19.085336607918556 ], [ -104.151416790257002, 19.084290335983283 ], [ -104.152368543741304, 19.080309474527954 ], [ -104.152602774042876, 19.079408277152819 ], [ -104.152643021113704, 19.079253427185307 ], [ -104.152828800353149, 19.07871875001317 ], [ -104.153038663734918, 19.078361421977956 ], [ -104.153329215448181, 19.078011485151301 ], [ -104.153653861544711, 19.077780546878785 ], [ -104.15517196002051, 19.076901896628819 ], [ -104.155286757154855, 19.076844951481917 ], [ -104.156085985662614, 19.076523609811801 ], [ -104.156932031610509, 19.07633385094654 ], [ -104.158796040379585, 19.076120957999176 ], [ -104.159398937320404, 19.076015264206742 ], [ -104.160348448195663, 19.075734927964643 ], [ -104.1607070318354, 19.075594650312642 ], [ -104.160794762858799, 19.075579943713009 ], [ -104.16159433477462, 19.075346362167377 ], [ -104.162165813813616, 19.075108352476388 ], [ -104.164033133792415, 19.074231212302681 ], [ -104.164524825865215, 19.074042305704182 ], [ -104.164639709083062, 19.074014396999058 ], [ -104.165492930170274, 19.073827774087622 ], [ -104.166216708797563, 19.073780214253414 ], [ -104.168545293691722, 19.073790723385372 ], [ -104.169220829007031, 19.073768350466118 ], [ -104.170044740725359, 19.073653449964933 ], [ -104.170546221535687, 19.073511680232198 ], [ -104.172062548428542, 19.072964983090312 ], [ -104.172387726614105, 19.072797000774464 ], [ -104.172388903678552, 19.072559788257738 ], [ -104.172065408134216, 19.072388895596951 ], [ -104.170554591639927, 19.071828601729909 ], [ -104.170033113922415, 19.071692398128857 ], [ -104.16911036192441, 19.071617079709529 ], [ -104.168313621619063, 19.071645683861313 ], [ -104.165518248391109, 19.071854465212347 ], [ -104.164748212411851, 19.071888257903282 ], [ -104.163950087964139, 19.071837199585506 ], [ -104.163579946738508, 19.07173046856709 ], [ -104.16265074819691, 19.071283448144715 ], [ -104.162382415714688, 19.071131427726286 ], [ -104.162059393512038, 19.070869021945363 ], [ -104.161866265715162, 19.070646177120913 ], [ -104.161288027472921, 19.069868639697177 ], [ -104.161127234058512, 19.069595108829237 ], [ -104.160955100396421, 19.069096169794424 ], [ -104.160869988482858, 19.068656930685098 ], [ -104.160644934801937, 19.067106087073633 ], [ -104.160554478502277, 19.066666823480453 ], [ -104.160357401289886, 19.066167770432994 ], [ -104.160166318873792, 19.065894100986316 ], [ -104.159471681371016, 19.065116028588921 ], [ -104.159312549186794, 19.064867919968286 ], [ -104.159260592567051, 19.064683630999742 ], [ -104.159264566030799, 19.064488153601051 ], [ -104.159355150166093, 19.064193738890665 ], [ -104.159825855646815, 19.063199569030328 ] ], [ [ -104.194972385419973, 19.071339189516692 ], [ -104.19454962815162, 19.071052681913891 ], [ -104.194110440890526, 19.070847433802243 ], [ -104.192483664955887, 19.070176108994936 ], [ -104.192028296528278, 19.070001284806548 ], [ -104.191530012112381, 19.069856771051914 ], [ -104.191273544910501, 19.069825147647876 ], [ -104.190574981910771, 19.069822084710381 ], [ -104.19035029580516, 19.069851598531759 ], [ -104.190000323218825, 19.069992393824009 ], [ -104.189725048071466, 19.070164015999918 ], [ -104.188790399207349, 19.070824121542255 ], [ -104.188418989171211, 19.070974985970452 ], [ -104.187620395471697, 19.071018915387803 ], [ -104.186850958717457, 19.070930805224982 ], [ -104.184058858013472, 19.070475671818134 ], [ -104.183235914937768, 19.070397476596568 ], [ -104.182187603798894, 19.070487720662992 ], [ -104.181512957402276, 19.070694836922261 ], [ -104.179412906310304, 19.071571123971541 ], [ -104.178796935425211, 19.071803907183419 ], [ -104.178022467530809, 19.072013954840489 ], [ -104.177532056819473, 19.072081240397228 ], [ -104.176017941669343, 19.072185186434421 ], [ -104.175629233333396, 19.072227504843635 ], [ -104.175329376890303, 19.072321052004675 ], [ -104.175289718979755, 19.072412373090575 ], [ -104.175404505630155, 19.072744991261263 ], [ -104.175888852715815, 19.072823403981875 ], [ -104.178034353351975, 19.072856696742065 ], [ -104.180615007204054, 19.072825815441551 ], [ -104.190512557209232, 19.07264810201999 ], [ -104.19307204906211, 19.072571203966746 ], [ -104.195118791844479, 19.072390368971089 ], [ -104.195483218375244, 19.072208960951549 ], [ -104.195137136506233, 19.071543238723375 ], [ -104.194972385419973, 19.071339189516692 ] ] ] ] } },
{ "type": "Feature", "properties": { "fid": 14.0, "cat": 17, "CLAVE_ACUI": "0607", "NOM_ACUIF": "EL COLOMO", "VULNERABIL": 1 }, "geometry": { "type": "MultiPolygon", "coordinates": [ [ [ [ -104.156302761134299, 19.065563578086238 ], [ -104.156255932687131, 19.065309202709066 ], [ -104.156257333165954, 19.065032247941655 ], [ -104.156257580255073, 19.064983383792921 ], [ -104.156298866193822, 19.06449828419451 ], [ -104.1563047089859, 19.064429632828624 ], [ -104.156319833908753, 19.064368281171689 ], [ -104.156342737451197, 19.064315761661202 ], [ -104.15637916727502, 19.064264284736222 ], [ -104.156461237612248, 19.064198628466436 ], [ -104.156658206421611, 19.064086714370209 ], [ -104.156723489644421, 19.064057989752172 ], [ -104.156799218182854, 19.064035979979916 ], [ -104.156899194775477, 19.064027213375706 ], [ -104.156979026830783, 19.064031316892571 ], [ -104.157038442232277, 19.064044142383572 ], [ -104.157109593276402, 19.064067315926859 ], [ -104.15819488276081, 19.064416431264686 ], [ -104.158417225504479, 19.064495235326881 ], [ -104.158725922972422, 19.064610700313715 ], [ -104.158809485497585, 19.064644274542573 ], [ -104.158876633955316, 19.064683444476259 ], [ -104.158926622251641, 19.064745743323137 ], [ -104.158954678419335, 19.064805290750638 ], [ -104.158949751164826, 19.064882651567491 ], [ -104.158927265460719, 19.064940718599907 ], [ -104.158875141767382, 19.065049403570828 ], [ -104.158787102678374, 19.065166913371858 ], [ -104.158686846300512, 19.065274164380661 ], [ -104.158615698355533, 19.065343182999282 ], [ -104.158575764104413, 19.065381922092154 ], [ -104.158474065109161, 19.065469098448979 ], [ -104.158389154804652, 19.065525225003132 ], [ -104.158244412573595, 19.065589575608449 ], [ -104.158136190060461, 19.065618829186857 ], [ -104.157847259883738, 19.065666648844651 ], [ -104.156798890992647, 19.065772563356692 ], [ -104.156526332218903, 19.065754373782553 ], [ -104.156302761134299, 19.065563578086238 ] ] ] ] } },
{ "type": "Feature", "properties": { "fid": 20.0, "cat": 21, "CLAVE_ACUI": "0607", "NOM_ACUIF": "EL COLOMO", "VULNERABIL": 4 }, "geometry": { "type": "MultiPolygon", "coordinates": [ [ [ [ -104.270380094525493, 19.04079745887627 ], [ -104.270654294552855, 19.041250959484522 ], [ -104.271114137496937, 19.042581222638447 ], [ -104.27115332261944, 19.042993128477107 ], [ -104.270876338112927, 19.043585092917834 ], [ -104.270441458781562, 19.044018849631154 ], [ -104.268688989480296, 19.045451072658203 ], [ -104.268051016082083, 19.045873852555406 ], [ -104.266826289676288, 19.046414608112194 ], [ -104.266281069152726, 19.04658613711397 ], [ -104.266254743471933, 19.046586866921203 ], [ -104.264810162253397, 19.046875957165327 ], [ -104.25956568377751, 19.048183455372854 ], [ -104.258596650981687, 19.048393222808617 ], [ -104.255926129132092, 19.048799163414635 ], [ -104.254534231153698, 19.048854551074434 ], [ -104.2501104903928, 19.048836644265066 ], [ -104.248906097488771, 19.048801250704209 ], [ -104.247709336476916, 19.048654047246167 ], [ -104.24720407104401, 19.048479155670417 ], [ -104.246042931002378, 19.047810198840583 ], [ -104.245655317019057, 19.047625616672558 ], [ -104.245007587001666, 19.047433192969802 ], [ -104.244469872184055, 19.047342883488621 ], [ -104.24260826896132, 19.047113853001875 ], [ -104.242097076558807, 19.047069395301019 ], [ -104.241573111658596, 19.047090966906165 ], [ -104.241335782324839, 19.047166242115104 ], [ -104.240752209009884, 19.047495954548452 ], [ -104.240609803534966, 19.047856284763473 ], [ -104.240528818288297, 19.049208114341148 ], [ -104.240555531043583, 19.050778969146997 ], [ -104.240576748576558, 19.051395832125053 ], [ -104.240986004011617, 19.059579584454067 ], [ -104.24103855724006, 19.06002750393009 ], [ -104.241227797524189, 19.060734862188728 ], [ -104.241526233115735, 19.061453274851921 ], [ -104.241918788839655, 19.062398249592519 ], [ -104.242033136812637, 19.062620815221916 ], [ -104.242095623023772, 19.062719156675342 ], [ -104.242132757844814, 19.062776384558905 ], [ -104.242179027328959, 19.062839650996406 ], [ -104.242239972618236, 19.062904141437521 ], [ -104.242297150773354, 19.062957895989232 ], [ -104.242380296752572, 19.063036063513717 ], [ -104.242445033369322, 19.063085243908734 ], [ -104.24251066696084, 19.063129716266229 ], [ -104.242576328069433, 19.063164436036828 ], [ -104.242648185122192, 19.063199896083368 ], [ -104.242694625743198, 19.063218350930487 ], [ -104.242768569803829, 19.063247735256208 ], [ -104.242854698626616, 19.063279165330659 ], [ -104.242968306807541, 19.063319738391566 ], [ -104.243076324825054, 19.063350503872357 ], [ -104.2431565242711, 19.063367194602101 ], [ -104.243247277427983, 19.063383085438247 ], [ -104.24510906245871, 19.063612115374141 ], [ -104.245158360213765, 19.063623889709959 ], [ -104.245408696339382, 19.063683679895284 ], [ -104.2456359769118, 19.063737963501026 ], [ -104.245754682702241, 19.063767165298426 ], [ -104.245812913005395, 19.063786522939747 ], [ -104.245883733644405, 19.063811703611393 ], [ -104.245966042964852, 19.06384900248127 ], [ -104.246057637657941, 19.063903613062898 ], [ -104.246169062129937, 19.064004178370254 ], [ -104.246233124047762, 19.064096235001156 ], [ -104.246559277483243, 19.064482204100962 ], [ -104.247484187665108, 19.06592512024411 ], [ -104.247724741058008, 19.066325988314322 ], [ -104.24792240443422, 19.066753792330775 ], [ -104.247964226412279, 19.066964073094081 ], [ -104.247983644280239, 19.067199290843288 ], [ -104.247986791864179, 19.067458022244413 ], [ -104.247960972981289, 19.067685890501703 ], [ -104.247839170176675, 19.067667021819052 ], [ -104.247711063509684, 19.06764184114741 ], [ -104.247567494019307, 19.067605777723323 ], [ -104.247174326372487, 19.067456758244358 ], [ -104.24566377752592, 19.066786370798297 ], [ -104.245212243292158, 19.066540525732588 ], [ -104.244615626867898, 19.066063642377369 ], [ -104.244539288739858, 19.065980705933782 ], [ -104.244374291146002, 19.065837294323398 ], [ -104.243732230169101, 19.06516536188656 ], [ -104.242395770631603, 19.063681055092015 ], [ -104.242065646852041, 19.0633144110184 ], [ -104.241842727472402, 19.06306683094542 ], [ -104.241721819520109, 19.062920783351004 ], [ -104.241542545094973, 19.062685337793337 ], [ -104.241423558053611, 19.062517528176791 ], [ -104.241315663137584, 19.062352734302038 ], [ -104.241181695252379, 19.062133189323589 ], [ -104.241062667298934, 19.061935620756444 ], [ -104.240943986626704, 19.061759464189368 ], [ -104.240808385250716, 19.061601013001351 ], [ -104.2406740100608, 19.061495553957858 ], [ -104.240498959679229, 19.061401884485111 ], [ -104.24027247815782, 19.061292921444949 ], [ -104.240323762655947, 19.060702284111514 ], [ -104.240337926783724, 19.05918672243703 ], [ -104.24035835243285, 19.058839486401947 ], [ -104.24036820835326, 19.058509357464043 ], [ -104.240343465136547, 19.058114112700682 ], [ -104.240275824023172, 19.05778520708034 ], [ -104.240138587418272, 19.057238017876575 ], [ -104.240021963384606, 19.056855406333913 ], [ -104.23990264767383, 19.056550788649009 ], [ -104.239673250706502, 19.056049560184565 ], [ -104.239391901216635, 19.055614625419896 ], [ -104.238349688837232, 19.054392593713583 ], [ -104.237939561574237, 19.054063875217548 ], [ -104.237067839590665, 19.053751888187016 ], [ -104.236232649468562, 19.053634908482415 ], [ -104.233206821793587, 19.053400962715692 ], [ -104.232344838349746, 19.053299104213231 ], [ -104.231348072180339, 19.053057737036784 ], [ -104.230786104364199, 19.052814787267959 ], [ -104.229160362971697, 19.05192238369138 ], [ -104.228641120301219, 19.051689772513232 ], [ -104.227843719645435, 19.051496663579449 ], [ -104.227223817595743, 19.051453404295128 ], [ -104.22512834152073, 19.051444624182611 ], [ -104.224545789102393, 19.051416762536935 ], [ -104.223922687123846, 19.051295534818376 ], [ -104.223615094100396, 19.051150215144666 ], [ -104.222802764704582, 19.050593283570382 ], [ -104.22257029587243, 19.050387278733261 ], [ -104.222297768173647, 19.049982856248679 ], [ -104.222140911803464, 19.049611114809871 ], [ -104.22168144654151, 19.048280743488224 ], [ -104.221572773431959, 19.047893954716226 ], [ -104.221570149072605, 19.047867829944121 ], [ -104.221567593779611, 19.047858349785443 ], [ -104.221495742208276, 19.047217551113896 ], [ -104.221506949306942, 19.046724518176838 ], [ -104.221625000122856, 19.045146039790605 ], [ -104.221631098503778, 19.04506449622388 ], [ -104.221769836095305, 19.044734666101583 ], [ -104.222193833580477, 19.044832555282699 ], [ -104.222293131376688, 19.044855480215286 ], [ -104.222901962088599, 19.045357900424637 ], [ -104.225219913786319, 19.047581698176764 ], [ -104.225887069006703, 19.048191103006886 ], [ -104.226330836955654, 19.04853706996311 ], [ -104.228183074295629, 19.049525759710143 ], [ -104.228844638636431, 19.049806410477448 ], [ -104.229841600204409, 19.050000347163188 ], [ -104.230604264797137, 19.049996748080531 ], [ -104.233166400036808, 19.049785997162889 ], [ -104.233836682741071, 19.049692441160612 ], [ -104.234296004761987, 19.049551203206498 ], [ -104.236184588697526, 19.048918612426377 ], [ -104.237560658211578, 19.048457675561057 ], [ -104.238426326447652, 19.048137609048336 ], [ -104.239201480686233, 19.047737526943777 ], [ -104.239443177736376, 19.047486050854999 ], [ -104.239795943214816, 19.046712579426586 ], [ -104.239866536880839, 19.046470565095341 ], [ -104.239843210605969, 19.046114636820519 ], [ -104.239739294144698, 19.045848182175657 ], [ -104.239277679787889, 19.044960654800498 ], [ -104.239141599872653, 19.044714400664873 ], [ -104.238968172052424, 19.044452742630476 ], [ -104.238856497750177, 19.044325199599157 ], [ -104.238508779345622, 19.043991656537109 ], [ -104.238311394305754, 19.043904426432224 ], [ -104.23773798202852, 19.043830894975997 ], [ -104.23711620667288, 19.043813078541319 ], [ -104.234788001126873, 19.043803449885971 ], [ -104.234150213772566, 19.043780473837106 ], [ -104.233502077992171, 19.043682897385764 ], [ -104.23321395722084, 19.043566480000319 ], [ -104.232517531180989, 19.043120775156758 ], [ -104.232192672173781, 19.042856787525047 ], [ -104.231373091906889, 19.042070549531349 ], [ -104.230761075806214, 19.041448949844817 ], [ -104.230447128750185, 19.041172032146601 ], [ -104.229925805909119, 19.040624251287415 ], [ -104.229828481747049, 19.040491429046742 ], [ -104.227398947763632, 19.037987890529482 ], [ -104.226553401725013, 19.037047329855014 ], [ -104.226340427917933, 19.036743716443329 ], [ -104.225735634637005, 19.035881521788419 ], [ -104.225731941506609, 19.035873225954429 ], [ -104.225412936225752, 19.03515664501003 ], [ -104.224724781022488, 19.032939695335514 ], [ -104.224537118456922, 19.032433213438928 ], [ -104.224078242311464, 19.031740709795631 ], [ -104.223835720827267, 19.031402498619439 ], [ -104.223800108171972, 19.031363068946618 ], [ -104.222779342467604, 19.030601109766444 ], [ -104.222411480033941, 19.030397924726433 ], [ -104.221738792645212, 19.030229039056916 ], [ -104.22114567261147, 19.03019095784347 ], [ -104.219050466332462, 19.030182118219855 ], [ -104.218430266439213, 19.030220163508694 ], [ -104.217631204841197, 19.030406560097468 ], [ -104.217109887164654, 19.030634796129771 ], [ -104.215476123745717, 19.031513493967608 ], [ -104.214965489766513, 19.031741769062371 ], [ -104.214216303865427, 19.031928362314055 ], [ -104.213656673259621, 19.031966648805454 ], [ -104.211794251175576, 19.03195871633325 ], [ -104.211261440936639, 19.03197677671703 ], [ -104.21063741430909, 19.032069001081954 ], [ -104.21027875758918, 19.032182690492764 ], [ -104.209229049998001, 19.032621014252044 ], [ -104.209108739778614, 19.03268764591002 ], [ -104.20902060742786, 19.032837470906294 ], [ -104.209024384528618, 19.033013735607792 ], [ -104.209092659864012, 19.033205009768228 ], [ -104.209406147509796, 19.03360115364308 ], [ -104.210796182385621, 19.035046232228133 ], [ -104.210978664339891, 19.035305311299862 ], [ -104.211096373417575, 19.035481702645633 ], [ -104.211198392226081, 19.035706630736883 ], [ -104.21125921184391, 19.035938960094381 ], [ -104.211270080984278, 19.036117387537875 ], [ -104.21126181052955, 19.03629697081978 ], [ -104.211151217521774, 19.036833679559155 ], [ -104.21056982855248, 19.038467868994996 ], [ -104.210443375346117, 19.038823308304771 ], [ -104.210352664957725, 19.039142711085582 ], [ -104.210301662316311, 19.039402198264806 ], [ -104.210294329735021, 19.039732778157742 ], [ -104.210348187935764, 19.040114058242324 ], [ -104.210005171688991, 19.039969476471175 ], [ -104.209772670154166, 19.039847350213712 ], [ -104.209563216292779, 19.039710181450285 ], [ -104.209325293554656, 19.039539726341808 ], [ -104.209185952375705, 19.039435624533397 ], [ -104.209048935888745, 19.039312727059304 ], [ -104.208988621852939, 19.039250860916418 ], [ -104.208976226494016, 19.039199787274633 ], [ -104.208953878647918, 19.039145124233272 ], [ -104.208926809425904, 19.039089726755659 ], [ -104.2088865203513, 19.039023627492597 ], [ -104.208840304220345, 19.038965561537022 ], [ -104.208584923174598, 19.038713692151319 ], [ -104.20754146907619, 19.037823597743508 ], [ -104.20724857935447, 19.037591898910783 ], [ -104.206925208428373, 19.03740073515613 ], [ -104.206756139064723, 19.03735934315635 ], [ -104.206290519204614, 19.037357343862713 ], [ -104.206142830561404, 19.037316043138347 ], [ -104.205919237029192, 19.037125306275353 ], [ -104.205747506673546, 19.036894125739227 ], [ -104.20516969522788, 19.036006019242347 ], [ -104.204965260259812, 19.035849708751524 ], [ -104.204728561946368, 19.035789275139582 ], [ -104.204438984222492, 19.035789275139585 ], [ -104.20418969557322, 19.035849708751527 ], [ -104.203884593629326, 19.036033585182057 ], [ -104.203533277246535, 19.036171805750751 ], [ -104.200966567287367, 19.037378455405392 ], [ -104.200314606746986, 19.037717909767945 ], [ -104.200058578080942, 19.037921059883207 ], [ -104.199536147402412, 19.03805568418721 ], [ -104.19920679031442, 19.038000035487599 ], [ -104.198394077893951, 19.037553701291991 ], [ -104.198032944243366, 19.037436913296791 ], [ -104.197160364324574, 19.037338236455085 ], [ -104.196274955147416, 19.037314054518884 ], [ -104.193015626603227, 19.037299849891458 ], [ -104.192183326102693, 19.037347046159638 ], [ -104.191558582863479, 19.03758153362681 ], [ -104.19146128573567, 19.037660723639924 ], [ -104.191355727187457, 19.037772680925162 ], [ -104.191320595714799, 19.038036857548935 ], [ -104.191781397310635, 19.039035195740929 ], [ -104.191869473110899, 19.039107430860302 ], [ -104.191904954214948, 19.039276344540237 ], [ -104.191853689330799, 19.039560783785955 ], [ -104.19171775364569, 19.039668632408951 ], [ -104.191383480815603, 19.039794093816923 ], [ -104.191134651227543, 19.039887485599646 ], [ -104.190918009563731, 19.039930779330749 ], [ -104.180503370930111, 19.042281276859942 ], [ -104.201156212894603, 19.007104530888189 ], [ -104.201900733175734, 19.008731266391674 ], [ -104.202407808950937, 19.00955561862957 ], [ -104.202921966790043, 19.010200086444428 ], [ -104.203170062504853, 19.010370790264602 ], [ -104.203430458978019, 19.010457873570367 ], [ -104.203794991338654, 19.010514712715459 ], [ -104.205764568543302, 19.010665510767435 ], [ -104.207857597805983, 19.010704983796032 ], [ -104.215655497699714, 19.010738206258171 ], [ -104.21769497297386, 19.010802757546124 ], [ -104.219414618257019, 19.011070964447406 ], [ -104.219711068044433, 19.011297387930849 ], [ -104.219708102296536, 19.011933542465187 ], [ -104.219755000612309, 19.012191295032785 ], [ -104.219977472798575, 19.012619231868769 ], [ -104.220886484309148, 19.013721338011862 ], [ -104.221290222135011, 19.014194942831626 ], [ -104.221636040106205, 19.014533591693176 ], [ -104.222208020253859, 19.014891829853813 ], [ -104.22282170529617, 19.015104291388919 ], [ -104.224306722687288, 19.0155145944887 ], [ -104.224789229989426, 19.015575922639254 ], [ -104.225413518178115, 19.01541248271808 ], [ -104.225822849589534, 19.01511766920423 ], [ -104.22710876403201, 19.01390530810783 ], [ -104.227433071295948, 19.01350338571476 ], [ -104.22766060091655, 19.012840114666627 ], [ -104.227661337242736, 19.012294507508859 ], [ -104.227437247529068, 19.010411611771143 ], [ -104.227354572147476, 19.010156989845036 ], [ -104.227366031210451, 19.010016509392948 ], [ -104.227593227434042, 19.009424403225619 ], [ -104.227866808549251, 19.009203573148486 ], [ -104.228916321990155, 19.008765135435286 ], [ -104.229253539646535, 19.008651318283547 ], [ -104.229777711509399, 19.008558612120723 ], [ -104.230189311124633, 19.008539991653119 ], [ -104.231585938093247, 19.008545796813014 ], [ -104.232034620818482, 19.008598492864127 ], [ -104.232731847528683, 19.008838607454891 ], [ -104.233279204336952, 19.009128931836774 ], [ -104.235136323421415, 19.010243655040465 ], [ -104.235694331371235, 19.010544183198206 ], [ -104.236441235713386, 19.010831933827216 ], [ -104.236950232840144, 19.010942478204491 ], [ -104.238578649829037, 19.01117059450166 ], [ -104.239071454852478, 19.011316649826639 ], [ -104.239742793852855, 19.01177013224693 ], [ -104.24020904614099, 19.012271909104314 ], [ -104.241713569326734, 19.014160046486477 ], [ -104.242104965827963, 19.014671678636319 ], [ -104.24242694037936, 19.015171164586807 ], [ -104.242495505644925, 19.015373084431964 ], [ -104.242493501152964, 19.015815891395405 ], [ -104.242524954444221, 19.015951575859116 ], [ -104.242673741199212, 19.016141963004721 ], [ -104.242854840628212, 19.016278260038504 ], [ -104.243551186625481, 19.016723924257587 ], [ -104.243732287414758, 19.016860220469795 ], [ -104.243792511467433, 19.01693728157672 ], [ -104.243818840842707, 19.017418611862972 ], [ -104.243716931730688, 19.017892640035381 ], [ -104.243545017481196, 19.018088492721134 ], [ -104.24284465827327, 19.018528442108451 ], [ -104.242662283295999, 19.018673417725598 ], [ -104.242511561215821, 19.018910022832447 ], [ -104.24247861913102, 19.019103054664377 ], [ -104.242475611670159, 19.019767264831223 ], [ -104.242437301703973, 19.019965357980045 ], [ -104.242261529060784, 19.020225582419521 ], [ -104.24204873496187, 19.020399238258911 ], [ -104.241231465590602, 19.020949405526689 ], [ -104.240954625970545, 19.021102463915327 ], [ -104.240479979797684, 19.021266570693694 ], [ -104.24007875357357, 19.021347950176892 ], [ -104.238681009292407, 19.021563608583854 ], [ -104.238253220338478, 19.021609291384415 ], [ -104.237654618173039, 19.021606824701092 ], [ -104.237227261588828, 19.021557618083282 ], [ -104.23583153551489, 19.021330448737295 ], [ -104.23540917647783, 19.021357508517816 ], [ -104.23483388971637, 19.021710962015355 ], [ -104.234434408649449, 19.022188835804609 ], [ -104.233461104001762, 19.023605875623382 ], [ -104.233145434028089, 19.024065454833718 ], [ -104.232809892846504, 19.02458425642298 ], [ -104.232533025350818, 19.025128717471976 ], [ -104.232473043171581, 19.02538771795766 ], [ -104.232469994881242, 19.026051926122207 ], [ -104.232538194245109, 19.026331791953197 ], [ -104.232859507764019, 19.026973624049067 ], [ -104.233250330013263, 19.02761066058309 ], [ -104.234752877177755, 19.02994165907872 ], [ -104.235357046182514, 19.030681240916316 ], [ -104.236673940164692, 19.031801625804846 ], [ -104.237951055106151, 19.03266258819599 ], [ -104.242594119422463, 19.035559965198946 ], [ -104.243946563325281, 19.036324613081135 ], [ -104.245614812972235, 19.036995651988544 ], [ -104.246645574331438, 19.037189634401518 ], [ -104.249787542512195, 19.037423823377356 ], [ -104.250615582474197, 19.037530544105593 ], [ -104.251466496399019, 19.037578959921586 ], [ -104.251496426663792, 19.037807387937328 ], [ -104.251541488332521, 19.038064657580559 ], [ -104.251769841094017, 19.039061915693328 ], [ -104.251898497713526, 19.039377603262896 ], [ -104.252270542257804, 19.039853553561873 ], [ -104.252673378943683, 19.040217794353911 ], [ -104.254181251155813, 19.041441627727995 ], [ -104.254669825197311, 19.041760460395711 ], [ -104.255441953229507, 19.042024518006208 ], [ -104.256056418056176, 19.042082909824401 ], [ -104.258151791672262, 19.042091334846425 ], [ -104.258766799229178, 19.042027719743459 ], [ -104.259541458550117, 19.041722436636896 ], [ -104.260033105650493, 19.041349933582829 ], [ -104.261552785291002, 19.039916862878396 ], [ -104.261735950291836, 19.039698390058732 ], [ -104.262215430909777, 19.038746952099199 ], [ -104.262226793091827, 19.038191218608368 ], [ -104.262002288772948, 19.036308355399328 ], [ -104.261925167153194, 19.035930952819527 ], [ -104.262096754532507, 19.035493703037744 ], [ -104.262308995121629, 19.035445411298788 ], [ -104.263122855241519, 19.035670065889281 ], [ -104.263489164188485, 19.035835887526709 ], [ -104.264384748050517, 19.036385066844122 ], [ -104.265297849805137, 19.037003784009002 ], [ -104.268663461690039, 19.039341918319579 ], [ -104.269560337789414, 19.04001138442711 ], [ -104.270380094525493, 19.04079745887627 ] ], [ [ -104.208120330607116, 19.033479862912522 ], [ -104.208209789800961, 19.033256414330747 ], [ -104.208229934338263, 19.03311603208634 ], [ -104.208229934338263, 19.032976908875515 ], [ -104.208173700565354, 19.032744708169893 ], [ -104.20783829237952, 19.032087525863417 ], [ -104.206219711568451, 19.029755821926891 ], [ -104.205660122373899, 19.029036673606488 ], [ -104.204667267329668, 19.028012356977271 ], [ -104.203808494653515, 19.027268193959465 ], [ -104.200793790469575, 19.02481972457684 ], [ -104.199961726432591, 19.024085826532293 ], [ -104.199093417271882, 19.023109464355105 ], [ -104.198685036107705, 19.022448561589592 ], [ -104.197647575757927, 19.020340709932338 ], [ -104.197563314761808, 19.020156109316954 ], [ -104.19749086404039, 19.020008177738493 ], [ -104.197438029806534, 19.01991897885112 ], [ -104.197379026943253, 19.019834782918331 ], [ -104.19730392287812, 19.019738918310619 ], [ -104.197265422726744, 19.019694477287764 ], [ -104.197187895064587, 19.019605027958118 ], [ -104.1971729637132, 19.019590096606731 ], [ -104.197157855310209, 19.01957498820374 ], [ -104.197145894491186, 19.019563027384713 ], [ -104.197140386219274, 19.019557519112794 ], [ -104.197135605826148, 19.019553801029243 ], [ -104.197129889291659, 19.01955079613959 ], [ -104.197121363008719, 19.019547309137337 ], [ -104.197117467873582, 19.019546168138156 ], [ -104.197107513639324, 19.019544122208583 ], [ -104.197095985613089, 19.019543335312594 ], [ -104.197087408446805, 19.019545420586965 ], [ -104.197078123074135, 19.019549000963718 ], [ -104.197072929560605, 19.019552778064462 ], [ -104.197065375359131, 19.019559938817963 ], [ -104.19706120481041, 19.019564974952285 ], [ -104.197058844122438, 19.019569381569823 ], [ -104.197056492963341, 19.019575085408277 ], [ -104.197054830952865, 19.019581342388857 ], [ -104.197014974671006, 19.019710275296617 ], [ -104.196981610281085, 19.01984373285633 ], [ -104.196964613327737, 19.019914238736927 ], [ -104.196926679707019, 19.020084545894932 ], [ -104.196916885487326, 19.020269196281546 ], [ -104.19694415403201, 19.020434219606344 ], [ -104.196990229131004, 19.020577901101678 ], [ -104.197104800297481, 19.020834257549804 ], [ -104.197566124832946, 19.021721882197625 ], [ -104.197674694676735, 19.022115461131811 ], [ -104.197720026705511, 19.023064538764174 ], [ -104.197676215878531, 19.02402678496264 ], [ -104.197426424875943, 19.02756818838764 ], [ -104.197403794261831, 19.028571192217889 ], [ -104.197547985005968, 19.029710474481277 ], [ -104.197776604217978, 19.030335016621279 ], [ -104.198699313678858, 19.032110261886878 ], [ -104.198987343738239, 19.032607978003796 ], [ -104.199408764655757, 19.033155409975638 ], [ -104.199722763965553, 19.033439739455833 ], [ -104.200766677474221, 19.034219175528012 ], [ -104.201102449941033, 19.034422264321172 ], [ -104.20162546931256, 19.034590578478337 ], [ -104.202036866857625, 19.034627938205045 ], [ -104.203433702344029, 19.034633963904994 ], [ -104.203813102981115, 19.034655931908851 ], [ -104.204175812554766, 19.0347495913675 ], [ -104.204341261452697, 19.034868315806278 ], [ -104.204688364064552, 19.035312620935088 ], [ -104.204801585894145, 19.035429191535091 ], [ -104.204872091774732, 19.035484274254308 ], [ -104.204965260259826, 19.035532432288829 ], [ -104.205130193659073, 19.035542504557483 ], [ -104.205289741518868, 19.035490299055802 ], [ -104.205514958793145, 19.035275982928304 ], [ -104.205651118803672, 19.035157869798137 ], [ -104.205860044419637, 19.035007774799148 ], [ -104.206057942644051, 19.034878524807347 ], [ -104.206338597172874, 19.034695225560181 ], [ -104.206444479272292, 19.034623566872202 ], [ -104.206521101185601, 19.034571710759813 ], [ -104.207708675801157, 19.033872901289222 ], [ -104.208120330607116, 19.033479862912522 ] ], [ [ -104.203524399371943, 19.018584700138746 ], [ -104.203528615308826, 19.017699094663328 ], [ -104.203465747839729, 19.017432797938781 ], [ -104.203168151287144, 19.017075685147258 ], [ -104.202805881577916, 19.016831820183299 ], [ -104.201412893457075, 19.016050890622392 ], [ -104.201007509089195, 19.015883085579102 ], [ -104.200508695466283, 19.015880930245601 ], [ -104.200201487725451, 19.016045656518724 ], [ -104.199266659979202, 19.0168165321763 ], [ -104.199023217906699, 19.017057781849068 ], [ -104.198821987320528, 19.017412740938461 ], [ -104.198777957591957, 19.017678575959128 ], [ -104.19877371650054, 19.018564180407726 ], [ -104.198831232261043, 19.018830455286281 ], [ -104.199103881075715, 19.019187466763093 ], [ -104.199435864311241, 19.019431207813788 ], [ -104.20071247726149, 19.020211649671605 ], [ -104.201092930272807, 19.020379347912943 ], [ -104.201591757385657, 19.020381502159669 ], [ -104.201923913324492, 19.020216881528018 ], [ -104.202975141395854, 19.019446494600288 ], [ -104.203248867326707, 19.019205370178497 ], [ -104.203475032160867, 19.018850513490623 ], [ -104.203524399371943, 19.018584700138746 ] ] ] ] } },
{ "type": "Feature", "properties": { "fid": 17.0, "cat": 15, "CLAVE_ACUI": "0607", "NOM_ACUIF": "EL COLOMO", "VULNERABIL": 3 }, "geometry": { "type": "MultiPolygon", "coordinates": [ [ [ [ -104.239504621838378, 19.065813339742544 ], [ -104.238749587422888, 19.065300201993217 ], [ -104.238128154673973, 19.064799473833766 ], [ -104.237995424289039, 19.064597288079668 ], [ -104.237997446261176, 19.064154483915775 ], [ -104.238051687884422, 19.06398356982789 ], [ -104.238302792862967, 19.063628774689711 ], [ -104.238607271689006, 19.06329283812595 ], [ -104.239706127994538, 19.062281505671503 ], [ -104.23988176317927, 19.062136716809555 ], [ -104.24000829605427, 19.0620070363506 ], [ -104.240111536808001, 19.061838325850594 ], [ -104.240182042688602, 19.061636880477455 ], [ -104.24027247815782, 19.061292921444949 ], [ -104.240498959679229, 19.061401884485111 ], [ -104.2406740100608, 19.061495553957858 ], [ -104.240808385250716, 19.061601013001351 ], [ -104.240943986626704, 19.061759464189368 ], [ -104.241062667298934, 19.061935620756444 ], [ -104.241181695252379, 19.062133189323589 ], [ -104.241315663137584, 19.062352734302038 ], [ -104.241423558053611, 19.062517528176791 ], [ -104.241542545094973, 19.062685337793337 ], [ -104.241721819520109, 19.062920783351004 ], [ -104.241842727472402, 19.06306683094542 ], [ -104.242065646852041, 19.0633144110184 ], [ -104.242395770631603, 19.063681055092015 ], [ -104.243732230169101, 19.06516536188656 ], [ -104.244374291146002, 19.065837294323398 ], [ -104.244539288739858, 19.065980705933782 ], [ -104.244615626867898, 19.066063642377369 ], [ -104.245212243292158, 19.066540525732588 ], [ -104.24566377752592, 19.066786370798297 ], [ -104.247174326372487, 19.067456758244358 ], [ -104.247567494019307, 19.067605777723323 ], [ -104.247711063509684, 19.06764184114741 ], [ -104.247839170176675, 19.067667021819052 ], [ -104.247960972981289, 19.067685890501703 ], [ -104.24786924058553, 19.067873599301844 ], [ -104.247444149281051, 19.06808536554599 ], [ -104.246928608006016, 19.06820017875285 ], [ -104.24494783646837, 19.068524195009964 ], [ -104.244299167545833, 19.06852153989384 ], [ -104.243252824327655, 19.06818514265612 ], [ -104.24240672133736, 19.067707229050448 ], [ -104.239504621838378, 19.065813339742544 ] ] ] ] } },
{ "type": "Feature", "properties": { "fid": 8.0, "cat": 7, "CLAVE_ACUI": "0607", "NOM_ACUIF": "EL COLOMO", "VULNERABIL": 2 }, "geometry": { "type": "MultiPolygon", "coordinates": [ [ [ [ -104.188244011947575, 19.097447974858724 ], [ -104.188324921694218, 19.097949350009817 ], [ -104.188332908716831, 19.098290852805729 ], [ -104.188305874815896, 19.098717725945832 ], [ -104.188224182186616, 19.099022360531386 ], [ -104.187869981227394, 19.100017114901448 ], [ -104.187681567829216, 19.100275529642115 ], [ -104.187156508186717, 19.100486710359863 ], [ -104.186594836696855, 19.100529981081653 ], [ -104.184498764234036, 19.100520716860355 ], [ -104.183867903530739, 19.100497590971639 ], [ -104.183019959348258, 19.100398946510673 ], [ -104.182439471754577, 19.100281152041756 ], [ -104.180578479691789, 19.099830080125983 ], [ -104.179986951520576, 19.099783394187739 ], [ -104.17908747079035, 19.100016606866799 ], [ -104.178394023512041, 19.100396453046582 ], [ -104.176057392512561, 19.101935839463341 ], [ -104.17529961354515, 19.102345885088958 ], [ -104.174099965456932, 19.102720059187838 ], [ -104.17314396349758, 19.102844546508297 ], [ -104.169882268742811, 19.103051282847861 ], [ -104.168990581085964, 19.103145538865789 ], [ -104.168091068810568, 19.103378696482253 ], [ -104.167697738696035, 19.103617525721646 ], [ -104.166761705845417, 19.104498904117332 ], [ -104.166443232490352, 19.104738069031953 ], [ -104.165893061460409, 19.10497279570172 ], [ -104.165425576553247, 19.105068954076803 ], [ -104.163794150072562, 19.105282958651408 ], [ -104.163326867666839, 19.105338446849572 ], [ -104.162777644968173, 19.105383395075034 ], [ -104.1624603237331, 19.105392119180038 ], [ -104.161528714289489, 19.10538788158528 ], [ -104.16121164917935, 19.105345772606281 ], [ -104.160663622097857, 19.105153503529905 ], [ -104.160197792359313, 19.104920941894395 ], [ -104.158571957364927, 19.10402791593809 ], [ -104.157828182759886, 19.103773746085707 ], [ -104.155983063164769, 19.103480643346703 ], [ -104.154090954486023, 19.103316081078553 ], [ -104.147106260211771, 19.102841077694961 ], [ -104.145272859508736, 19.102702113048824 ], [ -104.143701655094006, 19.102528766630815 ], [ -104.143290475282583, 19.102420108190969 ], [ -104.142942839089756, 19.102086389581689 ], [ -104.142842107407702, 19.101918175659399 ], [ -104.142719661944582, 19.1014668962904 ], [ -104.142645471679728, 19.10099042541048 ], [ -104.142421697939753, 19.099218173796842 ], [ -104.142470987721268, 19.098645696707091 ], [ -104.142924774960193, 19.097746387977477 ], [ -104.143523748625, 19.097034136490866 ], [ -104.145865133338276, 19.094609585729092 ], [ -104.146560717024045, 19.093821522960404 ], [ -104.147465422667722, 19.092568464411737 ], [ -104.148062274997514, 19.091566444073958 ], [ -104.148865146599505, 19.090105039068337 ], [ -104.149478965521936, 19.088987752015736 ], [ -104.149942840345389, 19.088143396595395 ], [ -104.15022160657, 19.087485120504123 ], [ -104.150355701918699, 19.086840839717794 ], [ -104.150287493849945, 19.08631086848494 ], [ -104.150010840703658, 19.08580095051553 ], [ -104.149687100954807, 19.085404062823514 ], [ -104.149406568910393, 19.085196051822791 ], [ -104.149090843664368, 19.085074292549166 ], [ -104.148938699803608, 19.085027841531314 ], [ -104.148537862427304, 19.084995491813523 ], [ -104.147745600834213, 19.084991830462034 ], [ -104.14744289631264, 19.084990431545741 ], [ -104.147144896155282, 19.084941443987162 ], [ -104.14684223284462, 19.084832785569152 ], [ -104.146616893411846, 19.084714789419539 ], [ -104.146389560865089, 19.084438267528189 ], [ -104.146237314142368, 19.083890270914409 ], [ -104.146022685052742, 19.082555766612497 ], [ -104.145935970575181, 19.082016599980687 ], [ -104.145901610752119, 19.081761912532134 ], [ -104.145943010006164, 19.081418105872224 ], [ -104.146036978395031, 19.081195726905516 ], [ -104.146256206515318, 19.080884558166446 ], [ -104.146430609631508, 19.080702116284616 ], [ -104.146665686917856, 19.080492740582557 ], [ -104.146977322130326, 19.080323700035741 ], [ -104.147543641269692, 19.080064705229212 ], [ -104.148371683962665, 19.079780367469105 ], [ -104.149399670676843, 19.07942737185401 ], [ -104.150122771894516, 19.079179069462946 ], [ -104.151113238105609, 19.078987472616593 ], [ -104.151705974946211, 19.078982127820176 ], [ -104.152064721868626, 19.079046501682754 ], [ -104.152436880139476, 19.079246722503843 ], [ -104.152602774042876, 19.079408277152819 ], [ -104.152368543741304, 19.080309474527954 ], [ -104.151416790257002, 19.084290335983283 ], [ -104.151227892728613, 19.085336607918556 ], [ -104.151298154711981, 19.086238353859912 ], [ -104.151587429469686, 19.086480290390899 ], [ -104.152867118363062, 19.086707576328113 ], [ -104.153232437370292, 19.086716032023091 ], [ -104.153657567605293, 19.086528210692986 ], [ -104.153899576758562, 19.086251439123057 ], [ -104.154603817347208, 19.085147658481919 ], [ -104.15488319738364, 19.084881223214769 ], [ -104.155482735522511, 19.084741639998594 ], [ -104.156059839760687, 19.084808669545474 ], [ -104.158153462783147, 19.085261044332945 ], [ -104.158751751383903, 19.085368827998749 ], [ -104.159450134670791, 19.085419456244839 ], [ -104.159849535640546, 19.085383999530357 ], [ -104.161015021566371, 19.085167903665116 ], [ -104.161393035354209, 19.085132346260849 ], [ -104.161991615694063, 19.085182510949302 ], [ -104.162468717351075, 19.085289731827622 ], [ -104.164096616822533, 19.085739923869372 ], [ -104.164605750432031, 19.085857450962113 ], [ -104.165353802736988, 19.085955725403764 ], [ -104.16591331481051, 19.0859785901051 ], [ -104.167776318831471, 19.085987007995406 ], [ -104.168309022380868, 19.086024994117412 ], [ -104.168931968479001, 19.086193854976724 ], [ -104.169289188422724, 19.086397099390709 ], [ -104.17033327390493, 19.087176710307812 ], [ -104.170673774689504, 19.087517124086911 ], [ -104.171218690031651, 19.088326113313173 ], [ -104.171656642095257, 19.089141398121587 ], [ -104.173155531582239, 19.092137065480856 ], [ -104.173694916508552, 19.092988383320911 ], [ -104.174713132240157, 19.093965536097521 ], [ -104.175628341813081, 19.094510148326648 ], [ -104.178881135028675, 19.096074488849013 ], [ -104.179909382995177, 19.096472170326944 ], [ -104.181455045695728, 19.096763702591293 ], [ -104.182481774699554, 19.096780055932427 ], [ -104.18606398776879, 19.096576266529382 ], [ -104.18667652409377, 19.096571323328906 ], [ -104.187273094988328, 19.096666731567737 ], [ -104.187824872932381, 19.096772842710823 ], [ -104.18806179960626, 19.096988348941291 ], [ -104.188244011947575, 19.097447974858724 ] ] ] ] } },
{ "type": "Feature", "properties": { "fid": 22.0, "cat": 23, "CLAVE_ACUI": "0607", "NOM_ACUIF": "EL COLOMO", "VULNERABIL": 3 }, "geometry": { "type": "MultiPolygon", "coordinates": [ [ [ [ -104.287581899338804, 19.052853971187925 ], [ -104.287591397909182, 19.052298227343865 ], [ -104.287985892412053, 19.049907745714862 ], [ -104.288461993679704, 19.049411411077479 ], [ -104.288988503966863, 19.049211798552459 ], [ -104.290969446597103, 19.048776595766835 ], [ -104.291602497410025, 19.048663801731948 ], [ -104.292575797205785, 19.048572642340762 ], [ -104.293333175295942, 19.048555207898218 ], [ -104.293947324339825, 19.048557556394851 ], [ -104.294100520425289, 19.04855814182778 ], [ -104.29425985492604, 19.048536166605583 ], [ -104.294572682878979, 19.048439217034229 ], [ -104.294833935682803, 19.048303796459262 ], [ -104.295127056051555, 19.048281314936343 ], [ -104.295384088628779, 19.048189265584831 ], [ -104.29552516930751, 19.048084090238365 ], [ -104.295704787340455, 19.047875887076703 ], [ -104.295788203943246, 19.047727271357253 ], [ -104.295882146600349, 19.047512489432954 ], [ -104.295962853978367, 19.047333715257533 ], [ -104.296064366350336, 19.046989532955852 ], [ -104.296149105613381, 19.046685817048541 ], [ -104.296191966449086, 19.046502703723242 ], [ -104.296249902134406, 19.046352806683281 ], [ -104.29634151553789, 19.046191908343758 ], [ -104.296491261124729, 19.046026229620526 ], [ -104.29670449996857, 19.045921164947231 ], [ -104.297113381561289, 19.045830209303571 ], [ -104.297421099787513, 19.045783798708499 ], [ -104.29771248181757, 19.045736823586424 ], [ -104.298028371713116, 19.045759037978485 ], [ -104.29832434837445, 19.045850504155425 ], [ -104.298655370524912, 19.046002692900775 ], [ -104.299021035377777, 19.046150423053749 ], [ -104.299418856112069, 19.046240996325704 ], [ -104.299895323045021, 19.046323098146644 ], [ -104.300725793807217, 19.046466199707524 ], [ -104.303611009233151, 19.046837994725546 ], [ -104.297920996088891, 19.051247979956589 ], [ -104.296587570095497, 19.052291328576771 ], [ -104.292924621228821, 19.055122364961836 ], [ -104.290348775249001, 19.057113196381174 ], [ -104.290003010321612, 19.056459510354678 ], [ -104.28953863623714, 19.055823847957168 ], [ -104.289226768720255, 19.055472025730282 ], [ -104.288068706809312, 19.054028409682218 ], [ -104.287778437700013, 19.053566399346629 ], [ -104.287734162437133, 19.053405907307159 ], [ -104.287581899338804, 19.052853971187925 ] ] ] ] } },
{ "type": "Feature", "properties": { "fid": 25.0, "cat": 26, "CLAVE_ACUI": "0607", "NOM_ACUIF": "EL COLOMO", "VULNERABIL": 4 }, "geometry": null },
{ "type": "Feature", "properties": { "fid": 26.0, "cat": 27, "CLAVE_ACUI": "0607", "NOM_ACUIF": "EL COLOMO", "VULNERABIL": 4 }, "geometry": null },
{ "type": "Feature", "properties": { "fid": 27.0, "cat": 29, "CLAVE_ACUI": "0607", "NOM_ACUIF": "EL COLOMO", "VULNERABIL": 4 }, "geometry": null },
{ "type": "Feature", "properties": { "fid": 28.0, "cat": 22, "CLAVE_ACUI": "0607", "NOM_ACUIF": "EL COLOMO", "VULNERABIL": 2 }, "geometry": { "type": "MultiPolygon", "coordinates": [ [ [ [ -104.206662111056062, 19.05815748655084 ], [ -104.206655797524377, 19.059485889931931 ], [ -104.206627256274075, 19.059867013242776 ], [ -104.206500377179395, 19.060317185348271 ], [ -104.206347662303045, 19.060579164937799 ], [ -104.205761869082139, 19.0613515630438 ], [ -104.205555935006686, 19.061562480119054 ], [ -104.205180705311307, 19.061774362497886 ], [ -104.204850597118408, 19.06186613423667 ], [ -104.203685320817172, 19.062082515920572 ], [ -104.203334118803497, 19.06211319459738 ], [ -104.202860454318767, 19.062039983881302 ], [ -104.202534993334623, 19.061904718566229 ], [ -104.201489843957361, 19.06134668841397 ], [ -104.201207590483577, 19.06112010880036 ], [ -104.200935553600019, 19.060620770659501 ], [ -104.20082918277943, 19.060134010365388 ], [ -104.200604823978125, 19.058361800426322 ], [ -104.200584036391788, 19.057865243943223 ], [ -104.200711383470264, 19.057320190467859 ], [ -104.200914094808425, 19.057038098931802 ], [ -104.201732729926675, 19.056266722918426 ], [ -104.201983185215582, 19.056061085641751 ], [ -104.202333345571489, 19.055872823018838 ], [ -104.202583119733887, 19.055809513709683 ], [ -104.20339857205488, 19.055702331101145 ], [ -104.203562862791912, 19.055628485068361 ], [ -104.203514101203169, 19.055391055060724 ], [ -104.203280151801636, 19.055125715262111 ], [ -104.202237157034673, 19.054124889516512 ], [ -104.20190176559116, 19.053833693387233 ], [ -104.201379594072279, 19.0534756063748 ], [ -104.200969026147646, 19.053255249371542 ], [ -104.19957521963056, 19.052584998385196 ], [ -104.199143078975425, 19.052405210149381 ], [ -104.198520222923776, 19.052236454290753 ], [ -104.198062568723842, 19.052175162608084 ], [ -104.196549705957494, 19.052057884380996 ], [ -104.196071869965536, 19.051747419596563 ], [ -104.195354836595698, 19.050415868094667 ], [ -104.194808346060583, 19.048824116172199 ], [ -104.192975159766505, 19.042727483107996 ], [ -104.19266937248004, 19.041111359947234 ], [ -104.192709827371232, 19.040665617122592 ], [ -104.192762287103847, 19.040335330646222 ], [ -104.192873082059066, 19.040065058103927 ], [ -104.193075470649134, 19.039666094565952 ], [ -104.19349252658148, 19.039404904829038 ], [ -104.193961389730703, 19.039217549598455 ], [ -104.197689569395862, 19.038569559591636 ], [ -104.198728944661354, 19.038441904170199 ], [ -104.199851199269133, 19.038494211124316 ], [ -104.199959754778362, 19.038533175371597 ], [ -104.200415047236902, 19.038696594364929 ], [ -104.201924092526326, 19.039588739477594 ], [ -104.202445039748483, 19.039821431109569 ], [ -104.203367072927051, 19.04001518471113 ], [ -104.204163315161239, 19.040059282242034 ], [ -104.206957078944825, 19.040071294212897 ], [ -104.20770016007792, 19.040054148858548 ], [ -104.20837410658315, 19.039962149379384 ], [ -104.208593805950429, 19.039847869220321 ], [ -104.208945122412047, 19.039406562341608 ], [ -104.20896437059433, 19.039370491244444 ], [ -104.208981787225582, 19.039336300613733 ], [ -104.208988711910266, 19.039295801700177 ], [ -104.208988621852939, 19.039250860916418 ], [ -104.209048935888745, 19.039312727059304 ], [ -104.209185952375705, 19.039435624533397 ], [ -104.209325293554656, 19.039539726341808 ], [ -104.209563216292779, 19.039710181450285 ], [ -104.209772670154166, 19.039847350213712 ], [ -104.210005171688991, 19.039969476471175 ], [ -104.210348187935764, 19.040114058242324 ], [ -104.210556367933108, 19.040552111076945 ], [ -104.210986378527366, 19.04126995324204 ], [ -104.211501096118397, 19.041909952348693 ], [ -104.211768435873765, 19.042217828611104 ], [ -104.212041420955046, 19.042517212980922 ], [ -104.21227766237871, 19.042717982713636 ], [ -104.212506598516441, 19.042868249225663 ], [ -104.213059587159236, 19.043218937227167 ], [ -104.213551673970684, 19.043426215238149 ], [ -104.213866514227306, 19.04354108214757 ], [ -104.21429068892094, 19.043519164577837 ], [ -104.214581811706495, 19.043372986891146 ], [ -104.215516205620375, 19.042712739456555 ], [ -104.215791409355262, 19.04254107568827 ], [ -104.216141303628078, 19.042400228181265 ], [ -104.216365949268933, 19.042370681359017 ], [ -104.217064401744082, 19.04237364250859 ], [ -104.217272749384733, 19.042399941800532 ], [ -104.217546586067058, 19.04251971204474 ], [ -104.21772943389476, 19.04266451315339 ], [ -104.218308889170999, 19.043220480614647 ], [ -104.218470166872279, 19.043405856154312 ], [ -104.21864333890602, 19.043714975494492 ], [ -104.218729449734909, 19.043971199092162 ], [ -104.218958129225072, 19.044857789794825 ], [ -104.218985418005275, 19.04511884786881 ], [ -104.21888408452844, 19.045450528298939 ], [ -104.218712033202934, 19.045663299264156 ], [ -104.218010457379663, 19.046324548286936 ], [ -104.217816879476018, 19.046567726988176 ], [ -104.21761509440033, 19.047041313499026 ], [ -104.217520407940555, 19.047474687077884 ], [ -104.217280320550145, 19.049023510332631 ], [ -104.217169523840809, 19.049472065189409 ], [ -104.216892561834115, 19.050016498064544 ], [ -104.216607698116093, 19.050345704133161 ], [ -104.215555289642595, 19.051337562576396 ], [ -104.21517453475262, 19.051595192807554 ], [ -104.214450093618638, 19.05180561098684 ], [ -104.213795933380595, 19.051848576882858 ], [ -104.211467628660927, 19.051838650159137 ], [ -104.210792085559902, 19.051881514075102 ], [ -104.209967853753568, 19.05209148795177 ], [ -104.209465921775333, 19.052348587615629 ], [ -104.207947794752087, 19.053338406412493 ], [ -104.207543184341844, 19.053636721656037 ], [ -104.207226632176386, 19.053980888804887 ], [ -104.207156100705447, 19.054199167157446 ], [ -104.207152946677425, 19.054863369236351 ], [ -104.207109263863032, 19.055056346404097 ], [ -104.206908564488685, 19.055292704321925 ], [ -104.206665533652668, 19.055437381050854 ], [ -104.206566392878784, 19.055483985752485 ], [ -104.206500680652738, 19.055629837386299 ], [ -104.206299979720328, 19.055866194571436 ], [ -104.206132126045105, 19.055940027752328 ], [ -104.205549509758796, 19.056048224425716 ], [ -104.205511215348238, 19.056067037233316 ], [ -104.205470105906485, 19.056257991678486 ], [ -104.205608175754477, 19.056451750414496 ], [ -104.20630352752481, 19.057118956166704 ], [ -104.206484171858875, 19.05735356354403 ], [ -104.206631824040841, 19.057781193649998 ], [ -104.206662111056062, 19.05815748655084 ] ] ] ] } },
{ "type": "Feature", "properties": { "fid": 32.0, "cat": 34, "CLAVE_ACUI": "0607", "NOM_ACUIF": "EL COLOMO", "VULNERABIL": 3 }, "geometry": { "type": "MultiPolygon", "coordinates": [ [ [ [ -104.275721660402368, 19.036065536348865 ], [ -104.275707905886421, 19.035950259696481 ], [ -104.275758205244244, 19.035855567484823 ], [ -104.275843815955696, 19.035835569516323 ], [ -104.276193033304949, 19.035836937484241 ], [ -104.276299870555675, 19.035852605931044 ], [ -104.276449227104834, 19.035924357711266 ], [ -104.276555756428664, 19.036011191809816 ], [ -104.276903537487001, 19.036344665516925 ], [ -104.276967283858156, 19.036436415350952 ], [ -104.276916984986798, 19.036531107902903 ], [ -104.276781382969148, 19.036574633073801 ], [ -104.276198872040339, 19.036683056864614 ], [ -104.276042043083706, 19.036690914852457 ], [ -104.27589268604811, 19.036619162731938 ], [ -104.275836147881193, 19.036508801814705 ], [ -104.275721660402368, 19.036065536348865 ] ] ] ] } },
{ "type": "Feature", "properties": { "fid": 33.0, "cat": 28, "CLAVE_ACUI": "0607", "NOM_ACUIF": "EL COLOMO", "VULNERABIL": 5 }, "geometry": { "type": "MultiPolygon", "coordinates": [ [ [ [ -104.262215430909777, 19.038746952099199 ], [ -104.261735950291836, 19.039698390058732 ], [ -104.261552785291002, 19.039916862878396 ], [ -104.260033105650493, 19.041349933582829 ], [ -104.259541458550117, 19.041722436636896 ], [ -104.258766799229178, 19.042027719743459 ], [ -104.258151791672262, 19.042091334846425 ], [ -104.256056418056176, 19.042082909824401 ], [ -104.255441953229507, 19.042024518006208 ], [ -104.254669825197311, 19.041760460395711 ], [ -104.254181251155813, 19.041441627727995 ], [ -104.252673378943683, 19.040217794353911 ], [ -104.252270542257804, 19.039853553561873 ], [ -104.251898497713526, 19.039377603262896 ], [ -104.251769841094017, 19.039061915693328 ], [ -104.251541488332521, 19.038064657580559 ], [ -104.251496426663792, 19.037807387937328 ], [ -104.251466496399019, 19.037578959921586 ], [ -104.251967861958121, 19.037547883890106 ], [ -104.253015519203288, 19.037552121599706 ], [ -104.253315054286205, 19.037507582088242 ], [ -104.253665226728515, 19.037295496508108 ], [ -104.253865937578524, 19.037037056827643 ], [ -104.254452411969652, 19.036043089650455 ], [ -104.254562411430626, 19.035748699780569 ], [ -104.254560127506679, 19.035521297710588 ], [ -104.254537398626553, 19.035364524483914 ], [ -104.254458145786515, 19.035164361690047 ], [ -104.254339540519908, 19.034984170435692 ], [ -104.2539734019783, 19.034782748284677 ], [ -104.253792337246367, 19.034715679234683 ], [ -104.253412124948611, 19.034410830091154 ], [ -104.253347013141635, 19.034341922225131 ], [ -104.253283231385652, 19.034246526208687 ], [ -104.253237906176693, 19.034111494857001 ], [ -104.253217604260186, 19.033999598247387 ], [ -104.253215243572214, 19.033888645912963 ], [ -104.253243571827795, 19.033828448369825 ], [ -104.253282476003477, 19.033765549926926 ], [ -104.25352733929094, 19.033593705519774 ], [ -104.25434512743567, 19.032932783505942 ], [ -104.25449787308969, 19.032847915613299 ], [ -104.254639739482712, 19.032791638257091 ], [ -104.255363101683599, 19.032794553764973 ], [ -104.256041288605985, 19.032939618157716 ], [ -104.25848281126585, 19.033613652318085 ], [ -104.259166079376101, 19.033819725903633 ], [ -104.25991313021494, 19.034107385907237 ], [ -104.260297076901367, 19.034312256632635 ], [ -104.261341780795746, 19.034980658356055 ], [ -104.261623926930866, 19.035241036320507 ], [ -104.261895900900285, 19.03578773498381 ], [ -104.261925167153194, 19.035930952819527 ], [ -104.262002288772948, 19.036308355399328 ], [ -104.262226793091827, 19.038191218608368 ], [ -104.262215430909777, 19.038746952099199 ] ] ] ] } },
{ "type": "Feature", "properties": { "fid": 34.0, "cat": 33, "CLAVE_ACUI": "0607", "NOM_ACUIF": "EL COLOMO", "VULNERABIL": 3 }, "geometry": { "type": "MultiPolygon", "coordinates": [ [ [ [ -104.232533025350818, 19.025128717471976 ], [ -104.232809892846504, 19.02458425642298 ], [ -104.233145434028089, 19.024065454833718 ], [ -104.233461104001762, 19.023605875623382 ], [ -104.234434408649449, 19.022188835804609 ], [ -104.23483388971637, 19.021710962015355 ], [ -104.23540917647783, 19.021357508517816 ], [ -104.23583153551489, 19.021330448737295 ], [ -104.237227261588828, 19.021557618083282 ], [ -104.237654618173039, 19.021606824701092 ], [ -104.238253220338478, 19.021609291384415 ], [ -104.238681009292407, 19.021563608583854 ], [ -104.24007875357357, 19.021347950176892 ], [ -104.240479979797684, 19.021266570693694 ], [ -104.240954625970545, 19.021102463915327 ], [ -104.241231465590602, 19.020949405526689 ], [ -104.24204873496187, 19.020399238258911 ], [ -104.242261529060784, 19.020225582419521 ], [ -104.242437301703973, 19.019965357980045 ], [ -104.242475611670159, 19.019767264831223 ], [ -104.24247861913102, 19.019103054664377 ], [ -104.242511561215821, 19.018910022832447 ], [ -104.242662283295999, 19.018673417725598 ], [ -104.24284465827327, 19.018528442108451 ], [ -104.243545017481196, 19.018088492721134 ], [ -104.243716931730688, 19.017892640035381 ], [ -104.243818840842707, 19.017418611862972 ], [ -104.243792511467433, 19.01693728157672 ], [ -104.24356773478101, 19.015165101537445 ], [ -104.243579024160624, 19.014638174911006 ], [ -104.243856480716545, 19.013951363965489 ], [ -104.244241556167765, 19.013497131364158 ], [ -104.245761104019167, 19.012064182237946 ], [ -104.246236451609235, 19.011737396663236 ], [ -104.246935207908436, 19.011645353083395 ], [ -104.247458086241267, 19.011840647708169 ], [ -104.2491994421611, 19.012844058236961 ], [ -104.249673201927052, 19.013267897961516 ], [ -104.250142715208042, 19.014242415063212 ], [ -104.250339688419871, 19.015210743407799 ], [ -104.250789390111507, 19.01875509150171 ], [ -104.250825532096897, 19.019834601093891 ], [ -104.250544479786541, 19.021327965005515 ], [ -104.250106829457124, 19.02238183138547 ], [ -104.248345471858329, 19.025806498628807 ], [ -104.248112698050377, 19.026197942610576 ], [ -104.247795679299514, 19.026672262755049 ], [ -104.247485510138503, 19.026995344697003 ], [ -104.247219885902751, 19.027267125767416 ], [ -104.246994358642937, 19.027539339558292 ], [ -104.246812585669545, 19.027811762949636 ], [ -104.246487017008022, 19.027378760761145 ], [ -104.24637477606943, 19.027255161187487 ], [ -104.246252533985043, 19.027129653258328 ], [ -104.246101650537213, 19.027004206341235 ], [ -104.246000494679222, 19.026920103739432 ], [ -104.245911305465498, 19.026862182052941 ], [ -104.245848944427749, 19.026831544392238 ], [ -104.245780409408738, 19.026810031668173 ], [ -104.245710616526736, 19.02679619498646 ], [ -104.245599192054726, 19.026788640784968 ], [ -104.24549532178419, 19.026799027812018 ], [ -104.245371621734748, 19.026820746141308 ], [ -104.245138747922596, 19.026867605588137 ], [ -104.245042069694648, 19.026895816018637 ], [ -104.244998633036076, 19.026911868696811 ], [ -104.244959944626274, 19.026929819226829 ], [ -104.244925333674715, 19.026952354495439 ], [ -104.244877765812163, 19.026991187812484 ], [ -104.244847312937409, 19.027027542407168 ], [ -104.244834231777631, 19.02704505262103 ], [ -104.244824807216759, 19.027060735120443 ], [ -104.244816033821863, 19.027079477542426 ], [ -104.24481049099856, 19.027102178599858 ], [ -104.244807255767498, 19.027145169891039 ], [ -104.24480809756345, 19.027199149995223 ], [ -104.244812556926718, 19.027240496113116 ], [ -104.2448196928882, 19.027276358918833 ], [ -104.244873729524343, 19.027480729977235 ], [ -104.244928968443205, 19.027648707775253 ], [ -104.245007817141882, 19.027888481309081 ], [ -104.245083617802834, 19.028078048552263 ], [ -104.245136066478551, 19.028262125834587 ], [ -104.24519693082523, 19.028519969339591 ], [ -104.245241482307009, 19.028805555761238 ], [ -104.245270584289784, 19.02899210693289 ], [ -104.24528011573048, 19.029173204306097 ], [ -104.245300152206212, 19.029309074991691 ], [ -104.245322695451605, 19.029399689861204 ], [ -104.245393026493701, 19.029596019897475 ], [ -104.245500893924032, 19.02979780480052 ], [ -104.24562563175995, 19.030008147033666 ], [ -104.245883418885924, 19.03032731204673 ], [ -104.24609776935327, 19.030539773963714 ], [ -104.246351779378472, 19.030720130524355 ], [ -104.246865465079964, 19.03089387715869 ], [ -104.247439584393433, 19.030992081778095 ], [ -104.248164787736741, 19.031052515390037 ], [ -104.248544202650606, 19.031076228822155 ], [ -104.24885632474448, 19.031133317664107 ], [ -104.249169496535259, 19.031241370427356 ], [ -104.249471664594978, 19.031407562860199 ], [ -104.249773088360442, 19.031591099331468 ], [ -104.250014054006002, 19.03177305981648 ], [ -104.250258080919778, 19.032026378930734 ], [ -104.250416683598573, 19.03223946288615 ], [ -104.250735867684526, 19.032668289234177 ], [ -104.251074238406318, 19.033122892979446 ], [ -104.251444690450413, 19.033553088291271 ], [ -104.252016376993339, 19.034006125168098 ], [ -104.25246261941156, 19.034223125100489 ], [ -104.253792337246367, 19.034715679234683 ], [ -104.2539734019783, 19.034782748284677 ], [ -104.254339540519908, 19.034984170435692 ], [ -104.254458145786515, 19.035164361690047 ], [ -104.254537398626553, 19.035364524483914 ], [ -104.254560127506679, 19.035521297710588 ], [ -104.254562411430626, 19.035748699780569 ], [ -104.254452411969652, 19.036043089650455 ], [ -104.253865937578524, 19.037037056827643 ], [ -104.253665226728515, 19.037295496508108 ], [ -104.253315054286205, 19.037507582088242 ], [ -104.253015519203288, 19.037552121599706 ], [ -104.251967861958121, 19.037547883890106 ], [ -104.251466496399019, 19.037578959921586 ], [ -104.250615582474197, 19.037530544105593 ], [ -104.249787542512195, 19.037423823377356 ], [ -104.246645574331438, 19.037189634401518 ], [ -104.245614812972235, 19.036995651988544 ], [ -104.243946563325281, 19.036324613081135 ], [ -104.242594119422463, 19.035559965198946 ], [ -104.237951055106151, 19.03266258819599 ], [ -104.236673940164692, 19.031801625804846 ], [ -104.235357046182514, 19.030681240916316 ], [ -104.234752877177755, 19.02994165907872 ], [ -104.233250330013263, 19.02761066058309 ], [ -104.232859507764019, 19.026973624049067 ], [ -104.232538194245109, 19.026331791953197 ], [ -104.232469994881242, 19.026051926122207 ], [ -104.232473043171581, 19.02538771795766 ], [ -104.232533025350818, 19.025128717471976 ] ] ] ] } },
{ "type": "Feature", "properties": { "fid": 35.0, "cat": 36, "CLAVE_ACUI": "0607", "NOM_ACUIF": "EL COLOMO", "VULNERABIL": 5 }, "geometry": { "type": "MultiPolygon", "coordinates": [ [ [ [ -104.198699313678858, 19.032110261886878 ], [ -104.197776604217978, 19.030335016621279 ], [ -104.197547985005968, 19.029710474481277 ], [ -104.197403794261831, 19.028571192217889 ], [ -104.197426424875943, 19.02756818838764 ], [ -104.197676215878531, 19.02402678496264 ], [ -104.197720026705511, 19.023064538764174 ], [ -104.197674694676735, 19.022115461131811 ], [ -104.197566124832946, 19.021721882197625 ], [ -104.197104800297481, 19.020834257549804 ], [ -104.196990229131004, 19.020577901101678 ], [ -104.19694415403201, 19.020434219606344 ], [ -104.196916885487326, 19.020269196281546 ], [ -104.196926679707019, 19.020084545894932 ], [ -104.196964613327737, 19.019914238736927 ], [ -104.196981610281085, 19.01984373285633 ], [ -104.197014974671006, 19.019710275296617 ], [ -104.197054830952865, 19.019581342388857 ], [ -104.197056492963341, 19.019575085408277 ], [ -104.197058844122438, 19.019569381569823 ], [ -104.19706120481041, 19.019564974952285 ], [ -104.197065375359131, 19.019559938817963 ], [ -104.197072929560605, 19.019552778064462 ], [ -104.197078123074135, 19.019549000963718 ], [ -104.197087408446805, 19.019545420586965 ], [ -104.197095985613089, 19.019543335312594 ], [ -104.197107513639324, 19.019544122208583 ], [ -104.197117467873582, 19.019546168138156 ], [ -104.197121363008719, 19.019547309137337 ], [ -104.197129889291659, 19.01955079613959 ], [ -104.197135605826148, 19.019553801029243 ], [ -104.197140386219274, 19.019557519112794 ], [ -104.197145894491186, 19.019563027384713 ], [ -104.197157855310209, 19.01957498820374 ], [ -104.1971729637132, 19.019590096606731 ], [ -104.197187895064587, 19.019605027958118 ], [ -104.197265422726744, 19.019694477287764 ], [ -104.19730392287812, 19.019738918310619 ], [ -104.197379026943253, 19.019834782918331 ], [ -104.197438029806534, 19.01991897885112 ], [ -104.19749086404039, 19.020008177738493 ], [ -104.197563314761808, 19.020156109316954 ], [ -104.197647575757927, 19.020340709932338 ], [ -104.198685036107705, 19.022448561589592 ], [ -104.199093417271882, 19.023109464355105 ], [ -104.199961726432591, 19.024085826532293 ], [ -104.200793790469575, 19.02481972457684 ], [ -104.203808494653515, 19.027268193959465 ], [ -104.204667267329668, 19.028012356977271 ], [ -104.205660122373899, 19.029036673606488 ], [ -104.206219711568451, 19.029755821926891 ], [ -104.20783829237952, 19.032087525863417 ], [ -104.208173700565354, 19.032744708169893 ], [ -104.208229934338263, 19.032976908875515 ], [ -104.208229934338263, 19.03311603208634 ], [ -104.208209789800961, 19.033256414330747 ], [ -104.208120330607116, 19.033479862912522 ], [ -104.207708675801157, 19.033872901289222 ], [ -104.206521101185601, 19.034571710759813 ], [ -104.206444479272292, 19.034623566872202 ], [ -104.206338597172874, 19.034695225560181 ], [ -104.206057942644051, 19.034878524807347 ], [ -104.205860044419637, 19.035007774799148 ], [ -104.205651118803672, 19.035157869798137 ], [ -104.205514958793145, 19.035275982928304 ], [ -104.205289741518868, 19.035490299055802 ], [ -104.205130193659073, 19.035542504557483 ], [ -104.204965260259826, 19.035532432288829 ], [ -104.204872091774732, 19.035484274254308 ], [ -104.204801585894145, 19.035429191535091 ], [ -104.204688364064552, 19.035312620935088 ], [ -104.204341261452697, 19.034868315806278 ], [ -104.204175812554766, 19.0347495913675 ], [ -104.203813102981115, 19.034655931908851 ], [ -104.203433702344029, 19.034633963904994 ], [ -104.202036866857625, 19.034627938205045 ], [ -104.20162546931256, 19.034590578478337 ], [ -104.201102449941033, 19.034422264321172 ], [ -104.200766677474221, 19.034219175528012 ], [ -104.199722763965553, 19.033439739455833 ], [ -104.199408764655757, 19.033155409975638 ], [ -104.198987343738239, 19.032607978003796 ], [ -104.198699313678858, 19.032110261886878 ] ] ] ] } },
{ "type": "Feature", "properties": { "fid": 36.0, "cat": 37, "CLAVE_ACUI": "0607", "NOM_ACUIF": "EL COLOMO", "VULNERABIL": 4 }, "geometry": { "type": "MultiPolygon", "coordinates": [ [ [ [ -104.245136066478551, 19.028262125834587 ], [ -104.245083617802834, 19.028078048552263 ], [ -104.245007817141882, 19.027888481309081 ], [ -104.244928968443205, 19.027648707775253 ], [ -104.244873729524343, 19.027480729977235 ], [ -104.2448196928882, 19.027276358918833 ], [ -104.244812556926718, 19.027240496113116 ], [ -104.24480809756345, 19.027199149995223 ], [ -104.244807255767498, 19.027145169891039 ], [ -104.24481049099856, 19.027102178599858 ], [ -104.244816033821863, 19.027079477542426 ], [ -104.244824807216759, 19.027060735120443 ], [ -104.244834231777631, 19.02704505262103 ], [ -104.244847312937409, 19.027027542407168 ], [ -104.244877765812163, 19.026991187812484 ], [ -104.244925333674715, 19.026952354495439 ], [ -104.244959944626274, 19.026929819226829 ], [ -104.244998633036076, 19.026911868696811 ], [ -104.245042069694648, 19.026895816018637 ], [ -104.245138747922596, 19.026867605588137 ], [ -104.245371621734748, 19.026820746141308 ], [ -104.24549532178419, 19.026799027812018 ], [ -104.245599192054726, 19.026788640784968 ], [ -104.245710616526736, 19.02679619498646 ], [ -104.245780409408738, 19.026810031668173 ], [ -104.245848944427749, 19.026831544392238 ], [ -104.245911305465498, 19.026862182052941 ], [ -104.246000494679222, 19.026920103739432 ], [ -104.246101650537213, 19.027004206341235 ], [ -104.246252533985043, 19.027129653258328 ], [ -104.24637477606943, 19.027255161187487 ], [ -104.246487017008022, 19.027378760761145 ], [ -104.246812585669545, 19.027811762949636 ], [ -104.247026978826256, 19.028129934633906 ], [ -104.247190295744161, 19.028373606685658 ], [ -104.247414292784356, 19.028704730659513 ], [ -104.247585474909741, 19.028908066441264 ], [ -104.247802860761084, 19.029108385022035 ], [ -104.247946153370265, 19.029222003169181 ], [ -104.248240801889253, 19.029435444132982 ], [ -104.248729839625355, 19.029743692967347 ], [ -104.24964886683351, 19.030211703562006 ], [ -104.253017578054326, 19.031775200001938 ], [ -104.253856589831287, 19.032212366853823 ], [ -104.254403229447703, 19.032689017606952 ], [ -104.25449787308969, 19.032847915613299 ], [ -104.25434512743567, 19.032932783505942 ], [ -104.25352733929094, 19.033593705519774 ], [ -104.253282476003477, 19.033765549926926 ], [ -104.253243571827795, 19.033828448369825 ], [ -104.253215243572214, 19.033888645912963 ], [ -104.253217604260186, 19.033999598247387 ], [ -104.253237906176693, 19.034111494857001 ], [ -104.253283231385652, 19.034246526208687 ], [ -104.253347013141635, 19.034341922225131 ], [ -104.253412124948611, 19.034410830091154 ], [ -104.253792337246367, 19.034715679234683 ], [ -104.25246261941156, 19.034223125100489 ], [ -104.252016376993339, 19.034006125168098 ], [ -104.251444690450413, 19.033553088291271 ], [ -104.251074238406318, 19.033122892979446 ], [ -104.250735867684526, 19.032668289234177 ], [ -104.250416683598573, 19.03223946288615 ], [ -104.250258080919778, 19.032026378930734 ], [ -104.250014054006002, 19.03177305981648 ], [ -104.249773088360442, 19.031591099331468 ], [ -104.249471664594978, 19.031407562860199 ], [ -104.249169496535259, 19.031241370427356 ], [ -104.24885632474448, 19.031133317664107 ], [ -104.248544202650606, 19.031076228822155 ], [ -104.248164787736741, 19.031052515390037 ], [ -104.247439584393433, 19.030992081778095 ], [ -104.246865465079964, 19.03089387715869 ], [ -104.246351779378472, 19.030720130524355 ], [ -104.24609776935327, 19.030539773963714 ], [ -104.245883418885924, 19.03032731204673 ], [ -104.24562563175995, 19.030008147033666 ], [ -104.245500893924032, 19.02979780480052 ], [ -104.245393026493701, 19.029596019897475 ], [ -104.245322695451605, 19.029399689861204 ], [ -104.245300152206212, 19.029309074991691 ], [ -104.24528011573048, 19.029173204306097 ], [ -104.245270584289784, 19.02899210693289 ], [ -104.245241482307009, 19.028805555761238 ], [ -104.24519693082523, 19.028519969339591 ], [ -104.245136066478551, 19.028262125834587 ] ] ] ] } },
{ "type": "Feature", "properties": { "fid": 37.0, "cat": 35, "CLAVE_ACUI": "0607", "NOM_ACUIF": "EL COLOMO", "VULNERABIL": 3 }, "geometry": { "type": "MultiPolygon", "coordinates": [ [ [ [ -104.269612665526537, 19.023411618068994 ], [ -104.270285794690508, 19.023485442547923 ], [ -104.271052558599806, 19.023740940196358 ], [ -104.273957685057596, 19.024859412528269 ], [ -104.274761522428591, 19.025196374448186 ], [ -104.275607615426296, 19.025650415830821 ], [ -104.276012480787827, 19.025962086628571 ], [ -104.27705576420874, 19.026962507851188 ], [ -104.277380198527212, 19.027334861619423 ], [ -104.277850936820457, 19.028072094026005 ], [ -104.278198986902169, 19.028752929346325 ], [ -104.279352499671432, 19.031192925029167 ], [ -104.279663037218413, 19.031899028296895 ], [ -104.27995868159347, 19.032754185008955 ], [ -104.280070491538197, 19.033269734540298 ], [ -104.280296627390882, 19.034820475674763 ], [ -104.280339368365418, 19.035239172173068 ], [ -104.280312688056981, 19.035642348256051 ], [ -104.280231832073255, 19.03579961757238 ], [ -104.279881183714238, 19.036130364542014 ], [ -104.279757872271745, 19.03621630115488 ], [ -104.279533067965829, 19.036286591980794 ], [ -104.279335230483923, 19.036301070726605 ], [ -104.278636793389353, 19.036298345948136 ], [ -104.278428616595434, 19.036231449621976 ], [ -104.278155562523381, 19.035921992917196 ], [ -104.27797366259729, 19.035546808289517 ], [ -104.277397855534801, 19.034105402603469 ], [ -104.277152125715318, 19.033658800625535 ], [ -104.276581190474573, 19.033016063763579 ], [ -104.276011300179889, 19.032544469059228 ], [ -104.273922768580576, 19.030986417932326 ], [ -104.27337959566384, 19.030520003719634 ], [ -104.27293329844484, 19.029901468284621 ], [ -104.272838901688601, 19.029484261695504 ], [ -104.27284467844116, 19.02815583354397 ], [ -104.27283025730803, 19.027784691662156 ], [ -104.272757182418871, 19.027381124461073 ], [ -104.272667211005967, 19.027175741746774 ], [ -104.272320420479971, 19.026620855933452 ], [ -104.272187469907081, 19.026466137428685 ], [ -104.271913823392254, 19.026299003684969 ], [ -104.271655850395277, 19.026214959475787 ], [ -104.270725624205838, 19.025989884350725 ], [ -104.270456962660447, 19.02590579633862 ], [ -104.270133433754424, 19.025738463203886 ], [ -104.269939911214493, 19.025583504041403 ], [ -104.269360336871713, 19.025027693704811 ], [ -104.269220374974822, 19.024847528667831 ], [ -104.269146791601074, 19.024562569859505 ], [ -104.269181634049005, 19.024335650956125 ], [ -104.269417813969255, 19.023561654633319 ], [ -104.269612665526537, 19.023411618068994 ] ] ] ] } },
{ "type": "Feature", "properties": { "fid": 38.0, "cat": 39, "CLAVE_ACUI": "0607", "NOM_ACUIF": "EL COLOMO", "VULNERABIL": 3 }, "geometry": { "type": "MultiPolygon", "coordinates": [ [ [ [ -104.264063672142044, 19.022973347544692 ], [ -104.264491772724867, 19.022856439172589 ], [ -104.265090383045617, 19.02285881908859 ], [ -104.265517441095128, 19.022979127379436 ], [ -104.266911774142471, 19.023538181113139 ], [ -104.267295787794751, 19.023724398349351 ], [ -104.267693513502266, 19.024034364106782 ], [ -104.267877679160236, 19.024290955606681 ], [ -104.268339395184924, 19.025178416692764 ], [ -104.26845399143339, 19.025455065778424 ], [ -104.268527055197509, 19.025858634389898 ], [ -104.268516835396539, 19.026158511938927 ], [ -104.268396078029568, 19.027154371768855 ], [ -104.268289783326225, 19.027423368930283 ], [ -104.267914499050107, 19.027682828837872 ], [ -104.267484673246571, 19.027784487889775 ], [ -104.265854102243139, 19.02799942855609 ], [ -104.265371182807655, 19.02801953816169 ], [ -104.264748132601213, 19.027898449889214 ], [ -104.264340981193314, 19.027705357374359 ], [ -104.26306399825765, 19.026925343347632 ], [ -104.262721303280287, 19.026661337368449 ], [ -104.262399036676726, 19.026209328327912 ], [ -104.262281350296291, 19.025827607560355 ], [ -104.262054414706384, 19.024498253127572 ], [ -104.262059615080105, 19.024127189281892 ], [ -104.262310816373827, 19.02372491240245 ], [ -104.262664474318115, 19.023521294401274 ], [ -104.264063672142044, 19.022973347544692 ] ] ] ] } },
{ "type": "Feature", "properties": { "fid": 39.0, "cat": 41, "CLAVE_ACUI": "0607", "NOM_ACUIF": "EL COLOMO", "VULNERABIL": 5 }, "geometry": { "type": "MultiPolygon", "coordinates": [ [ [ [ -104.200508695466283, 19.015880930245601 ], [ -104.201007509089195, 19.015883085579102 ], [ -104.201412893457075, 19.016050890622392 ], [ -104.202805881577916, 19.016831820183299 ], [ -104.203168151287144, 19.017075685147258 ], [ -104.203465747839729, 19.017432797938781 ], [ -104.203528615308826, 19.017699094663328 ], [ -104.203524399371943, 19.018584700138746 ], [ -104.203475032160867, 19.018850513490623 ], [ -104.203248867326707, 19.019205370178497 ], [ -104.202975141395854, 19.019446494600288 ], [ -104.201923913324492, 19.020216881528018 ], [ -104.201591757385657, 19.020381502159669 ], [ -104.201092930272807, 19.020379347912943 ], [ -104.20071247726149, 19.020211649671605 ], [ -104.199435864311241, 19.019431207813788 ], [ -104.199103881075715, 19.019187466763093 ], [ -104.198831232261043, 19.018830455286281 ], [ -104.19877371650054, 19.018564180407726 ], [ -104.198777957591957, 19.017678575959128 ], [ -104.198821987320528, 19.017412740938461 ], [ -104.199023217906699, 19.017057781849068 ], [ -104.199266659979202, 19.0168165321763 ], [ -104.200201487725451, 19.016045656518724 ], [ -104.200508695466283, 19.015880930245601 ] ] ] ] } },
{ "type": "Feature", "properties": { "fid": 40.0, "cat": 38, "CLAVE_ACUI": "0607", "NOM_ACUIF": "EL COLOMO", "VULNERABIL": 3 }, "geometry": { "type": "MultiPolygon", "coordinates": [ [ [ [ -104.29802105111979, 19.02302516327191 ], [ -104.298181087205577, 19.022249707476888 ], [ -104.299369626069023, 19.016386856649447 ], [ -104.299369961648452, 19.016366362608498 ], [ -104.300432510264471, 19.013708399986957 ], [ -104.303017285609485, 19.01437098126641 ], [ -104.303911016958409, 19.014642636454152 ], [ -104.306932921371356, 19.015485949956457 ], [ -104.308283359458656, 19.015953225272106 ], [ -104.308648108682988, 19.016061409943941 ], [ -104.309656685683663, 19.016355654318293 ], [ -104.310301040456935, 19.01652610032971 ], [ -104.311326145564209, 19.016788958628958 ], [ -104.312105784160096, 19.016996487104105 ], [ -104.31337272264409, 19.017165466101197 ], [ -104.313609680169989, 19.017198725412406 ], [ -104.314051328715053, 19.017257777150355 ], [ -104.314806658950616, 19.017431336379726 ], [ -104.316096058623828, 19.017608708119315 ], [ -104.316797980959478, 19.017664016603145 ], [ -104.317515160929219, 19.017486639836555 ], [ -104.318636710064013, 19.017490451774052 ], [ -104.318873228325444, 19.017690712837847 ], [ -104.319331003665724, 19.018016853721566 ], [ -104.318660221120211, 19.019778880379867 ], [ -104.317789719710859, 19.02214634376617 ], [ -104.315312213956972, 19.028557656421189 ], [ -104.314392652531907, 19.030963876298031 ], [ -104.31326801003631, 19.03049135129476 ], [ -104.3111802028304, 19.029869111561599 ], [ -104.30912122332056, 19.02942901002011 ], [ -104.30632692662023, 19.028759377338357 ], [ -104.303086637491958, 19.027942446899818 ], [ -104.301271098843245, 19.027421601326427 ], [ -104.299381655701623, 19.026819329224121 ], [ -104.297205041899403, 19.026141000969933 ], [ -104.2974401661657, 19.025588370779296 ], [ -104.297555926253352, 19.025175362215972 ], [ -104.297614198596747, 19.02491278505018 ], [ -104.297861013426285, 19.023800618816132 ], [ -104.29802105111979, 19.02302516327191 ] ] ] ] } },
{ "type": "Feature", "properties": { "fid": 41.0, "cat": 40, "CLAVE_ACUI": "0607", "NOM_ACUIF": "EL COLOMO", "VULNERABIL": 4 }, "geometry": { "type": "MultiPolygon", "coordinates": [ [ [ [ -104.299369961648452, 19.016366362608498 ], [ -104.299369626069023, 19.016386856649447 ], [ -104.298181087205577, 19.022249707476888 ], [ -104.29802105111979, 19.02302516327191 ], [ -104.297861013426285, 19.023800618816132 ], [ -104.297614198596747, 19.02491278505018 ], [ -104.297555926253352, 19.025175362215972 ], [ -104.2974401661657, 19.025588370779296 ], [ -104.297205041899403, 19.026141000969933 ], [ -104.297117136928634, 19.026284695950832 ], [ -104.296942038826842, 19.026402642463133 ], [ -104.296779803746404, 19.026427442418921 ], [ -104.296197805003374, 19.026425228027346 ], [ -104.295662048592391, 19.026301186855225 ], [ -104.293743859126678, 19.025724531702998 ], [ -104.291539360553273, 19.025024759206271 ], [ -104.283170052419436, 19.022335595916445 ], [ -104.280661741270393, 19.021461683551593 ], [ -104.277325461238505, 19.020072778814107 ], [ -104.275067660970251, 19.018962547113759 ], [ -104.267867707652044, 19.015170241536158 ], [ -104.265919571892766, 19.014162793732165 ], [ -104.264028035168963, 19.013253829414296 ], [ -104.263273957513221, 19.012962771089729 ], [ -104.26164645797391, 19.012513466077415 ], [ -104.261089749062677, 19.012309603665397 ], [ -104.260119271695132, 19.011807556297743 ], [ -104.259289587565448, 19.011294206532057 ], [ -104.256388242475452, 19.009400598127616 ], [ -104.255585597328562, 19.008821257377061 ], [ -104.254741229596917, 19.008011299915395 ], [ -104.254337632688078, 19.007433560710567 ], [ -104.253298557086865, 19.00554740080705 ], [ -104.252980001038338, 19.00507675232193 ], [ -104.252532468895595, 19.004766555288533 ], [ -104.25221169174138, 19.00479406511289 ], [ -104.251162259582358, 19.005232638213393 ], [ -104.250889487829653, 19.005280673350626 ], [ -104.250665988719945, 19.005066267811468 ], [ -104.250619476294446, 19.004711939378002 ], [ -104.250625916718391, 19.003272812245608 ], [ -104.250590388621944, 19.002852444654845 ], [ -104.250418151386199, 19.002329856408071 ], [ -104.250207626855669, 19.00200366918784 ], [ -104.249397421483692, 19.001004048481857 ], [ -104.249101282484844, 19.000702929636169 ], [ -104.248529501742397, 19.000297330054 ], [ -104.24800881170998, 19.000019020103025 ], [ -104.2461507162961, 18.999125829971245 ], [ -104.245576434331241, 18.998882878566992 ], [ -104.244754536391184, 18.998642304275407 ], [ -104.2441546776531, 18.998541577958989 ], [ -104.242177237080682, 18.998312085555554 ], [ -104.241625522692814, 18.99820138150292 ], [ -104.241028293622136, 18.997914266584036 ], [ -104.240726823867078, 18.997614807451143 ], [ -104.23991719923535, 18.996504445544883 ], [ -104.239562272377128, 18.996209848479531 ], [ -104.238715566943625, 18.995945423784324 ], [ -104.237860914393778, 18.995862268503465 ], [ -104.234719243623971, 18.995738605229207 ], [ -104.233922540110825, 18.995838671609604 ], [ -104.23334625460619, 18.996429342418793 ], [ -104.2333196935015, 18.997173094365024 ], [ -104.233772037968976, 19.000053266292511 ], [ -104.233846990150482, 19.000802521595986 ], [ -104.23374441370909, 19.001418875221272 ], [ -104.23352292300342, 19.001550124916246 ], [ -104.232591876799134, 19.001546267098327 ], [ -104.23240291516241, 19.001575983571417 ], [ -104.232452140307089, 19.001718521100752 ], [ -104.232711424093992, 19.001892429540163 ], [ -104.233872195650179, 19.002561460481612 ], [ -104.234168727915318, 19.002771104484975 ], [ -104.234391768346086, 19.00308041632811 ], [ -104.234413864670827, 19.003312646766997 ], [ -104.234293939172218, 19.00408707701412 ], [ -104.234209339317246, 19.004278199295463 ], [ -104.233934466022532, 19.004395672880651 ], [ -104.233626390002144, 19.004372369614973 ], [ -104.232463577502472, 19.004146143338623 ], [ -104.232118443230206, 19.004046433879349 ], [ -104.231670627846242, 19.003807353086167 ], [ -104.231376026214519, 19.00356551871252 ], [ -104.230449039170708, 19.002676037068518 ], [ -104.230122330330559, 19.002444233953188 ], [ -104.229524671013422, 19.002251969241456 ], [ -104.228997580330187, 19.002209107682319 ], [ -104.22713548280089, 19.00220134155186 ], [ -104.226640363415271, 19.002178940115545 ], [ -104.226191903600878, 19.002082176938615 ], [ -104.226046366124507, 19.001966346295173 ], [ -104.225815651431475, 19.00152256695787 ], [ -104.225670067692164, 19.001416902499816 ], [ -104.225221391066185, 19.001367580538822 ], [ -104.224726007905915, 19.001402784011304 ], [ -104.222862893818217, 19.001616377999401 ], [ -104.222330125241825, 19.001646334715765 ], [ -104.221706988801898, 19.001572548974327 ], [ -104.221349563085994, 19.001437184794927 ], [ -104.220304716795056, 19.00087926884283 ], [ -104.220038307033178, 19.000708702298319 ], [ -104.219839903781903, 19.00047064437468 ], [ -104.219822879882642, 19.000301128480523 ], [ -104.219941837411767, 18.999748112268723 ], [ -104.219876789062482, 18.9995631440068 ], [ -104.219454274049468, 18.999252974521472 ], [ -104.218915730858214, 18.998994842248596 ], [ -104.216825057371395, 18.998100381106816 ], [ -104.21626495640129, 18.997882816703594 ], [ -104.21574181183307, 18.997761990325099 ], [ -104.215554562055218, 18.997806946853103 ], [ -104.215203872993868, 18.998137570804019 ], [ -104.215133902311266, 18.998244023895467 ], [ -104.215158062386578, 18.998410181476228 ], [ -104.215262547677, 18.99854109633684 ], [ -104.215725987093265, 18.998985874110954 ], [ -104.215830520779974, 18.999106622231071 ], [ -104.21585490375918, 18.999225336346086 ], [ -104.215785202738488, 18.999274179842001 ], [ -104.215648435617382, 18.999343282486542 ], [ -104.215435548047452, 18.999383401631338 ], [ -104.215227142966938, 18.999380823770828 ], [ -104.214989628522915, 18.999385645485962 ], [ -104.214600139210248, 18.999393552400932 ], [ -104.214048254453033, 18.999465810809788 ], [ -104.213342220136767, 18.999657072411868 ], [ -104.212639970057651, 18.999978393378086 ], [ -104.211789417522311, 19.000568138678716 ], [ -104.210879842676434, 19.001068212995825 ], [ -104.209531339486261, 19.001666162372779 ], [ -104.208380864919818, 19.002071140599551 ], [ -104.207331113438514, 19.002263204655037 ], [ -104.206192687120875, 19.002432393874038 ], [ -104.205444376350101, 19.002547743222387 ], [ -104.205064856508301, 19.002568146601245 ], [ -104.204691346183708, 19.002447936608025 ], [ -104.204316022160825, 19.001716182709842 ], [ -104.212548922779575, 18.987783086485621 ], [ -104.213188562386719, 18.986622041250683 ], [ -104.215173661101971, 18.98322008407607 ], [ -104.21657227956959, 18.983712933501344 ], [ -104.217868384163864, 18.984221660356308 ], [ -104.222746617041707, 18.986234861254577 ], [ -104.224421516968562, 18.986882382585478 ], [ -104.227359432504684, 18.98789099606207 ], [ -104.228592266887048, 18.98817417744127 ], [ -104.232895356709236, 18.989745749164836 ], [ -104.234596755818586, 18.990186322182943 ], [ -104.23540549240812, 18.990569678909793 ], [ -104.237129779860823, 18.991019788739045 ], [ -104.24021976529967, 18.992198467871248 ], [ -104.241146759004124, 18.992413988037971 ], [ -104.242073755262794, 18.992629503638781 ], [ -104.245369739985577, 18.993783388195769 ], [ -104.24596484787854, 18.994092362374612 ], [ -104.251473413095795, 18.995785995810305 ], [ -104.25223637297195, 18.996140744741776 ], [ -104.256844646357166, 18.997714223067291 ], [ -104.259530262977236, 18.99883759296074 ], [ -104.261567364725991, 18.999541366526572 ], [ -104.262765482926099, 19.000039451853922 ], [ -104.26413853760863, 19.00053694985721 ], [ -104.264970161866174, 19.00072958312888 ], [ -104.265801788169014, 19.000922212722148 ], [ -104.269067253977425, 19.002200068548042 ], [ -104.271581513232377, 19.003214426469469 ], [ -104.274186711499013, 19.004217937595737 ], [ -104.277009661589787, 19.00565600492823 ], [ -104.280565052263967, 19.007109328520976 ], [ -104.283929702673149, 19.008204087904357 ], [ -104.28503685652619, 19.008650467101926 ], [ -104.288547966705352, 19.009945012091968 ], [ -104.289117825924933, 19.010178088976183 ], [ -104.290620584981653, 19.010607031637626 ], [ -104.293100472101514, 19.011421612971834 ], [ -104.295526681914453, 19.011936567244799 ], [ -104.296781743516021, 19.012401828447317 ], [ -104.299318589791881, 19.013532934279631 ], [ -104.300432510264471, 19.013708399986957 ], [ -104.299369961648452, 19.016366362608498 ] ] ] ] } },
{ "type": "Feature", "properties": { "fid": 42.0, "cat": 42, "CLAVE_ACUI": "0607", "NOM_ACUIF": "EL COLOMO", "VULNERABIL": 5 }, "geometry": { "type": "MultiPolygon", "coordinates": [ [ [ [ -104.226815291840481, 19.009688875901478 ], [ -104.227287945689625, 19.009951794502644 ], [ -104.227354572147476, 19.010156989845036 ], [ -104.227437247529068, 19.010411611771143 ], [ -104.227661337242736, 19.012294507508859 ], [ -104.22766060091655, 19.012840114666627 ], [ -104.227433071295948, 19.01350338571476 ], [ -104.22710876403201, 19.01390530810783 ], [ -104.225822849589534, 19.01511766920423 ], [ -104.225413518178115, 19.01541248271808 ], [ -104.224789229989426, 19.015575922639254 ], [ -104.224306722687288, 19.0155145944887 ], [ -104.22282170529617, 19.015104291388919 ], [ -104.222208020253859, 19.014891829853813 ], [ -104.221636040106205, 19.014533591693176 ], [ -104.221290222135011, 19.014194942831626 ], [ -104.220886484309148, 19.013721338011862 ], [ -104.219977472798575, 19.012619231868769 ], [ -104.219755000612309, 19.012191295032785 ], [ -104.219708102296536, 19.011933542465187 ], [ -104.219711068044433, 19.011297387930849 ], [ -104.219711714898096, 19.011158634095658 ], [ -104.219792819365935, 19.010957337836448 ], [ -104.220167693954082, 19.010792863223557 ], [ -104.220622124666775, 19.010759194834865 ], [ -104.222367927658922, 19.010766540774441 ], [ -104.222913187497042, 19.010738331795558 ], [ -104.223711929202622, 19.010599351834838 ], [ -104.224307728073526, 19.010429017713921 ], [ -104.226289372833989, 19.009773093977227 ], [ -104.226815291840481, 19.009688875901478 ] ] ] ] } },
{ "type": "Feature", "properties": { "fid": 43.0, "cat": 43, "CLAVE_ACUI": "0607", "NOM_ACUIF": "EL COLOMO", "VULNERABIL": 3 }, "geometry": { "type": "MultiPolygon", "coordinates": [ [ [ [ -104.250166741117312, 19.007288493566488 ], [ -104.249988868829263, 19.008023163835851 ], [ -104.249825309906811, 19.008346140669527 ], [ -104.249239904920017, 19.009118694518691 ], [ -104.248969959413557, 19.009329405162049 ], [ -104.248295621044889, 19.009540167393951 ], [ -104.247602226044236, 19.009630543779281 ], [ -104.245040718949639, 19.009841517860476 ], [ -104.244331586827613, 19.009865734222945 ], [ -104.243583814392977, 19.009767789698653 ], [ -104.243224700882507, 19.009603654330494 ], [ -104.242296614214496, 19.008935632920362 ], [ -104.242007370441414, 19.008685364570784 ], [ -104.241585649806183, 19.008185469170321 ], [ -104.241272436242511, 19.007721601179018 ], [ -104.240232504378923, 19.006056776539683 ], [ -104.240004851007882, 19.005583091098217 ], [ -104.239982388205391, 19.005037386953077 ], [ -104.240177950178321, 19.004731495059378 ], [ -104.2411130294918, 19.003849700589203 ], [ -104.241346180836132, 19.003503294697857 ], [ -104.24149914622339, 19.002768531330577 ], [ -104.241484517703256, 19.002065275515577 ], [ -104.241263289967023, 18.999518178112975 ], [ -104.24129652738884, 18.99886595171353 ], [ -104.241672858531032, 18.998369325830815 ], [ -104.242177237080682, 18.998312085555554 ], [ -104.2441546776531, 18.998541577958989 ], [ -104.244754536391184, 18.998642304275407 ], [ -104.245576434331241, 18.998882878566992 ], [ -104.2461507162961, 18.999125829971245 ], [ -104.24800881170998, 19.000019020103025 ], [ -104.248529501742397, 19.000297330054 ], [ -104.249101282484844, 19.000702929636169 ], [ -104.249397421483692, 19.001004048481857 ], [ -104.250207626855669, 19.00200366918784 ], [ -104.250407212977791, 19.002385728980116 ], [ -104.250528404294641, 19.003169055924751 ], [ -104.25050194756902, 19.003906034735088 ], [ -104.250257285246903, 19.006561941486147 ], [ -104.250166741117312, 19.007288493566488 ] ] ] ] } }
]
}
