{
"type": "FeatureCollection",
"name": "0320",
"crs": { "type": "name", "properties": { "name": "urn:ogc:def:crs:OGC:1.3:CRS84" } },
"features": [
{ "type": "Feature", "properties": { "fid": 1.0, "cat": 1, "CLAVE_ACUI": "0320", "NOM_ACUIF": "SANTIAGO", "VULNERABIL": 3 }, "geometry": { "type": "MultiPolygon", "coordinates": [ [ [ [ -109.70866776183513, 23.672969288231812 ], [ -109.709750933972401, 23.672961956422384 ], [ -109.708123995986995, 23.674071593402996 ], [ -109.706504398832976, 23.675176223642083 ], [ -109.702258367223848, 23.678072187555031 ], [ -109.698663536384771, 23.680524006415897 ], [ -109.697055855775773, 23.681620509093179 ], [ -109.696083148229931, 23.682288920657498 ], [ -109.695463573046069, 23.682706509798994 ], [ -109.695517097292608, 23.682272085927995 ], [ -109.695662057313356, 23.682020327257547 ], [ -109.695700203909354, 23.681736144939872 ], [ -109.695738350505351, 23.681451962622198 ], [ -109.695633784101588, 23.68129358663149 ], [ -109.695524721752449, 23.681142987560843 ], [ -109.695526686328421, 23.680968589733453 ], [ -109.69565239278225, 23.680956173960301 ], [ -109.695798761887374, 23.680931866075749 ], [ -109.696280314116848, 23.680825290102938 ], [ -109.696439414056542, 23.6807267231802 ], [ -109.696700327773684, 23.680373320797386 ], [ -109.696913960748674, 23.679967027004562 ], [ -109.697649990825198, 23.678424389233982 ], [ -109.697847977789678, 23.677926522646697 ], [ -109.698035896343285, 23.677145785532648 ], [ -109.698106365113617, 23.676528313590573 ], [ -109.698247298526979, 23.674427514684552 ], [ -109.698427462923618, 23.673871923904255 ], [ -109.699127297343111, 23.673379964292007 ], [ -109.699946896414801, 23.673232752136425 ], [ -109.703071857140401, 23.673037685232767 ], [ -109.703896214297203, 23.672966691625973 ], [ -109.704618256495323, 23.672830491480596 ], [ -109.704825388435438, 23.672706916963083 ], [ -109.705069961735973, 23.672266437818937 ], [ -109.705155660712137, 23.672152007663797 ], [ -109.705311016865423, 23.672058479608946 ], [ -109.705447255351558, 23.672039298201032 ], [ -109.705927678996204, 23.672043312216072 ], [ -109.706063517282232, 23.672064766873234 ], [ -109.706217005713526, 23.672160875408551 ], [ -109.706300436694804, 23.6722767187245 ], [ -109.706536293637242, 23.672721212226531 ], [ -109.706658330959115, 23.672837377718004 ], [ -109.706991980906821, 23.672934989609704 ], [ -109.707346586326366, 23.672958269067419 ], [ -109.70866776183513, 23.672969288231812 ] ] ] ] } },
{ "type": "Feature", "properties": { "fid": 2.0, "cat": 2, "CLAVE_ACUI": "0320", "NOM_ACUIF": "SANTIAGO", "VULNERABIL": 2 }, "geometry": { "type": "MultiPolygon", "coordinates": [ [ [ [ -109.711006415988606, 23.672105667315993 ], [ -109.709750933972401, 23.672961956422384 ], [ -109.70866776183513, 23.672969288231812 ], [ -109.707346586326366, 23.672958269067419 ], [ -109.706991980906821, 23.672934989609704 ], [ -109.706658330959115, 23.672837377718004 ], [ -109.706536293637242, 23.672721212226531 ], [ -109.706300436694804, 23.6722767187245 ], [ -109.706217005713526, 23.672160875408551 ], [ -109.706063517282232, 23.672064766873234 ], [ -109.705927678996204, 23.672043312216072 ], [ -109.705447255351558, 23.672039298201032 ], [ -109.705311016865423, 23.672058479608946 ], [ -109.705155660712137, 23.672152007663797 ], [ -109.705069961735973, 23.672266437818937 ], [ -109.704825388435438, 23.672706916963083 ], [ -109.704618256495323, 23.672830491480596 ], [ -109.703896214297203, 23.672966691625973 ], [ -109.703071857140401, 23.673037685232767 ], [ -109.699946896414801, 23.673232752136425 ], [ -109.699127297343111, 23.673379964292007 ], [ -109.698427462923618, 23.673871923904255 ], [ -109.698247298526979, 23.674427514684552 ], [ -109.698106365113617, 23.676528313590573 ], [ -109.698035896343285, 23.677145785532648 ], [ -109.697847977789678, 23.677926522646697 ], [ -109.697649990825198, 23.678424389233982 ], [ -109.696913960748674, 23.679967027004562 ], [ -109.696700327773684, 23.680373320797386 ], [ -109.696439414056542, 23.6807267231802 ], [ -109.696280314116848, 23.680825290102938 ], [ -109.695798761887374, 23.680931866075749 ], [ -109.69565239278225, 23.680956173960301 ], [ -109.695526686328421, 23.680968589733453 ], [ -109.695528535361575, 23.680804448783263 ], [ -109.695532348970715, 23.68046591000568 ], [ -109.695654420413803, 23.680124509304186 ], [ -109.695765047965352, 23.679944272806701 ], [ -109.695875675516916, 23.679764036309212 ], [ -109.695959600013623, 23.679512277852538 ], [ -109.695971039812775, 23.678465191190416 ], [ -109.695982479611914, 23.677418104528293 ], [ -109.696127440137388, 23.677179696582698 ], [ -109.696272400662863, 23.676941288637099 ], [ -109.69640973215688, 23.676829713037421 ], [ -109.696547063650897, 23.676718137437739 ], [ -109.696672950312291, 23.676538854575181 ], [ -109.696798836973699, 23.676359571712624 ], [ -109.696768317534747, 23.67606108522623 ], [ -109.69673779809581, 23.675762598739841 ], [ -109.696836981808332, 23.675537541677457 ], [ -109.696943793698765, 23.67508742787232 ], [ -109.696989569863689, 23.674807060729577 ], [ -109.697180307539369, 23.674637313615129 ], [ -109.697310007858533, 23.674240602623009 ], [ -109.697248970734975, 23.673851521794646 ], [ -109.697432078298235, 23.673655073260985 ], [ -109.697454958123942, 23.671396875628563 ], [ -109.697645694537385, 23.670920060087308 ], [ -109.697805914532239, 23.670660671869189 ], [ -109.697775392863463, 23.669819569232953 ], [ -109.697996648523485, 23.66959451174683 ], [ -109.69815686657644, 23.669081457994139 ], [ -109.698156864389418, 23.668549331953706 ], [ -109.697859311005416, 23.668240357190001 ], [ -109.697546497935548, 23.667790244852284 ], [ -109.697462571902108, 23.667668180364476 ], [ -109.697542676346771, 23.666187191388026 ], [ -109.697622780791434, 23.664706202411573 ], [ -109.697281056027265, 23.664142583953879 ], [ -109.696829300878122, 23.663146066284334 ], [ -109.696234193398297, 23.662354554665615 ], [ -109.695860343100733, 23.661927329240267 ], [ -109.695593307341539, 23.661475309371756 ], [ -109.694616722984264, 23.660870711002097 ], [ -109.69352569410816, 23.660077293738926 ], [ -109.692701700129462, 23.659526098628543 ], [ -109.692098964731727, 23.659241919002135 ], [ -109.690573051390032, 23.658351233446247 ], [ -109.6896956491818, 23.657359460174167 ], [ -109.689321800379503, 23.657077187125143 ], [ -109.688688545612521, 23.656730067841441 ], [ -109.688444399886649, 23.65650310460633 ], [ -109.68780351577368, 23.656096860334362 ], [ -109.687559369148531, 23.655869897099382 ], [ -109.687414406941812, 23.655589529728644 ], [ -109.687452552996106, 23.655282460274659 ], [ -109.687330475396919, 23.654124753577928 ], [ -109.68746017718135, 23.653865365472015 ], [ -109.687551730336651, 23.653504892941811 ], [ -109.687528840304424, 23.65327983631137 ], [ -109.687154991119002, 23.652904107305222 ], [ -109.686834547704592, 23.652370075016762 ], [ -109.686559882374922, 23.652022954485471 ], [ -109.686010553062133, 23.651656762064484 ], [ -109.685804554542017, 23.651403097252317 ], [ -109.685110263570877, 23.650890046487593 ], [ -109.684667748531226, 23.650653547071833 ], [ -109.68420234554867, 23.650481895773119 ], [ -109.683851385308401, 23.650285449105823 ], [ -109.683584350474675, 23.650058485951799 ], [ -109.683370721795612, 23.649766675473799 ], [ -109.682653541872597, 23.649182102290155 ], [ -109.681936361949582, 23.648597529106514 ], [ -109.681448069623912, 23.648368659348613 ], [ -109.680975036388219, 23.648026307945628 ], [ -109.681022477253705, 23.647799510452032 ], [ -109.681175608093497, 23.6474552364819 ], [ -109.681337458888336, 23.647312526640601 ], [ -109.681646688910348, 23.647220484252927 ], [ -109.682115868561922, 23.647175366828893 ], [ -109.683918206959191, 23.647080046622484 ], [ -109.684453045450269, 23.647086279232283 ], [ -109.685146621823819, 23.647210695897094 ], [ -109.685602607658765, 23.647382201848231 ], [ -109.687036973552395, 23.648058140442362 ], [ -109.687475662790447, 23.648305694321117 ], [ -109.688088506812193, 23.648785013489597 ], [ -109.688525310054075, 23.649222201322484 ], [ -109.689950898800817, 23.650783086172744 ], [ -109.690365860442981, 23.651199764638761 ], [ -109.690876740813067, 23.651583385580306 ], [ -109.691191606602317, 23.651714737372863 ], [ -109.69215010029275, 23.65194408890336 ], [ -109.692620072783882, 23.652005626611018 ], [ -109.693854782816686, 23.652063448619266 ], [ -109.69514868219521, 23.652084505808624 ], [ -109.699952174778659, 23.652124866308782 ], [ -109.701301621826019, 23.652105698016726 ], [ -109.7027955409811, 23.651975966983013 ], [ -109.703580262452888, 23.651809811775347 ], [ -109.70574836609984, 23.651164141649282 ], [ -109.70631857595356, 23.650940301031834 ], [ -109.706811461895157, 23.650541399579915 ], [ -109.706945375756078, 23.65019538270381 ], [ -109.70707742113926, 23.6489795395313 ], [ -109.707217495496408, 23.648567533514946 ], [ -109.707739128808882, 23.647860680937555 ], [ -109.708344241004241, 23.647262895465438 ], [ -109.710646423843414, 23.645180060734365 ], [ -109.711278731851081, 23.644618048984892 ], [ -109.711927360723209, 23.644078183429144 ], [ -109.712221669188722, 23.643868960582399 ], [ -109.712946480179127, 23.643432452464889 ], [ -109.713157034355547, 23.643329212942419 ], [ -109.713414812286757, 23.643283938555932 ], [ -109.713572512654807, 23.64332250050677 ], [ -109.714050670897294, 23.643547730072843 ], [ -109.714180454891093, 23.643621620053693 ], [ -109.714307954399089, 23.643741211195749 ], [ -109.71436031249597, 23.643838165777929 ], [ -109.714477150968307, 23.644171029365033 ], [ -109.714440790334322, 23.64431804856244 ], [ -109.714154267620657, 23.644671274237851 ], [ -109.713781308441412, 23.645028862309371 ], [ -109.712327338291487, 23.646344372158755 ], [ -109.711948805647921, 23.646706989131363 ], [ -109.711636306668751, 23.647083700561545 ], [ -109.711568413813509, 23.647259243616723 ], [ -109.711564080504914, 23.647701733535644 ], [ -109.711634387066937, 23.64784286495383 ], [ -109.711966818403539, 23.648058987928007 ], [ -109.712371414541209, 23.648226602776859 ], [ -109.71392710637987, 23.648792673687097 ], [ -109.714331707487048, 23.648960283610052 ], [ -109.71466414628263, 23.649176401084134 ], [ -109.714734456950382, 23.649317531248901 ], [ -109.714730133865928, 23.64976002160229 ], [ -109.714596569921852, 23.649884221341985 ], [ -109.713977593953416, 23.650021328253249 ], [ -109.713226906189803, 23.650092992516949 ], [ -109.710342669713924, 23.650290287551758 ], [ -109.709553330334842, 23.650366692340903 ], [ -109.70875398557817, 23.650525983253761 ], [ -109.708401403820687, 23.650677139649073 ], [ -109.707555363902756, 23.651223244790867 ], [ -109.7073348203931, 23.651405979504936 ], [ -109.70715166092441, 23.651712639214185 ], [ -109.707110548411606, 23.651967990070002 ], [ -109.7071018497642, 23.652852967785989 ], [ -109.707071765237473, 23.653108410563373 ], [ -109.706940069291804, 23.653415499113517 ], [ -109.706782016495524, 23.653598754124207 ], [ -109.706176130053521, 23.654146854120164 ], [ -109.705908088674036, 23.654298709981568 ], [ -109.705263117530819, 23.654459270593819 ], [ -109.704609771540447, 23.654536785084439 ], [ -109.70220579230029, 23.65473793759347 ], [ -109.70145288482253, 23.654845084983265 ], [ -109.700343296303842, 23.655143971503623 ], [ -109.699511074933397, 23.65546380405242 ], [ -109.696736937197414, 23.656657442784034 ], [ -109.696031277979955, 23.65700372006717 ], [ -109.695512366715135, 23.657426072442441 ], [ -109.695476727043399, 23.65768315855988 ], [ -109.695829324264409, 23.658460542135622 ], [ -109.695987145224663, 23.658673536343812 ], [ -109.696371044192816, 23.658890125614029 ], [ -109.696761650430716, 23.658986543954764 ], [ -109.698200583295588, 23.659219899507228 ], [ -109.698624078100593, 23.659336909460233 ], [ -109.699161452403843, 23.659649607265774 ], [ -109.699505635952434, 23.659979308823754 ], [ -109.700574461931424, 23.661205215299898 ], [ -109.700863004983816, 23.661585247410937 ], [ -109.701140702621487, 23.662132827916313 ], [ -109.701248869598459, 23.662535054023284 ], [ -109.701475952215262, 23.663864528732685 ], [ -109.701556999258543, 23.664220807414893 ], [ -109.70170813424285, 23.664553966692839 ], [ -109.701842994196198, 23.664673629777315 ], [ -109.702321206247021, 23.664898897447966 ], [ -109.702460829821334, 23.665094799822469 ], [ -109.702634194417513, 23.665783743983798 ], [ -109.70274223510296, 23.666572047567431 ], [ -109.703073066405281, 23.669561852858038 ], [ -109.703236462067366, 23.670330299368707 ], [ -109.703668139155937, 23.670926577851962 ], [ -109.704121424158899, 23.671009956777425 ], [ -109.705805072091096, 23.670802769343119 ], [ -109.706249028485686, 23.67071334429999 ], [ -109.706637178989354, 23.670503225496059 ], [ -109.706747723462186, 23.670292481839287 ], [ -109.70687544684705, 23.669519130722424 ], [ -109.706936405413217, 23.669302892976301 ], [ -109.707093156039107, 23.669067134645253 ], [ -109.707256126872039, 23.668946574650011 ], [ -109.707859905374008, 23.668619718268666 ], [ -109.708116379038202, 23.668525337115639 ], [ -109.70870947885669, 23.668411748225925 ], [ -109.709300290523046, 23.668343857973408 ], [ -109.711464309237513, 23.668140608555028 ], [ -109.712066347718604, 23.668052481002785 ], [ -109.712711843881181, 23.667844485356678 ], [ -109.713031942511023, 23.667635477686744 ], [ -109.713880235111432, 23.66686810277 ], [ -109.714090131734551, 23.666648017915104 ], [ -109.714221362391342, 23.666388333216233 ], [ -109.714198938772682, 23.666237440199463 ], [ -109.713963065822767, 23.665792957382003 ], [ -109.713940741960698, 23.665631905140796 ], [ -109.714072435561945, 23.665324810932287 ], [ -109.714282892333074, 23.665047156880721 ], [ -109.715133322868724, 23.664058529026775 ], [ -109.715392961267, 23.663827001186949 ], [ -109.715754184161554, 23.663735168509387 ], [ -109.716010579594027, 23.663835506871852 ], [ -109.716845873387982, 23.664395583195208 ], [ -109.717068488343216, 23.664566760324284 ], [ -109.717272060396155, 23.664805513027105 ], [ -109.717340262303978, 23.664975411419366 ], [ -109.71745496589439, 23.665529517978158 ], [ -109.717523366600531, 23.665679097886361 ], [ -109.717727866063413, 23.665823030795064 ], [ -109.717951607496019, 23.665879069082184 ], [ -109.718791235493114, 23.665996645609038 ], [ -109.719103376050057, 23.66603777723142 ], [ -109.719546729803739, 23.666067676579484 ], [ -109.719847178999458, 23.666075912241311 ], [ -109.718672180055918, 23.666894259295667 ], [ -109.717921141056976, 23.667389547392879 ], [ -109.716791002935054, 23.668160346934435 ], [ -109.714800241517096, 23.669518126093049 ], [ -109.712329910112956, 23.671202991223122 ], [ -109.711006415988606, 23.672105667315993 ] ] ] ] } },
{ "type": "Feature", "properties": { "fid": 3.0, "cat": 3, "CLAVE_ACUI": "0320", "NOM_ACUIF": "SANTIAGO", "VULNERABIL": 3 }, "geometry": { "type": "MultiPolygon", "coordinates": [ [ [ [ -109.596866752070625, 23.61496136742759 ], [ -109.596195350913817, 23.614619970402899 ], [ -109.596018437752591, 23.614527737596095 ], [ -109.595838557302528, 23.614447243589005 ], [ -109.595755622495545, 23.614411674021973 ], [ -109.595703826074455, 23.614388799863804 ], [ -109.595644073557679, 23.61436324412049 ], [ -109.595585631722855, 23.614337004212771 ], [ -109.59548737147685, 23.614292929937527 ], [ -109.59543406360099, 23.61426904321517 ], [ -109.595343009580901, 23.61422601878154 ], [ -109.595251575288188, 23.614183157213468 ], [ -109.595173835374439, 23.614147688514514 ], [ -109.595076776596386, 23.614108282408569 ], [ -109.594976325450773, 23.614071616337537 ], [ -109.594849360602097, 23.614026649131358 ], [ -109.594734653284476, 23.613983429460191 ], [ -109.594500507371691, 23.613876688577641 ], [ -109.594377606829227, 23.613810522227862 ], [ -109.594202414690159, 23.613720626012242 ], [ -109.593949860853911, 23.613591033244905 ], [ -109.593735067309026, 23.613480696803393 ], [ -109.593623975298073, 23.613423630390258 ], [ -109.593386385510442, 23.613291722685954 ], [ -109.593146530019467, 23.613137872261373 ], [ -109.592971883325148, 23.613016631911485 ], [ -109.592556936805124, 23.612730181888974 ], [ -109.590176131904727, 23.610827894206338 ], [ -109.58953546898374, 23.610251435349678 ], [ -109.588926475876903, 23.609463600874729 ], [ -109.588697145405362, 23.608914583723546 ], [ -109.588235932073431, 23.607140338736293 ], [ -109.588072480693526, 23.606617319227535 ], [ -109.58777091590575, 23.605950806916486 ], [ -109.587503560869479, 23.605521665763263 ], [ -109.586557478445869, 23.604185516580888 ], [ -109.586409814908407, 23.604014677071557 ], [ -109.586217925186233, 23.603817901003474 ], [ -109.585935802060376, 23.603594731304945 ], [ -109.58567265577156, 23.603426165613101 ], [ -109.585439231981027, 23.603304845182926 ], [ -109.585086843782321, 23.603155838501408 ], [ -109.584721479605818, 23.60302403965736 ], [ -109.584379299219904, 23.602900603967107 ], [ -109.583519090689848, 23.602625963213452 ], [ -109.583401287895612, 23.602594239129679 ], [ -109.583276176919426, 23.602562526883972 ], [ -109.583178042496101, 23.602538089287567 ], [ -109.583107183178001, 23.602522825429872 ], [ -109.583028729427554, 23.602510844888052 ], [ -109.582955853161351, 23.602506661113043 ], [ -109.582905960778945, 23.602507352844956 ], [ -109.582872900955564, 23.602508570345535 ], [ -109.58281057319401, 23.602517883505172 ], [ -109.582770401151421, 23.602528027491172 ], [ -109.582735776186368, 23.602543430411142 ], [ -109.582708724713854, 23.602562404823789 ], [ -109.582688303503332, 23.602588854636348 ], [ -109.582676181905427, 23.602612035761709 ], [ -109.582663802498203, 23.602644548869115 ], [ -109.582654453579181, 23.602678150398088 ], [ -109.582644724244261, 23.602719932638109 ], [ -109.582634546357141, 23.602769487230123 ], [ -109.582627039871781, 23.602810066313044 ], [ -109.582619413376975, 23.602845515547656 ], [ -109.582611822259494, 23.602885911249405 ], [ -109.582600077115046, 23.60294841237042 ], [ -109.582555203556765, 23.603093645959831 ], [ -109.582507385095681, 23.603214129492592 ], [ -109.582441470770803, 23.603321240270521 ], [ -109.582347673346035, 23.603432024206462 ], [ -109.582233229119439, 23.603313774579597 ], [ -109.581378717984521, 23.60279881700605 ], [ -109.580890425178026, 23.602451697226087 ], [ -109.58118886525871, 23.602466816178836 ], [ -109.581466941316833, 23.602413518267699 ], [ -109.581467067243054, 23.602413477867049 ], [ -109.581690850476107, 23.60234168195268 ], [ -109.581893903931061, 23.602256521159887 ], [ -109.58204580715919, 23.602162804592009 ], [ -109.582209056796927, 23.602014942584411 ], [ -109.582338535961455, 23.601867214678503 ], [ -109.5824549803108, 23.60171861778495 ], [ -109.582574900610823, 23.601573207179584 ], [ -109.582800837408058, 23.601252261062509 ], [ -109.582981632752691, 23.60094939609235 ], [ -109.583173118910224, 23.600580561343037 ], [ -109.583378387226276, 23.600074455345947 ], [ -109.583603309654563, 23.599477335669938 ], [ -109.583937272339909, 23.598590722125596 ], [ -109.586424478473916, 23.590537519224988 ], [ -109.587073890349416, 23.588228698714257 ], [ -109.587617457435641, 23.585507441481838 ], [ -109.587744587616044, 23.583928754984363 ], [ -109.587794302448543, 23.579282809184622 ], [ -109.587743660171839, 23.577834582298447 ], [ -109.587457626865174, 23.575722137317737 ], [ -109.587099656330508, 23.574152585236025 ], [ -109.585715215805067, 23.568940447866193 ], [ -109.58527942691137, 23.567436222236942 ], [ -109.584990454843719, 23.566631751322323 ], [ -109.58481029490315, 23.566130198241051 ], [ -109.585045429844143, 23.565615493004291 ], [ -109.585081524563009, 23.565601097261094 ], [ -109.585377500975341, 23.56548305183545 ], [ -109.586112911848204, 23.564051569996323 ], [ -109.586304809661783, 23.563628297887742 ], [ -109.586464931141464, 23.56308451245917 ], [ -109.586501779185625, 23.562730948483157 ], [ -109.586513615678726, 23.561624768752406 ], [ -109.586494763506792, 23.561326577049019 ], [ -109.586394950892711, 23.561041195563714 ], [ -109.586271213750649, 23.560931699362211 ], [ -109.585793587153375, 23.560706097758885 ], [ -109.585649224190618, 23.56046433630409 ], [ -109.585453157357477, 23.559561718498905 ], [ -109.585317425846185, 23.558514025915876 ], [ -109.584880089471326, 23.554527410622033 ], [ -109.584744583031721, 23.553459399754853 ], [ -109.584549545626587, 23.552461965375549 ], [ -109.584406426366584, 23.552105070024314 ], [ -109.58393357519094, 23.551436992135063 ], [ -109.583811517828281, 23.551171726171283 ], [ -109.58371476556573, 23.550601896959947 ], [ -109.583698605019293, 23.550053121234274 ], [ -109.583719939551258, 23.548061996775427 ], [ -109.583781293759884, 23.547478367476096 ], [ -109.584046278383482, 23.546745888457792 ], [ -109.584363472285659, 23.546283118574696 ], [ -109.585578711641574, 23.544855998517878 ], [ -109.586016017003715, 23.544495914956876 ], [ -109.586841550355032, 23.54424264899157 ], [ -109.587583580519166, 23.54424092217668 ], [ -109.588902220647739, 23.544363519398992 ], [ -109.589980895810911, 23.544483930420476 ], [ -109.590128802415876, 23.544477547537547 ], [ -109.590220863847861, 23.544486105554562 ], [ -109.590917196379948, 23.544636345937658 ], [ -109.591529460002732, 23.545092309867723 ], [ -109.591707789370162, 23.545593448970646 ], [ -109.591927729765615, 23.54747613526931 ], [ -109.592017584832661, 23.548006952472615 ], [ -109.592216966192368, 23.548601413267619 ], [ -109.592411941898902, 23.548919825635746 ], [ -109.593122451889158, 23.549811287602299 ], [ -109.593307006683048, 23.550073725688485 ], [ -109.593457747109454, 23.550406976468754 ], [ -109.593488535241576, 23.550620611083513 ], [ -109.59348147217014, 23.551284321878274 ], [ -109.59344625133356, 23.551487199635414 ], [ -109.593288950233571, 23.551770251620617 ], [ -109.593106283498074, 23.55196447302524 ], [ -109.593099454824582, 23.551971733633753 ], [ -109.59237244005358, 23.552628928858304 ], [ -109.592148800858851, 23.552931698613524 ], [ -109.591832168115999, 23.553687430680444 ], [ -109.591603473221241, 23.554464278029176 ], [ -109.590852843638459, 23.557333830357528 ], [ -109.590689605856738, 23.558172227597449 ], [ -109.590678480547069, 23.559215199406918 ], [ -109.590825828125958, 23.559866762094899 ], [ -109.591524587766557, 23.561864414655968 ], [ -109.591728343671576, 23.562394570062224 ], [ -109.591980434072156, 23.562870977446 ], [ -109.592136806311458, 23.563021404085205 ], [ -109.59261445299596, 23.563246987049229 ], [ -109.592803563330321, 23.563428188848413 ], [ -109.593208432756668, 23.564048214569279 ], [ -109.593597710274622, 23.564752763265247 ], [ -109.595009500256069, 23.56742062534698 ], [ -109.595375674182179, 23.568226559217308 ], [ -109.595672665313771, 23.569319728243659 ], [ -109.595730761186303, 23.570075464979901 ], [ -109.59570487932065, 23.572509067203313 ], [ -109.595769512888154, 23.573168344712226 ], [ -109.596097022032069, 23.57381137098443 ], [ -109.596500259649744, 23.574070701645972 ], [ -109.598054532757942, 23.574637876406484 ], [ -109.598491704259601, 23.574816229847194 ], [ -109.598977557487672, 23.575081379351445 ], [ -109.599234461643647, 23.575281811584297 ], [ -109.599947497650447, 23.575952011559551 ], [ -109.600139137020989, 23.576070575893915 ], [ -109.600320413492824, 23.57595367781903 ], [ -109.60038773993611, 23.575668116378139 ], [ -109.600520651860919, 23.574452394282574 ], [ -109.600522494253269, 23.574105284075738 ], [ -109.60039818244617, 23.573701158740256 ], [ -109.600218752332424, 23.57347094689597 ], [ -109.599505727577125, 23.572800748530366 ], [ -109.599359364193091, 23.572570833767561 ], [ -109.599389355278291, 23.572168098364077 ], [ -109.599578561775047, 23.57182267668982 ], [ -109.600331433017672, 23.570755341304984 ], [ -109.601289936479873, 23.570275735154592 ], [ -109.601632094020488, 23.570231401649512 ], [ -109.602142900999652, 23.570567884240035 ], [ -109.60253047044246, 23.571092907083557 ], [ -109.603828343709239, 23.57320652632594 ], [ -109.604164558574396, 23.573898721109138 ], [ -109.604435666035883, 23.57501534966298 ], [ -109.604486744986275, 23.575918338982717 ], [ -109.604454000083422, 23.579015660062051 ], [ -109.604500373770236, 23.579842408138234 ], [ -109.604749534216566, 23.580603245319242 ], [ -109.60505910481811, 23.580863407080017 ], [ -109.606254610815085, 23.581316652953369 ], [ -109.606543536310724, 23.58144454906844 ], [ -109.606696344249613, 23.581588157015403 ], [ -109.606625715242913, 23.581665415515101 ], [ -109.606143304146386, 23.581882346357791 ], [ -109.606000655174924, 23.581994517730141 ], [ -109.60581737146201, 23.582301054087726 ], [ -109.605698186228352, 23.582626791807417 ], [ -109.605325268205178, 23.583840364118871 ], [ -109.60509564218566, 23.584185429274978 ], [ -109.60456505032154, 23.584486720244527 ], [ -109.604130618541262, 23.584578073380865 ], [ -109.602207937376519, 23.584782042796679 ], [ -109.601674364741072, 23.584855132529782 ], [ -109.601107042436524, 23.584992261868383 ], [ -109.600830154634153, 23.585115072331103 ], [ -109.600115658405215, 23.585544846025282 ], [ -109.600105331668544, 23.585551057572321 ], [ -109.599839895445086, 23.58563333020826 ], [ -109.599326019180836, 23.58558128512048 ], [ -109.599294774380155, 23.585570843594837 ], [ -109.598857347722131, 23.585424661598971 ], [ -109.597184101159812, 23.584745787456999 ], [ -109.596715327486493, 23.58459931652612 ], [ -109.59665286768427, 23.584598752287448 ], [ -109.596200952702475, 23.584594669107059 ], [ -109.595934903846469, 23.584734501618414 ], [ -109.595207712827687, 23.585391699480681 ], [ -109.594974404007644, 23.585562305642778 ], [ -109.594612824488863, 23.585701271645547 ], [ -109.594329591568481, 23.585729188226008 ], [ -109.59336941817692, 23.585720496532559 ], [ -109.593058683247165, 23.585743081854091 ], [ -109.592568759555306, 23.585857174351528 ], [ -109.592179602892898, 23.58599757798028 ], [ -109.590853456330436, 23.58653869616704 ], [ -109.590524539755492, 23.586715201132424 ], [ -109.590315748042158, 23.58699777979583 ], [ -109.590346391538432, 23.587224959260279 ], [ -109.590698189177417, 23.58800255122425 ], [ -109.590822905283048, 23.588195024946828 ], [ -109.591053114011515, 23.588315643901396 ], [ -109.591257267176886, 23.588295482814591 ], [ -109.591979771631358, 23.588080776871504 ], [ -109.592173010172544, 23.588050355852182 ], [ -109.592352287027978, 23.588123099030952 ], [ -109.592415158448418, 23.588257439066869 ], [ -109.592529281934873, 23.588811616129647 ], [ -109.592608091777961, 23.58900197924304 ], [ -109.592861747819271, 23.589336163199718 ], [ -109.593145304611369, 23.58962320536854 ], [ -109.594214922724973, 23.590628547678126 ], [ -109.594542684796025, 23.590905827811881 ], [ -109.595002614370159, 23.591194462762537 ], [ -109.595331893971107, 23.591329518244791 ], [ -109.596408604898642, 23.591671138605705 ], [ -109.596658400218672, 23.591763011594971 ], [ -109.596662083688145, 23.591793088786751 ], [ -109.596538525605993, 23.592123858273187 ], [ -109.596582887358934, 23.592271575891495 ], [ -109.596913468438444, 23.592630154991259 ], [ -109.596916966239789, 23.592633134864805 ], [ -109.596918925904234, 23.592635284184343 ], [ -109.597341367312424, 23.592994692318022 ], [ -109.599007667307191, 23.594337277780276 ], [ -109.599462434330746, 23.594768090583901 ], [ -109.599918362435389, 23.595435974174041 ], [ -109.600114919992521, 23.595959281639313 ], [ -109.600576264527675, 23.597733499554248 ], [ -109.600718249239918, 23.598205515593186 ], [ -109.600919494009204, 23.598634039771838 ], [ -109.601065001296789, 23.598774201118459 ], [ -109.601542790809745, 23.598999762509013 ], [ -109.60167770651897, 23.599099188795105 ], [ -109.601829522943376, 23.599337617510653 ], [ -109.601911487901489, 23.599578803737003 ], [ -109.602142175985549, 23.600465910644612 ], [ -109.602229492420008, 23.600722384570982 ], [ -109.602406279822389, 23.601032156059276 ], [ -109.602571516944792, 23.601218212731105 ], [ -109.603165838681676, 23.601776704556514 ], [ -109.603353448228461, 23.601932482387696 ], [ -109.603634635101585, 23.602100954744195 ], [ -109.603848720954701, 23.602185851644816 ], [ -109.604566602554769, 23.602413563166724 ], [ -109.604786040247646, 23.602513746595619 ], [ -109.605078685980104, 23.60274297372797 ], [ -109.605092200291452, 23.602753559351481 ], [ -109.605310134469846, 23.602995965591045 ], [ -109.606021005654199, 23.60388738053117 ], [ -109.606239050771634, 23.604119626776797 ], [ -109.606545718278625, 23.604312029065746 ], [ -109.606765769086508, 23.604354643208474 ], [ -109.607486004950715, 23.604361105236617 ], [ -109.607761069059393, 23.604414371223232 ], [ -109.608324466857553, 23.604656484639715 ], [ -109.608854258589602, 23.604949093916122 ], [ -109.610763241125099, 23.606072478222327 ], [ -109.611381344914236, 23.606355709740743 ], [ -109.612356828478951, 23.606554082300505 ], [ -109.613132270477749, 23.606554238854514 ], [ -109.615775510949931, 23.606356572958646 ], [ -109.616469817036673, 23.606208671940532 ], [ -109.617066672255959, 23.605716159109168 ], [ -109.617225016431703, 23.605160472849626 ], [ -109.6173670995246, 23.603059784132846 ], [ -109.617504243001946, 23.602422629841186 ], [ -109.618002162527802, 23.601549931191038 ], [ -109.618576329378186, 23.600940371267921 ], [ -109.620757819709283, 23.598968437393172 ], [ -109.621364714612199, 23.598389636276394 ], [ -109.622015435667095, 23.597660517135097 ], [ -109.622338144838324, 23.597197721059825 ], [ -109.62319339269952, 23.59576712354135 ], [ -109.623460233982186, 23.595374948312955 ], [ -109.623850255626678, 23.594975397633903 ], [ -109.624140588849656, 23.594796786150997 ], [ -109.625105453318184, 23.594362813415483 ], [ -109.625400289405277, 23.594280757956913 ], [ -109.625811330609125, 23.594331808402139 ], [ -109.626103697131356, 23.594486793116051 ], [ -109.62705703878494, 23.595159002007414 ], [ -109.627322008885372, 23.595298502525871 ], [ -109.627605188346394, 23.595277299051514 ], [ -109.627744759532447, 23.595107508095733 ], [ -109.628112909575705, 23.594336353395818 ], [ -109.6284144820508, 23.59395971552523 ], [ -109.6294536635057, 23.592973222789759 ], [ -109.630636621748224, 23.591940577398116 ], [ -109.635117764007106, 23.588107976061931 ], [ -109.63635007924114, 23.587090956733803 ], [ -109.637619888389267, 23.586177547969996 ], [ -109.638201600200674, 23.585889704844671 ], [ -109.639646451395876, 23.585459844111526 ], [ -109.640200023738004, 23.585227626276609 ], [ -109.641338508775689, 23.584573806803878 ], [ -109.642411335681743, 23.583871991780743 ], [ -109.646279291022466, 23.581250616586679 ], [ -109.647507209360782, 23.580468835821367 ], [ -109.649369614332514, 23.579441949628524 ], [ -109.650802274456282, 23.578756747140687 ], [ -109.65562554124439, 23.576585940469464 ], [ -109.656929683300902, 23.576067206421627 ], [ -109.658192502809868, 23.575817343519468 ], [ -109.658692398036976, 23.575979138973896 ], [ -109.659762435389766, 23.576984049598778 ], [ -109.660046119339114, 23.577270975583442 ], [ -109.660299931298042, 23.577605056763574 ], [ -109.660378835000529, 23.577795389979951 ], [ -109.660493240064085, 23.578349530653064 ], [ -109.66055617826656, 23.578483846271173 ], [ -109.660735484429438, 23.578556511743223 ], [ -109.660928697719044, 23.57852600375314 ], [ -109.661651052117435, 23.578310965673278 ], [ -109.661882584750742, 23.578306186487648 ], [ -109.662240717958881, 23.578498923333925 ], [ -109.662520805199605, 23.578779040773668 ], [ -109.663469754743218, 23.579893515949284 ], [ -109.663804753111975, 23.580194423553209 ], [ -109.664419121370685, 23.580484185627608 ], [ -109.664961791514528, 23.58059722283198 ], [ -109.666879887180428, 23.580834954923471 ], [ -109.667384342142824, 23.580912095893176 ], [ -109.667820365212236, 23.58103436846714 ], [ -109.667938799925153, 23.581131903902619 ], [ -109.66805547198922, 23.581464797370852 ], [ -109.668052455866388, 23.581581611458844 ], [ -109.667921707966471, 23.581793850364928 ], [ -109.667737940940953, 23.58198023450743 ], [ -109.667011105256719, 23.58263778605119 ], [ -109.666821773202429, 23.582829201245456 ], [ -109.666665063346201, 23.583064922789731 ], [ -109.666630524574785, 23.583210252868216 ], [ -109.666626053780078, 23.583652738456738 ], [ -109.666513843479208, 23.583848201758176 ], [ -109.665994664027096, 23.584317877086665 ], [ -109.665365185869334, 23.58479337625857 ], [ -109.664464454649561, 23.585444904970473 ], [ -109.664163167486237, 23.585442314400016 ], [ -109.663910093831717, 23.585577297645962 ], [ -109.663209179180953, 23.586211346011236 ], [ -109.662710671192428, 23.586724883855855 ], [ -109.662239384052924, 23.587088608183706 ], [ -109.661356729483515, 23.587887028318875 ], [ -109.660803175344924, 23.588481694792062 ], [ -109.659102552443571, 23.590458375242438 ], [ -109.658659415191025, 23.591033666438697 ], [ -109.658292093064787, 23.59174169057621 ], [ -109.658210487242968, 23.592177863615735 ], [ -109.658196984090907, 23.593505314195276 ], [ -109.658182033589256, 23.593891263208896 ], [ -109.658125768033329, 23.594364908127734 ], [ -109.658060339022029, 23.594655594689332 ], [ -109.657811267287499, 23.59553848670452 ], [ -109.657724306750623, 23.595778187193122 ], [ -109.657567564502159, 23.596013897736327 ], [ -109.657430607658526, 23.596110926543432 ], [ -109.656948217391559, 23.596328016258216 ], [ -109.656821972973816, 23.596455616980279 ], [ -109.65671522314689, 23.596833998186995 ], [ -109.656688967821964, 23.597246942116122 ], [ -109.65667319238672, 23.598795632457598 ], [ -109.656652292881617, 23.599223862509536 ], [ -109.656570537723297, 23.599673579213697 ], [ -109.656474644045744, 23.599887801556115 ], [ -109.656108893863106, 23.600437788542862 ], [ -109.655997239541492, 23.600575674574856 ], [ -109.655841937992065, 23.600669156266964 ], [ -109.655731733168551, 23.600664815522531 ], [ -109.655372746072445, 23.600551076636251 ], [ -109.655269037581434, 23.600450272438287 ], [ -109.655144051702067, 23.600093592169912 ], [ -109.655069209140635, 23.59968485315073 ], [ -109.654844931970203, 23.598134084481611 ], [ -109.654819956771291, 23.597700377456384 ], [ -109.654927679871946, 23.597227180157304 ], [ -109.655106544570245, 23.596984890851125 ], [ -109.655833519519319, 23.596327402504603 ], [ -109.655984253017394, 23.596140748236138 ], [ -109.65596070549249, 23.595927185626778 ], [ -109.65577633332795, 23.595808750423167 ], [ -109.654939480115473, 23.595469612790836 ], [ -109.654611182466354, 23.595410889219682 ], [ -109.653915976934371, 23.595475984238806 ], [ -109.653251122366044, 23.595627698791532 ], [ -109.650843660425565, 23.596270583578335 ], [ -109.650161483811473, 23.596498333546357 ], [ -109.649385465103265, 23.59691830278819 ], [ -109.648959043405696, 23.597290510421093 ], [ -109.647745082264905, 23.598607506068447 ], [ -109.64735718149791, 23.598985124273085 ], [ -109.646760951485987, 23.599430351967339 ], [ -109.646297095481728, 23.599688772995425 ], [ -109.644728655945329, 23.600449501445933 ], [ -109.644347732849866, 23.600683240451552 ], [ -109.644138541234526, 23.601013303989742 ], [ -109.64422062052347, 23.601251085146249 ], [ -109.644812853650407, 23.602030665991208 ], [ -109.64504412436979, 23.602234189256613 ], [ -109.645531151230514, 23.602404383977916 ], [ -109.645995632861514, 23.602443995127327 ], [ -109.647676186962784, 23.60245864229427 ], [ -109.648261830206181, 23.602509461906589 ], [ -109.649314279463127, 23.602731979730102 ], [ -109.65023213805938, 23.602999040107264 ], [ -109.653463058951232, 23.604022768761382 ], [ -109.654290460905727, 23.604512539543588 ], [ -109.654920723742464, 23.60577444605558 ], [ -109.65499369256402, 23.607087402242055 ], [ -109.654703925047968, 23.611952623221136 ], [ -109.654600492092527, 23.613264049501304 ], [ -109.654407588702085, 23.614518820182909 ], [ -109.65423544658826, 23.614999923533635 ], [ -109.653625016989849, 23.615990300402242 ], [ -109.653460381754982, 23.616203646978953 ], [ -109.653232028331587, 23.616382562512566 ], [ -109.652864471061349, 23.616563943963438 ], [ -109.651538230761659, 23.61710557586829 ], [ -109.65117633795893, 23.617271762507677 ], [ -109.650813750736006, 23.617505674907228 ], [ -109.650810307610826, 23.617509380229784 ], [ -109.650808186060075, 23.617510706477297 ], [ -109.650657662197915, 23.617673649442636 ], [ -109.650291835109101, 23.618223618131182 ], [ -109.650229304739099, 23.618407645742185 ], [ -109.650303325524504, 23.618716473184161 ], [ -109.650471600576722, 23.618973627528288 ], [ -109.651182868933986, 23.619864851938026 ], [ -109.651395353267262, 23.620112229749225 ], [ -109.651675673390841, 23.620375436616683 ], [ -109.651863646023187, 23.620504068657951 ], [ -109.651944238598418, 23.62054958127414 ], [ -109.652047943832429, 23.620632668559086 ], [ -109.652088130747202, 23.620630840543068 ], [ -109.652460532739482, 23.620841143613077 ], [ -109.652643981138709, 23.620873216385469 ], [ -109.65290318460778, 23.620685815400513 ], [ -109.653090026049199, 23.620386026882528 ], [ -109.653702742619672, 23.619174413176378 ], [ -109.653900813012612, 23.618854401084072 ], [ -109.654212431263005, 23.618572626496242 ], [ -109.654459530393694, 23.618490103378978 ], [ -109.655301041573026, 23.618386767700404 ], [ -109.655536803337597, 23.618334624324451 ], [ -109.655795514057232, 23.618194626778745 ], [ -109.655799231418641, 23.618190519755021 ], [ -109.655801078582556, 23.618189595022837 ], [ -109.655929338920544, 23.618046773860812 ], [ -109.656295142653065, 23.617496790770343 ], [ -109.656390740166202, 23.6173130466711 ], [ -109.656471059813441, 23.617005557886749 ], [ -109.656490204803575, 23.616750032346218 ], [ -109.656499228426199, 23.615865068587677 ], [ -109.656535273391711, 23.615574129579702 ], [ -109.656694459131629, 23.61510137788315 ], [ -109.656885821540499, 23.614716957087367 ], [ -109.657619651863783, 23.613395742571278 ], [ -109.657800811677419, 23.612929952712985 ], [ -109.657912402018965, 23.612077483726328 ], [ -109.657890658148887, 23.611325460945757 ], [ -109.657677600951089, 23.608668489956575 ], [ -109.657638855557835, 23.60796203957894 ], [ -109.657671097146093, 23.60732224257227 ], [ -109.657755901530251, 23.60711469721706 ], [ -109.658119412925529, 23.606785948701276 ], [ -109.658246659505991, 23.606741328878211 ], [ -109.658476966849605, 23.606861851931303 ], [ -109.658678731389188, 23.607078647434427 ], [ -109.659389997384494, 23.607969835152165 ], [ -109.659619068272747, 23.608212265192439 ], [ -109.659976794809182, 23.608452418967758 ], [ -109.660258761504494, 23.608553065590538 ], [ -109.661216880947549, 23.608782593020408 ], [ -109.661482364015896, 23.608878015335282 ], [ -109.661763163916305, 23.609093795258421 ], [ -109.661898823580785, 23.609306630260079 ], [ -109.662251103952372, 23.610084080214335 ], [ -109.662413863327671, 23.610342868110347 ], [ -109.662821125910142, 23.610773094831362 ], [ -109.663240171627521, 23.611128915776209 ], [ -109.664788471805963, 23.61235917868785 ], [ -109.665279550461065, 23.612680054284269 ], [ -109.66602293491718, 23.612947217438229 ], [ -109.666593832529827, 23.613008002964797 ], [ -109.668514636064572, 23.613024493262795 ], [ -109.669124379758287, 23.613060202882888 ], [ -109.670049047186907, 23.613210368612762 ], [ -109.670760258351123, 23.613389180787678 ], [ -109.673154591080049, 23.61407345337528 ], [ -109.67381078829446, 23.614241621551276 ], [ -109.67447869376619, 23.614342153855905 ], [ -109.674776645617612, 23.614317605065281 ], [ -109.675499180074624, 23.614102511345621 ], [ -109.675708930128522, 23.614077207980792 ], [ -109.675965230832617, 23.614174221194435 ], [ -109.676121625026397, 23.614338114986609 ], [ -109.676595166505493, 23.615005938936598 ], [ -109.676773306876285, 23.615200497491024 ], [ -109.677131085079111, 23.615440613772602 ], [ -109.67746405664559, 23.615589078054246 ], [ -109.678660150185692, 23.616041790166335 ], [ -109.679003946765988, 23.616210663382667 ], [ -109.679412233299587, 23.616546031066381 ], [ -109.679463248132791, 23.616612118873263 ], [ -109.679651703364755, 23.616856254876577 ], [ -109.680360949608783, 23.617968597174123 ], [ -109.680578678578698, 23.61824815483088 ], [ -109.680596117626308, 23.618259082778991 ], [ -109.680609629284163, 23.6182772046132 ], [ -109.680890956247168, 23.618445542744833 ], [ -109.681106072825088, 23.618435517904711 ], [ -109.681828621442989, 23.618220395367437 ], [ -109.682071250636056, 23.618215682870829 ], [ -109.682480973677599, 23.618408815240755 ], [ -109.682823664361408, 23.618689430849731 ], [ -109.684013175988227, 23.619805833529291 ], [ -109.684421926262445, 23.62009716603486 ], [ -109.685139905383792, 23.620340318184365 ], [ -109.685756838566746, 23.620396344682447 ], [ -109.687917880587094, 23.620414633212398 ], [ -109.688578817693468, 23.620481180627397 ], [ -109.689502150157054, 23.620773461730018 ], [ -109.690160261800003, 23.621124458862209 ], [ -109.692308141519334, 23.622470150596612 ], [ -109.69291113973695, 23.622820672035129 ], [ -109.693577226393529, 23.623110762363975 ], [ -109.693925778072114, 23.623174656912322 ], [ -109.694886264323216, 23.623182739198793 ], [ -109.695157936904252, 23.623215504244687 ], [ -109.695465256196385, 23.623360328760405 ], [ -109.695632611413913, 23.623534456139204 ], [ -109.696106285567865, 23.62420222562767 ], [ -109.696284467662323, 23.624396763385707 ], [ -109.696642307898017, 23.62463683708086 ], [ -109.696975326358753, 23.624785261320788 ], [ -109.698171576703416, 23.625237829152383 ], [ -109.698520786463959, 23.625421946130118 ], [ -109.698954178057846, 23.625828595582171 ], [ -109.699026251205211, 23.625934550417011 ], [ -109.69922409964316, 23.62622540667325 ], [ -109.700050351141442, 23.627670540642512 ], [ -109.700281937799289, 23.628041628745866 ], [ -109.700536414051868, 23.628328241375645 ], [ -109.700541221939218, 23.628329639062173 ], [ -109.700552803351584, 23.628343618703887 ], [ -109.700668363888681, 23.628366600053361 ], [ -109.701029652540072, 23.628258994288796 ], [ -109.701232823507837, 23.628343668973585 ], [ -109.701819669104935, 23.628846422546982 ], [ -109.702454853935521, 23.629479965444236 ], [ -109.704832255002032, 23.631933726415134 ], [ -109.705505913155775, 23.632582818920163 ], [ -109.706272200725152, 23.63315817438777 ], [ -109.706693234443705, 23.633331019616396 ], [ -109.707891769621284, 23.633562271845285 ], [ -109.708252806736724, 23.633668572852134 ], [ -109.708739109816221, 23.633933396625935 ], [ -109.709072792036224, 23.63420541542299 ], [ -109.710143681347972, 23.635210009447686 ], [ -109.71043286328505, 23.635522295577012 ], [ -109.710711480893195, 23.635975040687793 ], [ -109.710820323389399, 23.63630953364973 ], [ -109.711049638363562, 23.637417755766165 ], [ -109.711147554928203, 23.637741997656729 ], [ -109.71137518268003, 23.638146904381863 ], [ -109.711602448979463, 23.638401100458434 ], [ -109.712435402470177, 23.639182439767154 ], [ -109.712829673714523, 23.639275459917133 ], [ -109.713836643645095, 23.638928213022961 ], [ -109.714880892602466, 23.638339120352502 ], [ -109.718747003471265, 23.635937209543279 ], [ -109.719940419592007, 23.635313752918886 ], [ -109.721643660548395, 23.634806250442239 ], [ -109.722883453934358, 23.634704703296478 ], [ -109.726965927487356, 23.634738265612356 ], [ -109.728111104598554, 23.634727340708942 ], [ -109.729372785650767, 23.634642854439431 ], [ -109.730030009024034, 23.634533089458902 ], [ -109.731835364528223, 23.634105332346444 ], [ -109.732090764202766, 23.633979114095318 ], [ -109.733045520505968, 23.633962820638974 ], [ -109.735120088838684, 23.634017006624823 ], [ -109.736522979436543, 23.63406822398461 ], [ -109.73720922857909, 23.634149177791947 ], [ -109.745730198016176, 23.634660849484703 ], [ -109.746172850334332, 23.634697079283974 ], [ -109.747434505057214, 23.634800335022476 ], [ -109.747425670983972, 23.634895252242515 ], [ -109.747724908415648, 23.63531931468054 ], [ -109.749150033749729, 23.636990305868959 ], [ -109.749520187454266, 23.637496218234507 ], [ -109.74982242618043, 23.638186158341856 ], [ -109.749884040019339, 23.638665875347954 ], [ -109.749869329947259, 23.640214614722154 ], [ -109.749908985644765, 23.64068399446943 ], [ -109.75010875749642, 23.641325693971091 ], [ -109.75035449136081, 23.641773027527186 ], [ -109.750887707287646, 23.642587129462814 ], [ -109.751135147749025, 23.642964915924978 ], [ -109.751260444344837, 23.64313217168948 ], [ -109.751473066170703, 23.643348077207225 ], [ -109.751681107427373, 23.643504729036206 ], [ -109.752311294170724, 23.643934083198001 ], [ -109.751914298448327, 23.644204850208588 ], [ -109.750872417368072, 23.644915556380333 ], [ -109.749967834589157, 23.645532416654845 ], [ -109.746949756878621, 23.647590866742075 ], [ -109.743025239507659, 23.650267545045079 ], [ -109.72934157764081, 23.659600351442055 ], [ -109.724579073060681, 23.662848570642698 ], [ -109.7219369531973, 23.66465060239431 ], [ -109.720182187901187, 23.66584742272941 ], [ -109.719847178999458, 23.666075912241311 ], [ -109.719546729803739, 23.666067676579484 ], [ -109.719103376050057, 23.66603777723142 ], [ -109.718791235493114, 23.665996645609038 ], [ -109.717951607496019, 23.665879069082184 ], [ -109.717727866063413, 23.665823030795064 ], [ -109.717523366600531, 23.665679097886361 ], [ -109.71745496589439, 23.665529517978158 ], [ -109.717340262303978, 23.664975411419366 ], [ -109.717272060396155, 23.664805513027105 ], [ -109.717068488343216, 23.664566760324284 ], [ -109.716845873387982, 23.664395583195208 ], [ -109.716010579594027, 23.663835506871852 ], [ -109.715754184161554, 23.663735168509387 ], [ -109.715392961267, 23.663827001186949 ], [ -109.715133322868724, 23.664058529026775 ], [ -109.714282892333074, 23.665047156880721 ], [ -109.714072435561945, 23.665324810932287 ], [ -109.713940741960698, 23.665631905140796 ], [ -109.713963065822767, 23.665792957382003 ], [ -109.714198938772682, 23.666237440199463 ], [ -109.714221362391342, 23.666388333216233 ], [ -109.714090131734551, 23.666648017915104 ], [ -109.713880235111432, 23.66686810277 ], [ -109.713031942511023, 23.667635477686744 ], [ -109.712711843881181, 23.667844485356678 ], [ -109.712066347718604, 23.668052481002785 ], [ -109.711464309237513, 23.668140608555028 ], [ -109.709300290523046, 23.668343857973408 ], [ -109.70870947885669, 23.668411748225925 ], [ -109.708116379038202, 23.668525337115639 ], [ -109.707859905374008, 23.668619718268666 ], [ -109.707256126872039, 23.668946574650011 ], [ -109.707093156039107, 23.669067134645253 ], [ -109.706936405413217, 23.669302892976301 ], [ -109.70687544684705, 23.669519130722424 ], [ -109.706747723462186, 23.670292481839287 ], [ -109.706637178989354, 23.670503225496059 ], [ -109.706249028485686, 23.67071334429999 ], [ -109.705805072091096, 23.670802769343119 ], [ -109.704121424158899, 23.671009956777425 ], [ -109.703668139155937, 23.670926577851962 ], [ -109.703236462067366, 23.670330299368707 ], [ -109.703073066405281, 23.669561852858038 ], [ -109.70274223510296, 23.666572047567431 ], [ -109.702634194417513, 23.665783743983798 ], [ -109.702460829821334, 23.665094799822469 ], [ -109.702321206247021, 23.664898897447966 ], [ -109.701842994196198, 23.664673629777315 ], [ -109.70170813424285, 23.664553966692839 ], [ -109.701556999258543, 23.664220807414893 ], [ -109.701475952215262, 23.663864528732685 ], [ -109.701248869598459, 23.662535054023284 ], [ -109.701140702621487, 23.662132827916313 ], [ -109.700863004983816, 23.661585247410937 ], [ -109.700574461931424, 23.661205215299898 ], [ -109.699505635952434, 23.659979308823754 ], [ -109.699161452403843, 23.659649607265774 ], [ -109.698624078100593, 23.659336909460233 ], [ -109.698200583295588, 23.659219899507228 ], [ -109.696761650430716, 23.658986543954764 ], [ -109.696371044192816, 23.658890125614029 ], [ -109.695987145224663, 23.658673536343812 ], [ -109.695829324264409, 23.658460542135622 ], [ -109.695476727043399, 23.65768315855988 ], [ -109.695512366715135, 23.657426072442441 ], [ -109.696031277979955, 23.65700372006717 ], [ -109.696736937197414, 23.656657442784034 ], [ -109.699511074933397, 23.65546380405242 ], [ -109.700343296303842, 23.655143971503623 ], [ -109.70145288482253, 23.654845084983265 ], [ -109.70220579230029, 23.65473793759347 ], [ -109.704609771540447, 23.654536785084439 ], [ -109.705263117530819, 23.654459270593819 ], [ -109.705908088674036, 23.654298709981568 ], [ -109.706176130053521, 23.654146854120164 ], [ -109.706782016495524, 23.653598754124207 ], [ -109.706940069291804, 23.653415499113517 ], [ -109.707071765237473, 23.653108410563373 ], [ -109.7071018497642, 23.652852967785989 ], [ -109.707110548411606, 23.651967990070002 ], [ -109.70715166092441, 23.651712639214185 ], [ -109.7073348203931, 23.651405979504936 ], [ -109.707555363902756, 23.651223244790867 ], [ -109.708401403820687, 23.650677139649073 ], [ -109.70875398557817, 23.650525983253761 ], [ -109.709553330334842, 23.650366692340903 ], [ -109.710342669713924, 23.650290287551758 ], [ -109.713226906189803, 23.650092992516949 ], [ -109.713977593953416, 23.650021328253249 ], [ -109.714596569921852, 23.649884221341985 ], [ -109.714730133865928, 23.64976002160229 ], [ -109.714734456950382, 23.649317531248901 ], [ -109.71466414628263, 23.649176401084134 ], [ -109.714331707487048, 23.648960283610052 ], [ -109.71392710637987, 23.648792673687097 ], [ -109.712371414541209, 23.648226602776859 ], [ -109.711966818403539, 23.648058987928007 ], [ -109.711634387066937, 23.64784286495383 ], [ -109.711564080504914, 23.647701733535644 ], [ -109.711568413813509, 23.647259243616723 ], [ -109.711636306668751, 23.647083700561545 ], [ -109.711948805647921, 23.646706989131363 ], [ -109.712327338291487, 23.646344372158755 ], [ -109.713781308441412, 23.645028862309371 ], [ -109.714154267620657, 23.644671274237851 ], [ -109.714440790334322, 23.64431804856244 ], [ -109.714477150968307, 23.644171029365033 ], [ -109.71436031249597, 23.643838165777929 ], [ -109.714307954399089, 23.643741211195749 ], [ -109.714180454891093, 23.643621620053693 ], [ -109.714050670897294, 23.643547730072843 ], [ -109.713572512654807, 23.64332250050677 ], [ -109.713414812286757, 23.643283938555932 ], [ -109.713157034355547, 23.643329212942419 ], [ -109.712946480179127, 23.643432452464889 ], [ -109.712221669188722, 23.643868960582399 ], [ -109.711927360723209, 23.644078183429144 ], [ -109.711278731851081, 23.644618048984892 ], [ -109.710646423843414, 23.645180060734365 ], [ -109.708344241004241, 23.647262895465438 ], [ -109.707739128808882, 23.647860680937555 ], [ -109.707217495496408, 23.648567533514946 ], [ -109.70707742113926, 23.6489795395313 ], [ -109.706945375756078, 23.65019538270381 ], [ -109.706811461895157, 23.650541399579915 ], [ -109.70631857595356, 23.650940301031834 ], [ -109.70574836609984, 23.651164141649282 ], [ -109.703580262452888, 23.651809811775347 ], [ -109.7027955409811, 23.651975966983013 ], [ -109.701301621826019, 23.652105698016726 ], [ -109.699952174778659, 23.652124866308782 ], [ -109.69514868219521, 23.652084505808624 ], [ -109.693854782816686, 23.652063448619266 ], [ -109.692620072783882, 23.652005626611018 ], [ -109.69215010029275, 23.65194408890336 ], [ -109.691191606602317, 23.651714737372863 ], [ -109.690876740813067, 23.651583385580306 ], [ -109.690365860442981, 23.651199764638761 ], [ -109.689950898800817, 23.650783086172744 ], [ -109.688525310054075, 23.649222201322484 ], [ -109.688088506812193, 23.648785013489597 ], [ -109.687475662790447, 23.648305694321117 ], [ -109.687036973552395, 23.648058140442362 ], [ -109.685602607658765, 23.647382201848231 ], [ -109.685146621823819, 23.647210695897094 ], [ -109.684453045450269, 23.647086279232283 ], [ -109.683918206959191, 23.647080046622484 ], [ -109.682115868561922, 23.647175366828893 ], [ -109.681646688910348, 23.647220484252927 ], [ -109.681337458888336, 23.647312526640601 ], [ -109.681175608093497, 23.6474552364819 ], [ -109.681022477253705, 23.647799510452032 ], [ -109.680975036388219, 23.648026307945628 ], [ -109.680502003152512, 23.64768395654264 ], [ -109.680059488027069, 23.647426477805652 ], [ -109.679616972901613, 23.647168999068661 ], [ -109.678464908380604, 23.64656440131591 ], [ -109.677907950074683, 23.646224910367945 ], [ -109.677106846165401, 23.645907354627578 ], [ -109.676847440892871, 23.645791966114555 ], [ -109.676420185311414, 23.645641294004722 ], [ -109.676115003311764, 23.64545056840285 ], [ -109.675107900887028, 23.645099636572962 ], [ -109.675444688664541, 23.644856235236073 ], [ -109.675605660245765, 23.644587587461885 ], [ -109.675690414621698, 23.64430518205981 ], [ -109.675716114181952, 23.644125909305025 ], [ -109.675590321132361, 23.643840356554527 ], [ -109.675384917887186, 23.643611696608584 ], [ -109.674552168146079, 23.642830167171148 ], [ -109.674225618985986, 23.642585230258693 ], [ -109.673534469018136, 23.642223721487277 ], [ -109.672873662457022, 23.641952215544251 ], [ -109.670481067082662, 23.641046676773939 ], [ -109.669825735632671, 23.640780285144064 ], [ -109.669160098728454, 23.640442682907977 ], [ -109.668864518793043, 23.640226787443112 ], [ -109.668150784935904, 23.639556877329877 ], [ -109.667821921342622, 23.639361013970703 ], [ -109.66700095599758, 23.639116894344177 ], [ -109.666157012971013, 23.638964012106928 ], [ -109.663039591023519, 23.638494646387091 ], [ -109.662118674413364, 23.638320759017045 ], [ -109.660938474024988, 23.63797868251363 ], [ -109.660173391022539, 23.637663890645008 ], [ -109.657783225816715, 23.636536922381445 ], [ -109.657144243470711, 23.636294326656625 ], [ -109.656552465424539, 23.636289201507495 ], [ -109.656385365521089, 23.636479663030435 ], [ -109.656342220455343, 23.636479289231445 ], [ -109.656161773733146, 23.636691083515686 ], [ -109.65591146525199, 23.637684583777421 ], [ -109.655868592469091, 23.637817366163059 ], [ -109.655757984563564, 23.638076838837957 ], [ -109.655660152694878, 23.638239285352658 ], [ -109.655490381219508, 23.638194069407074 ], [ -109.655240526372722, 23.638126758907966 ], [ -109.654898034168895, 23.638047047177185 ], [ -109.654760128738147, 23.638014951028875 ], [ -109.654740883545273, 23.637962297390072 ], [ -109.654625333917906, 23.637518775440864 ], [ -109.654567700041241, 23.637403130044412 ], [ -109.654414291289271, 23.63730697343593 ], [ -109.654252769776363, 23.637285252123533 ], [ -109.653652411433853, 23.637280041283979 ], [ -109.653447536990157, 23.637272191840253 ], [ -109.653331838970914, 23.637256642023701 ], [ -109.653208484150639, 23.637237144829793 ], [ -109.653072343621105, 23.637208969591352 ], [ -109.652944949386821, 23.637189259149849 ], [ -109.652829585560141, 23.637178857898757 ], [ -109.652676993079609, 23.636831736946561 ], [ -109.652623585095398, 23.636669620188563 ], [ -109.65246336362884, 23.636351108082536 ], [ -109.652318401861876, 23.636177547395611 ], [ -109.651769072777029, 23.635866666140576 ], [ -109.650658984714639, 23.635595426210468 ], [ -109.650325351132196, 23.635303534978874 ], [ -109.649873003551619, 23.634860867832444 ], [ -109.649674873377734, 23.634648231359716 ], [ -109.649207718012633, 23.63414687274734 ], [ -109.649153890144888, 23.634089103298866 ], [ -109.648832855771673, 23.633850936425581 ], [ -109.648166094639421, 23.633631769068806 ], [ -109.6475346128382, 23.633556838085315 ], [ -109.646956140122811, 23.633523726136445 ], [ -109.646189216815131, 23.633479755274607 ], [ -109.645254461307644, 23.633426308968648 ], [ -109.644677540667644, 23.633407722253601 ], [ -109.644329107529671, 23.633464504070648 ], [ -109.644116787718829, 23.633539910825053 ], [ -109.64392504423158, 23.63365394453232 ], [ -109.643690707052983, 23.63377577789236 ], [ -109.642743307759289, 23.633709585506491 ], [ -109.640988836557355, 23.632935234397898 ], [ -109.64005770108686, 23.632504205176005 ], [ -109.639325261209194, 23.631821408106198 ], [ -109.639010765548662, 23.63139896692828 ], [ -109.639132988239339, 23.631366780596078 ], [ -109.639299564282226, 23.63125734352122 ], [ -109.639479712742741, 23.631062118711434 ], [ -109.639566174792492, 23.630865826490457 ], [ -109.639599897328353, 23.630684454967884 ], [ -109.639594356084729, 23.630651916004922 ], [ -109.639594734015347, 23.630650543506 ], [ -109.639520488507074, 23.630365416437268 ], [ -109.639378142670878, 23.630089851859449 ], [ -109.638788112704674, 23.629089009728851 ], [ -109.638700195758247, 23.628974847145685 ], [ -109.638628821016951, 23.628882165072756 ], [ -109.638527461789735, 23.628784018962268 ], [ -109.638467151050506, 23.628748344440119 ], [ -109.638414710603328, 23.628729395978159 ], [ -109.638355121893383, 23.628728811775122 ], [ -109.638323428878493, 23.628734069602455 ], [ -109.638291316723667, 23.628744509670291 ], [ -109.638260481001097, 23.628764156058946 ], [ -109.638233899762824, 23.628793220160123 ], [ -109.638210385590554, 23.628821407956725 ], [ -109.638180737286305, 23.628857044342091 ], [ -109.638169199276319, 23.628870627062724 ], [ -109.638155178403409, 23.628884538397582 ], [ -109.638130349774272, 23.628907285803404 ], [ -109.638101176135024, 23.628925980300625 ], [ -109.638068790901684, 23.628940834347151 ], [ -109.638030560592753, 23.628950808929758 ], [ -109.63799183283804, 23.628957844329413 ], [ -109.637956658908365, 23.62895942592457 ], [ -109.637922925337321, 23.628959738302509 ], [ -109.637859744495159, 23.628267833043708 ], [ -109.637837484194463, 23.628024056313485 ], [ -109.637797171478795, 23.627608164296497 ], [ -109.63778315060587, 23.627379156705398 ], [ -109.637760541344164, 23.627154133069034 ], [ -109.637752260870258, 23.627108159520898 ], [ -109.637739043276568, 23.627069529094971 ], [ -109.63772122508388, 23.627042509704438 ], [ -109.637694497794783, 23.627011839044936 ], [ -109.637664767868074, 23.626988338399638 ], [ -109.637646676667529, 23.626975254101879 ], [ -109.637614754080118, 23.626957216060806 ], [ -109.637580628564692, 23.62694259083991 ], [ -109.637543877892355, 23.626930917224627 ], [ -109.637512999521462, 23.626921669195873 ], [ -109.637033898826459, 23.626806831188041 ], [ -109.636975672468651, 23.626793566184642 ], [ -109.636937918347286, 23.626786847849701 ], [ -109.636898671567721, 23.626781056569971 ], [ -109.636873309142445, 23.626778595981762 ], [ -109.636860639239046, 23.626777829215275 ], [ -109.636846527084444, 23.6267774275757 ], [ -109.636835043807437, 23.626777937943562 ], [ -109.636826810231824, 23.626778303880251 ], [ -109.636816878780181, 23.626779070646734 ], [ -109.636810835929992, 23.626779910438561 ], [ -109.636806272807902, 23.626781124844531 ], [ -109.636798695460612, 23.626784255448698 ], [ -109.63679069918156, 23.62678845440805 ], [ -109.636777335537047, 23.626797436529767 ], [ -109.636765213323983, 23.62680930315398 ], [ -109.636753091110918, 23.62682354310305 ], [ -109.636742283354707, 23.626838294229774 ], [ -109.636728171200048, 23.626860566970596 ], [ -109.63671132059369, 23.626888535691084 ], [ -109.636688318053288, 23.626925883996346 ], [ -109.636669705360063, 23.626955844613803 ], [ -109.636520431265026, 23.626903175129122 ], [ -109.636438698594404, 23.626873419437409 ], [ -109.636305355184092, 23.626827288242335 ], [ -109.636240204499586, 23.626804300643727 ], [ -109.636243574779556, 23.626684137652937 ], [ -109.636234429325086, 23.626511942829303 ], [ -109.636189828100015, 23.626263511465208 ], [ -109.636118950767951, 23.626068409777485 ], [ -109.636045009477243, 23.625932295058217 ], [ -109.635815428659726, 23.625740625941702 ], [ -109.635561397693152, 23.625602927328504 ], [ -109.634605504377731, 23.625151999698417 ], [ -109.634257755967937, 23.625013474205122 ], [ -109.632985804603237, 23.62467715692263 ], [ -109.630829341157252, 23.62421562355825 ], [ -109.63009255050234, 23.624022856007372 ], [ -109.628810652921331, 23.623584819055395 ], [ -109.627716165745881, 23.623151816125347 ], [ -109.624735454869295, 23.621918681995336 ], [ -109.623890509366475, 23.62156912406078 ], [ -109.62278503116859, 23.621135989975521 ], [ -109.621451736674189, 23.620697437797809 ], [ -109.620652504143123, 23.620504071789298 ], [ -109.618256052532558, 23.620040233965849 ], [ -109.617895481879387, 23.619987345189166 ], [ -109.617529214643895, 23.619947692415849 ], [ -109.61730144848427, 23.619945720730598 ], [ -109.617124877823329, 23.619959288659278 ], [ -109.616986603469257, 23.61998196047994 ], [ -109.616886685513336, 23.620010212667172 ], [ -109.616794120234815, 23.620045251665349 ], [ -109.616686646092376, 23.62009880100512 ], [ -109.616560676802237, 23.62017592043409 ], [ -109.616450775834778, 23.620252062198912 ], [ -109.616259157238147, 23.620439007171242 ], [ -109.616087438529277, 23.62063162432079 ], [ -109.615946067246696, 23.620801826393656 ], [ -109.615865577831627, 23.620914483223682 ], [ -109.615540438455724, 23.621359072468014 ], [ -109.615124288464017, 23.621220934937391 ], [ -109.613529711559266, 23.620808971855809 ], [ -109.6123013534976, 23.620690726091613 ], [ -109.610889886592972, 23.620677380265438 ], [ -109.610096413250687, 23.62049810060519 ], [ -109.609363976141836, 23.620492381022114 ], [ -109.608517095034856, 23.620204387494827 ], [ -109.607540509873274, 23.619401433875755 ], [ -109.607113253301819, 23.619008539590414 ], [ -109.606747033824163, 23.618779670308133 ], [ -109.606197705285439, 23.618602296276173 ], [ -109.605350825105432, 23.618541266825915 ], [ -109.604191131140226, 23.61785275001775 ], [ -109.603153510692678, 23.617328256202494 ], [ -109.602176926291392, 23.616931549972467 ], [ -109.601688633966177, 23.616702680214274 ], [ -109.601078269201949, 23.616353653479901 ], [ -109.60046790471435, 23.616292623209041 ], [ -109.599857539541489, 23.616063753874023 ], [ -109.599178509744661, 23.616056127629211 ], [ -109.598819920495572, 23.615882567684778 ], [ -109.598331628637567, 23.615768134101604 ], [ -109.597782300779969, 23.615537357180404 ], [ -109.597469487723671, 23.615308486813873 ], [ -109.596866752070625, 23.61496136742759 ] ], [ [ -109.62494209760213, 23.614167044135616 ], [ -109.623961461234998, 23.614221571579947 ], [ -109.622852955588357, 23.61432011496861 ], [ -109.622423559469468, 23.614144707814628 ], [ -109.621934138473492, 23.614086174298915 ], [ -109.621267755795387, 23.614080255378674 ], [ -109.620336558263972, 23.615029304143327 ], [ -109.619842406165631, 23.615422289991294 ], [ -109.61953501621808, 23.615762747513713 ], [ -109.618974058054761, 23.615983540217179 ], [ -109.618239730381873, 23.615913783725372 ], [ -109.617693874588554, 23.615628950234708 ], [ -109.617335449641217, 23.615228377405561 ], [ -109.6173395240464, 23.614840065405033 ], [ -109.61752065713091, 23.614390111326848 ], [ -109.617837848393037, 23.614049745111132 ], [ -109.618203373701022, 23.613773028059061 ], [ -109.618581726326568, 23.613207420708513 ], [ -109.618763420569721, 23.61270328166459 ], [ -109.619141672924044, 23.612146703137341 ], [ -109.619091201847056, 23.611351494024863 ], [ -109.619091201847056, 23.611351494024863 ], [ -109.619519108220558, 23.610732136504833 ], [ -109.620199999838078, 23.61028662286942 ], [ -109.62106820974671, 23.609734393909868 ], [ -109.62155940851838, 23.609621349269961 ], [ -109.622048151958495, 23.609743096969531 ], [ -109.622048151958495, 23.609743096969531 ], [ -109.622536330134281, 23.609919026395019 ], [ -109.622892493546203, 23.610536320459893 ], [ -109.623194485346204, 23.610710595830014 ], [ -109.623996818979208, 23.610835119112455 ], [ -109.623996818979208, 23.610835119112455 ], [ -109.624877644780383, 23.610951302391626 ], [ -109.625217708143467, 23.611234287832264 ], [ -109.625424444912838, 23.612085068753114 ], [ -109.626052570203129, 23.612939580594425 ], [ -109.62604786278915, 23.613391107946303 ], [ -109.625611401402935, 23.613893000426703 ], [ -109.62494209760213, 23.614167044135616 ] ] ] ] } },
{ "type": "Feature", "properties": { "fid": 4.0, "cat": 5, "CLAVE_ACUI": "0320", "NOM_ACUIF": "SANTIAGO", "VULNERABIL": 2 }, "geometry": { "type": "MultiPolygon", "coordinates": [ [ [ [ -109.757280110141778, 23.639605867363542 ], [ -109.757872647610554, 23.640141017024341 ], [ -109.75701791105331, 23.640723981649362 ], [ -109.755962942617202, 23.641443512449293 ], [ -109.753549586495865, 23.643089518150592 ], [ -109.752589020510086, 23.643744662691869 ], [ -109.752311294170724, 23.643934083198001 ], [ -109.751681107427373, 23.643504729036206 ], [ -109.751473066170703, 23.643348077207225 ], [ -109.751260444344837, 23.64313217168948 ], [ -109.751135147749025, 23.642964915924978 ], [ -109.750887707287646, 23.642587129462814 ], [ -109.75035449136081, 23.641773027527186 ], [ -109.75010875749642, 23.641325693971091 ], [ -109.749908985644765, 23.64068399446943 ], [ -109.749869329947259, 23.640214614722154 ], [ -109.749884040019339, 23.638665875347954 ], [ -109.74982242618043, 23.638186158341856 ], [ -109.749520187454266, 23.637496218234507 ], [ -109.749150033749729, 23.636990305868959 ], [ -109.747724908415648, 23.63531931468054 ], [ -109.747425670983972, 23.634895252242515 ], [ -109.747434505057214, 23.634800335022476 ], [ -109.747454333141576, 23.634587292607829 ], [ -109.747794514868929, 23.634571412513843 ], [ -109.74935337136759, 23.634805255680718 ], [ -109.749791592444808, 23.634917163634015 ], [ -109.750277765135337, 23.635205566082021 ], [ -109.750534076773775, 23.635505662325379 ], [ -109.751244030840468, 23.636617708130064 ], [ -109.751527723106818, 23.636938343620059 ], [ -109.752141661400671, 23.637322597133668 ], [ -109.752735024505057, 23.637550893775252 ], [ -109.754890126157491, 23.638232008333272 ], [ -109.755489204454818, 23.638440020267463 ], [ -109.756129788954325, 23.638729644179751 ], [ -109.756445830530566, 23.638935382079335 ], [ -109.757280110141778, 23.639605867363542 ] ] ] ] } },
{ "type": "Feature", "properties": { "fid": 5.0, "cat": 4, "CLAVE_ACUI": "0320", "NOM_ACUIF": "SANTIAGO", "VULNERABIL": 2 }, "geometry": { "type": "MultiPolygon", "coordinates": [ [ [ [ -109.667821921342622, 23.639361013970703 ], [ -109.668150784935904, 23.639556877329877 ], [ -109.668864518793043, 23.640226787443112 ], [ -109.669160098728454, 23.640442682907977 ], [ -109.669825735632671, 23.640780285144064 ], [ -109.670481067082662, 23.641046676773939 ], [ -109.672873662457022, 23.641952215544251 ], [ -109.673534469018136, 23.642223721487277 ], [ -109.674225618985986, 23.642585230258693 ], [ -109.674552168146079, 23.642830167171148 ], [ -109.675384917887186, 23.643611696608584 ], [ -109.675590321132361, 23.643840356554527 ], [ -109.675716114181952, 23.644125909305025 ], [ -109.675690414621698, 23.64430518205981 ], [ -109.675605660245765, 23.644587587461885 ], [ -109.675444688664541, 23.644856235236073 ], [ -109.675107900887028, 23.645099636572962 ], [ -109.674650126546368, 23.644815455544819 ], [ -109.673948207036176, 23.644439727682833 ], [ -109.673589616879667, 23.644264261263412 ], [ -109.673246286876946, 23.644125032209484 ], [ -109.672674069801687, 23.643867553924103 ], [ -109.671983594239677, 23.643563348071645 ], [ -109.671293118677667, 23.643259142219183 ], [ -109.670732345929835, 23.643056020921208 ], [ -109.670171573182003, 23.642852899623229 ], [ -109.669561208338251, 23.642594467783375 ], [ -109.6689508434945, 23.642336035943519 ], [ -109.668325219767667, 23.642131961183797 ], [ -109.667699596040848, 23.641927886424075 ], [ -109.667012935726447, 23.641683759709004 ], [ -109.666326275412047, 23.641439632993929 ], [ -109.665593837486682, 23.641233650781508 ], [ -109.664975842867165, 23.640920862390654 ], [ -109.663938222597949, 23.640659570975032 ], [ -109.663335487529821, 23.640455496585144 ], [ -109.662229201616526, 23.640165596588442 ], [ -109.661687502870194, 23.639936727016412 ], [ -109.660981769003655, 23.639718348125164 ], [ -109.660276035137116, 23.639499969233917 ], [ -109.659726706489792, 23.639295893758778 ], [ -109.658929417424986, 23.639049860053483 ], [ -109.658132128360165, 23.638803826348191 ], [ -109.657773539806257, 23.638800012846037 ], [ -109.657311951414357, 23.638637897057485 ], [ -109.656850363022457, 23.63847578126893 ], [ -109.656178961559277, 23.638279335716252 ], [ -109.655660152694878, 23.638239285352658 ], [ -109.655757984563564, 23.638076838837957 ], [ -109.655868592469091, 23.637817366163059 ], [ -109.65591146525199, 23.637684583777421 ], [ -109.656161773733146, 23.636691083515686 ], [ -109.656342220455343, 23.636479289231445 ], [ -109.656385365521089, 23.636479663030435 ], [ -109.656552465424539, 23.636289201507495 ], [ -109.657144243470711, 23.636294326656625 ], [ -109.657783225816715, 23.636536922381445 ], [ -109.660173391022539, 23.637663890645008 ], [ -109.660938474024988, 23.63797868251363 ], [ -109.662118674413364, 23.638320759017045 ], [ -109.663039591023519, 23.638494646387091 ], [ -109.666157012971013, 23.638964012106928 ], [ -109.66700095599758, 23.639116894344177 ], [ -109.667821921342622, 23.639361013970703 ] ] ] ] } },
{ "type": "Feature", "properties": { "fid": 6.0, "cat": 8, "CLAVE_ACUI": "0320", "NOM_ACUIF": "SANTIAGO", "VULNERABIL": 2 }, "geometry": null },
{ "type": "Feature", "properties": { "fid": 7.0, "cat": 9, "CLAVE_ACUI": "0320", "NOM_ACUIF": "SANTIAGO", "VULNERABIL": 2 }, "geometry": { "type": "MultiPolygon", "coordinates": [ [ [ [ -109.654760128738147, 23.638014951028875 ], [ -109.654355498287501, 23.637920777225244 ], [ -109.653806169866584, 23.637772012913715 ], [ -109.653218693458697, 23.637459224416354 ], [ -109.652829585560141, 23.637178857898757 ], [ -109.652944949386821, 23.637189259149849 ], [ -109.653039293073348, 23.637203856009158 ], [ -109.653072343621105, 23.637208969591352 ], [ -109.653208484150639, 23.637237144829793 ], [ -109.653331838970914, 23.637256642023701 ], [ -109.653447536990157, 23.637272191840253 ], [ -109.653652411433853, 23.637280041283979 ], [ -109.654252769776363, 23.637285252123533 ], [ -109.654414291289271, 23.63730697343593 ], [ -109.654567700041241, 23.637403130044412 ], [ -109.654625333917906, 23.637518775440864 ], [ -109.654740883545273, 23.637962297390072 ], [ -109.654760128738147, 23.638014951028875 ] ] ] ] } },
{ "type": "Feature", "properties": { "fid": 8.0, "cat": 6, "CLAVE_ACUI": "0320", "NOM_ACUIF": "SANTIAGO", "VULNERABIL": 1 }, "geometry": { "type": "MultiPolygon", "coordinates": [ [ [ [ -109.739235612710772, 23.617286290491197 ], [ -109.739601227638175, 23.61672029212723 ], [ -109.739939558475896, 23.616316633617732 ], [ -109.741152807896839, 23.614998886378096 ], [ -109.74147990993221, 23.614615453338406 ], [ -109.741793150131798, 23.614143852454937 ], [ -109.741913535258277, 23.613853570510077 ], [ -109.742162091518082, 23.612970522388999 ], [ -109.742260036169654, 23.612720698846111 ], [ -109.742468556588236, 23.612437903955108 ], [ -109.742668498187797, 23.612283734630765 ], [ -109.743393036263754, 23.611847070681456 ], [ -109.743592975910076, 23.611692900070199 ], [ -109.743801491820307, 23.611410103160345 ], [ -109.743899432106943, 23.611160278351893 ], [ -109.744147969230468, 23.610277225967696 ], [ -109.744234786021423, 23.610037471032982 ], [ -109.744391395764538, 23.609801667327748 ], [ -109.744528307293649, 23.609704559774293 ], [ -109.745010617436705, 23.609487194056623 ], [ -109.745180990241366, 23.609349715736982 ], [ -109.74549375287323, 23.608925516469352 ], [ -109.745770182407938, 23.608456995496084 ], [ -109.746747409119052, 23.606694759356039 ], [ -109.746941674367747, 23.606169691532074 ], [ -109.746871035553099, 23.605481615770699 ], [ -109.746575860805962, 23.605023718087825 ], [ -109.745269034420858, 23.603574931933235 ], [ -109.744830163569304, 23.603156510510605 ], [ -109.744088912177659, 23.602652667435937 ], [ -109.743468852591207, 23.602351311997793 ], [ -109.741316507704653, 23.601448814297061 ], [ -109.740652460176392, 23.601136931205815 ], [ -109.73970590290908, 23.600583988577206 ], [ -109.739017727307669, 23.600105953502233 ], [ -109.736752828869385, 23.598428050322291 ], [ -109.736164086765427, 23.597930491777024 ], [ -109.735681489504231, 23.597286473037318 ], [ -109.735580803650208, 23.596864006522864 ], [ -109.735593530215255, 23.595536515539838 ], [ -109.7354982115111, 23.595129332881907 ], [ -109.735040667270084, 23.594556637529426 ], [ -109.734482353884445, 23.594145682417892 ], [ -109.732334460376023, 23.592800570954356 ], [ -109.731738020093488, 23.592343574525138 ], [ -109.73110250306577, 23.59155605159145 ], [ -109.730791060899051, 23.590888016613651 ], [ -109.730024457992087, 23.588704090211735 ], [ -109.730147683240688, 23.588373199173471 ], [ -109.730118553044207, 23.588154517629615 ], [ -109.729736163828136, 23.587795785505175 ], [ -109.729473430923875, 23.587646523196089 ], [ -109.729219025653364, 23.587501991203172 ], [ -109.728499620116594, 23.587143401618963 ], [ -109.727188121630377, 23.58648966839181 ], [ -109.726615585218241, 23.586225892276847 ], [ -109.726237146814157, 23.586096813082648 ], [ -109.726210959284032, 23.58607863942926 ], [ -109.725903230118419, 23.585981287709309 ], [ -109.725631525276853, 23.585958738685271 ], [ -109.724671298476068, 23.585950858383775 ], [ -109.724387981739923, 23.585989172733452 ], [ -109.724026062914746, 23.586175856393375 ], [ -109.723792352186024, 23.586404233097671 ], [ -109.723063615575498, 23.587283305542332 ], [ -109.7228297045163, 23.587531999270652 ], [ -109.722466861223793, 23.58781349938727 ], [ -109.722182424929372, 23.587966948551536 ], [ -109.721217896063138, 23.588401541277335 ], [ -109.720713682472578, 23.588482057195286 ], [ -109.720686502692743, 23.588480905192903 ], [ -109.719325219437181, 23.588423201734095 ], [ -109.717845918602237, 23.588258596156223 ], [ -109.712331018598064, 23.587549182378488 ], [ -109.710862961248623, 23.587364283880717 ], [ -109.709526887185305, 23.587210948478418 ], [ -109.709086263455092, 23.587176806994151 ], [ -109.70836609134831, 23.587170820342127 ], [ -109.708156355184883, 23.587199556517209 ], [ -109.707897758060057, 23.587339647068049 ], [ -109.70773806946967, 23.587511040337393 ], [ -109.707251450486254, 23.588170784232474 ], [ -109.707015095901383, 23.588290738118307 ], [ -109.706398730474717, 23.588190778651178 ], [ -109.705754565651716, 23.587928023667079 ], [ -109.703364853558639, 23.586801773334642 ], [ -109.702644739987235, 23.586416450856742 ], [ -109.701673902538772, 23.585744547504166 ], [ -109.701007106748918, 23.585170008495375 ], [ -109.698866263982438, 23.583160716783468 ], [ -109.698133558275487, 23.582565293985912 ], [ -109.696855077429163, 23.581795956417192 ], [ -109.695761383624614, 23.581292322013404 ], [ -109.691936008847946, 23.579711316807337 ], [ -109.690885937893214, 23.579258816781721 ], [ -109.689810928921929, 23.578728205814709 ], [ -109.689325268354281, 23.5784226947411 ], [ -109.688133865836065, 23.577527586497467 ], [ -109.687746705835778, 23.577294022711605 ], [ -109.68713135294756, 23.577099170359176 ], [ -109.686639436556476, 23.577054373104026 ], [ -109.684959179247031, 23.577040162008075 ], [ -109.684455634631192, 23.5770562197389 ], [ -109.683786015808039, 23.57714537615902 ], [ -109.683332961541666, 23.577256684981258 ], [ -109.681888322245882, 23.577686963082488 ], [ -109.681312803394334, 23.577919147397722 ], [ -109.680071686137893, 23.578572398140725 ], [ -109.67887417141381, 23.579273422683674 ], [ -109.674526791366546, 23.581891547097563 ], [ -109.673313348459601, 23.582526350341464 ], [ -109.671998093608835, 23.582870713217272 ], [ -109.671332611996888, 23.582727863116411 ], [ -109.66954230690466, 23.581716861540446 ], [ -109.669181742941632, 23.58139881342991 ], [ -109.669289398611099, 23.580925602261221 ], [ -109.669803752567802, 23.580567633503311 ], [ -109.67209639136405, 23.579370302090013 ], [ -109.67274866266375, 23.578998261633124 ], [ -109.6734999774404, 23.578459423644958 ], [ -109.673921013854724, 23.578061696947071 ], [ -109.675134524531117, 23.576744472858095 ], [ -109.675472324950945, 23.576401911909599 ], [ -109.675835230127817, 23.576120524225281 ], [ -109.676015867042494, 23.576061103286374 ], [ -109.676495935131413, 23.576065192918918 ], [ -109.676709637618032, 23.57600605278477 ], [ -109.677226846437705, 23.57572597564814 ], [ -109.677752011577951, 23.575385004219616 ], [ -109.679685551739624, 23.574073866678823 ], [ -109.680254994446841, 23.573712942350248 ], [ -109.680978874143904, 23.573339779975555 ], [ -109.681443546909236, 23.573167615873427 ], [ -109.682888137194865, 23.572737339515907 ], [ -109.683451291919454, 23.572637124196639 ], [ -109.684634762229294, 23.572599731997702 ], [ -109.685762281059354, 23.572646524733472 ], [ -109.689840578400464, 23.57290222395018 ], [ -109.690934534681119, 23.572999496686105 ], [ -109.691961355744866, 23.573197797439072 ], [ -109.692334285909709, 23.573383817255678 ], [ -109.69304780792865, 23.574053611191871 ], [ -109.69325551424383, 23.574228079180202 ], [ -109.693511284317694, 23.574372470775923 ], [ -109.693668963424869, 23.574404276581049 ], [ -109.694149028901194, 23.574408311418193 ], [ -109.694372136462462, 23.574511786855624 ], [ -109.694933242021634, 23.574990637154826 ], [ -109.695511717830811, 23.575571232158655 ], [ -109.697650207192638, 23.5778018100415 ], [ -109.698327306430897, 23.578444182336092 ], [ -109.699348577166191, 23.579211354335477 ], [ -109.700130435199611, 23.579664941179729 ], [ -109.702757861602109, 23.581014485907609 ], [ -109.70351799691268, 23.581437394731445 ], [ -109.70443784039162, 23.582061447094972 ], [ -109.704991766305966, 23.582530043090909 ], [ -109.706656928994519, 23.584092765174297 ], [ -109.707101539003489, 23.584469003068541 ], [ -109.707511199846891, 23.584662067171262 ], [ -109.707651817270133, 23.584561636023135 ], [ -109.707898368722041, 23.583899893519266 ], [ -109.708006314604205, 23.58375854984688 ], [ -109.708263512214288, 23.583760688624746 ], [ -109.708522992184214, 23.583905087419065 ], [ -109.709476707054748, 23.584576806608158 ], [ -109.709868066828804, 23.584762939185207 ], [ -109.710740693323544, 23.58495983911018 ], [ -109.711595943109188, 23.585054988982755 ], [ -109.714714489590222, 23.585302086992762 ], [ -109.715823964913611, 23.585328196083566 ], [ -109.716115413524761, 23.585310470936403 ], [ -109.71617441355167, 23.585314159169293 ], [ -109.717291040907469, 23.585360637149435 ], [ -109.718423188945692, 23.585322567420086 ], [ -109.718923914328485, 23.585221709505941 ], [ -109.71947100562376, 23.585025231596354 ], [ -109.719714900098111, 23.58499793408188 ], [ -109.726204922400356, 23.584166223662582 ], [ -109.72795353274627, 23.584026455747143 ], [ -109.729623736820614, 23.584206071967511 ], [ -109.73026113791714, 23.584602449255652 ], [ -109.731565488723206, 23.586272598502255 ], [ -109.731904403272864, 23.58675797337105 ], [ -109.732181635411095, 23.587352912583569 ], [ -109.732238764924247, 23.587717451417582 ], [ -109.732228135336172, 23.588823693594197 ], [ -109.732367598610296, 23.589224464897331 ], [ -109.733029061807599, 23.589988487345366 ], [ -109.733834552479749, 23.590679173480765 ], [ -109.736932111771395, 23.593138319587577 ], [ -109.73775412928758, 23.593834200991168 ], [ -109.738492586435939, 23.594622534455965 ], [ -109.738725501546668, 23.59505284689001 ], [ -109.739073979851042, 23.596272639646934 ], [ -109.73928524006449, 23.596662134795967 ], [ -109.739922642669427, 23.597259985022706 ], [ -109.740621960835568, 23.597724559319762 ], [ -109.743248078260649, 23.599294698407469 ], [ -109.743947612868908, 23.59973893977013 ], [ -109.744585954499456, 23.600241951095338 ], [ -109.744798333167822, 23.600516299646884 ], [ -109.745151091421164, 23.601293582624052 ], [ -109.745292152633041, 23.601531793522916 ], [ -109.745597678558028, 23.601866161498805 ], [ -109.745893083450468, 23.60210561878834 ], [ -109.746966120581291, 23.602888714275927 ], [ -109.74727840494991, 23.603092744642051 ], [ -109.747662687668637, 23.603261794530159 ], [ -109.747899377906734, 23.603299264205688 ], [ -109.748619649151664, 23.603305071330169 ], [ -109.748834869137283, 23.60328140540113 ], [ -109.749118957393762, 23.603165158972484 ], [ -109.749309577481057, 23.603022758615392 ], [ -109.749915046867883, 23.602474468787339 ], [ -109.750084001369544, 23.602291252185935 ], [ -109.750266988847358, 23.601984532633846 ], [ -109.750359445107904, 23.60172957855675 ], [ -109.75060791852313, 23.600846512189147 ], [ -109.750705837271823, 23.600596681873075 ], [ -109.75091431965248, 23.600313873619843 ], [ -109.751114232814871, 23.600159691979897 ], [ -109.751838676222874, 23.599722983921911 ], [ -109.752027467022998, 23.599578871822526 ], [ -109.75218404985624, 23.599343058826062 ], [ -109.752218949067299, 23.599150295414137 ], [ -109.752225229427637, 23.598486545900734 ], [ -109.752249008008263, 23.598303853295526 ], [ -109.752353694308923, 23.598115037300047 ], [ -109.75247946751368, 23.598027992684496 ], [ -109.752961722092223, 23.597810599573343 ], [ -109.753098614789053, 23.597713483518149 ], [ -109.753255193378635, 23.597477669211248 ], [ -109.753341984265901, 23.597237907737284 ], [ -109.753590427977571, 23.596354834893841 ], [ -109.753733201325772, 23.596024080537763 ], [ -109.754151032819024, 23.595363632615694 ], [ -109.754605158590735, 23.594750888768491 ], [ -109.756306548309922, 23.592551853083236 ], [ -109.756749534653622, 23.591949173099881 ], [ -109.757115447405212, 23.591335714698808 ], [ -109.757195196764485, 23.591062026741291 ], [ -109.757201449677368, 23.590398275277987 ], [ -109.757225219386171, 23.59021558137227 ], [ -109.757329891731985, 23.590026761257672 ], [ -109.757455653873023, 23.589939712058207 ], [ -109.757937870775933, 23.589722301675124 ], [ -109.75806372787612, 23.589625092484845 ], [ -109.758168844799059, 23.589388860876323 ], [ -109.758193154794483, 23.589148596421946 ], [ -109.758201484509371, 23.588263593904205 ], [ -109.758165596144437, 23.587977127101187 ], [ -109.757989788330548, 23.587525284495491 ], [ -109.757774523536412, 23.587166261646612 ], [ -109.756945770745958, 23.585942661990767 ], [ -109.756631207473546, 23.585593003298555 ], [ -109.755991991643398, 23.585184863287569 ], [ -109.755393389919462, 23.584951463425138 ], [ -109.754755906203627, 23.584749923712394 ], [ -109.753583527743132, 23.584379269335532 ], [ -109.753239142896007, 23.5842703879804 ], [ -109.752580068362192, 23.584021251892175 ], [ -109.751658624122726, 23.583539706700243 ], [ -109.751001351300744, 23.583100921152688 ], [ -109.74885554943846, 23.581534786746062 ], [ -109.7482974041761, 23.581106948746559 ], [ -109.747838498700972, 23.58067652193391 ], [ -109.747741061836464, 23.580489466034592 ], [ -109.747745260065471, 23.580046966061328 ], [ -109.747691239420178, 23.579931381556925 ], [ -109.747665418114138, 23.579921619579181 ], [ -109.747434945147873, 23.579834486944257 ], [ -109.747122831159857, 23.579811650058193 ], [ -109.745922593637815, 23.579801967157582 ], [ -109.745490100757138, 23.57968671344786 ], [ -109.744672041822753, 23.579158548861585 ], [ -109.743935884472862, 23.578519279980842 ], [ -109.741318597474475, 23.576064167548537 ], [ -109.740538675640067, 23.575394048382812 ], [ -109.739516274761982, 23.574721958897459 ], [ -109.738835619802643, 23.574431950880086 ], [ -109.736681638754931, 23.573750655878399 ], [ -109.736039134946765, 23.573506666958512 ], [ -109.735194754226285, 23.573049361938402 ], [ -109.73463100075368, 23.572640058521628 ], [ -109.732844552304456, 23.571187271974502 ], [ -109.732363526289916, 23.570773555141528 ], [ -109.731905164661683, 23.570295673987061 ], [ -109.731731386365809, 23.570026704483212 ], [ -109.731378783014819, 23.569249394948031 ], [ -109.731232121913862, 23.569026367100648 ], [ -109.730900305198901, 23.568762880037063 ], [ -109.730572942679046, 23.568609497337569 ], [ -109.729377072035561, 23.568157193482318 ], [ -109.729011381990972, 23.567978093821399 ], [ -109.728500695700788, 23.567594603695152 ], [ -109.728136834752107, 23.567225860353037 ], [ -109.726949515927316, 23.565888544155722 ], [ -109.726552404118138, 23.565539845376382 ], [ -109.725886521880582, 23.565249903953738 ], [ -109.725332372115119, 23.565184399839275 ], [ -109.723412221282757, 23.565168642663945 ], [ -109.722824813280909, 23.565123176860212 ], [ -109.722003727366271, 23.564926772104581 ], [ -109.721418156900555, 23.564691659754175 ], [ -109.719506595406628, 23.563790862464803 ], [ -109.718943077032364, 23.563555922730064 ], [ -109.718224871125486, 23.563360346276873 ], [ -109.717762379610264, 23.563315891588385 ], [ -109.716322290966659, 23.563304006695518 ], [ -109.715838351003697, 23.563198408293516 ], [ -109.715020056278263, 23.562717506263063 ], [ -109.71433500820342, 23.562136100639108 ], [ -109.711956456991857, 23.559903758554871 ], [ -109.711315420878364, 23.559332865168578 ], [ -109.710702423917851, 23.558901057083016 ], [ -109.710467745523601, 23.558855083555848 ], [ -109.709985573252098, 23.559072348935931 ], [ -109.709794580820287, 23.559067377410308 ], [ -109.709385456928473, 23.558826911912721 ], [ -109.708991988355251, 23.558488360714303 ], [ -109.707564942203817, 23.557148913918567 ], [ -109.70708331929967, 23.556809625386482 ], [ -109.706262776304229, 23.556565730464332 ], [ -109.705572193015144, 23.556556596263036 ], [ -109.703170008747833, 23.556757844728839 ], [ -109.702347478983526, 23.55671711526216 ], [ -109.7009111998496, 23.5563258108483 ], [ -109.699681910195594, 23.555807529760671 ], [ -109.69538158164238, 23.5537801279471 ], [ -109.694257281479366, 23.55323728593407 ], [ -109.693310797544939, 23.552731490680049 ], [ -109.693082970217461, 23.552551774374454 ], [ -109.692966255769036, 23.552218896812363 ], [ -109.693003212168108, 23.552010925339371 ], [ -109.693292387703806, 23.551373268973755 ], [ -109.693668535798153, 23.55067030182072 ], [ -109.695134682965772, 23.548027434731246 ], [ -109.695506955339454, 23.54715678774242 ], [ -109.695778112084298, 23.54573664545881 ], [ -109.695793210197905, 23.544578518626142 ], [ -109.695592518869006, 23.5405940685839 ], [ -109.695486506854365, 23.539424765481005 ], [ -109.695192475377027, 23.537952468421445 ], [ -109.694878444792323, 23.537018489682591 ], [ -109.693707026063208, 23.534132215010867 ], [ -109.693342176286535, 23.533324808383323 ], [ -109.692810937570314, 23.532443189098487 ], [ -109.69241687355516, 23.531991139464733 ], [ -109.691109157426609, 23.530763188629301 ], [ -109.690692062322782, 23.530412542431925 ], [ -109.690053322341939, 23.53000414897944 ], [ -109.689557931404849, 23.52977137555828 ], [ -109.687884855449298, 23.529093484049802 ], [ -109.687394527526109, 23.528906467175712 ], [ -109.686779396800475, 23.528711622334548 ], [ -109.68639096580489, 23.528620289895262 ], [ -109.685193420207654, 23.528388912630149 ], [ -109.684854118175835, 23.528343711956339 ], [ -109.684468251423937, 23.528364157645861 ], [ -109.684256314817574, 23.528438566812827 ], [ -109.683653142354558, 23.528765362977847 ], [ -109.683294684063327, 23.529168734744157 ], [ -109.683248697748269, 23.529235614207714 ], [ -109.683123633408783, 23.529378956237387 ], [ -109.682884192198216, 23.529765724016539 ], [ -109.682225037301777, 23.530724336330376 ], [ -109.681055402594808, 23.532543244293603 ], [ -109.680950909995019, 23.532708306745882 ], [ -109.678363388698557, 23.536795540253991 ], [ -109.676666482609249, 23.539475793816795 ], [ -109.675863012008051, 23.540919883510117 ], [ -109.675264801664881, 23.54128025870077 ], [ -109.67506494856201, 23.541429264317848 ], [ -109.674856646015229, 23.541688265040897 ], [ -109.674758924138601, 23.541909260624738 ], [ -109.674511189873883, 23.542681572458996 ], [ -109.674413619383671, 23.542887328949607 ], [ -109.674206026226315, 23.543075214248603 ], [ -109.674112765553488, 23.54310457675199 ], [ -109.674070054709404, 23.543080828682346 ], [ -109.673470119977097, 23.543075713779331 ], [ -109.67326305192536, 23.543211108603412 ], [ -109.672896666765126, 23.543848066771034 ], [ -109.672580324472264, 23.544622611685917 ], [ -109.671470415542601, 23.547600190251494 ], [ -109.671192521508374, 23.548385219818915 ], [ -109.671005622600958, 23.54907111919826 ], [ -109.671016521205146, 23.549265946498153 ], [ -109.67125428203849, 23.549489241207894 ], [ -109.671282782928671, 23.549577538422849 ], [ -109.671178025573951, 23.549766297531626 ], [ -109.670999870872251, 23.549947655994355 ], [ -109.670273235420353, 23.550605234138843 ], [ -109.670072323115434, 23.550857517117201 ], [ -109.669861371133621, 23.551377261591846 ], [ -109.669760923413776, 23.551867470867702 ], [ -109.66950311549445, 23.55363536923387 ], [ -109.669391541893887, 23.554135642861105 ], [ -109.669128676517019, 23.554702355085627 ], [ -109.668864727887907, 23.555011670039054 ], [ -109.667895826628055, 23.555888423874997 ], [ -109.667608705340214, 23.556309298208916 ], [ -109.667237711088859, 23.557396627881221 ], [ -109.666994838218329, 23.558529081571368 ], [ -109.666232396088944, 23.562726531639711 ], [ -109.665950467557181, 23.563904367233558 ], [ -109.665397269871917, 23.565203486589283 ], [ -109.664888916204148, 23.565881534901717 ], [ -109.6630697723661, 23.567746628017517 ], [ -109.662485894010402, 23.568261457868438 ], [ -109.661580299180329, 23.568798915238787 ], [ -109.660870472311345, 23.56905188083196 ], [ -109.658463533004181, 23.569694909676286 ], [ -109.657831155432831, 23.569918049510061 ], [ -109.657287010560069, 23.57031636194781 ], [ -109.65728385498528, 23.570323890708945 ], [ -109.657255490550753, 23.570344876237243 ], [ -109.657078999084277, 23.570719270501037 ], [ -109.65682547348284, 23.572044649819173 ], [ -109.656693064608078, 23.572419424434383 ], [ -109.656556536387384, 23.572578130158085 ], [ -109.656026701044581, 23.572671049067473 ], [ -109.655859040287325, 23.572718705552187 ], [ -109.655677814065513, 23.572835670973042 ], [ -109.655586580172809, 23.572955108051964 ], [ -109.655381139482301, 23.573325110269177 ], [ -109.655342047393958, 23.573395515510718 ], [ -109.655179120238813, 23.573519411937848 ], [ -109.654663326717341, 23.573657187028385 ], [ -109.654635500260582, 23.573660722760991 ], [ -109.654089405798175, 23.573730110490541 ], [ -109.651926899244074, 23.573932627497843 ], [ -109.651243174413921, 23.573963947932594 ], [ -109.650602445218226, 23.573928839915418 ], [ -109.649870696657345, 23.573799630432113 ], [ -109.648807626096783, 23.573560098540124 ], [ -109.644976283205565, 23.572641694644268 ], [ -109.643913754248075, 23.572351334927312 ], [ -109.642786598152483, 23.571914777980457 ], [ -109.642238902238532, 23.571581489374214 ], [ -109.640810154145285, 23.570462696869026 ], [ -109.640350012319473, 23.570191127204911 ], [ -109.640302845852204, 23.570181378416677 ], [ -109.640225696844411, 23.570132466662791 ], [ -109.639609480206445, 23.570032248078341 ], [ -109.639064994900664, 23.57010198733126 ], [ -109.63714027267207, 23.570527642382491 ], [ -109.636606491133563, 23.570627946505098 ], [ -109.636040239488509, 23.570670390934879 ], [ -109.635765090876163, 23.570630722895892 ], [ -109.63504731741611, 23.570403160266679 ], [ -109.63483325956723, 23.570318307513819 ], [ -109.634552095245212, 23.570149892286338 ], [ -109.634364489910098, 23.569994151920007 ], [ -109.63377016527248, 23.569435777799868 ], [ -109.633594213796599, 23.569219179533281 ], [ -109.633367429400451, 23.568766762832222 ], [ -109.633219403444699, 23.568337051575973 ], [ -109.632755405211043, 23.566784148537604 ], [ -109.6325528042493, 23.566303157079531 ], [ -109.632071328253772, 23.565611433230043 ], [ -109.631586108327582, 23.565104246783253 ], [ -109.629803249113607, 23.563429089993544 ], [ -109.629306392691717, 23.562982753799098 ], [ -109.628770563195218, 23.562575018659739 ], [ -109.628501946535124, 23.562438876947379 ], [ -109.628376113134578, 23.562398974377512 ], [ -109.627992685833149, 23.562067497775416 ], [ -109.627185879362159, 23.561398288163474 ], [ -109.626633903799672, 23.561013160295268 ], [ -109.626394397080063, 23.560846048879789 ], [ -109.626070508114793, 23.560726347960646 ], [ -109.625350504636202, 23.560719983214522 ], [ -109.625135870000307, 23.560692685479793 ], [ -109.62485424535123, 23.560571662524069 ], [ -109.624666559325689, 23.560426070392104 ], [ -109.624072318576822, 23.559867662434506 ], [ -109.623907098419721, 23.559681628685606 ], [ -109.623730309206849, 23.559371880302912 ], [ -109.623642973221266, 23.559115416461502 ], [ -109.623412195709889, 23.558228333510463 ], [ -109.623324543433995, 23.558002346393941 ], [ -109.62314627557123, 23.557834822867399 ], [ -109.62297925926957, 23.557821490544566 ], [ -109.622378116943366, 23.557926795238288 ], [ -109.622167337623353, 23.557882594594101 ], [ -109.621969152304573, 23.557721155849201 ], [ -109.621882136680895, 23.557576963474538 ], [ -109.621530222520761, 23.556799434325875 ], [ -109.621356585906511, 23.556540510901353 ], [ -109.620898195291488, 23.556109730397573 ], [ -109.620416989838446, 23.555753252071071 ], [ -109.620325804524441, 23.555690354784662 ], [ -109.620265407230178, 23.555610797497046 ], [ -109.619896984481059, 23.555184199167119 ], [ -109.619361463785964, 23.554752729825715 ], [ -109.618964855975108, 23.554562943230351 ], [ -109.618401739583675, 23.554368488162407 ], [ -109.618148208554302, 23.554199527595099 ], [ -109.617688100998365, 23.553934667728377 ], [ -109.617512367799719, 23.553877226077798 ], [ -109.617261360065712, 23.553874994248769 ], [ -109.617028758508297, 23.553576595803495 ], [ -109.616971675615247, 23.553239118664436 ], [ -109.616984409351886, 23.552022303597262 ], [ -109.616954876192267, 23.551685071427766 ], [ -109.616804322029338, 23.551328136415183 ], [ -109.616618778137493, 23.551155461262645 ], [ -109.615903463349042, 23.550706577097053 ], [ -109.615707061554119, 23.550518564460678 ], [ -109.615505832377153, 23.550090058063024 ], [ -109.615414763880409, 23.549665918854018 ], [ -109.61519100857187, 23.548115108850229 ], [ -109.615105611413526, 23.547675780119018 ], [ -109.614930844807972, 23.547176389504234 ], [ -109.61476657553149, 23.546902302980861 ], [ -109.614174755595798, 23.546122622039775 ], [ -109.613998724410934, 23.54591954916711 ], [ -109.613769061682106, 23.545751557724785 ], [ -109.613617002878584, 23.54571464285165 ], [ -109.613137057567727, 23.545710364178831 ], [ -109.61298425293991, 23.545744561209712 ], [ -109.612751109572798, 23.545908426694361 ], [ -109.612570851840218, 23.54610832314016 ], [ -109.612366000152278, 23.546367388722448 ], [ -109.612347589080841, 23.546380648137973 ], [ -109.612328868285275, 23.546414347374654 ], [ -109.612085497042131, 23.546852437192417 ], [ -109.611947968222481, 23.547355817056772 ], [ -109.611568252862213, 23.549233133235479 ], [ -109.611447728581311, 23.549690944731896 ], [ -109.611389339313874, 23.549773752160721 ], [ -109.611265004271473, 23.549950083186438 ], [ -109.611124494766074, 23.549862469516139 ], [ -109.610651511333785, 23.549194466652644 ], [ -109.610506294260446, 23.549030611387483 ], [ -109.610301595367659, 23.548933956961328 ], [ -109.610154385105929, 23.548959734457654 ], [ -109.609672101665751, 23.549176683065063 ], [ -109.609497556215643, 23.549181895818752 ], [ -109.609165295747573, 23.548989273946457 ], [ -109.608865184470432, 23.548708886807106 ], [ -109.607796935925478, 23.547593031736522 ], [ -109.607496456159126, 23.547348198360169 ], [ -109.607162455017743, 23.547321501274304 ], [ -109.606985788868499, 23.547528196214248 ], [ -109.607058414353261, 23.547259610350846 ], [ -109.606906892639969, 23.546997483481448 ], [ -109.60661780825518, 23.546891601997569 ], [ -109.606963380463426, 23.54686591122864 ], [ -109.607378510330804, 23.546514033583229 ], [ -109.607625979286951, 23.546037042229038 ], [ -109.608365692367471, 23.544162957961603 ], [ -109.608547466860927, 23.543644737464486 ], [ -109.608656047649973, 23.54310046232348 ], [ -109.60862938993219, 23.542841147164516 ], [ -109.608396408399784, 23.542175284813176 ], [ -109.608369270146028, 23.541961684731245 ], [ -109.608475604821948, 23.541630746810476 ], [ -109.60865464908612, 23.541371578228901 ], [ -109.609383848692062, 23.540493060423692 ], [ -109.609574335515688, 23.540193353394773 ], [ -109.609734079559502, 23.539673240654995 ], [ -109.609771798983076, 23.539229929688041 ], [ -109.609788078897893, 23.53768125787807 ], [ -109.609775947300648, 23.537262901024405 ], [ -109.609703054339718, 23.536859241023851 ], [ -109.609611053313884, 23.536700940710091 ], [ -109.609254609020297, 23.536365865480832 ], [ -109.609106662489566, 23.536288343850938 ], [ -109.608772688649935, 23.536261651494957 ], [ -109.608443529409229, 23.536301040700852 ], [ -109.607241424665517, 23.536511544028354 ], [ -109.60692264086822, 23.536611982093302 ], [ -109.606637089235392, 23.536870195134401 ], [ -109.606547942181834, 23.537138633352743 ], [ -109.606417473466408, 23.53813313215489 ], [ -109.606350362000143, 23.538401767552539 ], [ -109.606167644869643, 23.538660900647915 ], [ -109.60597373187467, 23.538762455211149 ], [ -109.605251520817205, 23.538977241459637 ], [ -109.605061830086171, 23.539200751074588 ], [ -109.604898817644681, 23.540029011588643 ], [ -109.604855633148205, 23.540988731374235 ], [ -109.604817114639133, 23.544639162331851 ], [ -109.604768309409295, 23.545608990916371 ], [ -109.604579073179082, 23.546484427492153 ], [ -109.604357541069703, 23.546765222414276 ], [ -109.604255942083142, 23.546817543577284 ], [ -109.603982888374162, 23.546761860116487 ], [ -109.602418382660645, 23.547190327623309 ], [ -109.601879811691532, 23.547229513182607 ], [ -109.600930994210174, 23.546983918065667 ], [ -109.600114116065868, 23.546593880469146 ], [ -109.597250875798608, 23.545019273328368 ], [ -109.596412091303847, 23.544618859677392 ], [ -109.595360964407462, 23.544324895817201 ], [ -109.594698134873539, 23.544305362359363 ], [ -109.592656051320219, 23.544508157800369 ], [ -109.592134791494757, 23.544647371439176 ], [ -109.591744330472679, 23.545094255426363 ], [ -109.591707789370162, 23.545593448970646 ], [ -109.591529460002732, 23.545092309867723 ], [ -109.590917196379948, 23.544636345937658 ], [ -109.590220863847861, 23.544486105554562 ], [ -109.590128802415876, 23.544477547537547 ], [ -109.590532149732311, 23.54446014043679 ], [ -109.59094731296733, 23.544108308280716 ], [ -109.590989149116481, 23.543629482521652 ], [ -109.590769225476151, 23.541746794940956 ], [ -109.590673598280546, 23.541241324231951 ], [ -109.590447259721657, 23.540765148608806 ], [ -109.590219546103839, 23.540590368212722 ], [ -109.589383222902597, 23.540250899542954 ], [ -109.589115049842064, 23.540253547523644 ], [ -109.588699894692823, 23.540605375304079 ], [ -109.588374986808404, 23.541105338128006 ], [ -109.587273885706864, 23.543086664945747 ], [ -109.587086430199918, 23.543613272301112 ], [ -109.587312760672248, 23.544089452299634 ], [ -109.58782354786662, 23.544243100987366 ], [ -109.588902220647739, 23.544363519398992 ], [ -109.587583580519166, 23.54424092217668 ], [ -109.586841550355032, 23.54424264899157 ], [ -109.586016017003715, 23.544495914956876 ], [ -109.585578711641574, 23.544855998517878 ], [ -109.585801474033403, 23.54446348509288 ], [ -109.585625809260719, 23.54405888241909 ], [ -109.585152099546207, 23.543873391190214 ], [ -109.583117127847416, 23.543412352460845 ], [ -109.582444269085386, 23.543301237500042 ], [ -109.581344584160206, 23.5432440296096 ], [ -109.581339224600399, 23.543243750775069 ], [ -109.580433447203035, 23.543272739771698 ], [ -109.57731152627305, 23.543465474896575 ], [ -109.576367838340133, 23.54343313471546 ], [ -109.575085890002342, 23.543089510840705 ], [ -109.574198227901093, 23.542630960545782 ], [ -109.571337796898064, 23.540834659375705 ], [ -109.570538201934653, 23.540387057681691 ], [ -109.569667144083141, 23.540094577985379 ], [ -109.569222365849612, 23.540124353743909 ], [ -109.568017784959181, 23.540555783923278 ], [ -109.567638235790781, 23.540667433509977 ], [ -109.567071591330006, 23.54075703936995 ], [ -109.566641648883447, 23.540773397955121 ], [ -109.565201896296941, 23.540760125351852 ], [ -109.564696698871685, 23.540603068811613 ], [ -109.56377886895298, 23.539883415946544 ], [ -109.562972888640189, 23.539012395123642 ], [ -109.560129557198479, 23.535667259049468 ], [ -109.559312829431576, 23.53477580185881 ], [ -109.558344685698884, 23.533960829146434 ], [ -109.557778343774018, 23.53368804121207 ], [ -109.556103558864677, 23.533229996299088 ], [ -109.555602555490566, 23.53302892508367 ], [ -109.555117477489077, 23.532677659075727 ], [ -109.555049090896688, 23.532586918386485 ], [ -109.554697636672842, 23.531809257745831 ], [ -109.554507805229377, 23.531534875235138 ], [ -109.553973379471515, 23.53103208355115 ], [ -109.553399748197606, 23.530588190741852 ], [ -109.55320298663662, 23.530444125422004 ], [ -109.551257256788261, 23.529019467081451 ], [ -109.550565332313354, 23.528445179765015 ], [ -109.550457816122091, 23.528335214398329 ], [ -109.550088074216276, 23.527957048022152 ], [ -109.549837087933597, 23.527566947110866 ], [ -109.549250596148298, 23.526344573307131 ], [ -109.549021315417562, 23.525985152686687 ], [ -109.548537826215664, 23.525530230563511 ], [ -109.548076408817607, 23.525239761598169 ], [ -109.546406629032077, 23.524339152452878 ], [ -109.545906158798957, 23.524094031309694 ], [ -109.545903270878611, 23.524092976019514 ], [ -109.545884236364685, 23.524083666796376 ], [ -109.545116171649497, 23.523792017595706 ], [ -109.544541328517951, 23.523630861200775 ], [ -109.542626798653671, 23.523170435514277 ], [ -109.542057582119085, 23.522999163145059 ], [ -109.541889992540376, 23.522922615472737 ], [ -109.541488660659965, 23.522690171232028 ], [ -109.540051587871176, 23.521787161556755 ], [ -109.539499436830951, 23.521491891565596 ], [ -109.538994288329789, 23.521316137883908 ], [ -109.53870052965614, 23.521245051234242 ], [ -109.538364313957018, 23.52112736475269 ], [ -109.53808922677635, 23.521031075250157 ], [ -109.537883450821084, 23.520937847070726 ], [ -109.537806666500074, 23.52085434152665 ], [ -109.537713211648537, 23.520672901388881 ], [ -109.537622460845512, 23.520394342555818 ], [ -109.538033133326749, 23.519184811959796 ], [ -109.543452907536803, 23.503235537370028 ], [ -109.544401545531159, 23.500428285137975 ], [ -109.554316430076526, 23.471226532496743 ], [ -109.557308252170927, 23.462414886899932 ], [ -109.559888346583492, 23.454815879722172 ], [ -109.544847841956184, 23.438945848586542 ], [ -109.534328692964053, 23.428060773175396 ], [ -109.538711809166998, 23.402109772511114 ], [ -109.541029482328085, 23.388387586066997 ], [ -109.541900621865281, 23.38322985315234 ], [ -109.542096105256448, 23.382072459786709 ], [ -109.542685973063314, 23.3821912894307 ], [ -109.542861988028932, 23.3822309146944 ], [ -109.543000595275188, 23.382289426881986 ], [ -109.543241287113133, 23.382452485501467 ], [ -109.543416903754718, 23.382647026731785 ], [ -109.543517233319491, 23.382806076699367 ], [ -109.543634199377792, 23.383121792803639 ], [ -109.543768508950322, 23.383639868843524 ], [ -109.543855591855674, 23.383896369902633 ], [ -109.544031979032283, 23.384206195191592 ], [ -109.544196877932364, 23.384392301590101 ], [ -109.544790021494507, 23.384950971691794 ], [ -109.545043299234024, 23.385107420190103 ], [ -109.545632116429786, 23.385278843016501 ], [ -109.54622000636671, 23.385367282749126 ], [ -109.548374680333893, 23.385608562176024 ], [ -109.548956905374297, 23.385712178966607 ], [ -109.549264104436915, 23.385814283362709 ], [ -109.549519277113106, 23.385954461193638 ], [ -109.549747533146544, 23.386189197235577 ], [ -109.549923991957613, 23.386467327605402 ], [ -109.550072615239472, 23.38675483300203 ], [ -109.55021016450965, 23.387086358798189 ], [ -109.550398423966982, 23.387318395193404 ], [ -109.550807240767256, 23.387511836455214 ], [ -109.551203005034381, 23.387556144049448 ], [ -109.552641088042279, 23.387569464151515 ], [ -109.553032509192661, 23.387507048054857 ], [ -109.55342105650638, 23.387202460213334 ], [ -109.55358470238987, 23.386829751472305 ], [ -109.553959831512103, 23.385395031557518 ], [ -109.554024864617887, 23.384980770465663 ], [ -109.553953229006339, 23.384482272874553 ], [ -109.553785860331303, 23.384184394478648 ], [ -109.553076447534821, 23.383292791183475 ], [ -109.552897635493906, 23.383035445633777 ], [ -109.552772586760852, 23.382726104707707 ], [ -109.55277275716864, 23.382541534796729 ], [ -109.552898600096512, 23.381989549406075 ], [ -109.552986260772926, 23.38185658861801 ], [ -109.553269501552478, 23.381788090126182 ], [ -109.553586470887495, 23.38182319543759 ], [ -109.554782423340697, 23.382055513603266 ], [ -109.555110509352062, 23.382080558701951 ], [ -109.555445621778503, 23.381965122642349 ], [ -109.555596267294703, 23.381775169321926 ], [ -109.555964164894846, 23.381004156308819 ], [ -109.556093018301127, 23.380793681351278 ], [ -109.55630297333569, 23.380603710421997 ], [ -109.556326438861205, 23.380582478357312 ], [ -109.556531043527116, 23.380491234623832 ], [ -109.557252443884451, 23.380276631670775 ], [ -109.557446042349724, 23.380185285146826 ], [ -109.557628102447111, 23.379973606266617 ], [ -109.557694589857974, 23.379762554568551 ], [ -109.557822803641628, 23.378989325520362 ], [ -109.557911080379398, 23.378798794450368 ], [ -109.558194825478637, 23.378682878330235 ], [ -109.55851189924077, 23.378707814458071 ], [ -109.559707834824209, 23.378940094070085 ], [ -109.560118946678855, 23.378920173368524 ], [ -109.560841528190736, 23.378594933774096 ], [ -109.561462672213665, 23.378150225114787 ], [ -109.563638730407405, 23.376400139437997 ], [ -109.564304093300791, 23.375935504792189 ], [ -109.565233093002561, 23.375517312249851 ], [ -109.565894875435347, 23.375384529164212 ], [ -109.568054194218192, 23.375183052541619 ], [ -109.568632400528045, 23.375146012066317 ], [ -109.569171380992188, 23.37517465032056 ], [ -109.569363147142781, 23.375252604227583 ], [ -109.569719076261762, 23.375587751547112 ], [ -109.56982193253161, 23.375746171495599 ], [ -109.569945998670079, 23.376150317666337 ], [ -109.570020379873611, 23.37656924941129 ], [ -109.570243428132187, 23.378120117880933 ], [ -109.570246223497946, 23.378543474992362 ], [ -109.570036216897336, 23.378968273036826 ], [ -109.569733411460334, 23.37915176975585 ], [ -109.568530322415697, 23.379583284090238 ], [ -109.56822784108617, 23.379736300857427 ], [ -109.568019354501288, 23.380018870436931 ], [ -109.568023998414631, 23.38026952502064 ], [ -109.56825415880941, 23.381156676859774 ], [ -109.568363080631897, 23.381433686026668 ], [ -109.568641221411781, 23.381839243544096 ], [ -109.56892964430547, 23.38214160190568 ], [ -109.569997485804805, 23.383147046314466 ], [ -109.570330154554, 23.383429487021502 ], [ -109.570814758847703, 23.383742102417639 ], [ -109.571174381526163, 23.383906255015813 ], [ -109.571923449686835, 23.384190803739362 ], [ -109.57236802018997, 23.384359680622179 ], [ -109.572749331285706, 23.384554507626142 ], [ -109.573335141659115, 23.385010278783266 ], [ -109.57379070418736, 23.385466553160089 ], [ -109.575330873119512, 23.387140055384148 ], [ -109.575752997637153, 23.387636659624864 ], [ -109.576182722278588, 23.388280651506712 ], [ -109.576374488446689, 23.388704036364548 ], [ -109.57683967536731, 23.390035840413283 ], [ -109.577015425157057, 23.390413358933554 ], [ -109.57737040005955, 23.390843308241795 ], [ -109.577701757483993, 23.391080002606444 ], [ -109.578893123384674, 23.391754622244825 ], [ -109.579224594255194, 23.391981154614029 ], [ -109.579580086119691, 23.392363690781181 ], [ -109.579756460488426, 23.392683639062188 ], [ -109.580224052244077, 23.393794194603352 ], [ -109.580333741573227, 23.394174496395962 ], [ -109.580378029043999, 23.394838683237193 ], [ -109.580331606592097, 23.395407219781685 ], [ -109.58007067510664, 23.397396202716028 ], [ -109.580035148214577, 23.397974997863336 ], [ -109.580130293777415, 23.39868705969975 ], [ -109.58030174418586, 23.399125495668923 ], [ -109.581006708267509, 23.400459466751588 ], [ -109.58126163621229, 23.400812300064469 ], [ -109.581746329055662, 23.401124885235987 ], [ -109.582183818914871, 23.401218601462066 ], [ -109.583740746311889, 23.401343350196257 ], [ -109.584289281371184, 23.401346627210639 ], [ -109.585292181163112, 23.401237176587347 ], [ -109.586176358406078, 23.401077538831871 ], [ -109.589299603805742, 23.400441978401773 ], [ -109.590261466481493, 23.400222058398615 ], [ -109.591626925133284, 23.399831356805755 ], [ -109.592615716096589, 23.399493131307779 ], [ -109.595864586524513, 23.398305411910158 ], [ -109.596677140605749, 23.397975736317754 ], [ -109.597220220765578, 23.397625011201161 ], [ -109.597183498811816, 23.397453654674489 ], [ -109.596469054225309, 23.397004715381403 ], [ -109.596272575327291, 23.396847163982581 ], [ -109.596070115920114, 23.39656086513212 ], [ -109.595977366972932, 23.396309418327608 ], [ -109.595746999116088, 23.395422298721407 ], [ -109.595687699747387, 23.395130512224675 ], [ -109.595641335687318, 23.394655961672676 ], [ -109.595634400473514, 23.394269818812532 ], [ -109.595648399434907, 23.392942369224549 ], [ -109.59567416170718, 23.392587000092892 ], [ -109.595780386961223, 23.392256060473859 ], [ -109.59590637502528, 23.392138658646836 ], [ -109.596388093502355, 23.391921722189558 ], [ -109.596503074423296, 23.391804221008314 ], [ -109.596557934297905, 23.391472819542873 ], [ -109.596521324920857, 23.391116890128281 ], [ -109.596295623771951, 23.389787287487906 ], [ -109.596303575041674, 23.389380957986678 ], [ -109.596566378398734, 23.388814356128947 ], [ -109.596933858688843, 23.388411253581793 ], [ -109.598385947388991, 23.387096701416965 ], [ -109.598786755628851, 23.386663412701303 ], [ -109.599205119980411, 23.385955959171962 ], [ -109.599401975776033, 23.385378600673018 ], [ -109.599902264568428, 23.383391713682482 ], [ -109.600132236439748, 23.382804490293772 ], [ -109.600705155728022, 23.382051001668898 ], [ -109.601293638160456, 23.381561811058162 ], [ -109.603466944366531, 23.380032391696027 ], [ -109.604033184411449, 23.379563311387411 ], [ -109.60450235872969, 23.378903708261607 ], [ -109.604606370376018, 23.378430500207134 ], [ -109.604622585780547, 23.376881799909157 ], [ -109.604671144241891, 23.376448737113655 ], [ -109.604881534881613, 23.375976477659734 ], [ -109.605133534033669, 23.375734883749278 ], [ -109.606099134718178, 23.375079701257121 ], [ -109.606361710045107, 23.374878839724079 ], [ -109.606621465884373, 23.374596672024673 ], [ -109.6067299707031, 23.374394437173841 ], [ -109.606976569772513, 23.373732842195746 ], [ -109.607024705902418, 23.373514829303481 ], [ -109.607002743730376, 23.373159031116685 ], [ -109.606944508304807, 23.372946429563342 ], [ -109.606987115628286, 23.372723702072907 ], [ -109.606992824675544, 23.372352910173522 ], [ -109.606765936750193, 23.371947873136818 ], [ -109.606494808748565, 23.371777031557205 ], [ -109.606351262630568, 23.371608896677714 ], [ -109.605660199298853, 23.371389376631278 ], [ -109.60561403077088, 23.371386203456456 ], [ -109.605123773361655, 23.371175183757035 ], [ -109.604716061314065, 23.371047933397726 ], [ -109.604125727977262, 23.371018959831449 ], [ -109.603690105558087, 23.371104819200106 ], [ -109.602968818258162, 23.371319642722668 ], [ -109.602019973898081, 23.371311165712036 ], [ -109.601266849346203, 23.371238392784811 ], [ -109.600628147663258, 23.370924491872394 ], [ -109.600468841088485, 23.370548837858628 ], [ -109.600364111040761, 23.369109688077859 ], [ -109.600320513436188, 23.368719829049674 ], [ -109.600221787460356, 23.368339636798961 ], [ -109.600124347978905, 23.368186364011411 ], [ -109.599768357153451, 23.367851282837698 ], [ -109.599620918920849, 23.367743282510109 ], [ -109.599288864103016, 23.367574362197558 ], [ -109.598961938686912, 23.367441047346553 ], [ -109.597768346223106, 23.366987826784861 ], [ -109.597358731767372, 23.36686900760802 ], [ -109.596640785689303, 23.366767742016272 ], [ -109.596024762543095, 23.366741894892769 ], [ -109.593867934570397, 23.366722524504187 ], [ -109.593197106090159, 23.366675853593218 ], [ -109.592223401708338, 23.366477440839351 ], [ -109.591503225705992, 23.366240664666389 ], [ -109.589116127543079, 23.365334104318588 ], [ -109.588472669741307, 23.365128486507079 ], [ -109.587856944450465, 23.365075516835049 ], [ -109.587620792513562, 23.365205465535244 ], [ -109.587134472070304, 23.365864862839484 ], [ -109.586875879154007, 23.366035247750801 ], [ -109.586155434855698, 23.366170979065917 ], [ -109.585384822136248, 23.366194493188463 ], [ -109.582509077040513, 23.36616846443442 ], [ -109.581776276800397, 23.366258343378238 ], [ -109.581232282729985, 23.366703838002284 ], [ -109.581187948842071, 23.367250382853051 ], [ -109.581525058962924, 23.369355431678784 ], [ -109.581452727286347, 23.369947442572162 ], [ -109.580778059952905, 23.370605109710514 ], [ -109.57988657807735, 23.370952618866951 ], [ -109.57640097255937, 23.371916614384322 ], [ -109.575488982406682, 23.372121671216242 ], [ -109.574718662210529, 23.372114654020763 ], [ -109.574530197592438, 23.371899577093764 ], [ -109.574421016789429, 23.370902904192523 ], [ -109.574250636330689, 23.370540672097267 ], [ -109.573564711907125, 23.369846926976134 ], [ -109.572755206137032, 23.369218091460837 ], [ -109.569663496591588, 23.366977238108024 ], [ -109.568871023795765, 23.366302819563689 ], [ -109.568264467898587, 23.365396419513282 ], [ -109.568190425869744, 23.364775983926606 ], [ -109.568451441669424, 23.362787018354354 ], [ -109.568477443623948, 23.362648826943179 ], [ -109.568715874928529, 23.362301758834622 ], [ -109.569687520634147, 23.361089188940134 ], [ -109.569887583164572, 23.360904751290736 ], [ -109.570020078644959, 23.360636700570542 ], [ -109.570247298477398, 23.360313115270419 ], [ -109.570510145721087, 23.359746557776404 ], [ -109.570569010111882, 23.359388109498397 ], [ -109.570580864342602, 23.358281908622374 ], [ -109.570628288862707, 23.357963995665187 ], [ -109.570826527718467, 23.357606820116363 ], [ -109.571089552167578, 23.357365382310316 ], [ -109.5720551699645, 23.356710410175985 ], [ -109.572317864285523, 23.356499447076438 ], [ -109.572578158188406, 23.356169928370683 ], [ -109.572687312618697, 23.355910150786762 ], [ -109.572936404658719, 23.355027374012643 ], [ -109.573028998314101, 23.354772525082389 ], [ -109.573212011663927, 23.354466007084277 ], [ -109.573380865575828, 23.354282973050484 ], [ -109.573985834662963, 23.353735330795445 ], [ -109.574308620564366, 23.353563858071702 ], [ -109.575209986789162, 23.353311292614258 ], [ -109.576174865556439, 23.353121952969772 ], [ -109.579776250919821, 23.352490885307144 ], [ -109.580374621235421, 23.352370040213753 ], [ -109.580678250904185, 23.352308720066809 ], [ -109.581131781009688, 23.352181829988012 ], [ -109.581472468330531, 23.352080397586644 ], [ -109.58176169181688, 23.351983756441857 ], [ -109.582215862368983, 23.351764547447686 ], [ -109.582624869409287, 23.351506915785119 ], [ -109.582768791727077, 23.35141625977591 ], [ -109.583050838056337, 23.351214937051225 ], [ -109.583234470288133, 23.351043860869463 ], [ -109.583407772548881, 23.350809373881212 ], [ -109.58351426935252, 23.350578387663283 ], [ -109.583597910677753, 23.35040332442443 ], [ -109.583662934260175, 23.350218664219067 ], [ -109.585173976402928, 23.350578038933278 ], [ -109.585921029587084, 23.350755712352804 ], [ -109.587042851731198, 23.351022517957379 ], [ -109.594136728047715, 23.352709671281392 ], [ -109.600552642689749, 23.354235583382465 ], [ -109.606336047001008, 23.355611064060799 ], [ -109.619531206675262, 23.358749299985984 ], [ -109.629825446975758, 23.361197603419289 ], [ -109.635947097361395, 23.36265352995871 ], [ -109.640569466100104, 23.363752878810359 ], [ -109.64088601774192, 23.364840720736257 ], [ -109.641044612377542, 23.365508166662874 ], [ -109.641289768113054, 23.366618872975334 ], [ -109.641326201285835, 23.367003582969563 ], [ -109.641271223808531, 23.367358711894298 ], [ -109.641156251073994, 23.367481328868031 ], [ -109.640674688417462, 23.367698411568625 ], [ -109.640560180961614, 23.36777531130145 ], [ -109.640507376332863, 23.367917094953533 ], [ -109.640546448772781, 23.368042743365208 ], [ -109.640781592441883, 23.368487318798152 ], [ -109.640809349990946, 23.36864334938079 ], [ -109.640703740345529, 23.36892691678969 ], [ -109.640525111247882, 23.369175982303148 ], [ -109.639797112819892, 23.37005471829745 ], [ -109.639623619995106, 23.370339387893726 ], [ -109.639541990765451, 23.370789112347133 ], [ -109.639598871270124, 23.371146906438405 ], [ -109.639945946749734, 23.372366887401746 ], [ -109.640108878383074, 23.372578280877985 ], [ -109.640522146157849, 23.37234480249473 ], [ -109.640949593607459, 23.371799867435989 ], [ -109.642531047375229, 23.369490304585561 ], [ -109.64295431905137, 23.368813244553792 ], [ -109.643348163984385, 23.367963204789884 ], [ -109.643487530638723, 23.36742592331397 ], [ -109.643744062079179, 23.365768649679357 ], [ -109.643744888687806, 23.365326688510795 ], [ -109.643701538947553, 23.364998568516011 ], [ -109.64363506962404, 23.364732691221999 ], [ -109.643515809254183, 23.364453614546974 ], [ -109.645900636865292, 23.365020803718558 ], [ -109.651152646973273, 23.366269901661074 ], [ -109.656115983480305, 23.367450343680698 ], [ -109.669217890485967, 23.370566401103925 ], [ -109.678212173794165, 23.372705532701865 ], [ -109.67929563154226, 23.373192091044459 ], [ -109.680792299834863, 23.373864213649288 ], [ -109.681570994444087, 23.374213909204204 ], [ -109.682023807717343, 23.374417258228316 ], [ -109.682300890581715, 23.374541690380369 ], [ -109.681877087079073, 23.374926500529106 ], [ -109.681582852430097, 23.375127408727174 ], [ -109.681301313645676, 23.375259554970896 ], [ -109.680694790219746, 23.375436326517189 ], [ -109.679954692479669, 23.375705757519448 ], [ -109.679086312461777, 23.376053290749375 ], [ -109.678546443580743, 23.37626935096737 ], [ -109.677482150938616, 23.376695290132123 ], [ -109.676537151882357, 23.377093707259309 ], [ -109.675375924893004, 23.377652851495135 ], [ -109.674662029295376, 23.37805321398416 ], [ -109.672491723873705, 23.379362413958653 ], [ -109.67178805708231, 23.379839051311961 ], [ -109.670674600246031, 23.380754173286913 ], [ -109.669787609218147, 23.381584851171894 ], [ -109.666761701903653, 23.384546191336046 ], [ -109.665907069004021, 23.385438082259377 ], [ -109.664944760685671, 23.386638935515499 ], [ -109.664424671583149, 23.387462551952286 ], [ -109.662959871555586, 23.390105235774513 ], [ -109.662521641710285, 23.390995586066591 ], [ -109.661941397199143, 23.392507878909765 ], [ -109.661550704665771, 23.393777947030323 ], [ -109.660307671320936, 23.398192630821352 ], [ -109.659960461429861, 23.399513866601975 ], [ -109.659583229734409, 23.40126495850415 ], [ -109.659391540269553, 23.402445283213641 ], [ -109.658874206721563, 23.406202371428424 ], [ -109.658736619410234, 23.407474600159286 ], [ -109.658611896351346, 23.409654581744505 ], [ -109.65857130852747, 23.411496612386482 ], [ -109.658506611447265, 23.41791277103038 ], [ -109.658500372251268, 23.41962301251716 ], [ -109.658535966934778, 23.421187983945821 ], [ -109.658593057114544, 23.42171341621513 ], [ -109.658823885052414, 23.422600462029209 ], [ -109.658922326249737, 23.422846844752875 ], [ -109.659171296356035, 23.423121123540248 ], [ -109.659191703294439, 23.42313266209792 ], [ -109.660214768786602, 23.423577616996038 ], [ -109.660486578328445, 23.423737431373606 ], [ -109.661196784068139, 23.424481830231777 ], [ -109.6612654715113, 23.424565391074136 ], [ -109.662448684577967, 23.426124392157458 ], [ -109.662822520624403, 23.426540774291158 ], [ -109.663383861227956, 23.426924893541148 ], [ -109.663811939129744, 23.427057252914704 ], [ -109.665248296884641, 23.427290803999522 ], [ -109.665692841449015, 23.427428379171452 ], [ -109.66633102393763, 23.427836851956197 ], [ -109.666798170469235, 23.428282809288682 ], [ -109.668340026074873, 23.429955463828215 ], [ -109.668740517340268, 23.430461808315421 ], [ -109.669067599568066, 23.431152102741024 ], [ -109.669134366407391, 23.43163189389983 ], [ -109.669118859987975, 23.433180625047743 ], [ -109.669070174194857, 23.43364419157728 ], [ -109.668858479780837, 23.434258770835751 ], [ -109.668604743958838, 23.434673174294073 ], [ -109.667632327188798, 23.435992473752822 ], [ -109.66740121590415, 23.436346106979251 ], [ -109.667295124954322, 23.436677100189566 ], [ -109.667374678930642, 23.436796314727925 ], [ -109.667852023133534, 23.437021655251211 ], [ -109.668019457219117, 23.437161939807861 ], [ -109.668323472231094, 23.437591261075326 ], [ -109.668590346562937, 23.438064292418179 ], [ -109.669531758643956, 23.439842448080206 ], [ -109.669765202689746, 23.440355833327459 ], [ -109.669913182190101, 23.440973478400029 ], [ -109.669891135820535, 23.441342443489518 ], [ -109.66964026969795, 23.442446635124746 ], [ -109.669607719910289, 23.442764709680077 ], [ -109.669706690152012, 23.443144866388892 ], [ -109.669880626658568, 23.44336987272132 ], [ -109.670593364164503, 23.444039743785197 ], [ -109.670765168639633, 23.444478094658745 ], [ -109.670854181648409, 23.445853862693767 ], [ -109.670809536037368, 23.447380894567093 ], [ -109.670512152481223, 23.453131271839325 ], [ -109.670500328111373, 23.454678902064913 ], [ -109.670742557726484, 23.456150802493134 ], [ -109.671100427933965, 23.456705886815254 ], [ -109.672528271271588, 23.457824372766613 ], [ -109.672915968689722, 23.458151103461038 ], [ -109.673297366648512, 23.458557367604175 ], [ -109.673454522323269, 23.458811014895758 ], [ -109.673806518487837, 23.459588438213302 ], [ -109.673928735934084, 23.459481102247967 ], [ -109.674147082527568, 23.458202777748188 ], [ -109.674336783779253, 23.456483935248215 ], [ -109.675003660508978, 23.449740988134117 ], [ -109.675187573810476, 23.448047493281958 ], [ -109.675379008918938, 23.446887471120682 ], [ -109.67546857934326, 23.446923792083815 ], [ -109.675695144233686, 23.448253312201011 ], [ -109.675781474457068, 23.448614731317289 ], [ -109.675957782158861, 23.448971833846823 ], [ -109.676123320039451, 23.449120561100273 ], [ -109.676719523779184, 23.449457517882514 ], [ -109.676930222208554, 23.44949486530987 ], [ -109.677317275371436, 23.449332197219658 ], [ -109.677659508746061, 23.449062466344312 ], [ -109.678869533098123, 23.447966384621996 ], [ -109.679222973181368, 23.447676424524424 ], [ -109.679662346993027, 23.44741936466 ], [ -109.679936584836469, 23.44734209670607 ], [ -109.680776987984316, 23.447238570802927 ], [ -109.680951215493721, 23.447251897249551 ], [ -109.680923874660778, 23.447417616015663 ], [ -109.68071058816632, 23.447641030546848 ], [ -109.679742584318049, 23.448517908877214 ], [ -109.679490400655197, 23.448776553112243 ], [ -109.679281554517402, 23.449106685061611 ], [ -109.679235387253556, 23.449319658266383 ], [ -109.679228786660985, 23.449983401443816 ], [ -109.679171405346167, 23.45021660004172 ], [ -109.67891022557302, 23.450641116698151 ], [ -109.678594491587575, 23.451014369871785 ], [ -109.677382232415695, 23.452331695171456 ], [ -109.677044162965728, 23.452735236008589 ], [ -109.676678777487041, 23.453301107165661 ], [ -109.676494868451528, 23.453705954170115 ], [ -109.676002007363579, 23.455029368314939 ], [ -109.675882138951124, 23.455637961319074 ], [ -109.675815618974624, 23.457154648975653 ], [ -109.67584045957382, 23.45871275254547 ], [ -109.676022905377764, 23.46446721291305 ], [ -109.676092303206772, 23.465974892683192 ], [ -109.676233713650234, 23.467256273317613 ], [ -109.67636633069155, 23.467579137435372 ], [ -109.676605064901295, 23.467691796540677 ], [ -109.67707481446277, 23.468691478220048 ], [ -109.677434460338006, 23.469258417961491 ], [ -109.677442168935855, 23.469265161652174 ], [ -109.677443519772879, 23.469270348322475 ], [ -109.677541924857408, 23.469526880315481 ], [ -109.677770129296405, 23.469837007148371 ], [ -109.677997730796562, 23.470023513271659 ], [ -109.678831670400839, 23.470583745989099 ], [ -109.679125556301486, 23.470750491857629 ], [ -109.679663081009593, 23.470968407985424 ], [ -109.680137087841644, 23.471112970128658 ], [ -109.681811601425423, 23.471569667794984 ], [ -109.682346438523652, 23.471689337217651 ], [ -109.68316782477109, 23.471791104884797 ], [ -109.683806396027563, 23.471816817153957 ], [ -109.685965009394508, 23.471835024537008 ], [ -109.68658630769032, 23.471936781235691 ], [ -109.687327088211788, 23.472393454565786 ], [ -109.687764049922265, 23.472944089473383 ], [ -109.689062445276932, 23.475057041947796 ], [ -109.689399898128855, 23.475647476613783 ], [ -109.689676259903038, 23.476289891437503 ], [ -109.689733607321855, 23.476617192759058 ], [ -109.689724865034052, 23.477502184295769 ], [ -109.689700462131327, 23.477742436877705 ], [ -109.689595324227412, 23.477978624062043 ], [ -109.689469530063676, 23.478075781661875 ], [ -109.688987627853038, 23.478292995716263 ], [ -109.68887304771512, 23.478369926753587 ], [ -109.688820243464932, 23.478511725142496 ], [ -109.688859389129135, 23.478637363302294 ], [ -109.689094874140821, 23.479081876153145 ], [ -109.689238502270911, 23.479223633134875 ], [ -109.689673281835496, 23.479440652352146 ], [ -109.690150768194982, 23.479608921726161 ], [ -109.691944267331237, 23.480177148149878 ], [ -109.6924656155105, 23.480366099064589 ], [ -109.693105066525987, 23.480679654197225 ], [ -109.693497219792221, 23.480938639828413 ], [ -109.694687825313608, 23.481833680678385 ], [ -109.695073828237639, 23.482158652291769 ], [ -109.695684563297576, 23.482780149458446 ], [ -109.696171040887606, 23.483343030524455 ], [ -109.697830561201641, 23.485348303314847 ], [ -109.698360915880556, 23.485931865041564 ], [ -109.699176359361488, 23.486649887597466 ], [ -109.6998109236537, 23.487092071715658 ], [ -109.701956801782842, 23.488437560528677 ], [ -109.702520434134854, 23.488813101944679 ], [ -109.703015355005405, 23.489237070858728 ], [ -109.703074254114412, 23.489331596162167 ], [ -109.703247682243614, 23.489980241389897 ], [ -109.703381379845467, 23.490201491760999 ], [ -109.703890774768922, 23.490679872667677 ], [ -109.703925888698905, 23.490707191891907 ], [ -109.703934437361909, 23.490720876674136 ], [ -109.704138196486142, 23.490912228555477 ], [ -109.704219171470115, 23.490935370056924 ], [ -109.704484787382924, 23.491142021885654 ], [ -109.706747484258372, 23.492820319629946 ], [ -109.707352829077564, 23.493252071906472 ], [ -109.707915041297085, 23.493588635586974 ], [ -109.707939767817692, 23.493594767430935 ], [ -109.708112853531333, 23.493637690231438 ], [ -109.708473762968239, 23.493530048864894 ], [ -109.708568365935733, 23.493430924225137 ], [ -109.7086489370556, 23.493075984417327 ], [ -109.708669435646456, 23.492668052219262 ], [ -109.708684524124166, 23.491119308290166 ], [ -109.708666617926767, 23.49069581737842 ], [ -109.708567968323308, 23.490268270543641 ], [ -109.708444946766235, 23.490080980206095 ], [ -109.707969497368282, 23.489634504690066 ], [ -109.707825833852098, 23.489304799668133 ], [ -109.707630853239777, 23.488212652406247 ], [ -109.707495974076977, 23.486982146985248 ], [ -109.707061530325731, 23.48233193420937 ], [ -109.706993141046254, 23.481061338482608 ], [ -109.707108419687913, 23.47978210585665 ], [ -109.707341490411139, 23.479225226148461 ], [ -109.708313864908447, 23.477905682703675 ], [ -109.708567470993444, 23.477501374439665 ], [ -109.708778602368028, 23.476934150073671 ], [ -109.708826613579035, 23.476528138199907 ], [ -109.708839535111039, 23.475200640593506 ], [ -109.708914931130195, 23.474810095734291 ], [ -109.709253856691944, 23.474315050271716 ], [ -109.710538142278949, 23.473449925904941 ], [ -109.711849381430184, 23.472700716880134 ], [ -109.713164819776424, 23.472213726955971 ], [ -109.714377167300398, 23.471847699468128 ], [ -109.718995931883114, 23.470542965088264 ], [ -109.720207260220064, 23.470187142147481 ], [ -109.720673394662313, 23.470027700151292 ], [ -109.721043411258108, 23.4699027414221 ], [ -109.721625991733575, 23.469643351479625 ], [ -109.722109944343558, 23.469204781589767 ], [ -109.722290936613248, 23.469091114866824 ], [ -109.722651616257068, 23.468999240540764 ], [ -109.722985880835978, 23.468981657805447 ], [ -109.724185103234817, 23.468991474290892 ], [ -109.724508354489615, 23.468973798171923 ], [ -109.72481763730741, 23.468881498343009 ], [ -109.724936218519701, 23.46876731805088 ], [ -109.725180313918898, 23.468326776611406 ], [ -109.725420722709828, 23.468142469780421 ], [ -109.726298532761049, 23.467722909803783 ], [ -109.727312133730948, 23.467307839728335 ], [ -109.73116441370972, 23.465790348885715 ], [ -109.732238994239466, 23.465330020311772 ], [ -109.733401467956469, 23.46469936584829 ], [ -109.733987566975031, 23.464258764030379 ], [ -109.73556020804719, 23.462833271587098 ], [ -109.735958494109497, 23.462452100953463 ], [ -109.73624454088781, 23.462098807410541 ], [ -109.736254895007164, 23.46197527394423 ], [ -109.736017168875122, 23.461752078142901 ], [ -109.73598854332964, 23.461673950287839 ], [ -109.736092682960447, 23.461532549585481 ], [ -109.736270079102383, 23.461408676255711 ], [ -109.736993785438884, 23.460971999289917 ], [ -109.737193495260243, 23.460817824523915 ], [ -109.737401770373523, 23.460535021228807 ], [ -109.737499596488675, 23.460285191452169 ], [ -109.737747841620404, 23.459402122268784 ], [ -109.73783455704843, 23.459162362623172 ], [ -109.737990985743124, 23.458926553732056 ], [ -109.738127739993857, 23.458829443481541 ], [ -109.738609497224942, 23.45861207036906 ], [ -109.738768468674962, 23.458494818500316 ], [ -109.739028578337198, 23.458165016868314 ], [ -109.739241191363249, 23.457811123396731 ], [ -109.73997326746823, 23.456489419865914 ], [ -109.740235864125694, 23.456090206931574 ], [ -109.740729245776691, 23.455548918294383 ], [ -109.741171479314602, 23.455174861025611 ], [ -109.742741839487493, 23.453970539695344 ], [ -109.74320560553349, 23.453647451527424 ], [ -109.743799502457307, 23.453344037077514 ], [ -109.744184161974658, 23.453233676466009 ], [ -109.745385342346978, 23.453022070460062 ], [ -109.745786469862253, 23.452916918425462 ], [ -109.746457218304428, 23.452637818825497 ], [ -109.747014301312234, 23.452344256256861 ], [ -109.74894325642525, 23.451253383634995 ], [ -109.74966019201446, 23.450940772076667 ], [ -109.751076950701346, 23.450572798130509 ], [ -109.752383955741053, 23.450359726091182 ], [ -109.757066535676643, 23.449733285363649 ], [ -109.758279070136695, 23.449610854348244 ], [ -109.759255007670632, 23.449666033164249 ], [ -109.759436671657014, 23.449867298989055 ], [ -109.759308497504747, 23.450751364207836 ], [ -109.759142622948815, 23.451020989274518 ], [ -109.758496714890271, 23.451395172805817 ], [ -109.757739861802847, 23.45166009258493 ], [ -109.754853769643702, 23.452522169638296 ], [ -109.753991907829771, 23.452826874173549 ], [ -109.752855993855988, 23.453386779771709 ], [ -109.752095119866397, 23.453881941190961 ], [ -109.749680255955354, 23.455632769591492 ], [ -109.749035034703567, 23.456123761803493 ], [ -109.749029480688961, 23.456128797451587 ], [ -109.748438901399723, 23.456664253448974 ], [ -109.748407428388617, 23.45669278865206 ], [ -109.748169560650055, 23.457002464659258 ], [ -109.747681562644686, 23.457883628672473 ], [ -109.747449245156673, 23.458188267778375 ], [ -109.747062921311624, 23.458538520101488 ], [ -109.746417676257281, 23.459029500286245 ], [ -109.74400264481433, 23.460780232422049 ], [ -109.743362836027046, 23.461276323004071 ], [ -109.743343126151032, 23.461295814484863 ], [ -109.743331360832585, 23.461304857072445 ], [ -109.74278657392874, 23.46184573883658 ], [ -109.742616643936685, 23.462150872835441 ], [ -109.742368424742438, 23.463033950641019 ], [ -109.742187286719229, 23.46335931435264 ], [ -109.741590193818283, 23.463994599351782 ], [ -109.740918337766686, 23.46457678314902 ], [ -109.738380057834547, 23.466658329937324 ], [ -109.737322036288234, 23.467308494680854 ], [ -109.734922910436822, 23.468261054145895 ], [ -109.732553597796837, 23.468971663572404 ], [ -109.723895777603389, 23.471335004330541 ], [ -109.721515247306087, 23.472055510090211 ], [ -109.719064078319761, 23.473054805621231 ], [ -109.717942949230036, 23.473761889471501 ], [ -109.715162145654247, 23.476062309943813 ], [ -109.714438061158788, 23.476711677011942 ], [ -109.713839857972303, 23.477441667676921 ], [ -109.713709371802068, 23.477835147446783 ], [ -109.713698643181999, 23.47894139722003 ], [ -109.713673724760554, 23.479239225559645 ], [ -109.713568167521103, 23.479522841407775 ], [ -109.713442289837957, 23.479630178487209 ], [ -109.712960417257037, 23.479847468120965 ], [ -109.712855778242385, 23.480036262019155 ], [ -109.712849336201444, 23.480700011492036 ], [ -109.712944773303235, 23.481459431131118 ], [ -109.713396598626318, 23.48433963910847 ], [ -109.713535901522434, 23.485119740859552 ], [ -109.713734147634838, 23.485880008485193 ], [ -109.713878052812703, 23.486186003353332 ], [ -109.714351365780004, 23.486853711135705 ], [ -109.714452298037827, 23.48704758834992 ], [ -109.714449999420466, 23.487284641675707 ], [ -109.714345782984736, 23.487429412048339 ], [ -109.713861736310577, 23.48786795278626 ], [ -109.713735094868426, 23.488053178572585 ], [ -109.713628149631219, 23.488479025773934 ], [ -109.713602012269817, 23.488902153207789 ], [ -109.713586982830932, 23.490450900582115 ], [ -109.713560943222205, 23.490863868462029 ], [ -109.713454454866863, 23.491242304648335 ], [ -109.713328368240525, 23.491369959822055 ], [ -109.71284645181656, 23.491587246900117 ], [ -109.712730787398783, 23.491775949029506 ], [ -109.71267293700862, 23.492439272777652 ], [ -109.712705958430817, 23.49319817603881 ], [ -109.712917912884961, 23.496076400346421 ], [ -109.712950738197875, 23.496855622131303 ], [ -109.712891964354512, 23.497613766636409 ], [ -109.712775175798768, 23.497917608381993 ], [ -109.712288933929671, 23.498577391014042 ], [ -109.712161719805749, 23.498820184682813 ], [ -109.712054298242606, 23.499293440173226 ], [ -109.712028053193976, 23.499726725858366 ], [ -109.71201299759835, 23.501275470122014 ], [ -109.711986949226031, 23.50168843687069 ], [ -109.711880446131545, 23.502066870888619 ], [ -109.71175434721296, 23.502194524095831 ], [ -109.711272388164033, 23.502411804164815 ], [ -109.711157798523601, 23.502488751010407 ], [ -109.711105006768747, 23.502630557156877 ], [ -109.711144179786331, 23.502756190590549 ], [ -109.71137977995393, 23.50320067362739 ], [ -109.711407739666697, 23.50334653465568 ], [ -109.711302616995468, 23.503582736549383 ], [ -109.711124481551337, 23.503774306605671 ], [ -109.710398301345975, 23.504432096083669 ], [ -109.710208949432769, 23.504643892528588 ], [ -109.710051491254333, 23.50497448861594 ], [ -109.710015903291037, 23.505234972499597 ], [ -109.710007284549931, 23.506119967932442 ], [ -109.709971597129737, 23.506390611136563 ], [ -109.709813674256068, 23.506768617253613 ], [ -109.709623757048334, 23.50703798257479 ], [ -109.708895394247804, 23.507917012369536 ], [ -109.708705374410272, 23.508196535754944 ], [ -109.708546983260874, 23.508621950672659 ], [ -109.708510730537327, 23.508950163094109 ], [ -109.70849994256595, 23.51005640618375 ], [ -109.708463887310415, 23.510364299764905 ], [ -109.708306417324309, 23.510694893359467 ], [ -109.7081175152329, 23.510859276150164 ], [ -109.707393439785861, 23.511295800184627 ], [ -109.707210391220571, 23.511424669712536 ], [ -109.707080242668127, 23.511589538918464 ], [ -109.707077365021149, 23.511696197024246 ], [ -109.707194085087011, 23.512029065676288 ], [ -109.707809336987594, 23.512018932280377 ], [ -109.71056378401812, 23.511638744469089 ], [ -109.713883436714539, 23.511105693290538 ], [ -109.726620495648689, 23.508997695146043 ], [ -109.730188053515036, 23.508451077817533 ], [ -109.734099800002596, 23.508008778447824 ], [ -109.736120471920174, 23.507923587748014 ], [ -109.741638548871009, 23.507968272249276 ], [ -109.743415602381702, 23.508013101802117 ], [ -109.74619043925081, 23.508177710673543 ], [ -109.748377443164685, 23.508368027960561 ], [ -109.755808678842783, 23.50909138299253 ], [ -109.758194020064153, 23.509283147790004 ], [ -109.761894325295614, 23.509454855290937 ], [ -109.764795131270489, 23.509508371886174 ], [ -109.774631937793444, 23.509586084601526 ], [ -109.777356962510964, 23.509587182167234 ], [ -109.780236912098573, 23.509514936050408 ], [ -109.781626097703565, 23.509410659671317 ], [ -109.78522900334066, 23.508996263907438 ], [ -109.786194265942541, 23.508863238085212 ], [ -109.78709592881566, 23.508656894635291 ], [ -109.787418756788099, 23.508495148657762 ], [ -109.788023622974507, 23.507946679214662 ], [ -109.788181289667463, 23.507773485738401 ], [ -109.788312204097807, 23.507513720449442 ], [ -109.788341558286376, 23.507315820797203 ], [ -109.788347630257888, 23.506652054425338 ], [ -109.788327269804313, 23.506469008592159 ], [ -109.788226182688192, 23.506278561075789 ], [ -109.788102133081807, 23.506189538953297 ], [ -109.787624322882081, 23.505964549080083 ], [ -109.787511755573021, 23.505824813829033 ], [ -109.787464250791857, 23.505397706702308 ], [ -109.787508953590134, 23.504927288932404 ], [ -109.787765066447363, 23.503159112482262 ], [ -109.787809767039064, 23.502688694418453 ], [ -109.787762261925408, 23.502261587221398 ], [ -109.787649697423177, 23.502121852129331 ], [ -109.787171902398214, 23.501896861391987 ], [ -109.787048601619006, 23.501726561049601 ], [ -109.786950992429411, 23.501156817668146 ], [ -109.786934851248716, 23.500513198929013 ], [ -109.786957132670636, 23.49807938776171 ], [ -109.786941270117893, 23.497405289699483 ], [ -109.786844965785392, 23.496693310334535 ], [ -109.786723251227841, 23.496350294991206 ], [ -109.786251557482771, 23.495461535367724 ], [ -109.786130403792569, 23.495057561439136 ], [ -109.786036710577534, 23.494061110089724 ], [ -109.786024016078045, 23.49304158205727 ], [ -109.786058463313978, 23.48928023486539 ], [ -109.786127683094705, 23.488337547554877 ], [ -109.786416264086384, 23.487699688003055 ], [ -109.786759304147978, 23.487731146901563 ], [ -109.788071588161444, 23.488515808705056 ], [ -109.788429807309811, 23.488694708366587 ], [ -109.78878920322164, 23.488744917520648 ], [ -109.788944405747884, 23.488637745750097 ], [ -109.789309286220558, 23.488087401545478 ], [ -109.789404692963984, 23.487893400979246 ], [ -109.789485045554443, 23.487538409780509 ], [ -109.789504428364324, 23.487225280110593 ], [ -109.789514528800083, 23.486118999464178 ], [ -109.789550479955835, 23.485800918189582 ], [ -109.789708151381845, 23.485422819522029 ], [ -109.789897444753322, 23.485200759643845 ], [ -109.790623138595464, 23.484542576744399 ], [ -109.790812429159658, 23.484320515614876 ], [ -109.790970095082471, 23.483942415378685 ], [ -109.79100604191801, 23.483624333512736 ], [ -109.791016128093105, 23.482518051740367 ], [ -109.791063644634022, 23.482139096826749 ], [ -109.791275301318166, 23.481476922172387 ], [ -109.791530149808224, 23.480909912866178 ], [ -109.792507768994568, 23.478926039596033 ], [ -109.792762606880117, 23.478359027673154 ], [ -109.792974248241975, 23.477696849798335 ], [ -109.793021756819442, 23.477317893756357 ], [ -109.793031823150983, 23.476211610265015 ], [ -109.79306776206829, 23.475893527324612 ], [ -109.793225410484894, 23.475515423728289 ], [ -109.793414683224356, 23.475293358474968 ], [ -109.79414030379516, 23.474635155421751 ], [ -109.794329481393149, 23.474423248672302 ], [ -109.79449221639004, 23.474051925456706 ], [ -109.79452210497351, 23.473832044123139 ], [ -109.794530146740982, 23.472947016457205 ], [ -109.794588323935585, 23.47260539705654 ], [ -109.794851774172912, 23.471896200536136 ], [ -109.795169951898743, 23.471224681379006 ], [ -109.796391304729568, 23.468800114838295 ], [ -109.7967320463774, 23.468067802990337 ], [ -109.797100845817837, 23.467074920870584 ], [ -109.797280388466575, 23.466413062994736 ], [ -109.797649016513475, 23.465599104031277 ], [ -109.797965118238224, 23.464748059682918 ], [ -109.798034571255414, 23.464376043672537 ], [ -109.798042585976063, 23.463491013788683 ], [ -109.798066881581846, 23.463240575563969 ], [ -109.79814966818914, 23.463017682706251 ], [ -109.798298471572835, 23.462802072115913 ], [ -109.798782156455246, 23.462363252114599 ], [ -109.798897275487008, 23.462218504916148 ], [ -109.798950814565686, 23.461981838976598 ], [ -109.798912180233046, 23.46178849205074 ], [ -109.798678349066222, 23.461122872168374 ], [ -109.798651371853879, 23.460858491487688 ], [ -109.798759307396367, 23.460290334955236 ], [ -109.798940476816938, 23.459743063191372 ], [ -109.799677985033242, 23.457757281950514 ], [ -109.800038011353848, 23.456916730001261 ], [ -109.800980622772386, 23.454979934016837 ], [ -109.801967163027072, 23.453053628802625 ], [ -109.805628178916379, 23.44600093925235 ], [ -109.806647341053662, 23.444105329116191 ], [ -109.807742641211775, 23.442311897990127 ], [ -109.808288214433574, 23.441645468853604 ], [ -109.80973892363626, 23.440328893955677 ], [ -109.810116854266539, 23.439935514064594 ], [ -109.810429837257914, 23.439416324707654 ], [ -109.810499026755025, 23.439068006337862 ], [ -109.810508929241593, 23.437961710333767 ], [ -109.810462001636779, 23.437668390049375 ], [ -109.810233104572873, 23.437405857970489 ], [ -109.809953036532988, 23.437324132025886 ], [ -109.808874950251578, 23.437205272074976 ], [ -109.808589150387547, 23.437148901361777 ], [ -109.808333502929969, 23.437004702217298 ], [ -109.808254092060622, 23.436855074558949 ], [ -109.808139155633896, 23.436301011488929 ], [ -109.808131543976288, 23.436126530578068 ], [ -109.808210958614524, 23.435866349410961 ], [ -109.808332019434104, 23.435669142846677 ], [ -109.808817552509353, 23.435009025681346 ], [ -109.808944344614119, 23.434786460910171 ], [ -109.809050510611698, 23.434407943476703 ], [ -109.809075384457643, 23.434089769146503 ], [ -109.809085296435995, 23.432983473011205 ], [ -109.809121180380288, 23.432665382593381 ], [ -109.809278726605797, 23.432287256746722 ], [ -109.809467908331442, 23.432065167185261 ], [ -109.810193206370684, 23.431406872950916 ], [ -109.810382839890195, 23.431133982791259 ], [ -109.810542501658986, 23.430518791706426 ], [ -109.81058095664585, 23.429912837630631 ], [ -109.810600750986922, 23.427700242802864 ], [ -109.810741294490398, 23.426759767240604 ], [ -109.811377357698504, 23.424583474052156 ], [ -109.812145455293162, 23.422414955035098 ], [ -109.815093635111765, 23.414471447956206 ], [ -109.815872525238106, 23.412313146432382 ], [ -109.81655937771886, 23.410184624297305 ], [ -109.816761725659802, 23.409302184185858 ], [ -109.81701917228915, 23.407312654439416 ], [ -109.817108266765388, 23.406784977228924 ], [ -109.817266599154379, 23.406312013932478 ], [ -109.817403694227693, 23.406164029273008 ], [ -109.817885138651349, 23.405946396690851 ], [ -109.817999674456928, 23.405859204483423 ], [ -109.818052731283885, 23.405669941023454 ], [ -109.818013991152739, 23.405486756928806 ], [ -109.81778014848004, 23.404821161109236 ], [ -109.817764734046605, 23.404490824508514 ], [ -109.81777612297185, 23.404353295518629 ], [ -109.817787511866825, 23.40421576652459 ], [ -109.818797076447908, 23.401090745536504 ], [ -109.819193807025201, 23.400021356863274 ], [ -109.819393064384911, 23.399466939195712 ], [ -109.819499975020378, 23.399014244818311 ], [ -109.819597862550282, 23.39852569926154 ], [ -109.81966245558894, 23.398009819485388 ], [ -109.819706290584747, 23.397611764228582 ], [ -109.819742565018757, 23.397123477810272 ], [ -109.819745277756368, 23.39684854008587 ], [ -109.82033068534156, 23.396743421396476 ], [ -109.821226339863486, 23.396582593228413 ], [ -109.821989154979548, 23.396445618362904 ], [ -109.823521031620174, 23.396170546995791 ], [ -109.827942377215351, 23.395376628252539 ], [ -109.831046135037681, 23.394819302104509 ], [ -109.832500217424197, 23.394558199859492 ], [ -109.833539814489512, 23.394371524654442 ], [ -109.835717704190287, 23.395385550082366 ], [ -109.839942120796422, 23.397352438421688 ], [ -109.855582694255986, 23.404634689304142 ], [ -109.874327376704301, 23.413436209561908 ], [ -109.941001192041995, 23.444405541216202 ], [ -109.976534336197631, 23.460949772861717 ], [ -109.990085955797142, 23.467259406842999 ], [ -109.981397959675292, 23.475865817581784 ], [ -109.955067697269854, 23.499127178296348 ], [ -109.93640474477408, 23.515696922506649 ], [ -109.942553946321553, 23.518230570696247 ], [ -109.958003798942656, 23.524499026980237 ], [ -109.964863002285185, 23.527382789520342 ], [ -109.9744311351199, 23.531364890829515 ], [ -109.985905422423016, 23.536092627760574 ], [ -109.995242801721773, 23.537005943123763 ], [ -110.001078620566318, 23.537554971284749 ], [ -110.005961628105567, 23.537678693141281 ], [ -109.998223527474963, 23.54737462625215 ], [ -109.99035004880588, 23.557240189672619 ], [ -109.974578717099973, 23.577001857889339 ], [ -109.963009196107095, 23.591498606772141 ], [ -109.95533452374697, 23.601115063497613 ], [ -109.94936548965984, 23.602439849404082 ], [ -109.937661826952635, 23.604085976682278 ], [ -109.921374737845341, 23.606300279197509 ], [ -109.88475948221172, 23.611350183704491 ], [ -109.877105227730183, 23.605003221521088 ], [ -109.870186236164344, 23.599090270890905 ], [ -109.865405181147835, 23.595301459790889 ], [ -109.859814705855385, 23.590665797969869 ], [ -109.856658700188547, 23.588048815654165 ], [ -109.852297117357523, 23.58443216019085 ], [ -109.850094547094699, 23.58735101977485 ], [ -109.845210126404424, 23.593903067729475 ], [ -109.841952920899232, 23.598255929526267 ], [ -109.83689430846627, 23.605016154132649 ], [ -109.828936664285166, 23.607942942283895 ], [ -109.814887339191003, 23.613110225123236 ], [ -109.801944692520564, 23.617870476280331 ], [ -109.793767306779557, 23.620878084455594 ], [ -109.783765392185771, 23.62455674668988 ], [ -109.777160275694229, 23.626986080830118 ], [ -109.768941693119743, 23.632591483884614 ], [ -109.763152555071542, 23.636539908300161 ], [ -109.760560475386725, 23.638307810642342 ], [ -109.75836254698568, 23.639806885995188 ], [ -109.757872647610554, 23.640141017024341 ], [ -109.757280110141778, 23.639605867363542 ], [ -109.756445830530566, 23.638935382079335 ], [ -109.756129788954325, 23.638729644179751 ], [ -109.755489204454818, 23.638440020267463 ], [ -109.754890126157491, 23.638232008333272 ], [ -109.752735024505057, 23.637550893775252 ], [ -109.752141661400671, 23.637322597133668 ], [ -109.751527723106818, 23.636938343620059 ], [ -109.751244030840468, 23.636617708130064 ], [ -109.750534076773775, 23.635505662325379 ], [ -109.750277765135337, 23.635205566082021 ], [ -109.749791592444808, 23.634917163634015 ], [ -109.74935337136759, 23.634805255680718 ], [ -109.747794514868929, 23.634571412513843 ], [ -109.747454333141576, 23.634587292607829 ], [ -109.747434505057214, 23.634800335022476 ], [ -109.746172850334332, 23.634697079283974 ], [ -109.745730198016176, 23.634660849484703 ], [ -109.73720922857909, 23.634149177791947 ], [ -109.736522979436543, 23.63406822398461 ], [ -109.735120088838684, 23.634017006624823 ], [ -109.733045520505968, 23.633962820638974 ], [ -109.732090764202766, 23.633979114095318 ], [ -109.732317373501331, 23.633867123449896 ], [ -109.732761396855551, 23.633183251198918 ], [ -109.732913706772152, 23.632444500832367 ], [ -109.733180457333745, 23.629680871147464 ], [ -109.733294655256671, 23.628891008048491 ], [ -109.733560834452106, 23.627968610651802 ], [ -109.733826892002682, 23.627440762876684 ], [ -109.734802302931939, 23.625899866595752 ], [ -109.735056495290237, 23.625458280561503 ], [ -109.735267328527485, 23.624938446277437 ], [ -109.735314327791414, 23.624637412313263 ], [ -109.735322825265769, 23.623752421606081 ], [ -109.735347186210404, 23.623512163810506 ], [ -109.735452373155908, 23.623275951477325 ], [ -109.735578279213826, 23.623178763000652 ], [ -109.736060653180076, 23.622961428211013 ], [ -109.736197682120121, 23.622854169678575 ], [ -109.736354777048447, 23.622570965485682 ], [ -109.736442169260783, 23.622273646646288 ], [ -109.736692902256792, 23.621169362593889 ], [ -109.73679141602517, 23.620861973858833 ], [ -109.737000416119145, 23.620531777389459 ], [ -109.737200473910463, 23.62036745672221 ], [ -109.737925074637857, 23.619930821423406 ], [ -109.738136253588763, 23.619756429776402 ], [ -109.738397156563167, 23.619379239267293 ], [ -109.738558695824182, 23.619014787408123 ], [ -109.739051637287901, 23.617691201548862 ], [ -109.739235612710772, 23.617286290491197 ] ], [ [ -109.586964407907146, 23.53205706983249 ], [ -109.588147605430976, 23.533616618224983 ], [ -109.588471847227154, 23.534037805964399 ], [ -109.588801762675132, 23.534443804810973 ], [ -109.588948827235896, 23.534602615826248 ], [ -109.589305212955864, 23.534937734977618 ], [ -109.589442018867359, 23.535025333783047 ], [ -109.589724059845764, 23.535099009206839 ], [ -109.589990169542745, 23.535116660718394 ], [ -109.590949973889721, 23.535125355724752 ], [ -109.591266044366265, 23.535107898098463 ], [ -109.591781234926657, 23.535017736704535 ], [ -109.592201150453974, 23.534906391895149 ], [ -109.593645560772913, 23.534476936805131 ], [ -109.594093612430044, 23.534309961942551 ], [ -109.594740113113431, 23.533960207697422 ], [ -109.595215632767079, 23.533627533439748 ], [ -109.596788208618548, 23.532424798963216 ], [ -109.597209489824138, 23.532010350213437 ], [ -109.597602907384029, 23.531279000345339 ], [ -109.597743652238208, 23.530648664459672 ], [ -109.598007040154272, 23.528438446736548 ], [ -109.598031825531763, 23.527832465158088 ], [ -109.597884110043609, 23.527214769669826 ], [ -109.597648303692807, 23.526938328901796 ], [ -109.596695594762522, 23.526265964251419 ], [ -109.596404382158838, 23.526019501717276 ], [ -109.595998094735265, 23.525541710593764 ], [ -109.595708897385052, 23.525105614406165 ], [ -109.59476560846764, 23.523548287553549 ], [ -109.594521351104746, 23.52303131626195 ], [ -109.594324760639182, 23.522176113297959 ], [ -109.594288173087648, 23.521471366302052 ], [ -109.594314018175339, 23.519037749606014 ], [ -109.594287907995323, 23.518383896278575 ], [ -109.594140218252264, 23.51776619785068 ], [ -109.593955343554754, 23.517537624724834 ], [ -109.593240286972261, 23.517088646770578 ], [ -109.593054551041732, 23.516941343726224 ], [ -109.592902837264575, 23.516702909263977 ], [ -109.59287183893727, 23.516509591816305 ], [ -109.59287889337449, 23.515845878232071 ], [ -109.592842440924059, 23.515647431544608 ], [ -109.592665275623972, 23.515385060515761 ], [ -109.59244863520351, 23.515208691218628 ], [ -109.591614815820023, 23.514648003104735 ], [ -109.59129319751564, 23.514501162211538 ], [ -109.590626127974204, 23.51437659365337 ], [ -109.58999478953514, 23.514345477836823 ], [ -109.58771561374887, 23.514324820709152 ], [ -109.587066884992652, 23.514374814039957 ], [ -109.586318656701209, 23.514628791347555 ], [ -109.585898486516243, 23.514941624004667 ], [ -109.584685908778923, 23.51614752821056 ], [ -109.58437017020492, 23.516481625340983 ], [ -109.584109313869774, 23.516834847254255 ], [ -109.584052401766968, 23.51700535345195 ], [ -109.584047669081727, 23.517447827427809 ], [ -109.584090069649562, 23.517603997114183 ], [ -109.584292672241631, 23.517890314883243 ], [ -109.584539704669453, 23.518143170288187 ], [ -109.585489927338017, 23.519036841342555 ], [ -109.585736855637521, 23.519299853870521 ], [ -109.585938957848015, 23.519633577682612 ], [ -109.585980746262706, 23.519847313748905 ], [ -109.585973655897334, 23.520511025015242 ], [ -109.585938217438041, 23.520734219380358 ], [ -109.585779927903957, 23.521112081718474 ], [ -109.585589237775835, 23.521428690463928 ], [ -109.584857633046425, 23.522528333203937 ], [ -109.584666395339596, 23.522895734741706 ], [ -109.58450556401651, 23.523510634873858 ], [ -109.584467043283368, 23.524021662305962 ], [ -109.584448111062457, 23.525791556777296 ], [ -109.584465110634582, 23.526262449716882 ], [ -109.584563375655421, 23.526690055850402 ], [ -109.584686754881858, 23.526830028761381 ], [ -109.585164260270275, 23.527055628732693 ], [ -109.585287966324003, 23.527165124706631 ], [ -109.585387755069334, 23.527450506760555 ], [ -109.585406604231594, 23.527748699503704 ], [ -109.585394777562556, 23.528854883518068 ], [ -109.585413626761365, 23.529153076218645 ], [ -109.585513417039053, 23.529438458206677 ], [ -109.585637125514339, 23.529547953991834 ], [ -109.5861146422383, 23.529773551520787 ], [ -109.586238568648284, 23.529862729193507 ], [ -109.586339374313752, 23.530053294949433 ], [ -109.586359455888598, 23.530236354145334 ], [ -109.586352363912155, 23.530900064635276 ], [ -109.58640484768847, 23.531144377082228 ], [ -109.58665686516963, 23.531620791168347 ], [ -109.586964407907146, 23.53205706983249 ] ], [ [ -109.599011666500175, 23.538718542109478 ], [ -109.599063290401276, 23.538873098016293 ], [ -109.599177411023959, 23.539427272903961 ], [ -109.599240269142726, 23.539561610219476 ], [ -109.59941948602831, 23.539634342730508 ], [ -109.599612651864035, 23.539603908812868 ], [ -109.600334874097484, 23.539389149365235 ], [ -109.600539703027238, 23.539297860094123 ], [ -109.600773350002115, 23.539086604812834 ], [ -109.600902302335712, 23.538876100954386 ], [ -109.601270430639971, 23.538105004436144 ], [ -109.601421740344449, 23.537864221488427 ], [ -109.60175972562358, 23.537511664441382 ], [ -109.602091251402669, 23.537248793956987 ], [ -109.603300377942901, 23.536374616357538 ], [ -109.60365992625951, 23.536066274425192 ], [ -109.604128698982578, 23.535501528235951 ], [ -109.604438825357406, 23.535003090035893 ], [ -109.605417295102285, 23.533241787565277 ], [ -109.605707623503307, 23.532529811488406 ], [ -109.606084030051903, 23.530968562663276 ], [ -109.606331422467989, 23.529450183108263 ], [ -109.607109472700429, 23.523925655125513 ], [ -109.607334587589165, 23.522427392155659 ], [ -109.607607116440292, 23.520960032195934 ], [ -109.607771332223336, 23.520362067127071 ], [ -109.608265141507218, 23.519038922690626 ], [ -109.608438125669906, 23.518654392874371 ], [ -109.608751580811486, 23.518183065738686 ], [ -109.609026389580166, 23.517894270825384 ], [ -109.609995368966111, 23.517017884739701 ], [ -109.610225892388186, 23.516749011887132 ], [ -109.610332696351009, 23.516370662011393 ], [ -109.610254751071921, 23.516099035348979 ], [ -109.609784206563219, 23.515209793464731 ], [ -109.609684549870465, 23.514907492956485 ], [ -109.609690026032382, 23.514385999855207 ], [ -109.609721518543296, 23.514256287025677 ], [ -109.610293588610034, 23.512398916517469 ], [ -109.610400796851835, 23.511981623523067 ], [ -109.610402005096901, 23.511866488607314 ], [ -109.610405025675988, 23.511578651310224 ], [ -109.610303859444784, 23.511420269774483 ], [ -109.609827523088001, 23.511084127343064 ], [ -109.609637108032885, 23.511031627686549 ], [ -109.609224839000206, 23.511122771864887 ], [ -109.608826297257281, 23.511305476767447 ], [ -109.607378695329118, 23.512066947450652 ], [ -109.606985015312745, 23.512310650314578 ], [ -109.606595452288644, 23.51268646769401 ], [ -109.606432614269437, 23.512979647528802 ], [ -109.606062264289363, 23.51397200260848 ], [ -109.605811344875619, 23.514259313088466 ], [ -109.605010738735189, 23.514607738387355 ], [ -109.604117933841962, 23.514818174258483 ], [ -109.600752102404869, 23.515451740502773 ], [ -109.599836930849676, 23.515692429918708 ], [ -109.598931974937145, 23.516182122696961 ], [ -109.59855435266698, 23.516640998200643 ], [ -109.597697061732504, 23.518292724152396 ], [ -109.597461786634312, 23.518834157613 ], [ -109.597221138529051, 23.519709124462317 ], [ -109.597112631179655, 23.520417643890529 ], [ -109.596846906332161, 23.522849100409772 ], [ -109.596886964512294, 23.523574198237164 ], [ -109.597339638741275, 23.524526531906155 ], [ -109.597946262767422, 23.525161908979033 ], [ -109.600324541026936, 23.527174648716478 ], [ -109.600931406307936, 23.527789697402824 ], [ -109.601385125317478, 23.528647204461958 ], [ -109.601426425466855, 23.52925716765029 ], [ -109.601165431291449, 23.531246155366706 ], [ -109.601030765805888, 23.5318240569441 ], [ -109.60066332433, 23.532531943369047 ], [ -109.600273072341523, 23.532965307339449 ], [ -109.59881932282984, 23.53427977757234 ], [ -109.59844029303251, 23.534692917774358 ], [ -109.598125252502797, 23.535306443867078 ], [ -109.598054225932188, 23.535769770340551 ], [ -109.598037810130933, 23.537318434764316 ], [ -109.598055467582554, 23.537731760970409 ], [ -109.59815428598651, 23.538111952336092 ], [ -109.598277797855886, 23.538241756592409 ], [ -109.598755368891986, 23.538467317608482 ], [ -109.598884875270741, 23.538551456089479 ], [ -109.599011666500175, 23.538718542109478 ] ], [ [ -109.974922045968484, 23.549619678916287 ], [ -109.974078869046792, 23.549704441538022 ], [ -109.973177545156034, 23.549707525527428 ], [ -109.972531625469529, 23.549621969474696 ], [ -109.9715345184228, 23.549344411884398 ], [ -109.971223429606397, 23.549035258450456 ], [ -109.971049277538995, 23.548754107135419 ], [ -109.970835801031853, 23.548490759892786 ], [ -109.970590767572247, 23.548192667212795 ], [ -109.970350566334901, 23.547900453118061 ], [ -109.969959637415002, 23.547780445594604 ], [ -109.969655606935547, 23.547823592974066 ], [ -109.96936094992482, 23.547920995255176 ], [ -109.969085250854874, 23.548099812700698 ], [ -109.96878904299524, 23.54839591264183 ], [ -109.968494384120703, 23.548493313206617 ], [ -109.967534716128384, 23.548441784386505 ], [ -109.966882469397092, 23.547913584037545 ], [ -109.966163491828226, 23.547150099649151 ], [ -109.965969972975785, 23.54684171754732 ], [ -109.966139259304555, 23.546490586051931 ], [ -109.966524973341421, 23.546023473544814 ], [ -109.966929217954231, 23.545691966489034 ], [ -109.967468487231443, 23.545632321594994 ], [ -109.968369782101107, 23.545629269724529 ], [ -109.968799041582017, 23.545857921971916 ], [ -109.969317029409197, 23.546014903177966 ], [ -109.969602026967124, 23.545899372379413 ], [ -109.969986109108675, 23.545639981454595 ], [ -109.970007600549152, 23.545396253414854 ], [ -109.969823026414872, 23.545196321913238 ], [ -109.969825278132134, 23.544907305289044 ], [ -109.969924573640654, 23.54473635039637 ], [ -109.970229722305433, 23.544548693883364 ], [ -109.970554039895418, 23.544415357031419 ], [ -109.970887801224848, 23.544327243153706 ], [ -109.971162506103539, 23.544274866905393 ], [ -109.971534607048469, 23.544295392072041 ], [ -109.971760121826435, 23.544269786238512 ], [ -109.971975981136424, 23.544226051782193 ], [ -109.972143422838826, 23.544109739165812 ], [ -109.972301138633952, 23.543984329860958 ], [ -109.972585989011762, 23.543886856876849 ], [ -109.97280170714771, 23.54386118479945 ], [ -109.973007068253636, 23.543907701985937 ], [ -109.973182270620782, 23.544053374502901 ], [ -109.973386930979174, 23.54419020900788 ], [ -109.974100274671969, 23.544420721436637 ], [ -109.974509739013072, 23.544676324300372 ], [ -109.974723147167893, 23.544948698452128 ], [ -109.974845933211384, 23.545262883593125 ], [ -109.974993021175905, 23.545519508522624 ], [ -109.975236659483869, 23.545683694273539 ], [ -109.975500450165683, 23.545775754427776 ], [ -109.975794118834642, 23.545804785161053 ], [ -109.97663594189676, 23.545891616262516 ], [ -109.976917089673549, 23.546272820184605 ], [ -109.977458203669642, 23.546399925615031 ], [ -109.977787396945999, 23.546477251748502 ], [ -109.978059800407891, 23.546722912493692 ], [ -109.978107244816215, 23.546921933701743 ], [ -109.977889357907301, 23.547227598480177 ], [ -109.977672657223138, 23.547379722494082 ], [ -109.977505215881479, 23.547496041040237 ], [ -109.977278508631841, 23.547675195431449 ], [ -109.977208398792655, 23.547873443833289 ], [ -109.97731210386236, 23.548397996066335 ], [ -109.977515028940331, 23.54876062012174 ], [ -109.977690103012222, 23.548924351441624 ], [ -109.978079716587757, 23.549215943851195 ], [ -109.978363039041326, 23.549317159946707 ], [ -109.978578625723742, 23.549309543722011 ], [ -109.979665379254655, 23.549397967464312 ], [ -109.980125593181015, 23.549428082798173 ], [ -109.980555861470449, 23.549530258499026 ], [ -109.980728878070991, 23.549511469711266 ], [ -109.980869619829633, 23.549496185819294 ], [ -109.981104660068013, 23.549506758075264 ], [ -109.981300236984595, 23.549553200504668 ], [ -109.981534790315408, 23.549626994695775 ], [ -109.98186688917967, 23.549755620670151 ], [ -109.982050444985859, 23.550091015590464 ], [ -109.982292849128996, 23.550417763160418 ], [ -109.982518511988573, 23.550374078438175 ], [ -109.982765226823261, 23.550140853735343 ], [ -109.983139639797102, 23.549863302315838 ], [ -109.983393717922837, 23.549946253658202 ], [ -109.983597842737254, 23.550155329725669 ], [ -109.98373256077231, 23.550472339082237 ], [ -109.983738329895701, 23.550996247625328 ], [ -109.983236700784332, 23.551254904197478 ], [ -109.982852974027097, 23.551469169007017 ], [ -109.982323342914214, 23.55154699432228 ], [ -109.98197935602343, 23.551689258941991 ], [ -109.981684489667757, 23.551813779929354 ], [ -109.981420125600835, 23.551793984124036 ], [ -109.981175632909853, 23.551738189057662 ], [ -109.980902308275091, 23.55160994668077 ], [ -109.980600361181274, 23.551382161478415 ], [ -109.980414996226116, 23.551281591568156 ], [ -109.980190306737441, 23.551198828072398 ], [ -109.979926083617414, 23.551160966193663 ], [ -109.979658882242504, 23.551154564183488 ], [ -109.979406946119198, 23.551148527921043 ], [ -109.979190449723859, 23.551273558444585 ], [ -109.97908108529532, 23.551480582199957 ], [ -109.979078574082621, 23.551805726568539 ], [ -109.978831431107821, 23.552093135759602 ], [ -109.978422005357459, 23.551828511640792 ], [ -109.978198642826783, 23.55157414135731 ], [ -109.978013482356076, 23.551196517495182 ], [ -109.977803206820667, 23.550767672939472 ], [ -109.977471948110235, 23.550530656935226 ], [ -109.976672146647957, 23.550073784112502 ], [ -109.975880537791085, 23.549824702818032 ], [ -109.974922045968484, 23.549619678916287 ] ] ] ] } },
{ "type": "Feature", "properties": { "fid": 9.0, "cat": 10, "CLAVE_ACUI": "0320", "NOM_ACUIF": "SANTIAGO", "VULNERABIL": 2 }, "geometry": { "type": "MultiPolygon", "coordinates": [ [ [ [ -109.649873003551619, 23.634860867832444 ], [ -109.650325351132196, 23.635303534978874 ], [ -109.650658984714639, 23.635595426210468 ], [ -109.64771014834993, 23.634874904842341 ], [ -109.64703111726007, 23.63455067241625 ], [ -109.646024015773079, 23.634209276557986 ], [ -109.64516950489066, 23.633976593323524 ], [ -109.644894757231484, 23.633876790542658 ], [ -109.644681212776007, 23.633799219980055 ], [ -109.643971664786108, 23.633795407696613 ], [ -109.643690707052983, 23.63377577789236 ], [ -109.64392504423158, 23.63365394453232 ], [ -109.644116787718829, 23.633539910825053 ], [ -109.644329107529671, 23.633464504070648 ], [ -109.644677540667644, 23.633407722253601 ], [ -109.645254461307644, 23.633426308968648 ], [ -109.646189216815131, 23.633479755274607 ], [ -109.646956140122811, 23.633523726136445 ], [ -109.6475346128382, 23.633556838085315 ], [ -109.648166094639421, 23.633631769068806 ], [ -109.648832855771673, 23.633850936425581 ], [ -109.649153890144888, 23.634089103298866 ], [ -109.649207718012633, 23.63414687274734 ], [ -109.649674873377734, 23.634648231359716 ], [ -109.649873003551619, 23.634860867832444 ] ] ] ] } },
{ "type": "Feature", "properties": { "fid": 10.0, "cat": 11, "CLAVE_ACUI": "0320", "NOM_ACUIF": "SANTIAGO", "VULNERABIL": 2 }, "geometry": { "type": "MultiPolygon", "coordinates": [ [ [ [ -109.638180822875213, 23.630284159938633 ], [ -109.637997711536286, 23.629778736001622 ], [ -109.637972840535951, 23.629506369009803 ], [ -109.637950484245366, 23.629261541076225 ], [ -109.637928032959451, 23.629012588401078 ], [ -109.637922925337321, 23.628959738302509 ], [ -109.637956658908365, 23.62895942592457 ], [ -109.63799183283804, 23.628957844329413 ], [ -109.638030560592753, 23.628950808929758 ], [ -109.638068790901684, 23.628940834347151 ], [ -109.638101176135024, 23.628925980300625 ], [ -109.638130349774272, 23.628907285803404 ], [ -109.638155178403409, 23.628884538397582 ], [ -109.638169199276319, 23.628870627062724 ], [ -109.638180737286305, 23.628857044342091 ], [ -109.638210385590554, 23.628821407956725 ], [ -109.638233899762824, 23.628793220160123 ], [ -109.638260481001097, 23.628764156058946 ], [ -109.638291316723667, 23.628744509670291 ], [ -109.638323428878493, 23.628734069602455 ], [ -109.638355121893383, 23.628728811775122 ], [ -109.638414710603328, 23.628729395978159 ], [ -109.638467151050506, 23.628748344440119 ], [ -109.638527461789735, 23.628784018962268 ], [ -109.638628821016951, 23.628882165072756 ], [ -109.638700195758247, 23.628974847145685 ], [ -109.638788112704674, 23.629089009728851 ], [ -109.639378142670878, 23.630089851859449 ], [ -109.639520488507074, 23.630365416437268 ], [ -109.639594734015347, 23.630650543506 ], [ -109.639594356084729, 23.630651916004922 ], [ -109.639599897328353, 23.630684454967884 ], [ -109.639566174792492, 23.630865826490457 ], [ -109.639479712742741, 23.631062118711434 ], [ -109.639299564282226, 23.63125734352122 ], [ -109.639132988239339, 23.631366780596078 ], [ -109.639010765548662, 23.63139896692828 ], [ -109.638741479530481, 23.631037252866715 ], [ -109.638180822875213, 23.630284159938633 ] ] ] ] } },
{ "type": "Feature", "properties": { "fid": 11.0, "cat": 12, "CLAVE_ACUI": "0320", "NOM_ACUIF": "SANTIAGO", "VULNERABIL": 2 }, "geometry": null },
{ "type": "Feature", "properties": { "fid": 12.0, "cat": 13, "CLAVE_ACUI": "0320", "NOM_ACUIF": "SANTIAGO", "VULNERABIL": 2 }, "geometry": { "type": "MultiPolygon", "coordinates": [ [ [ [ -109.637797171478795, 23.627608164296497 ], [ -109.637837484194463, 23.628024056313485 ], [ -109.637658238321407, 23.627857426024004 ], [ -109.63746996567194, 23.627664918912796 ], [ -109.637166080733763, 23.627339352559542 ], [ -109.636799860811166, 23.627001768325727 ], [ -109.636669705360063, 23.626955844613803 ], [ -109.636688318053288, 23.626925883996346 ], [ -109.63671132059369, 23.626888535691084 ], [ -109.636728171200048, 23.626860566970596 ], [ -109.636742283354707, 23.626838294229774 ], [ -109.636753091110918, 23.62682354310305 ], [ -109.636765213323983, 23.62680930315398 ], [ -109.636777335537047, 23.626797436529767 ], [ -109.63679069918156, 23.62678845440805 ], [ -109.636798695460612, 23.626784255448698 ], [ -109.636806272807902, 23.626781124844531 ], [ -109.636810835929992, 23.626779910438561 ], [ -109.636816878780181, 23.626779070646734 ], [ -109.636826810231824, 23.626778303880251 ], [ -109.636835043807437, 23.626777937943562 ], [ -109.636846527084444, 23.6267774275757 ], [ -109.636860639239046, 23.626777829215275 ], [ -109.636873309142445, 23.626778595981762 ], [ -109.636898671567721, 23.626781056569971 ], [ -109.636937918347286, 23.626786847849701 ], [ -109.636975672468651, 23.626793566184642 ], [ -109.637033898826459, 23.626806831188041 ], [ -109.637512999521462, 23.626921669195873 ], [ -109.637543877892355, 23.626930917224627 ], [ -109.637580628564692, 23.62694259083991 ], [ -109.637614754080118, 23.626957216060806 ], [ -109.637646676667529, 23.626975254101879 ], [ -109.637664767868074, 23.626988338399638 ], [ -109.637694497794783, 23.627011839044936 ], [ -109.63772122508388, 23.627042509704438 ], [ -109.637739043276568, 23.627069529094971 ], [ -109.637752260870258, 23.627108159520898 ], [ -109.637760541344164, 23.627154133069034 ], [ -109.63778315060587, 23.627379156705398 ], [ -109.637797171478795, 23.627608164296497 ] ] ] ] } },
{ "type": "Feature", "properties": { "fid": 13.0, "cat": 14, "CLAVE_ACUI": "0320", "NOM_ACUIF": "SANTIAGO", "VULNERABIL": 2 }, "geometry": { "type": "MultiPolygon", "coordinates": [ [ [ [ -109.634701357649973, 23.626306245140526 ], [ -109.632893527429459, 23.625786856265702 ], [ -109.632534937273419, 23.625611389846718 ], [ -109.63198560941639, 23.625380612926808 ], [ -109.630520733572482, 23.624970556772563 ], [ -109.629788296210549, 23.624682562850037 ], [ -109.629300004579761, 23.624623439532421 ], [ -109.62868201052261, 23.624447974013865 ], [ -109.627758834549951, 23.624322097694915 ], [ -109.626538105790956, 23.624032198092667 ], [ -109.625744631331997, 23.623799515544757 ], [ -109.624653604749582, 23.623564925755719 ], [ -109.623303173330044, 23.623101466313898 ], [ -109.622143479868882, 23.62275625623543 ], [ -109.62099141685465, 23.622519759283286 ], [ -109.620129276868468, 23.62228707697318 ], [ -109.619640986097536, 23.622218416782282 ], [ -109.618908548061981, 23.621985734022008 ], [ -109.618420256212374, 23.621873206915168 ], [ -109.617626783353941, 23.621812177281107 ], [ -109.617077455041567, 23.621690114412701 ], [ -109.616520498101309, 23.621684395120901 ], [ -109.616175061301561, 23.62156973024657 ], [ -109.615894562313159, 23.621476620938935 ], [ -109.615540438455724, 23.621359072468014 ], [ -109.615865577831627, 23.620914483223682 ], [ -109.615946067246696, 23.620801826393656 ], [ -109.616087438529277, 23.62063162432079 ], [ -109.616259157238147, 23.620439007171242 ], [ -109.616450775834778, 23.620252062198912 ], [ -109.616560676802237, 23.62017592043409 ], [ -109.616686646092376, 23.62009880100512 ], [ -109.616794120234815, 23.620045251665349 ], [ -109.616886685513336, 23.620010212667172 ], [ -109.616986603469257, 23.61998196047994 ], [ -109.617124877823329, 23.619959288659278 ], [ -109.61730144848427, 23.619945720730598 ], [ -109.617529214643895, 23.619947692415849 ], [ -109.617895481879387, 23.619987345189166 ], [ -109.618256052532558, 23.620040233965849 ], [ -109.620652504143123, 23.620504071789298 ], [ -109.621451736674189, 23.620697437797809 ], [ -109.62278503116859, 23.621135989975521 ], [ -109.623890509366475, 23.62156912406078 ], [ -109.627716165745881, 23.623151816125347 ], [ -109.628810652921331, 23.623584819055395 ], [ -109.63009255050234, 23.624022856007372 ], [ -109.630829341157252, 23.62421562355825 ], [ -109.632985804603237, 23.62467715692263 ], [ -109.634257755967937, 23.625013474205122 ], [ -109.634605504377731, 23.625151999698417 ], [ -109.635561397693152, 23.625602927328504 ], [ -109.635815428659726, 23.625740625941702 ], [ -109.636045009477243, 23.625932295058217 ], [ -109.636118950767951, 23.626068409777485 ], [ -109.636189828100015, 23.626263511465208 ], [ -109.636234429325086, 23.626511942829303 ], [ -109.636243574779556, 23.626684137652937 ], [ -109.636240204499586, 23.626804300643727 ], [ -109.635909185863568, 23.626687504886398 ], [ -109.635334985430035, 23.626484905494117 ], [ -109.634701357649973, 23.626306245140526 ] ] ] ] } },
{ "type": "Feature", "properties": { "fid": 14.0, "cat": 15, "CLAVE_ACUI": "0320", "NOM_ACUIF": "SANTIAGO", "VULNERABIL": 2 }, "geometry": null },
{ "type": "Feature", "properties": { "fid": 15.0, "cat": 16, "CLAVE_ACUI": "0320", "NOM_ACUIF": "SANTIAGO", "VULNERABIL": 2 }, "geometry": null },
{ "type": "Feature", "properties": { "fid": 16.0, "cat": 17, "CLAVE_ACUI": "0320", "NOM_ACUIF": "SANTIAGO", "VULNERABIL": 2 }, "geometry": null },
{ "type": "Feature", "properties": { "fid": 17.0, "cat": 18, "CLAVE_ACUI": "0320", "NOM_ACUIF": "SANTIAGO", "VULNERABIL": 2 }, "geometry": null },
{ "type": "Feature", "properties": { "fid": 18.0, "cat": 19, "CLAVE_ACUI": "0320", "NOM_ACUIF": "SANTIAGO", "VULNERABIL": 2 }, "geometry": null },
{ "type": "Feature", "properties": { "fid": 19.0, "cat": 20, "CLAVE_ACUI": "0320", "NOM_ACUIF": "SANTIAGO", "VULNERABIL": 2 }, "geometry": null },
{ "type": "Feature", "properties": { "fid": 20.0, "cat": 21, "CLAVE_ACUI": "0320", "NOM_ACUIF": "SANTIAGO", "VULNERABIL": 2 }, "geometry": { "type": "MultiPolygon", "coordinates": [ [ [ [ -109.591129322422816, 23.612878658460716 ], [ -109.590396883915943, 23.612310296672533 ], [ -109.589557628892464, 23.611282285879621 ], [ -109.589069337023219, 23.610944702969825 ], [ -109.588405562895588, 23.61031530855805 ], [ -109.586933058837062, 23.609903345050025 ], [ -109.586574468463198, 23.60967447484277 ], [ -109.586330322515337, 23.609392201350484 ], [ -109.58615484093869, 23.609046987859564 ], [ -109.586032765811311, 23.6084881608312 ], [ -109.585910691555327, 23.608142947155638 ], [ -109.585918319270775, 23.607582212304191 ], [ -109.585864910114282, 23.60713209908959 ], [ -109.585742835850681, 23.606784977140837 ], [ -109.585506318314117, 23.606332957186336 ], [ -109.585391873399843, 23.605825626546615 ], [ -109.584781507519622, 23.605423196925951 ], [ -109.58442291760224, 23.605085612669331 ], [ -109.583568404867677, 23.604399001284392 ], [ -109.582835965895995, 23.603716204226028 ], [ -109.582347673346035, 23.603432024206462 ], [ -109.582441470770803, 23.603321240270521 ], [ -109.582507385095681, 23.603214129492592 ], [ -109.582555203556765, 23.603093645959831 ], [ -109.582600077115046, 23.60294841237042 ], [ -109.582611822259494, 23.602885911249405 ], [ -109.582619413376975, 23.602845515547656 ], [ -109.582627039871781, 23.602810066313044 ], [ -109.582634546357141, 23.602769487230123 ], [ -109.582644724244261, 23.602719932638109 ], [ -109.582654453579181, 23.602678150398088 ], [ -109.582663802498203, 23.602644548869115 ], [ -109.582676181905427, 23.602612035761709 ], [ -109.582688303503332, 23.602588854636348 ], [ -109.582708724713854, 23.602562404823789 ], [ -109.582735776186368, 23.602543430411142 ], [ -109.582770401151421, 23.602528027491172 ], [ -109.58281057319401, 23.602517883505172 ], [ -109.582872900955564, 23.602508570345535 ], [ -109.582905960778945, 23.602507352844956 ], [ -109.582955853161351, 23.602506661113043 ], [ -109.583028729427554, 23.602510844888052 ], [ -109.583107183178001, 23.602522825429872 ], [ -109.583178042496101, 23.602538089287567 ], [ -109.583276176919426, 23.602562526883972 ], [ -109.583401287895612, 23.602594239129679 ], [ -109.583519090689848, 23.602625963213452 ], [ -109.584379299219904, 23.602900603967107 ], [ -109.584721479605818, 23.60302403965736 ], [ -109.585086843782321, 23.603155838501408 ], [ -109.585439231981027, 23.603304845182926 ], [ -109.58567265577156, 23.603426165613101 ], [ -109.585935802060376, 23.603594731304945 ], [ -109.586217925186233, 23.603817901003474 ], [ -109.586409814908407, 23.604014677071557 ], [ -109.586557478445869, 23.604185516580888 ], [ -109.587503560869479, 23.605521665763263 ], [ -109.58777091590575, 23.605950806916486 ], [ -109.588072480693526, 23.606617319227535 ], [ -109.588235932073431, 23.607140338736293 ], [ -109.588697145405362, 23.608914583723546 ], [ -109.588926475876903, 23.609463600874729 ], [ -109.58953546898374, 23.610251435349678 ], [ -109.590176131904727, 23.610827894206338 ], [ -109.592556936805124, 23.612730181888974 ], [ -109.592971883325148, 23.613016631911485 ], [ -109.593146530019467, 23.613137872261373 ], [ -109.593386385510442, 23.613291722685954 ], [ -109.593623975298073, 23.613423630390258 ], [ -109.593735067309026, 23.613480696803393 ], [ -109.593949860853911, 23.613591033244905 ], [ -109.594202414690159, 23.613720626012242 ], [ -109.594377606829227, 23.613810522227862 ], [ -109.594500507371691, 23.613876688577641 ], [ -109.594734653284476, 23.613983429460191 ], [ -109.594849360602097, 23.614026649131358 ], [ -109.594976325450773, 23.614071616337537 ], [ -109.595076776596386, 23.614108282408569 ], [ -109.595173835374439, 23.614147688514514 ], [ -109.595251575288188, 23.614183157213468 ], [ -109.595343009580901, 23.61422601878154 ], [ -109.59543406360099, 23.61426904321517 ], [ -109.59548737147685, 23.614292929937527 ], [ -109.595585631722855, 23.614337004212771 ], [ -109.595644073557679, 23.61436324412049 ], [ -109.595703826074455, 23.614388799863804 ], [ -109.595755622495545, 23.614411674021973 ], [ -109.595838557302528, 23.614447243589005 ], [ -109.596018437752591, 23.614527737596095 ], [ -109.596195350913817, 23.614619970402899 ], [ -109.595592615280125, 23.614497907718274 ], [ -109.594425292912788, 23.613981043850512 ], [ -109.593937001023491, 23.613858980769152 ], [ -109.593151157048553, 23.613744547317619 ], [ -109.592342424400783, 23.613736921521443 ], [ -109.591983834925969, 23.613508051313648 ], [ -109.591434505951113, 23.613223871503571 ], [ -109.591129322422816, 23.612878658460716 ] ] ] ] } },
{ "type": "Feature", "properties": { "fid": 21.0, "cat": 22, "CLAVE_ACUI": "0320", "NOM_ACUIF": "SANTIAGO", "VULNERABIL": 3 }, "geometry": null },
{ "type": "Feature", "properties": { "fid": 22.0, "cat": 23, "CLAVE_ACUI": "0320", "NOM_ACUIF": "SANTIAGO", "VULNERABIL": 4 }, "geometry": { "type": "MultiPolygon", "coordinates": [ [ [ [ -109.56643018470578, 23.545144655058031 ], [ -109.566659375887468, 23.545278989008835 ], [ -109.568070929801522, 23.546106318381756 ], [ -109.57023969603361, 23.547667165520792 ], [ -109.574884036821388, 23.551924023323352 ], [ -109.574899050425557, 23.551946421333351 ], [ -109.574995464491522, 23.552037089260327 ], [ -109.574819036239177, 23.552235950871388 ], [ -109.574386963636556, 23.552719641859628 ], [ -109.573843809395385, 23.553691691138752 ], [ -109.571882103287351, 23.557545678879585 ], [ -109.571371090523826, 23.558599290602761 ], [ -109.570948138555693, 23.559662176114532 ], [ -109.570854940844185, 23.560126974050114 ], [ -109.570842974105503, 23.561233146457134 ], [ -109.570761619214224, 23.561621855051349 ], [ -109.570393927742387, 23.562329655500672 ], [ -109.569950005924994, 23.5629520891857 ], [ -109.568246029698955, 23.565148966566156 ], [ -109.567851625528988, 23.565776929237053 ], [ -109.567715082950102, 23.566510557546838 ], [ -109.567914430604375, 23.566930636182786 ], [ -109.568981275190851, 23.568157371023705 ], [ -109.569319435317553, 23.568482208690718 ], [ -109.569830660822618, 23.568771385976834 ], [ -109.570222821925583, 23.568859658466042 ], [ -109.571541682045265, 23.568982413698592 ], [ -109.571896755127682, 23.568933184802248 ], [ -109.572234899748935, 23.568580700936554 ], [ -109.572362889778191, 23.568126382006447 ], [ -109.572622028044918, 23.566358710671238 ], [ -109.572723176142333, 23.565838106409753 ], [ -109.572936065947914, 23.565176291621398 ], [ -109.573139045754843, 23.56475144600445 ], [ -109.573873387191739, 23.563430645515357 ], [ -109.57407712868573, 23.562934687142704 ], [ -109.57429358791785, 23.56194101754366 ], [ -109.57439907371274, 23.561017448021879 ], [ -109.574674872473423, 23.557701125336425 ], [ -109.574780405327616, 23.556772475400429 ], [ -109.574997102207504, 23.555755099561029 ], [ -109.575201136432923, 23.555230355330497 ], [ -109.575936591465691, 23.553798922384154 ], [ -109.57609522665723, 23.553395677956839 ], [ -109.576098686694039, 23.553074548291402 ], [ -109.576330224365179, 23.553292281010865 ], [ -109.577676495178707, 23.554666009441586 ], [ -109.579325904710899, 23.556719814969615 ], [ -109.579936119767169, 23.55766247872781 ], [ -109.58119291806176, 23.559742182527206 ], [ -109.581212230605843, 23.559775130697201 ], [ -109.583400079229349, 23.563507594134467 ], [ -109.584231191598633, 23.564802070339152 ], [ -109.58481029490315, 23.566130198241051 ], [ -109.584990454843719, 23.566631751322323 ], [ -109.58527942691137, 23.567436222236942 ], [ -109.585715215805067, 23.568940447866193 ], [ -109.587099656330508, 23.574152585236025 ], [ -109.587457626865174, 23.575722137317737 ], [ -109.587743660171839, 23.577834582298447 ], [ -109.587794302448543, 23.579282809184622 ], [ -109.587744587616044, 23.583928754984363 ], [ -109.587617457435641, 23.585507441481838 ], [ -109.587073890349416, 23.588228698714257 ], [ -109.586424478473916, 23.590537519224988 ], [ -109.583937272339909, 23.598590722125596 ], [ -109.583603309654563, 23.599477335669938 ], [ -109.583378387226276, 23.600074455345947 ], [ -109.583173118910224, 23.600580561343037 ], [ -109.582981632752691, 23.60094939609235 ], [ -109.582800837408058, 23.601252261062509 ], [ -109.582574900610823, 23.601573207179584 ], [ -109.5824549803108, 23.60171861778495 ], [ -109.582338535961455, 23.601867214678503 ], [ -109.582209056796927, 23.602014942584411 ], [ -109.58204580715919, 23.602162804592009 ], [ -109.581893903931061, 23.602256521159887 ], [ -109.581690850476107, 23.60234168195268 ], [ -109.581466941316833, 23.602413518267699 ], [ -109.58118886525871, 23.602466816178836 ], [ -109.580890425178026, 23.602451697226087 ], [ -109.580463169751908, 23.60233916990644 ], [ -109.58004354363635, 23.602056897023761 ], [ -109.579425549096513, 23.601763180581077 ], [ -109.578152609490743, 23.601236573525277 ], [ -109.577480011152161, 23.60095832385089 ], [ -109.576949757532518, 23.600749828707642 ], [ -109.576904533563351, 23.600595208229539 ], [ -109.576839662530077, 23.600385905423671 ], [ -109.576755600311003, 23.600180685104711 ], [ -109.576671040643959, 23.600013762190766 ], [ -109.576519305640161, 23.599810483771478 ], [ -109.576407816709221, 23.59969009295795 ], [ -109.576180240011155, 23.599510199683127 ], [ -109.575926584951745, 23.599355839261332 ], [ -109.57562478802258, 23.599201345950238 ], [ -109.575241342109877, 23.599014284192247 ], [ -109.573561271260985, 23.59827881446861 ], [ -109.570557457313058, 23.596987066917215 ], [ -109.570231705249995, 23.596856692679999 ], [ -109.569917684779995, 23.59673101373 ], [ -109.569531138230005, 23.596576308 ], [ -109.569099888810001, 23.596435335620001 ], [ -109.568886552340004, 23.596382761859999 ], [ -109.568684668179998, 23.59635515455 ], [ -109.568568937340004, 23.596384934330001 ], [ -109.568508538030002, 23.59646799751 ], [ -109.568489805339993, 23.596579136359999 ], [ -109.568478449997571, 23.596702034623153 ], [ -109.568471176230005, 23.59678075822 ], [ -109.568494534210004, 23.597113684989999 ], [ -109.568510422260005, 23.59723771629 ], [ -109.56856188767, 23.597399384599999 ], [ -109.568645716549995, 23.597573957750001 ], [ -109.568768370010005, 23.597766190249999 ], [ -109.56890045614, 23.597917394109999 ], [ -109.569129868890002, 23.598152020779999 ], [ -109.569480618889997, 23.598400187020001 ], [ -109.568385576618525, 23.598047874550478 ], [ -109.567714175270837, 23.597880037812779 ], [ -109.566981737877853, 23.597584415290608 ], [ -109.565570269126695, 23.597119047783099 ], [ -109.564723388944543, 23.597058019226537 ], [ -109.564103033298451, 23.596883557983546 ], [ -109.563429552430591, 23.596694156452223 ], [ -109.56346819511576, 23.596626374630759 ], [ -109.563497343061329, 23.596575247209525 ], [ -109.563542753823924, 23.596508166208967 ], [ -109.563585913660773, 23.59645622329009 ], [ -109.563643247815293, 23.596399084075507 ], [ -109.563733015708493, 23.596326717585626 ], [ -109.563807154544989, 23.596272910680923 ], [ -109.563893623867472, 23.596210154818888 ], [ -109.563940111520509, 23.59618495854053 ], [ -109.563983560904589, 23.596164754576932 ], [ -109.564031735409188, 23.596145365289285 ], [ -109.564072550674382, 23.596129397640638 ], [ -109.564117146646822, 23.596115570660849 ], [ -109.564148023864817, 23.596108592331714 ], [ -109.564175684720666, 23.596103952217966 ], [ -109.564209660636948, 23.596099471877356 ], [ -109.564232688810549, 23.596091650988221 ], [ -109.564253979008711, 23.596079485160683 ], [ -109.564266470706627, 23.59606536411086 ], [ -109.564275850834576, 23.596048609174058 ], [ -109.564273531231549, 23.596021262986014 ], [ -109.56426744831775, 23.595992151898685 ], [ -109.564248846550271, 23.595947561968284 ], [ -109.564226297363703, 23.595897418749814 ], [ -109.564193468234663, 23.595841661604602 ], [ -109.564157999061138, 23.595793110471593 ], [ -109.564113964837759, 23.595741231504306 ], [ -109.564040601963114, 23.595666277214477 ], [ -109.563904684749417, 23.595543966516562 ], [ -109.562595215735413, 23.594536203439837 ], [ -109.562231655293175, 23.594306250831711 ], [ -109.561133464183143, 23.593791170450075 ], [ -109.560232911985239, 23.5934780340156 ], [ -109.559355776634547, 23.593199503234562 ], [ -109.558722400056013, 23.592967813177932 ], [ -109.558035603732023, 23.5926915611313 ], [ -109.557595799577356, 23.592500855243149 ], [ -109.556730557054252, 23.592100396258182 ], [ -109.556502600761291, 23.591991235503201 ], [ -109.556284862108669, 23.591918878339268 ], [ -109.55615318783596, 23.591903235011983 ], [ -109.556030594698257, 23.59190799153729 ], [ -109.555885699771466, 23.591939973486735 ], [ -109.555790519105216, 23.591985177862249 ], [ -109.555702461720657, 23.592054116977295 ], [ -109.555641742941418, 23.592120473954012 ], [ -109.555602853612598, 23.592185714294807 ], [ -109.555562094398127, 23.592264651117635 ], [ -109.555529946457412, 23.592360368835578 ], [ -109.555519298745182, 23.592457811349885 ], [ -109.555528555165836, 23.592557206528674 ], [ -109.555568467081088, 23.592695920968332 ], [ -109.555626316279998, 23.592857007278816 ], [ -109.555857108727508, 23.593261464774073 ], [ -109.556034386489571, 23.593554195310425 ], [ -109.556140572516867, 23.593756682353675 ], [ -109.556258058201365, 23.593992276626352 ], [ -109.555934135648613, 23.593932048136733 ], [ -109.555626322025034, 23.593840906859604 ], [ -109.555148291190974, 23.593699365558678 ], [ -109.554415853379865, 23.593521992158806 ], [ -109.554297299270814, 23.593484717845385 ], [ -109.554266063030894, 23.593410083429969 ], [ -109.554215804587486, 23.593321463664541 ], [ -109.554131064223697, 23.593210734934573 ], [ -109.554032011000956, 23.593126932707303 ], [ -109.553864482626238, 23.593035703616319 ], [ -109.553708569090276, 23.592995502190565 ], [ -109.553462307847738, 23.592954356391996 ], [ -109.55315662158695, 23.592898282525297 ], [ -109.552920675393082, 23.592816179721606 ], [ -109.552732216004628, 23.592736321202555 ], [ -109.55230995768764, 23.592526136467054 ], [ -109.552014263677052, 23.59236324201154 ], [ -109.55167692372612, 23.592205876376457 ], [ -109.551461579935662, 23.592131477620008 ], [ -109.551150963035525, 23.592048576766327 ], [ -109.550798596104215, 23.59193858248176 ], [ -109.550406993131716, 23.591828451404417 ], [ -109.550028840752674, 23.591714831594864 ], [ -109.549835808907531, 23.591674231422509 ], [ -109.549473848879558, 23.591643006779698 ], [ -109.549110011416985, 23.59163495935827 ], [ -109.548538434656791, 23.591629619497589 ], [ -109.5479909752883, 23.591624502080823 ], [ -109.547550404089506, 23.591589903525247 ], [ -109.547385843195812, 23.591607870036519 ], [ -109.546526890783156, 23.591242842747754 ], [ -109.546398038842469, 23.591218936733028 ], [ -109.545409485764623, 23.590751775655125 ], [ -109.544867299402185, 23.590511746309559 ], [ -109.544624660321844, 23.590427095393139 ], [ -109.544263143562404, 23.590310692305355 ], [ -109.54402723005947, 23.590261023145285 ], [ -109.543805074206801, 23.59023642988997 ], [ -109.543517449231587, 23.590227997141238 ], [ -109.543039616099733, 23.590223515973065 ], [ -109.542674647953262, 23.590220091848352 ], [ -109.542366241717389, 23.590196878491515 ], [ -109.542189132604136, 23.5901533421987 ], [ -109.542007220536973, 23.590098685566677 ], [ -109.541802739566563, 23.589981623617732 ], [ -109.541447031154618, 23.589713837702572 ], [ -109.541202371130154, 23.589556440718368 ], [ -109.540910158022058, 23.589402377151131 ], [ -109.540736611254331, 23.589325835088413 ], [ -109.540492396255587, 23.589246408610794 ], [ -109.539803990249879, 23.589022517103377 ], [ -109.53865556171111, 23.588703541517276 ], [ -109.534347081831967, 23.587556678488692 ], [ -109.533038972013472, 23.587225995921745 ], [ -109.531242897269067, 23.586829731761192 ], [ -109.529985184244197, 23.586594323296499 ], [ -109.527500955707453, 23.586165973357069 ], [ -109.526871938878401, 23.586025242955181 ], [ -109.525449978432277, 23.585728959077905 ], [ -109.524605205989204, 23.585573528929423 ], [ -109.524096172367976, 23.585499860479839 ], [ -109.524010453423145, 23.585489403844164 ], [ -109.523917886090999, 23.585470323618484 ], [ -109.523858641477688, 23.585456986513542 ], [ -109.523788543673476, 23.585436763342571 ], [ -109.523711800807206, 23.585409046362283 ], [ -109.523654602967554, 23.585384799451994 ], [ -109.523567342165649, 23.585344109166215 ], [ -109.523484174998146, 23.585301190205819 ], [ -109.5233583867916, 23.585234247336164 ], [ -109.523244928843567, 23.585181318532474 ], [ -109.523096144228276, 23.585120103915632 ], [ -109.523028931836819, 23.585099336998599 ], [ -109.522983115181034, 23.585090896392359 ], [ -109.522901196795999, 23.585082629913504 ], [ -109.522858615292137, 23.585086925753771 ], [ -109.522825588719343, 23.585098848193031 ], [ -109.522778738495518, 23.585120299696637 ], [ -109.522749335050278, 23.585158971278247 ], [ -109.522737349222751, 23.585205549578394 ], [ -109.52273711491101, 23.585271396559545 ], [ -109.522751626781201, 23.585330132691126 ], [ -109.522772895372967, 23.585391375721535 ], [ -109.52282707900963, 23.585470318890764 ], [ -109.522959190897538, 23.585656556230315 ], [ -109.522043642439726, 23.585141598866397 ], [ -109.521510701733675, 23.585003042301143 ], [ -109.521524367417214, 23.58493816179428 ], [ -109.521526825613051, 23.58484650635091 ], [ -109.521521385108187, 23.584747055057566 ], [ -109.521507768900278, 23.584657945568107 ], [ -109.521468175649048, 23.584516191952552 ], [ -109.521419305622615, 23.584396171303375 ], [ -109.521368445630642, 23.584296292906121 ], [ -109.521317322468178, 23.584236575143247 ], [ -109.521256943777345, 23.58417295024994 ], [ -109.521179149189095, 23.584099738867195 ], [ -109.521088391896086, 23.584021456798723 ], [ -109.521022093872645, 23.583964271902179 ], [ -109.520675553577206, 23.583739155287905 ], [ -109.519364065958783, 23.582952277143679 ], [ -109.519021156297981, 23.582704177478345 ], [ -109.518744368585956, 23.58234864939687 ], [ -109.518686732632403, 23.582082258295308 ], [ -109.518694928234666, 23.581352095782609 ], [ -109.518696665231076, 23.581197343316173 ], [ -109.518678788270918, 23.581065336505606 ], [ -109.518657543616456, 23.580988482147514 ], [ -109.518602308586935, 23.580902452367042 ], [ -109.51855575738972, 23.580850976493451 ], [ -109.518507969111766, 23.580816422586565 ], [ -109.518446668489176, 23.580799670080069 ], [ -109.518374900793333, 23.580794545187491 ], [ -109.518187662491385, 23.580781174601007 ], [ -109.51804975608573, 23.580771361222638 ], [ -109.5178976046613, 23.580763564750637 ], [ -109.517688325285334, 23.580773521670626 ], [ -109.517558963677601, 23.58079016490445 ], [ -109.517454086430561, 23.58080483041563 ], [ -109.517369212239146, 23.580814521459057 ], [ -109.517277694370136, 23.580815118369724 ], [ -109.517168153041993, 23.580811534530852 ], [ -109.517076788934645, 23.580804504627192 ], [ -109.517259893434542, 23.57985087343301 ], [ -109.517450631098711, 23.579454162274171 ], [ -109.517694775889581, 23.579231012112409 ], [ -109.517526920911791, 23.5780466033147 ], [ -109.517282773370852, 23.57759267602178 ], [ -109.517175956398134, 23.576797348916536 ], [ -109.516702919501014, 23.575662530212526 ], [ -109.515970480319112, 23.574926330277467 ], [ -109.515611886493247, 23.5738468214421 ], [ -109.515375368955645, 23.573392894124986 ], [ -109.515321960698742, 23.57294087355098 ], [ -109.515268550404187, 23.57220848512523 ], [ -109.515194292936329, 23.572012416800529 ], [ -109.515146476192754, 23.571872807433646 ], [ -109.514714460715453, 23.571372671517253 ], [ -109.514360628986395, 23.570963047405705 ], [ -109.513984096662071, 23.570736288867931 ], [ -109.513979857605378, 23.570697658463956 ], [ -109.513982080862107, 23.570657741138344 ], [ -109.513992505449494, 23.570620671586543 ], [ -109.514008086127106, 23.570588227116772 ], [ -109.514034115023762, 23.570545334427941 ], [ -109.514092405088093, 23.570505741176685 ], [ -109.514168156736289, 23.570476419196062 ], [ -109.514356034182939, 23.57043502803149 ], [ -109.514530011200932, 23.570396699261796 ], [ -109.514649415414638, 23.570370393393006 ], [ -109.514698401794618, 23.570341502504874 ], [ -109.51470914487146, 23.570286301322113 ], [ -109.514689603294343, 23.570221256334428 ], [ -109.514661558074707, 23.570171214864104 ], [ -109.514625080958979, 23.570120806789607 ], [ -109.514521728944246, 23.570022342690475 ], [ -109.514374575916747, 23.569876924199765 ], [ -109.514157581990503, 23.569674842497331 ], [ -109.512731252447708, 23.56844431160745 ], [ -109.512520659119886, 23.56828641413404 ], [ -109.512398935322679, 23.568209836436832 ], [ -109.512273715944403, 23.568139644820793 ], [ -109.512172975210063, 23.568094045952268 ], [ -109.512065889839107, 23.568052337478839 ], [ -109.511966931769905, 23.568011041753284 ], [ -109.511863007629486, 23.567962079656983 ], [ -109.511745869245814, 23.567900314762269 ], [ -109.511660903711416, 23.567852331928083 ], [ -109.511607523464477, 23.567822186345456 ], [ -109.511558986914793, 23.567793786768625 ], [ -109.511514236840938, 23.567764231698444 ], [ -109.51148873722768, 23.567744035496943 ], [ -109.51145677216779, 23.567715894412906 ], [ -109.511422777484839, 23.567684339488054 ], [ -109.511382741956112, 23.567643295753474 ], [ -109.511357629569915, 23.567613784117132 ], [ -109.511337970778314, 23.567589918242327 ], [ -109.511326901136016, 23.567574631593448 ], [ -109.511322068964631, 23.567567958594861 ], [ -109.511302547292132, 23.567544037672235 ], [ -109.511283300572757, 23.567525065906008 ], [ -109.511254338842676, 23.567505910837692 ], [ -109.511224277300073, 23.567488405488188 ], [ -109.511190916319862, 23.567472091602262 ], [ -109.511155722318762, 23.567462009987363 ], [ -109.511105640511957, 23.567452178282249 ], [ -109.511186517069731, 23.56733113229577 ], [ -109.511733770940481, 23.566503223509031 ], [ -109.512455653662144, 23.565413032994698 ], [ -109.513263648553291, 23.564192795496965 ], [ -109.514605583181037, 23.56217593166663 ], [ -109.516467341059553, 23.559354564747949 ], [ -109.516479364892319, 23.559356712386599 ], [ -109.51649219603857, 23.559358224628831 ], [ -109.51650044463257, 23.55935799550122 ], [ -109.516508693226584, 23.559356758212118 ], [ -109.516515521229394, 23.55935414615735 ], [ -109.516525557018781, 23.559349426128552 ], [ -109.516539045296227, 23.559340351555004 ], [ -109.516551402613345, 23.559332012430097 ], [ -109.516590731972556, 23.559300655238292 ], [ -109.516694938247269, 23.559205426770088 ], [ -109.516791349258057, 23.559104061489563 ], [ -109.516915074255067, 23.55896095370548 ], [ -109.516986166146097, 23.558864953039361 ], [ -109.517055363473958, 23.558777010319293 ], [ -109.517142805609637, 23.558665880316184 ], [ -109.517210556398823, 23.558593501161138 ], [ -109.517331078049125, 23.558479566064857 ], [ -109.517489451054104, 23.558338056852097 ], [ -109.517655764807216, 23.558207547188879 ], [ -109.518123491236963, 23.557911865053839 ], [ -109.518548786759652, 23.557636505004115 ], [ -109.518846626637526, 23.557468607130588 ], [ -109.519401921010612, 23.557180230308056 ], [ -109.519842669720902, 23.556975436580068 ], [ -109.520256800049083, 23.556735548507717 ], [ -109.5215336926736, 23.555995886150349 ], [ -109.521996193348414, 23.55570057534042 ], [ -109.522210887884697, 23.55551747539311 ], [ -109.522216864151943, 23.55551237858532 ], [ -109.522463520000954, 23.555302019714265 ], [ -109.522668629813211, 23.555027966336961 ], [ -109.523158479870062, 23.554147605958594 ], [ -109.523269807959608, 23.553882820475778 ], [ -109.523298385908404, 23.553708304336858 ], [ -109.523293087949142, 23.553530235819128 ], [ -109.523269450753304, 23.553421684198078 ], [ -109.523216603621378, 23.553253800487042 ], [ -109.523150210437919, 23.553106820707164 ], [ -109.522879261943459, 23.552507000846177 ], [ -109.522760131619137, 23.552319609867485 ], [ -109.522722817348637, 23.55228533021927 ], [ -109.522677725034754, 23.552259667926794 ], [ -109.522606778587559, 23.552238292770902 ], [ -109.522554675032225, 23.552229249006967 ], [ -109.522520085238114, 23.552233272425958 ], [ -109.52246698433261, 23.552247961817855 ], [ -109.52238229571816, 23.552271995121689 ], [ -109.522315336804624, 23.552277264927344 ], [ -109.52224187355678, 23.552273790837969 ], [ -109.522168145227084, 23.552236205259391 ], [ -109.522120926255113, 23.552185743515587 ], [ -109.522092434361198, 23.552099500340137 ], [ -109.522088354374944, 23.552084173409185 ], [ -109.522073635616607, 23.552028880724787 ], [ -109.522052691109877, 23.551918699543741 ], [ -109.522012472447372, 23.551595130920731 ], [ -109.522004418928219, 23.551484629988931 ], [ -109.522006950126084, 23.551238030471431 ], [ -109.52200946289129, 23.550992393359255 ], [ -109.522612035515166, 23.550074819703699 ], [ -109.523824611668232, 23.548243581775019 ], [ -109.525034850077972, 23.546415874316772 ], [ -109.530206253545458, 23.538605997675081 ], [ -109.532736416712012, 23.534784933946742 ], [ -109.53361229697957, 23.532205252983271 ], [ -109.533802318817266, 23.532427717456027 ], [ -109.534151857892653, 23.532626970329051 ], [ -109.534706762487943, 23.532802166852321 ], [ -109.535050138509675, 23.532869375979104 ], [ -109.535519260959845, 23.533016227862959 ], [ -109.535896460423757, 23.533173862616575 ], [ -109.536707692945271, 23.533552147209345 ], [ -109.537495368316428, 23.533968628930786 ], [ -109.538959762738841, 23.534742924449276 ], [ -109.540076293791174, 23.535247842376521 ], [ -109.542304575010462, 23.536027324260125 ], [ -109.542405357938861, 23.536057003504958 ], [ -109.542615595143076, 23.536135221293964 ], [ -109.544993136634304, 23.536872038559537 ], [ -109.553604721432251, 23.539386151805282 ], [ -109.556097530052085, 23.540174673988673 ], [ -109.559118872234549, 23.541340576969809 ], [ -109.560942261052261, 23.542217646016308 ], [ -109.56643018470578, 23.545144655058031 ] ] ] ] } },
{ "type": "Feature", "properties": { "fid": 23.0, "cat": 24, "CLAVE_ACUI": "0320", "NOM_ACUIF": "SANTIAGO", "VULNERABIL": 3 }, "geometry": { "type": "MultiPolygon", "coordinates": [ [ [ [ -109.568494534210004, 23.597113684989999 ], [ -109.568471176230005, 23.59678075822 ], [ -109.568478449997571, 23.596702034623153 ], [ -109.568489805339993, 23.596579136359999 ], [ -109.568508538030002, 23.59646799751 ], [ -109.568568937340004, 23.596384934330001 ], [ -109.568684668179998, 23.59635515455 ], [ -109.568886552340004, 23.596382761859999 ], [ -109.569099888810001, 23.596435335620001 ], [ -109.569531138230005, 23.596576308 ], [ -109.569917684779995, 23.59673101373 ], [ -109.570231705249995, 23.596856692679999 ], [ -109.570557457313058, 23.596987066917215 ], [ -109.573561271260985, 23.59827881446861 ], [ -109.575241342109877, 23.599014284192247 ], [ -109.57562478802258, 23.599201345950238 ], [ -109.575926584951745, 23.599355839261332 ], [ -109.576180240011155, 23.599510199683127 ], [ -109.576407816709221, 23.59969009295795 ], [ -109.576519305640161, 23.599810483771478 ], [ -109.576671040643959, 23.600013762190766 ], [ -109.576755600311003, 23.600180685104711 ], [ -109.576839662530077, 23.600385905423671 ], [ -109.576904533563351, 23.600595208229539 ], [ -109.576949757532518, 23.600749828707642 ], [ -109.576747572891108, 23.600670329927791 ], [ -109.575954099556355, 23.600492956740801 ], [ -109.575221661956007, 23.600367080654614 ], [ -109.574542631509999, 23.600199243940001 ], [ -109.57375678679, 23.599903620709998 ], [ -109.573138792280005, 23.59961753376 ], [ -109.572536056689998, 23.59950500795 ], [ -109.572047765, 23.599211291060001 ], [ -109.571498436720006, 23.599096857679999 ], [ -109.57101014461, 23.598921390819999 ], [ -109.570579323039993, 23.598812061419999 ], [ -109.570033561330007, 23.598578087469999 ], [ -109.569480618889997, 23.598400187020001 ], [ -109.569129868890002, 23.598152020779999 ], [ -109.56890045614, 23.597917394109999 ], [ -109.568768370010005, 23.597766190249999 ], [ -109.568645716549995, 23.597573957750001 ], [ -109.56856188767, 23.597399384599999 ], [ -109.568510422260005, 23.59723771629 ], [ -109.568494534210004, 23.597113684989999 ] ] ] ] } },
{ "type": "Feature", "properties": { "fid": 24.0, "cat": 25, "CLAVE_ACUI": "0320", "NOM_ACUIF": "SANTIAGO", "VULNERABIL": 3 }, "geometry": { "type": "MultiPolygon", "coordinates": [ [ [ [ -109.563542753823924, 23.596508166208967 ], [ -109.563497343061329, 23.596575247209525 ], [ -109.56346819511576, 23.596626374630759 ], [ -109.563429552430591, 23.596694156452223 ], [ -109.56239637399409, 23.596411465103174 ], [ -109.561488455103998, 23.595789701039703 ], [ -109.561183272051721, 23.595560831548518 ], [ -109.560694979471037, 23.595269022031303 ], [ -109.559474251174947, 23.59509355769508 ], [ -109.558863885738404, 23.594799842124839 ], [ -109.5582535214497, 23.594567158040931 ], [ -109.5576431565257, 23.594399321091458 ], [ -109.556857311811882, 23.594103698753507 ], [ -109.556258058201365, 23.593992276626352 ], [ -109.556140572516867, 23.593756682353675 ], [ -109.556034386489571, 23.593554195310425 ], [ -109.555857108727508, 23.593261464774073 ], [ -109.555626316279998, 23.592857007278816 ], [ -109.555568467081088, 23.592695920968332 ], [ -109.555528555165836, 23.592557206528674 ], [ -109.555519298745182, 23.592457811349885 ], [ -109.555529946457412, 23.592360368835578 ], [ -109.555562094398127, 23.592264651117635 ], [ -109.555602853612598, 23.592185714294807 ], [ -109.555641742941418, 23.592120473954012 ], [ -109.555702461720657, 23.592054116977295 ], [ -109.555790519105216, 23.591985177862249 ], [ -109.555885699771466, 23.591939973486735 ], [ -109.556030594698257, 23.59190799153729 ], [ -109.55615318783596, 23.591903235011983 ], [ -109.556284862108669, 23.591918878339268 ], [ -109.556502600761291, 23.591991235503201 ], [ -109.556730557054252, 23.592100396258182 ], [ -109.557595799577356, 23.592500855243149 ], [ -109.558035603732023, 23.5926915611313 ], [ -109.558722400056013, 23.592967813177932 ], [ -109.559355776634547, 23.593199503234562 ], [ -109.560232911985239, 23.5934780340156 ], [ -109.561133464183143, 23.593791170450075 ], [ -109.562231655293175, 23.594306250831711 ], [ -109.562595215735413, 23.594536203439837 ], [ -109.563904684749417, 23.595543966516562 ], [ -109.564040601963114, 23.595666277214477 ], [ -109.564113964837759, 23.595741231504306 ], [ -109.564157999061138, 23.595793110471593 ], [ -109.564193468234663, 23.595841661604602 ], [ -109.564226297363703, 23.595897418749814 ], [ -109.564248846550271, 23.595947561968284 ], [ -109.56426744831775, 23.595992151898685 ], [ -109.564273531231549, 23.596021262986014 ], [ -109.564275850834576, 23.596048609174058 ], [ -109.564266470706627, 23.59606536411086 ], [ -109.564253979008711, 23.596079485160683 ], [ -109.564232688810549, 23.596091650988221 ], [ -109.564209660636948, 23.596099471877356 ], [ -109.564175684720666, 23.596103952217966 ], [ -109.564148023864817, 23.596108592331714 ], [ -109.564117146646822, 23.596115570660849 ], [ -109.564072550674382, 23.596129397640638 ], [ -109.564031735409188, 23.596145365289285 ], [ -109.563983560904589, 23.596164754576932 ], [ -109.563940111520509, 23.59618495854053 ], [ -109.563893623867472, 23.596210154818888 ], [ -109.563807154544989, 23.596272910680923 ], [ -109.563733015708493, 23.596326717585626 ], [ -109.563643247815293, 23.596399084075507 ], [ -109.563585913660773, 23.59645622329009 ], [ -109.563542753823924, 23.596508166208967 ] ] ] ] } },
{ "type": "Feature", "properties": { "fid": 25.0, "cat": 26, "CLAVE_ACUI": "0320", "NOM_ACUIF": "SANTIAGO", "VULNERABIL": 3 }, "geometry": null },
{ "type": "Feature", "properties": { "fid": 26.0, "cat": 27, "CLAVE_ACUI": "0320", "NOM_ACUIF": "SANTIAGO", "VULNERABIL": 3 }, "geometry": null },
{ "type": "Feature", "properties": { "fid": 27.0, "cat": 28, "CLAVE_ACUI": "0320", "NOM_ACUIF": "SANTIAGO", "VULNERABIL": 3 }, "geometry": null },
{ "type": "Feature", "properties": { "fid": 28.0, "cat": 29, "CLAVE_ACUI": "0320", "NOM_ACUIF": "SANTIAGO", "VULNERABIL": 3 }, "geometry": { "type": "MultiPolygon", "coordinates": [ [ [ [ -109.548914942594266, 23.591996202438899 ], [ -109.547747620477708, 23.591761613804394 ], [ -109.547385843195812, 23.591607870036519 ], [ -109.547550404089506, 23.591589903525247 ], [ -109.5479909752883, 23.591624502080823 ], [ -109.548538434656791, 23.591629619497589 ], [ -109.549110011416985, 23.59163495935827 ], [ -109.549473848879558, 23.591643006779698 ], [ -109.549835808907531, 23.591674231422509 ], [ -109.550028840752674, 23.591714831594864 ], [ -109.550406993131716, 23.591828451404417 ], [ -109.550798596104215, 23.59193858248176 ], [ -109.551150963035525, 23.592048576766327 ], [ -109.551461579935662, 23.592131477620008 ], [ -109.55167692372612, 23.592205876376457 ], [ -109.552014263677052, 23.59236324201154 ], [ -109.55230995768764, 23.592526136467054 ], [ -109.552732216004628, 23.592736321202555 ], [ -109.552920675393082, 23.592816179721606 ], [ -109.55315662158695, 23.592898282525297 ], [ -109.553462307847738, 23.592954356391996 ], [ -109.553708569090276, 23.592995502190565 ], [ -109.553864482626238, 23.593035703616319 ], [ -109.554032011000956, 23.593126932707303 ], [ -109.554131064223697, 23.593210734934573 ], [ -109.554215804587486, 23.593321463664541 ], [ -109.554266063030894, 23.593410083429969 ], [ -109.554297299270814, 23.593484717845385 ], [ -109.553675786240206, 23.593289309422339 ], [ -109.552874683111241, 23.593163432672196 ], [ -109.552332984357548, 23.592932655725043 ], [ -109.551783655857449, 23.592764818564067 ], [ -109.551173291312452, 23.59246919561922 ], [ -109.550265373781258, 23.592181202301504 ], [ -109.548914942594266, 23.591996202438899 ] ] ] ] } },
{ "type": "Feature", "properties": { "fid": 29.0, "cat": 30, "CLAVE_ACUI": "0320", "NOM_ACUIF": "SANTIAGO", "VULNERABIL": 3 }, "geometry": null },
{ "type": "Feature", "properties": { "fid": 30.0, "cat": 31, "CLAVE_ACUI": "0320", "NOM_ACUIF": "SANTIAGO", "VULNERABIL": 3 }, "geometry": null },
{ "type": "Feature", "properties": { "fid": 31.0, "cat": 32, "CLAVE_ACUI": "0320", "NOM_ACUIF": "SANTIAGO", "VULNERABIL": 3 }, "geometry": { "type": "MultiPolygon", "coordinates": [ [ [ [ -109.525507466814801, 23.587378804039993 ], [ -109.524958138957146, 23.587148028016866 ], [ -109.524416438822811, 23.586799001046685 ], [ -109.523439853700296, 23.586003676036501 ], [ -109.522959190897538, 23.585656556230315 ], [ -109.52282707900963, 23.585470318890764 ], [ -109.522772895372967, 23.585391375721535 ], [ -109.522751626781201, 23.585330132691126 ], [ -109.52273711491101, 23.585271396559545 ], [ -109.522737349222751, 23.585205549578394 ], [ -109.522749335050278, 23.585158971278247 ], [ -109.522778738495518, 23.585120299696637 ], [ -109.522825588719343, 23.585098848193031 ], [ -109.522858615292137, 23.585086925753771 ], [ -109.522901196795999, 23.585082629913504 ], [ -109.522983115181034, 23.585090896392359 ], [ -109.523028931836819, 23.585099336998599 ], [ -109.523096144228276, 23.585120103915632 ], [ -109.523244928843567, 23.585181318532474 ], [ -109.5233583867916, 23.585234247336164 ], [ -109.523484174998146, 23.585301190205819 ], [ -109.523567342165649, 23.585344109166215 ], [ -109.523654602967554, 23.585384799451994 ], [ -109.523711800807206, 23.585409046362283 ], [ -109.523788543673476, 23.585436763342571 ], [ -109.523858641477688, 23.585456986513542 ], [ -109.523917886090999, 23.585470323618484 ], [ -109.524010453423145, 23.585489403844164 ], [ -109.524096172367976, 23.585499860479839 ], [ -109.524605205989204, 23.585573528929423 ], [ -109.525449978432277, 23.585728959077905 ], [ -109.526871938878401, 23.586025242955181 ], [ -109.527500955707453, 23.586165973357069 ], [ -109.529985184244197, 23.586594323296499 ], [ -109.531242897269067, 23.586829731761192 ], [ -109.533038972013472, 23.587225995921745 ], [ -109.534347081831967, 23.587556678488692 ], [ -109.53865556171111, 23.588703541517276 ], [ -109.539803990249879, 23.589022517103377 ], [ -109.540492396255587, 23.589246408610794 ], [ -109.540736611254331, 23.589325835088413 ], [ -109.540910158022058, 23.589402377151131 ], [ -109.541202371130154, 23.589556440718368 ], [ -109.541447031154618, 23.589713837702572 ], [ -109.541802739566563, 23.589981623617732 ], [ -109.542007220536973, 23.590098685566677 ], [ -109.542189132604136, 23.5901533421987 ], [ -109.542366241717389, 23.590196878491515 ], [ -109.542674647953262, 23.590220091848352 ], [ -109.543039616099733, 23.590223515973065 ], [ -109.543517449231587, 23.590227997141238 ], [ -109.543805074206801, 23.59023642988997 ], [ -109.54402723005947, 23.590261023145285 ], [ -109.544263143562404, 23.590310692305355 ], [ -109.544682125828444, 23.590447143720844 ], [ -109.544867299402185, 23.590511746309559 ], [ -109.545409485764623, 23.590751775655125 ], [ -109.546398038842469, 23.591218936733028 ], [ -109.545550307259532, 23.591061656341296 ], [ -109.543726843543197, 23.590596291154316 ], [ -109.541888120496367, 23.590296857704946 ], [ -109.540972575219115, 23.59034263425827 ], [ -109.540240138097715, 23.590335008190564 ], [ -109.539805253567167, 23.590222480895459 ], [ -109.538592153425483, 23.589814331234713 ], [ -109.537730013436658, 23.589581648918678 ], [ -109.536814467716681, 23.589518712321947 ], [ -109.535769218664441, 23.589337526151404 ], [ -109.534128865142748, 23.58932036634722 ], [ -109.533449834651279, 23.589142993660143 ], [ -109.532587695135149, 23.589026653091587 ], [ -109.531725913439985, 23.588771392153941 ], [ -109.530214903078587, 23.588433503803973 ], [ -109.529596909716886, 23.588429691189415 ], [ -109.528925508359507, 23.588259947074157 ], [ -109.527887889309142, 23.588078760876119 ], [ -109.527338560552138, 23.587847983953896 ], [ -109.526796862232118, 23.58772401457874 ], [ -109.525507466814801, 23.587378804039993 ] ] ] ] } },
{ "type": "Feature", "properties": { "fid": 32.0, "cat": 33, "CLAVE_ACUI": "0320", "NOM_ACUIF": "SANTIAGO", "VULNERABIL": 4 }, "geometry": null },
{ "type": "Feature", "properties": { "fid": 33.0, "cat": 34, "CLAVE_ACUI": "0320", "NOM_ACUIF": "SANTIAGO", "VULNERABIL": 3 }, "geometry": null },
{ "type": "Feature", "properties": { "fid": 34.0, "cat": 35, "CLAVE_ACUI": "0320", "NOM_ACUIF": "SANTIAGO", "VULNERABIL": 3 }, "geometry": { "type": "MultiPolygon", "coordinates": [ [ [ [ -109.521468175649048, 23.584516191952552 ], [ -109.521507768900278, 23.584657945568107 ], [ -109.521521385108187, 23.584747055057566 ], [ -109.521526825613051, 23.58484650635091 ], [ -109.521524367417214, 23.58493816179428 ], [ -109.521510701733675, 23.585003042301143 ], [ -109.521364611947817, 23.584964226178574 ], [ -109.520273585831816, 23.584845979923458 ], [ -109.519838701734727, 23.58484025930133 ], [ -109.5192359660834, 23.584493139916514 ], [ -109.51862559906543, 23.583810342440369 ], [ -109.517786346340102, 23.583123731904955 ], [ -109.517298054007654, 23.582892954772134 ], [ -109.516985240023985, 23.582213971018891 ], [ -109.517122569708519, 23.581655143108016 ], [ -109.517076788934645, 23.580804504627192 ], [ -109.517168153041993, 23.580811534530852 ], [ -109.517277694370136, 23.580815118369724 ], [ -109.517369212239146, 23.580814521459057 ], [ -109.517454086430561, 23.58080483041563 ], [ -109.517558963677601, 23.58079016490445 ], [ -109.517688325285334, 23.580773521670626 ], [ -109.5178976046613, 23.580763564750637 ], [ -109.51804975608573, 23.580771361222638 ], [ -109.518187662491385, 23.580781174601007 ], [ -109.518374900793333, 23.580794545187491 ], [ -109.518446668489176, 23.580799670080069 ], [ -109.518507969111766, 23.580816422586565 ], [ -109.51855575738972, 23.580850976493451 ], [ -109.518602308586935, 23.580902452367042 ], [ -109.518657543616456, 23.580988482147514 ], [ -109.518678788270918, 23.581065336505606 ], [ -109.518696665231076, 23.581197343316173 ], [ -109.518694928234666, 23.581352095782609 ], [ -109.518686732632403, 23.582082258295308 ], [ -109.518744368585956, 23.58234864939687 ], [ -109.519021156297981, 23.582704177478345 ], [ -109.519364065958783, 23.582952277143679 ], [ -109.520675553577206, 23.583739155287905 ], [ -109.521022093872645, 23.583964271902179 ], [ -109.521088391896086, 23.584021456798723 ], [ -109.521179149189095, 23.584099738867195 ], [ -109.521256943777345, 23.58417295024994 ], [ -109.521317322468178, 23.584236575143247 ], [ -109.521368445630642, 23.584296292906121 ], [ -109.521419305622615, 23.584396171303375 ], [ -109.521468175649048, 23.584516191952552 ] ] ] ] } },
{ "type": "Feature", "properties": { "fid": 35.0, "cat": 36, "CLAVE_ACUI": "0320", "NOM_ACUIF": "SANTIAGO", "VULNERABIL": 3 }, "geometry": { "type": "MultiPolygon", "coordinates": [ [ [ [ -109.513984096662071, 23.570736288867931 ], [ -109.513689226677911, 23.570558709727649 ], [ -109.512170943465733, 23.569694725615552 ], [ -109.511629244720879, 23.569465856943193 ], [ -109.510896805763736, 23.569006209215193 ], [ -109.510360718103158, 23.568576814043869 ], [ -109.510867305938078, 23.56781176283026 ], [ -109.511105640511957, 23.567452178282249 ], [ -109.511155722318762, 23.567462009987363 ], [ -109.511190916319862, 23.567472091602262 ], [ -109.511224277300073, 23.567488405488188 ], [ -109.511254338842676, 23.567505910837692 ], [ -109.511283300572757, 23.567525065906008 ], [ -109.511302547292132, 23.567544037672235 ], [ -109.511322068964631, 23.567567958594861 ], [ -109.511326901136016, 23.567574631593448 ], [ -109.511337970778314, 23.567589918242327 ], [ -109.511357629569915, 23.567613784117132 ], [ -109.511382741956112, 23.567643295753474 ], [ -109.511422777484839, 23.567684339488054 ], [ -109.51145677216779, 23.567715894412906 ], [ -109.51148873722768, 23.567744035496943 ], [ -109.511514236840938, 23.567764231698444 ], [ -109.511558986914793, 23.567793786768625 ], [ -109.511607523464477, 23.567822186345456 ], [ -109.511660903711416, 23.567852331928083 ], [ -109.511745869245814, 23.567900314762269 ], [ -109.511863007629486, 23.567962079656983 ], [ -109.511966931769905, 23.568011041753284 ], [ -109.512065889839107, 23.568052337478839 ], [ -109.512172975210063, 23.568094045952268 ], [ -109.512273715944403, 23.568139644820793 ], [ -109.512398935322679, 23.568209836436832 ], [ -109.512520659119886, 23.56828641413404 ], [ -109.512731252447708, 23.56844431160745 ], [ -109.514157581990503, 23.569674842497331 ], [ -109.514374575916747, 23.569876924199765 ], [ -109.514521728944246, 23.570022342690475 ], [ -109.514625080958979, 23.570120806789607 ], [ -109.514661558074707, 23.570171214864104 ], [ -109.514689603294343, 23.570221256334428 ], [ -109.51470914487146, 23.570286301322113 ], [ -109.514698401794618, 23.570341502504874 ], [ -109.514649415414638, 23.570370393393006 ], [ -109.514530011200932, 23.570396699261796 ], [ -109.514356034182939, 23.57043502803149 ], [ -109.514168156736289, 23.570476419196062 ], [ -109.514092405088093, 23.570505741176685 ], [ -109.514034115023762, 23.570545334427941 ], [ -109.514008086127106, 23.570588227116772 ], [ -109.513992505449494, 23.570620671586543 ], [ -109.513982080862107, 23.570657741138344 ], [ -109.513979857605378, 23.570697658463956 ], [ -109.513984096662071, 23.570736288867931 ] ] ] ] } },
{ "type": "Feature", "properties": { "fid": 36.0, "cat": 38, "CLAVE_ACUI": "0320", "NOM_ACUIF": "SANTIAGO", "VULNERABIL": 4 }, "geometry": null },
{ "type": "Feature", "properties": { "fid": 37.0, "cat": 39, "CLAVE_ACUI": "0320", "NOM_ACUIF": "SANTIAGO", "VULNERABIL": 3 }, "geometry": { "type": "MultiPolygon", "coordinates": [ [ [ [ -109.606488744471363, 23.560061000489537 ], [ -109.606621707749014, 23.559645638606817 ], [ -109.606984702880652, 23.559364415803039 ], [ -109.607370304956973, 23.559378030161884 ], [ -109.6088067920833, 23.559722779351159 ], [ -109.609201865236344, 23.559883791817949 ], [ -109.609609049368927, 23.560290441406575 ], [ -109.609795667933, 23.560710357579712 ], [ -109.610259374967896, 23.562263316677544 ], [ -109.610379607586921, 23.562708038369031 ], [ -109.610476980455871, 23.563230447839086 ], [ -109.610495851354202, 23.563532025449923 ], [ -109.61048654200151, 23.564416978136151 ], [ -109.610433938550926, 23.564702677018079 ], [ -109.610197764397142, 23.565150985564983 ], [ -109.609912975100229, 23.565505726978838 ], [ -109.608820121302472, 23.566712873292285 ], [ -109.608508254226834, 23.56702165014725 ], [ -109.608145739819378, 23.567255467286341 ], [ -109.6079397303603, 23.567280715281179 ], [ -109.607340868770436, 23.567164721300401 ], [ -109.607186006971816, 23.567043108927251 ], [ -109.607062179919964, 23.56659157982109 ], [ -109.607040145736121, 23.566068150710606 ], [ -109.607061144731162, 23.564077010365267 ], [ -109.607044674286044, 23.563548551046775 ], [ -109.606946814985591, 23.563073548191767 ], [ -109.606823486653013, 23.562923431954605 ], [ -109.606345814390309, 23.562697891555413 ], [ -109.60623334683558, 23.562563112009403 ], [ -109.606186169615967, 23.562159682029506 ], [ -109.606231240624652, 23.561718133050736 ], [ -109.606488744471363, 23.560061000489537 ] ] ] ] } },
{ "type": "Feature", "properties": { "fid": 38.0, "cat": 43, "CLAVE_ACUI": "0320", "NOM_ACUIF": "SANTIAGO", "VULNERABIL": 3 }, "geometry": null },
{ "type": "Feature", "properties": { "fid": 39.0, "cat": 42, "CLAVE_ACUI": "0320", "NOM_ACUIF": "SANTIAGO", "VULNERABIL": 2 }, "geometry": { "type": "MultiPolygon", "coordinates": [ [ [ [ -109.518123491236963, 23.557911865053839 ], [ -109.517655764807216, 23.558207547188879 ], [ -109.517489451054104, 23.558338056852097 ], [ -109.517331078049125, 23.558479566064857 ], [ -109.517210556398823, 23.558593501161138 ], [ -109.517142805609637, 23.558665880316184 ], [ -109.51710356831137, 23.558715746905609 ], [ -109.517055363473958, 23.558777010319293 ], [ -109.516986166146097, 23.558864953039361 ], [ -109.516915074255067, 23.55896095370548 ], [ -109.516791349258057, 23.559104061489563 ], [ -109.516694938247269, 23.559205426770088 ], [ -109.516590731972556, 23.559300655238292 ], [ -109.516551402613345, 23.559332012430097 ], [ -109.516539045296227, 23.559340351555004 ], [ -109.516525557018781, 23.559349426128552 ], [ -109.516515521229394, 23.55935414615735 ], [ -109.516508693226584, 23.559356758212118 ], [ -109.51650044463257, 23.55935799550122 ], [ -109.51649219603857, 23.559358224628831 ], [ -109.516479364892319, 23.559356712386599 ], [ -109.516467341059553, 23.559354564747949 ], [ -109.517665547918469, 23.557545027391583 ], [ -109.519941098592483, 23.554108480588042 ], [ -109.52161906078139, 23.551574414586966 ], [ -109.522009541500523, 23.550984708858806 ], [ -109.522006950126084, 23.551238030471431 ], [ -109.522004418928219, 23.551484629988931 ], [ -109.522012472447372, 23.551595130920731 ], [ -109.522052691109877, 23.551918699543741 ], [ -109.522073635616607, 23.552028880724787 ], [ -109.522092434361198, 23.552099500340137 ], [ -109.522120926255113, 23.552185743515587 ], [ -109.522168145227084, 23.552236205259391 ], [ -109.52224187355678, 23.552273790837969 ], [ -109.522315336804624, 23.552277264927344 ], [ -109.52238229571816, 23.552271995121689 ], [ -109.52246698433261, 23.552247961817855 ], [ -109.522520085238114, 23.552233272425958 ], [ -109.522554675032225, 23.552229249006967 ], [ -109.522606778587559, 23.552238292770902 ], [ -109.522677725034754, 23.552259667926794 ], [ -109.522722817348637, 23.55228533021927 ], [ -109.522760131619137, 23.552319609867485 ], [ -109.522879261943459, 23.552507000846177 ], [ -109.523150210437919, 23.553106820707164 ], [ -109.523216603621378, 23.553253800487042 ], [ -109.523269450753304, 23.553421684198078 ], [ -109.523293087949142, 23.553530235819128 ], [ -109.523298385908404, 23.553708304336858 ], [ -109.523269807959608, 23.553882820475778 ], [ -109.523158479870062, 23.554147605958594 ], [ -109.522668629813211, 23.555027966336961 ], [ -109.522463520000954, 23.555302019714265 ], [ -109.522216864151943, 23.55551237858532 ], [ -109.522210887884697, 23.55551747539311 ], [ -109.521996193348414, 23.55570057534042 ], [ -109.5215336926736, 23.555995886150349 ], [ -109.520256800049083, 23.556735548507717 ], [ -109.519842669720902, 23.556975436580068 ], [ -109.519401921010612, 23.557180230308056 ], [ -109.518846626637526, 23.557468607130588 ], [ -109.518548786759652, 23.557636505004115 ], [ -109.518123491236963, 23.557911865053839 ] ] ] ] } },
{ "type": "Feature", "properties": { "fid": 40.0, "cat": 44, "CLAVE_ACUI": "0320", "NOM_ACUIF": "SANTIAGO", "VULNERABIL": 3 }, "geometry": null },
{ "type": "Feature", "properties": { "fid": 41.0, "cat": 40, "CLAVE_ACUI": "0320", "NOM_ACUIF": "SANTIAGO", "VULNERABIL": 2 }, "geometry": { "type": "MultiPolygon", "coordinates": [ [ [ [ -109.549837087933597, 23.527566947110866 ], [ -109.550088074216276, 23.527957048022152 ], [ -109.550457816122091, 23.528335214398329 ], [ -109.550565332313354, 23.528445179765015 ], [ -109.551257256788261, 23.529019467081451 ], [ -109.55320298663662, 23.530444125422004 ], [ -109.553399748197606, 23.530588190741852 ], [ -109.553973379471515, 23.53103208355115 ], [ -109.554507805229377, 23.531534875235138 ], [ -109.554697636672842, 23.531809257745831 ], [ -109.555049090896688, 23.532586918386485 ], [ -109.555117477489077, 23.532677659075727 ], [ -109.555602555490566, 23.53302892508367 ], [ -109.556103558864677, 23.533229996299088 ], [ -109.557778343774018, 23.53368804121207 ], [ -109.558344685698884, 23.533960829146434 ], [ -109.559312829431576, 23.53477580185881 ], [ -109.560129557198479, 23.535667259049468 ], [ -109.562972888640189, 23.539012395123642 ], [ -109.56377886895298, 23.539883415946544 ], [ -109.564696698871685, 23.540603068811613 ], [ -109.565201896296941, 23.540760125351852 ], [ -109.566641648883447, 23.540773397955121 ], [ -109.567071591330006, 23.54075703936995 ], [ -109.567638235790781, 23.540667433509977 ], [ -109.568017784959181, 23.540555783923278 ], [ -109.569222365849612, 23.540124353743909 ], [ -109.569667144083141, 23.540094577985379 ], [ -109.570538201934653, 23.540387057681691 ], [ -109.571337796898064, 23.540834659375705 ], [ -109.574198227901093, 23.542630960545782 ], [ -109.575085890002342, 23.543089510840705 ], [ -109.576367838340133, 23.54343313471546 ], [ -109.57731152627305, 23.543465474896575 ], [ -109.580433447203035, 23.543272739771698 ], [ -109.581339224600399, 23.543243750775069 ], [ -109.581344584160206, 23.5432440296096 ], [ -109.582444269085386, 23.543301237500042 ], [ -109.583117127847416, 23.543412352460845 ], [ -109.585152099546207, 23.543873391190214 ], [ -109.585625809260719, 23.54405888241909 ], [ -109.585801474033403, 23.54446348509288 ], [ -109.585578711641574, 23.544855998517878 ], [ -109.584363472285659, 23.546283118574696 ], [ -109.584046278383482, 23.546745888457792 ], [ -109.583781293759884, 23.547478367476096 ], [ -109.583719939551258, 23.548061996775427 ], [ -109.583698605019293, 23.550053121234274 ], [ -109.58371476556573, 23.550601896959947 ], [ -109.583811517828281, 23.551171726171283 ], [ -109.58393357519094, 23.551436992135063 ], [ -109.584406426366584, 23.552105070024314 ], [ -109.584549545626587, 23.552461965375549 ], [ -109.584744583031721, 23.553459399754853 ], [ -109.584880089471326, 23.554527410622033 ], [ -109.585317425846185, 23.558514025915876 ], [ -109.585453157357477, 23.559561718498905 ], [ -109.585649224190618, 23.56046433630409 ], [ -109.585793587153375, 23.560706097758885 ], [ -109.586271213750649, 23.560931699362211 ], [ -109.586394950892711, 23.561041195563714 ], [ -109.586494763506792, 23.561326577049019 ], [ -109.586513615678726, 23.561624768752406 ], [ -109.586501779185625, 23.562730948483157 ], [ -109.586464931141464, 23.56308451245917 ], [ -109.586304809661783, 23.563628297887742 ], [ -109.586112911848204, 23.564051569996323 ], [ -109.585377500975341, 23.56548305183545 ], [ -109.585081524563009, 23.565601097261094 ], [ -109.585045429844143, 23.565615493004291 ], [ -109.58481029490315, 23.566130198241051 ], [ -109.584231191598633, 23.564802070339152 ], [ -109.583400079229349, 23.563507594134467 ], [ -109.581212230605843, 23.559775130697201 ], [ -109.58119291806176, 23.559742182527206 ], [ -109.579936119767169, 23.55766247872781 ], [ -109.579325904710899, 23.556719814969615 ], [ -109.577676495178707, 23.554666009441586 ], [ -109.576330224365179, 23.553292281010865 ], [ -109.576098686694039, 23.553074548291402 ], [ -109.576100079204735, 23.55294530629563 ], [ -109.57594837755363, 23.552705162720937 ], [ -109.575235588427617, 23.55203486257777 ], [ -109.574884036821388, 23.551924023323352 ], [ -109.57023969603361, 23.547667165520792 ], [ -109.568070929801522, 23.546106318381756 ], [ -109.566659375887468, 23.545278989008835 ], [ -109.56643018470578, 23.545144655058031 ], [ -109.560942261052261, 23.542217646016308 ], [ -109.559118872234549, 23.541340576969809 ], [ -109.556097530052085, 23.540174673988673 ], [ -109.553604721432251, 23.539386151805282 ], [ -109.544993136634304, 23.536872038559537 ], [ -109.542615595143076, 23.536135221293964 ], [ -109.542405357938861, 23.536057003504958 ], [ -109.542304575010462, 23.536027324260125 ], [ -109.540076293791174, 23.535247842376521 ], [ -109.538959762738841, 23.534742924449276 ], [ -109.537495368316428, 23.533968628930786 ], [ -109.536707692945271, 23.533552147209345 ], [ -109.535896460423757, 23.533173862616575 ], [ -109.535519260959845, 23.533016227862959 ], [ -109.535050138509675, 23.532869375979104 ], [ -109.534706762487943, 23.532802166852321 ], [ -109.534151857892653, 23.532626970329051 ], [ -109.533802318817266, 23.532427717456027 ], [ -109.53361229697957, 23.532205252983271 ], [ -109.534397652896615, 23.529892188305642 ], [ -109.535014982207443, 23.528074002955059 ], [ -109.537622460845512, 23.520394342555818 ], [ -109.537713211648537, 23.520672901388881 ], [ -109.537806666500074, 23.52085434152665 ], [ -109.537883450821084, 23.520937847070726 ], [ -109.53808922677635, 23.521031075250157 ], [ -109.538364313957018, 23.52112736475269 ], [ -109.53870052965614, 23.521245051234242 ], [ -109.538994288329789, 23.521316137883908 ], [ -109.539499436830951, 23.521491891565596 ], [ -109.540051587871176, 23.521787161556755 ], [ -109.541488660659965, 23.522690171232028 ], [ -109.541889992540376, 23.522922615472737 ], [ -109.542057582119085, 23.522999163145059 ], [ -109.542626798653671, 23.523170435514277 ], [ -109.544541328517951, 23.523630861200775 ], [ -109.545116171649497, 23.523792017595706 ], [ -109.545884236364685, 23.524083666796376 ], [ -109.545903270878611, 23.524092976019514 ], [ -109.545906158798957, 23.524094031309694 ], [ -109.546406629032077, 23.524339152452878 ], [ -109.548076408817607, 23.525239761598169 ], [ -109.548537826215664, 23.525530230563511 ], [ -109.549021315417562, 23.525985152686687 ], [ -109.549250596148298, 23.526344573307131 ], [ -109.549837087933597, 23.527566947110866 ] ] ] ] } },
{ "type": "Feature", "properties": { "fid": 42.0, "cat": 47, "CLAVE_ACUI": "0320", "NOM_ACUIF": "SANTIAGO", "VULNERABIL": 3 }, "geometry": null },
{ "type": "Feature", "properties": { "fid": 43.0, "cat": 37, "CLAVE_ACUI": "0320", "NOM_ACUIF": "SANTIAGO", "VULNERABIL": 3 }, "geometry": { "type": "MultiPolygon", "coordinates": [ [ [ [ -109.576100079204735, 23.55294530629563 ], [ -109.576098686694039, 23.553074548291402 ], [ -109.57609522665723, 23.553395677956839 ], [ -109.575936591465691, 23.553798922384154 ], [ -109.575201136432923, 23.555230355330497 ], [ -109.574997102207504, 23.555755099561029 ], [ -109.574780405327616, 23.556772475400429 ], [ -109.574674872473423, 23.557701125336425 ], [ -109.57439907371274, 23.561017448021879 ], [ -109.57429358791785, 23.56194101754366 ], [ -109.57407712868573, 23.562934687142704 ], [ -109.573873387191739, 23.563430645515357 ], [ -109.573139045754843, 23.56475144600445 ], [ -109.572936065947914, 23.565176291621398 ], [ -109.572723176142333, 23.565838106409753 ], [ -109.572622028044918, 23.566358710671238 ], [ -109.572362889778191, 23.568126382006447 ], [ -109.572234899748935, 23.568580700936554 ], [ -109.571896755127682, 23.568933184802248 ], [ -109.571541682045265, 23.568982413698592 ], [ -109.570222821925583, 23.568859658466042 ], [ -109.569830660822618, 23.568771385976834 ], [ -109.569319435317553, 23.568482208690718 ], [ -109.568981275190851, 23.568157371023705 ], [ -109.567914430604375, 23.566930636182786 ], [ -109.567715082950102, 23.566510557546838 ], [ -109.567851625528988, 23.565776929237053 ], [ -109.568246029698955, 23.565148966566156 ], [ -109.569950005924994, 23.5629520891857 ], [ -109.570393927742387, 23.562329655500672 ], [ -109.570761619214224, 23.561621855051349 ], [ -109.570842974105503, 23.561233146457134 ], [ -109.570854940844185, 23.560126974050114 ], [ -109.570948138555693, 23.559662176114532 ], [ -109.571371090523826, 23.558599290602761 ], [ -109.571882103287351, 23.557545678879585 ], [ -109.573843809395385, 23.553691691138752 ], [ -109.574386963636556, 23.552719641859628 ], [ -109.574819036239177, 23.552235950871388 ], [ -109.574995464491522, 23.552037089260327 ], [ -109.574899050425557, 23.551946421333351 ], [ -109.574884036821388, 23.551924023323352 ], [ -109.575235588427617, 23.55203486257777 ], [ -109.57594837755363, 23.552705162720937 ], [ -109.576100079204735, 23.55294530629563 ] ] ] ] } },
{ "type": "Feature", "properties": { "fid": 44.0, "cat": 7, "CLAVE_ACUI": "0320", "NOM_ACUIF": "SANTIAGO", "VULNERABIL": 2 }, "geometry": { "type": "MultiPolygon", "coordinates": [ [ [ [ -109.591524587766557, 23.561864414655968 ], [ -109.590825828125958, 23.559866762094899 ], [ -109.590678480547069, 23.559215199406918 ], [ -109.590689605856738, 23.558172227597449 ], [ -109.590852843638459, 23.557333830357528 ], [ -109.591603473221241, 23.554464278029176 ], [ -109.591832168115999, 23.553687430680444 ], [ -109.592148800858851, 23.552931698613524 ], [ -109.59237244005358, 23.552628928858304 ], [ -109.593099454824582, 23.551971733633753 ], [ -109.593106283498074, 23.55196447302524 ], [ -109.593288950233571, 23.551770251620617 ], [ -109.59344625133356, 23.551487199635414 ], [ -109.59348147217014, 23.551284321878274 ], [ -109.593488535241576, 23.550620611083513 ], [ -109.593457747109454, 23.550406976468754 ], [ -109.593307006683048, 23.550073725688485 ], [ -109.593122451889158, 23.549811287602299 ], [ -109.592411941898902, 23.548919825635746 ], [ -109.592216966192368, 23.548601413267619 ], [ -109.592017584832661, 23.548006952472615 ], [ -109.591927729765615, 23.54747613526931 ], [ -109.591707789370162, 23.545593448970646 ], [ -109.591744330472679, 23.545094255426363 ], [ -109.592134791494757, 23.544647371439176 ], [ -109.592656051320219, 23.544508157800369 ], [ -109.594698134873539, 23.544305362359363 ], [ -109.595360964407462, 23.544324895817201 ], [ -109.596412091303847, 23.544618859677392 ], [ -109.597250875798608, 23.545019273328368 ], [ -109.600114116065868, 23.546593880469146 ], [ -109.600930994210174, 23.546983918065667 ], [ -109.601879811691532, 23.547229513182607 ], [ -109.602418382660645, 23.547190327623309 ], [ -109.603982888374162, 23.546761860116487 ], [ -109.604255942083142, 23.546817543577284 ], [ -109.604382430284957, 23.546843337962681 ], [ -109.604682461241893, 23.547652044987558 ], [ -109.604711534506336, 23.548725863636921 ], [ -109.604547165828166, 23.552928308860494 ], [ -109.604526433097575, 23.554021999580186 ], [ -109.604594060260993, 23.554923446072973 ], [ -109.60471140423023, 23.555117536134862 ], [ -109.6051913819731, 23.555121842418092 ], [ -109.605333072055799, 23.555097713739112 ], [ -109.605514314438551, 23.554980807714319 ], [ -109.605631541864867, 23.554837927810851 ], [ -109.605997359098794, 23.554288060458134 ], [ -109.606093724432498, 23.554033234773055 ], [ -109.606177613390273, 23.553393916146849 ], [ -109.606201089406937, 23.552735429523011 ], [ -109.606226753697584, 23.550301810174915 ], [ -109.606255952024242, 23.549623054837511 ], [ -109.606366547802125, 23.548889149631993 ], [ -109.606495343207371, 23.548519468892863 ], [ -109.606985788868499, 23.547528196214248 ], [ -109.607162455017743, 23.547321501274304 ], [ -109.607496456159126, 23.547348198360169 ], [ -109.607796935925478, 23.547593031736522 ], [ -109.608865184470432, 23.548708886807106 ], [ -109.609165295747573, 23.548989273946457 ], [ -109.609497556215643, 23.549181895818752 ], [ -109.609672101665751, 23.549176683065063 ], [ -109.610154385105929, 23.548959734457654 ], [ -109.610301595367659, 23.548933956961328 ], [ -109.610506294260446, 23.549030611387483 ], [ -109.610651511333785, 23.549194466652644 ], [ -109.611124494766074, 23.549862469516139 ], [ -109.611265004271473, 23.549950083186438 ], [ -109.611389339313874, 23.549773752160721 ], [ -109.611447728581311, 23.549690944731896 ], [ -109.611568252862213, 23.549233133235479 ], [ -109.611947968222481, 23.547355817056772 ], [ -109.612085497042131, 23.546852437192417 ], [ -109.612328868285275, 23.546414347374654 ], [ -109.612347589080841, 23.546380648137973 ], [ -109.612366000152278, 23.546367388722448 ], [ -109.612570851840218, 23.54610832314016 ], [ -109.612751109572798, 23.545908426694361 ], [ -109.61298425293991, 23.545744561209712 ], [ -109.613137057567727, 23.545710364178831 ], [ -109.613617002878584, 23.54571464285165 ], [ -109.613769061682106, 23.545751557724785 ], [ -109.613998724410934, 23.54591954916711 ], [ -109.614174755595798, 23.546122622039775 ], [ -109.61476657553149, 23.546902302980861 ], [ -109.614930844807972, 23.547176389504234 ], [ -109.615105611413526, 23.547675780119018 ], [ -109.61519100857187, 23.548115108850229 ], [ -109.615414763880409, 23.549665918854018 ], [ -109.615505832377153, 23.550090058063024 ], [ -109.615707061554119, 23.550518564460678 ], [ -109.615903463349042, 23.550706577097053 ], [ -109.616618778137493, 23.551155461262645 ], [ -109.616804322029338, 23.551328136415183 ], [ -109.616954876192267, 23.551685071427766 ], [ -109.616984409351886, 23.552022303597262 ], [ -109.616971675615247, 23.553239118664436 ], [ -109.617028758508297, 23.553576595803495 ], [ -109.617261360065712, 23.553874994248769 ], [ -109.617512367799719, 23.553877226077798 ], [ -109.617688100998365, 23.553934667728377 ], [ -109.618148208554302, 23.554199527595099 ], [ -109.618401739583675, 23.554368488162407 ], [ -109.618964855975108, 23.554562943230351 ], [ -109.619361463785964, 23.554752729825715 ], [ -109.619896984481059, 23.555184199167119 ], [ -109.620265407230178, 23.555610797497046 ], [ -109.620325804524441, 23.555690354784662 ], [ -109.620416989838446, 23.555753252071071 ], [ -109.620898195291488, 23.556109730397573 ], [ -109.621356585906511, 23.556540510901353 ], [ -109.621530222520761, 23.556799434325875 ], [ -109.621882136680895, 23.557576963474538 ], [ -109.621969152304573, 23.557721155849201 ], [ -109.622167337623353, 23.557882594594101 ], [ -109.622378116943366, 23.557926795238288 ], [ -109.62297925926957, 23.557821490544566 ], [ -109.62314627557123, 23.557834822867399 ], [ -109.623324543433995, 23.558002346393941 ], [ -109.623412195709889, 23.558228333510463 ], [ -109.623642973221266, 23.559115416461502 ], [ -109.623730309206849, 23.559371880302912 ], [ -109.623907098419721, 23.559681628685606 ], [ -109.624072318576822, 23.559867662434506 ], [ -109.624666559325689, 23.560426070392104 ], [ -109.62485424535123, 23.560571662524069 ], [ -109.625135870000307, 23.560692685479793 ], [ -109.625350504636202, 23.560719983214522 ], [ -109.626070508114793, 23.560726347960646 ], [ -109.626394397080063, 23.560846048879789 ], [ -109.626633903799672, 23.561013160295268 ], [ -109.627185879362159, 23.561398288163474 ], [ -109.627992685833149, 23.562067497775416 ], [ -109.628376113134578, 23.562398974377512 ], [ -109.628501946535124, 23.562438876947379 ], [ -109.628770563195218, 23.562575018659739 ], [ -109.629306392691717, 23.562982753799098 ], [ -109.629803249113607, 23.563429089993544 ], [ -109.631586108327582, 23.565104246783253 ], [ -109.632071328253772, 23.565611433230043 ], [ -109.6325528042493, 23.566303157079531 ], [ -109.632755405211043, 23.566784148537604 ], [ -109.633219403444699, 23.568337051575973 ], [ -109.633367429400451, 23.568766762832222 ], [ -109.633594213796599, 23.569219179533281 ], [ -109.63377016527248, 23.569435777799868 ], [ -109.634364489910098, 23.569994151920007 ], [ -109.634552095245212, 23.570149892286338 ], [ -109.63483325956723, 23.570318307513819 ], [ -109.63504731741611, 23.570403160266679 ], [ -109.635765090876163, 23.570630722895892 ], [ -109.636040239488509, 23.570670390934879 ], [ -109.636606491133563, 23.570627946505098 ], [ -109.63714027267207, 23.570527642382491 ], [ -109.639064994900664, 23.57010198733126 ], [ -109.639609480206445, 23.570032248078341 ], [ -109.640225696844411, 23.570132466662791 ], [ -109.640302845852204, 23.570181378416677 ], [ -109.640350012319473, 23.570191127204911 ], [ -109.640810154145285, 23.570462696869026 ], [ -109.642238902238532, 23.571581489374214 ], [ -109.642786598152483, 23.571914777980457 ], [ -109.643913754248075, 23.572351334927312 ], [ -109.644976283205565, 23.572641694644268 ], [ -109.648807626096783, 23.573560098540124 ], [ -109.649870696657345, 23.573799630432113 ], [ -109.650602445218226, 23.573928839915418 ], [ -109.651243174413921, 23.573963947932594 ], [ -109.651926899244074, 23.573932627497843 ], [ -109.654089405798175, 23.573730110490541 ], [ -109.654635500260582, 23.573660722760991 ], [ -109.654663326717341, 23.573657187028385 ], [ -109.655179120238813, 23.573519411937848 ], [ -109.655342047393958, 23.573395515510718 ], [ -109.655381139482301, 23.573325110269177 ], [ -109.655586580172809, 23.572955108051964 ], [ -109.655677814065513, 23.572835670973042 ], [ -109.655859040287325, 23.572718705552187 ], [ -109.656026701044581, 23.572671049067473 ], [ -109.656556536387384, 23.572578130158085 ], [ -109.656693064608078, 23.572419424434383 ], [ -109.65682547348284, 23.572044649819173 ], [ -109.657078999084277, 23.570719270501037 ], [ -109.657255490550753, 23.570344876237243 ], [ -109.65728385498528, 23.570323890708945 ], [ -109.657287010560069, 23.57031636194781 ], [ -109.657831155432831, 23.569918049510061 ], [ -109.658463533004181, 23.569694909676286 ], [ -109.660870472311345, 23.56905188083196 ], [ -109.661580299180329, 23.568798915238787 ], [ -109.662485894010402, 23.568261457868438 ], [ -109.6630697723661, 23.567746628017517 ], [ -109.664888916204148, 23.565881534901717 ], [ -109.665397269871917, 23.565203486589283 ], [ -109.665950467557181, 23.563904367233558 ], [ -109.666232396088944, 23.562726531639711 ], [ -109.666994838218329, 23.558529081571368 ], [ -109.667237711088859, 23.557396627881221 ], [ -109.667608705340214, 23.556309298208916 ], [ -109.667895826628055, 23.555888423874997 ], [ -109.668864727887907, 23.555011670039054 ], [ -109.669128676517019, 23.554702355085627 ], [ -109.669391541893887, 23.554135642861105 ], [ -109.66950311549445, 23.55363536923387 ], [ -109.669760923413776, 23.551867470867702 ], [ -109.669861371133621, 23.551377261591846 ], [ -109.670072323115434, 23.550857517117201 ], [ -109.670273235420353, 23.550605234138843 ], [ -109.670999870872251, 23.549947655994355 ], [ -109.671178025573951, 23.549766297531626 ], [ -109.671282782928671, 23.549577538422849 ], [ -109.67125428203849, 23.549489241207894 ], [ -109.671016521205146, 23.549265946498153 ], [ -109.671005622600958, 23.54907111919826 ], [ -109.671192521508374, 23.548385219818915 ], [ -109.671470415542601, 23.547600190251494 ], [ -109.672580324472264, 23.544622611685917 ], [ -109.672896666765126, 23.543848066771034 ], [ -109.67326305192536, 23.543211108603412 ], [ -109.673470119977097, 23.543075713779331 ], [ -109.674070054709404, 23.543080828682346 ], [ -109.674112765553488, 23.54310457675199 ], [ -109.674206026226315, 23.543075214248603 ], [ -109.674413619383671, 23.542887328949607 ], [ -109.674511189873883, 23.542681572458996 ], [ -109.674758924138601, 23.541909260624738 ], [ -109.674856646015229, 23.541688265040897 ], [ -109.67506494856201, 23.541429264317848 ], [ -109.675264801664881, 23.54128025870077 ], [ -109.675863012008051, 23.540919883510117 ], [ -109.676666482609249, 23.539475793816795 ], [ -109.678363388698557, 23.536795540253991 ], [ -109.680950909995019, 23.532708306745882 ], [ -109.681055402594808, 23.532543244293603 ], [ -109.682225037301777, 23.530724336330376 ], [ -109.682884192198216, 23.529765724016539 ], [ -109.683123633408783, 23.529378956237387 ], [ -109.683248697748269, 23.529235614207714 ], [ -109.683294684063327, 23.529168734744157 ], [ -109.683653142354558, 23.528765362977847 ], [ -109.684256314817574, 23.528438566812827 ], [ -109.684468251423937, 23.528364157645861 ], [ -109.684854118175835, 23.528343711956339 ], [ -109.685193420207654, 23.528388912630149 ], [ -109.68639096580489, 23.528620289895262 ], [ -109.686779396800475, 23.528711622334548 ], [ -109.687394527526109, 23.528906467175712 ], [ -109.687884855449298, 23.529093484049802 ], [ -109.689557931404849, 23.52977137555828 ], [ -109.690053322341939, 23.53000414897944 ], [ -109.690692062322782, 23.530412542431925 ], [ -109.691109157426609, 23.530763188629301 ], [ -109.69241687355516, 23.531991139464733 ], [ -109.692810937570314, 23.532443189098487 ], [ -109.693342176286535, 23.533324808383323 ], [ -109.693707026063208, 23.534132215010867 ], [ -109.694878444792323, 23.537018489682591 ], [ -109.695192475377027, 23.537952468421445 ], [ -109.695486506854365, 23.539424765481005 ], [ -109.695592518869006, 23.5405940685839 ], [ -109.695793210197905, 23.544578518626142 ], [ -109.695778112084298, 23.54573664545881 ], [ -109.695506955339454, 23.54715678774242 ], [ -109.695134682965772, 23.548027434731246 ], [ -109.693668535798153, 23.55067030182072 ], [ -109.693292387703806, 23.551373268973755 ], [ -109.693003212168108, 23.552010925339371 ], [ -109.692966255769036, 23.552218896812363 ], [ -109.693082970217461, 23.552551774374454 ], [ -109.693310797544939, 23.552731490680049 ], [ -109.694257281479366, 23.55323728593407 ], [ -109.69538158164238, 23.5537801279471 ], [ -109.699681910195594, 23.555807529760671 ], [ -109.7009111998496, 23.5563258108483 ], [ -109.702347478983526, 23.55671711526216 ], [ -109.703170008747833, 23.556757844728839 ], [ -109.705572193015144, 23.556556596263036 ], [ -109.706262776304229, 23.556565730464332 ], [ -109.70708331929967, 23.556809625386482 ], [ -109.707564942203817, 23.557148913918567 ], [ -109.708991988355251, 23.558488360714303 ], [ -109.709385456928473, 23.558826911912721 ], [ -109.709794580820287, 23.559067377410308 ], [ -109.709985573252098, 23.559072348935931 ], [ -109.710467745523601, 23.558855083555848 ], [ -109.710702423917851, 23.558901057083016 ], [ -109.711315420878364, 23.559332865168578 ], [ -109.711956456991857, 23.559903758554871 ], [ -109.71433500820342, 23.562136100639108 ], [ -109.715020056278263, 23.562717506263063 ], [ -109.715838351003697, 23.563198408293516 ], [ -109.716322290966659, 23.563304006695518 ], [ -109.717762379610264, 23.563315891588385 ], [ -109.718224871125486, 23.563360346276873 ], [ -109.718943077032364, 23.563555922730064 ], [ -109.719506595406628, 23.563790862464803 ], [ -109.721418156900555, 23.564691659754175 ], [ -109.722003727366271, 23.564926772104581 ], [ -109.722824813280909, 23.565123176860212 ], [ -109.723412221282757, 23.565168642663945 ], [ -109.725332372115119, 23.565184399839275 ], [ -109.725886521880582, 23.565249903953738 ], [ -109.726552404118138, 23.565539845376382 ], [ -109.726949515927316, 23.565888544155722 ], [ -109.728136834752107, 23.567225860353037 ], [ -109.728500695700788, 23.567594603695152 ], [ -109.729011381990972, 23.567978093821399 ], [ -109.729377072035561, 23.568157193482318 ], [ -109.730572942679046, 23.568609497337569 ], [ -109.730900305198901, 23.568762880037063 ], [ -109.731232121913862, 23.569026367100648 ], [ -109.731378783014819, 23.569249394948031 ], [ -109.731731386365809, 23.570026704483212 ], [ -109.731905164661683, 23.570295673987061 ], [ -109.732363526289916, 23.570773555141528 ], [ -109.732844552304456, 23.571187271974502 ], [ -109.73463100075368, 23.572640058521628 ], [ -109.735194754226285, 23.573049361938402 ], [ -109.736039134946765, 23.573506666958512 ], [ -109.736681638754931, 23.573750655878399 ], [ -109.738835619802643, 23.574431950880086 ], [ -109.739516274761982, 23.574721958897459 ], [ -109.740538675640067, 23.575394048382812 ], [ -109.741318597474475, 23.576064167548537 ], [ -109.743935884472862, 23.578519279980842 ], [ -109.744672041822753, 23.579158548861585 ], [ -109.745490100757138, 23.57968671344786 ], [ -109.745922593637815, 23.579801967157582 ], [ -109.747122831159857, 23.579811650058193 ], [ -109.747434945147873, 23.579834486944257 ], [ -109.747665418114138, 23.579921619579181 ], [ -109.747691239420178, 23.579931381556925 ], [ -109.747745260065471, 23.580046966061328 ], [ -109.747741061836464, 23.580489466034592 ], [ -109.747838498700972, 23.58067652193391 ], [ -109.7482974041761, 23.581106948746559 ], [ -109.74885554943846, 23.581534786746062 ], [ -109.751001351300744, 23.583100921152688 ], [ -109.751658624122726, 23.583539706700243 ], [ -109.752580068362192, 23.584021251892175 ], [ -109.753239142896007, 23.5842703879804 ], [ -109.753583527743132, 23.584379269335532 ], [ -109.754755906203627, 23.584749923712394 ], [ -109.755393389919462, 23.584951463425138 ], [ -109.755991991643398, 23.585184863287569 ], [ -109.756631207473546, 23.585593003298555 ], [ -109.756945770745958, 23.585942661990767 ], [ -109.757774523536412, 23.587166261646612 ], [ -109.757989788330548, 23.587525284495491 ], [ -109.758165596144437, 23.587977127101187 ], [ -109.758201484509371, 23.588263593904205 ], [ -109.758193154794483, 23.589148596421946 ], [ -109.758168844799059, 23.589388860876323 ], [ -109.75806372787612, 23.589625092484845 ], [ -109.757937870775933, 23.589722301675124 ], [ -109.757455653873023, 23.589939712058207 ], [ -109.757329891731985, 23.590026761257672 ], [ -109.757225219386171, 23.59021558137227 ], [ -109.757201449677368, 23.590398275277987 ], [ -109.757195196764485, 23.591062026741291 ], [ -109.757115447405212, 23.591335714698808 ], [ -109.756749534653622, 23.591949173099881 ], [ -109.756306548309922, 23.592551853083236 ], [ -109.754605158590735, 23.594750888768491 ], [ -109.754151032819024, 23.595363632615694 ], [ -109.753733201325772, 23.596024080537763 ], [ -109.753590427977571, 23.596354834893841 ], [ -109.753341984265901, 23.597237907737284 ], [ -109.753255193378635, 23.597477669211248 ], [ -109.753098614789053, 23.597713483518149 ], [ -109.752961722092223, 23.597810599573343 ], [ -109.75247946751368, 23.598027992684496 ], [ -109.752353694308923, 23.598115037300047 ], [ -109.752249008008263, 23.598303853295526 ], [ -109.752225229427637, 23.598486545900734 ], [ -109.752218949067299, 23.599150295414137 ], [ -109.75218404985624, 23.599343058826062 ], [ -109.752027467022998, 23.599578871822526 ], [ -109.751838676222874, 23.599722983921911 ], [ -109.751114232814871, 23.600159691979897 ], [ -109.75091431965248, 23.600313873619843 ], [ -109.750705837271823, 23.600596681873075 ], [ -109.75060791852313, 23.600846512189147 ], [ -109.750359445107904, 23.60172957855675 ], [ -109.750266988847358, 23.601984532633846 ], [ -109.750084001369544, 23.602291252185935 ], [ -109.749915046867883, 23.602474468787339 ], [ -109.749309577481057, 23.603022758615392 ], [ -109.749118957393762, 23.603165158972484 ], [ -109.748834869137283, 23.60328140540113 ], [ -109.748619649151664, 23.603305071330169 ], [ -109.747899377906734, 23.603299264205688 ], [ -109.747662687668637, 23.603261794530159 ], [ -109.74727840494991, 23.603092744642051 ], [ -109.746966120581291, 23.602888714275927 ], [ -109.745893083450468, 23.60210561878834 ], [ -109.745597678558028, 23.601866161498805 ], [ -109.745292152633041, 23.601531793522916 ], [ -109.745151091421164, 23.601293582624052 ], [ -109.744798333167822, 23.600516299646884 ], [ -109.744585954499456, 23.600241951095338 ], [ -109.743947612868908, 23.59973893977013 ], [ -109.743248078260649, 23.599294698407469 ], [ -109.740621960835568, 23.597724559319762 ], [ -109.739922642669427, 23.597259985022706 ], [ -109.73928524006449, 23.596662134795967 ], [ -109.739073979851042, 23.596272639646934 ], [ -109.738725501546668, 23.59505284689001 ], [ -109.738492586435939, 23.594622534455965 ], [ -109.73775412928758, 23.593834200991168 ], [ -109.736932111771395, 23.593138319587577 ], [ -109.733834552479749, 23.590679173480765 ], [ -109.733029061807599, 23.589988487345366 ], [ -109.732367598610296, 23.589224464897331 ], [ -109.732228135336172, 23.588823693594197 ], [ -109.732238764924247, 23.587717451417582 ], [ -109.732181635411095, 23.587352912583569 ], [ -109.731904403272864, 23.58675797337105 ], [ -109.731565488723206, 23.586272598502255 ], [ -109.73026113791714, 23.584602449255652 ], [ -109.729623736820614, 23.584206071967511 ], [ -109.72795353274627, 23.584026455747143 ], [ -109.726204922400356, 23.584166223662582 ], [ -109.719714900098111, 23.58499793408188 ], [ -109.71947100562376, 23.585025231596354 ], [ -109.718923914328485, 23.585221709505941 ], [ -109.718423188945692, 23.585322567420086 ], [ -109.717291040907469, 23.585360637149435 ], [ -109.71617441355167, 23.585314159169293 ], [ -109.716115413524761, 23.585310470936403 ], [ -109.715823964913611, 23.585328196083566 ], [ -109.714714489590222, 23.585302086992762 ], [ -109.711595943109188, 23.585054988982755 ], [ -109.710740693323544, 23.58495983911018 ], [ -109.709868066828804, 23.584762939185207 ], [ -109.709476707054748, 23.584576806608158 ], [ -109.708522992184214, 23.583905087419065 ], [ -109.708263512214288, 23.583760688624746 ], [ -109.708006314604205, 23.58375854984688 ], [ -109.707898368722041, 23.583899893519266 ], [ -109.707651817270133, 23.584561636023135 ], [ -109.707511199846891, 23.584662067171262 ], [ -109.707101539003489, 23.584469003068541 ], [ -109.706656928994519, 23.584092765174297 ], [ -109.704991766305966, 23.582530043090909 ], [ -109.70443784039162, 23.582061447094972 ], [ -109.70351799691268, 23.581437394731445 ], [ -109.702757861602109, 23.581014485907609 ], [ -109.700130435199611, 23.579664941179729 ], [ -109.699348577166191, 23.579211354335477 ], [ -109.698327306430897, 23.578444182336092 ], [ -109.697650207192638, 23.5778018100415 ], [ -109.695511717830811, 23.575571232158655 ], [ -109.694933242021634, 23.574990637154826 ], [ -109.694372136462462, 23.574511786855624 ], [ -109.694149028901194, 23.574408311418193 ], [ -109.693668963424869, 23.574404276581049 ], [ -109.693511284317694, 23.574372470775923 ], [ -109.69325551424383, 23.574228079180202 ], [ -109.69304780792865, 23.574053611191871 ], [ -109.692334285909709, 23.573383817255678 ], [ -109.691961355744866, 23.573197797439072 ], [ -109.690934534681119, 23.572999496686105 ], [ -109.689840578400464, 23.57290222395018 ], [ -109.685762281059354, 23.572646524733472 ], [ -109.684634762229294, 23.572599731997702 ], [ -109.683451291919454, 23.572637124196639 ], [ -109.682888137194865, 23.572737339515907 ], [ -109.681443546909236, 23.573167615873427 ], [ -109.680978874143904, 23.573339779975555 ], [ -109.680254994446841, 23.573712942350248 ], [ -109.679685551739624, 23.574073866678823 ], [ -109.677752011577951, 23.575385004219616 ], [ -109.677226846437705, 23.57572597564814 ], [ -109.676709637618032, 23.57600605278477 ], [ -109.676495935131413, 23.576065192918918 ], [ -109.676015867042494, 23.576061103286374 ], [ -109.675835230127817, 23.576120524225281 ], [ -109.675472324950945, 23.576401911909599 ], [ -109.675134524531117, 23.576744472858095 ], [ -109.673921013854724, 23.578061696947071 ], [ -109.6734999774404, 23.578459423644958 ], [ -109.67274866266375, 23.578998261633124 ], [ -109.67209639136405, 23.579370302090013 ], [ -109.669803752567802, 23.580567633503311 ], [ -109.669289398611099, 23.580925602261221 ], [ -109.669181742941632, 23.58139881342991 ], [ -109.66954230690466, 23.581716861540446 ], [ -109.671332611996888, 23.582727863116411 ], [ -109.671998093608835, 23.582870713217272 ], [ -109.673313348459601, 23.582526350341464 ], [ -109.674526791366546, 23.581891547097563 ], [ -109.67887417141381, 23.579273422683674 ], [ -109.680071686137893, 23.578572398140725 ], [ -109.681312803394334, 23.577919147397722 ], [ -109.681888322245882, 23.577686963082488 ], [ -109.683332961541666, 23.577256684981258 ], [ -109.683786015808039, 23.57714537615902 ], [ -109.684455634631192, 23.5770562197389 ], [ -109.684959179247031, 23.577040162008075 ], [ -109.686639436556476, 23.577054373104026 ], [ -109.68713135294756, 23.577099170359176 ], [ -109.687746705835778, 23.577294022711605 ], [ -109.688133865836065, 23.577527586497467 ], [ -109.689325268354281, 23.5784226947411 ], [ -109.689810928921929, 23.578728205814709 ], [ -109.690885937893214, 23.579258816781721 ], [ -109.691936008847946, 23.579711316807337 ], [ -109.695761383624614, 23.581292322013404 ], [ -109.696855077429163, 23.581795956417192 ], [ -109.698133558275487, 23.582565293985912 ], [ -109.698866263982438, 23.583160716783468 ], [ -109.701007106748918, 23.585170008495375 ], [ -109.701673902538772, 23.585744547504166 ], [ -109.702644739987235, 23.586416450856742 ], [ -109.703364853558639, 23.586801773334642 ], [ -109.705754565651716, 23.587928023667079 ], [ -109.706398730474717, 23.588190778651178 ], [ -109.707015095901383, 23.588290738118307 ], [ -109.707251450486254, 23.588170784232474 ], [ -109.70773806946967, 23.587511040337393 ], [ -109.707897758060057, 23.587339647068049 ], [ -109.708156355184883, 23.587199556517209 ], [ -109.70836609134831, 23.587170820342127 ], [ -109.709086263455092, 23.587176806994151 ], [ -109.709526887185305, 23.587210948478418 ], [ -109.710862961248623, 23.587364283880717 ], [ -109.712331018598064, 23.587549182378488 ], [ -109.717845918602237, 23.588258596156223 ], [ -109.719325219437181, 23.588423201734095 ], [ -109.720686502692743, 23.588480905192903 ], [ -109.720713682472578, 23.588482057195286 ], [ -109.721217896063138, 23.588401541277335 ], [ -109.722182424929372, 23.587966948551536 ], [ -109.722466861223793, 23.58781349938727 ], [ -109.7228297045163, 23.587531999270652 ], [ -109.723063615575498, 23.587283305542332 ], [ -109.723792352186024, 23.586404233097671 ], [ -109.724026062914746, 23.586175856393375 ], [ -109.724387981739923, 23.585989172733452 ], [ -109.724671298476068, 23.585950858383775 ], [ -109.725631525276853, 23.585958738685271 ], [ -109.725903230118419, 23.585981287709309 ], [ -109.726210959284032, 23.58607863942926 ], [ -109.726237146814157, 23.586096813082648 ], [ -109.726615585218241, 23.586225892276847 ], [ -109.727188121630377, 23.58648966839181 ], [ -109.728499620116594, 23.587143401618963 ], [ -109.729219025653364, 23.587501991203172 ], [ -109.729473430923875, 23.587646523196089 ], [ -109.729736163828136, 23.587795785505175 ], [ -109.730118553044207, 23.588154517629615 ], [ -109.730147683240688, 23.588373199173471 ], [ -109.730024457992087, 23.588704090211735 ], [ -109.730791060899051, 23.590888016613651 ], [ -109.73110250306577, 23.59155605159145 ], [ -109.731738020093488, 23.592343574525138 ], [ -109.732334460376023, 23.592800570954356 ], [ -109.734482353884445, 23.594145682417892 ], [ -109.735040667270084, 23.594556637529426 ], [ -109.7354982115111, 23.595129332881907 ], [ -109.735593530215255, 23.595536515539838 ], [ -109.735580803650208, 23.596864006522864 ], [ -109.735681489504231, 23.597286473037318 ], [ -109.736164086765427, 23.597930491777024 ], [ -109.736752828869385, 23.598428050322291 ], [ -109.739017727307669, 23.600105953502233 ], [ -109.73970590290908, 23.600583988577206 ], [ -109.740652460176392, 23.601136931205815 ], [ -109.741316507704653, 23.601448814297061 ], [ -109.743468852591207, 23.602351311997793 ], [ -109.744088912177659, 23.602652667435937 ], [ -109.744830163569304, 23.603156510510605 ], [ -109.745269034420858, 23.603574931933235 ], [ -109.746575860805962, 23.605023718087825 ], [ -109.746871035553099, 23.605481615770699 ], [ -109.746941674367747, 23.606169691532074 ], [ -109.746747409119052, 23.606694759356039 ], [ -109.745770182407938, 23.608456995496084 ], [ -109.74549375287323, 23.608925516469352 ], [ -109.745180990241366, 23.609349715736982 ], [ -109.745010617436705, 23.609487194056623 ], [ -109.744528307293649, 23.609704559774293 ], [ -109.744391395764538, 23.609801667327748 ], [ -109.744234786021423, 23.610037471032982 ], [ -109.744147969230468, 23.610277225967696 ], [ -109.743899432106943, 23.611160278351893 ], [ -109.743801491820307, 23.611410103160345 ], [ -109.743592975910076, 23.611692900070199 ], [ -109.743393036263754, 23.611847070681456 ], [ -109.742668498187797, 23.612283734630765 ], [ -109.742468556588236, 23.612437903955108 ], [ -109.742260036169654, 23.612720698846111 ], [ -109.742162091518082, 23.612970522388999 ], [ -109.741913535258277, 23.613853570510077 ], [ -109.741793150131798, 23.614143852454937 ], [ -109.74147990993221, 23.614615453338406 ], [ -109.741152807896839, 23.614998886378096 ], [ -109.739939558475896, 23.616316633617732 ], [ -109.739601227638175, 23.61672029212723 ], [ -109.739235612710772, 23.617286290491197 ], [ -109.739051637287901, 23.617691201548862 ], [ -109.738558695824182, 23.619014787408123 ], [ -109.738397156563167, 23.619379239267293 ], [ -109.738136253588763, 23.619756429776402 ], [ -109.737925074637857, 23.619930821423406 ], [ -109.737200473910463, 23.62036745672221 ], [ -109.737000416119145, 23.620531777389459 ], [ -109.73679141602517, 23.620861973858833 ], [ -109.736692902256792, 23.621169362593889 ], [ -109.736442169260783, 23.622273646646288 ], [ -109.736354777048447, 23.622570965485682 ], [ -109.736197682120121, 23.622854169678575 ], [ -109.736060653180076, 23.622961428211013 ], [ -109.735578279213826, 23.623178763000652 ], [ -109.735452373155908, 23.623275951477325 ], [ -109.735347186210404, 23.623512163810506 ], [ -109.735322825265769, 23.623752421606081 ], [ -109.735314327791414, 23.624637412313263 ], [ -109.735267328527485, 23.624938446277437 ], [ -109.735056495290237, 23.625458280561503 ], [ -109.734802302931939, 23.625899866595752 ], [ -109.733826892002682, 23.627440762876684 ], [ -109.733560834452106, 23.627968610651802 ], [ -109.733294655256671, 23.628891008048491 ], [ -109.733180457333745, 23.629680871147464 ], [ -109.732913706772152, 23.632444500832367 ], [ -109.732761396855551, 23.633183251198918 ], [ -109.732317373501331, 23.633867123449896 ], [ -109.732090764202766, 23.633979114095318 ], [ -109.731835364528223, 23.634105332346444 ], [ -109.730030009024034, 23.634533089458902 ], [ -109.729372785650767, 23.634642854439431 ], [ -109.728111104598554, 23.634727340708942 ], [ -109.726965927487356, 23.634738265612356 ], [ -109.722883453934358, 23.634704703296478 ], [ -109.721643660548395, 23.634806250442239 ], [ -109.719940419592007, 23.635313752918886 ], [ -109.718747003471265, 23.635937209543279 ], [ -109.714880892602466, 23.638339120352502 ], [ -109.713836643645095, 23.638928213022961 ], [ -109.712829673714523, 23.639275459917133 ], [ -109.712435402470177, 23.639182439767154 ], [ -109.711602448979463, 23.638401100458434 ], [ -109.71137518268003, 23.638146904381863 ], [ -109.711147554928203, 23.637741997656729 ], [ -109.711049638363562, 23.637417755766165 ], [ -109.710820323389399, 23.63630953364973 ], [ -109.710711480893195, 23.635975040687793 ], [ -109.71043286328505, 23.635522295577012 ], [ -109.710143681347972, 23.635210009447686 ], [ -109.709072792036224, 23.63420541542299 ], [ -109.708739109816221, 23.633933396625935 ], [ -109.708252806736724, 23.633668572852134 ], [ -109.707891769621284, 23.633562271845285 ], [ -109.706693234443705, 23.633331019616396 ], [ -109.706272200725152, 23.63315817438777 ], [ -109.705505913155775, 23.632582818920163 ], [ -109.704832255002032, 23.631933726415134 ], [ -109.702454853935521, 23.629479965444236 ], [ -109.701819669104935, 23.628846422546982 ], [ -109.701232823507837, 23.628343668973585 ], [ -109.701029652540072, 23.628258994288796 ], [ -109.700668363888681, 23.628366600053361 ], [ -109.700552803351584, 23.628343618703887 ], [ -109.700541221939218, 23.628329639062173 ], [ -109.700536414051868, 23.628328241375645 ], [ -109.700281937799289, 23.628041628745866 ], [ -109.700050351141442, 23.627670540642512 ], [ -109.69922409964316, 23.62622540667325 ], [ -109.699026251205211, 23.625934550417011 ], [ -109.698954178057846, 23.625828595582171 ], [ -109.698520786463959, 23.625421946130118 ], [ -109.698171576703416, 23.625237829152383 ], [ -109.696975326358753, 23.624785261320788 ], [ -109.696642307898017, 23.62463683708086 ], [ -109.696284467662323, 23.624396763385707 ], [ -109.696106285567865, 23.62420222562767 ], [ -109.695632611413913, 23.623534456139204 ], [ -109.695465256196385, 23.623360328760405 ], [ -109.695157936904252, 23.623215504244687 ], [ -109.694886264323216, 23.623182739198793 ], [ -109.693925778072114, 23.623174656912322 ], [ -109.693577226393529, 23.623110762363975 ], [ -109.69291113973695, 23.622820672035129 ], [ -109.692308141519334, 23.622470150596612 ], [ -109.690160261800003, 23.621124458862209 ], [ -109.689502150157054, 23.620773461730018 ], [ -109.688578817693468, 23.620481180627397 ], [ -109.687917880587094, 23.620414633212398 ], [ -109.685756838566746, 23.620396344682447 ], [ -109.685139905383792, 23.620340318184365 ], [ -109.684421926262445, 23.62009716603486 ], [ -109.684013175988227, 23.619805833529291 ], [ -109.682823664361408, 23.618689430849731 ], [ -109.682480973677599, 23.618408815240755 ], [ -109.682071250636056, 23.618215682870829 ], [ -109.681828621442989, 23.618220395367437 ], [ -109.681106072825088, 23.618435517904711 ], [ -109.680890956247168, 23.618445542744833 ], [ -109.680609629284163, 23.6182772046132 ], [ -109.680596117626308, 23.618259082778991 ], [ -109.680578678578698, 23.61824815483088 ], [ -109.680360949608783, 23.617968597174123 ], [ -109.679651703364755, 23.616856254876577 ], [ -109.679463248132791, 23.616612118873263 ], [ -109.679412233299587, 23.616546031066381 ], [ -109.679003946765988, 23.616210663382667 ], [ -109.678660150185692, 23.616041790166335 ], [ -109.67746405664559, 23.615589078054246 ], [ -109.677131085079111, 23.615440613772602 ], [ -109.676773306876285, 23.615200497491024 ], [ -109.676595166505493, 23.615005938936598 ], [ -109.676121625026397, 23.614338114986609 ], [ -109.675965230832617, 23.614174221194435 ], [ -109.675708930128522, 23.614077207980792 ], [ -109.675499180074624, 23.614102511345621 ], [ -109.674776645617612, 23.614317605065281 ], [ -109.67447869376619, 23.614342153855905 ], [ -109.67381078829446, 23.614241621551276 ], [ -109.673154591080049, 23.61407345337528 ], [ -109.670760258351123, 23.613389180787678 ], [ -109.670049047186907, 23.613210368612762 ], [ -109.669124379758287, 23.613060202882888 ], [ -109.668514636064572, 23.613024493262795 ], [ -109.666593832529827, 23.613008002964797 ], [ -109.66602293491718, 23.612947217438229 ], [ -109.665279550461065, 23.612680054284269 ], [ -109.664788471805963, 23.61235917868785 ], [ -109.663240171627521, 23.611128915776209 ], [ -109.662821125910142, 23.610773094831362 ], [ -109.662413863327671, 23.610342868110347 ], [ -109.662251103952372, 23.610084080214335 ], [ -109.661898823580785, 23.609306630260079 ], [ -109.661763163916305, 23.609093795258421 ], [ -109.661482364015896, 23.608878015335282 ], [ -109.661216880947549, 23.608782593020408 ], [ -109.660258761504494, 23.608553065590538 ], [ -109.659976794809182, 23.608452418967758 ], [ -109.659619068272747, 23.608212265192439 ], [ -109.659389997384494, 23.607969835152165 ], [ -109.658678731389188, 23.607078647434427 ], [ -109.658476966849605, 23.606861851931303 ], [ -109.658246659505991, 23.606741328878211 ], [ -109.658119412925529, 23.606785948701276 ], [ -109.657755901530251, 23.60711469721706 ], [ -109.657671097146093, 23.60732224257227 ], [ -109.657638855557835, 23.60796203957894 ], [ -109.657677600951089, 23.608668489956575 ], [ -109.657890658148887, 23.611325460945757 ], [ -109.657912402018965, 23.612077483726328 ], [ -109.657800811677419, 23.612929952712985 ], [ -109.657619651863783, 23.613395742571278 ], [ -109.656885821540499, 23.614716957087367 ], [ -109.656694459131629, 23.61510137788315 ], [ -109.656535273391711, 23.615574129579702 ], [ -109.656499228426199, 23.615865068587677 ], [ -109.656490204803575, 23.616750032346218 ], [ -109.656471059813441, 23.617005557886749 ], [ -109.656390740166202, 23.6173130466711 ], [ -109.656295142653065, 23.617496790770343 ], [ -109.655929338920544, 23.618046773860812 ], [ -109.655801078582556, 23.618189595022837 ], [ -109.655799231418641, 23.618190519755021 ], [ -109.655795514057232, 23.618194626778745 ], [ -109.655536803337597, 23.618334624324451 ], [ -109.655301041573026, 23.618386767700404 ], [ -109.654459530393694, 23.618490103378978 ], [ -109.654212431263005, 23.618572626496242 ], [ -109.653900813012612, 23.618854401084072 ], [ -109.653702742619672, 23.619174413176378 ], [ -109.653090026049199, 23.620386026882528 ], [ -109.65290318460778, 23.620685815400513 ], [ -109.652643981138709, 23.620873216385469 ], [ -109.652460532739482, 23.620841143613077 ], [ -109.652088130747202, 23.620630840543068 ], [ -109.652047943832429, 23.620632668559086 ], [ -109.651944238598418, 23.62054958127414 ], [ -109.651863646023187, 23.620504068657951 ], [ -109.651675673390841, 23.620375436616683 ], [ -109.651395353267262, 23.620112229749225 ], [ -109.651182868933986, 23.619864851938026 ], [ -109.650471600576722, 23.618973627528288 ], [ -109.650303325524504, 23.618716473184161 ], [ -109.650229304739099, 23.618407645742185 ], [ -109.650291835109101, 23.618223618131182 ], [ -109.650657662197915, 23.617673649442636 ], [ -109.650808186060075, 23.617510706477297 ], [ -109.650810307610826, 23.617509380229784 ], [ -109.650813750736006, 23.617505674907228 ], [ -109.65117633795893, 23.617271762507677 ], [ -109.651538230761659, 23.61710557586829 ], [ -109.652864471061349, 23.616563943963438 ], [ -109.653232028331587, 23.616382562512566 ], [ -109.653460381754982, 23.616203646978953 ], [ -109.653625016989849, 23.615990300402242 ], [ -109.65423544658826, 23.614999923533635 ], [ -109.654407588702085, 23.614518820182909 ], [ -109.654600492092527, 23.613264049501304 ], [ -109.654703925047968, 23.611952623221136 ], [ -109.65499369256402, 23.607087402242055 ], [ -109.654920723742464, 23.60577444605558 ], [ -109.654290460905727, 23.604512539543588 ], [ -109.653463058951232, 23.604022768761382 ], [ -109.65023213805938, 23.602999040107264 ], [ -109.649314279463127, 23.602731979730102 ], [ -109.648261830206181, 23.602509461906589 ], [ -109.647676186962784, 23.60245864229427 ], [ -109.645995632861514, 23.602443995127327 ], [ -109.645531151230514, 23.602404383977916 ], [ -109.64504412436979, 23.602234189256613 ], [ -109.644812853650407, 23.602030665991208 ], [ -109.64422062052347, 23.601251085146249 ], [ -109.644138541234526, 23.601013303989742 ], [ -109.644347732849866, 23.600683240451552 ], [ -109.644728655945329, 23.600449501445933 ], [ -109.646297095481728, 23.599688772995425 ], [ -109.646760951485987, 23.599430351967339 ], [ -109.64735718149791, 23.598985124273085 ], [ -109.647745082264905, 23.598607506068447 ], [ -109.648959043405696, 23.597290510421093 ], [ -109.649385465103265, 23.59691830278819 ], [ -109.650161483811473, 23.596498333546357 ], [ -109.650843660425565, 23.596270583578335 ], [ -109.653251122366044, 23.595627698791532 ], [ -109.653915976934371, 23.595475984238806 ], [ -109.654611182466354, 23.595410889219682 ], [ -109.654939480115473, 23.595469612790836 ], [ -109.65577633332795, 23.595808750423167 ], [ -109.65596070549249, 23.595927185626778 ], [ -109.655984253017394, 23.596140748236138 ], [ -109.655833519519319, 23.596327402504603 ], [ -109.655106544570245, 23.596984890851125 ], [ -109.654927679871946, 23.597227180157304 ], [ -109.654819956771291, 23.597700377456384 ], [ -109.654844931970203, 23.598134084481611 ], [ -109.655069209140635, 23.59968485315073 ], [ -109.655144051702067, 23.600093592169912 ], [ -109.655269037581434, 23.600450272438287 ], [ -109.655372746072445, 23.600551076636251 ], [ -109.655731733168551, 23.600664815522531 ], [ -109.655841937992065, 23.600669156266964 ], [ -109.655997239541492, 23.600575674574856 ], [ -109.656108893863106, 23.600437788542862 ], [ -109.656474644045744, 23.599887801556115 ], [ -109.656570537723297, 23.599673579213697 ], [ -109.656652292881617, 23.599223862509536 ], [ -109.65667319238672, 23.598795632457598 ], [ -109.656688967821964, 23.597246942116122 ], [ -109.65671522314689, 23.596833998186995 ], [ -109.656821972973816, 23.596455616980279 ], [ -109.656948217391559, 23.596328016258216 ], [ -109.657430607658526, 23.596110926543432 ], [ -109.657567564502159, 23.596013897736327 ], [ -109.657724306750623, 23.595778187193122 ], [ -109.657811267287499, 23.59553848670452 ], [ -109.658060339022029, 23.594655594689332 ], [ -109.658125768033329, 23.594364908127734 ], [ -109.658182033589256, 23.593891263208896 ], [ -109.658196984090907, 23.593505314195276 ], [ -109.658210487242968, 23.592177863615735 ], [ -109.658292093064787, 23.59174169057621 ], [ -109.658659415191025, 23.591033666438697 ], [ -109.659102552443571, 23.590458375242438 ], [ -109.660803175344924, 23.588481694792062 ], [ -109.661356729483515, 23.587887028318875 ], [ -109.662239384052924, 23.587088608183706 ], [ -109.662710671192428, 23.586724883855855 ], [ -109.663209179180953, 23.586211346011236 ], [ -109.663910093831717, 23.585577297645962 ], [ -109.664163167486237, 23.585442314400016 ], [ -109.664464454649561, 23.585444904970473 ], [ -109.665365185869334, 23.58479337625857 ], [ -109.665994664027096, 23.584317877086665 ], [ -109.666513843479208, 23.583848201758176 ], [ -109.666626053780078, 23.583652738456738 ], [ -109.666630524574785, 23.583210252868216 ], [ -109.666665063346201, 23.583064922789731 ], [ -109.666821773202429, 23.582829201245456 ], [ -109.667011105256719, 23.58263778605119 ], [ -109.667737940940953, 23.58198023450743 ], [ -109.667921707966471, 23.581793850364928 ], [ -109.668052455866388, 23.581581611458844 ], [ -109.66805547198922, 23.581464797370852 ], [ -109.667938799925153, 23.581131903902619 ], [ -109.667820365212236, 23.58103436846714 ], [ -109.667384342142824, 23.580912095893176 ], [ -109.666879887180428, 23.580834954923471 ], [ -109.664961791514528, 23.58059722283198 ], [ -109.664419121370685, 23.580484185627608 ], [ -109.663804753111975, 23.580194423553209 ], [ -109.663469754743218, 23.579893515949284 ], [ -109.662520805199605, 23.578779040773668 ], [ -109.662240717958881, 23.578498923333925 ], [ -109.661882584750742, 23.578306186487648 ], [ -109.661651052117435, 23.578310965673278 ], [ -109.660928697719044, 23.57852600375314 ], [ -109.660735484429438, 23.578556511743223 ], [ -109.66055617826656, 23.578483846271173 ], [ -109.660493240064085, 23.578349530653064 ], [ -109.660378835000529, 23.577795389979951 ], [ -109.660299931298042, 23.577605056763574 ], [ -109.660046119339114, 23.577270975583442 ], [ -109.659762435389766, 23.576984049598778 ], [ -109.658692398036976, 23.575979138973896 ], [ -109.658192502809868, 23.575817343519468 ], [ -109.656929683300902, 23.576067206421627 ], [ -109.65562554124439, 23.576585940469464 ], [ -109.650802274456282, 23.578756747140687 ], [ -109.649369614332514, 23.579441949628524 ], [ -109.647507209360782, 23.580468835821367 ], [ -109.646279291022466, 23.581250616586679 ], [ -109.642411335681743, 23.583871991780743 ], [ -109.641338508775689, 23.584573806803878 ], [ -109.640200023738004, 23.585227626276609 ], [ -109.639646451395876, 23.585459844111526 ], [ -109.638201600200674, 23.585889704844671 ], [ -109.637619888389267, 23.586177547969996 ], [ -109.63635007924114, 23.587090956733803 ], [ -109.635117764007106, 23.588107976061931 ], [ -109.630636621748224, 23.591940577398116 ], [ -109.6294536635057, 23.592973222789759 ], [ -109.6284144820508, 23.59395971552523 ], [ -109.628112909575705, 23.594336353395818 ], [ -109.627744759532447, 23.595107508095733 ], [ -109.627605188346394, 23.595277299051514 ], [ -109.627322008885372, 23.595298502525871 ], [ -109.62705703878494, 23.595159002007414 ], [ -109.626103697131356, 23.594486793116051 ], [ -109.625811330609125, 23.594331808402139 ], [ -109.625400289405277, 23.594280757956913 ], [ -109.625105453318184, 23.594362813415483 ], [ -109.624140588849656, 23.594796786150997 ], [ -109.623850255626678, 23.594975397633903 ], [ -109.623460233982186, 23.595374948312955 ], [ -109.62319339269952, 23.59576712354135 ], [ -109.622338144838324, 23.597197721059825 ], [ -109.622015435667095, 23.597660517135097 ], [ -109.621364714612199, 23.598389636276394 ], [ -109.620757819709283, 23.598968437393172 ], [ -109.618576329378186, 23.600940371267921 ], [ -109.618002162527802, 23.601549931191038 ], [ -109.617504243001946, 23.602422629841186 ], [ -109.6173670995246, 23.603059784132846 ], [ -109.617225016431703, 23.605160472849626 ], [ -109.617066672255959, 23.605716159109168 ], [ -109.616469817036673, 23.606208671940532 ], [ -109.615775510949931, 23.606356572958646 ], [ -109.613132270477749, 23.606554238854514 ], [ -109.612356828478951, 23.606554082300505 ], [ -109.611381344914236, 23.606355709740743 ], [ -109.610763241125099, 23.606072478222327 ], [ -109.608854258589602, 23.604949093916122 ], [ -109.608324466857553, 23.604656484639715 ], [ -109.607761069059393, 23.604414371223232 ], [ -109.607486004950715, 23.604361105236617 ], [ -109.606765769086508, 23.604354643208474 ], [ -109.606545718278625, 23.604312029065746 ], [ -109.606239050771634, 23.604119626776797 ], [ -109.606021005654199, 23.60388738053117 ], [ -109.605310134469846, 23.602995965591045 ], [ -109.605092200291452, 23.602753559351481 ], [ -109.605078685980104, 23.60274297372797 ], [ -109.604786040247646, 23.602513746595619 ], [ -109.604566602554769, 23.602413563166724 ], [ -109.603848720954701, 23.602185851644816 ], [ -109.603634635101585, 23.602100954744195 ], [ -109.603353448228461, 23.601932482387696 ], [ -109.603165838681676, 23.601776704556514 ], [ -109.602571516944792, 23.601218212731105 ], [ -109.602406279822389, 23.601032156059276 ], [ -109.602229492420008, 23.600722384570982 ], [ -109.602142175985549, 23.600465910644612 ], [ -109.601911487901489, 23.599578803737003 ], [ -109.601829522943376, 23.599337617510653 ], [ -109.60167770651897, 23.599099188795105 ], [ -109.601542790809745, 23.598999762509013 ], [ -109.601065001296789, 23.598774201118459 ], [ -109.600919494009204, 23.598634039771838 ], [ -109.600718249239918, 23.598205515593186 ], [ -109.600576264527675, 23.597733499554248 ], [ -109.600114919992521, 23.595959281639313 ], [ -109.599918362435389, 23.595435974174041 ], [ -109.599462434330746, 23.594768090583901 ], [ -109.599007667307191, 23.594337277780276 ], [ -109.597341367312424, 23.592994692318022 ], [ -109.596918925904234, 23.592635284184343 ], [ -109.596916966239789, 23.592633134864805 ], [ -109.596913468438444, 23.592630154991259 ], [ -109.596582887358934, 23.592271575891495 ], [ -109.596538525605993, 23.592123858273187 ], [ -109.596662083688145, 23.591793088786751 ], [ -109.596658400218672, 23.591763011594971 ], [ -109.596408604898642, 23.591671138605705 ], [ -109.595331893971107, 23.591329518244791 ], [ -109.595002614370159, 23.591194462762537 ], [ -109.594542684796025, 23.590905827811881 ], [ -109.594214922724973, 23.590628547678126 ], [ -109.593145304611369, 23.58962320536854 ], [ -109.592861747819271, 23.589336163199718 ], [ -109.592608091777961, 23.58900197924304 ], [ -109.592529281934873, 23.588811616129647 ], [ -109.592415158448418, 23.588257439066869 ], [ -109.592352287027978, 23.588123099030952 ], [ -109.592173010172544, 23.588050355852182 ], [ -109.591979771631358, 23.588080776871504 ], [ -109.591257267176886, 23.588295482814591 ], [ -109.591053114011515, 23.588315643901396 ], [ -109.590822905283048, 23.588195024946828 ], [ -109.590698189177417, 23.58800255122425 ], [ -109.590346391538432, 23.587224959260279 ], [ -109.590315748042158, 23.58699777979583 ], [ -109.590524539755492, 23.586715201132424 ], [ -109.590853456330436, 23.58653869616704 ], [ -109.592179602892898, 23.58599757798028 ], [ -109.592568759555306, 23.585857174351528 ], [ -109.593058683247165, 23.585743081854091 ], [ -109.59336941817692, 23.585720496532559 ], [ -109.594329591568481, 23.585729188226008 ], [ -109.594612824488863, 23.585701271645547 ], [ -109.594974404007644, 23.585562305642778 ], [ -109.595207712827687, 23.585391699480681 ], [ -109.595934903846469, 23.584734501618414 ], [ -109.596200952702475, 23.584594669107059 ], [ -109.59665286768427, 23.584598752287448 ], [ -109.596715327486493, 23.58459931652612 ], [ -109.597184101159812, 23.584745787456999 ], [ -109.598857347722131, 23.585424661598971 ], [ -109.599294774380155, 23.585570843594837 ], [ -109.599326019180836, 23.58558128512048 ], [ -109.599839895445086, 23.58563333020826 ], [ -109.600105331668544, 23.585551057572321 ], [ -109.600115658405215, 23.585544846025282 ], [ -109.600830154634153, 23.585115072331103 ], [ -109.601107042436524, 23.584992261868383 ], [ -109.601674364741072, 23.584855132529782 ], [ -109.602207937376519, 23.584782042796679 ], [ -109.604130618541262, 23.584578073380865 ], [ -109.60456505032154, 23.584486720244527 ], [ -109.60509564218566, 23.584185429274978 ], [ -109.605325268205178, 23.583840364118871 ], [ -109.605698186228352, 23.582626791807417 ], [ -109.60581737146201, 23.582301054087726 ], [ -109.606000655174924, 23.581994517730141 ], [ -109.606143304146386, 23.581882346357791 ], [ -109.606625715242913, 23.581665415515101 ], [ -109.606696344249613, 23.581588157015403 ], [ -109.606543536310724, 23.58144454906844 ], [ -109.606254610815085, 23.581316652953369 ], [ -109.60505910481811, 23.580863407080017 ], [ -109.604749534216566, 23.580603245319242 ], [ -109.604500373770236, 23.579842408138234 ], [ -109.604454000083422, 23.579015660062051 ], [ -109.604486744986275, 23.575918338982717 ], [ -109.604435666035883, 23.57501534966298 ], [ -109.604164558574396, 23.573898721109138 ], [ -109.603828343709239, 23.57320652632594 ], [ -109.60253047044246, 23.571092907083557 ], [ -109.602142900999652, 23.570567884240035 ], [ -109.601632094020488, 23.570231401649512 ], [ -109.601289936479873, 23.570275735154592 ], [ -109.600331433017672, 23.570755341304984 ], [ -109.599578561775047, 23.57182267668982 ], [ -109.599389355278291, 23.572168098364077 ], [ -109.599359364193091, 23.572570833767561 ], [ -109.599505727577125, 23.572800748530366 ], [ -109.600218752332424, 23.57347094689597 ], [ -109.60039818244617, 23.573701158740256 ], [ -109.600522494253269, 23.574105284075738 ], [ -109.600520651860919, 23.574452394282574 ], [ -109.60038773993611, 23.575668116378139 ], [ -109.600320413492824, 23.57595367781903 ], [ -109.600139137020989, 23.576070575893915 ], [ -109.599947497650447, 23.575952011559551 ], [ -109.599234461643647, 23.575281811584297 ], [ -109.598977557487672, 23.575081379351445 ], [ -109.598491704259601, 23.574816229847194 ], [ -109.598054532757942, 23.574637876406484 ], [ -109.596500259649744, 23.574070701645972 ], [ -109.596097022032069, 23.57381137098443 ], [ -109.595769512888154, 23.573168344712226 ], [ -109.59570487932065, 23.572509067203313 ], [ -109.595730761186303, 23.570075464979901 ], [ -109.595672665313771, 23.569319728243659 ], [ -109.595375674182179, 23.568226559217308 ], [ -109.595009500256069, 23.56742062534698 ], [ -109.593597710274622, 23.564752763265247 ], [ -109.593208432756668, 23.564048214569279 ], [ -109.592803563330321, 23.563428188848413 ], [ -109.59261445299596, 23.563246987049229 ], [ -109.592136806311458, 23.563021404085205 ], [ -109.591980434072156, 23.562870977446 ], [ -109.591728343671576, 23.562394570062224 ], [ -109.591524587766557, 23.561864414655968 ] ], [ [ -109.682637817099575, 23.552645393424914 ], [ -109.68502893416462, 23.553550686744515 ], [ -109.685706218995577, 23.55378670767298 ], [ -109.68647574510274, 23.553982864600318 ], [ -109.686897781402621, 23.554027069312486 ], [ -109.688097756935804, 23.55403719767687 ], [ -109.688492999866071, 23.554004971384941 ], [ -109.689137490061967, 23.553844457610307 ], [ -109.689662946264562, 23.553647377798292 ], [ -109.691470573803301, 23.552888174083257 ], [ -109.691886526028995, 23.552619044316728 ], [ -109.692020020294677, 23.552122322371982 ], [ -109.691794776803718, 23.551681850136827 ], [ -109.690610163583997, 23.550123030190207 ], [ -109.690442245024911, 23.549922647762848 ], [ -109.690274326968662, 23.549722265171805 ], [ -109.690175887356787, 23.549642150072657 ], [ -109.6900680762391, 23.549528615175092 ], [ -109.689685437400442, 23.549217202279205 ], [ -109.689500122236169, 23.549197014030437 ], [ -109.689017954947232, 23.549414214674695 ], [ -109.68887631578275, 23.549435034207331 ], [ -109.688643326337953, 23.549221401249405 ], [ -109.688231396883566, 23.548345288358519 ], [ -109.688101412074161, 23.548117283249933 ], [ -109.68784710950591, 23.547830655422128 ], [ -109.687613805112662, 23.547649192009413 ], [ -109.686779357544779, 23.547088988255901 ], [ -109.686463055766367, 23.546942382732354 ], [ -109.685821424817718, 23.546818428350786 ], [ -109.685221110675883, 23.546787954749334 ], [ -109.683061276139256, 23.546769682368534 ], [ -109.682444585963637, 23.546723819298947 ], [ -109.681726533079726, 23.546528080261652 ], [ -109.681317434208268, 23.546294317332435 ], [ -109.680126367530846, 23.545399159497961 ], [ -109.679701151804508, 23.545124615460981 ], [ -109.67890787143925, 23.544738570607617 ], [ -109.678199830613735, 23.544461620290768 ], [ -109.675688939564267, 23.543555208937704 ], [ -109.675111463573444, 23.543446997525571 ], [ -109.674927443942494, 23.543848445848415 ], [ -109.675242036478224, 23.544530156186418 ], [ -109.676894196197338, 23.547310013606829 ], [ -109.677405990889582, 23.548110238153178 ], [ -109.678142171866881, 23.549064769398633 ], [ -109.6786820630482, 23.549628160728872 ], [ -109.680465395321065, 23.551302779520928 ], [ -109.681039227160838, 23.551780090607501 ], [ -109.681933754023106, 23.552332932008611 ], [ -109.682637817099575, 23.552645393424914 ] ], [ [ -109.611571857508139, 23.55436841478075 ], [ -109.61159872648355, 23.554957926897337 ], [ -109.611745036350428, 23.555717836501685 ], [ -109.611927182475668, 23.556213909412733 ], [ -109.612630896530632, 23.557769005162989 ], [ -109.612813155101136, 23.558254918286337 ], [ -109.612959972328198, 23.558967418677266 ], [ -109.612987451675224, 23.559499363382912 ], [ -109.612968869462605, 23.56126927144274 ], [ -109.612980404729456, 23.561745194529177 ], [ -109.613052819538424, 23.562196261103903 ], [ -109.613144734200588, 23.562364718820096 ], [ -109.613501255329496, 23.562699787822744 ], [ -109.613621735252934, 23.562771981369981 ], [ -109.613827452682031, 23.562773815875939 ], [ -109.614000854537721, 23.562704242953878 ], [ -109.61460434399568, 23.562377733460497 ], [ -109.614784373781887, 23.562201540102407 ], [ -109.615021023957212, 23.561705815152738 ], [ -109.615179065083964, 23.561173829993511 ], [ -109.615679931195046, 23.559186956111777 ], [ -109.615832402792279, 23.558660000255625 ], [ -109.61604307994007, 23.558187748285057 ], [ -109.616191576539507, 23.558040058538033 ], [ -109.616673883560523, 23.557823090964995 ], [ -109.616800285548507, 23.557680283944904 ], [ -109.616907854901797, 23.557230819633563 ], [ -109.616935123389467, 23.55673153484204 ], [ -109.616954806232272, 23.554851003255568 ], [ -109.616932377728148, 23.554361436144397 ], [ -109.61680803019614, 23.553957321446447 ], [ -109.616652819492515, 23.553869581743498 ], [ -109.616052850091251, 23.553864243140854 ], [ -109.615875015152795, 23.553832180661065 ], [ -109.6156450883784, 23.553687895568807 ], [ -109.615494456747143, 23.553513836546429 ], [ -109.61502143843687, 23.552845845623718 ], [ -109.614826995793493, 23.552645996108481 ], [ -109.61439261334192, 23.552381356038495 ], [ -109.613966510149496, 23.552203147548262 ], [ -109.612412418496817, 23.551636139614658 ], [ -109.61200707962179, 23.551580029651319 ], [ -109.61166958037181, 23.551885199667215 ], [ -109.611592776548733, 23.552377267600072 ], [ -109.611571857508139, 23.55436841478075 ] ], [ [ -109.610379607586921, 23.562708038369031 ], [ -109.610259374967896, 23.562263316677544 ], [ -109.609795667933, 23.560710357579712 ], [ -109.609609049368927, 23.560290441406575 ], [ -109.609201865236344, 23.559883791817949 ], [ -109.6088067920833, 23.559722779351159 ], [ -109.607370304956973, 23.559378030161884 ], [ -109.606984702880652, 23.559364415803039 ], [ -109.606621707749014, 23.559645638606817 ], [ -109.606488744471363, 23.560061000489537 ], [ -109.606231240624652, 23.561718133050736 ], [ -109.606186169615967, 23.562159682029506 ], [ -109.60623334683558, 23.562563112009403 ], [ -109.606345814390309, 23.562697891555413 ], [ -109.606823486653013, 23.562923431954605 ], [ -109.606946814985591, 23.563073548191767 ], [ -109.607044674286044, 23.563548551046775 ], [ -109.607061144731162, 23.564077010365267 ], [ -109.607040145736121, 23.566068150710606 ], [ -109.607062179919964, 23.56659157982109 ], [ -109.607186006971816, 23.567043108927251 ], [ -109.607340868770436, 23.567164721300401 ], [ -109.6079397303603, 23.567280715281179 ], [ -109.608145739819378, 23.567255467286341 ], [ -109.608508254226834, 23.56702165014725 ], [ -109.608820121302472, 23.566712873292285 ], [ -109.609912975100229, 23.565505726978838 ], [ -109.610197764397142, 23.565150985564983 ], [ -109.610433938550926, 23.564702677018079 ], [ -109.61048654200151, 23.564416978136151 ], [ -109.610495851354202, 23.563532025449923 ], [ -109.610476980455871, 23.563230447839086 ], [ -109.610379607586921, 23.562708038369031 ] ] ] ] } },
{ "type": "Feature", "properties": { "fid": 45.0, "cat": 41, "CLAVE_ACUI": "0320", "NOM_ACUIF": "SANTIAGO", "VULNERABIL": 3 }, "geometry": { "type": "MultiPolygon", "coordinates": [ [ [ [ -109.616652819492515, 23.553869581743498 ], [ -109.61680803019614, 23.553957321446447 ], [ -109.616932377728148, 23.554361436144397 ], [ -109.616954806232272, 23.554851003255568 ], [ -109.616935123389467, 23.55673153484204 ], [ -109.616907854901797, 23.557230819633563 ], [ -109.616800285548507, 23.557680283944904 ], [ -109.616673883560523, 23.557823090964995 ], [ -109.616191576539507, 23.558040058538033 ], [ -109.61604307994007, 23.558187748285057 ], [ -109.615832402792279, 23.558660000255625 ], [ -109.615679931195046, 23.559186956111777 ], [ -109.615179065083964, 23.561173829993511 ], [ -109.615021023957212, 23.561705815152738 ], [ -109.614784373781887, 23.562201540102407 ], [ -109.61460434399568, 23.562377733460497 ], [ -109.614000854537721, 23.562704242953878 ], [ -109.613827452682031, 23.562773815875939 ], [ -109.613621735252934, 23.562771981369981 ], [ -109.613501255329496, 23.562699787822744 ], [ -109.613144734200588, 23.562364718820096 ], [ -109.613052819538424, 23.562196261103903 ], [ -109.612980404729456, 23.561745194529177 ], [ -109.612968869462605, 23.56126927144274 ], [ -109.612987451675224, 23.559499363382912 ], [ -109.612959972328198, 23.558967418677266 ], [ -109.612813155101136, 23.558254918286337 ], [ -109.612630896530632, 23.557769005162989 ], [ -109.611927182475668, 23.556213909412733 ], [ -109.611745036350428, 23.555717836501685 ], [ -109.61159872648355, 23.554957926897337 ], [ -109.611571857508139, 23.55436841478075 ], [ -109.611592776548733, 23.552377267600072 ], [ -109.61166958037181, 23.551885199667215 ], [ -109.61200707962179, 23.551580029651319 ], [ -109.612412418496817, 23.551636139614658 ], [ -109.613966510149496, 23.552203147548262 ], [ -109.61439261334192, 23.552381356038495 ], [ -109.614826995793493, 23.552645996108481 ], [ -109.61502143843687, 23.552845845623718 ], [ -109.615494456747143, 23.553513836546429 ], [ -109.6156450883784, 23.553687895568807 ], [ -109.615875015152795, 23.553832180661065 ], [ -109.616052850091251, 23.553864243140854 ], [ -109.616652819492515, 23.553869581743498 ] ] ] ] } },
{ "type": "Feature", "properties": { "fid": 46.0, "cat": 45, "CLAVE_ACUI": "0320", "NOM_ACUIF": "SANTIAGO", "VULNERABIL": 3 }, "geometry": { "type": "MultiPolygon", "coordinates": [ [ [ [ -109.60661780825518, 23.546891601997569 ], [ -109.606906892639969, 23.546997483481448 ], [ -109.607058414353261, 23.547259610350846 ], [ -109.606985788868499, 23.547528196214248 ], [ -109.606495343207371, 23.548519468892863 ], [ -109.606366547802125, 23.548889149631993 ], [ -109.606255952024242, 23.549623054837511 ], [ -109.606226753697584, 23.550301810174915 ], [ -109.606201089406937, 23.552735429523011 ], [ -109.606177613390273, 23.553393916146849 ], [ -109.606093724432498, 23.554033234773055 ], [ -109.605997359098794, 23.554288060458134 ], [ -109.605631541864867, 23.554837927810851 ], [ -109.605514314438551, 23.554980807714319 ], [ -109.605333072055799, 23.555097713739112 ], [ -109.6051913819731, 23.555121842418092 ], [ -109.60471140423023, 23.555117536134862 ], [ -109.604594060260993, 23.554923446072973 ], [ -109.604526433097575, 23.554021999580186 ], [ -109.604547165828166, 23.552928308860494 ], [ -109.604711534506336, 23.548725863636921 ], [ -109.604682461241893, 23.547652044987558 ], [ -109.604382430284957, 23.546843337962681 ], [ -109.604255942083142, 23.546817543577284 ], [ -109.604357541069703, 23.546765222414276 ], [ -109.604579073179082, 23.546484427492153 ], [ -109.604768309409295, 23.545608990916371 ], [ -109.604817114639133, 23.544639162331851 ], [ -109.604862078998082, 23.545599672168567 ], [ -109.605110437627516, 23.546431621321595 ], [ -109.605420272005148, 23.546659609870179 ], [ -109.60661780825518, 23.546891601997569 ] ] ] ] } },
{ "type": "Feature", "properties": { "fid": 47.0, "cat": 48, "CLAVE_ACUI": "0320", "NOM_ACUIF": "SANTIAGO", "VULNERABIL": 2 }, "geometry": { "type": "MultiPolygon", "coordinates": [ [ [ [ -109.607625979286951, 23.546037042229038 ], [ -109.607378510330804, 23.546514033583229 ], [ -109.606963380463426, 23.54686591122864 ], [ -109.60661780825518, 23.546891601997569 ], [ -109.605420272005148, 23.546659609870179 ], [ -109.605110437627516, 23.546431621321595 ], [ -109.604862078998082, 23.545599672168567 ], [ -109.604817114639133, 23.544639162331851 ], [ -109.604855633148205, 23.540988731374235 ], [ -109.604898817644681, 23.540029011588643 ], [ -109.605061830086171, 23.539200751074588 ], [ -109.605251520817205, 23.538977241459637 ], [ -109.60597373187467, 23.538762455211149 ], [ -109.606167644869643, 23.538660900647915 ], [ -109.606350362000143, 23.538401767552539 ], [ -109.606417473466408, 23.53813313215489 ], [ -109.606547942181834, 23.537138633352743 ], [ -109.606637089235392, 23.536870195134401 ], [ -109.60692264086822, 23.536611982093302 ], [ -109.607241424665517, 23.536511544028354 ], [ -109.608443529409229, 23.536301040700852 ], [ -109.608772688649935, 23.536261651494957 ], [ -109.609106662489566, 23.536288343850938 ], [ -109.609254609020297, 23.536365865480832 ], [ -109.609611053313884, 23.536700940710091 ], [ -109.609703054339718, 23.536859241023851 ], [ -109.609775947300648, 23.537262901024405 ], [ -109.609788078897893, 23.53768125787807 ], [ -109.609771798983076, 23.539229929688041 ], [ -109.609734079559502, 23.539673240654995 ], [ -109.609574335515688, 23.540193353394773 ], [ -109.609383848692062, 23.540493060423692 ], [ -109.60865464908612, 23.541371578228901 ], [ -109.608475604821948, 23.541630746810476 ], [ -109.608369270146028, 23.541961684731245 ], [ -109.608396408399784, 23.542175284813176 ], [ -109.60862938993219, 23.542841147164516 ], [ -109.608656047649973, 23.54310046232348 ], [ -109.608547466860927, 23.543644737464486 ], [ -109.608365692367471, 23.544162957961603 ], [ -109.607625979286951, 23.546037042229038 ] ] ] ] } },
{ "type": "Feature", "properties": { "fid": 48.0, "cat": 49, "CLAVE_ACUI": "0320", "NOM_ACUIF": "SANTIAGO", "VULNERABIL": 2 }, "geometry": { "type": "MultiPolygon", "coordinates": [ [ [ [ -109.590989149116481, 23.543629482521652 ], [ -109.59094731296733, 23.544108308280716 ], [ -109.590532149732311, 23.54446014043679 ], [ -109.590128802415876, 23.544477547537547 ], [ -109.589980895810911, 23.544483930420476 ], [ -109.588902220647739, 23.544363519398992 ], [ -109.58782354786662, 23.544243100987366 ], [ -109.587312760672248, 23.544089452299634 ], [ -109.587086430199918, 23.543613272301112 ], [ -109.587273885706864, 23.543086664945747 ], [ -109.588374986808404, 23.541105338128006 ], [ -109.588699894692823, 23.540605375304079 ], [ -109.589115049842064, 23.540253547523644 ], [ -109.589383222902597, 23.540250899542954 ], [ -109.590219546103839, 23.540590368212722 ], [ -109.590447259721657, 23.540765148608806 ], [ -109.590673598280546, 23.541241324231951 ], [ -109.590769225476151, 23.541746794940956 ], [ -109.590989149116481, 23.543629482521652 ] ] ] ] } },
{ "type": "Feature", "properties": { "fid": 49.0, "cat": 46, "CLAVE_ACUI": "0320", "NOM_ACUIF": "SANTIAGO", "VULNERABIL": 3 }, "geometry": { "type": "MultiPolygon", "coordinates": [ [ [ [ -109.690442245024911, 23.549922647762848 ], [ -109.690610163583997, 23.550123030190207 ], [ -109.691794776803718, 23.551681850136827 ], [ -109.692020020294677, 23.552122322371982 ], [ -109.691886526028995, 23.552619044316728 ], [ -109.691470573803301, 23.552888174083257 ], [ -109.689662946264562, 23.553647377798292 ], [ -109.689137490061967, 23.553844457610307 ], [ -109.688492999866071, 23.554004971384941 ], [ -109.688097756935804, 23.55403719767687 ], [ -109.686897781402621, 23.554027069312486 ], [ -109.68647574510274, 23.553982864600318 ], [ -109.685706218995577, 23.55378670767298 ], [ -109.68502893416462, 23.553550686744515 ], [ -109.682637817099575, 23.552645393424914 ], [ -109.681933754023106, 23.552332932008611 ], [ -109.681039227160838, 23.551780090607501 ], [ -109.680465395321065, 23.551302779520928 ], [ -109.6786820630482, 23.549628160728872 ], [ -109.678142171866881, 23.549064769398633 ], [ -109.677405990889582, 23.548110238153178 ], [ -109.676894196197338, 23.547310013606829 ], [ -109.675242036478224, 23.544530156186418 ], [ -109.674927443942494, 23.543848445848415 ], [ -109.675111463573444, 23.543446997525571 ], [ -109.675688939564267, 23.543555208937704 ], [ -109.678199830613735, 23.544461620290768 ], [ -109.67890787143925, 23.544738570607617 ], [ -109.679701151804508, 23.545124615460981 ], [ -109.680126367530846, 23.545399159497961 ], [ -109.681317434208268, 23.546294317332435 ], [ -109.681726533079726, 23.546528080261652 ], [ -109.682444585963637, 23.546723819298947 ], [ -109.683061276139256, 23.546769682368534 ], [ -109.685221110675883, 23.546787954749334 ], [ -109.685821424817718, 23.546818428350786 ], [ -109.686463055766367, 23.546942382732354 ], [ -109.686779357544779, 23.547088988255901 ], [ -109.687613805112662, 23.547649192009413 ], [ -109.68784710950591, 23.547830655422128 ], [ -109.688101412074161, 23.548117283249933 ], [ -109.688231396883566, 23.548345288358519 ], [ -109.688643326337953, 23.549221401249405 ], [ -109.68887631578275, 23.549435034207331 ], [ -109.689017954947232, 23.549414214674695 ], [ -109.689500122236169, 23.549197014030437 ], [ -109.689685437400442, 23.549217202279205 ], [ -109.6900680762391, 23.549528615175092 ], [ -109.690175887356787, 23.549642150072657 ], [ -109.690274326968662, 23.549722265171805 ], [ -109.690442245024911, 23.549922647762848 ] ] ] ] } },
{ "type": "Feature", "properties": { "fid": 50.0, "cat": 52, "CLAVE_ACUI": "0320", "NOM_ACUIF": "SANTIAGO", "VULNERABIL": 3 }, "geometry": null },
{ "type": "Feature", "properties": { "fid": 51.0, "cat": 53, "CLAVE_ACUI": "0320", "NOM_ACUIF": "SANTIAGO", "VULNERABIL": 3 }, "geometry": null },
{ "type": "Feature", "properties": { "fid": 52.0, "cat": 54, "CLAVE_ACUI": "0320", "NOM_ACUIF": "SANTIAGO", "VULNERABIL": 2 }, "geometry": null },
{ "type": "Feature", "properties": { "fid": 53.0, "cat": 51, "CLAVE_ACUI": "0320", "NOM_ACUIF": "SANTIAGO", "VULNERABIL": 2 }, "geometry": { "type": "MultiPolygon", "coordinates": [ [ [ [ -109.585898486516243, 23.514941624004667 ], [ -109.586318656701209, 23.514628791347555 ], [ -109.587066884992652, 23.514374814039957 ], [ -109.58771561374887, 23.514324820709152 ], [ -109.58999478953514, 23.514345477836823 ], [ -109.590626127974204, 23.51437659365337 ], [ -109.59129319751564, 23.514501162211538 ], [ -109.591614815820023, 23.514648003104735 ], [ -109.59244863520351, 23.515208691218628 ], [ -109.592665275623972, 23.515385060515761 ], [ -109.592842440924059, 23.515647431544608 ], [ -109.59287889337449, 23.515845878232071 ], [ -109.59287183893727, 23.516509591816305 ], [ -109.592902837264575, 23.516702909263977 ], [ -109.593054551041732, 23.516941343726224 ], [ -109.593240286972261, 23.517088646770578 ], [ -109.593955343554754, 23.517537624724834 ], [ -109.594140218252264, 23.51776619785068 ], [ -109.594287907995323, 23.518383896278575 ], [ -109.594314018175339, 23.519037749606014 ], [ -109.594288173087648, 23.521471366302052 ], [ -109.594324760639182, 23.522176113297959 ], [ -109.594521351104746, 23.52303131626195 ], [ -109.59476560846764, 23.523548287553549 ], [ -109.595708897385052, 23.525105614406165 ], [ -109.595998094735265, 23.525541710593764 ], [ -109.596404382158838, 23.526019501717276 ], [ -109.596695594762522, 23.526265964251419 ], [ -109.597648303692807, 23.526938328901796 ], [ -109.597884110043609, 23.527214769669826 ], [ -109.598031825531763, 23.527832465158088 ], [ -109.598007040154272, 23.528438446736548 ], [ -109.597743652238208, 23.530648664459672 ], [ -109.597602907384029, 23.531279000345339 ], [ -109.597209489824138, 23.532010350213437 ], [ -109.596788208618548, 23.532424798963216 ], [ -109.595215632767079, 23.533627533439748 ], [ -109.594740113113431, 23.533960207697422 ], [ -109.594093612430044, 23.534309961942551 ], [ -109.593645560772913, 23.534476936805131 ], [ -109.592201150453974, 23.534906391895149 ], [ -109.591781234926657, 23.535017736704535 ], [ -109.591266044366265, 23.535107898098463 ], [ -109.590949973889721, 23.535125355724752 ], [ -109.589990169542745, 23.535116660718394 ], [ -109.589724059845764, 23.535099009206839 ], [ -109.589442018867359, 23.535025333783047 ], [ -109.589305212955864, 23.534937734977618 ], [ -109.588948827235896, 23.534602615826248 ], [ -109.588801762675132, 23.534443804810973 ], [ -109.588471847227154, 23.534037805964399 ], [ -109.588147605430976, 23.533616618224983 ], [ -109.586964407907146, 23.53205706983249 ], [ -109.58665686516963, 23.531620791168347 ], [ -109.58640484768847, 23.531144377082228 ], [ -109.586352363912155, 23.530900064635276 ], [ -109.586359455888598, 23.530236354145334 ], [ -109.586339374313752, 23.530053294949433 ], [ -109.586238568648284, 23.529862729193507 ], [ -109.5861146422383, 23.529773551520787 ], [ -109.585637125514339, 23.529547953991834 ], [ -109.585513417039053, 23.529438458206677 ], [ -109.585413626761365, 23.529153076218645 ], [ -109.585394777562556, 23.528854883518068 ], [ -109.585406604231594, 23.527748699503704 ], [ -109.585387755069334, 23.527450506760555 ], [ -109.585287966324003, 23.527165124706631 ], [ -109.585164260270275, 23.527055628732693 ], [ -109.584686754881858, 23.526830028761381 ], [ -109.584563375655421, 23.526690055850402 ], [ -109.584465110634582, 23.526262449716882 ], [ -109.584448111062457, 23.525791556777296 ], [ -109.584467043283368, 23.524021662305962 ], [ -109.58450556401651, 23.523510634873858 ], [ -109.584666395339596, 23.522895734741706 ], [ -109.584857633046425, 23.522528333203937 ], [ -109.585589237775835, 23.521428690463928 ], [ -109.585779927903957, 23.521112081718474 ], [ -109.585938217438041, 23.520734219380358 ], [ -109.585973655897334, 23.520511025015242 ], [ -109.585980746262706, 23.519847313748905 ], [ -109.585938957848015, 23.519633577682612 ], [ -109.585736855637521, 23.519299853870521 ], [ -109.585489927338017, 23.519036841342555 ], [ -109.584539704669453, 23.518143170288187 ], [ -109.584292672241631, 23.517890314883243 ], [ -109.584090069649562, 23.517603997114183 ], [ -109.584047669081727, 23.517447827427809 ], [ -109.584052401766968, 23.51700535345195 ], [ -109.584109313869774, 23.516834847254255 ], [ -109.58437017020492, 23.516481625340983 ], [ -109.584685908778923, 23.51614752821056 ], [ -109.585898486516243, 23.514941624004667 ] ] ] ] } },
{ "type": "Feature", "properties": { "fid": 54.0, "cat": 50, "CLAVE_ACUI": "0320", "NOM_ACUIF": "SANTIAGO", "VULNERABIL": 2 }, "geometry": { "type": "MultiPolygon", "coordinates": [ [ [ [ -109.608826297257281, 23.511305476767447 ], [ -109.609224839000206, 23.511122771864887 ], [ -109.609637108032885, 23.511031627686549 ], [ -109.609827523088001, 23.511084127343064 ], [ -109.610303859444784, 23.511420269774483 ], [ -109.610405025675988, 23.511578651310224 ], [ -109.610400796851835, 23.511981623523067 ], [ -109.610293588610034, 23.512398916517469 ], [ -109.609721518543296, 23.514256287025677 ], [ -109.609690026032382, 23.514385999855207 ], [ -109.609684549870465, 23.514907492956485 ], [ -109.609784206563219, 23.515209793464731 ], [ -109.610254751071921, 23.516099035348979 ], [ -109.610332696351009, 23.516370662011393 ], [ -109.610225892388186, 23.516749011887132 ], [ -109.609995368966111, 23.517017884739701 ], [ -109.609026389580166, 23.517894270825384 ], [ -109.608751580811486, 23.518183065738686 ], [ -109.608438125669906, 23.518654392874371 ], [ -109.608265141507218, 23.519038922690626 ], [ -109.607771332223336, 23.520362067127071 ], [ -109.607607116440292, 23.520960032195934 ], [ -109.607334587589165, 23.522427392155659 ], [ -109.607109472700429, 23.523925655125513 ], [ -109.606331422467989, 23.529450183108263 ], [ -109.606084030051903, 23.530968562663276 ], [ -109.605707623503307, 23.532529811488406 ], [ -109.605417295102285, 23.533241787565277 ], [ -109.604438825357406, 23.535003090035893 ], [ -109.604128698982578, 23.535501528235951 ], [ -109.60365992625951, 23.536066274425192 ], [ -109.603300377942901, 23.536374616357538 ], [ -109.602091251402669, 23.537248793956987 ], [ -109.60175972562358, 23.537511664441382 ], [ -109.601421740344449, 23.537864221488427 ], [ -109.601270430639971, 23.538105004436144 ], [ -109.600902302335712, 23.538876100954386 ], [ -109.600773350002115, 23.539086604812834 ], [ -109.600539703027238, 23.539297860094123 ], [ -109.600334874097484, 23.539389149365235 ], [ -109.599612651864035, 23.539603908812868 ], [ -109.59941948602831, 23.539634342730508 ], [ -109.599240269142726, 23.539561610219476 ], [ -109.599177411023959, 23.539427272903961 ], [ -109.599063290401276, 23.538873098016293 ], [ -109.599011666500175, 23.538718542109478 ], [ -109.598884875270741, 23.538551456089479 ], [ -109.598755368891986, 23.538467317608482 ], [ -109.598277797855886, 23.538241756592409 ], [ -109.59815428598651, 23.538111952336092 ], [ -109.598055467582554, 23.537731760970409 ], [ -109.598037810130933, 23.537318434764316 ], [ -109.598054225932188, 23.535769770340551 ], [ -109.598125252502797, 23.535306443867078 ], [ -109.59844029303251, 23.534692917774358 ], [ -109.59881932282984, 23.53427977757234 ], [ -109.600273072341523, 23.532965307339449 ], [ -109.60066332433, 23.532531943369047 ], [ -109.601030765805888, 23.5318240569441 ], [ -109.601165431291449, 23.531246155366706 ], [ -109.601426425466855, 23.52925716765029 ], [ -109.601385125317478, 23.528647204461958 ], [ -109.600931406307936, 23.527789697402824 ], [ -109.600324541026936, 23.527174648716478 ], [ -109.597946262767422, 23.525161908979033 ], [ -109.597339638741275, 23.524526531906155 ], [ -109.596886964512294, 23.523574198237164 ], [ -109.596846906332161, 23.522849100409772 ], [ -109.597112631179655, 23.520417643890529 ], [ -109.597221138529051, 23.519709124462317 ], [ -109.597461786634312, 23.518834157613 ], [ -109.597697061732504, 23.518292724152396 ], [ -109.59855435266698, 23.516640998200643 ], [ -109.598931974937145, 23.516182122696961 ], [ -109.599836930849676, 23.515692429918708 ], [ -109.600752102404869, 23.515451740502773 ], [ -109.604117933841962, 23.514818174258483 ], [ -109.605010738735189, 23.514607738387355 ], [ -109.605811344875619, 23.514259313088466 ], [ -109.606062264289363, 23.51397200260848 ], [ -109.606432614269437, 23.512979647528802 ], [ -109.606595452288644, 23.51268646769401 ], [ -109.606985015312745, 23.512310650314578 ], [ -109.607378695329118, 23.512066947450652 ], [ -109.608826297257281, 23.511305476767447 ] ] ] ] } },
{ "type": "Feature", "properties": { "fid": 55.0, "cat": 55, "CLAVE_ACUI": "0320", "NOM_ACUIF": "SANTIAGO", "VULNERABIL": 2 }, "geometry": { "type": "MultiPolygon", "coordinates": [ [ [ [ -109.759436671657014, 23.449867298989055 ], [ -109.759255007670632, 23.449666033164249 ], [ -109.758279070136695, 23.449610854348244 ], [ -109.757066535676643, 23.449733285363649 ], [ -109.752383955741053, 23.450359726091182 ], [ -109.751076950701346, 23.450572798130509 ], [ -109.74966019201446, 23.450940772076667 ], [ -109.74894325642525, 23.451253383634995 ], [ -109.747014301312234, 23.452344256256861 ], [ -109.746457218304428, 23.452637818825497 ], [ -109.745786469862253, 23.452916918425462 ], [ -109.745385342346978, 23.453022070460062 ], [ -109.744184161974658, 23.453233676466009 ], [ -109.743799502457307, 23.453344037077514 ], [ -109.74320560553349, 23.453647451527424 ], [ -109.742741839487493, 23.453970539695344 ], [ -109.741171479314602, 23.455174861025611 ], [ -109.740729245776691, 23.455548918294383 ], [ -109.740235864125694, 23.456090206931574 ], [ -109.73997326746823, 23.456489419865914 ], [ -109.739241191363249, 23.457811123396731 ], [ -109.739028578337198, 23.458165016868314 ], [ -109.738768468674962, 23.458494818500316 ], [ -109.738609497224942, 23.45861207036906 ], [ -109.738127739993857, 23.458829443481541 ], [ -109.737990985743124, 23.458926553732056 ], [ -109.73783455704843, 23.459162362623172 ], [ -109.737747841620404, 23.459402122268784 ], [ -109.737499596488675, 23.460285191452169 ], [ -109.737401770373523, 23.460535021228807 ], [ -109.737193495260243, 23.460817824523915 ], [ -109.736993785438884, 23.460971999289917 ], [ -109.736270079102383, 23.461408676255711 ], [ -109.736092682960447, 23.461532549585481 ], [ -109.73598854332964, 23.461673950287839 ], [ -109.736017168875122, 23.461752078142901 ], [ -109.736254895007164, 23.46197527394423 ], [ -109.73624454088781, 23.462098807410541 ], [ -109.735958494109497, 23.462452100953463 ], [ -109.73556020804719, 23.462833271587098 ], [ -109.733987566975031, 23.464258764030379 ], [ -109.733401467956469, 23.46469936584829 ], [ -109.732238994239466, 23.465330020311772 ], [ -109.73116441370972, 23.465790348885715 ], [ -109.727312133730948, 23.467307839728335 ], [ -109.726298532761049, 23.467722909803783 ], [ -109.725420722709828, 23.468142469780421 ], [ -109.725180313918898, 23.468326776611406 ], [ -109.724936218519701, 23.46876731805088 ], [ -109.72481763730741, 23.468881498343009 ], [ -109.724508354489615, 23.468973798171923 ], [ -109.724185103234817, 23.468991474290892 ], [ -109.722985880835978, 23.468981657805447 ], [ -109.722651616257068, 23.468999240540764 ], [ -109.722290936613248, 23.469091114866824 ], [ -109.722109944343558, 23.469204781589767 ], [ -109.721625991733575, 23.469643351479625 ], [ -109.721043411258108, 23.4699027414221 ], [ -109.720673394662313, 23.470027700151292 ], [ -109.720207260220064, 23.470187142147481 ], [ -109.718995931883114, 23.470542965088264 ], [ -109.714377167300398, 23.471847699468128 ], [ -109.713164819776424, 23.472213726955971 ], [ -109.711849381430184, 23.472700716880134 ], [ -109.710538142278949, 23.473449925904941 ], [ -109.709253856691944, 23.474315050271716 ], [ -109.708914931130195, 23.474810095734291 ], [ -109.708839535111039, 23.475200640593506 ], [ -109.708826613579035, 23.476528138199907 ], [ -109.708778602368028, 23.476934150073671 ], [ -109.708567470993444, 23.477501374439665 ], [ -109.708313864908447, 23.477905682703675 ], [ -109.707341490411139, 23.479225226148461 ], [ -109.707108419687913, 23.47978210585665 ], [ -109.706993141046254, 23.481061338482608 ], [ -109.707061530325731, 23.48233193420937 ], [ -109.707495974076977, 23.486982146985248 ], [ -109.707630853239777, 23.488212652406247 ], [ -109.707825833852098, 23.489304799668133 ], [ -109.707969497368282, 23.489634504690066 ], [ -109.708444946766235, 23.490080980206095 ], [ -109.708567968323308, 23.490268270543641 ], [ -109.708666617926767, 23.49069581737842 ], [ -109.708684524124166, 23.491119308290166 ], [ -109.708669435646456, 23.492668052219262 ], [ -109.7086489370556, 23.493075984417327 ], [ -109.708568365935733, 23.493430924225137 ], [ -109.708473762968239, 23.493530048864894 ], [ -109.708112853531333, 23.493637690231438 ], [ -109.707939767817692, 23.493594767430935 ], [ -109.707915041297085, 23.493588635586974 ], [ -109.707352829077564, 23.493252071906472 ], [ -109.706747484258372, 23.492820319629946 ], [ -109.704484787382924, 23.491142021885654 ], [ -109.704219171470115, 23.490935370056924 ], [ -109.704138196486142, 23.490912228555477 ], [ -109.703934437361909, 23.490720876674136 ], [ -109.703925888698905, 23.490707191891907 ], [ -109.703890774768922, 23.490679872667677 ], [ -109.703381379845467, 23.490201491760999 ], [ -109.703247682243614, 23.489980241389897 ], [ -109.703074254114412, 23.489331596162167 ], [ -109.703015355005405, 23.489237070858728 ], [ -109.702520434134854, 23.488813101944679 ], [ -109.701956801782842, 23.488437560528677 ], [ -109.6998109236537, 23.487092071715658 ], [ -109.699176359361488, 23.486649887597466 ], [ -109.698360915880556, 23.485931865041564 ], [ -109.697830561201641, 23.485348303314847 ], [ -109.696171040887606, 23.483343030524455 ], [ -109.695684563297576, 23.482780149458446 ], [ -109.695073828237639, 23.482158652291769 ], [ -109.694687825313608, 23.481833680678385 ], [ -109.693497219792221, 23.480938639828413 ], [ -109.693105066525987, 23.480679654197225 ], [ -109.6924656155105, 23.480366099064589 ], [ -109.691944267331237, 23.480177148149878 ], [ -109.690150768194982, 23.479608921726161 ], [ -109.689673281835496, 23.479440652352146 ], [ -109.689238502270911, 23.479223633134875 ], [ -109.689094874140821, 23.479081876153145 ], [ -109.688859389129135, 23.478637363302294 ], [ -109.688820243464932, 23.478511725142496 ], [ -109.68887304771512, 23.478369926753587 ], [ -109.688987627853038, 23.478292995716263 ], [ -109.689469530063676, 23.478075781661875 ], [ -109.689595324227412, 23.477978624062043 ], [ -109.689700462131327, 23.477742436877705 ], [ -109.689724865034052, 23.477502184295769 ], [ -109.689733607321855, 23.476617192759058 ], [ -109.689676259903038, 23.476289891437503 ], [ -109.689399898128855, 23.475647476613783 ], [ -109.689062445276932, 23.475057041947796 ], [ -109.687764049922265, 23.472944089473383 ], [ -109.687327088211788, 23.472393454565786 ], [ -109.68658630769032, 23.471936781235691 ], [ -109.685965009394508, 23.471835024537008 ], [ -109.683806396027563, 23.471816817153957 ], [ -109.68316782477109, 23.471791104884797 ], [ -109.682346438523652, 23.471689337217651 ], [ -109.681811601425423, 23.471569667794984 ], [ -109.680137087841644, 23.471112970128658 ], [ -109.679663081009593, 23.470968407985424 ], [ -109.679125556301486, 23.470750491857629 ], [ -109.678831670400839, 23.470583745989099 ], [ -109.677997730796562, 23.470023513271659 ], [ -109.677770129296405, 23.469837007148371 ], [ -109.677541924857408, 23.469526880315481 ], [ -109.677443519772879, 23.469270348322475 ], [ -109.677442168935855, 23.469265161652174 ], [ -109.677434460338006, 23.469258417961491 ], [ -109.67707481446277, 23.468691478220048 ], [ -109.676605064901295, 23.467691796540677 ], [ -109.67636633069155, 23.467579137435372 ], [ -109.676233713650234, 23.467256273317613 ], [ -109.676092303206772, 23.465974892683192 ], [ -109.676022905377764, 23.46446721291305 ], [ -109.67584045957382, 23.45871275254547 ], [ -109.675815618974624, 23.457154648975653 ], [ -109.675882138951124, 23.455637961319074 ], [ -109.676002007363579, 23.455029368314939 ], [ -109.676494868451528, 23.453705954170115 ], [ -109.676678777487041, 23.453301107165661 ], [ -109.677044162965728, 23.452735236008589 ], [ -109.677382232415695, 23.452331695171456 ], [ -109.678594491587575, 23.451014369871785 ], [ -109.67891022557302, 23.450641116698151 ], [ -109.679171405346167, 23.45021660004172 ], [ -109.679228786660985, 23.449983401443816 ], [ -109.679235387253556, 23.449319658266383 ], [ -109.679281554517402, 23.449106685061611 ], [ -109.679490400655197, 23.448776553112243 ], [ -109.679742584318049, 23.448517908877214 ], [ -109.68071058816632, 23.447641030546848 ], [ -109.680923874660778, 23.447417616015663 ], [ -109.680951215493721, 23.447251897249551 ], [ -109.680776987984316, 23.447238570802927 ], [ -109.679936584836469, 23.44734209670607 ], [ -109.679662346993027, 23.44741936466 ], [ -109.679222973181368, 23.447676424524424 ], [ -109.678869533098123, 23.447966384621996 ], [ -109.677659508746061, 23.449062466344312 ], [ -109.677317275371436, 23.449332197219658 ], [ -109.676930222208554, 23.44949486530987 ], [ -109.676719523779184, 23.449457517882514 ], [ -109.676123320039451, 23.449120561100273 ], [ -109.675957782158861, 23.448971833846823 ], [ -109.675781474457068, 23.448614731317289 ], [ -109.675695144233686, 23.448253312201011 ], [ -109.67546857934326, 23.446923792083815 ], [ -109.675379008918938, 23.446887471120682 ], [ -109.675187573810476, 23.448047493281958 ], [ -109.675003660508978, 23.449740988134117 ], [ -109.674336783779253, 23.456483935248215 ], [ -109.674147082527568, 23.458202777748188 ], [ -109.673928735934084, 23.459481102247967 ], [ -109.673806518487837, 23.459588438213302 ], [ -109.673454522323269, 23.458811014895758 ], [ -109.673297366648512, 23.458557367604175 ], [ -109.672915968689722, 23.458151103461038 ], [ -109.672528271271588, 23.457824372766613 ], [ -109.671100427933965, 23.456705886815254 ], [ -109.670742557726484, 23.456150802493134 ], [ -109.670500328111373, 23.454678902064913 ], [ -109.670512152481223, 23.453131271839325 ], [ -109.670809536037368, 23.447380894567093 ], [ -109.670854181648409, 23.445853862693767 ], [ -109.670765168639633, 23.444478094658745 ], [ -109.670593364164503, 23.444039743785197 ], [ -109.669880626658568, 23.44336987272132 ], [ -109.669706690152012, 23.443144866388892 ], [ -109.669607719910289, 23.442764709680077 ], [ -109.66964026969795, 23.442446635124746 ], [ -109.669891135820535, 23.441342443489518 ], [ -109.669913182190101, 23.440973478400029 ], [ -109.669765202689746, 23.440355833327459 ], [ -109.669531758643956, 23.439842448080206 ], [ -109.668590346562937, 23.438064292418179 ], [ -109.668323472231094, 23.437591261075326 ], [ -109.668019457219117, 23.437161939807861 ], [ -109.667852023133534, 23.437021655251211 ], [ -109.667374678930642, 23.436796314727925 ], [ -109.667295124954322, 23.436677100189566 ], [ -109.66740121590415, 23.436346106979251 ], [ -109.667632327188798, 23.435992473752822 ], [ -109.668604743958838, 23.434673174294073 ], [ -109.668858479780837, 23.434258770835751 ], [ -109.669070174194857, 23.43364419157728 ], [ -109.669118859987975, 23.433180625047743 ], [ -109.669134366407391, 23.43163189389983 ], [ -109.669067599568066, 23.431152102741024 ], [ -109.668740517340268, 23.430461808315421 ], [ -109.668340026074873, 23.429955463828215 ], [ -109.666798170469235, 23.428282809288682 ], [ -109.66633102393763, 23.427836851956197 ], [ -109.665692841449015, 23.427428379171452 ], [ -109.665248296884641, 23.427290803999522 ], [ -109.663811939129744, 23.427057252914704 ], [ -109.663383861227956, 23.426924893541148 ], [ -109.662822520624403, 23.426540774291158 ], [ -109.662448684577967, 23.426124392157458 ], [ -109.6612654715113, 23.424565391074136 ], [ -109.661196784068139, 23.424481830231777 ], [ -109.660486578328445, 23.423737431373606 ], [ -109.660214768786602, 23.423577616996038 ], [ -109.659191703294439, 23.42313266209792 ], [ -109.659171296356035, 23.423121123540248 ], [ -109.658922326249737, 23.422846844752875 ], [ -109.658823885052414, 23.422600462029209 ], [ -109.658593057114544, 23.42171341621513 ], [ -109.658535966934778, 23.421187983945821 ], [ -109.658500372251268, 23.41962301251716 ], [ -109.658506611447265, 23.41791277103038 ], [ -109.65857130852747, 23.411496612386482 ], [ -109.658611896351346, 23.409654581744505 ], [ -109.658736619410234, 23.407474600159286 ], [ -109.658874206721563, 23.406202371428424 ], [ -109.659391540269553, 23.402445283213641 ], [ -109.659583229734409, 23.40126495850415 ], [ -109.659960461429861, 23.399513866601975 ], [ -109.660307671320936, 23.398192630821352 ], [ -109.661550704665771, 23.393777947030323 ], [ -109.661941397199143, 23.392507878909765 ], [ -109.662521641710285, 23.390995586066591 ], [ -109.662959871555586, 23.390105235774513 ], [ -109.664424671583149, 23.387462551952286 ], [ -109.664944760685671, 23.386638935515499 ], [ -109.665907069004021, 23.385438082259377 ], [ -109.666761701903653, 23.384546191336046 ], [ -109.669787609218147, 23.381584851171894 ], [ -109.670674600246031, 23.380754173286913 ], [ -109.67178805708231, 23.379839051311961 ], [ -109.672491723873705, 23.379362413958653 ], [ -109.674662029295376, 23.37805321398416 ], [ -109.675375924893004, 23.377652851495135 ], [ -109.676537151882357, 23.377093707259309 ], [ -109.677482150938616, 23.376695290132123 ], [ -109.678546443580743, 23.37626935096737 ], [ -109.679086312461777, 23.376053290749375 ], [ -109.679954692479669, 23.375705757519448 ], [ -109.680694790219746, 23.375436326517189 ], [ -109.681301313645676, 23.375259554970896 ], [ -109.681582852430097, 23.375127408727174 ], [ -109.681877087079073, 23.374926500529106 ], [ -109.682300890581715, 23.374541690380369 ], [ -109.691614513269499, 23.378724244639187 ], [ -109.701608862045262, 23.383400059935653 ], [ -109.731381390988375, 23.396582722412951 ], [ -109.745207194683289, 23.40279160332474 ], [ -109.757044359607534, 23.408107427921237 ], [ -109.766087289152011, 23.406483634642761 ], [ -109.774684962578121, 23.404939793761194 ], [ -109.797812522844964, 23.400786894335834 ], [ -109.811491225872942, 23.398330678578997 ], [ -109.819745277756368, 23.39684854008587 ], [ -109.819742565018757, 23.397123477810272 ], [ -109.819706290584747, 23.397611764228582 ], [ -109.81966245558894, 23.398009819485388 ], [ -109.819597862550282, 23.39852569926154 ], [ -109.819499975020378, 23.399014244818311 ], [ -109.819393064384911, 23.399466939195712 ], [ -109.819193807025201, 23.400021356863274 ], [ -109.818797076447908, 23.401090745536504 ], [ -109.817787511866825, 23.40421576652459 ], [ -109.81777612297185, 23.404353295518629 ], [ -109.817764734046605, 23.404490824508514 ], [ -109.81778014848004, 23.404821161109236 ], [ -109.818013991152739, 23.405486756928806 ], [ -109.818052731283885, 23.405669941023454 ], [ -109.817999674456928, 23.405859204483423 ], [ -109.817885138651349, 23.405946396690851 ], [ -109.817403694227693, 23.406164029273008 ], [ -109.817266599154379, 23.406312013932478 ], [ -109.817108266765388, 23.406784977228924 ], [ -109.81701917228915, 23.407312654439416 ], [ -109.816761725659802, 23.409302184185858 ], [ -109.81655937771886, 23.410184624297305 ], [ -109.815872525238106, 23.412313146432382 ], [ -109.815093635111765, 23.414471447956206 ], [ -109.812145455293162, 23.422414955035098 ], [ -109.811377357698504, 23.424583474052156 ], [ -109.810741294490398, 23.426759767240604 ], [ -109.810600750986922, 23.427700242802864 ], [ -109.81058095664585, 23.429912837630631 ], [ -109.810542501658986, 23.430518791706426 ], [ -109.810382839890195, 23.431133982791259 ], [ -109.810193206370684, 23.431406872950916 ], [ -109.809467908331442, 23.432065167185261 ], [ -109.809278726605797, 23.432287256746722 ], [ -109.809121180380288, 23.432665382593381 ], [ -109.809085296435995, 23.432983473011205 ], [ -109.809075384457643, 23.434089769146503 ], [ -109.809050510611698, 23.434407943476703 ], [ -109.808944344614119, 23.434786460910171 ], [ -109.808817552509353, 23.435009025681346 ], [ -109.808332019434104, 23.435669142846677 ], [ -109.808210958614524, 23.435866349410961 ], [ -109.808131543976288, 23.436126530578068 ], [ -109.808139155633896, 23.436301011488929 ], [ -109.808254092060622, 23.436855074558949 ], [ -109.808333502929969, 23.437004702217298 ], [ -109.808589150387547, 23.437148901361777 ], [ -109.808874950251578, 23.437205272074976 ], [ -109.809953036532988, 23.437324132025886 ], [ -109.810233104572873, 23.437405857970489 ], [ -109.810462001636779, 23.437668390049375 ], [ -109.810508929241593, 23.437961710333767 ], [ -109.810499026755025, 23.439068006337862 ], [ -109.810429837257914, 23.439416324707654 ], [ -109.810116854266539, 23.439935514064594 ], [ -109.80973892363626, 23.440328893955677 ], [ -109.808288214433574, 23.441645468853604 ], [ -109.807742641211775, 23.442311897990127 ], [ -109.806647341053662, 23.444105329116191 ], [ -109.805628178916379, 23.44600093925235 ], [ -109.801967163027072, 23.453053628802625 ], [ -109.800980622772386, 23.454979934016837 ], [ -109.800038011353848, 23.456916730001261 ], [ -109.799677985033242, 23.457757281950514 ], [ -109.798940476816938, 23.459743063191372 ], [ -109.798759307396367, 23.460290334955236 ], [ -109.798651371853879, 23.460858491487688 ], [ -109.798678349066222, 23.461122872168374 ], [ -109.798912180233046, 23.46178849205074 ], [ -109.798950814565686, 23.461981838976598 ], [ -109.798897275487008, 23.462218504916148 ], [ -109.798782156455246, 23.462363252114599 ], [ -109.798298471572835, 23.462802072115913 ], [ -109.79814966818914, 23.463017682706251 ], [ -109.798066881581846, 23.463240575563969 ], [ -109.798042585976063, 23.463491013788683 ], [ -109.798034571255414, 23.464376043672537 ], [ -109.797965118238224, 23.464748059682918 ], [ -109.797649016513475, 23.465599104031277 ], [ -109.797280388466575, 23.466413062994736 ], [ -109.797100845817837, 23.467074920870584 ], [ -109.7967320463774, 23.468067802990337 ], [ -109.796391304729568, 23.468800114838295 ], [ -109.795169951898743, 23.471224681379006 ], [ -109.794851774172912, 23.471896200536136 ], [ -109.794588323935585, 23.47260539705654 ], [ -109.794530146740982, 23.472947016457205 ], [ -109.79452210497351, 23.473832044123139 ], [ -109.79449221639004, 23.474051925456706 ], [ -109.794329481393149, 23.474423248672302 ], [ -109.79414030379516, 23.474635155421751 ], [ -109.793414683224356, 23.475293358474968 ], [ -109.793225410484894, 23.475515423728289 ], [ -109.79306776206829, 23.475893527324612 ], [ -109.793031823150983, 23.476211610265015 ], [ -109.793021756819442, 23.477317893756357 ], [ -109.792974248241975, 23.477696849798335 ], [ -109.792762606880117, 23.478359027673154 ], [ -109.792507768994568, 23.478926039596033 ], [ -109.791530149808224, 23.480909912866178 ], [ -109.791275301318166, 23.481476922172387 ], [ -109.791063644634022, 23.482139096826749 ], [ -109.791016128093105, 23.482518051740367 ], [ -109.79100604191801, 23.483624333512736 ], [ -109.790970095082471, 23.483942415378685 ], [ -109.790812429159658, 23.484320515614876 ], [ -109.790623138595464, 23.484542576744399 ], [ -109.789897444753322, 23.485200759643845 ], [ -109.789708151381845, 23.485422819522029 ], [ -109.789550479955835, 23.485800918189582 ], [ -109.789514528800083, 23.486118999464178 ], [ -109.789504428364324, 23.487225280110593 ], [ -109.789485045554443, 23.487538409780509 ], [ -109.789404692963984, 23.487893400979246 ], [ -109.789309286220558, 23.488087401545478 ], [ -109.788944405747884, 23.488637745750097 ], [ -109.78878920322164, 23.488744917520648 ], [ -109.788429807309811, 23.488694708366587 ], [ -109.788071588161444, 23.488515808705056 ], [ -109.786759304147978, 23.487731146901563 ], [ -109.786416264086384, 23.487699688003055 ], [ -109.786127683094705, 23.488337547554877 ], [ -109.786058463313978, 23.48928023486539 ], [ -109.786024016078045, 23.49304158205727 ], [ -109.786036710577534, 23.494061110089724 ], [ -109.786130403792569, 23.495057561439136 ], [ -109.786251557482771, 23.495461535367724 ], [ -109.786723251227841, 23.496350294991206 ], [ -109.786844965785392, 23.496693310334535 ], [ -109.786941270117893, 23.497405289699483 ], [ -109.786957132670636, 23.49807938776171 ], [ -109.786934851248716, 23.500513198929013 ], [ -109.786950992429411, 23.501156817668146 ], [ -109.787048601619006, 23.501726561049601 ], [ -109.787171902398214, 23.501896861391987 ], [ -109.787649697423177, 23.502121852129331 ], [ -109.787762261925408, 23.502261587221398 ], [ -109.787809767039064, 23.502688694418453 ], [ -109.787765066447363, 23.503159112482262 ], [ -109.787508953590134, 23.504927288932404 ], [ -109.787464250791857, 23.505397706702308 ], [ -109.787511755573021, 23.505824813829033 ], [ -109.787624322882081, 23.505964549080083 ], [ -109.788102133081807, 23.506189538953297 ], [ -109.788226182688192, 23.506278561075789 ], [ -109.788327269804313, 23.506469008592159 ], [ -109.788347630257888, 23.506652054425338 ], [ -109.788341558286376, 23.507315820797203 ], [ -109.788312204097807, 23.507513720449442 ], [ -109.788181289667463, 23.507773485738401 ], [ -109.788023622974507, 23.507946679214662 ], [ -109.787418756788099, 23.508495148657762 ], [ -109.78709592881566, 23.508656894635291 ], [ -109.786194265942541, 23.508863238085212 ], [ -109.78522900334066, 23.508996263907438 ], [ -109.781626097703565, 23.509410659671317 ], [ -109.780236912098573, 23.509514936050408 ], [ -109.777356962510964, 23.509587182167234 ], [ -109.774631937793444, 23.509586084601526 ], [ -109.764795131270489, 23.509508371886174 ], [ -109.761894325295614, 23.509454855290937 ], [ -109.758194020064153, 23.509283147790004 ], [ -109.755808678842783, 23.50909138299253 ], [ -109.748377443164685, 23.508368027960561 ], [ -109.74619043925081, 23.508177710673543 ], [ -109.743415602381702, 23.508013101802117 ], [ -109.741638548871009, 23.507968272249276 ], [ -109.736120471920174, 23.507923587748014 ], [ -109.734099800002596, 23.508008778447824 ], [ -109.730188053515036, 23.508451077817533 ], [ -109.726620495648689, 23.508997695146043 ], [ -109.713883436714539, 23.511105693290538 ], [ -109.71056378401812, 23.511638744469089 ], [ -109.707809336987594, 23.512018932280377 ], [ -109.707194085087011, 23.512029065676288 ], [ -109.707077365021149, 23.511696197024246 ], [ -109.707080242668127, 23.511589538918464 ], [ -109.707210391220571, 23.511424669712536 ], [ -109.707393439785861, 23.511295800184627 ], [ -109.7081175152329, 23.510859276150164 ], [ -109.708306417324309, 23.510694893359467 ], [ -109.708463887310415, 23.510364299764905 ], [ -109.70849994256595, 23.51005640618375 ], [ -109.708510730537327, 23.508950163094109 ], [ -109.708546983260874, 23.508621950672659 ], [ -109.708705374410272, 23.508196535754944 ], [ -109.708895394247804, 23.507917012369536 ], [ -109.709623757048334, 23.50703798257479 ], [ -109.709813674256068, 23.506768617253613 ], [ -109.709971597129737, 23.506390611136563 ], [ -109.710007284549931, 23.506119967932442 ], [ -109.710015903291037, 23.505234972499597 ], [ -109.710051491254333, 23.50497448861594 ], [ -109.710208949432769, 23.504643892528588 ], [ -109.710398301345975, 23.504432096083669 ], [ -109.711124481551337, 23.503774306605671 ], [ -109.711302616995468, 23.503582736549383 ], [ -109.711407739666697, 23.50334653465568 ], [ -109.71137977995393, 23.50320067362739 ], [ -109.711144179786331, 23.502756190590549 ], [ -109.711105006768747, 23.502630557156877 ], [ -109.711157798523601, 23.502488751010407 ], [ -109.711272388164033, 23.502411804164815 ], [ -109.71175434721296, 23.502194524095831 ], [ -109.711880446131545, 23.502066870888619 ], [ -109.711986949226031, 23.50168843687069 ], [ -109.71201299759835, 23.501275470122014 ], [ -109.712028053193976, 23.499726725858366 ], [ -109.712054298242606, 23.499293440173226 ], [ -109.712161719805749, 23.498820184682813 ], [ -109.712288933929671, 23.498577391014042 ], [ -109.712775175798768, 23.497917608381993 ], [ -109.712891964354512, 23.497613766636409 ], [ -109.712950738197875, 23.496855622131303 ], [ -109.712917912884961, 23.496076400346421 ], [ -109.712705958430817, 23.49319817603881 ], [ -109.71267293700862, 23.492439272777652 ], [ -109.712730787398783, 23.491775949029506 ], [ -109.71284645181656, 23.491587246900117 ], [ -109.713328368240525, 23.491369959822055 ], [ -109.713454454866863, 23.491242304648335 ], [ -109.713560943222205, 23.490863868462029 ], [ -109.713586982830932, 23.490450900582115 ], [ -109.713602012269817, 23.488902153207789 ], [ -109.713628149631219, 23.488479025773934 ], [ -109.713735094868426, 23.488053178572585 ], [ -109.713861736310577, 23.48786795278626 ], [ -109.714345782984736, 23.487429412048339 ], [ -109.714449999420466, 23.487284641675707 ], [ -109.714452298037827, 23.48704758834992 ], [ -109.714351365780004, 23.486853711135705 ], [ -109.713878052812703, 23.486186003353332 ], [ -109.713734147634838, 23.485880008485193 ], [ -109.713535901522434, 23.485119740859552 ], [ -109.713396598626318, 23.48433963910847 ], [ -109.712944773303235, 23.481459431131118 ], [ -109.712849336201444, 23.480700011492036 ], [ -109.712855778242385, 23.480036262019155 ], [ -109.712960417257037, 23.479847468120965 ], [ -109.713442289837957, 23.479630178487209 ], [ -109.713568167521103, 23.479522841407775 ], [ -109.713673724760554, 23.479239225559645 ], [ -109.713698643181999, 23.47894139722003 ], [ -109.713709371802068, 23.477835147446783 ], [ -109.713839857972303, 23.477441667676921 ], [ -109.714438061158788, 23.476711677011942 ], [ -109.715162145654247, 23.476062309943813 ], [ -109.717942949230036, 23.473761889471501 ], [ -109.719064078319761, 23.473054805621231 ], [ -109.721515247306087, 23.472055510090211 ], [ -109.723895777603389, 23.471335004330541 ], [ -109.732553597796837, 23.468971663572404 ], [ -109.734922910436822, 23.468261054145895 ], [ -109.737322036288234, 23.467308494680854 ], [ -109.738380057834547, 23.466658329937324 ], [ -109.740918337766686, 23.46457678314902 ], [ -109.741590193818283, 23.463994599351782 ], [ -109.742187286719229, 23.46335931435264 ], [ -109.742368424742438, 23.463033950641019 ], [ -109.742616643936685, 23.462150872835441 ], [ -109.74278657392874, 23.46184573883658 ], [ -109.743331360832585, 23.461304857072445 ], [ -109.743343126151032, 23.461295814484863 ], [ -109.743362836027046, 23.461276323004071 ], [ -109.74400264481433, 23.460780232422049 ], [ -109.746417676257281, 23.459029500286245 ], [ -109.747062921311624, 23.458538520101488 ], [ -109.747449245156673, 23.458188267778375 ], [ -109.747681562644686, 23.457883628672473 ], [ -109.748169560650055, 23.457002464659258 ], [ -109.748407428388617, 23.45669278865206 ], [ -109.748438901399723, 23.456664253448974 ], [ -109.749029480688961, 23.456128797451587 ], [ -109.749035034703567, 23.456123761803493 ], [ -109.749680255955354, 23.455632769591492 ], [ -109.752095119866397, 23.453881941190961 ], [ -109.752855993855988, 23.453386779771709 ], [ -109.753991907829771, 23.452826874173549 ], [ -109.754853769643702, 23.452522169638296 ], [ -109.757739861802847, 23.45166009258493 ], [ -109.758496714890271, 23.451395172805817 ], [ -109.759142622948815, 23.451020989274518 ], [ -109.759308497504747, 23.450751364207836 ], [ -109.759436671657014, 23.449867298989055 ] ], [ [ -109.771531630469141, 23.44728854047991 ], [ -109.772871655434813, 23.44687234539747 ], [ -109.773624355345859, 23.446454910663739 ], [ -109.77579690470705, 23.444923064380358 ], [ -109.776417447254858, 23.44450457860982 ], [ -109.777140790443426, 23.444083508953362 ], [ -109.777553597651618, 23.443900467926586 ], [ -109.778756686296475, 23.44346734244488 ], [ -109.779323088632495, 23.443346461231268 ], [ -109.780763214086107, 23.443215472085001 ], [ -109.782254133950175, 23.443149215570031 ], [ -109.787771632659513, 23.442970896953792 ], [ -109.78933962920523, 23.442905171158369 ], [ -109.791139449427448, 23.442776875537373 ], [ -109.79214262404885, 23.442659329776795 ], [ -109.795024277353988, 23.442239058425827 ], [ -109.795790747864118, 23.442114580991856 ], [ -109.796485965547177, 23.441953988508121 ], [ -109.796712663932169, 23.441849051066797 ], [ -109.797075371890514, 23.441519936850575 ], [ -109.797153370714597, 23.441418932831191 ], [ -109.797154658352795, 23.441276695520415 ], [ -109.797078499212134, 23.441174503391331 ], [ -109.796721803347339, 23.440839843642724 ], [ -109.79623249359534, 23.440759866695114 ], [ -109.794305744239537, 23.440721286730344 ], [ -109.792042554983951, 23.440746122796153 ], [ -109.78340775504337, 23.440900328206606 ], [ -109.781061565140675, 23.440970079918415 ], [ -109.778747474246472, 23.441141652119924 ], [ -109.777787818722501, 23.441317028516334 ], [ -109.775623507788794, 23.441963881694019 ], [ -109.77499380610962, 23.442182470518098 ], [ -109.774219518643065, 23.442555714860234 ], [ -109.773743095151602, 23.442870333150712 ], [ -109.772294061177476, 23.443965301080944 ], [ -109.771806710698243, 23.444269666664241 ], [ -109.770981454460269, 23.444595077565982 ], [ -109.770289868020484, 23.44475558341485 ], [ -109.767887714988632, 23.445179179708759 ], [ -109.76718520520599, 23.445329424867509 ], [ -109.766308985390268, 23.445606992421499 ], [ -109.765759752134727, 23.445853273365003 ], [ -109.764072872449745, 23.446725008268249 ], [ -109.763556854679209, 23.446951223346321 ], [ -109.762835663382702, 23.44713516842998 ], [ -109.762321409141492, 23.447171732111123 ], [ -109.760642749182935, 23.447158408659604 ], [ -109.760199975278198, 23.44720569343934 ], [ -109.759812355450876, 23.447439689530135 ], [ -109.759701386529954, 23.447726685866726 ], [ -109.759571150613922, 23.448832006422808 ], [ -109.759642158732163, 23.449089967940843 ], [ -109.760103767913407, 23.449188467204532 ], [ -109.760692200474438, 23.449071217019288 ], [ -109.762976596885508, 23.448425530122819 ], [ -109.763758391075626, 23.448238677990563 ], [ -109.765122377649789, 23.448012401819028 ], [ -109.766289135749247, 23.447875998185289 ], [ -109.770370010644939, 23.447465665957949 ], [ -109.771531630469141, 23.44728854047991 ] ] ] ] } },
{ "type": "Feature", "properties": { "fid": 56.0, "cat": 56, "CLAVE_ACUI": "0320", "NOM_ACUIF": "SANTIAGO", "VULNERABIL": 1 }, "geometry": { "type": "MultiPolygon", "coordinates": [ [ [ [ -109.760692200474438, 23.449071217019288 ], [ -109.760103767913407, 23.449188467204532 ], [ -109.759642158732163, 23.449089967940843 ], [ -109.759571150613922, 23.448832006422808 ], [ -109.759701386529954, 23.447726685866726 ], [ -109.759812355450876, 23.447439689530135 ], [ -109.760199975278198, 23.44720569343934 ], [ -109.760642749182935, 23.447158408659604 ], [ -109.762321409141492, 23.447171732111123 ], [ -109.762835663382702, 23.44713516842998 ], [ -109.763556854679209, 23.446951223346321 ], [ -109.764072872449745, 23.446725008268249 ], [ -109.765759752134727, 23.445853273365003 ], [ -109.766308985390268, 23.445606992421499 ], [ -109.76718520520599, 23.445329424867509 ], [ -109.767887714988632, 23.445179179708759 ], [ -109.770289868020484, 23.44475558341485 ], [ -109.770981454460269, 23.444595077565982 ], [ -109.771806710698243, 23.444269666664241 ], [ -109.772294061177476, 23.443965301080944 ], [ -109.773743095151602, 23.442870333150712 ], [ -109.774219518643065, 23.442555714860234 ], [ -109.77499380610962, 23.442182470518098 ], [ -109.775623507788794, 23.441963881694019 ], [ -109.777787818722501, 23.441317028516334 ], [ -109.778747474246472, 23.441141652119924 ], [ -109.781061565140675, 23.440970079918415 ], [ -109.78340775504337, 23.440900328206606 ], [ -109.792042554983951, 23.440746122796153 ], [ -109.794305744239537, 23.440721286730344 ], [ -109.79623249359534, 23.440759866695114 ], [ -109.796721803347339, 23.440839843642724 ], [ -109.797078499212134, 23.441174503391331 ], [ -109.797154658352795, 23.441276695520415 ], [ -109.797153370714597, 23.441418932831191 ], [ -109.797075371890514, 23.441519936850575 ], [ -109.796712663932169, 23.441849051066797 ], [ -109.796485965547177, 23.441953988508121 ], [ -109.795790747864118, 23.442114580991856 ], [ -109.795024277353988, 23.442239058425827 ], [ -109.79214262404885, 23.442659329776795 ], [ -109.791139449427448, 23.442776875537373 ], [ -109.78933962920523, 23.442905171158369 ], [ -109.787771632659513, 23.442970896953792 ], [ -109.782254133950175, 23.443149215570031 ], [ -109.780763214086107, 23.443215472085001 ], [ -109.779323088632495, 23.443346461231268 ], [ -109.778756686296475, 23.44346734244488 ], [ -109.777553597651618, 23.443900467926586 ], [ -109.777140790443426, 23.444083508953362 ], [ -109.776417447254858, 23.44450457860982 ], [ -109.77579690470705, 23.444923064380358 ], [ -109.773624355345859, 23.446454910663739 ], [ -109.772871655434813, 23.44687234539747 ], [ -109.771531630469141, 23.44728854047991 ], [ -109.770370010644939, 23.447465665957949 ], [ -109.766289135749247, 23.447875998185289 ], [ -109.765122377649789, 23.448012401819028 ], [ -109.763758391075626, 23.448238677990563 ], [ -109.762976596885508, 23.448425530122819 ], [ -109.760692200474438, 23.449071217019288 ] ] ] ] } },
{ "type": "Feature", "properties": { "fid": 57.0, "cat": 57, "CLAVE_ACUI": "0320", "NOM_ACUIF": "SANTIAGO", "VULNERABIL": 2 }, "geometry": null },
{ "type": "Feature", "properties": { "fid": 58.0, "cat": 58, "CLAVE_ACUI": "0320", "NOM_ACUIF": "SANTIAGO", "VULNERABIL": 2 }, "geometry": { "type": "MultiPolygon", "coordinates": [ [ [ [ -109.574421016789429, 23.370902904192523 ], [ -109.574530197592438, 23.371899577093764 ], [ -109.574718662210529, 23.372114654020763 ], [ -109.575488982406682, 23.372121671216242 ], [ -109.57640097255937, 23.371916614384322 ], [ -109.57988657807735, 23.370952618866951 ], [ -109.580778059952905, 23.370605109710514 ], [ -109.581452727286347, 23.369947442572162 ], [ -109.581525058962924, 23.369355431678784 ], [ -109.581187948842071, 23.367250382853051 ], [ -109.581232282729985, 23.366703838002284 ], [ -109.581776276800397, 23.366258343378238 ], [ -109.582509077040513, 23.36616846443442 ], [ -109.585384822136248, 23.366194493188463 ], [ -109.586155434855698, 23.366170979065917 ], [ -109.586875879154007, 23.366035247750801 ], [ -109.587134472070304, 23.365864862839484 ], [ -109.587620792513562, 23.365205465535244 ], [ -109.587856944450465, 23.365075516835049 ], [ -109.588472669741307, 23.365128486507079 ], [ -109.589116127543079, 23.365334104318588 ], [ -109.591503225705992, 23.366240664666389 ], [ -109.592223401708338, 23.366477440839351 ], [ -109.593197106090159, 23.366675853593218 ], [ -109.593867934570397, 23.366722524504187 ], [ -109.596024762543095, 23.366741894892769 ], [ -109.596640785689303, 23.366767742016272 ], [ -109.597358731767372, 23.36686900760802 ], [ -109.597768346223106, 23.366987826784861 ], [ -109.598961938686912, 23.367441047346553 ], [ -109.599288864103016, 23.367574362197558 ], [ -109.599620918920849, 23.367743282510109 ], [ -109.599768357153451, 23.367851282837698 ], [ -109.600124347978905, 23.368186364011411 ], [ -109.600221787460356, 23.368339636798961 ], [ -109.600320513436188, 23.368719829049674 ], [ -109.600364111040761, 23.369109688077859 ], [ -109.600468841088485, 23.370548837858628 ], [ -109.600628147663258, 23.370924491872394 ], [ -109.601266849346203, 23.371238392784811 ], [ -109.602019973898081, 23.371311165712036 ], [ -109.602968818258162, 23.371319642722668 ], [ -109.603690105558087, 23.371104819200106 ], [ -109.604125727977262, 23.371018959831449 ], [ -109.604716061314065, 23.371047933397726 ], [ -109.605123773361655, 23.371175183757035 ], [ -109.60561403077088, 23.371386203456456 ], [ -109.605660199298853, 23.371389376631278 ], [ -109.606351262630568, 23.371608896677714 ], [ -109.606494808748565, 23.371777031557205 ], [ -109.606765936750193, 23.371947873136818 ], [ -109.606992824675544, 23.372352910173522 ], [ -109.606987115628286, 23.372723702072907 ], [ -109.606944508304807, 23.372946429563342 ], [ -109.607002743730376, 23.373159031116685 ], [ -109.607024705902418, 23.373514829303481 ], [ -109.606976569772513, 23.373732842195746 ], [ -109.6067299707031, 23.374394437173841 ], [ -109.606621465884373, 23.374596672024673 ], [ -109.606361710045107, 23.374878839724079 ], [ -109.606099134718178, 23.375079701257121 ], [ -109.605133534033669, 23.375734883749278 ], [ -109.604881534881613, 23.375976477659734 ], [ -109.604671144241891, 23.376448737113655 ], [ -109.604622585780547, 23.376881799909157 ], [ -109.604606370376018, 23.378430500207134 ], [ -109.60450235872969, 23.378903708261607 ], [ -109.604033184411449, 23.379563311387411 ], [ -109.603466944366531, 23.380032391696027 ], [ -109.601293638160456, 23.381561811058162 ], [ -109.600705155728022, 23.382051001668898 ], [ -109.600132236439748, 23.382804490293772 ], [ -109.599902264568428, 23.383391713682482 ], [ -109.599401975776033, 23.385378600673018 ], [ -109.599205119980411, 23.385955959171962 ], [ -109.598786755628851, 23.386663412701303 ], [ -109.598385947388991, 23.387096701416965 ], [ -109.596933858688843, 23.388411253581793 ], [ -109.596566378398734, 23.388814356128947 ], [ -109.596303575041674, 23.389380957986678 ], [ -109.596295623771951, 23.389787287487906 ], [ -109.596521324920857, 23.391116890128281 ], [ -109.596557934297905, 23.391472819542873 ], [ -109.596503074423296, 23.391804221008314 ], [ -109.596388093502355, 23.391921722189558 ], [ -109.59590637502528, 23.392138658646836 ], [ -109.595780386961223, 23.392256060473859 ], [ -109.59567416170718, 23.392587000092892 ], [ -109.595648399434907, 23.392942369224549 ], [ -109.595634400473514, 23.394269818812532 ], [ -109.595641335687318, 23.394655961672676 ], [ -109.595687699747387, 23.395130512224675 ], [ -109.595746999116088, 23.395422298721407 ], [ -109.595977366972932, 23.396309418327608 ], [ -109.596070115920114, 23.39656086513212 ], [ -109.596272575327291, 23.396847163982581 ], [ -109.596469054225309, 23.397004715381403 ], [ -109.597183498811816, 23.397453654674489 ], [ -109.597220220765578, 23.397625011201161 ], [ -109.596677140605749, 23.397975736317754 ], [ -109.595864586524513, 23.398305411910158 ], [ -109.592615716096589, 23.399493131307779 ], [ -109.591626925133284, 23.399831356805755 ], [ -109.590261466481493, 23.400222058398615 ], [ -109.589299603805742, 23.400441978401773 ], [ -109.586176358406078, 23.401077538831871 ], [ -109.585292181163112, 23.401237176587347 ], [ -109.584289281371184, 23.401346627210639 ], [ -109.583740746311889, 23.401343350196257 ], [ -109.582183818914871, 23.401218601462066 ], [ -109.581746329055662, 23.401124885235987 ], [ -109.58126163621229, 23.400812300064469 ], [ -109.581006708267509, 23.400459466751588 ], [ -109.58030174418586, 23.399125495668923 ], [ -109.580130293777415, 23.39868705969975 ], [ -109.580035148214577, 23.397974997863336 ], [ -109.58007067510664, 23.397396202716028 ], [ -109.580331606592097, 23.395407219781685 ], [ -109.580378029043999, 23.394838683237193 ], [ -109.580333741573227, 23.394174496395962 ], [ -109.580224052244077, 23.393794194603352 ], [ -109.579756460488426, 23.392683639062188 ], [ -109.579580086119691, 23.392363690781181 ], [ -109.579224594255194, 23.391981154614029 ], [ -109.578893123384674, 23.391754622244825 ], [ -109.577701757483993, 23.391080002606444 ], [ -109.57737040005955, 23.390843308241795 ], [ -109.577015425157057, 23.390413358933554 ], [ -109.57683967536731, 23.390035840413283 ], [ -109.576374488446689, 23.388704036364548 ], [ -109.576182722278588, 23.388280651506712 ], [ -109.575752997637153, 23.387636659624864 ], [ -109.575330873119512, 23.387140055384148 ], [ -109.57379070418736, 23.385466553160089 ], [ -109.573335141659115, 23.385010278783266 ], [ -109.572749331285706, 23.384554507626142 ], [ -109.57236802018997, 23.384359680622179 ], [ -109.571174381526163, 23.383906255015813 ], [ -109.570814758847703, 23.383742102417639 ], [ -109.570330154554, 23.383429487021502 ], [ -109.569997485804805, 23.383147046314466 ], [ -109.56892964430547, 23.38214160190568 ], [ -109.568641221411781, 23.381839243544096 ], [ -109.568363080631897, 23.381433686026668 ], [ -109.56825415880941, 23.381156676859774 ], [ -109.568023998414631, 23.38026952502064 ], [ -109.568019354501288, 23.380018870436931 ], [ -109.56822784108617, 23.379736300857427 ], [ -109.568530322415697, 23.379583284090238 ], [ -109.569733411460334, 23.37915176975585 ], [ -109.570036216897336, 23.378968273036826 ], [ -109.570246223497946, 23.378543474992362 ], [ -109.570243428132187, 23.378120117880933 ], [ -109.570020379873611, 23.37656924941129 ], [ -109.569945998670079, 23.376150317666337 ], [ -109.56982193253161, 23.375746171495599 ], [ -109.569719076261762, 23.375587751547112 ], [ -109.569363147142781, 23.375252604227583 ], [ -109.569171380992188, 23.37517465032056 ], [ -109.568632400528045, 23.375146012066317 ], [ -109.568054194218192, 23.375183052541619 ], [ -109.565894875435347, 23.375384529164212 ], [ -109.565233093002561, 23.375517312249851 ], [ -109.564304093300791, 23.375935504792189 ], [ -109.563638730407405, 23.376400139437997 ], [ -109.561462672213665, 23.378150225114787 ], [ -109.560841528190736, 23.378594933774096 ], [ -109.560118946678855, 23.378920173368524 ], [ -109.559707834824209, 23.378940094070085 ], [ -109.55851189924077, 23.378707814458071 ], [ -109.558194825478637, 23.378682878330235 ], [ -109.557911080379398, 23.378798794450368 ], [ -109.557822803641628, 23.378989325520362 ], [ -109.557694589857974, 23.379762554568551 ], [ -109.557628102447111, 23.379973606266617 ], [ -109.557446042349724, 23.380185285146826 ], [ -109.557252443884451, 23.380276631670775 ], [ -109.556531043527116, 23.380491234623832 ], [ -109.556326438861205, 23.380582478357312 ], [ -109.556093018301127, 23.380793681351278 ], [ -109.555964164894846, 23.381004156308819 ], [ -109.555596267294703, 23.381775169321926 ], [ -109.555445621778503, 23.381965122642349 ], [ -109.555110509352062, 23.382080558701951 ], [ -109.554782423340697, 23.382055513603266 ], [ -109.553586470887495, 23.38182319543759 ], [ -109.553269501552478, 23.381788090126182 ], [ -109.552986260772926, 23.38185658861801 ], [ -109.552898600096512, 23.381989549406075 ], [ -109.55277275716864, 23.382541534796729 ], [ -109.552772586760852, 23.382726104707707 ], [ -109.552897635493906, 23.383035445633777 ], [ -109.553076447534821, 23.383292791183475 ], [ -109.553785860331303, 23.384184394478648 ], [ -109.553953229006339, 23.384482272874553 ], [ -109.554024864617887, 23.384980770465663 ], [ -109.553959831512103, 23.385395031557518 ], [ -109.55358470238987, 23.386829751472305 ], [ -109.55342105650638, 23.387202460213334 ], [ -109.553032509192661, 23.387507048054857 ], [ -109.552641088042279, 23.387569464151515 ], [ -109.551203005034381, 23.387556144049448 ], [ -109.550807240767256, 23.387511836455214 ], [ -109.550398423966982, 23.387318395193404 ], [ -109.55021016450965, 23.387086358798189 ], [ -109.550072615239472, 23.38675483300203 ], [ -109.549923991957613, 23.386467327605402 ], [ -109.549747533146544, 23.386189197235577 ], [ -109.549519277113106, 23.385954461193638 ], [ -109.549264104436915, 23.385814283362709 ], [ -109.548956905374297, 23.385712178966607 ], [ -109.548374680333893, 23.385608562176024 ], [ -109.54622000636671, 23.385367282749126 ], [ -109.545632116429786, 23.385278843016501 ], [ -109.545043299234024, 23.385107420190103 ], [ -109.544790021494507, 23.384950971691794 ], [ -109.544196877932364, 23.384392301590101 ], [ -109.544075802100394, 23.384255654304862 ], [ -109.544029568875757, 23.384201961735069 ], [ -109.543855591855674, 23.383896369902633 ], [ -109.543768508950322, 23.383639868843524 ], [ -109.543634199377792, 23.383121792803639 ], [ -109.543517233319491, 23.382806076699367 ], [ -109.543416903754718, 23.382647026731785 ], [ -109.543241287113133, 23.382452485501467 ], [ -109.543000595275188, 23.382289426881986 ], [ -109.542861988028932, 23.3822309146944 ], [ -109.542685973063314, 23.3821912894307 ], [ -109.542096105256448, 23.382072459786709 ], [ -109.542263876164924, 23.381079142987488 ], [ -109.542467311101063, 23.381032441441736 ], [ -109.542694965028218, 23.380963464192408 ], [ -109.542908419548979, 23.38087431174197 ], [ -109.543404792058823, 23.38065005250639 ], [ -109.543769310284148, 23.380433368916492 ], [ -109.544228440770667, 23.380160444175996 ], [ -109.544524288974898, 23.379987516627825 ], [ -109.54477206816307, 23.379864742080084 ], [ -109.545067689091113, 23.379738153309336 ], [ -109.545544330109138, 23.379596962252254 ], [ -109.547226813180941, 23.379170082175023 ], [ -109.547681827709283, 23.378993123898631 ], [ -109.548122750119106, 23.378594209173734 ], [ -109.548297624796106, 23.378201290225725 ], [ -109.548672780390277, 23.376766583094231 ], [ -109.548858987399925, 23.376343288748131 ], [ -109.549352800818028, 23.375802622120123 ], [ -109.549872040337718, 23.375453534232648 ], [ -109.551801328526537, 23.374365109645549 ], [ -109.552303994185237, 23.374020939623922 ], [ -109.552720495680845, 23.373503252147948 ], [ -109.552812833808488, 23.373107870042464 ], [ -109.552827244928821, 23.371780441675952 ], [ -109.552875563625889, 23.37138465212961 ], [ -109.553086639340819, 23.370865062511982 ], [ -109.553339856537391, 23.370518580800429 ], [ -109.554310452323278, 23.369421251776163 ], [ -109.55456333307562, 23.369105244434536 ], [ -109.55477285652961, 23.36872787654498 ], [ -109.554819295883448, 23.368504787286788 ], [ -109.554826490001744, 23.367841072152917 ], [ -109.554806573904642, 23.367647849636359 ], [ -109.554706438364803, 23.367409859696025 ], [ -109.554583303882666, 23.367263096513948 ], [ -109.554108813564554, 23.366816190844094 ], [ -109.554007467986651, 23.366689948463463 ], [ -109.554009010337438, 23.366547723814964 ], [ -109.554112559012736, 23.366470788111748 ], [ -109.554594242909403, 23.366253978528587 ], [ -109.55470956580082, 23.366106031712565 ], [ -109.554765561006448, 23.365636573774847 ], [ -109.554731433759187, 23.365103787777759 ], [ -109.55451337628493, 23.363110427731982 ], [ -109.554424067021756, 23.362550806612081 ], [ -109.554225346047147, 23.361932601591285 ], [ -109.554030768456215, 23.361609072549232 ], [ -109.553321465309281, 23.360717473774315 ], [ -109.553197587856175, 23.360470796881565 ], [ -109.553328790235639, 23.360211238461922 ], [ -109.553640098819983, 23.360087117129943 ], [ -109.554961666679574, 23.359767435776309 ], [ -109.555322433379501, 23.359648847664726 ], [ -109.555684446176485, 23.359415124257804 ], [ -109.555840840685747, 23.359199822364776 ], [ -109.556208666977426, 23.358428803457116 ], [ -109.556249799273218, 23.358187037738489 ], [ -109.556073926950233, 23.357829817222807 ], [ -109.555781549627923, 23.357561267518399 ], [ -109.554593003705492, 23.356665251121054 ], [ -109.554284402410715, 23.35637114912311 ], [ -109.554032800199394, 23.355894694381618 ], [ -109.553981968804379, 23.355508147200506 ], [ -109.553996356151032, 23.354180715163459 ], [ -109.553934522265095, 23.353794066267188 ], [ -109.553631578702138, 23.353317136622302 ], [ -109.553260637223858, 23.35302245678853 ], [ -109.551832531205392, 23.352124206791061 ], [ -109.551461707398161, 23.351819364101207 ], [ -109.551159291781218, 23.351295021967818 ], [ -109.551098092102791, 23.350850805128218 ], [ -109.551114906953302, 23.349302135454035 ], [ -109.55123552556887, 23.348834201540591 ], [ -109.551781595271166, 23.348199178466885 ], [ -109.552441073401766, 23.347759934131915 ], [ -109.554972539829336, 23.346345125016036 ], [ -109.555664236145219, 23.345977283238302 ], [ -109.556360715706859, 23.345675522042853 ], [ -109.556663993116999, 23.345612278660514 ], [ -109.5573828101233, 23.345618904053222 ], [ -109.5575810711602, 23.345600410943526 ], [ -109.557787471998665, 23.345507486199978 ], [ -109.557884069194301, 23.345393229832837 ], [ -109.558081329053806, 23.345007407324132 ], [ -109.558229577461987, 23.344737741185931 ], [ -109.558300835204122, 23.344571024959023 ], [ -109.558322528767775, 23.344502473297879 ], [ -109.558333166575196, 23.344468857826456 ], [ -109.55835043431297, 23.344408118266173 ], [ -109.558357822464146, 23.344367685891093 ], [ -109.558364530214192, 23.344311539218761 ], [ -109.558378184329499, 23.344264282225144 ], [ -109.55839226023177, 23.344234231290965 ], [ -109.558411270410161, 23.344213001489614 ], [ -109.558628220664744, 23.344264599280002 ], [ -109.560473366225281, 23.344703434597516 ], [ -109.562798987944774, 23.345256542692354 ], [ -109.567524392876777, 23.346380396884701 ], [ -109.57471264832391, 23.348089996619795 ], [ -109.578914882110908, 23.349089673338788 ], [ -109.583662934260175, 23.350218664219067 ], [ -109.583597910677753, 23.35040332442443 ], [ -109.58351426935252, 23.350578387663283 ], [ -109.583407772548881, 23.350809373881212 ], [ -109.583234470288133, 23.351043860869463 ], [ -109.583050838056337, 23.351214937051225 ], [ -109.582768791727077, 23.35141625977591 ], [ -109.582624869409287, 23.351506915785119 ], [ -109.582215862368983, 23.351764547447686 ], [ -109.58176169181688, 23.351983756441857 ], [ -109.581472468330531, 23.352080397586644 ], [ -109.581131781009688, 23.352181829988012 ], [ -109.580678250904185, 23.352308720066809 ], [ -109.580374621235421, 23.352370040213753 ], [ -109.579776250919821, 23.352490885307144 ], [ -109.576174865556439, 23.353121952969772 ], [ -109.575209986789162, 23.353311292614258 ], [ -109.574308620564366, 23.353563858071702 ], [ -109.573985834662963, 23.353735330795445 ], [ -109.573380865575828, 23.354282973050484 ], [ -109.573212011663927, 23.354466007084277 ], [ -109.573028998314101, 23.354772525082389 ], [ -109.572936404658719, 23.355027374012643 ], [ -109.572687312618697, 23.355910150786762 ], [ -109.572578158188406, 23.356169928370683 ], [ -109.572317864285523, 23.356499447076438 ], [ -109.5720551699645, 23.356710410175985 ], [ -109.571089552167578, 23.357365382310316 ], [ -109.570826527718467, 23.357606820116363 ], [ -109.570628288862707, 23.357963995665187 ], [ -109.570580864342602, 23.358281908622374 ], [ -109.570569010111882, 23.359388109498397 ], [ -109.570510145721087, 23.359746557776404 ], [ -109.570247298477398, 23.360313115270419 ], [ -109.570020078644959, 23.360636700570542 ], [ -109.569887583164572, 23.360904751290736 ], [ -109.569687520634147, 23.361089188940134 ], [ -109.568715874928529, 23.362301758834622 ], [ -109.568477443623948, 23.362648826943179 ], [ -109.568451441669424, 23.362787018354354 ], [ -109.568190425869744, 23.364775983926606 ], [ -109.568264467898587, 23.365396419513282 ], [ -109.568871023795765, 23.366302819563689 ], [ -109.569663496591588, 23.366977238108024 ], [ -109.572755206137032, 23.369218091460837 ], [ -109.573564711907125, 23.369846926976134 ], [ -109.574250636330689, 23.370540672097267 ], [ -109.574421016789429, 23.370902904192523 ] ] ] ] } },
{ "type": "Feature", "properties": { "fid": 59.0, "cat": 60, "CLAVE_ACUI": "0320", "NOM_ACUIF": "SANTIAGO", "VULNERABIL": 1 }, "geometry": null },
{ "type": "Feature", "properties": { "fid": 60.0, "cat": 61, "CLAVE_ACUI": "0320", "NOM_ACUIF": "SANTIAGO", "VULNERABIL": 2 }, "geometry": { "type": "MultiPolygon", "coordinates": [ [ [ [ -109.64363506962404, 23.364732691221999 ], [ -109.643701538947553, 23.364998568516011 ], [ -109.643744888687806, 23.365326688510795 ], [ -109.643744062079179, 23.365768649679357 ], [ -109.643487530638723, 23.36742592331397 ], [ -109.643348163984385, 23.367963204789884 ], [ -109.64295431905137, 23.368813244553792 ], [ -109.642531047375229, 23.369490304585561 ], [ -109.640949593607459, 23.371799867435989 ], [ -109.640522146157849, 23.37234480249473 ], [ -109.640108878383074, 23.372578280877985 ], [ -109.639945946749734, 23.372366887401746 ], [ -109.639598871270124, 23.371146906438405 ], [ -109.639541990765451, 23.370789112347133 ], [ -109.639623619995106, 23.370339387893726 ], [ -109.639797112819892, 23.37005471829745 ], [ -109.640525111247882, 23.369175982303148 ], [ -109.640703740345529, 23.36892691678969 ], [ -109.640809349990946, 23.36864334938079 ], [ -109.640781592441883, 23.368487318798152 ], [ -109.640546448772781, 23.368042743365208 ], [ -109.640507376332863, 23.367917094953533 ], [ -109.640560180961614, 23.36777531130145 ], [ -109.640674688417462, 23.367698411568625 ], [ -109.641156251073994, 23.367481328868031 ], [ -109.641271223808531, 23.367358711894298 ], [ -109.641326201285835, 23.367003582969563 ], [ -109.641289768113054, 23.366618872975334 ], [ -109.641044612377542, 23.365508166662874 ], [ -109.64088601774192, 23.364840720736257 ], [ -109.640569466100104, 23.363752878810359 ], [ -109.643515809254183, 23.364453614546974 ], [ -109.64363506962404, 23.364732691221999 ] ] ] ] } },
{ "type": "Feature", "properties": { "fid": 61.0, "cat": 59, "CLAVE_ACUI": "0320", "NOM_ACUIF": "SANTIAGO", "VULNERABIL": 1 }, "geometry": { "type": "MultiPolygon", "coordinates": [ [ [ [ -109.553086639340819, 23.370865062511982 ], [ -109.552875563625889, 23.37138465212961 ], [ -109.552827244928821, 23.371780441675952 ], [ -109.552812833808488, 23.373107870042464 ], [ -109.552720495680845, 23.373503252147948 ], [ -109.552303994185237, 23.374020939623922 ], [ -109.551801328526537, 23.374365109645549 ], [ -109.549872040337718, 23.375453534232648 ], [ -109.549352800818028, 23.375802622120123 ], [ -109.548858987399925, 23.376343288748131 ], [ -109.548672780390277, 23.376766583094231 ], [ -109.548297624796106, 23.378201290225725 ], [ -109.548122750119106, 23.378594209173734 ], [ -109.547681827709283, 23.378993123898631 ], [ -109.547226813180941, 23.379170082175023 ], [ -109.545544330109138, 23.379596962252254 ], [ -109.545067689091113, 23.379738153309336 ], [ -109.54477206816307, 23.379864742080084 ], [ -109.544524288974898, 23.379987516627825 ], [ -109.544228440770667, 23.380160444175996 ], [ -109.543769310284148, 23.380433368916492 ], [ -109.543404792058823, 23.38065005250639 ], [ -109.542908419548979, 23.38087431174197 ], [ -109.542694965028218, 23.380963464192408 ], [ -109.542467311101063, 23.381032441441736 ], [ -109.542263876164924, 23.381079142987488 ], [ -109.542303923846475, 23.38084203373408 ], [ -109.54789881263757, 23.347716523021681 ], [ -109.548873679613706, 23.34194465379122 ], [ -109.551450118387905, 23.342557414297332 ], [ -109.555297555980317, 23.343472459448016 ], [ -109.557079325411081, 23.343896221871208 ], [ -109.557993672660871, 23.344113683232667 ], [ -109.558411270410161, 23.344213001489614 ], [ -109.55839226023177, 23.344234231290965 ], [ -109.558378184329499, 23.344264282225144 ], [ -109.558364530214192, 23.344311539218761 ], [ -109.558357822464146, 23.344367685891093 ], [ -109.55835043431297, 23.344408118266173 ], [ -109.558333166575196, 23.344468857826456 ], [ -109.558322528767775, 23.344502473297879 ], [ -109.558300835204122, 23.344571024959023 ], [ -109.558229577461987, 23.344737741185931 ], [ -109.558081329053806, 23.345007407324132 ], [ -109.557884069194301, 23.345393229832837 ], [ -109.557787471998665, 23.345507486199978 ], [ -109.5575810711602, 23.345600410943526 ], [ -109.5573828101233, 23.345618904053222 ], [ -109.556663993116999, 23.345612278660514 ], [ -109.556360715706859, 23.345675522042853 ], [ -109.555664236145219, 23.345977283238302 ], [ -109.554972539829336, 23.346345125016036 ], [ -109.552441073401766, 23.347759934131915 ], [ -109.551781595271166, 23.348199178466885 ], [ -109.55123552556887, 23.348834201540591 ], [ -109.551114906953302, 23.349302135454035 ], [ -109.551098092102791, 23.350850805128218 ], [ -109.551159291781218, 23.351295021967818 ], [ -109.551461707398161, 23.351819364101207 ], [ -109.551832531205392, 23.352124206791061 ], [ -109.553260637223858, 23.35302245678853 ], [ -109.553631578702138, 23.353317136622302 ], [ -109.553934522265095, 23.353794066267188 ], [ -109.553996356151032, 23.354180715163459 ], [ -109.553981968804379, 23.355508147200506 ], [ -109.554032800199394, 23.355894694381618 ], [ -109.554284402410715, 23.35637114912311 ], [ -109.554593003705492, 23.356665251121054 ], [ -109.555781549627923, 23.357561267518399 ], [ -109.556073926950233, 23.357829817222807 ], [ -109.556249799273218, 23.358187037738489 ], [ -109.556208666977426, 23.358428803457116 ], [ -109.555840840685747, 23.359199822364776 ], [ -109.555684446176485, 23.359415124257804 ], [ -109.555322433379501, 23.359648847664726 ], [ -109.554961666679574, 23.359767435776309 ], [ -109.553640098819983, 23.360087117129943 ], [ -109.553328790235639, 23.360211238461922 ], [ -109.553197587856175, 23.360470796881565 ], [ -109.553321465309281, 23.360717473774315 ], [ -109.554030768456215, 23.361609072549232 ], [ -109.554225346047147, 23.361932601591285 ], [ -109.554424067021756, 23.362550806612081 ], [ -109.55451337628493, 23.363110427731982 ], [ -109.554731433759187, 23.365103787777759 ], [ -109.554765561006448, 23.365636573774847 ], [ -109.55470956580082, 23.366106031712565 ], [ -109.554594242909403, 23.366253978528587 ], [ -109.554112559012736, 23.366470788111748 ], [ -109.554009010337438, 23.366547723814964 ], [ -109.554007467986651, 23.366689948463463 ], [ -109.554108813564554, 23.366816190844094 ], [ -109.554583303882666, 23.367263096513948 ], [ -109.554706438364803, 23.367409859696025 ], [ -109.554806573904642, 23.367647849636359 ], [ -109.554826490001744, 23.367841072152917 ], [ -109.554819295883448, 23.368504787286788 ], [ -109.55477285652961, 23.36872787654498 ], [ -109.55456333307562, 23.369105244434536 ], [ -109.554310452323278, 23.369421251776163 ], [ -109.553339856537391, 23.370518580800429 ], [ -109.553086639340819, 23.370865062511982 ] ] ] ] } }
]
}
